Provincia de defunción;Sexo;Causa de muerte (lista reducida);Periodo;Total
02 Albacete;Hombres;001-008 I.Enfermedades infecciosas y parasitarias;2022;213
02 Albacete;Hombres;001-008 I.Enfermedades infecciosas y parasitarias;2021;186
02 Albacete;Hombres;001-008 I.Enfermedades infecciosas y parasitarias;2020;705
02 Albacete;Hombres;001-008 I.Enfermedades infecciosas y parasitarias;2019;19
02 Albacete;Hombres;001-008 I.Enfermedades infecciosas y parasitarias;2018;13
02 Albacete;Hombres;009-041 II.Tumores;2022;639
02 Albacete;Hombres;009-041 II.Tumores;2021;656
02 Albacete;Hombres;009-041 II.Tumores;2020;557
02 Albacete;Hombres;009-041 II.Tumores;2019;602
02 Albacete;Hombres;009-041 II.Tumores;2018;576
02 Albacete;Hombres;042-043 III.Enfermedades de la sangre y de los órganos hematopoyéticos, y ciertos trastornos que afectan al mecanismo de la inmunidad;2022;4
02 Albacete;Hombres;042-043 III.Enfermedades de la sangre y de los órganos hematopoyéticos, y ciertos trastornos que afectan al mecanismo de la inmunidad;2021;13
02 Albacete;Hombres;042-043 III.Enfermedades de la sangre y de los órganos hematopoyéticos, y ciertos trastornos que afectan al mecanismo de la inmunidad;2020;9
02 Albacete;Hombres;042-043 III.Enfermedades de la sangre y de los órganos hematopoyéticos, y ciertos trastornos que afectan al mecanismo de la inmunidad;2019;5
02 Albacete;Hombres;042-043 III.Enfermedades de la sangre y de los órganos hematopoyéticos, y ciertos trastornos que afectan al mecanismo de la inmunidad;2018;12
02 Albacete;Hombres;044-045 IV.Enfermedades endocrinas, nutricionales y metabólicas;2022;51
02 Albacete;Hombres;044-045 IV.Enfermedades endocrinas, nutricionales y metabólicas;2021;50
02 Albacete;Hombres;044-045 IV.Enfermedades endocrinas, nutricionales y metabólicas;2020;63
02 Albacete;Hombres;044-045 IV.Enfermedades endocrinas, nutricionales y metabólicas;2019;45
02 Albacete;Hombres;044-045 IV.Enfermedades endocrinas, nutricionales y metabólicas;2018;46
02 Albacete;Hombres;046-049 V.Trastornos mentales y del comportamiento;2022;79
02 Albacete;Hombres;046-049 V.Trastornos mentales y del comportamiento;2021;81
02 Albacete;Hombres;046-049 V.Trastornos mentales y del comportamiento;2020;79
02 Albacete;Hombres;046-049 V.Trastornos mentales y del comportamiento;2019;89
02 Albacete;Hombres;046-049 V.Trastornos mentales y del comportamiento;2018;85
02 Albacete;Hombres;050-052 VI-VIII.Enfermedades del sistema nervioso y de los órganos de los sentidos;2022;82
02 Albacete;Hombres;050-052 VI-VIII.Enfermedades del sistema nervioso y de los órganos de los sentidos;2021;103
02 Albacete;Hombres;050-052 VI-VIII.Enfermedades del sistema nervioso y de los órganos de los sentidos;2020;90
02 Albacete;Hombres;050-052 VI-VIII.Enfermedades del sistema nervioso y de los órganos de los sentidos;2019;109
02 Albacete;Hombres;050-052 VI-VIII.Enfermedades del sistema nervioso y de los órganos de los sentidos;2018;81
02 Albacete;Hombres;053-061 IX.Enfermedades del sistema circulatorio;2022;549
02 Albacete;Hombres;053-061 IX.Enfermedades del sistema circulatorio;2021;492
02 Albacete;Hombres;053-061 IX.Enfermedades del sistema circulatorio;2020;542
02 Albacete;Hombres;053-061 IX.Enfermedades del sistema circulatorio;2019;527
02 Albacete;Hombres;053-061 IX.Enfermedades del sistema circulatorio;2018;551
02 Albacete;Hombres;062-067 X.Enfermedades del sistema respiratorio;2022;230
02 Albacete;Hombres;062-067 X.Enfermedades del sistema respiratorio;2021;223
02 Albacete;Hombres;062-067 X.Enfermedades del sistema respiratorio;2020;260
02 Albacete;Hombres;062-067 X.Enfermedades del sistema respiratorio;2019;276
02 Albacete;Hombres;062-067 X.Enfermedades del sistema respiratorio;2018;334
02 Albacete;Hombres;068-072 XI.Enfermedades del sistema digestivo;2022;112
02 Albacete;Hombres;068-072 XI.Enfermedades del sistema digestivo;2021;118
02 Albacete;Hombres;068-072 XI.Enfermedades del sistema digestivo;2020;122
02 Albacete;Hombres;068-072 XI.Enfermedades del sistema digestivo;2019;127
02 Albacete;Hombres;068-072 XI.Enfermedades del sistema digestivo;2018;121
02 Albacete;Hombres;073 XII.Enfermedades de la piel y del tejido subcutáneo;2022;3
02 Albacete;Hombres;073 XII.Enfermedades de la piel y del tejido subcutáneo;2021;8
02 Albacete;Hombres;073 XII.Enfermedades de la piel y del tejido subcutáneo;2020;4
02 Albacete;Hombres;073 XII.Enfermedades de la piel y del tejido subcutáneo;2019;4
02 Albacete;Hombres;073 XII.Enfermedades de la piel y del tejido subcutáneo;2018;5
02 Albacete;Hombres;074-076 XIII.Enfermedades del sistema osteomuscular y del tejido conjuntivo;2022;21
02 Albacete;Hombres;074-076 XIII.Enfermedades del sistema osteomuscular y del tejido conjuntivo;2021;24
02 Albacete;Hombres;074-076 XIII.Enfermedades del sistema osteomuscular y del tejido conjuntivo;2020;21
02 Albacete;Hombres;074-076 XIII.Enfermedades del sistema osteomuscular y del tejido conjuntivo;2019;22
02 Albacete;Hombres;074-076 XIII.Enfermedades del sistema osteomuscular y del tejido conjuntivo;2018;26
02 Albacete;Hombres;077-080 XIV.Enfermedades del sistema genitourinario;2022;100
02 Albacete;Hombres;077-080 XIV.Enfermedades del sistema genitourinario;2021;91
02 Albacete;Hombres;077-080 XIV.Enfermedades del sistema genitourinario;2020;78
02 Albacete;Hombres;077-080 XIV.Enfermedades del sistema genitourinario;2019;66
02 Albacete;Hombres;077-080 XIV.Enfermedades del sistema genitourinario;2018;64
02 Albacete;Hombres;081 XV.Embarazo, parto y puerperio;2022;0
02 Albacete;Hombres;081 XV.Embarazo, parto y puerperio;2021;0
02 Albacete;Hombres;081 XV.Embarazo, parto y puerperio;2020;0
02 Albacete;Hombres;081 XV.Embarazo, parto y puerperio;2019;0
02 Albacete;Hombres;081 XV.Embarazo, parto y puerperio;2018;0
02 Albacete;Hombres;082 XVI.Afecciones originadas en el periodo perinatal;2022;4
02 Albacete;Hombres;082 XVI.Afecciones originadas en el periodo perinatal;2021;6
02 Albacete;Hombres;082 XVI.Afecciones originadas en el periodo perinatal;2020;4
02 Albacete;Hombres;082 XVI.Afecciones originadas en el periodo perinatal;2019;4
02 Albacete;Hombres;082 XVI.Afecciones originadas en el periodo perinatal;2018;4
02 Albacete;Hombres;083-085 XVII.Malformaciones congénitas, deformidades y anomalías cromosómicas;2022;3
02 Albacete;Hombres;083-085 XVII.Malformaciones congénitas, deformidades y anomalías cromosómicas;2021;7
02 Albacete;Hombres;083-085 XVII.Malformaciones congénitas, deformidades y anomalías cromosómicas;2020;2
02 Albacete;Hombres;083-085 XVII.Malformaciones congénitas, deformidades y anomalías cromosómicas;2019;6
02 Albacete;Hombres;083-085 XVII.Malformaciones congénitas, deformidades y anomalías cromosómicas;2018;4
02 Albacete;Hombres;086-089 XVIII.Síntomas, signos y hallazgos anormales clínicos y de laboratorio, no clasificados en otra parte;2022;50
02 Albacete;Hombres;086-089 XVIII.Síntomas, signos y hallazgos anormales clínicos y de laboratorio, no clasificados en otra parte;2021;35
02 Albacete;Hombres;086-089 XVIII.Síntomas, signos y hallazgos anormales clínicos y de laboratorio, no clasificados en otra parte;2020;37
02 Albacete;Hombres;086-089 XVIII.Síntomas, signos y hallazgos anormales clínicos y de laboratorio, no clasificados en otra parte;2019;40
02 Albacete;Hombres;086-089 XVIII.Síntomas, signos y hallazgos anormales clínicos y de laboratorio, no clasificados en otra parte;2018;41
02 Albacete;Hombres;090-102 XX.Causas externas de mortalidad;2022;104
02 Albacete;Hombres;090-102 XX.Causas externas de mortalidad;2021;102
02 Albacete;Hombres;090-102 XX.Causas externas de mortalidad;2020;92
02 Albacete;Hombres;090-102 XX.Causas externas de mortalidad;2019;109
02 Albacete;Hombres;090-102 XX.Causas externas de mortalidad;2018;91
02 Albacete;Mujeres;001-008 I.Enfermedades infecciosas y parasitarias;2022;184
02 Albacete;Mujeres;001-008 I.Enfermedades infecciosas y parasitarias;2021;140
02 Albacete;Mujeres;001-008 I.Enfermedades infecciosas y parasitarias;2020;616
02 Albacete;Mujeres;001-008 I.Enfermedades infecciosas y parasitarias;2019;25
02 Albacete;Mujeres;001-008 I.Enfermedades infecciosas y parasitarias;2018;24
02 Albacete;Mujeres;009-041 II.Tumores;2022;358
02 Albacete;Mujeres;009-041 II.Tumores;2021;361
02 Albacete;Mujeres;009-041 II.Tumores;2020;379
02 Albacete;Mujeres;009-041 II.Tumores;2019;366
02 Albacete;Mujeres;009-041 II.Tumores;2018;352
02 Albacete;Mujeres;042-043 III.Enfermedades de la sangre y de los órganos hematopoyéticos, y ciertos trastornos que afectan al mecanismo de la inmunidad;2022;19
02 Albacete;Mujeres;042-043 III.Enfermedades de la sangre y de los órganos hematopoyéticos, y ciertos trastornos que afectan al mecanismo de la inmunidad;2021;11
02 Albacete;Mujeres;042-043 III.Enfermedades de la sangre y de los órganos hematopoyéticos, y ciertos trastornos que afectan al mecanismo de la inmunidad;2020;16
02 Albacete;Mujeres;042-043 III.Enfermedades de la sangre y de los órganos hematopoyéticos, y ciertos trastornos que afectan al mecanismo de la inmunidad;2019;9
02 Albacete;Mujeres;042-043 III.Enfermedades de la sangre y de los órganos hematopoyéticos, y ciertos trastornos que afectan al mecanismo de la inmunidad;2018;11
02 Albacete;Mujeres;044-045 IV.Enfermedades endocrinas, nutricionales y metabólicas;2022;62
02 Albacete;Mujeres;044-045 IV.Enfermedades endocrinas, nutricionales y metabólicas;2021;76
02 Albacete;Mujeres;044-045 IV.Enfermedades endocrinas, nutricionales y metabólicas;2020;81
02 Albacete;Mujeres;044-045 IV.Enfermedades endocrinas, nutricionales y metabólicas;2019;51
02 Albacete;Mujeres;044-045 IV.Enfermedades endocrinas, nutricionales y metabólicas;2018;74
02 Albacete;Mujeres;046-049 V.Trastornos mentales y del comportamiento;2022;152
02 Albacete;Mujeres;046-049 V.Trastornos mentales y del comportamiento;2021;151
02 Albacete;Mujeres;046-049 V.Trastornos mentales y del comportamiento;2020;145
02 Albacete;Mujeres;046-049 V.Trastornos mentales y del comportamiento;2019;138
02 Albacete;Mujeres;046-049 V.Trastornos mentales y del comportamiento;2018;133
02 Albacete;Mujeres;050-052 VI-VIII.Enfermedades del sistema nervioso y de los órganos de los sentidos;2022;123
02 Albacete;Mujeres;050-052 VI-VIII.Enfermedades del sistema nervioso y de los órganos de los sentidos;2021;109
02 Albacete;Mujeres;050-052 VI-VIII.Enfermedades del sistema nervioso y de los órganos de los sentidos;2020;137
02 Albacete;Mujeres;050-052 VI-VIII.Enfermedades del sistema nervioso y de los órganos de los sentidos;2019;136
02 Albacete;Mujeres;050-052 VI-VIII.Enfermedades del sistema nervioso y de los órganos de los sentidos;2018;157
02 Albacete;Mujeres;053-061 IX.Enfermedades del sistema circulatorio;2022;625
02 Albacete;Mujeres;053-061 IX.Enfermedades del sistema circulatorio;2021;583
02 Albacete;Mujeres;053-061 IX.Enfermedades del sistema circulatorio;2020;629
02 Albacete;Mujeres;053-061 IX.Enfermedades del sistema circulatorio;2019;628
02 Albacete;Mujeres;053-061 IX.Enfermedades del sistema circulatorio;2018;581
02 Albacete;Mujeres;062-067 X.Enfermedades del sistema respiratorio;2022;155
02 Albacete;Mujeres;062-067 X.Enfermedades del sistema respiratorio;2021;145
02 Albacete;Mujeres;062-067 X.Enfermedades del sistema respiratorio;2020;182
02 Albacete;Mujeres;062-067 X.Enfermedades del sistema respiratorio;2019;227
02 Albacete;Mujeres;062-067 X.Enfermedades del sistema respiratorio;2018;265
02 Albacete;Mujeres;068-072 XI.Enfermedades del sistema digestivo;2022;107
02 Albacete;Mujeres;068-072 XI.Enfermedades del sistema digestivo;2021;100
02 Albacete;Mujeres;068-072 XI.Enfermedades del sistema digestivo;2020;109
02 Albacete;Mujeres;068-072 XI.Enfermedades del sistema digestivo;2019;131
02 Albacete;Mujeres;068-072 XI.Enfermedades del sistema digestivo;2018;123
02 Albacete;Mujeres;073 XII.Enfermedades de la piel y del tejido subcutáneo;2022;14
02 Albacete;Mujeres;073 XII.Enfermedades de la piel y del tejido subcutáneo;2021;14
02 Albacete;Mujeres;073 XII.Enfermedades de la piel y del tejido subcutáneo;2020;9
02 Albacete;Mujeres;073 XII.Enfermedades de la piel y del tejido subcutáneo;2019;6
02 Albacete;Mujeres;073 XII.Enfermedades de la piel y del tejido subcutáneo;2018;9
02 Albacete;Mujeres;074-076 XIII.Enfermedades del sistema osteomuscular y del tejido conjuntivo;2022;35
02 Albacete;Mujeres;074-076 XIII.Enfermedades del sistema osteomuscular y del tejido conjuntivo;2021;35
02 Albacete;Mujeres;074-076 XIII.Enfermedades del sistema osteomuscular y del tejido conjuntivo;2020;39
02 Albacete;Mujeres;074-076 XIII.Enfermedades del sistema osteomuscular y del tejido conjuntivo;2019;43
02 Albacete;Mujeres;074-076 XIII.Enfermedades del sistema osteomuscular y del tejido conjuntivo;2018;32
02 Albacete;Mujeres;077-080 XIV.Enfermedades del sistema genitourinario;2022;101
02 Albacete;Mujeres;077-080 XIV.Enfermedades del sistema genitourinario;2021;88
02 Albacete;Mujeres;077-080 XIV.Enfermedades del sistema genitourinario;2020;97
02 Albacete;Mujeres;077-080 XIV.Enfermedades del sistema genitourinario;2019;92
02 Albacete;Mujeres;077-080 XIV.Enfermedades del sistema genitourinario;2018;78
02 Albacete;Mujeres;081 XV.Embarazo, parto y puerperio;2022;0
02 Albacete;Mujeres;081 XV.Embarazo, parto y puerperio;2021;0
02 Albacete;Mujeres;081 XV.Embarazo, parto y puerperio;2020;1
02 Albacete;Mujeres;081 XV.Embarazo, parto y puerperio;2019;0
02 Albacete;Mujeres;081 XV.Embarazo, parto y puerperio;2018;0
02 Albacete;Mujeres;082 XVI.Afecciones originadas en el periodo perinatal;2022;2
02 Albacete;Mujeres;082 XVI.Afecciones originadas en el periodo perinatal;2021;4
02 Albacete;Mujeres;082 XVI.Afecciones originadas en el periodo perinatal;2020;5
02 Albacete;Mujeres;082 XVI.Afecciones originadas en el periodo perinatal;2019;4
02 Albacete;Mujeres;082 XVI.Afecciones originadas en el periodo perinatal;2018;0
02 Albacete;Mujeres;083-085 XVII.Malformaciones congénitas, deformidades y anomalías cromosómicas;2022;7
02 Albacete;Mujeres;083-085 XVII.Malformaciones congénitas, deformidades y anomalías cromosómicas;2021;3
02 Albacete;Mujeres;083-085 XVII.Malformaciones congénitas, deformidades y anomalías cromosómicas;2020;5
02 Albacete;Mujeres;083-085 XVII.Malformaciones congénitas, deformidades y anomalías cromosómicas;2019;6
02 Albacete;Mujeres;083-085 XVII.Malformaciones congénitas, deformidades y anomalías cromosómicas;2018;2
02 Albacete;Mujeres;086-089 XVIII.Síntomas, signos y hallazgos anormales clínicos y de laboratorio, no clasificados en otra parte;2022;57
02 Albacete;Mujeres;086-089 XVIII.Síntomas, signos y hallazgos anormales clínicos y de laboratorio, no clasificados en otra parte;2021;37
02 Albacete;Mujeres;086-089 XVIII.Síntomas, signos y hallazgos anormales clínicos y de laboratorio, no clasificados en otra parte;2020;43
02 Albacete;Mujeres;086-089 XVIII.Síntomas, signos y hallazgos anormales clínicos y de laboratorio, no clasificados en otra parte;2019;36
02 Albacete;Mujeres;086-089 XVIII.Síntomas, signos y hallazgos anormales clínicos y de laboratorio, no clasificados en otra parte;2018;41
02 Albacete;Mujeres;090-102 XX.Causas externas de mortalidad;2022;71
02 Albacete;Mujeres;090-102 XX.Causas externas de mortalidad;2021;57
02 Albacete;Mujeres;090-102 XX.Causas externas de mortalidad;2020;68
02 Albacete;Mujeres;090-102 XX.Causas externas de mortalidad;2019;73
02 Albacete;Mujeres;090-102 XX.Causas externas de mortalidad;2018;54
03 Alicante/Alacant;Hombres;001-008 I.Enfermedades infecciosas y parasitarias;2022;685
03 Alicante/Alacant;Hombres;001-008 I.Enfermedades infecciosas y parasitarias;2021;1.474
03 Alicante/Alacant;Hombres;001-008 I.Enfermedades infecciosas y parasitarias;2020;905
03 Alicante/Alacant;Hombres;001-008 I.Enfermedades infecciosas y parasitarias;2019;137
03 Alicante/Alacant;Hombres;001-008 I.Enfermedades infecciosas y parasitarias;2018;145
03 Alicante/Alacant;Hombres;009-041 II.Tumores;2022;2.732
03 Alicante/Alacant;Hombres;009-041 II.Tumores;2021;2.666
03 Alicante/Alacant;Hombres;009-041 II.Tumores;2020;2.665
03 Alicante/Alacant;Hombres;009-041 II.Tumores;2019;2.606
03 Alicante/Alacant;Hombres;009-041 II.Tumores;2018;2.604
03 Alicante/Alacant;Hombres;042-043 III.Enfermedades de la sangre y de los órganos hematopoyéticos, y ciertos trastornos que afectan al mecanismo de la inmunidad;2022;44
03 Alicante/Alacant;Hombres;042-043 III.Enfermedades de la sangre y de los órganos hematopoyéticos, y ciertos trastornos que afectan al mecanismo de la inmunidad;2021;34
03 Alicante/Alacant;Hombres;042-043 III.Enfermedades de la sangre y de los órganos hematopoyéticos, y ciertos trastornos que afectan al mecanismo de la inmunidad;2020;30
03 Alicante/Alacant;Hombres;042-043 III.Enfermedades de la sangre y de los órganos hematopoyéticos, y ciertos trastornos que afectan al mecanismo de la inmunidad;2019;41
03 Alicante/Alacant;Hombres;042-043 III.Enfermedades de la sangre y de los órganos hematopoyéticos, y ciertos trastornos que afectan al mecanismo de la inmunidad;2018;34
03 Alicante/Alacant;Hombres;044-045 IV.Enfermedades endocrinas, nutricionales y metabólicas;2022;384
03 Alicante/Alacant;Hombres;044-045 IV.Enfermedades endocrinas, nutricionales y metabólicas;2021;339
03 Alicante/Alacant;Hombres;044-045 IV.Enfermedades endocrinas, nutricionales y metabólicas;2020;359
03 Alicante/Alacant;Hombres;044-045 IV.Enfermedades endocrinas, nutricionales y metabólicas;2019;280
03 Alicante/Alacant;Hombres;044-045 IV.Enfermedades endocrinas, nutricionales y metabólicas;2018;223
03 Alicante/Alacant;Hombres;046-049 V.Trastornos mentales y del comportamiento;2022;271
03 Alicante/Alacant;Hombres;046-049 V.Trastornos mentales y del comportamiento;2021;248
03 Alicante/Alacant;Hombres;046-049 V.Trastornos mentales y del comportamiento;2020;279
03 Alicante/Alacant;Hombres;046-049 V.Trastornos mentales y del comportamiento;2019;286
03 Alicante/Alacant;Hombres;046-049 V.Trastornos mentales y del comportamiento;2018;274
03 Alicante/Alacant;Hombres;050-052 VI-VIII.Enfermedades del sistema nervioso y de los órganos de los sentidos;2022;490
03 Alicante/Alacant;Hombres;050-052 VI-VIII.Enfermedades del sistema nervioso y de los órganos de los sentidos;2021;482
03 Alicante/Alacant;Hombres;050-052 VI-VIII.Enfermedades del sistema nervioso y de los órganos de los sentidos;2020;561
03 Alicante/Alacant;Hombres;050-052 VI-VIII.Enfermedades del sistema nervioso y de los órganos de los sentidos;2019;462
03 Alicante/Alacant;Hombres;050-052 VI-VIII.Enfermedades del sistema nervioso y de los órganos de los sentidos;2018;471
03 Alicante/Alacant;Hombres;053-061 IX.Enfermedades del sistema circulatorio;2022;2.692
03 Alicante/Alacant;Hombres;053-061 IX.Enfermedades del sistema circulatorio;2021;2.556
03 Alicante/Alacant;Hombres;053-061 IX.Enfermedades del sistema circulatorio;2020;2.387
03 Alicante/Alacant;Hombres;053-061 IX.Enfermedades del sistema circulatorio;2019;2.436
03 Alicante/Alacant;Hombres;053-061 IX.Enfermedades del sistema circulatorio;2018;2.499
03 Alicante/Alacant;Hombres;062-067 X.Enfermedades del sistema respiratorio;2022;870
03 Alicante/Alacant;Hombres;062-067 X.Enfermedades del sistema respiratorio;2021;710
03 Alicante/Alacant;Hombres;062-067 X.Enfermedades del sistema respiratorio;2020;804
03 Alicante/Alacant;Hombres;062-067 X.Enfermedades del sistema respiratorio;2019;917
03 Alicante/Alacant;Hombres;062-067 X.Enfermedades del sistema respiratorio;2018;1.143
03 Alicante/Alacant;Hombres;068-072 XI.Enfermedades del sistema digestivo;2022;500
03 Alicante/Alacant;Hombres;068-072 XI.Enfermedades del sistema digestivo;2021;491
03 Alicante/Alacant;Hombres;068-072 XI.Enfermedades del sistema digestivo;2020;474
03 Alicante/Alacant;Hombres;068-072 XI.Enfermedades del sistema digestivo;2019;478
03 Alicante/Alacant;Hombres;068-072 XI.Enfermedades del sistema digestivo;2018;447
03 Alicante/Alacant;Hombres;073 XII.Enfermedades de la piel y del tejido subcutáneo;2022;28
03 Alicante/Alacant;Hombres;073 XII.Enfermedades de la piel y del tejido subcutáneo;2021;24
03 Alicante/Alacant;Hombres;073 XII.Enfermedades de la piel y del tejido subcutáneo;2020;23
03 Alicante/Alacant;Hombres;073 XII.Enfermedades de la piel y del tejido subcutáneo;2019;23
03 Alicante/Alacant;Hombres;073 XII.Enfermedades de la piel y del tejido subcutáneo;2018;16
03 Alicante/Alacant;Hombres;074-076 XIII.Enfermedades del sistema osteomuscular y del tejido conjuntivo;2022;74
03 Alicante/Alacant;Hombres;074-076 XIII.Enfermedades del sistema osteomuscular y del tejido conjuntivo;2021;63
03 Alicante/Alacant;Hombres;074-076 XIII.Enfermedades del sistema osteomuscular y del tejido conjuntivo;2020;67
03 Alicante/Alacant;Hombres;074-076 XIII.Enfermedades del sistema osteomuscular y del tejido conjuntivo;2019;57
03 Alicante/Alacant;Hombres;074-076 XIII.Enfermedades del sistema osteomuscular y del tejido conjuntivo;2018;70
03 Alicante/Alacant;Hombres;077-080 XIV.Enfermedades del sistema genitourinario;2022;330
03 Alicante/Alacant;Hombres;077-080 XIV.Enfermedades del sistema genitourinario;2021;258
03 Alicante/Alacant;Hombres;077-080 XIV.Enfermedades del sistema genitourinario;2020;294
03 Alicante/Alacant;Hombres;077-080 XIV.Enfermedades del sistema genitourinario;2019;282
03 Alicante/Alacant;Hombres;077-080 XIV.Enfermedades del sistema genitourinario;2018;213
03 Alicante/Alacant;Hombres;081 XV.Embarazo, parto y puerperio;2022;0
03 Alicante/Alacant;Hombres;081 XV.Embarazo, parto y puerperio;2021;0
03 Alicante/Alacant;Hombres;081 XV.Embarazo, parto y puerperio;2020;0
03 Alicante/Alacant;Hombres;081 XV.Embarazo, parto y puerperio;2019;0
03 Alicante/Alacant;Hombres;081 XV.Embarazo, parto y puerperio;2018;0
03 Alicante/Alacant;Hombres;082 XVI.Afecciones originadas en el periodo perinatal;2022;8
03 Alicante/Alacant;Hombres;082 XVI.Afecciones originadas en el periodo perinatal;2021;7
03 Alicante/Alacant;Hombres;082 XVI.Afecciones originadas en el periodo perinatal;2020;3
03 Alicante/Alacant;Hombres;082 XVI.Afecciones originadas en el periodo perinatal;2019;10
03 Alicante/Alacant;Hombres;082 XVI.Afecciones originadas en el periodo perinatal;2018;9
03 Alicante/Alacant;Hombres;083-085 XVII.Malformaciones congénitas, deformidades y anomalías cromosómicas;2022;12
03 Alicante/Alacant;Hombres;083-085 XVII.Malformaciones congénitas, deformidades y anomalías cromosómicas;2021;18
03 Alicante/Alacant;Hombres;083-085 XVII.Malformaciones congénitas, deformidades y anomalías cromosómicas;2020;9
03 Alicante/Alacant;Hombres;083-085 XVII.Malformaciones congénitas, deformidades y anomalías cromosómicas;2019;9
03 Alicante/Alacant;Hombres;083-085 XVII.Malformaciones congénitas, deformidades y anomalías cromosómicas;2018;7
03 Alicante/Alacant;Hombres;086-089 XVIII.Síntomas, signos y hallazgos anormales clínicos y de laboratorio, no clasificados en otra parte;2022;201
03 Alicante/Alacant;Hombres;086-089 XVIII.Síntomas, signos y hallazgos anormales clínicos y de laboratorio, no clasificados en otra parte;2021;214
03 Alicante/Alacant;Hombres;086-089 XVIII.Síntomas, signos y hallazgos anormales clínicos y de laboratorio, no clasificados en otra parte;2020;229
03 Alicante/Alacant;Hombres;086-089 XVIII.Síntomas, signos y hallazgos anormales clínicos y de laboratorio, no clasificados en otra parte;2019;237
03 Alicante/Alacant;Hombres;086-089 XVIII.Síntomas, signos y hallazgos anormales clínicos y de laboratorio, no clasificados en otra parte;2018;276
03 Alicante/Alacant;Hombres;090-102 XX.Causas externas de mortalidad;2022;539
03 Alicante/Alacant;Hombres;090-102 XX.Causas externas de mortalidad;2021;449
03 Alicante/Alacant;Hombres;090-102 XX.Causas externas de mortalidad;2020;435
03 Alicante/Alacant;Hombres;090-102 XX.Causas externas de mortalidad;2019;449
03 Alicante/Alacant;Hombres;090-102 XX.Causas externas de mortalidad;2018;392
03 Alicante/Alacant;Mujeres;001-008 I.Enfermedades infecciosas y parasitarias;2022;568
03 Alicante/Alacant;Mujeres;001-008 I.Enfermedades infecciosas y parasitarias;2021;1.062
03 Alicante/Alacant;Mujeres;001-008 I.Enfermedades infecciosas y parasitarias;2020;676
03 Alicante/Alacant;Mujeres;001-008 I.Enfermedades infecciosas y parasitarias;2019;120
03 Alicante/Alacant;Mujeres;001-008 I.Enfermedades infecciosas y parasitarias;2018;157
03 Alicante/Alacant;Mujeres;009-041 II.Tumores;2022;1.744
03 Alicante/Alacant;Mujeres;009-041 II.Tumores;2021;1.765
03 Alicante/Alacant;Mujeres;009-041 II.Tumores;2020;1.755
03 Alicante/Alacant;Mujeres;009-041 II.Tumores;2019;1.667
03 Alicante/Alacant;Mujeres;009-041 II.Tumores;2018;1.631
03 Alicante/Alacant;Mujeres;042-043 III.Enfermedades de la sangre y de los órganos hematopoyéticos, y ciertos trastornos que afectan al mecanismo de la inmunidad;2022;57
03 Alicante/Alacant;Mujeres;042-043 III.Enfermedades de la sangre y de los órganos hematopoyéticos, y ciertos trastornos que afectan al mecanismo de la inmunidad;2021;37
03 Alicante/Alacant;Mujeres;042-043 III.Enfermedades de la sangre y de los órganos hematopoyéticos, y ciertos trastornos que afectan al mecanismo de la inmunidad;2020;33
03 Alicante/Alacant;Mujeres;042-043 III.Enfermedades de la sangre y de los órganos hematopoyéticos, y ciertos trastornos que afectan al mecanismo de la inmunidad;2019;40
03 Alicante/Alacant;Mujeres;042-043 III.Enfermedades de la sangre y de los órganos hematopoyéticos, y ciertos trastornos que afectan al mecanismo de la inmunidad;2018;37
03 Alicante/Alacant;Mujeres;044-045 IV.Enfermedades endocrinas, nutricionales y metabólicas;2022;432
03 Alicante/Alacant;Mujeres;044-045 IV.Enfermedades endocrinas, nutricionales y metabólicas;2021;393
03 Alicante/Alacant;Mujeres;044-045 IV.Enfermedades endocrinas, nutricionales y metabólicas;2020;360
03 Alicante/Alacant;Mujeres;044-045 IV.Enfermedades endocrinas, nutricionales y metabólicas;2019;298
03 Alicante/Alacant;Mujeres;044-045 IV.Enfermedades endocrinas, nutricionales y metabólicas;2018;280
03 Alicante/Alacant;Mujeres;046-049 V.Trastornos mentales y del comportamiento;2022;451
03 Alicante/Alacant;Mujeres;046-049 V.Trastornos mentales y del comportamiento;2021;455
03 Alicante/Alacant;Mujeres;046-049 V.Trastornos mentales y del comportamiento;2020;434
03 Alicante/Alacant;Mujeres;046-049 V.Trastornos mentales y del comportamiento;2019;441
03 Alicante/Alacant;Mujeres;046-049 V.Trastornos mentales y del comportamiento;2018;396
03 Alicante/Alacant;Mujeres;050-052 VI-VIII.Enfermedades del sistema nervioso y de los órganos de los sentidos;2022;753
03 Alicante/Alacant;Mujeres;050-052 VI-VIII.Enfermedades del sistema nervioso y de los órganos de los sentidos;2021;702
03 Alicante/Alacant;Mujeres;050-052 VI-VIII.Enfermedades del sistema nervioso y de los órganos de los sentidos;2020;742
03 Alicante/Alacant;Mujeres;050-052 VI-VIII.Enfermedades del sistema nervioso y de los órganos de los sentidos;2019;710
03 Alicante/Alacant;Mujeres;050-052 VI-VIII.Enfermedades del sistema nervioso y de los órganos de los sentidos;2018;689
03 Alicante/Alacant;Mujeres;053-061 IX.Enfermedades del sistema circulatorio;2022;2.462
03 Alicante/Alacant;Mujeres;053-061 IX.Enfermedades del sistema circulatorio;2021;2.361
03 Alicante/Alacant;Mujeres;053-061 IX.Enfermedades del sistema circulatorio;2020;2.332
03 Alicante/Alacant;Mujeres;053-061 IX.Enfermedades del sistema circulatorio;2019;2.368
03 Alicante/Alacant;Mujeres;053-061 IX.Enfermedades del sistema circulatorio;2018;2.558
03 Alicante/Alacant;Mujeres;062-067 X.Enfermedades del sistema respiratorio;2022;624
03 Alicante/Alacant;Mujeres;062-067 X.Enfermedades del sistema respiratorio;2021;477
03 Alicante/Alacant;Mujeres;062-067 X.Enfermedades del sistema respiratorio;2020;588
03 Alicante/Alacant;Mujeres;062-067 X.Enfermedades del sistema respiratorio;2019;706
03 Alicante/Alacant;Mujeres;062-067 X.Enfermedades del sistema respiratorio;2018;862
03 Alicante/Alacant;Mujeres;068-072 XI.Enfermedades del sistema digestivo;2022;410
03 Alicante/Alacant;Mujeres;068-072 XI.Enfermedades del sistema digestivo;2021;403
03 Alicante/Alacant;Mujeres;068-072 XI.Enfermedades del sistema digestivo;2020;380
03 Alicante/Alacant;Mujeres;068-072 XI.Enfermedades del sistema digestivo;2019;376
03 Alicante/Alacant;Mujeres;068-072 XI.Enfermedades del sistema digestivo;2018;375
03 Alicante/Alacant;Mujeres;073 XII.Enfermedades de la piel y del tejido subcutáneo;2022;48
03 Alicante/Alacant;Mujeres;073 XII.Enfermedades de la piel y del tejido subcutáneo;2021;39
03 Alicante/Alacant;Mujeres;073 XII.Enfermedades de la piel y del tejido subcutáneo;2020;44
03 Alicante/Alacant;Mujeres;073 XII.Enfermedades de la piel y del tejido subcutáneo;2019;32
03 Alicante/Alacant;Mujeres;073 XII.Enfermedades de la piel y del tejido subcutáneo;2018;37
03 Alicante/Alacant;Mujeres;074-076 XIII.Enfermedades del sistema osteomuscular y del tejido conjuntivo;2022;124
03 Alicante/Alacant;Mujeres;074-076 XIII.Enfermedades del sistema osteomuscular y del tejido conjuntivo;2021;104
03 Alicante/Alacant;Mujeres;074-076 XIII.Enfermedades del sistema osteomuscular y del tejido conjuntivo;2020;119
03 Alicante/Alacant;Mujeres;074-076 XIII.Enfermedades del sistema osteomuscular y del tejido conjuntivo;2019;94
03 Alicante/Alacant;Mujeres;074-076 XIII.Enfermedades del sistema osteomuscular y del tejido conjuntivo;2018;107
03 Alicante/Alacant;Mujeres;077-080 XIV.Enfermedades del sistema genitourinario;2022;371
03 Alicante/Alacant;Mujeres;077-080 XIV.Enfermedades del sistema genitourinario;2021;347
03 Alicante/Alacant;Mujeres;077-080 XIV.Enfermedades del sistema genitourinario;2020;334
03 Alicante/Alacant;Mujeres;077-080 XIV.Enfermedades del sistema genitourinario;2019;292
03 Alicante/Alacant;Mujeres;077-080 XIV.Enfermedades del sistema genitourinario;2018;270
03 Alicante/Alacant;Mujeres;081 XV.Embarazo, parto y puerperio;2022;0
03 Alicante/Alacant;Mujeres;081 XV.Embarazo, parto y puerperio;2021;2
03 Alicante/Alacant;Mujeres;081 XV.Embarazo, parto y puerperio;2020;0
03 Alicante/Alacant;Mujeres;081 XV.Embarazo, parto y puerperio;2019;0
03 Alicante/Alacant;Mujeres;081 XV.Embarazo, parto y puerperio;2018;0
03 Alicante/Alacant;Mujeres;082 XVI.Afecciones originadas en el periodo perinatal;2022;5
03 Alicante/Alacant;Mujeres;082 XVI.Afecciones originadas en el periodo perinatal;2021;1
03 Alicante/Alacant;Mujeres;082 XVI.Afecciones originadas en el periodo perinatal;2020;7
03 Alicante/Alacant;Mujeres;082 XVI.Afecciones originadas en el periodo perinatal;2019;10
03 Alicante/Alacant;Mujeres;082 XVI.Afecciones originadas en el periodo perinatal;2018;9
03 Alicante/Alacant;Mujeres;083-085 XVII.Malformaciones congénitas, deformidades y anomalías cromosómicas;2022;15
03 Alicante/Alacant;Mujeres;083-085 XVII.Malformaciones congénitas, deformidades y anomalías cromosómicas;2021;10
03 Alicante/Alacant;Mujeres;083-085 XVII.Malformaciones congénitas, deformidades y anomalías cromosómicas;2020;12
03 Alicante/Alacant;Mujeres;083-085 XVII.Malformaciones congénitas, deformidades y anomalías cromosómicas;2019;11
03 Alicante/Alacant;Mujeres;083-085 XVII.Malformaciones congénitas, deformidades y anomalías cromosómicas;2018;14
03 Alicante/Alacant;Mujeres;086-089 XVIII.Síntomas, signos y hallazgos anormales clínicos y de laboratorio, no clasificados en otra parte;2022;176
03 Alicante/Alacant;Mujeres;086-089 XVIII.Síntomas, signos y hallazgos anormales clínicos y de laboratorio, no clasificados en otra parte;2021;300
03 Alicante/Alacant;Mujeres;086-089 XVIII.Síntomas, signos y hallazgos anormales clínicos y de laboratorio, no clasificados en otra parte;2020;216
03 Alicante/Alacant;Mujeres;086-089 XVIII.Síntomas, signos y hallazgos anormales clínicos y de laboratorio, no clasificados en otra parte;2019;227
03 Alicante/Alacant;Mujeres;086-089 XVIII.Síntomas, signos y hallazgos anormales clínicos y de laboratorio, no clasificados en otra parte;2018;266
03 Alicante/Alacant;Mujeres;090-102 XX.Causas externas de mortalidad;2022;280
03 Alicante/Alacant;Mujeres;090-102 XX.Causas externas de mortalidad;2021;246
03 Alicante/Alacant;Mujeres;090-102 XX.Causas externas de mortalidad;2020;203
03 Alicante/Alacant;Mujeres;090-102 XX.Causas externas de mortalidad;2019;226
03 Alicante/Alacant;Mujeres;090-102 XX.Causas externas de mortalidad;2018;199
04 Almería;Hombres;001-008 I.Enfermedades infecciosas y parasitarias;2022;297
04 Almería;Hombres;001-008 I.Enfermedades infecciosas y parasitarias;2021;422
04 Almería;Hombres;001-008 I.Enfermedades infecciosas y parasitarias;2020;211
04 Almería;Hombres;001-008 I.Enfermedades infecciosas y parasitarias;2019;40
04 Almería;Hombres;001-008 I.Enfermedades infecciosas y parasitarias;2018;59
04 Almería;Hombres;009-041 II.Tumores;2022;868
04 Almería;Hombres;009-041 II.Tumores;2021;883
04 Almería;Hombres;009-041 II.Tumores;2020;805
04 Almería;Hombres;009-041 II.Tumores;2019;896
04 Almería;Hombres;009-041 II.Tumores;2018;881
04 Almería;Hombres;042-043 III.Enfermedades de la sangre y de los órganos hematopoyéticos, y ciertos trastornos que afectan al mecanismo de la inmunidad;2022;12
04 Almería;Hombres;042-043 III.Enfermedades de la sangre y de los órganos hematopoyéticos, y ciertos trastornos que afectan al mecanismo de la inmunidad;2021;8
04 Almería;Hombres;042-043 III.Enfermedades de la sangre y de los órganos hematopoyéticos, y ciertos trastornos que afectan al mecanismo de la inmunidad;2020;19
04 Almería;Hombres;042-043 III.Enfermedades de la sangre y de los órganos hematopoyéticos, y ciertos trastornos que afectan al mecanismo de la inmunidad;2019;13
04 Almería;Hombres;042-043 III.Enfermedades de la sangre y de los órganos hematopoyéticos, y ciertos trastornos que afectan al mecanismo de la inmunidad;2018;16
04 Almería;Hombres;044-045 IV.Enfermedades endocrinas, nutricionales y metabólicas;2022;122
04 Almería;Hombres;044-045 IV.Enfermedades endocrinas, nutricionales y metabólicas;2021;122
04 Almería;Hombres;044-045 IV.Enfermedades endocrinas, nutricionales y metabólicas;2020;111
04 Almería;Hombres;044-045 IV.Enfermedades endocrinas, nutricionales y metabólicas;2019;95
04 Almería;Hombres;044-045 IV.Enfermedades endocrinas, nutricionales y metabólicas;2018;98
04 Almería;Hombres;046-049 V.Trastornos mentales y del comportamiento;2022;74
04 Almería;Hombres;046-049 V.Trastornos mentales y del comportamiento;2021;99
04 Almería;Hombres;046-049 V.Trastornos mentales y del comportamiento;2020;69
04 Almería;Hombres;046-049 V.Trastornos mentales y del comportamiento;2019;93
04 Almería;Hombres;046-049 V.Trastornos mentales y del comportamiento;2018;81
04 Almería;Hombres;050-052 VI-VIII.Enfermedades del sistema nervioso y de los órganos de los sentidos;2022;137
04 Almería;Hombres;050-052 VI-VIII.Enfermedades del sistema nervioso y de los órganos de los sentidos;2021;133
04 Almería;Hombres;050-052 VI-VIII.Enfermedades del sistema nervioso y de los órganos de los sentidos;2020;130
04 Almería;Hombres;050-052 VI-VIII.Enfermedades del sistema nervioso y de los órganos de los sentidos;2019;142
04 Almería;Hombres;050-052 VI-VIII.Enfermedades del sistema nervioso y de los órganos de los sentidos;2018;135
04 Almería;Hombres;053-061 IX.Enfermedades del sistema circulatorio;2022;748
04 Almería;Hombres;053-061 IX.Enfermedades del sistema circulatorio;2021;727
04 Almería;Hombres;053-061 IX.Enfermedades del sistema circulatorio;2020;713
04 Almería;Hombres;053-061 IX.Enfermedades del sistema circulatorio;2019;629
04 Almería;Hombres;053-061 IX.Enfermedades del sistema circulatorio;2018;635
04 Almería;Hombres;062-067 X.Enfermedades del sistema respiratorio;2022;293
04 Almería;Hombres;062-067 X.Enfermedades del sistema respiratorio;2021;278
04 Almería;Hombres;062-067 X.Enfermedades del sistema respiratorio;2020;321
04 Almería;Hombres;062-067 X.Enfermedades del sistema respiratorio;2019;324
04 Almería;Hombres;062-067 X.Enfermedades del sistema respiratorio;2018;379
04 Almería;Hombres;068-072 XI.Enfermedades del sistema digestivo;2022;157
04 Almería;Hombres;068-072 XI.Enfermedades del sistema digestivo;2021;179
04 Almería;Hombres;068-072 XI.Enfermedades del sistema digestivo;2020;163
04 Almería;Hombres;068-072 XI.Enfermedades del sistema digestivo;2019;152
04 Almería;Hombres;068-072 XI.Enfermedades del sistema digestivo;2018;185
04 Almería;Hombres;073 XII.Enfermedades de la piel y del tejido subcutáneo;2022;2
04 Almería;Hombres;073 XII.Enfermedades de la piel y del tejido subcutáneo;2021;6
04 Almería;Hombres;073 XII.Enfermedades de la piel y del tejido subcutáneo;2020;5
04 Almería;Hombres;073 XII.Enfermedades de la piel y del tejido subcutáneo;2019;6
04 Almería;Hombres;073 XII.Enfermedades de la piel y del tejido subcutáneo;2018;4
04 Almería;Hombres;074-076 XIII.Enfermedades del sistema osteomuscular y del tejido conjuntivo;2022;21
04 Almería;Hombres;074-076 XIII.Enfermedades del sistema osteomuscular y del tejido conjuntivo;2021;29
04 Almería;Hombres;074-076 XIII.Enfermedades del sistema osteomuscular y del tejido conjuntivo;2020;21
04 Almería;Hombres;074-076 XIII.Enfermedades del sistema osteomuscular y del tejido conjuntivo;2019;25
04 Almería;Hombres;074-076 XIII.Enfermedades del sistema osteomuscular y del tejido conjuntivo;2018;23
04 Almería;Hombres;077-080 XIV.Enfermedades del sistema genitourinario;2022;79
04 Almería;Hombres;077-080 XIV.Enfermedades del sistema genitourinario;2021;96
04 Almería;Hombres;077-080 XIV.Enfermedades del sistema genitourinario;2020;74
04 Almería;Hombres;077-080 XIV.Enfermedades del sistema genitourinario;2019;71
04 Almería;Hombres;077-080 XIV.Enfermedades del sistema genitourinario;2018;86
04 Almería;Hombres;081 XV.Embarazo, parto y puerperio;2022;0
04 Almería;Hombres;081 XV.Embarazo, parto y puerperio;2021;0
04 Almería;Hombres;081 XV.Embarazo, parto y puerperio;2020;0
04 Almería;Hombres;081 XV.Embarazo, parto y puerperio;2019;0
04 Almería;Hombres;081 XV.Embarazo, parto y puerperio;2018;0
04 Almería;Hombres;082 XVI.Afecciones originadas en el periodo perinatal;2022;8
04 Almería;Hombres;082 XVI.Afecciones originadas en el periodo perinatal;2021;7
04 Almería;Hombres;082 XVI.Afecciones originadas en el periodo perinatal;2020;9
04 Almería;Hombres;082 XVI.Afecciones originadas en el periodo perinatal;2019;3
04 Almería;Hombres;082 XVI.Afecciones originadas en el periodo perinatal;2018;7
04 Almería;Hombres;083-085 XVII.Malformaciones congénitas, deformidades y anomalías cromosómicas;2022;12
04 Almería;Hombres;083-085 XVII.Malformaciones congénitas, deformidades y anomalías cromosómicas;2021;8
04 Almería;Hombres;083-085 XVII.Malformaciones congénitas, deformidades y anomalías cromosómicas;2020;6
04 Almería;Hombres;083-085 XVII.Malformaciones congénitas, deformidades y anomalías cromosómicas;2019;1
04 Almería;Hombres;083-085 XVII.Malformaciones congénitas, deformidades y anomalías cromosómicas;2018;4
04 Almería;Hombres;086-089 XVIII.Síntomas, signos y hallazgos anormales clínicos y de laboratorio, no clasificados en otra parte;2022;244
04 Almería;Hombres;086-089 XVIII.Síntomas, signos y hallazgos anormales clínicos y de laboratorio, no clasificados en otra parte;2021;192
04 Almería;Hombres;086-089 XVIII.Síntomas, signos y hallazgos anormales clínicos y de laboratorio, no clasificados en otra parte;2020;234
04 Almería;Hombres;086-089 XVIII.Síntomas, signos y hallazgos anormales clínicos y de laboratorio, no clasificados en otra parte;2019;228
04 Almería;Hombres;086-089 XVIII.Síntomas, signos y hallazgos anormales clínicos y de laboratorio, no clasificados en otra parte;2018;216
04 Almería;Hombres;090-102 XX.Causas externas de mortalidad;2022;201
04 Almería;Hombres;090-102 XX.Causas externas de mortalidad;2021;206
04 Almería;Hombres;090-102 XX.Causas externas de mortalidad;2020;190
04 Almería;Hombres;090-102 XX.Causas externas de mortalidad;2019;169
04 Almería;Hombres;090-102 XX.Causas externas de mortalidad;2018;193
04 Almería;Mujeres;001-008 I.Enfermedades infecciosas y parasitarias;2022;256
04 Almería;Mujeres;001-008 I.Enfermedades infecciosas y parasitarias;2021;319
04 Almería;Mujeres;001-008 I.Enfermedades infecciosas y parasitarias;2020;172
04 Almería;Mujeres;001-008 I.Enfermedades infecciosas y parasitarias;2019;49
04 Almería;Mujeres;001-008 I.Enfermedades infecciosas y parasitarias;2018;51
04 Almería;Mujeres;009-041 II.Tumores;2022;507
04 Almería;Mujeres;009-041 II.Tumores;2021;572
04 Almería;Mujeres;009-041 II.Tumores;2020;507
04 Almería;Mujeres;009-041 II.Tumores;2019;514
04 Almería;Mujeres;009-041 II.Tumores;2018;491
04 Almería;Mujeres;042-043 III.Enfermedades de la sangre y de los órganos hematopoyéticos, y ciertos trastornos que afectan al mecanismo de la inmunidad;2022;14
04 Almería;Mujeres;042-043 III.Enfermedades de la sangre y de los órganos hematopoyéticos, y ciertos trastornos que afectan al mecanismo de la inmunidad;2021;15
04 Almería;Mujeres;042-043 III.Enfermedades de la sangre y de los órganos hematopoyéticos, y ciertos trastornos que afectan al mecanismo de la inmunidad;2020;11
04 Almería;Mujeres;042-043 III.Enfermedades de la sangre y de los órganos hematopoyéticos, y ciertos trastornos que afectan al mecanismo de la inmunidad;2019;14
04 Almería;Mujeres;042-043 III.Enfermedades de la sangre y de los órganos hematopoyéticos, y ciertos trastornos que afectan al mecanismo de la inmunidad;2018;15
04 Almería;Mujeres;044-045 IV.Enfermedades endocrinas, nutricionales y metabólicas;2022;103
04 Almería;Mujeres;044-045 IV.Enfermedades endocrinas, nutricionales y metabólicas;2021;138
04 Almería;Mujeres;044-045 IV.Enfermedades endocrinas, nutricionales y metabólicas;2020;103
04 Almería;Mujeres;044-045 IV.Enfermedades endocrinas, nutricionales y metabólicas;2019;108
04 Almería;Mujeres;044-045 IV.Enfermedades endocrinas, nutricionales y metabólicas;2018;117
04 Almería;Mujeres;046-049 V.Trastornos mentales y del comportamiento;2022;136
04 Almería;Mujeres;046-049 V.Trastornos mentales y del comportamiento;2021;118
04 Almería;Mujeres;046-049 V.Trastornos mentales y del comportamiento;2020;124
04 Almería;Mujeres;046-049 V.Trastornos mentales y del comportamiento;2019;135
04 Almería;Mujeres;046-049 V.Trastornos mentales y del comportamiento;2018;123
04 Almería;Mujeres;050-052 VI-VIII.Enfermedades del sistema nervioso y de los órganos de los sentidos;2022;207
04 Almería;Mujeres;050-052 VI-VIII.Enfermedades del sistema nervioso y de los órganos de los sentidos;2021;189
04 Almería;Mujeres;050-052 VI-VIII.Enfermedades del sistema nervioso y de los órganos de los sentidos;2020;190
04 Almería;Mujeres;050-052 VI-VIII.Enfermedades del sistema nervioso y de los órganos de los sentidos;2019;159
04 Almería;Mujeres;050-052 VI-VIII.Enfermedades del sistema nervioso y de los órganos de los sentidos;2018;178
04 Almería;Mujeres;053-061 IX.Enfermedades del sistema circulatorio;2022;665
04 Almería;Mujeres;053-061 IX.Enfermedades del sistema circulatorio;2021;650
04 Almería;Mujeres;053-061 IX.Enfermedades del sistema circulatorio;2020;734
04 Almería;Mujeres;053-061 IX.Enfermedades del sistema circulatorio;2019;602
04 Almería;Mujeres;053-061 IX.Enfermedades del sistema circulatorio;2018;646
04 Almería;Mujeres;062-067 X.Enfermedades del sistema respiratorio;2022;205
04 Almería;Mujeres;062-067 X.Enfermedades del sistema respiratorio;2021;180
04 Almería;Mujeres;062-067 X.Enfermedades del sistema respiratorio;2020;203
04 Almería;Mujeres;062-067 X.Enfermedades del sistema respiratorio;2019;221
04 Almería;Mujeres;062-067 X.Enfermedades del sistema respiratorio;2018;290
04 Almería;Mujeres;068-072 XI.Enfermedades del sistema digestivo;2022;154
04 Almería;Mujeres;068-072 XI.Enfermedades del sistema digestivo;2021;157
04 Almería;Mujeres;068-072 XI.Enfermedades del sistema digestivo;2020;104
04 Almería;Mujeres;068-072 XI.Enfermedades del sistema digestivo;2019;128
04 Almería;Mujeres;068-072 XI.Enfermedades del sistema digestivo;2018;147
04 Almería;Mujeres;073 XII.Enfermedades de la piel y del tejido subcutáneo;2022;5
04 Almería;Mujeres;073 XII.Enfermedades de la piel y del tejido subcutáneo;2021;12
04 Almería;Mujeres;073 XII.Enfermedades de la piel y del tejido subcutáneo;2020;8
04 Almería;Mujeres;073 XII.Enfermedades de la piel y del tejido subcutáneo;2019;6
04 Almería;Mujeres;073 XII.Enfermedades de la piel y del tejido subcutáneo;2018;12
04 Almería;Mujeres;074-076 XIII.Enfermedades del sistema osteomuscular y del tejido conjuntivo;2022;43
04 Almería;Mujeres;074-076 XIII.Enfermedades del sistema osteomuscular y del tejido conjuntivo;2021;37
04 Almería;Mujeres;074-076 XIII.Enfermedades del sistema osteomuscular y del tejido conjuntivo;2020;40
04 Almería;Mujeres;074-076 XIII.Enfermedades del sistema osteomuscular y del tejido conjuntivo;2019;36
04 Almería;Mujeres;074-076 XIII.Enfermedades del sistema osteomuscular y del tejido conjuntivo;2018;37
04 Almería;Mujeres;077-080 XIV.Enfermedades del sistema genitourinario;2022;131
04 Almería;Mujeres;077-080 XIV.Enfermedades del sistema genitourinario;2021;115
04 Almería;Mujeres;077-080 XIV.Enfermedades del sistema genitourinario;2020;112
04 Almería;Mujeres;077-080 XIV.Enfermedades del sistema genitourinario;2019;103
04 Almería;Mujeres;077-080 XIV.Enfermedades del sistema genitourinario;2018;105
04 Almería;Mujeres;081 XV.Embarazo, parto y puerperio;2022;0
04 Almería;Mujeres;081 XV.Embarazo, parto y puerperio;2021;0
04 Almería;Mujeres;081 XV.Embarazo, parto y puerperio;2020;0
04 Almería;Mujeres;081 XV.Embarazo, parto y puerperio;2019;0
04 Almería;Mujeres;081 XV.Embarazo, parto y puerperio;2018;0
04 Almería;Mujeres;082 XVI.Afecciones originadas en el periodo perinatal;2022;5
04 Almería;Mujeres;082 XVI.Afecciones originadas en el periodo perinatal;2021;6
04 Almería;Mujeres;082 XVI.Afecciones originadas en el periodo perinatal;2020;13
04 Almería;Mujeres;082 XVI.Afecciones originadas en el periodo perinatal;2019;6
04 Almería;Mujeres;082 XVI.Afecciones originadas en el periodo perinatal;2018;13
04 Almería;Mujeres;083-085 XVII.Malformaciones congénitas, deformidades y anomalías cromosómicas;2022;6
04 Almería;Mujeres;083-085 XVII.Malformaciones congénitas, deformidades y anomalías cromosómicas;2021;6
04 Almería;Mujeres;083-085 XVII.Malformaciones congénitas, deformidades y anomalías cromosómicas;2020;4
04 Almería;Mujeres;083-085 XVII.Malformaciones congénitas, deformidades y anomalías cromosómicas;2019;4
04 Almería;Mujeres;083-085 XVII.Malformaciones congénitas, deformidades y anomalías cromosómicas;2018;5
04 Almería;Mujeres;086-089 XVIII.Síntomas, signos y hallazgos anormales clínicos y de laboratorio, no clasificados en otra parte;2022;327
04 Almería;Mujeres;086-089 XVIII.Síntomas, signos y hallazgos anormales clínicos y de laboratorio, no clasificados en otra parte;2021;264
04 Almería;Mujeres;086-089 XVIII.Síntomas, signos y hallazgos anormales clínicos y de laboratorio, no clasificados en otra parte;2020;257
04 Almería;Mujeres;086-089 XVIII.Síntomas, signos y hallazgos anormales clínicos y de laboratorio, no clasificados en otra parte;2019;272
04 Almería;Mujeres;086-089 XVIII.Síntomas, signos y hallazgos anormales clínicos y de laboratorio, no clasificados en otra parte;2018;226
04 Almería;Mujeres;090-102 XX.Causas externas de mortalidad;2022;87
04 Almería;Mujeres;090-102 XX.Causas externas de mortalidad;2021;92
04 Almería;Mujeres;090-102 XX.Causas externas de mortalidad;2020;89
04 Almería;Mujeres;090-102 XX.Causas externas de mortalidad;2019;78
04 Almería;Mujeres;090-102 XX.Causas externas de mortalidad;2018;81
01 Araba/Álava;Hombres;001-008 I.Enfermedades infecciosas y parasitarias;2022;139
01 Araba/Álava;Hombres;001-008 I.Enfermedades infecciosas y parasitarias;2021;128
01 Araba/Álava;Hombres;001-008 I.Enfermedades infecciosas y parasitarias;2020;343
01 Araba/Álava;Hombres;001-008 I.Enfermedades infecciosas y parasitarias;2019;17
01 Araba/Álava;Hombres;001-008 I.Enfermedades infecciosas y parasitarias;2018;19
01 Araba/Álava;Hombres;009-041 II.Tumores;2022;464
01 Araba/Álava;Hombres;009-041 II.Tumores;2021;488
01 Araba/Álava;Hombres;009-041 II.Tumores;2020;444
01 Araba/Álava;Hombres;009-041 II.Tumores;2019;504
01 Araba/Álava;Hombres;009-041 II.Tumores;2018;524
01 Araba/Álava;Hombres;042-043 III.Enfermedades de la sangre y de los órganos hematopoyéticos, y ciertos trastornos que afectan al mecanismo de la inmunidad;2022;10
01 Araba/Álava;Hombres;042-043 III.Enfermedades de la sangre y de los órganos hematopoyéticos, y ciertos trastornos que afectan al mecanismo de la inmunidad;2021;3
01 Araba/Álava;Hombres;042-043 III.Enfermedades de la sangre y de los órganos hematopoyéticos, y ciertos trastornos que afectan al mecanismo de la inmunidad;2020;8
01 Araba/Álava;Hombres;042-043 III.Enfermedades de la sangre y de los órganos hematopoyéticos, y ciertos trastornos que afectan al mecanismo de la inmunidad;2019;3
01 Araba/Álava;Hombres;042-043 III.Enfermedades de la sangre y de los órganos hematopoyéticos, y ciertos trastornos que afectan al mecanismo de la inmunidad;2018;6
01 Araba/Álava;Hombres;044-045 IV.Enfermedades endocrinas, nutricionales y metabólicas;2022;48
01 Araba/Álava;Hombres;044-045 IV.Enfermedades endocrinas, nutricionales y metabólicas;2021;56
01 Araba/Álava;Hombres;044-045 IV.Enfermedades endocrinas, nutricionales y metabólicas;2020;48
01 Araba/Álava;Hombres;044-045 IV.Enfermedades endocrinas, nutricionales y metabólicas;2019;33
01 Araba/Álava;Hombres;044-045 IV.Enfermedades endocrinas, nutricionales y metabólicas;2018;28
01 Araba/Álava;Hombres;046-049 V.Trastornos mentales y del comportamiento;2022;78
01 Araba/Álava;Hombres;046-049 V.Trastornos mentales y del comportamiento;2021;70
01 Araba/Álava;Hombres;046-049 V.Trastornos mentales y del comportamiento;2020;77
01 Araba/Álava;Hombres;046-049 V.Trastornos mentales y del comportamiento;2019;74
01 Araba/Álava;Hombres;046-049 V.Trastornos mentales y del comportamiento;2018;57
01 Araba/Álava;Hombres;050-052 VI-VIII.Enfermedades del sistema nervioso y de los órganos de los sentidos;2022;73
01 Araba/Álava;Hombres;050-052 VI-VIII.Enfermedades del sistema nervioso y de los órganos de los sentidos;2021;78
01 Araba/Álava;Hombres;050-052 VI-VIII.Enfermedades del sistema nervioso y de los órganos de los sentidos;2020;89
01 Araba/Álava;Hombres;050-052 VI-VIII.Enfermedades del sistema nervioso y de los órganos de los sentidos;2019;65
01 Araba/Álava;Hombres;050-052 VI-VIII.Enfermedades del sistema nervioso y de los órganos de los sentidos;2018;60
01 Araba/Álava;Hombres;053-061 IX.Enfermedades del sistema circulatorio;2022;339
01 Araba/Álava;Hombres;053-061 IX.Enfermedades del sistema circulatorio;2021;365
01 Araba/Álava;Hombres;053-061 IX.Enfermedades del sistema circulatorio;2020;300
01 Araba/Álava;Hombres;053-061 IX.Enfermedades del sistema circulatorio;2019;304
01 Araba/Álava;Hombres;053-061 IX.Enfermedades del sistema circulatorio;2018;330
01 Araba/Álava;Hombres;062-067 X.Enfermedades del sistema respiratorio;2022;111
01 Araba/Álava;Hombres;062-067 X.Enfermedades del sistema respiratorio;2021;93
01 Araba/Álava;Hombres;062-067 X.Enfermedades del sistema respiratorio;2020;133
01 Araba/Álava;Hombres;062-067 X.Enfermedades del sistema respiratorio;2019;181
01 Araba/Álava;Hombres;062-067 X.Enfermedades del sistema respiratorio;2018;159
01 Araba/Álava;Hombres;068-072 XI.Enfermedades del sistema digestivo;2022;101
01 Araba/Álava;Hombres;068-072 XI.Enfermedades del sistema digestivo;2021;78
01 Araba/Álava;Hombres;068-072 XI.Enfermedades del sistema digestivo;2020;70
01 Araba/Álava;Hombres;068-072 XI.Enfermedades del sistema digestivo;2019;61
01 Araba/Álava;Hombres;068-072 XI.Enfermedades del sistema digestivo;2018;53
01 Araba/Álava;Hombres;073 XII.Enfermedades de la piel y del tejido subcutáneo;2022;1
01 Araba/Álava;Hombres;073 XII.Enfermedades de la piel y del tejido subcutáneo;2021;6
01 Araba/Álava;Hombres;073 XII.Enfermedades de la piel y del tejido subcutáneo;2020;0
01 Araba/Álava;Hombres;073 XII.Enfermedades de la piel y del tejido subcutáneo;2019;0
01 Araba/Álava;Hombres;073 XII.Enfermedades de la piel y del tejido subcutáneo;2018;1
01 Araba/Álava;Hombres;074-076 XIII.Enfermedades del sistema osteomuscular y del tejido conjuntivo;2022;15
01 Araba/Álava;Hombres;074-076 XIII.Enfermedades del sistema osteomuscular y del tejido conjuntivo;2021;8
01 Araba/Álava;Hombres;074-076 XIII.Enfermedades del sistema osteomuscular y del tejido conjuntivo;2020;14
01 Araba/Álava;Hombres;074-076 XIII.Enfermedades del sistema osteomuscular y del tejido conjuntivo;2019;10
01 Araba/Álava;Hombres;074-076 XIII.Enfermedades del sistema osteomuscular y del tejido conjuntivo;2018;9
01 Araba/Álava;Hombres;077-080 XIV.Enfermedades del sistema genitourinario;2022;45
01 Araba/Álava;Hombres;077-080 XIV.Enfermedades del sistema genitourinario;2021;46
01 Araba/Álava;Hombres;077-080 XIV.Enfermedades del sistema genitourinario;2020;33
01 Araba/Álava;Hombres;077-080 XIV.Enfermedades del sistema genitourinario;2019;32
01 Araba/Álava;Hombres;077-080 XIV.Enfermedades del sistema genitourinario;2018;32
01 Araba/Álava;Hombres;081 XV.Embarazo, parto y puerperio;2022;0
01 Araba/Álava;Hombres;081 XV.Embarazo, parto y puerperio;2021;0
01 Araba/Álava;Hombres;081 XV.Embarazo, parto y puerperio;2020;0
01 Araba/Álava;Hombres;081 XV.Embarazo, parto y puerperio;2019;0
01 Araba/Álava;Hombres;081 XV.Embarazo, parto y puerperio;2018;0
01 Araba/Álava;Hombres;082 XVI.Afecciones originadas en el periodo perinatal;2022;4
01 Araba/Álava;Hombres;082 XVI.Afecciones originadas en el periodo perinatal;2021;2
01 Araba/Álava;Hombres;082 XVI.Afecciones originadas en el periodo perinatal;2020;2
01 Araba/Álava;Hombres;082 XVI.Afecciones originadas en el periodo perinatal;2019;3
01 Araba/Álava;Hombres;082 XVI.Afecciones originadas en el periodo perinatal;2018;2
01 Araba/Álava;Hombres;083-085 XVII.Malformaciones congénitas, deformidades y anomalías cromosómicas;2022;7
01 Araba/Álava;Hombres;083-085 XVII.Malformaciones congénitas, deformidades y anomalías cromosómicas;2021;2
01 Araba/Álava;Hombres;083-085 XVII.Malformaciones congénitas, deformidades y anomalías cromosómicas;2020;5
01 Araba/Álava;Hombres;083-085 XVII.Malformaciones congénitas, deformidades y anomalías cromosómicas;2019;1
01 Araba/Álava;Hombres;083-085 XVII.Malformaciones congénitas, deformidades y anomalías cromosómicas;2018;7
01 Araba/Álava;Hombres;086-089 XVIII.Síntomas, signos y hallazgos anormales clínicos y de laboratorio, no clasificados en otra parte;2022;26
01 Araba/Álava;Hombres;086-089 XVIII.Síntomas, signos y hallazgos anormales clínicos y de laboratorio, no clasificados en otra parte;2021;20
01 Araba/Álava;Hombres;086-089 XVIII.Síntomas, signos y hallazgos anormales clínicos y de laboratorio, no clasificados en otra parte;2020;23
01 Araba/Álava;Hombres;086-089 XVIII.Síntomas, signos y hallazgos anormales clínicos y de laboratorio, no clasificados en otra parte;2019;30
01 Araba/Álava;Hombres;086-089 XVIII.Síntomas, signos y hallazgos anormales clínicos y de laboratorio, no clasificados en otra parte;2018;38
01 Araba/Álava;Hombres;090-102 XX.Causas externas de mortalidad;2022;85
01 Araba/Álava;Hombres;090-102 XX.Causas externas de mortalidad;2021;73
01 Araba/Álava;Hombres;090-102 XX.Causas externas de mortalidad;2020;68
01 Araba/Álava;Hombres;090-102 XX.Causas externas de mortalidad;2019;84
01 Araba/Álava;Hombres;090-102 XX.Causas externas de mortalidad;2018;57
01 Araba/Álava;Mujeres;001-008 I.Enfermedades infecciosas y parasitarias;2022;130
01 Araba/Álava;Mujeres;001-008 I.Enfermedades infecciosas y parasitarias;2021;103
01 Araba/Álava;Mujeres;001-008 I.Enfermedades infecciosas y parasitarias;2020;277
01 Araba/Álava;Mujeres;001-008 I.Enfermedades infecciosas y parasitarias;2019;17
01 Araba/Álava;Mujeres;001-008 I.Enfermedades infecciosas y parasitarias;2018;18
01 Araba/Álava;Mujeres;009-041 II.Tumores;2022;366
01 Araba/Álava;Mujeres;009-041 II.Tumores;2021;327
01 Araba/Álava;Mujeres;009-041 II.Tumores;2020;309
01 Araba/Álava;Mujeres;009-041 II.Tumores;2019;320
01 Araba/Álava;Mujeres;009-041 II.Tumores;2018;304
01 Araba/Álava;Mujeres;042-043 III.Enfermedades de la sangre y de los órganos hematopoyéticos, y ciertos trastornos que afectan al mecanismo de la inmunidad;2022;14
01 Araba/Álava;Mujeres;042-043 III.Enfermedades de la sangre y de los órganos hematopoyéticos, y ciertos trastornos que afectan al mecanismo de la inmunidad;2021;11
01 Araba/Álava;Mujeres;042-043 III.Enfermedades de la sangre y de los órganos hematopoyéticos, y ciertos trastornos que afectan al mecanismo de la inmunidad;2020;10
01 Araba/Álava;Mujeres;042-043 III.Enfermedades de la sangre y de los órganos hematopoyéticos, y ciertos trastornos que afectan al mecanismo de la inmunidad;2019;9
01 Araba/Álava;Mujeres;042-043 III.Enfermedades de la sangre y de los órganos hematopoyéticos, y ciertos trastornos que afectan al mecanismo de la inmunidad;2018;4
01 Araba/Álava;Mujeres;044-045 IV.Enfermedades endocrinas, nutricionales y metabólicas;2022;44
01 Araba/Álava;Mujeres;044-045 IV.Enfermedades endocrinas, nutricionales y metabólicas;2021;44
01 Araba/Álava;Mujeres;044-045 IV.Enfermedades endocrinas, nutricionales y metabólicas;2020;50
01 Araba/Álava;Mujeres;044-045 IV.Enfermedades endocrinas, nutricionales y metabólicas;2019;44
01 Araba/Álava;Mujeres;044-045 IV.Enfermedades endocrinas, nutricionales y metabólicas;2018;47
01 Araba/Álava;Mujeres;046-049 V.Trastornos mentales y del comportamiento;2022;151
01 Araba/Álava;Mujeres;046-049 V.Trastornos mentales y del comportamiento;2021;135
01 Araba/Álava;Mujeres;046-049 V.Trastornos mentales y del comportamiento;2020;163
01 Araba/Álava;Mujeres;046-049 V.Trastornos mentales y del comportamiento;2019;138
01 Araba/Álava;Mujeres;046-049 V.Trastornos mentales y del comportamiento;2018;128
01 Araba/Álava;Mujeres;050-052 VI-VIII.Enfermedades del sistema nervioso y de los órganos de los sentidos;2022;116
01 Araba/Álava;Mujeres;050-052 VI-VIII.Enfermedades del sistema nervioso y de los órganos de los sentidos;2021;92
01 Araba/Álava;Mujeres;050-052 VI-VIII.Enfermedades del sistema nervioso y de los órganos de los sentidos;2020;99
01 Araba/Álava;Mujeres;050-052 VI-VIII.Enfermedades del sistema nervioso y de los órganos de los sentidos;2019;81
01 Araba/Álava;Mujeres;050-052 VI-VIII.Enfermedades del sistema nervioso y de los órganos de los sentidos;2018;121
01 Araba/Álava;Mujeres;053-061 IX.Enfermedades del sistema circulatorio;2022;376
01 Araba/Álava;Mujeres;053-061 IX.Enfermedades del sistema circulatorio;2021;338
01 Araba/Álava;Mujeres;053-061 IX.Enfermedades del sistema circulatorio;2020;286
01 Araba/Álava;Mujeres;053-061 IX.Enfermedades del sistema circulatorio;2019;312
01 Araba/Álava;Mujeres;053-061 IX.Enfermedades del sistema circulatorio;2018;319
01 Araba/Álava;Mujeres;062-067 X.Enfermedades del sistema respiratorio;2022;96
01 Araba/Álava;Mujeres;062-067 X.Enfermedades del sistema respiratorio;2021;67
01 Araba/Álava;Mujeres;062-067 X.Enfermedades del sistema respiratorio;2020;107
01 Araba/Álava;Mujeres;062-067 X.Enfermedades del sistema respiratorio;2019;138
01 Araba/Álava;Mujeres;062-067 X.Enfermedades del sistema respiratorio;2018;140
01 Araba/Álava;Mujeres;068-072 XI.Enfermedades del sistema digestivo;2022;77
01 Araba/Álava;Mujeres;068-072 XI.Enfermedades del sistema digestivo;2021;70
01 Araba/Álava;Mujeres;068-072 XI.Enfermedades del sistema digestivo;2020;63
01 Araba/Álava;Mujeres;068-072 XI.Enfermedades del sistema digestivo;2019;60
01 Araba/Álava;Mujeres;068-072 XI.Enfermedades del sistema digestivo;2018;74
01 Araba/Álava;Mujeres;073 XII.Enfermedades de la piel y del tejido subcutáneo;2022;12
01 Araba/Álava;Mujeres;073 XII.Enfermedades de la piel y del tejido subcutáneo;2021;6
01 Araba/Álava;Mujeres;073 XII.Enfermedades de la piel y del tejido subcutáneo;2020;4
01 Araba/Álava;Mujeres;073 XII.Enfermedades de la piel y del tejido subcutáneo;2019;0
01 Araba/Álava;Mujeres;073 XII.Enfermedades de la piel y del tejido subcutáneo;2018;4
01 Araba/Álava;Mujeres;074-076 XIII.Enfermedades del sistema osteomuscular y del tejido conjuntivo;2022;25
01 Araba/Álava;Mujeres;074-076 XIII.Enfermedades del sistema osteomuscular y del tejido conjuntivo;2021;28
01 Araba/Álava;Mujeres;074-076 XIII.Enfermedades del sistema osteomuscular y del tejido conjuntivo;2020;19
01 Araba/Álava;Mujeres;074-076 XIII.Enfermedades del sistema osteomuscular y del tejido conjuntivo;2019;27
01 Araba/Álava;Mujeres;074-076 XIII.Enfermedades del sistema osteomuscular y del tejido conjuntivo;2018;21
01 Araba/Álava;Mujeres;077-080 XIV.Enfermedades del sistema genitourinario;2022;38
01 Araba/Álava;Mujeres;077-080 XIV.Enfermedades del sistema genitourinario;2021;42
01 Araba/Álava;Mujeres;077-080 XIV.Enfermedades del sistema genitourinario;2020;30
01 Araba/Álava;Mujeres;077-080 XIV.Enfermedades del sistema genitourinario;2019;28
01 Araba/Álava;Mujeres;077-080 XIV.Enfermedades del sistema genitourinario;2018;26
01 Araba/Álava;Mujeres;081 XV.Embarazo, parto y puerperio;2022;0
01 Araba/Álava;Mujeres;081 XV.Embarazo, parto y puerperio;2021;0
01 Araba/Álava;Mujeres;081 XV.Embarazo, parto y puerperio;2020;0
01 Araba/Álava;Mujeres;081 XV.Embarazo, parto y puerperio;2019;0
01 Araba/Álava;Mujeres;081 XV.Embarazo, parto y puerperio;2018;0
01 Araba/Álava;Mujeres;082 XVI.Afecciones originadas en el periodo perinatal;2022;0
01 Araba/Álava;Mujeres;082 XVI.Afecciones originadas en el periodo perinatal;2021;2
01 Araba/Álava;Mujeres;082 XVI.Afecciones originadas en el periodo perinatal;2020;0
01 Araba/Álava;Mujeres;082 XVI.Afecciones originadas en el periodo perinatal;2019;3
01 Araba/Álava;Mujeres;082 XVI.Afecciones originadas en el periodo perinatal;2018;0
01 Araba/Álava;Mujeres;083-085 XVII.Malformaciones congénitas, deformidades y anomalías cromosómicas;2022;8
01 Araba/Álava;Mujeres;083-085 XVII.Malformaciones congénitas, deformidades y anomalías cromosómicas;2021;2
01 Araba/Álava;Mujeres;083-085 XVII.Malformaciones congénitas, deformidades y anomalías cromosómicas;2020;5
01 Araba/Álava;Mujeres;083-085 XVII.Malformaciones congénitas, deformidades y anomalías cromosómicas;2019;3
01 Araba/Álava;Mujeres;083-085 XVII.Malformaciones congénitas, deformidades y anomalías cromosómicas;2018;3
01 Araba/Álava;Mujeres;086-089 XVIII.Síntomas, signos y hallazgos anormales clínicos y de laboratorio, no clasificados en otra parte;2022;44
01 Araba/Álava;Mujeres;086-089 XVIII.Síntomas, signos y hallazgos anormales clínicos y de laboratorio, no clasificados en otra parte;2021;40
01 Araba/Álava;Mujeres;086-089 XVIII.Síntomas, signos y hallazgos anormales clínicos y de laboratorio, no clasificados en otra parte;2020;37
01 Araba/Álava;Mujeres;086-089 XVIII.Síntomas, signos y hallazgos anormales clínicos y de laboratorio, no clasificados en otra parte;2019;37
01 Araba/Álava;Mujeres;086-089 XVIII.Síntomas, signos y hallazgos anormales clínicos y de laboratorio, no clasificados en otra parte;2018;37
01 Araba/Álava;Mujeres;090-102 XX.Causas externas de mortalidad;2022;53
01 Araba/Álava;Mujeres;090-102 XX.Causas externas de mortalidad;2021;49
01 Araba/Álava;Mujeres;090-102 XX.Causas externas de mortalidad;2020;45
01 Araba/Álava;Mujeres;090-102 XX.Causas externas de mortalidad;2019;34
01 Araba/Álava;Mujeres;090-102 XX.Causas externas de mortalidad;2018;48
33 Asturias;Hombres;001-008 I.Enfermedades infecciosas y parasitarias;2022;741
33 Asturias;Hombres;001-008 I.Enfermedades infecciosas y parasitarias;2021;590
33 Asturias;Hombres;001-008 I.Enfermedades infecciosas y parasitarias;2020;944
33 Asturias;Hombres;001-008 I.Enfermedades infecciosas y parasitarias;2019;69
33 Asturias;Hombres;001-008 I.Enfermedades infecciosas y parasitarias;2018;101
33 Asturias;Hombres;009-041 II.Tumores;2022;2.107
33 Asturias;Hombres;009-041 II.Tumores;2021;1.990
33 Asturias;Hombres;009-041 II.Tumores;2020;2.110
33 Asturias;Hombres;009-041 II.Tumores;2019;2.090
33 Asturias;Hombres;009-041 II.Tumores;2018;2.172
33 Asturias;Hombres;042-043 III.Enfermedades de la sangre y de los órganos hematopoyéticos, y ciertos trastornos que afectan al mecanismo de la inmunidad;2022;28
33 Asturias;Hombres;042-043 III.Enfermedades de la sangre y de los órganos hematopoyéticos, y ciertos trastornos que afectan al mecanismo de la inmunidad;2021;28
33 Asturias;Hombres;042-043 III.Enfermedades de la sangre y de los órganos hematopoyéticos, y ciertos trastornos que afectan al mecanismo de la inmunidad;2020;39
33 Asturias;Hombres;042-043 III.Enfermedades de la sangre y de los órganos hematopoyéticos, y ciertos trastornos que afectan al mecanismo de la inmunidad;2019;17
33 Asturias;Hombres;042-043 III.Enfermedades de la sangre y de los órganos hematopoyéticos, y ciertos trastornos que afectan al mecanismo de la inmunidad;2018;26
33 Asturias;Hombres;044-045 IV.Enfermedades endocrinas, nutricionales y metabólicas;2022;175
33 Asturias;Hombres;044-045 IV.Enfermedades endocrinas, nutricionales y metabólicas;2021;197
33 Asturias;Hombres;044-045 IV.Enfermedades endocrinas, nutricionales y metabólicas;2020;193
33 Asturias;Hombres;044-045 IV.Enfermedades endocrinas, nutricionales y metabólicas;2019;166
33 Asturias;Hombres;044-045 IV.Enfermedades endocrinas, nutricionales y metabólicas;2018;187
33 Asturias;Hombres;046-049 V.Trastornos mentales y del comportamiento;2022;275
33 Asturias;Hombres;046-049 V.Trastornos mentales y del comportamiento;2021;286
33 Asturias;Hombres;046-049 V.Trastornos mentales y del comportamiento;2020;257
33 Asturias;Hombres;046-049 V.Trastornos mentales y del comportamiento;2019;278
33 Asturias;Hombres;046-049 V.Trastornos mentales y del comportamiento;2018;229
33 Asturias;Hombres;050-052 VI-VIII.Enfermedades del sistema nervioso y de los órganos de los sentidos;2022;235
33 Asturias;Hombres;050-052 VI-VIII.Enfermedades del sistema nervioso y de los órganos de los sentidos;2021;242
33 Asturias;Hombres;050-052 VI-VIII.Enfermedades del sistema nervioso y de los órganos de los sentidos;2020;265
33 Asturias;Hombres;050-052 VI-VIII.Enfermedades del sistema nervioso y de los órganos de los sentidos;2019;233
33 Asturias;Hombres;050-052 VI-VIII.Enfermedades del sistema nervioso y de los órganos de los sentidos;2018;252
33 Asturias;Hombres;053-061 IX.Enfermedades del sistema circulatorio;2022;1.687
33 Asturias;Hombres;053-061 IX.Enfermedades del sistema circulatorio;2021;1.658
33 Asturias;Hombres;053-061 IX.Enfermedades del sistema circulatorio;2020;1.663
33 Asturias;Hombres;053-061 IX.Enfermedades del sistema circulatorio;2019;1.700
33 Asturias;Hombres;053-061 IX.Enfermedades del sistema circulatorio;2018;1.713
33 Asturias;Hombres;062-067 X.Enfermedades del sistema respiratorio;2022;560
33 Asturias;Hombres;062-067 X.Enfermedades del sistema respiratorio;2021;516
33 Asturias;Hombres;062-067 X.Enfermedades del sistema respiratorio;2020;689
33 Asturias;Hombres;062-067 X.Enfermedades del sistema respiratorio;2019;782
33 Asturias;Hombres;062-067 X.Enfermedades del sistema respiratorio;2018;853
33 Asturias;Hombres;068-072 XI.Enfermedades del sistema digestivo;2022;346
33 Asturias;Hombres;068-072 XI.Enfermedades del sistema digestivo;2021;348
33 Asturias;Hombres;068-072 XI.Enfermedades del sistema digestivo;2020;307
33 Asturias;Hombres;068-072 XI.Enfermedades del sistema digestivo;2019;306
33 Asturias;Hombres;068-072 XI.Enfermedades del sistema digestivo;2018;318
33 Asturias;Hombres;073 XII.Enfermedades de la piel y del tejido subcutáneo;2022;16
33 Asturias;Hombres;073 XII.Enfermedades de la piel y del tejido subcutáneo;2021;16
33 Asturias;Hombres;073 XII.Enfermedades de la piel y del tejido subcutáneo;2020;13
33 Asturias;Hombres;073 XII.Enfermedades de la piel y del tejido subcutáneo;2019;16
33 Asturias;Hombres;073 XII.Enfermedades de la piel y del tejido subcutáneo;2018;13
33 Asturias;Hombres;074-076 XIII.Enfermedades del sistema osteomuscular y del tejido conjuntivo;2022;41
33 Asturias;Hombres;074-076 XIII.Enfermedades del sistema osteomuscular y del tejido conjuntivo;2021;50
33 Asturias;Hombres;074-076 XIII.Enfermedades del sistema osteomuscular y del tejido conjuntivo;2020;58
33 Asturias;Hombres;074-076 XIII.Enfermedades del sistema osteomuscular y del tejido conjuntivo;2019;57
33 Asturias;Hombres;074-076 XIII.Enfermedades del sistema osteomuscular y del tejido conjuntivo;2018;44
33 Asturias;Hombres;077-080 XIV.Enfermedades del sistema genitourinario;2022;169
33 Asturias;Hombres;077-080 XIV.Enfermedades del sistema genitourinario;2021;196
33 Asturias;Hombres;077-080 XIV.Enfermedades del sistema genitourinario;2020;203
33 Asturias;Hombres;077-080 XIV.Enfermedades del sistema genitourinario;2019;181
33 Asturias;Hombres;077-080 XIV.Enfermedades del sistema genitourinario;2018;171
33 Asturias;Hombres;081 XV.Embarazo, parto y puerperio;2022;0
33 Asturias;Hombres;081 XV.Embarazo, parto y puerperio;2021;0
33 Asturias;Hombres;081 XV.Embarazo, parto y puerperio;2020;0
33 Asturias;Hombres;081 XV.Embarazo, parto y puerperio;2019;0
33 Asturias;Hombres;081 XV.Embarazo, parto y puerperio;2018;0
33 Asturias;Hombres;082 XVI.Afecciones originadas en el periodo perinatal;2022;5
33 Asturias;Hombres;082 XVI.Afecciones originadas en el periodo perinatal;2021;4
33 Asturias;Hombres;082 XVI.Afecciones originadas en el periodo perinatal;2020;3
33 Asturias;Hombres;082 XVI.Afecciones originadas en el periodo perinatal;2019;7
33 Asturias;Hombres;082 XVI.Afecciones originadas en el periodo perinatal;2018;4
33 Asturias;Hombres;083-085 XVII.Malformaciones congénitas, deformidades y anomalías cromosómicas;2022;13
33 Asturias;Hombres;083-085 XVII.Malformaciones congénitas, deformidades y anomalías cromosómicas;2021;8
33 Asturias;Hombres;083-085 XVII.Malformaciones congénitas, deformidades y anomalías cromosómicas;2020;10
33 Asturias;Hombres;083-085 XVII.Malformaciones congénitas, deformidades y anomalías cromosómicas;2019;9
33 Asturias;Hombres;083-085 XVII.Malformaciones congénitas, deformidades y anomalías cromosómicas;2018;9
33 Asturias;Hombres;086-089 XVIII.Síntomas, signos y hallazgos anormales clínicos y de laboratorio, no clasificados en otra parte;2022;50
33 Asturias;Hombres;086-089 XVIII.Síntomas, signos y hallazgos anormales clínicos y de laboratorio, no clasificados en otra parte;2021;40
33 Asturias;Hombres;086-089 XVIII.Síntomas, signos y hallazgos anormales clínicos y de laboratorio, no clasificados en otra parte;2020;38
33 Asturias;Hombres;086-089 XVIII.Síntomas, signos y hallazgos anormales clínicos y de laboratorio, no clasificados en otra parte;2019;49
33 Asturias;Hombres;086-089 XVIII.Síntomas, signos y hallazgos anormales clínicos y de laboratorio, no clasificados en otra parte;2018;50
33 Asturias;Hombres;090-102 XX.Causas externas de mortalidad;2022;332
33 Asturias;Hombres;090-102 XX.Causas externas de mortalidad;2021;293
33 Asturias;Hombres;090-102 XX.Causas externas de mortalidad;2020;293
33 Asturias;Hombres;090-102 XX.Causas externas de mortalidad;2019;316
33 Asturias;Hombres;090-102 XX.Causas externas de mortalidad;2018;299
33 Asturias;Mujeres;001-008 I.Enfermedades infecciosas y parasitarias;2022;792
33 Asturias;Mujeres;001-008 I.Enfermedades infecciosas y parasitarias;2021;576
33 Asturias;Mujeres;001-008 I.Enfermedades infecciosas y parasitarias;2020;1.021
33 Asturias;Mujeres;001-008 I.Enfermedades infecciosas y parasitarias;2019;103
33 Asturias;Mujeres;001-008 I.Enfermedades infecciosas y parasitarias;2018;115
33 Asturias;Mujeres;009-041 II.Tumores;2022;1.432
33 Asturias;Mujeres;009-041 II.Tumores;2021;1.557
33 Asturias;Mujeres;009-041 II.Tumores;2020;1.452
33 Asturias;Mujeres;009-041 II.Tumores;2019;1.476
33 Asturias;Mujeres;009-041 II.Tumores;2018;1.490
33 Asturias;Mujeres;042-043 III.Enfermedades de la sangre y de los órganos hematopoyéticos, y ciertos trastornos que afectan al mecanismo de la inmunidad;2022;45
33 Asturias;Mujeres;042-043 III.Enfermedades de la sangre y de los órganos hematopoyéticos, y ciertos trastornos que afectan al mecanismo de la inmunidad;2021;38
33 Asturias;Mujeres;042-043 III.Enfermedades de la sangre y de los órganos hematopoyéticos, y ciertos trastornos que afectan al mecanismo de la inmunidad;2020;40
33 Asturias;Mujeres;042-043 III.Enfermedades de la sangre y de los órganos hematopoyéticos, y ciertos trastornos que afectan al mecanismo de la inmunidad;2019;36
33 Asturias;Mujeres;042-043 III.Enfermedades de la sangre y de los órganos hematopoyéticos, y ciertos trastornos que afectan al mecanismo de la inmunidad;2018;29
33 Asturias;Mujeres;044-045 IV.Enfermedades endocrinas, nutricionales y metabólicas;2022;284
33 Asturias;Mujeres;044-045 IV.Enfermedades endocrinas, nutricionales y metabólicas;2021;240
33 Asturias;Mujeres;044-045 IV.Enfermedades endocrinas, nutricionales y metabólicas;2020;268
33 Asturias;Mujeres;044-045 IV.Enfermedades endocrinas, nutricionales y metabólicas;2019;231
33 Asturias;Mujeres;044-045 IV.Enfermedades endocrinas, nutricionales y metabólicas;2018;226
33 Asturias;Mujeres;046-049 V.Trastornos mentales y del comportamiento;2022;581
33 Asturias;Mujeres;046-049 V.Trastornos mentales y del comportamiento;2021;581
33 Asturias;Mujeres;046-049 V.Trastornos mentales y del comportamiento;2020;559
33 Asturias;Mujeres;046-049 V.Trastornos mentales y del comportamiento;2019;552
33 Asturias;Mujeres;046-049 V.Trastornos mentales y del comportamiento;2018;559
33 Asturias;Mujeres;050-052 VI-VIII.Enfermedades del sistema nervioso y de los órganos de los sentidos;2022;390
33 Asturias;Mujeres;050-052 VI-VIII.Enfermedades del sistema nervioso y de los órganos de los sentidos;2021;388
33 Asturias;Mujeres;050-052 VI-VIII.Enfermedades del sistema nervioso y de los órganos de los sentidos;2020;405
33 Asturias;Mujeres;050-052 VI-VIII.Enfermedades del sistema nervioso y de los órganos de los sentidos;2019;408
33 Asturias;Mujeres;050-052 VI-VIII.Enfermedades del sistema nervioso y de los órganos de los sentidos;2018;420
33 Asturias;Mujeres;053-061 IX.Enfermedades del sistema circulatorio;2022;2.005
33 Asturias;Mujeres;053-061 IX.Enfermedades del sistema circulatorio;2021;2.046
33 Asturias;Mujeres;053-061 IX.Enfermedades del sistema circulatorio;2020;2.095
33 Asturias;Mujeres;053-061 IX.Enfermedades del sistema circulatorio;2019;2.100
33 Asturias;Mujeres;053-061 IX.Enfermedades del sistema circulatorio;2018;2.150
33 Asturias;Mujeres;062-067 X.Enfermedades del sistema respiratorio;2022;525
33 Asturias;Mujeres;062-067 X.Enfermedades del sistema respiratorio;2021;375
33 Asturias;Mujeres;062-067 X.Enfermedades del sistema respiratorio;2020;536
33 Asturias;Mujeres;062-067 X.Enfermedades del sistema respiratorio;2019;662
33 Asturias;Mujeres;062-067 X.Enfermedades del sistema respiratorio;2018;760
33 Asturias;Mujeres;068-072 XI.Enfermedades del sistema digestivo;2022;311
33 Asturias;Mujeres;068-072 XI.Enfermedades del sistema digestivo;2021;315
33 Asturias;Mujeres;068-072 XI.Enfermedades del sistema digestivo;2020;301
33 Asturias;Mujeres;068-072 XI.Enfermedades del sistema digestivo;2019;319
33 Asturias;Mujeres;068-072 XI.Enfermedades del sistema digestivo;2018;301
33 Asturias;Mujeres;073 XII.Enfermedades de la piel y del tejido subcutáneo;2022;50
33 Asturias;Mujeres;073 XII.Enfermedades de la piel y del tejido subcutáneo;2021;31
33 Asturias;Mujeres;073 XII.Enfermedades de la piel y del tejido subcutáneo;2020;38
33 Asturias;Mujeres;073 XII.Enfermedades de la piel y del tejido subcutáneo;2019;30
33 Asturias;Mujeres;073 XII.Enfermedades de la piel y del tejido subcutáneo;2018;38
33 Asturias;Mujeres;074-076 XIII.Enfermedades del sistema osteomuscular y del tejido conjuntivo;2022;120
33 Asturias;Mujeres;074-076 XIII.Enfermedades del sistema osteomuscular y del tejido conjuntivo;2021;117
33 Asturias;Mujeres;074-076 XIII.Enfermedades del sistema osteomuscular y del tejido conjuntivo;2020;115
33 Asturias;Mujeres;074-076 XIII.Enfermedades del sistema osteomuscular y del tejido conjuntivo;2019;132
33 Asturias;Mujeres;074-076 XIII.Enfermedades del sistema osteomuscular y del tejido conjuntivo;2018;134
33 Asturias;Mujeres;077-080 XIV.Enfermedades del sistema genitourinario;2022;295
33 Asturias;Mujeres;077-080 XIV.Enfermedades del sistema genitourinario;2021;312
33 Asturias;Mujeres;077-080 XIV.Enfermedades del sistema genitourinario;2020;307
33 Asturias;Mujeres;077-080 XIV.Enfermedades del sistema genitourinario;2019;239
33 Asturias;Mujeres;077-080 XIV.Enfermedades del sistema genitourinario;2018;281
33 Asturias;Mujeres;081 XV.Embarazo, parto y puerperio;2022;0
33 Asturias;Mujeres;081 XV.Embarazo, parto y puerperio;2021;0
33 Asturias;Mujeres;081 XV.Embarazo, parto y puerperio;2020;0
33 Asturias;Mujeres;081 XV.Embarazo, parto y puerperio;2019;0
33 Asturias;Mujeres;081 XV.Embarazo, parto y puerperio;2018;0
33 Asturias;Mujeres;082 XVI.Afecciones originadas en el periodo perinatal;2022;6
33 Asturias;Mujeres;082 XVI.Afecciones originadas en el periodo perinatal;2021;5
33 Asturias;Mujeres;082 XVI.Afecciones originadas en el periodo perinatal;2020;5
33 Asturias;Mujeres;082 XVI.Afecciones originadas en el periodo perinatal;2019;3
33 Asturias;Mujeres;082 XVI.Afecciones originadas en el periodo perinatal;2018;5
33 Asturias;Mujeres;083-085 XVII.Malformaciones congénitas, deformidades y anomalías cromosómicas;2022;11
33 Asturias;Mujeres;083-085 XVII.Malformaciones congénitas, deformidades y anomalías cromosómicas;2021;10
33 Asturias;Mujeres;083-085 XVII.Malformaciones congénitas, deformidades y anomalías cromosómicas;2020;8
33 Asturias;Mujeres;083-085 XVII.Malformaciones congénitas, deformidades y anomalías cromosómicas;2019;14
33 Asturias;Mujeres;083-085 XVII.Malformaciones congénitas, deformidades y anomalías cromosómicas;2018;13
33 Asturias;Mujeres;086-089 XVIII.Síntomas, signos y hallazgos anormales clínicos y de laboratorio, no clasificados en otra parte;2022;124
33 Asturias;Mujeres;086-089 XVIII.Síntomas, signos y hallazgos anormales clínicos y de laboratorio, no clasificados en otra parte;2021;111
33 Asturias;Mujeres;086-089 XVIII.Síntomas, signos y hallazgos anormales clínicos y de laboratorio, no clasificados en otra parte;2020;119
33 Asturias;Mujeres;086-089 XVIII.Síntomas, signos y hallazgos anormales clínicos y de laboratorio, no clasificados en otra parte;2019;128
33 Asturias;Mujeres;086-089 XVIII.Síntomas, signos y hallazgos anormales clínicos y de laboratorio, no clasificados en otra parte;2018;94
33 Asturias;Mujeres;090-102 XX.Causas externas de mortalidad;2022;250
33 Asturias;Mujeres;090-102 XX.Causas externas de mortalidad;2021;233
33 Asturias;Mujeres;090-102 XX.Causas externas de mortalidad;2020;224
33 Asturias;Mujeres;090-102 XX.Causas externas de mortalidad;2019;201
33 Asturias;Mujeres;090-102 XX.Causas externas de mortalidad;2018;209
05 Ávila;Hombres;001-008 I.Enfermedades infecciosas y parasitarias;2022;123
05 Ávila;Hombres;001-008 I.Enfermedades infecciosas y parasitarias;2021;118
05 Ávila;Hombres;001-008 I.Enfermedades infecciosas y parasitarias;2020;289
05 Ávila;Hombres;001-008 I.Enfermedades infecciosas y parasitarias;2019;17
05 Ávila;Hombres;001-008 I.Enfermedades infecciosas y parasitarias;2018;17
05 Ávila;Hombres;009-041 II.Tumores;2022;287
05 Ávila;Hombres;009-041 II.Tumores;2021;282
05 Ávila;Hombres;009-041 II.Tumores;2020;283
05 Ávila;Hombres;009-041 II.Tumores;2019;273
05 Ávila;Hombres;009-041 II.Tumores;2018;279
05 Ávila;Hombres;042-043 III.Enfermedades de la sangre y de los órganos hematopoyéticos, y ciertos trastornos que afectan al mecanismo de la inmunidad;2022;4
05 Ávila;Hombres;042-043 III.Enfermedades de la sangre y de los órganos hematopoyéticos, y ciertos trastornos que afectan al mecanismo de la inmunidad;2021;5
05 Ávila;Hombres;042-043 III.Enfermedades de la sangre y de los órganos hematopoyéticos, y ciertos trastornos que afectan al mecanismo de la inmunidad;2020;7
05 Ávila;Hombres;042-043 III.Enfermedades de la sangre y de los órganos hematopoyéticos, y ciertos trastornos que afectan al mecanismo de la inmunidad;2019;10
05 Ávila;Hombres;042-043 III.Enfermedades de la sangre y de los órganos hematopoyéticos, y ciertos trastornos que afectan al mecanismo de la inmunidad;2018;3
05 Ávila;Hombres;044-045 IV.Enfermedades endocrinas, nutricionales y metabólicas;2022;47
05 Ávila;Hombres;044-045 IV.Enfermedades endocrinas, nutricionales y metabólicas;2021;48
05 Ávila;Hombres;044-045 IV.Enfermedades endocrinas, nutricionales y metabólicas;2020;54
05 Ávila;Hombres;044-045 IV.Enfermedades endocrinas, nutricionales y metabólicas;2019;43
05 Ávila;Hombres;044-045 IV.Enfermedades endocrinas, nutricionales y metabólicas;2018;30
05 Ávila;Hombres;046-049 V.Trastornos mentales y del comportamiento;2022;32
05 Ávila;Hombres;046-049 V.Trastornos mentales y del comportamiento;2021;27
05 Ávila;Hombres;046-049 V.Trastornos mentales y del comportamiento;2020;29
05 Ávila;Hombres;046-049 V.Trastornos mentales y del comportamiento;2019;36
05 Ávila;Hombres;046-049 V.Trastornos mentales y del comportamiento;2018;33
05 Ávila;Hombres;050-052 VI-VIII.Enfermedades del sistema nervioso y de los órganos de los sentidos;2022;38
05 Ávila;Hombres;050-052 VI-VIII.Enfermedades del sistema nervioso y de los órganos de los sentidos;2021;42
05 Ávila;Hombres;050-052 VI-VIII.Enfermedades del sistema nervioso y de los órganos de los sentidos;2020;49
05 Ávila;Hombres;050-052 VI-VIII.Enfermedades del sistema nervioso y de los órganos de los sentidos;2019;46
05 Ávila;Hombres;050-052 VI-VIII.Enfermedades del sistema nervioso y de los órganos de los sentidos;2018;41
05 Ávila;Hombres;053-061 IX.Enfermedades del sistema circulatorio;2022;253
05 Ávila;Hombres;053-061 IX.Enfermedades del sistema circulatorio;2021;256
05 Ávila;Hombres;053-061 IX.Enfermedades del sistema circulatorio;2020;277
05 Ávila;Hombres;053-061 IX.Enfermedades del sistema circulatorio;2019;275
05 Ávila;Hombres;053-061 IX.Enfermedades del sistema circulatorio;2018;246
05 Ávila;Hombres;062-067 X.Enfermedades del sistema respiratorio;2022;108
05 Ávila;Hombres;062-067 X.Enfermedades del sistema respiratorio;2021;95
05 Ávila;Hombres;062-067 X.Enfermedades del sistema respiratorio;2020;125
05 Ávila;Hombres;062-067 X.Enfermedades del sistema respiratorio;2019;154
05 Ávila;Hombres;062-067 X.Enfermedades del sistema respiratorio;2018;149
05 Ávila;Hombres;068-072 XI.Enfermedades del sistema digestivo;2022;53
05 Ávila;Hombres;068-072 XI.Enfermedades del sistema digestivo;2021;56
05 Ávila;Hombres;068-072 XI.Enfermedades del sistema digestivo;2020;44
05 Ávila;Hombres;068-072 XI.Enfermedades del sistema digestivo;2019;46
05 Ávila;Hombres;068-072 XI.Enfermedades del sistema digestivo;2018;45
05 Ávila;Hombres;073 XII.Enfermedades de la piel y del tejido subcutáneo;2022;3
05 Ávila;Hombres;073 XII.Enfermedades de la piel y del tejido subcutáneo;2021;2
05 Ávila;Hombres;073 XII.Enfermedades de la piel y del tejido subcutáneo;2020;5
05 Ávila;Hombres;073 XII.Enfermedades de la piel y del tejido subcutáneo;2019;4
05 Ávila;Hombres;073 XII.Enfermedades de la piel y del tejido subcutáneo;2018;8
05 Ávila;Hombres;074-076 XIII.Enfermedades del sistema osteomuscular y del tejido conjuntivo;2022;10
05 Ávila;Hombres;074-076 XIII.Enfermedades del sistema osteomuscular y del tejido conjuntivo;2021;11
05 Ávila;Hombres;074-076 XIII.Enfermedades del sistema osteomuscular y del tejido conjuntivo;2020;11
05 Ávila;Hombres;074-076 XIII.Enfermedades del sistema osteomuscular y del tejido conjuntivo;2019;14
05 Ávila;Hombres;074-076 XIII.Enfermedades del sistema osteomuscular y del tejido conjuntivo;2018;10
05 Ávila;Hombres;077-080 XIV.Enfermedades del sistema genitourinario;2022;39
05 Ávila;Hombres;077-080 XIV.Enfermedades del sistema genitourinario;2021;33
05 Ávila;Hombres;077-080 XIV.Enfermedades del sistema genitourinario;2020;31
05 Ávila;Hombres;077-080 XIV.Enfermedades del sistema genitourinario;2019;25
05 Ávila;Hombres;077-080 XIV.Enfermedades del sistema genitourinario;2018;34
05 Ávila;Hombres;081 XV.Embarazo, parto y puerperio;2022;0
05 Ávila;Hombres;081 XV.Embarazo, parto y puerperio;2021;0
05 Ávila;Hombres;081 XV.Embarazo, parto y puerperio;2020;0
05 Ávila;Hombres;081 XV.Embarazo, parto y puerperio;2019;0
05 Ávila;Hombres;081 XV.Embarazo, parto y puerperio;2018;0
05 Ávila;Hombres;082 XVI.Afecciones originadas en el periodo perinatal;2022;0
05 Ávila;Hombres;082 XVI.Afecciones originadas en el periodo perinatal;2021;0
05 Ávila;Hombres;082 XVI.Afecciones originadas en el periodo perinatal;2020;0
05 Ávila;Hombres;082 XVI.Afecciones originadas en el periodo perinatal;2019;0
05 Ávila;Hombres;082 XVI.Afecciones originadas en el periodo perinatal;2018;1
05 Ávila;Hombres;083-085 XVII.Malformaciones congénitas, deformidades y anomalías cromosómicas;2022;2
05 Ávila;Hombres;083-085 XVII.Malformaciones congénitas, deformidades y anomalías cromosómicas;2021;2
05 Ávila;Hombres;083-085 XVII.Malformaciones congénitas, deformidades y anomalías cromosómicas;2020;1
05 Ávila;Hombres;083-085 XVII.Malformaciones congénitas, deformidades y anomalías cromosómicas;2019;0
05 Ávila;Hombres;083-085 XVII.Malformaciones congénitas, deformidades y anomalías cromosómicas;2018;1
05 Ávila;Hombres;086-089 XVIII.Síntomas, signos y hallazgos anormales clínicos y de laboratorio, no clasificados en otra parte;2022;13
05 Ávila;Hombres;086-089 XVIII.Síntomas, signos y hallazgos anormales clínicos y de laboratorio, no clasificados en otra parte;2021;20
05 Ávila;Hombres;086-089 XVIII.Síntomas, signos y hallazgos anormales clínicos y de laboratorio, no clasificados en otra parte;2020;18
05 Ávila;Hombres;086-089 XVIII.Síntomas, signos y hallazgos anormales clínicos y de laboratorio, no clasificados en otra parte;2019;35
05 Ávila;Hombres;086-089 XVIII.Síntomas, signos y hallazgos anormales clínicos y de laboratorio, no clasificados en otra parte;2018;22
05 Ávila;Hombres;090-102 XX.Causas externas de mortalidad;2022;70
05 Ávila;Hombres;090-102 XX.Causas externas de mortalidad;2021;50
05 Ávila;Hombres;090-102 XX.Causas externas de mortalidad;2020;54
05 Ávila;Hombres;090-102 XX.Causas externas de mortalidad;2019;45
05 Ávila;Hombres;090-102 XX.Causas externas de mortalidad;2018;55
05 Ávila;Mujeres;001-008 I.Enfermedades infecciosas y parasitarias;2022;123
05 Ávila;Mujeres;001-008 I.Enfermedades infecciosas y parasitarias;2021;80
05 Ávila;Mujeres;001-008 I.Enfermedades infecciosas y parasitarias;2020;265
05 Ávila;Mujeres;001-008 I.Enfermedades infecciosas y parasitarias;2019;21
05 Ávila;Mujeres;001-008 I.Enfermedades infecciosas y parasitarias;2018;25
05 Ávila;Mujeres;009-041 II.Tumores;2022;190
05 Ávila;Mujeres;009-041 II.Tumores;2021;160
05 Ávila;Mujeres;009-041 II.Tumores;2020;175
05 Ávila;Mujeres;009-041 II.Tumores;2019;155
05 Ávila;Mujeres;009-041 II.Tumores;2018;170
05 Ávila;Mujeres;042-043 III.Enfermedades de la sangre y de los órganos hematopoyéticos, y ciertos trastornos que afectan al mecanismo de la inmunidad;2022;9
05 Ávila;Mujeres;042-043 III.Enfermedades de la sangre y de los órganos hematopoyéticos, y ciertos trastornos que afectan al mecanismo de la inmunidad;2021;11
05 Ávila;Mujeres;042-043 III.Enfermedades de la sangre y de los órganos hematopoyéticos, y ciertos trastornos que afectan al mecanismo de la inmunidad;2020;9
05 Ávila;Mujeres;042-043 III.Enfermedades de la sangre y de los órganos hematopoyéticos, y ciertos trastornos que afectan al mecanismo de la inmunidad;2019;8
05 Ávila;Mujeres;042-043 III.Enfermedades de la sangre y de los órganos hematopoyéticos, y ciertos trastornos que afectan al mecanismo de la inmunidad;2018;3
05 Ávila;Mujeres;044-045 IV.Enfermedades endocrinas, nutricionales y metabólicas;2022;60
05 Ávila;Mujeres;044-045 IV.Enfermedades endocrinas, nutricionales y metabólicas;2021;54
05 Ávila;Mujeres;044-045 IV.Enfermedades endocrinas, nutricionales y metabólicas;2020;64
05 Ávila;Mujeres;044-045 IV.Enfermedades endocrinas, nutricionales y metabólicas;2019;37
05 Ávila;Mujeres;044-045 IV.Enfermedades endocrinas, nutricionales y metabólicas;2018;52
05 Ávila;Mujeres;046-049 V.Trastornos mentales y del comportamiento;2022;56
05 Ávila;Mujeres;046-049 V.Trastornos mentales y del comportamiento;2021;58
05 Ávila;Mujeres;046-049 V.Trastornos mentales y del comportamiento;2020;55
05 Ávila;Mujeres;046-049 V.Trastornos mentales y del comportamiento;2019;66
05 Ávila;Mujeres;046-049 V.Trastornos mentales y del comportamiento;2018;52
05 Ávila;Mujeres;050-052 VI-VIII.Enfermedades del sistema nervioso y de los órganos de los sentidos;2022;57
05 Ávila;Mujeres;050-052 VI-VIII.Enfermedades del sistema nervioso y de los órganos de los sentidos;2021;44
05 Ávila;Mujeres;050-052 VI-VIII.Enfermedades del sistema nervioso y de los órganos de los sentidos;2020;73
05 Ávila;Mujeres;050-052 VI-VIII.Enfermedades del sistema nervioso y de los órganos de los sentidos;2019;60
05 Ávila;Mujeres;050-052 VI-VIII.Enfermedades del sistema nervioso y de los órganos de los sentidos;2018;65
05 Ávila;Mujeres;053-061 IX.Enfermedades del sistema circulatorio;2022;282
05 Ávila;Mujeres;053-061 IX.Enfermedades del sistema circulatorio;2021;274
05 Ávila;Mujeres;053-061 IX.Enfermedades del sistema circulatorio;2020;270
05 Ávila;Mujeres;053-061 IX.Enfermedades del sistema circulatorio;2019;295
05 Ávila;Mujeres;053-061 IX.Enfermedades del sistema circulatorio;2018;292
05 Ávila;Mujeres;062-067 X.Enfermedades del sistema respiratorio;2022;80
05 Ávila;Mujeres;062-067 X.Enfermedades del sistema respiratorio;2021;66
05 Ávila;Mujeres;062-067 X.Enfermedades del sistema respiratorio;2020;75
05 Ávila;Mujeres;062-067 X.Enfermedades del sistema respiratorio;2019;106
05 Ávila;Mujeres;062-067 X.Enfermedades del sistema respiratorio;2018;114
05 Ávila;Mujeres;068-072 XI.Enfermedades del sistema digestivo;2022;58
05 Ávila;Mujeres;068-072 XI.Enfermedades del sistema digestivo;2021;60
05 Ávila;Mujeres;068-072 XI.Enfermedades del sistema digestivo;2020;57
05 Ávila;Mujeres;068-072 XI.Enfermedades del sistema digestivo;2019;44
05 Ávila;Mujeres;068-072 XI.Enfermedades del sistema digestivo;2018;43
05 Ávila;Mujeres;073 XII.Enfermedades de la piel y del tejido subcutáneo;2022;3
05 Ávila;Mujeres;073 XII.Enfermedades de la piel y del tejido subcutáneo;2021;6
05 Ávila;Mujeres;073 XII.Enfermedades de la piel y del tejido subcutáneo;2020;10
05 Ávila;Mujeres;073 XII.Enfermedades de la piel y del tejido subcutáneo;2019;4
05 Ávila;Mujeres;073 XII.Enfermedades de la piel y del tejido subcutáneo;2018;5
05 Ávila;Mujeres;074-076 XIII.Enfermedades del sistema osteomuscular y del tejido conjuntivo;2022;36
05 Ávila;Mujeres;074-076 XIII.Enfermedades del sistema osteomuscular y del tejido conjuntivo;2021;26
05 Ávila;Mujeres;074-076 XIII.Enfermedades del sistema osteomuscular y del tejido conjuntivo;2020;26
05 Ávila;Mujeres;074-076 XIII.Enfermedades del sistema osteomuscular y del tejido conjuntivo;2019;20
05 Ávila;Mujeres;074-076 XIII.Enfermedades del sistema osteomuscular y del tejido conjuntivo;2018;20
05 Ávila;Mujeres;077-080 XIV.Enfermedades del sistema genitourinario;2022;45
05 Ávila;Mujeres;077-080 XIV.Enfermedades del sistema genitourinario;2021;39
05 Ávila;Mujeres;077-080 XIV.Enfermedades del sistema genitourinario;2020;34
05 Ávila;Mujeres;077-080 XIV.Enfermedades del sistema genitourinario;2019;27
05 Ávila;Mujeres;077-080 XIV.Enfermedades del sistema genitourinario;2018;40
05 Ávila;Mujeres;081 XV.Embarazo, parto y puerperio;2022;0
05 Ávila;Mujeres;081 XV.Embarazo, parto y puerperio;2021;0
05 Ávila;Mujeres;081 XV.Embarazo, parto y puerperio;2020;0
05 Ávila;Mujeres;081 XV.Embarazo, parto y puerperio;2019;0
05 Ávila;Mujeres;081 XV.Embarazo, parto y puerperio;2018;0
05 Ávila;Mujeres;082 XVI.Afecciones originadas en el periodo perinatal;2022;0
05 Ávila;Mujeres;082 XVI.Afecciones originadas en el periodo perinatal;2021;0
05 Ávila;Mujeres;082 XVI.Afecciones originadas en el periodo perinatal;2020;0
05 Ávila;Mujeres;082 XVI.Afecciones originadas en el periodo perinatal;2019;0
05 Ávila;Mujeres;082 XVI.Afecciones originadas en el periodo perinatal;2018;0
05 Ávila;Mujeres;083-085 XVII.Malformaciones congénitas, deformidades y anomalías cromosómicas;2022;2
05 Ávila;Mujeres;083-085 XVII.Malformaciones congénitas, deformidades y anomalías cromosómicas;2021;2
05 Ávila;Mujeres;083-085 XVII.Malformaciones congénitas, deformidades y anomalías cromosómicas;2020;1
05 Ávila;Mujeres;083-085 XVII.Malformaciones congénitas, deformidades y anomalías cromosómicas;2019;1
05 Ávila;Mujeres;083-085 XVII.Malformaciones congénitas, deformidades y anomalías cromosómicas;2018;0
05 Ávila;Mujeres;086-089 XVIII.Síntomas, signos y hallazgos anormales clínicos y de laboratorio, no clasificados en otra parte;2022;23
05 Ávila;Mujeres;086-089 XVIII.Síntomas, signos y hallazgos anormales clínicos y de laboratorio, no clasificados en otra parte;2021;23
05 Ávila;Mujeres;086-089 XVIII.Síntomas, signos y hallazgos anormales clínicos y de laboratorio, no clasificados en otra parte;2020;32
05 Ávila;Mujeres;086-089 XVIII.Síntomas, signos y hallazgos anormales clínicos y de laboratorio, no clasificados en otra parte;2019;31
05 Ávila;Mujeres;086-089 XVIII.Síntomas, signos y hallazgos anormales clínicos y de laboratorio, no clasificados en otra parte;2018;37
05 Ávila;Mujeres;090-102 XX.Causas externas de mortalidad;2022;38
05 Ávila;Mujeres;090-102 XX.Causas externas de mortalidad;2021;26
05 Ávila;Mujeres;090-102 XX.Causas externas de mortalidad;2020;26
05 Ávila;Mujeres;090-102 XX.Causas externas de mortalidad;2019;25
05 Ávila;Mujeres;090-102 XX.Causas externas de mortalidad;2018;36
06 Badajoz;Hombres;001-008 I.Enfermedades infecciosas y parasitarias;2022;303
06 Badajoz;Hombres;001-008 I.Enfermedades infecciosas y parasitarias;2021;408
06 Badajoz;Hombres;001-008 I.Enfermedades infecciosas y parasitarias;2020;317
06 Badajoz;Hombres;001-008 I.Enfermedades infecciosas y parasitarias;2019;44
06 Badajoz;Hombres;001-008 I.Enfermedades infecciosas y parasitarias;2018;59
06 Badajoz;Hombres;009-041 II.Tumores;2022;1.063
06 Badajoz;Hombres;009-041 II.Tumores;2021;1.082
06 Badajoz;Hombres;009-041 II.Tumores;2020;1.123
06 Badajoz;Hombres;009-041 II.Tumores;2019;1.150
06 Badajoz;Hombres;009-041 II.Tumores;2018;1.181
06 Badajoz;Hombres;042-043 III.Enfermedades de la sangre y de los órganos hematopoyéticos, y ciertos trastornos que afectan al mecanismo de la inmunidad;2022;18
06 Badajoz;Hombres;042-043 III.Enfermedades de la sangre y de los órganos hematopoyéticos, y ciertos trastornos que afectan al mecanismo de la inmunidad;2021;24
06 Badajoz;Hombres;042-043 III.Enfermedades de la sangre y de los órganos hematopoyéticos, y ciertos trastornos que afectan al mecanismo de la inmunidad;2020;13
06 Badajoz;Hombres;042-043 III.Enfermedades de la sangre y de los órganos hematopoyéticos, y ciertos trastornos que afectan al mecanismo de la inmunidad;2019;12
06 Badajoz;Hombres;042-043 III.Enfermedades de la sangre y de los órganos hematopoyéticos, y ciertos trastornos que afectan al mecanismo de la inmunidad;2018;14
06 Badajoz;Hombres;044-045 IV.Enfermedades endocrinas, nutricionales y metabólicas;2022;89
06 Badajoz;Hombres;044-045 IV.Enfermedades endocrinas, nutricionales y metabólicas;2021;74
06 Badajoz;Hombres;044-045 IV.Enfermedades endocrinas, nutricionales y metabólicas;2020;92
06 Badajoz;Hombres;044-045 IV.Enfermedades endocrinas, nutricionales y metabólicas;2019;74
06 Badajoz;Hombres;044-045 IV.Enfermedades endocrinas, nutricionales y metabólicas;2018;69
06 Badajoz;Hombres;046-049 V.Trastornos mentales y del comportamiento;2022;70
06 Badajoz;Hombres;046-049 V.Trastornos mentales y del comportamiento;2021;65
06 Badajoz;Hombres;046-049 V.Trastornos mentales y del comportamiento;2020;102
06 Badajoz;Hombres;046-049 V.Trastornos mentales y del comportamiento;2019;105
06 Badajoz;Hombres;046-049 V.Trastornos mentales y del comportamiento;2018;111
06 Badajoz;Hombres;050-052 VI-VIII.Enfermedades del sistema nervioso y de los órganos de los sentidos;2022;129
06 Badajoz;Hombres;050-052 VI-VIII.Enfermedades del sistema nervioso y de los órganos de los sentidos;2021;121
06 Badajoz;Hombres;050-052 VI-VIII.Enfermedades del sistema nervioso y de los órganos de los sentidos;2020;173
06 Badajoz;Hombres;050-052 VI-VIII.Enfermedades del sistema nervioso y de los órganos de los sentidos;2019;146
06 Badajoz;Hombres;050-052 VI-VIII.Enfermedades del sistema nervioso y de los órganos de los sentidos;2018;159
06 Badajoz;Hombres;053-061 IX.Enfermedades del sistema circulatorio;2022;1.003
06 Badajoz;Hombres;053-061 IX.Enfermedades del sistema circulatorio;2021;1.104
06 Badajoz;Hombres;053-061 IX.Enfermedades del sistema circulatorio;2020;987
06 Badajoz;Hombres;053-061 IX.Enfermedades del sistema circulatorio;2019;872
06 Badajoz;Hombres;053-061 IX.Enfermedades del sistema circulatorio;2018;892
06 Badajoz;Hombres;062-067 X.Enfermedades del sistema respiratorio;2022;461
06 Badajoz;Hombres;062-067 X.Enfermedades del sistema respiratorio;2021;380
06 Badajoz;Hombres;062-067 X.Enfermedades del sistema respiratorio;2020;473
06 Badajoz;Hombres;062-067 X.Enfermedades del sistema respiratorio;2019;521
06 Badajoz;Hombres;062-067 X.Enfermedades del sistema respiratorio;2018;508
06 Badajoz;Hombres;068-072 XI.Enfermedades del sistema digestivo;2022;182
06 Badajoz;Hombres;068-072 XI.Enfermedades del sistema digestivo;2021;204
06 Badajoz;Hombres;068-072 XI.Enfermedades del sistema digestivo;2020;189
06 Badajoz;Hombres;068-072 XI.Enfermedades del sistema digestivo;2019;195
06 Badajoz;Hombres;068-072 XI.Enfermedades del sistema digestivo;2018;184
06 Badajoz;Hombres;073 XII.Enfermedades de la piel y del tejido subcutáneo;2022;16
06 Badajoz;Hombres;073 XII.Enfermedades de la piel y del tejido subcutáneo;2021;19
06 Badajoz;Hombres;073 XII.Enfermedades de la piel y del tejido subcutáneo;2020;18
06 Badajoz;Hombres;073 XII.Enfermedades de la piel y del tejido subcutáneo;2019;8
06 Badajoz;Hombres;073 XII.Enfermedades de la piel y del tejido subcutáneo;2018;13
06 Badajoz;Hombres;074-076 XIII.Enfermedades del sistema osteomuscular y del tejido conjuntivo;2022;36
06 Badajoz;Hombres;074-076 XIII.Enfermedades del sistema osteomuscular y del tejido conjuntivo;2021;30
06 Badajoz;Hombres;074-076 XIII.Enfermedades del sistema osteomuscular y del tejido conjuntivo;2020;36
06 Badajoz;Hombres;074-076 XIII.Enfermedades del sistema osteomuscular y del tejido conjuntivo;2019;32
06 Badajoz;Hombres;074-076 XIII.Enfermedades del sistema osteomuscular y del tejido conjuntivo;2018;28
06 Badajoz;Hombres;077-080 XIV.Enfermedades del sistema genitourinario;2022;121
06 Badajoz;Hombres;077-080 XIV.Enfermedades del sistema genitourinario;2021;132
06 Badajoz;Hombres;077-080 XIV.Enfermedades del sistema genitourinario;2020;131
06 Badajoz;Hombres;077-080 XIV.Enfermedades del sistema genitourinario;2019;91
06 Badajoz;Hombres;077-080 XIV.Enfermedades del sistema genitourinario;2018;118
06 Badajoz;Hombres;081 XV.Embarazo, parto y puerperio;2022;0
06 Badajoz;Hombres;081 XV.Embarazo, parto y puerperio;2021;0
06 Badajoz;Hombres;081 XV.Embarazo, parto y puerperio;2020;0
06 Badajoz;Hombres;081 XV.Embarazo, parto y puerperio;2019;0
06 Badajoz;Hombres;081 XV.Embarazo, parto y puerperio;2018;0
06 Badajoz;Hombres;082 XVI.Afecciones originadas en el periodo perinatal;2022;7
06 Badajoz;Hombres;082 XVI.Afecciones originadas en el periodo perinatal;2021;1
06 Badajoz;Hombres;082 XVI.Afecciones originadas en el periodo perinatal;2020;2
06 Badajoz;Hombres;082 XVI.Afecciones originadas en el periodo perinatal;2019;4
06 Badajoz;Hombres;082 XVI.Afecciones originadas en el periodo perinatal;2018;4
06 Badajoz;Hombres;083-085 XVII.Malformaciones congénitas, deformidades y anomalías cromosómicas;2022;6
06 Badajoz;Hombres;083-085 XVII.Malformaciones congénitas, deformidades y anomalías cromosómicas;2021;5
06 Badajoz;Hombres;083-085 XVII.Malformaciones congénitas, deformidades y anomalías cromosómicas;2020;4
06 Badajoz;Hombres;083-085 XVII.Malformaciones congénitas, deformidades y anomalías cromosómicas;2019;7
06 Badajoz;Hombres;083-085 XVII.Malformaciones congénitas, deformidades y anomalías cromosómicas;2018;7
06 Badajoz;Hombres;086-089 XVIII.Síntomas, signos y hallazgos anormales clínicos y de laboratorio, no clasificados en otra parte;2022;78
06 Badajoz;Hombres;086-089 XVIII.Síntomas, signos y hallazgos anormales clínicos y de laboratorio, no clasificados en otra parte;2021;67
06 Badajoz;Hombres;086-089 XVIII.Síntomas, signos y hallazgos anormales clínicos y de laboratorio, no clasificados en otra parte;2020;60
06 Badajoz;Hombres;086-089 XVIII.Síntomas, signos y hallazgos anormales clínicos y de laboratorio, no clasificados en otra parte;2019;127
06 Badajoz;Hombres;086-089 XVIII.Síntomas, signos y hallazgos anormales clínicos y de laboratorio, no clasificados en otra parte;2018;98
06 Badajoz;Hombres;090-102 XX.Causas externas de mortalidad;2022;158
06 Badajoz;Hombres;090-102 XX.Causas externas de mortalidad;2021;160
06 Badajoz;Hombres;090-102 XX.Causas externas de mortalidad;2020;143
06 Badajoz;Hombres;090-102 XX.Causas externas de mortalidad;2019;122
06 Badajoz;Hombres;090-102 XX.Causas externas de mortalidad;2018;114
06 Badajoz;Mujeres;001-008 I.Enfermedades infecciosas y parasitarias;2022;302
06 Badajoz;Mujeres;001-008 I.Enfermedades infecciosas y parasitarias;2021;380
06 Badajoz;Mujeres;001-008 I.Enfermedades infecciosas y parasitarias;2020;291
06 Badajoz;Mujeres;001-008 I.Enfermedades infecciosas y parasitarias;2019;41
06 Badajoz;Mujeres;001-008 I.Enfermedades infecciosas y parasitarias;2018;44
06 Badajoz;Mujeres;009-041 II.Tumores;2022;675
06 Badajoz;Mujeres;009-041 II.Tumores;2021;681
06 Badajoz;Mujeres;009-041 II.Tumores;2020;659
06 Badajoz;Mujeres;009-041 II.Tumores;2019;676
06 Badajoz;Mujeres;009-041 II.Tumores;2018;685
06 Badajoz;Mujeres;042-043 III.Enfermedades de la sangre y de los órganos hematopoyéticos, y ciertos trastornos que afectan al mecanismo de la inmunidad;2022;38
06 Badajoz;Mujeres;042-043 III.Enfermedades de la sangre y de los órganos hematopoyéticos, y ciertos trastornos que afectan al mecanismo de la inmunidad;2021;22
06 Badajoz;Mujeres;042-043 III.Enfermedades de la sangre y de los órganos hematopoyéticos, y ciertos trastornos que afectan al mecanismo de la inmunidad;2020;26
06 Badajoz;Mujeres;042-043 III.Enfermedades de la sangre y de los órganos hematopoyéticos, y ciertos trastornos que afectan al mecanismo de la inmunidad;2019;24
06 Badajoz;Mujeres;042-043 III.Enfermedades de la sangre y de los órganos hematopoyéticos, y ciertos trastornos que afectan al mecanismo de la inmunidad;2018;15
06 Badajoz;Mujeres;044-045 IV.Enfermedades endocrinas, nutricionales y metabólicas;2022;151
06 Badajoz;Mujeres;044-045 IV.Enfermedades endocrinas, nutricionales y metabólicas;2021;127
06 Badajoz;Mujeres;044-045 IV.Enfermedades endocrinas, nutricionales y metabólicas;2020;138
06 Badajoz;Mujeres;044-045 IV.Enfermedades endocrinas, nutricionales y metabólicas;2019;114
06 Badajoz;Mujeres;044-045 IV.Enfermedades endocrinas, nutricionales y metabólicas;2018;123
06 Badajoz;Mujeres;046-049 V.Trastornos mentales y del comportamiento;2022;123
06 Badajoz;Mujeres;046-049 V.Trastornos mentales y del comportamiento;2021;109
06 Badajoz;Mujeres;046-049 V.Trastornos mentales y del comportamiento;2020;189
06 Badajoz;Mujeres;046-049 V.Trastornos mentales y del comportamiento;2019;176
06 Badajoz;Mujeres;046-049 V.Trastornos mentales y del comportamiento;2018;176
06 Badajoz;Mujeres;050-052 VI-VIII.Enfermedades del sistema nervioso y de los órganos de los sentidos;2022;190
06 Badajoz;Mujeres;050-052 VI-VIII.Enfermedades del sistema nervioso y de los órganos de los sentidos;2021;202
06 Badajoz;Mujeres;050-052 VI-VIII.Enfermedades del sistema nervioso y de los órganos de los sentidos;2020;251
06 Badajoz;Mujeres;050-052 VI-VIII.Enfermedades del sistema nervioso y de los órganos de los sentidos;2019;213
06 Badajoz;Mujeres;050-052 VI-VIII.Enfermedades del sistema nervioso y de los órganos de los sentidos;2018;272
06 Badajoz;Mujeres;053-061 IX.Enfermedades del sistema circulatorio;2022;1.124
06 Badajoz;Mujeres;053-061 IX.Enfermedades del sistema circulatorio;2021;1.151
06 Badajoz;Mujeres;053-061 IX.Enfermedades del sistema circulatorio;2020;1.094
06 Badajoz;Mujeres;053-061 IX.Enfermedades del sistema circulatorio;2019;1.092
06 Badajoz;Mujeres;053-061 IX.Enfermedades del sistema circulatorio;2018;1.142
06 Badajoz;Mujeres;062-067 X.Enfermedades del sistema respiratorio;2022;319
06 Badajoz;Mujeres;062-067 X.Enfermedades del sistema respiratorio;2021;283
06 Badajoz;Mujeres;062-067 X.Enfermedades del sistema respiratorio;2020;373
06 Badajoz;Mujeres;062-067 X.Enfermedades del sistema respiratorio;2019;387
06 Badajoz;Mujeres;062-067 X.Enfermedades del sistema respiratorio;2018;419
06 Badajoz;Mujeres;068-072 XI.Enfermedades del sistema digestivo;2022;176
06 Badajoz;Mujeres;068-072 XI.Enfermedades del sistema digestivo;2021;179
06 Badajoz;Mujeres;068-072 XI.Enfermedades del sistema digestivo;2020;180
06 Badajoz;Mujeres;068-072 XI.Enfermedades del sistema digestivo;2019;165
06 Badajoz;Mujeres;068-072 XI.Enfermedades del sistema digestivo;2018;189
06 Badajoz;Mujeres;073 XII.Enfermedades de la piel y del tejido subcutáneo;2022;31
06 Badajoz;Mujeres;073 XII.Enfermedades de la piel y del tejido subcutáneo;2021;40
06 Badajoz;Mujeres;073 XII.Enfermedades de la piel y del tejido subcutáneo;2020;44
06 Badajoz;Mujeres;073 XII.Enfermedades de la piel y del tejido subcutáneo;2019;14
06 Badajoz;Mujeres;073 XII.Enfermedades de la piel y del tejido subcutáneo;2018;22
06 Badajoz;Mujeres;074-076 XIII.Enfermedades del sistema osteomuscular y del tejido conjuntivo;2022;81
06 Badajoz;Mujeres;074-076 XIII.Enfermedades del sistema osteomuscular y del tejido conjuntivo;2021;63
06 Badajoz;Mujeres;074-076 XIII.Enfermedades del sistema osteomuscular y del tejido conjuntivo;2020;69
06 Badajoz;Mujeres;074-076 XIII.Enfermedades del sistema osteomuscular y del tejido conjuntivo;2019;58
06 Badajoz;Mujeres;074-076 XIII.Enfermedades del sistema osteomuscular y del tejido conjuntivo;2018;55
06 Badajoz;Mujeres;077-080 XIV.Enfermedades del sistema genitourinario;2022;185
06 Badajoz;Mujeres;077-080 XIV.Enfermedades del sistema genitourinario;2021;187
06 Badajoz;Mujeres;077-080 XIV.Enfermedades del sistema genitourinario;2020;191
06 Badajoz;Mujeres;077-080 XIV.Enfermedades del sistema genitourinario;2019;144
06 Badajoz;Mujeres;077-080 XIV.Enfermedades del sistema genitourinario;2018;147
06 Badajoz;Mujeres;081 XV.Embarazo, parto y puerperio;2022;0
06 Badajoz;Mujeres;081 XV.Embarazo, parto y puerperio;2021;0
06 Badajoz;Mujeres;081 XV.Embarazo, parto y puerperio;2020;0
06 Badajoz;Mujeres;081 XV.Embarazo, parto y puerperio;2019;0
06 Badajoz;Mujeres;081 XV.Embarazo, parto y puerperio;2018;0
06 Badajoz;Mujeres;082 XVI.Afecciones originadas en el periodo perinatal;2022;1
06 Badajoz;Mujeres;082 XVI.Afecciones originadas en el periodo perinatal;2021;0
06 Badajoz;Mujeres;082 XVI.Afecciones originadas en el periodo perinatal;2020;1
06 Badajoz;Mujeres;082 XVI.Afecciones originadas en el periodo perinatal;2019;2
06 Badajoz;Mujeres;082 XVI.Afecciones originadas en el periodo perinatal;2018;2
06 Badajoz;Mujeres;083-085 XVII.Malformaciones congénitas, deformidades y anomalías cromosómicas;2022;4
06 Badajoz;Mujeres;083-085 XVII.Malformaciones congénitas, deformidades y anomalías cromosómicas;2021;3
06 Badajoz;Mujeres;083-085 XVII.Malformaciones congénitas, deformidades y anomalías cromosómicas;2020;8
06 Badajoz;Mujeres;083-085 XVII.Malformaciones congénitas, deformidades y anomalías cromosómicas;2019;3
06 Badajoz;Mujeres;083-085 XVII.Malformaciones congénitas, deformidades y anomalías cromosómicas;2018;9
06 Badajoz;Mujeres;086-089 XVIII.Síntomas, signos y hallazgos anormales clínicos y de laboratorio, no clasificados en otra parte;2022;140
06 Badajoz;Mujeres;086-089 XVIII.Síntomas, signos y hallazgos anormales clínicos y de laboratorio, no clasificados en otra parte;2021;110
06 Badajoz;Mujeres;086-089 XVIII.Síntomas, signos y hallazgos anormales clínicos y de laboratorio, no clasificados en otra parte;2020;107
06 Badajoz;Mujeres;086-089 XVIII.Síntomas, signos y hallazgos anormales clínicos y de laboratorio, no clasificados en otra parte;2019;138
06 Badajoz;Mujeres;086-089 XVIII.Síntomas, signos y hallazgos anormales clínicos y de laboratorio, no clasificados en otra parte;2018;101
06 Badajoz;Mujeres;090-102 XX.Causas externas de mortalidad;2022;97
06 Badajoz;Mujeres;090-102 XX.Causas externas de mortalidad;2021;82
06 Badajoz;Mujeres;090-102 XX.Causas externas de mortalidad;2020;65
06 Badajoz;Mujeres;090-102 XX.Causas externas de mortalidad;2019;62
06 Badajoz;Mujeres;090-102 XX.Causas externas de mortalidad;2018;49
07 Balears, Illes;Hombres;001-008 I.Enfermedades infecciosas y parasitarias;2022;391
07 Balears, Illes;Hombres;001-008 I.Enfermedades infecciosas y parasitarias;2021;369
07 Balears, Illes;Hombres;001-008 I.Enfermedades infecciosas y parasitarias;2020;414
07 Balears, Illes;Hombres;001-008 I.Enfermedades infecciosas y parasitarias;2019;58
07 Balears, Illes;Hombres;001-008 I.Enfermedades infecciosas y parasitarias;2018;79
07 Balears, Illes;Hombres;009-041 II.Tumores;2022;1.469
07 Balears, Illes;Hombres;009-041 II.Tumores;2021;1.396
07 Balears, Illes;Hombres;009-041 II.Tumores;2020;1.348
07 Balears, Illes;Hombres;009-041 II.Tumores;2019;1.346
07 Balears, Illes;Hombres;009-041 II.Tumores;2018;1.396
07 Balears, Illes;Hombres;042-043 III.Enfermedades de la sangre y de los órganos hematopoyéticos, y ciertos trastornos que afectan al mecanismo de la inmunidad;2022;16
07 Balears, Illes;Hombres;042-043 III.Enfermedades de la sangre y de los órganos hematopoyéticos, y ciertos trastornos que afectan al mecanismo de la inmunidad;2021;22
07 Balears, Illes;Hombres;042-043 III.Enfermedades de la sangre y de los órganos hematopoyéticos, y ciertos trastornos que afectan al mecanismo de la inmunidad;2020;22
07 Balears, Illes;Hombres;042-043 III.Enfermedades de la sangre y de los órganos hematopoyéticos, y ciertos trastornos que afectan al mecanismo de la inmunidad;2019;14
07 Balears, Illes;Hombres;042-043 III.Enfermedades de la sangre y de los órganos hematopoyéticos, y ciertos trastornos que afectan al mecanismo de la inmunidad;2018;16
07 Balears, Illes;Hombres;044-045 IV.Enfermedades endocrinas, nutricionales y metabólicas;2022;192
07 Balears, Illes;Hombres;044-045 IV.Enfermedades endocrinas, nutricionales y metabólicas;2021;159
07 Balears, Illes;Hombres;044-045 IV.Enfermedades endocrinas, nutricionales y metabólicas;2020;164
07 Balears, Illes;Hombres;044-045 IV.Enfermedades endocrinas, nutricionales y metabólicas;2019;158
07 Balears, Illes;Hombres;044-045 IV.Enfermedades endocrinas, nutricionales y metabólicas;2018;155
07 Balears, Illes;Hombres;046-049 V.Trastornos mentales y del comportamiento;2022;156
07 Balears, Illes;Hombres;046-049 V.Trastornos mentales y del comportamiento;2021;118
07 Balears, Illes;Hombres;046-049 V.Trastornos mentales y del comportamiento;2020;128
07 Balears, Illes;Hombres;046-049 V.Trastornos mentales y del comportamiento;2019;154
07 Balears, Illes;Hombres;046-049 V.Trastornos mentales y del comportamiento;2018;155
07 Balears, Illes;Hombres;050-052 VI-VIII.Enfermedades del sistema nervioso y de los órganos de los sentidos;2022;245
07 Balears, Illes;Hombres;050-052 VI-VIII.Enfermedades del sistema nervioso y de los órganos de los sentidos;2021;234
07 Balears, Illes;Hombres;050-052 VI-VIII.Enfermedades del sistema nervioso y de los órganos de los sentidos;2020;206
07 Balears, Illes;Hombres;050-052 VI-VIII.Enfermedades del sistema nervioso y de los órganos de los sentidos;2019;239
07 Balears, Illes;Hombres;050-052 VI-VIII.Enfermedades del sistema nervioso y de los órganos de los sentidos;2018;216
07 Balears, Illes;Hombres;053-061 IX.Enfermedades del sistema circulatorio;2022;1.207
07 Balears, Illes;Hombres;053-061 IX.Enfermedades del sistema circulatorio;2021;1.188
07 Balears, Illes;Hombres;053-061 IX.Enfermedades del sistema circulatorio;2020;1.080
07 Balears, Illes;Hombres;053-061 IX.Enfermedades del sistema circulatorio;2019;1.111
07 Balears, Illes;Hombres;053-061 IX.Enfermedades del sistema circulatorio;2018;1.166
07 Balears, Illes;Hombres;062-067 X.Enfermedades del sistema respiratorio;2022;459
07 Balears, Illes;Hombres;062-067 X.Enfermedades del sistema respiratorio;2021;386
07 Balears, Illes;Hombres;062-067 X.Enfermedades del sistema respiratorio;2020;461
07 Balears, Illes;Hombres;062-067 X.Enfermedades del sistema respiratorio;2019;427
07 Balears, Illes;Hombres;062-067 X.Enfermedades del sistema respiratorio;2018;483
07 Balears, Illes;Hombres;068-072 XI.Enfermedades del sistema digestivo;2022;241
07 Balears, Illes;Hombres;068-072 XI.Enfermedades del sistema digestivo;2021;241
07 Balears, Illes;Hombres;068-072 XI.Enfermedades del sistema digestivo;2020;203
07 Balears, Illes;Hombres;068-072 XI.Enfermedades del sistema digestivo;2019;233
07 Balears, Illes;Hombres;068-072 XI.Enfermedades del sistema digestivo;2018;236
07 Balears, Illes;Hombres;073 XII.Enfermedades de la piel y del tejido subcutáneo;2022;20
07 Balears, Illes;Hombres;073 XII.Enfermedades de la piel y del tejido subcutáneo;2021;17
07 Balears, Illes;Hombres;073 XII.Enfermedades de la piel y del tejido subcutáneo;2020;9
07 Balears, Illes;Hombres;073 XII.Enfermedades de la piel y del tejido subcutáneo;2019;9
07 Balears, Illes;Hombres;073 XII.Enfermedades de la piel y del tejido subcutáneo;2018;5
07 Balears, Illes;Hombres;074-076 XIII.Enfermedades del sistema osteomuscular y del tejido conjuntivo;2022;31
07 Balears, Illes;Hombres;074-076 XIII.Enfermedades del sistema osteomuscular y del tejido conjuntivo;2021;42
07 Balears, Illes;Hombres;074-076 XIII.Enfermedades del sistema osteomuscular y del tejido conjuntivo;2020;38
07 Balears, Illes;Hombres;074-076 XIII.Enfermedades del sistema osteomuscular y del tejido conjuntivo;2019;38
07 Balears, Illes;Hombres;074-076 XIII.Enfermedades del sistema osteomuscular y del tejido conjuntivo;2018;27
07 Balears, Illes;Hombres;077-080 XIV.Enfermedades del sistema genitourinario;2022;141
07 Balears, Illes;Hombres;077-080 XIV.Enfermedades del sistema genitourinario;2021;126
07 Balears, Illes;Hombres;077-080 XIV.Enfermedades del sistema genitourinario;2020;120
07 Balears, Illes;Hombres;077-080 XIV.Enfermedades del sistema genitourinario;2019;112
07 Balears, Illes;Hombres;077-080 XIV.Enfermedades del sistema genitourinario;2018;123
07 Balears, Illes;Hombres;081 XV.Embarazo, parto y puerperio;2022;0
07 Balears, Illes;Hombres;081 XV.Embarazo, parto y puerperio;2021;0
07 Balears, Illes;Hombres;081 XV.Embarazo, parto y puerperio;2020;0
07 Balears, Illes;Hombres;081 XV.Embarazo, parto y puerperio;2019;0
07 Balears, Illes;Hombres;081 XV.Embarazo, parto y puerperio;2018;0
07 Balears, Illes;Hombres;082 XVI.Afecciones originadas en el periodo perinatal;2022;10
07 Balears, Illes;Hombres;082 XVI.Afecciones originadas en el periodo perinatal;2021;7
07 Balears, Illes;Hombres;082 XVI.Afecciones originadas en el periodo perinatal;2020;5
07 Balears, Illes;Hombres;082 XVI.Afecciones originadas en el periodo perinatal;2019;10
07 Balears, Illes;Hombres;082 XVI.Afecciones originadas en el periodo perinatal;2018;6
07 Balears, Illes;Hombres;083-085 XVII.Malformaciones congénitas, deformidades y anomalías cromosómicas;2022;12
07 Balears, Illes;Hombres;083-085 XVII.Malformaciones congénitas, deformidades y anomalías cromosómicas;2021;4
07 Balears, Illes;Hombres;083-085 XVII.Malformaciones congénitas, deformidades y anomalías cromosómicas;2020;6
07 Balears, Illes;Hombres;083-085 XVII.Malformaciones congénitas, deformidades y anomalías cromosómicas;2019;11
07 Balears, Illes;Hombres;083-085 XVII.Malformaciones congénitas, deformidades y anomalías cromosómicas;2018;4
07 Balears, Illes;Hombres;086-089 XVIII.Síntomas, signos y hallazgos anormales clínicos y de laboratorio, no clasificados en otra parte;2022;89
07 Balears, Illes;Hombres;086-089 XVIII.Síntomas, signos y hallazgos anormales clínicos y de laboratorio, no clasificados en otra parte;2021;55
07 Balears, Illes;Hombres;086-089 XVIII.Síntomas, signos y hallazgos anormales clínicos y de laboratorio, no clasificados en otra parte;2020;33
07 Balears, Illes;Hombres;086-089 XVIII.Síntomas, signos y hallazgos anormales clínicos y de laboratorio, no clasificados en otra parte;2019;74
07 Balears, Illes;Hombres;086-089 XVIII.Síntomas, signos y hallazgos anormales clínicos y de laboratorio, no clasificados en otra parte;2018;79
07 Balears, Illes;Hombres;090-102 XX.Causas externas de mortalidad;2022;323
07 Balears, Illes;Hombres;090-102 XX.Causas externas de mortalidad;2021;293
07 Balears, Illes;Hombres;090-102 XX.Causas externas de mortalidad;2020;254
07 Balears, Illes;Hombres;090-102 XX.Causas externas de mortalidad;2019;288
07 Balears, Illes;Hombres;090-102 XX.Causas externas de mortalidad;2018;284
07 Balears, Illes;Mujeres;001-008 I.Enfermedades infecciosas y parasitarias;2022;344
07 Balears, Illes;Mujeres;001-008 I.Enfermedades infecciosas y parasitarias;2021;335
07 Balears, Illes;Mujeres;001-008 I.Enfermedades infecciosas y parasitarias;2020;319
07 Balears, Illes;Mujeres;001-008 I.Enfermedades infecciosas y parasitarias;2019;61
07 Balears, Illes;Mujeres;001-008 I.Enfermedades infecciosas y parasitarias;2018;85
07 Balears, Illes;Mujeres;009-041 II.Tumores;2022;953
07 Balears, Illes;Mujeres;009-041 II.Tumores;2021;933
07 Balears, Illes;Mujeres;009-041 II.Tumores;2020;955
07 Balears, Illes;Mujeres;009-041 II.Tumores;2019;936
07 Balears, Illes;Mujeres;009-041 II.Tumores;2018;888
07 Balears, Illes;Mujeres;042-043 III.Enfermedades de la sangre y de los órganos hematopoyéticos, y ciertos trastornos que afectan al mecanismo de la inmunidad;2022;35
07 Balears, Illes;Mujeres;042-043 III.Enfermedades de la sangre y de los órganos hematopoyéticos, y ciertos trastornos que afectan al mecanismo de la inmunidad;2021;26
07 Balears, Illes;Mujeres;042-043 III.Enfermedades de la sangre y de los órganos hematopoyéticos, y ciertos trastornos que afectan al mecanismo de la inmunidad;2020;26
07 Balears, Illes;Mujeres;042-043 III.Enfermedades de la sangre y de los órganos hematopoyéticos, y ciertos trastornos que afectan al mecanismo de la inmunidad;2019;23
07 Balears, Illes;Mujeres;042-043 III.Enfermedades de la sangre y de los órganos hematopoyéticos, y ciertos trastornos que afectan al mecanismo de la inmunidad;2018;19
07 Balears, Illes;Mujeres;044-045 IV.Enfermedades endocrinas, nutricionales y metabólicas;2022;219
07 Balears, Illes;Mujeres;044-045 IV.Enfermedades endocrinas, nutricionales y metabólicas;2021;178
07 Balears, Illes;Mujeres;044-045 IV.Enfermedades endocrinas, nutricionales y metabólicas;2020;169
07 Balears, Illes;Mujeres;044-045 IV.Enfermedades endocrinas, nutricionales y metabólicas;2019;179
07 Balears, Illes;Mujeres;044-045 IV.Enfermedades endocrinas, nutricionales y metabólicas;2018;157
07 Balears, Illes;Mujeres;046-049 V.Trastornos mentales y del comportamiento;2022;281
07 Balears, Illes;Mujeres;046-049 V.Trastornos mentales y del comportamiento;2021;257
07 Balears, Illes;Mujeres;046-049 V.Trastornos mentales y del comportamiento;2020;247
07 Balears, Illes;Mujeres;046-049 V.Trastornos mentales y del comportamiento;2019;260
07 Balears, Illes;Mujeres;046-049 V.Trastornos mentales y del comportamiento;2018;253
07 Balears, Illes;Mujeres;050-052 VI-VIII.Enfermedades del sistema nervioso y de los órganos de los sentidos;2022;315
07 Balears, Illes;Mujeres;050-052 VI-VIII.Enfermedades del sistema nervioso y de los órganos de los sentidos;2021;302
07 Balears, Illes;Mujeres;050-052 VI-VIII.Enfermedades del sistema nervioso y de los órganos de los sentidos;2020;328
07 Balears, Illes;Mujeres;050-052 VI-VIII.Enfermedades del sistema nervioso y de los órganos de los sentidos;2019;321
07 Balears, Illes;Mujeres;050-052 VI-VIII.Enfermedades del sistema nervioso y de los órganos de los sentidos;2018;353
07 Balears, Illes;Mujeres;053-061 IX.Enfermedades del sistema circulatorio;2022;1.271
07 Balears, Illes;Mujeres;053-061 IX.Enfermedades del sistema circulatorio;2021;1.244
07 Balears, Illes;Mujeres;053-061 IX.Enfermedades del sistema circulatorio;2020;1.203
07 Balears, Illes;Mujeres;053-061 IX.Enfermedades del sistema circulatorio;2019;1.203
07 Balears, Illes;Mujeres;053-061 IX.Enfermedades del sistema circulatorio;2018;1.279
07 Balears, Illes;Mujeres;062-067 X.Enfermedades del sistema respiratorio;2022;344
07 Balears, Illes;Mujeres;062-067 X.Enfermedades del sistema respiratorio;2021;223
07 Balears, Illes;Mujeres;062-067 X.Enfermedades del sistema respiratorio;2020;275
07 Balears, Illes;Mujeres;062-067 X.Enfermedades del sistema respiratorio;2019;323
07 Balears, Illes;Mujeres;062-067 X.Enfermedades del sistema respiratorio;2018;401
07 Balears, Illes;Mujeres;068-072 XI.Enfermedades del sistema digestivo;2022;211
07 Balears, Illes;Mujeres;068-072 XI.Enfermedades del sistema digestivo;2021;224
07 Balears, Illes;Mujeres;068-072 XI.Enfermedades del sistema digestivo;2020;168
07 Balears, Illes;Mujeres;068-072 XI.Enfermedades del sistema digestivo;2019;185
07 Balears, Illes;Mujeres;068-072 XI.Enfermedades del sistema digestivo;2018;203
07 Balears, Illes;Mujeres;073 XII.Enfermedades de la piel y del tejido subcutáneo;2022;31
07 Balears, Illes;Mujeres;073 XII.Enfermedades de la piel y del tejido subcutáneo;2021;26
07 Balears, Illes;Mujeres;073 XII.Enfermedades de la piel y del tejido subcutáneo;2020;26
07 Balears, Illes;Mujeres;073 XII.Enfermedades de la piel y del tejido subcutáneo;2019;22
07 Balears, Illes;Mujeres;073 XII.Enfermedades de la piel y del tejido subcutáneo;2018;24
07 Balears, Illes;Mujeres;074-076 XIII.Enfermedades del sistema osteomuscular y del tejido conjuntivo;2022;74
07 Balears, Illes;Mujeres;074-076 XIII.Enfermedades del sistema osteomuscular y del tejido conjuntivo;2021;65
07 Balears, Illes;Mujeres;074-076 XIII.Enfermedades del sistema osteomuscular y del tejido conjuntivo;2020;79
07 Balears, Illes;Mujeres;074-076 XIII.Enfermedades del sistema osteomuscular y del tejido conjuntivo;2019;57
07 Balears, Illes;Mujeres;074-076 XIII.Enfermedades del sistema osteomuscular y del tejido conjuntivo;2018;61
07 Balears, Illes;Mujeres;077-080 XIV.Enfermedades del sistema genitourinario;2022;206
07 Balears, Illes;Mujeres;077-080 XIV.Enfermedades del sistema genitourinario;2021;188
07 Balears, Illes;Mujeres;077-080 XIV.Enfermedades del sistema genitourinario;2020;168
07 Balears, Illes;Mujeres;077-080 XIV.Enfermedades del sistema genitourinario;2019;161
07 Balears, Illes;Mujeres;077-080 XIV.Enfermedades del sistema genitourinario;2018;153
07 Balears, Illes;Mujeres;081 XV.Embarazo, parto y puerperio;2022;0
07 Balears, Illes;Mujeres;081 XV.Embarazo, parto y puerperio;2021;0
07 Balears, Illes;Mujeres;081 XV.Embarazo, parto y puerperio;2020;0
07 Balears, Illes;Mujeres;081 XV.Embarazo, parto y puerperio;2019;0
07 Balears, Illes;Mujeres;081 XV.Embarazo, parto y puerperio;2018;0
07 Balears, Illes;Mujeres;082 XVI.Afecciones originadas en el periodo perinatal;2022;4
07 Balears, Illes;Mujeres;082 XVI.Afecciones originadas en el periodo perinatal;2021;7
07 Balears, Illes;Mujeres;082 XVI.Afecciones originadas en el periodo perinatal;2020;8
07 Balears, Illes;Mujeres;082 XVI.Afecciones originadas en el periodo perinatal;2019;9
07 Balears, Illes;Mujeres;082 XVI.Afecciones originadas en el periodo perinatal;2018;6
07 Balears, Illes;Mujeres;083-085 XVII.Malformaciones congénitas, deformidades y anomalías cromosómicas;2022;8
07 Balears, Illes;Mujeres;083-085 XVII.Malformaciones congénitas, deformidades y anomalías cromosómicas;2021;10
07 Balears, Illes;Mujeres;083-085 XVII.Malformaciones congénitas, deformidades y anomalías cromosómicas;2020;5
07 Balears, Illes;Mujeres;083-085 XVII.Malformaciones congénitas, deformidades y anomalías cromosómicas;2019;11
07 Balears, Illes;Mujeres;083-085 XVII.Malformaciones congénitas, deformidades y anomalías cromosómicas;2018;6
07 Balears, Illes;Mujeres;086-089 XVIII.Síntomas, signos y hallazgos anormales clínicos y de laboratorio, no clasificados en otra parte;2022;78
07 Balears, Illes;Mujeres;086-089 XVIII.Síntomas, signos y hallazgos anormales clínicos y de laboratorio, no clasificados en otra parte;2021;44
07 Balears, Illes;Mujeres;086-089 XVIII.Síntomas, signos y hallazgos anormales clínicos y de laboratorio, no clasificados en otra parte;2020;23
07 Balears, Illes;Mujeres;086-089 XVIII.Síntomas, signos y hallazgos anormales clínicos y de laboratorio, no clasificados en otra parte;2019;51
07 Balears, Illes;Mujeres;086-089 XVIII.Síntomas, signos y hallazgos anormales clínicos y de laboratorio, no clasificados en otra parte;2018;24
07 Balears, Illes;Mujeres;090-102 XX.Causas externas de mortalidad;2022;157
07 Balears, Illes;Mujeres;090-102 XX.Causas externas de mortalidad;2021;124
07 Balears, Illes;Mujeres;090-102 XX.Causas externas de mortalidad;2020;118
07 Balears, Illes;Mujeres;090-102 XX.Causas externas de mortalidad;2019;142
07 Balears, Illes;Mujeres;090-102 XX.Causas externas de mortalidad;2018;132
08 Barcelona;Hombres;001-008 I.Enfermedades infecciosas y parasitarias;2022;2.390
08 Barcelona;Hombres;001-008 I.Enfermedades infecciosas y parasitarias;2021;3.322
08 Barcelona;Hombres;001-008 I.Enfermedades infecciosas y parasitarias;2020;6.811
08 Barcelona;Hombres;001-008 I.Enfermedades infecciosas y parasitarias;2019;310
08 Barcelona;Hombres;001-008 I.Enfermedades infecciosas y parasitarias;2018;380
08 Barcelona;Hombres;009-041 II.Tumores;2022;7.556
08 Barcelona;Hombres;009-041 II.Tumores;2021;7.492
08 Barcelona;Hombres;009-041 II.Tumores;2020;7.412
08 Barcelona;Hombres;009-041 II.Tumores;2019;7.874
08 Barcelona;Hombres;009-041 II.Tumores;2018;7.930
08 Barcelona;Hombres;042-043 III.Enfermedades de la sangre y de los órganos hematopoyéticos, y ciertos trastornos que afectan al mecanismo de la inmunidad;2022;125
08 Barcelona;Hombres;042-043 III.Enfermedades de la sangre y de los órganos hematopoyéticos, y ciertos trastornos que afectan al mecanismo de la inmunidad;2021;112
08 Barcelona;Hombres;042-043 III.Enfermedades de la sangre y de los órganos hematopoyéticos, y ciertos trastornos que afectan al mecanismo de la inmunidad;2020;101
08 Barcelona;Hombres;042-043 III.Enfermedades de la sangre y de los órganos hematopoyéticos, y ciertos trastornos que afectan al mecanismo de la inmunidad;2019;120
08 Barcelona;Hombres;042-043 III.Enfermedades de la sangre y de los órganos hematopoyéticos, y ciertos trastornos que afectan al mecanismo de la inmunidad;2018;99
08 Barcelona;Hombres;044-045 IV.Enfermedades endocrinas, nutricionales y metabólicas;2022;755
08 Barcelona;Hombres;044-045 IV.Enfermedades endocrinas, nutricionales y metabólicas;2021;730
08 Barcelona;Hombres;044-045 IV.Enfermedades endocrinas, nutricionales y metabólicas;2020;747
08 Barcelona;Hombres;044-045 IV.Enfermedades endocrinas, nutricionales y metabólicas;2019;686
08 Barcelona;Hombres;044-045 IV.Enfermedades endocrinas, nutricionales y metabólicas;2018;707
08 Barcelona;Hombres;046-049 V.Trastornos mentales y del comportamiento;2022;1.009
08 Barcelona;Hombres;046-049 V.Trastornos mentales y del comportamiento;2021;1.006
08 Barcelona;Hombres;046-049 V.Trastornos mentales y del comportamiento;2020;966
08 Barcelona;Hombres;046-049 V.Trastornos mentales y del comportamiento;2019;1.050
08 Barcelona;Hombres;046-049 V.Trastornos mentales y del comportamiento;2018;1.163
08 Barcelona;Hombres;050-052 VI-VIII.Enfermedades del sistema nervioso y de los órganos de los sentidos;2022;1.244
08 Barcelona;Hombres;050-052 VI-VIII.Enfermedades del sistema nervioso y de los órganos de los sentidos;2021;1.192
08 Barcelona;Hombres;050-052 VI-VIII.Enfermedades del sistema nervioso y de los órganos de los sentidos;2020;1.309
08 Barcelona;Hombres;050-052 VI-VIII.Enfermedades del sistema nervioso y de los órganos de los sentidos;2019;1.271
08 Barcelona;Hombres;050-052 VI-VIII.Enfermedades del sistema nervioso y de los órganos de los sentidos;2018;1.358
08 Barcelona;Hombres;053-061 IX.Enfermedades del sistema circulatorio;2022;5.999
08 Barcelona;Hombres;053-061 IX.Enfermedades del sistema circulatorio;2021;5.697
08 Barcelona;Hombres;053-061 IX.Enfermedades del sistema circulatorio;2020;5.869
08 Barcelona;Hombres;053-061 IX.Enfermedades del sistema circulatorio;2019;5.592
08 Barcelona;Hombres;053-061 IX.Enfermedades del sistema circulatorio;2018;5.750
08 Barcelona;Hombres;062-067 X.Enfermedades del sistema respiratorio;2022;2.506
08 Barcelona;Hombres;062-067 X.Enfermedades del sistema respiratorio;2021;2.172
08 Barcelona;Hombres;062-067 X.Enfermedades del sistema respiratorio;2020;2.593
08 Barcelona;Hombres;062-067 X.Enfermedades del sistema respiratorio;2019;2.766
08 Barcelona;Hombres;062-067 X.Enfermedades del sistema respiratorio;2018;3.080
08 Barcelona;Hombres;068-072 XI.Enfermedades del sistema digestivo;2022;1.238
08 Barcelona;Hombres;068-072 XI.Enfermedades del sistema digestivo;2021;1.250
08 Barcelona;Hombres;068-072 XI.Enfermedades del sistema digestivo;2020;1.113
08 Barcelona;Hombres;068-072 XI.Enfermedades del sistema digestivo;2019;1.228
08 Barcelona;Hombres;068-072 XI.Enfermedades del sistema digestivo;2018;1.208
08 Barcelona;Hombres;073 XII.Enfermedades de la piel y del tejido subcutáneo;2022;47
08 Barcelona;Hombres;073 XII.Enfermedades de la piel y del tejido subcutáneo;2021;61
08 Barcelona;Hombres;073 XII.Enfermedades de la piel y del tejido subcutáneo;2020;40
08 Barcelona;Hombres;073 XII.Enfermedades de la piel y del tejido subcutáneo;2019;55
08 Barcelona;Hombres;073 XII.Enfermedades de la piel y del tejido subcutáneo;2018;58
08 Barcelona;Hombres;074-076 XIII.Enfermedades del sistema osteomuscular y del tejido conjuntivo;2022;230
08 Barcelona;Hombres;074-076 XIII.Enfermedades del sistema osteomuscular y del tejido conjuntivo;2021;205
08 Barcelona;Hombres;074-076 XIII.Enfermedades del sistema osteomuscular y del tejido conjuntivo;2020;230
08 Barcelona;Hombres;074-076 XIII.Enfermedades del sistema osteomuscular y del tejido conjuntivo;2019;231
08 Barcelona;Hombres;074-076 XIII.Enfermedades del sistema osteomuscular y del tejido conjuntivo;2018;254
08 Barcelona;Hombres;077-080 XIV.Enfermedades del sistema genitourinario;2022;834
08 Barcelona;Hombres;077-080 XIV.Enfermedades del sistema genitourinario;2021;750
08 Barcelona;Hombres;077-080 XIV.Enfermedades del sistema genitourinario;2020;736
08 Barcelona;Hombres;077-080 XIV.Enfermedades del sistema genitourinario;2019;699
08 Barcelona;Hombres;077-080 XIV.Enfermedades del sistema genitourinario;2018;648
08 Barcelona;Hombres;081 XV.Embarazo, parto y puerperio;2022;0
08 Barcelona;Hombres;081 XV.Embarazo, parto y puerperio;2021;0
08 Barcelona;Hombres;081 XV.Embarazo, parto y puerperio;2020;0
08 Barcelona;Hombres;081 XV.Embarazo, parto y puerperio;2019;0
08 Barcelona;Hombres;081 XV.Embarazo, parto y puerperio;2018;0
08 Barcelona;Hombres;082 XVI.Afecciones originadas en el periodo perinatal;2022;38
08 Barcelona;Hombres;082 XVI.Afecciones originadas en el periodo perinatal;2021;36
08 Barcelona;Hombres;082 XVI.Afecciones originadas en el periodo perinatal;2020;37
08 Barcelona;Hombres;082 XVI.Afecciones originadas en el periodo perinatal;2019;51
08 Barcelona;Hombres;082 XVI.Afecciones originadas en el periodo perinatal;2018;46
08 Barcelona;Hombres;083-085 XVII.Malformaciones congénitas, deformidades y anomalías cromosómicas;2022;48
08 Barcelona;Hombres;083-085 XVII.Malformaciones congénitas, deformidades y anomalías cromosómicas;2021;53
08 Barcelona;Hombres;083-085 XVII.Malformaciones congénitas, deformidades y anomalías cromosómicas;2020;45
08 Barcelona;Hombres;083-085 XVII.Malformaciones congénitas, deformidades y anomalías cromosómicas;2019;50
08 Barcelona;Hombres;083-085 XVII.Malformaciones congénitas, deformidades y anomalías cromosómicas;2018;49
08 Barcelona;Hombres;086-089 XVIII.Síntomas, signos y hallazgos anormales clínicos y de laboratorio, no clasificados en otra parte;2022;307
08 Barcelona;Hombres;086-089 XVIII.Síntomas, signos y hallazgos anormales clínicos y de laboratorio, no clasificados en otra parte;2021;349
08 Barcelona;Hombres;086-089 XVIII.Síntomas, signos y hallazgos anormales clínicos y de laboratorio, no clasificados en otra parte;2020;399
08 Barcelona;Hombres;086-089 XVIII.Síntomas, signos y hallazgos anormales clínicos y de laboratorio, no clasificados en otra parte;2019;348
08 Barcelona;Hombres;086-089 XVIII.Síntomas, signos y hallazgos anormales clínicos y de laboratorio, no clasificados en otra parte;2018;264
08 Barcelona;Hombres;090-102 XX.Causas externas de mortalidad;2022;1.305
08 Barcelona;Hombres;090-102 XX.Causas externas de mortalidad;2021;1.171
08 Barcelona;Hombres;090-102 XX.Causas externas de mortalidad;2020;1.154
08 Barcelona;Hombres;090-102 XX.Causas externas de mortalidad;2019;1.211
08 Barcelona;Hombres;090-102 XX.Causas externas de mortalidad;2018;1.192
08 Barcelona;Mujeres;001-008 I.Enfermedades infecciosas y parasitarias;2022;2.050
08 Barcelona;Mujeres;001-008 I.Enfermedades infecciosas y parasitarias;2021;2.609
08 Barcelona;Mujeres;001-008 I.Enfermedades infecciosas y parasitarias;2020;6.908
08 Barcelona;Mujeres;001-008 I.Enfermedades infecciosas y parasitarias;2019;345
08 Barcelona;Mujeres;001-008 I.Enfermedades infecciosas y parasitarias;2018;383
08 Barcelona;Mujeres;009-041 II.Tumores;2022;5.413
08 Barcelona;Mujeres;009-041 II.Tumores;2021;5.273
08 Barcelona;Mujeres;009-041 II.Tumores;2020;5.412
08 Barcelona;Mujeres;009-041 II.Tumores;2019;5.381
08 Barcelona;Mujeres;009-041 II.Tumores;2018;5.249
08 Barcelona;Mujeres;042-043 III.Enfermedades de la sangre y de los órganos hematopoyéticos, y ciertos trastornos que afectan al mecanismo de la inmunidad;2022;140
08 Barcelona;Mujeres;042-043 III.Enfermedades de la sangre y de los órganos hematopoyéticos, y ciertos trastornos que afectan al mecanismo de la inmunidad;2021;143
08 Barcelona;Mujeres;042-043 III.Enfermedades de la sangre y de los órganos hematopoyéticos, y ciertos trastornos que afectan al mecanismo de la inmunidad;2020;129
08 Barcelona;Mujeres;042-043 III.Enfermedades de la sangre y de los órganos hematopoyéticos, y ciertos trastornos que afectan al mecanismo de la inmunidad;2019;144
08 Barcelona;Mujeres;042-043 III.Enfermedades de la sangre y de los órganos hematopoyéticos, y ciertos trastornos que afectan al mecanismo de la inmunidad;2018;121
08 Barcelona;Mujeres;044-045 IV.Enfermedades endocrinas, nutricionales y metabólicas;2022;956
08 Barcelona;Mujeres;044-045 IV.Enfermedades endocrinas, nutricionales y metabólicas;2021;917
08 Barcelona;Mujeres;044-045 IV.Enfermedades endocrinas, nutricionales y metabólicas;2020;952
08 Barcelona;Mujeres;044-045 IV.Enfermedades endocrinas, nutricionales y metabólicas;2019;871
08 Barcelona;Mujeres;044-045 IV.Enfermedades endocrinas, nutricionales y metabólicas;2018;857
08 Barcelona;Mujeres;046-049 V.Trastornos mentales y del comportamiento;2022;2.077
08 Barcelona;Mujeres;046-049 V.Trastornos mentales y del comportamiento;2021;1.761
08 Barcelona;Mujeres;046-049 V.Trastornos mentales y del comportamiento;2020;1.981
08 Barcelona;Mujeres;046-049 V.Trastornos mentales y del comportamiento;2019;2.105
08 Barcelona;Mujeres;046-049 V.Trastornos mentales y del comportamiento;2018;2.316
08 Barcelona;Mujeres;050-052 VI-VIII.Enfermedades del sistema nervioso y de los órganos de los sentidos;2022;1.974
08 Barcelona;Mujeres;050-052 VI-VIII.Enfermedades del sistema nervioso y de los órganos de los sentidos;2021;1.768
08 Barcelona;Mujeres;050-052 VI-VIII.Enfermedades del sistema nervioso y de los órganos de los sentidos;2020;2.236
08 Barcelona;Mujeres;050-052 VI-VIII.Enfermedades del sistema nervioso y de los órganos de los sentidos;2019;2.032
08 Barcelona;Mujeres;050-052 VI-VIII.Enfermedades del sistema nervioso y de los órganos de los sentidos;2018;2.150
08 Barcelona;Mujeres;053-061 IX.Enfermedades del sistema circulatorio;2022;6.748
08 Barcelona;Mujeres;053-061 IX.Enfermedades del sistema circulatorio;2021;6.634
08 Barcelona;Mujeres;053-061 IX.Enfermedades del sistema circulatorio;2020;6.596
08 Barcelona;Mujeres;053-061 IX.Enfermedades del sistema circulatorio;2019;6.410
08 Barcelona;Mujeres;053-061 IX.Enfermedades del sistema circulatorio;2018;6.862
08 Barcelona;Mujeres;062-067 X.Enfermedades del sistema respiratorio;2022;1.977
08 Barcelona;Mujeres;062-067 X.Enfermedades del sistema respiratorio;2021;1.577
08 Barcelona;Mujeres;062-067 X.Enfermedades del sistema respiratorio;2020;1.931
08 Barcelona;Mujeres;062-067 X.Enfermedades del sistema respiratorio;2019;2.218
08 Barcelona;Mujeres;062-067 X.Enfermedades del sistema respiratorio;2018;2.552
08 Barcelona;Mujeres;068-072 XI.Enfermedades del sistema digestivo;2022;1.203
08 Barcelona;Mujeres;068-072 XI.Enfermedades del sistema digestivo;2021;1.261
08 Barcelona;Mujeres;068-072 XI.Enfermedades del sistema digestivo;2020;1.122
08 Barcelona;Mujeres;068-072 XI.Enfermedades del sistema digestivo;2019;1.155
08 Barcelona;Mujeres;068-072 XI.Enfermedades del sistema digestivo;2018;1.218
08 Barcelona;Mujeres;073 XII.Enfermedades de la piel y del tejido subcutáneo;2022;103
08 Barcelona;Mujeres;073 XII.Enfermedades de la piel y del tejido subcutáneo;2021;80
08 Barcelona;Mujeres;073 XII.Enfermedades de la piel y del tejido subcutáneo;2020;89
08 Barcelona;Mujeres;073 XII.Enfermedades de la piel y del tejido subcutáneo;2019;78
08 Barcelona;Mujeres;073 XII.Enfermedades de la piel y del tejido subcutáneo;2018;91
08 Barcelona;Mujeres;074-076 XIII.Enfermedades del sistema osteomuscular y del tejido conjuntivo;2022;564
08 Barcelona;Mujeres;074-076 XIII.Enfermedades del sistema osteomuscular y del tejido conjuntivo;2021;531
08 Barcelona;Mujeres;074-076 XIII.Enfermedades del sistema osteomuscular y del tejido conjuntivo;2020;590
08 Barcelona;Mujeres;074-076 XIII.Enfermedades del sistema osteomuscular y del tejido conjuntivo;2019;648
08 Barcelona;Mujeres;074-076 XIII.Enfermedades del sistema osteomuscular y del tejido conjuntivo;2018;594
08 Barcelona;Mujeres;077-080 XIV.Enfermedades del sistema genitourinario;2022;1.194
08 Barcelona;Mujeres;077-080 XIV.Enfermedades del sistema genitourinario;2021;1.020
08 Barcelona;Mujeres;077-080 XIV.Enfermedades del sistema genitourinario;2020;992
08 Barcelona;Mujeres;077-080 XIV.Enfermedades del sistema genitourinario;2019;877
08 Barcelona;Mujeres;077-080 XIV.Enfermedades del sistema genitourinario;2018;826
08 Barcelona;Mujeres;081 XV.Embarazo, parto y puerperio;2022;2
08 Barcelona;Mujeres;081 XV.Embarazo, parto y puerperio;2021;0
08 Barcelona;Mujeres;081 XV.Embarazo, parto y puerperio;2020;1
08 Barcelona;Mujeres;081 XV.Embarazo, parto y puerperio;2019;1
08 Barcelona;Mujeres;081 XV.Embarazo, parto y puerperio;2018;0
08 Barcelona;Mujeres;082 XVI.Afecciones originadas en el periodo perinatal;2022;26
08 Barcelona;Mujeres;082 XVI.Afecciones originadas en el periodo perinatal;2021;21
08 Barcelona;Mujeres;082 XVI.Afecciones originadas en el periodo perinatal;2020;23
08 Barcelona;Mujeres;082 XVI.Afecciones originadas en el periodo perinatal;2019;29
08 Barcelona;Mujeres;082 XVI.Afecciones originadas en el periodo perinatal;2018;33
08 Barcelona;Mujeres;083-085 XVII.Malformaciones congénitas, deformidades y anomalías cromosómicas;2022;44
08 Barcelona;Mujeres;083-085 XVII.Malformaciones congénitas, deformidades y anomalías cromosómicas;2021;44
08 Barcelona;Mujeres;083-085 XVII.Malformaciones congénitas, deformidades y anomalías cromosómicas;2020;43
08 Barcelona;Mujeres;083-085 XVII.Malformaciones congénitas, deformidades y anomalías cromosómicas;2019;48
08 Barcelona;Mujeres;083-085 XVII.Malformaciones congénitas, deformidades y anomalías cromosómicas;2018;45
08 Barcelona;Mujeres;086-089 XVIII.Síntomas, signos y hallazgos anormales clínicos y de laboratorio, no clasificados en otra parte;2022;450
08 Barcelona;Mujeres;086-089 XVIII.Síntomas, signos y hallazgos anormales clínicos y de laboratorio, no clasificados en otra parte;2021;443
08 Barcelona;Mujeres;086-089 XVIII.Síntomas, signos y hallazgos anormales clínicos y de laboratorio, no clasificados en otra parte;2020;481
08 Barcelona;Mujeres;086-089 XVIII.Síntomas, signos y hallazgos anormales clínicos y de laboratorio, no clasificados en otra parte;2019;429
08 Barcelona;Mujeres;086-089 XVIII.Síntomas, signos y hallazgos anormales clínicos y de laboratorio, no clasificados en otra parte;2018;383
08 Barcelona;Mujeres;090-102 XX.Causas externas de mortalidad;2022;920
08 Barcelona;Mujeres;090-102 XX.Causas externas de mortalidad;2021;800
08 Barcelona;Mujeres;090-102 XX.Causas externas de mortalidad;2020;797
08 Barcelona;Mujeres;090-102 XX.Causas externas de mortalidad;2019;871
08 Barcelona;Mujeres;090-102 XX.Causas externas de mortalidad;2018;871
48 Bizkaia;Hombres;001-008 I.Enfermedades infecciosas y parasitarias;2022;598
48 Bizkaia;Hombres;001-008 I.Enfermedades infecciosas y parasitarias;2021;618
48 Bizkaia;Hombres;001-008 I.Enfermedades infecciosas y parasitarias;2020;896
48 Bizkaia;Hombres;001-008 I.Enfermedades infecciosas y parasitarias;2019;85
48 Bizkaia;Hombres;001-008 I.Enfermedades infecciosas y parasitarias;2018;89
48 Bizkaia;Hombres;009-041 II.Tumores;2022;2.027
48 Bizkaia;Hombres;009-041 II.Tumores;2021;2.030
48 Bizkaia;Hombres;009-041 II.Tumores;2020;2.068
48 Bizkaia;Hombres;009-041 II.Tumores;2019;2.109
48 Bizkaia;Hombres;009-041 II.Tumores;2018;2.078
48 Bizkaia;Hombres;042-043 III.Enfermedades de la sangre y de los órganos hematopoyéticos, y ciertos trastornos que afectan al mecanismo de la inmunidad;2022;32
48 Bizkaia;Hombres;042-043 III.Enfermedades de la sangre y de los órganos hematopoyéticos, y ciertos trastornos que afectan al mecanismo de la inmunidad;2021;32
48 Bizkaia;Hombres;042-043 III.Enfermedades de la sangre y de los órganos hematopoyéticos, y ciertos trastornos que afectan al mecanismo de la inmunidad;2020;19
48 Bizkaia;Hombres;042-043 III.Enfermedades de la sangre y de los órganos hematopoyéticos, y ciertos trastornos que afectan al mecanismo de la inmunidad;2019;24
48 Bizkaia;Hombres;042-043 III.Enfermedades de la sangre y de los órganos hematopoyéticos, y ciertos trastornos que afectan al mecanismo de la inmunidad;2018;32
48 Bizkaia;Hombres;044-045 IV.Enfermedades endocrinas, nutricionales y metabólicas;2022;169
48 Bizkaia;Hombres;044-045 IV.Enfermedades endocrinas, nutricionales y metabólicas;2021;160
48 Bizkaia;Hombres;044-045 IV.Enfermedades endocrinas, nutricionales y metabólicas;2020;168
48 Bizkaia;Hombres;044-045 IV.Enfermedades endocrinas, nutricionales y metabólicas;2019;153
48 Bizkaia;Hombres;044-045 IV.Enfermedades endocrinas, nutricionales y metabólicas;2018;142
48 Bizkaia;Hombres;046-049 V.Trastornos mentales y del comportamiento;2022;324
48 Bizkaia;Hombres;046-049 V.Trastornos mentales y del comportamiento;2021;318
48 Bizkaia;Hombres;046-049 V.Trastornos mentales y del comportamiento;2020;304
48 Bizkaia;Hombres;046-049 V.Trastornos mentales y del comportamiento;2019;296
48 Bizkaia;Hombres;046-049 V.Trastornos mentales y del comportamiento;2018;293
48 Bizkaia;Hombres;050-052 VI-VIII.Enfermedades del sistema nervioso y de los órganos de los sentidos;2022;334
48 Bizkaia;Hombres;050-052 VI-VIII.Enfermedades del sistema nervioso y de los órganos de los sentidos;2021;307
48 Bizkaia;Hombres;050-052 VI-VIII.Enfermedades del sistema nervioso y de los órganos de los sentidos;2020;311
48 Bizkaia;Hombres;050-052 VI-VIII.Enfermedades del sistema nervioso y de los órganos de los sentidos;2019;294
48 Bizkaia;Hombres;050-052 VI-VIII.Enfermedades del sistema nervioso y de los órganos de los sentidos;2018;294
48 Bizkaia;Hombres;053-061 IX.Enfermedades del sistema circulatorio;2022;1.401
48 Bizkaia;Hombres;053-061 IX.Enfermedades del sistema circulatorio;2021;1.428
48 Bizkaia;Hombres;053-061 IX.Enfermedades del sistema circulatorio;2020;1.392
48 Bizkaia;Hombres;053-061 IX.Enfermedades del sistema circulatorio;2019;1.467
48 Bizkaia;Hombres;053-061 IX.Enfermedades del sistema circulatorio;2018;1.523
48 Bizkaia;Hombres;062-067 X.Enfermedades del sistema respiratorio;2022;451
48 Bizkaia;Hombres;062-067 X.Enfermedades del sistema respiratorio;2021;425
48 Bizkaia;Hombres;062-067 X.Enfermedades del sistema respiratorio;2020;442
48 Bizkaia;Hombres;062-067 X.Enfermedades del sistema respiratorio;2019;620
48 Bizkaia;Hombres;062-067 X.Enfermedades del sistema respiratorio;2018;671
48 Bizkaia;Hombres;068-072 XI.Enfermedades del sistema digestivo;2022;309
48 Bizkaia;Hombres;068-072 XI.Enfermedades del sistema digestivo;2021;284
48 Bizkaia;Hombres;068-072 XI.Enfermedades del sistema digestivo;2020;263
48 Bizkaia;Hombres;068-072 XI.Enfermedades del sistema digestivo;2019;261
48 Bizkaia;Hombres;068-072 XI.Enfermedades del sistema digestivo;2018;267
48 Bizkaia;Hombres;073 XII.Enfermedades de la piel y del tejido subcutáneo;2022;16
48 Bizkaia;Hombres;073 XII.Enfermedades de la piel y del tejido subcutáneo;2021;23
48 Bizkaia;Hombres;073 XII.Enfermedades de la piel y del tejido subcutáneo;2020;19
48 Bizkaia;Hombres;073 XII.Enfermedades de la piel y del tejido subcutáneo;2019;17
48 Bizkaia;Hombres;073 XII.Enfermedades de la piel y del tejido subcutáneo;2018;11
48 Bizkaia;Hombres;074-076 XIII.Enfermedades del sistema osteomuscular y del tejido conjuntivo;2022;57
48 Bizkaia;Hombres;074-076 XIII.Enfermedades del sistema osteomuscular y del tejido conjuntivo;2021;59
48 Bizkaia;Hombres;074-076 XIII.Enfermedades del sistema osteomuscular y del tejido conjuntivo;2020;48
48 Bizkaia;Hombres;074-076 XIII.Enfermedades del sistema osteomuscular y del tejido conjuntivo;2019;48
48 Bizkaia;Hombres;074-076 XIII.Enfermedades del sistema osteomuscular y del tejido conjuntivo;2018;41
48 Bizkaia;Hombres;077-080 XIV.Enfermedades del sistema genitourinario;2022;189
48 Bizkaia;Hombres;077-080 XIV.Enfermedades del sistema genitourinario;2021;159
48 Bizkaia;Hombres;077-080 XIV.Enfermedades del sistema genitourinario;2020;172
48 Bizkaia;Hombres;077-080 XIV.Enfermedades del sistema genitourinario;2019;163
48 Bizkaia;Hombres;077-080 XIV.Enfermedades del sistema genitourinario;2018;148
48 Bizkaia;Hombres;081 XV.Embarazo, parto y puerperio;2022;0
48 Bizkaia;Hombres;081 XV.Embarazo, parto y puerperio;2021;0
48 Bizkaia;Hombres;081 XV.Embarazo, parto y puerperio;2020;0
48 Bizkaia;Hombres;081 XV.Embarazo, parto y puerperio;2019;0
48 Bizkaia;Hombres;081 XV.Embarazo, parto y puerperio;2018;0
48 Bizkaia;Hombres;082 XVI.Afecciones originadas en el periodo perinatal;2022;5
48 Bizkaia;Hombres;082 XVI.Afecciones originadas en el periodo perinatal;2021;4
48 Bizkaia;Hombres;082 XVI.Afecciones originadas en el periodo perinatal;2020;2
48 Bizkaia;Hombres;082 XVI.Afecciones originadas en el periodo perinatal;2019;10
48 Bizkaia;Hombres;082 XVI.Afecciones originadas en el periodo perinatal;2018;9
48 Bizkaia;Hombres;083-085 XVII.Malformaciones congénitas, deformidades y anomalías cromosómicas;2022;22
48 Bizkaia;Hombres;083-085 XVII.Malformaciones congénitas, deformidades y anomalías cromosómicas;2021;21
48 Bizkaia;Hombres;083-085 XVII.Malformaciones congénitas, deformidades y anomalías cromosómicas;2020;11
48 Bizkaia;Hombres;083-085 XVII.Malformaciones congénitas, deformidades y anomalías cromosómicas;2019;13
48 Bizkaia;Hombres;083-085 XVII.Malformaciones congénitas, deformidades y anomalías cromosómicas;2018;14
48 Bizkaia;Hombres;086-089 XVIII.Síntomas, signos y hallazgos anormales clínicos y de laboratorio, no clasificados en otra parte;2022;78
48 Bizkaia;Hombres;086-089 XVIII.Síntomas, signos y hallazgos anormales clínicos y de laboratorio, no clasificados en otra parte;2021;75
48 Bizkaia;Hombres;086-089 XVIII.Síntomas, signos y hallazgos anormales clínicos y de laboratorio, no clasificados en otra parte;2020;90
48 Bizkaia;Hombres;086-089 XVIII.Síntomas, signos y hallazgos anormales clínicos y de laboratorio, no clasificados en otra parte;2019;99
48 Bizkaia;Hombres;086-089 XVIII.Síntomas, signos y hallazgos anormales clínicos y de laboratorio, no clasificados en otra parte;2018;65
48 Bizkaia;Hombres;090-102 XX.Causas externas de mortalidad;2022;240
48 Bizkaia;Hombres;090-102 XX.Causas externas de mortalidad;2021;208
48 Bizkaia;Hombres;090-102 XX.Causas externas de mortalidad;2020;259
48 Bizkaia;Hombres;090-102 XX.Causas externas de mortalidad;2019;221
48 Bizkaia;Hombres;090-102 XX.Causas externas de mortalidad;2018;227
48 Bizkaia;Mujeres;001-008 I.Enfermedades infecciosas y parasitarias;2022;541
48 Bizkaia;Mujeres;001-008 I.Enfermedades infecciosas y parasitarias;2021;511
48 Bizkaia;Mujeres;001-008 I.Enfermedades infecciosas y parasitarias;2020;853
48 Bizkaia;Mujeres;001-008 I.Enfermedades infecciosas y parasitarias;2019;85
48 Bizkaia;Mujeres;001-008 I.Enfermedades infecciosas y parasitarias;2018;83
48 Bizkaia;Mujeres;009-041 II.Tumores;2022;1.494
48 Bizkaia;Mujeres;009-041 II.Tumores;2021;1.412
48 Bizkaia;Mujeres;009-041 II.Tumores;2020;1.413
48 Bizkaia;Mujeres;009-041 II.Tumores;2019;1.391
48 Bizkaia;Mujeres;009-041 II.Tumores;2018;1.370
48 Bizkaia;Mujeres;042-043 III.Enfermedades de la sangre y de los órganos hematopoyéticos, y ciertos trastornos que afectan al mecanismo de la inmunidad;2022;47
48 Bizkaia;Mujeres;042-043 III.Enfermedades de la sangre y de los órganos hematopoyéticos, y ciertos trastornos que afectan al mecanismo de la inmunidad;2021;35
48 Bizkaia;Mujeres;042-043 III.Enfermedades de la sangre y de los órganos hematopoyéticos, y ciertos trastornos que afectan al mecanismo de la inmunidad;2020;31
48 Bizkaia;Mujeres;042-043 III.Enfermedades de la sangre y de los órganos hematopoyéticos, y ciertos trastornos que afectan al mecanismo de la inmunidad;2019;43
48 Bizkaia;Mujeres;042-043 III.Enfermedades de la sangre y de los órganos hematopoyéticos, y ciertos trastornos que afectan al mecanismo de la inmunidad;2018;28
48 Bizkaia;Mujeres;044-045 IV.Enfermedades endocrinas, nutricionales y metabólicas;2022;222
48 Bizkaia;Mujeres;044-045 IV.Enfermedades endocrinas, nutricionales y metabólicas;2021;233
48 Bizkaia;Mujeres;044-045 IV.Enfermedades endocrinas, nutricionales y metabólicas;2020;207
48 Bizkaia;Mujeres;044-045 IV.Enfermedades endocrinas, nutricionales y metabólicas;2019;204
48 Bizkaia;Mujeres;044-045 IV.Enfermedades endocrinas, nutricionales y metabólicas;2018;208
48 Bizkaia;Mujeres;046-049 V.Trastornos mentales y del comportamiento;2022;790
48 Bizkaia;Mujeres;046-049 V.Trastornos mentales y del comportamiento;2021;694
48 Bizkaia;Mujeres;046-049 V.Trastornos mentales y del comportamiento;2020;652
48 Bizkaia;Mujeres;046-049 V.Trastornos mentales y del comportamiento;2019;622
48 Bizkaia;Mujeres;046-049 V.Trastornos mentales y del comportamiento;2018;574
48 Bizkaia;Mujeres;050-052 VI-VIII.Enfermedades del sistema nervioso y de los órganos de los sentidos;2022;506
48 Bizkaia;Mujeres;050-052 VI-VIII.Enfermedades del sistema nervioso y de los órganos de los sentidos;2021;437
48 Bizkaia;Mujeres;050-052 VI-VIII.Enfermedades del sistema nervioso y de los órganos de los sentidos;2020;464
48 Bizkaia;Mujeres;050-052 VI-VIII.Enfermedades del sistema nervioso y de los órganos de los sentidos;2019;451
48 Bizkaia;Mujeres;050-052 VI-VIII.Enfermedades del sistema nervioso y de los órganos de los sentidos;2018;444
48 Bizkaia;Mujeres;053-061 IX.Enfermedades del sistema circulatorio;2022;1.661
48 Bizkaia;Mujeres;053-061 IX.Enfermedades del sistema circulatorio;2021;1.686
48 Bizkaia;Mujeres;053-061 IX.Enfermedades del sistema circulatorio;2020;1.724
48 Bizkaia;Mujeres;053-061 IX.Enfermedades del sistema circulatorio;2019;1.629
48 Bizkaia;Mujeres;053-061 IX.Enfermedades del sistema circulatorio;2018;1.710
48 Bizkaia;Mujeres;062-067 X.Enfermedades del sistema respiratorio;2022;405
48 Bizkaia;Mujeres;062-067 X.Enfermedades del sistema respiratorio;2021;303
48 Bizkaia;Mujeres;062-067 X.Enfermedades del sistema respiratorio;2020;381
48 Bizkaia;Mujeres;062-067 X.Enfermedades del sistema respiratorio;2019;551
48 Bizkaia;Mujeres;062-067 X.Enfermedades del sistema respiratorio;2018;624
48 Bizkaia;Mujeres;068-072 XI.Enfermedades del sistema digestivo;2022;313
48 Bizkaia;Mujeres;068-072 XI.Enfermedades del sistema digestivo;2021;291
48 Bizkaia;Mujeres;068-072 XI.Enfermedades del sistema digestivo;2020;270
48 Bizkaia;Mujeres;068-072 XI.Enfermedades del sistema digestivo;2019;272
48 Bizkaia;Mujeres;068-072 XI.Enfermedades del sistema digestivo;2018;286
48 Bizkaia;Mujeres;073 XII.Enfermedades de la piel y del tejido subcutáneo;2022;43
48 Bizkaia;Mujeres;073 XII.Enfermedades de la piel y del tejido subcutáneo;2021;53
48 Bizkaia;Mujeres;073 XII.Enfermedades de la piel y del tejido subcutáneo;2020;36
48 Bizkaia;Mujeres;073 XII.Enfermedades de la piel y del tejido subcutáneo;2019;37
48 Bizkaia;Mujeres;073 XII.Enfermedades de la piel y del tejido subcutáneo;2018;19
48 Bizkaia;Mujeres;074-076 XIII.Enfermedades del sistema osteomuscular y del tejido conjuntivo;2022;89
48 Bizkaia;Mujeres;074-076 XIII.Enfermedades del sistema osteomuscular y del tejido conjuntivo;2021;98
48 Bizkaia;Mujeres;074-076 XIII.Enfermedades del sistema osteomuscular y del tejido conjuntivo;2020;103
48 Bizkaia;Mujeres;074-076 XIII.Enfermedades del sistema osteomuscular y del tejido conjuntivo;2019;80
48 Bizkaia;Mujeres;074-076 XIII.Enfermedades del sistema osteomuscular y del tejido conjuntivo;2018;97
48 Bizkaia;Mujeres;077-080 XIV.Enfermedades del sistema genitourinario;2022;263
48 Bizkaia;Mujeres;077-080 XIV.Enfermedades del sistema genitourinario;2021;247
48 Bizkaia;Mujeres;077-080 XIV.Enfermedades del sistema genitourinario;2020;208
48 Bizkaia;Mujeres;077-080 XIV.Enfermedades del sistema genitourinario;2019;195
48 Bizkaia;Mujeres;077-080 XIV.Enfermedades del sistema genitourinario;2018;216
48 Bizkaia;Mujeres;081 XV.Embarazo, parto y puerperio;2022;0
48 Bizkaia;Mujeres;081 XV.Embarazo, parto y puerperio;2021;0
48 Bizkaia;Mujeres;081 XV.Embarazo, parto y puerperio;2020;1
48 Bizkaia;Mujeres;081 XV.Embarazo, parto y puerperio;2019;0
48 Bizkaia;Mujeres;081 XV.Embarazo, parto y puerperio;2018;1
48 Bizkaia;Mujeres;082 XVI.Afecciones originadas en el periodo perinatal;2022;6
48 Bizkaia;Mujeres;082 XVI.Afecciones originadas en el periodo perinatal;2021;2
48 Bizkaia;Mujeres;082 XVI.Afecciones originadas en el periodo perinatal;2020;8
48 Bizkaia;Mujeres;082 XVI.Afecciones originadas en el periodo perinatal;2019;6
48 Bizkaia;Mujeres;082 XVI.Afecciones originadas en el periodo perinatal;2018;9
48 Bizkaia;Mujeres;083-085 XVII.Malformaciones congénitas, deformidades y anomalías cromosómicas;2022;13
48 Bizkaia;Mujeres;083-085 XVII.Malformaciones congénitas, deformidades y anomalías cromosómicas;2021;6
48 Bizkaia;Mujeres;083-085 XVII.Malformaciones congénitas, deformidades y anomalías cromosómicas;2020;9
48 Bizkaia;Mujeres;083-085 XVII.Malformaciones congénitas, deformidades y anomalías cromosómicas;2019;8
48 Bizkaia;Mujeres;083-085 XVII.Malformaciones congénitas, deformidades y anomalías cromosómicas;2018;17
48 Bizkaia;Mujeres;086-089 XVIII.Síntomas, signos y hallazgos anormales clínicos y de laboratorio, no clasificados en otra parte;2022;222
48 Bizkaia;Mujeres;086-089 XVIII.Síntomas, signos y hallazgos anormales clínicos y de laboratorio, no clasificados en otra parte;2021;161
48 Bizkaia;Mujeres;086-089 XVIII.Síntomas, signos y hallazgos anormales clínicos y de laboratorio, no clasificados en otra parte;2020;176
48 Bizkaia;Mujeres;086-089 XVIII.Síntomas, signos y hallazgos anormales clínicos y de laboratorio, no clasificados en otra parte;2019;175
48 Bizkaia;Mujeres;086-089 XVIII.Síntomas, signos y hallazgos anormales clínicos y de laboratorio, no clasificados en otra parte;2018;155
48 Bizkaia;Mujeres;090-102 XX.Causas externas de mortalidad;2022;130
48 Bizkaia;Mujeres;090-102 XX.Causas externas de mortalidad;2021;112
48 Bizkaia;Mujeres;090-102 XX.Causas externas de mortalidad;2020;129
48 Bizkaia;Mujeres;090-102 XX.Causas externas de mortalidad;2019;132
48 Bizkaia;Mujeres;090-102 XX.Causas externas de mortalidad;2018;140
09 Burgos;Hombres;001-008 I.Enfermedades infecciosas y parasitarias;2022;215
09 Burgos;Hombres;001-008 I.Enfermedades infecciosas y parasitarias;2021;210
09 Burgos;Hombres;001-008 I.Enfermedades infecciosas y parasitarias;2020;466
09 Burgos;Hombres;001-008 I.Enfermedades infecciosas y parasitarias;2019;34
09 Burgos;Hombres;001-008 I.Enfermedades infecciosas y parasitarias;2018;27
09 Burgos;Hombres;009-041 II.Tumores;2022;636
09 Burgos;Hombres;009-041 II.Tumores;2021;583
09 Burgos;Hombres;009-041 II.Tumores;2020;618
09 Burgos;Hombres;009-041 II.Tumores;2019;616
09 Burgos;Hombres;009-041 II.Tumores;2018;605
09 Burgos;Hombres;042-043 III.Enfermedades de la sangre y de los órganos hematopoyéticos, y ciertos trastornos que afectan al mecanismo de la inmunidad;2022;15
09 Burgos;Hombres;042-043 III.Enfermedades de la sangre y de los órganos hematopoyéticos, y ciertos trastornos que afectan al mecanismo de la inmunidad;2021;10
09 Burgos;Hombres;042-043 III.Enfermedades de la sangre y de los órganos hematopoyéticos, y ciertos trastornos que afectan al mecanismo de la inmunidad;2020;12
09 Burgos;Hombres;042-043 III.Enfermedades de la sangre y de los órganos hematopoyéticos, y ciertos trastornos que afectan al mecanismo de la inmunidad;2019;14
09 Burgos;Hombres;042-043 III.Enfermedades de la sangre y de los órganos hematopoyéticos, y ciertos trastornos que afectan al mecanismo de la inmunidad;2018;6
09 Burgos;Hombres;044-045 IV.Enfermedades endocrinas, nutricionales y metabólicas;2022;106
09 Burgos;Hombres;044-045 IV.Enfermedades endocrinas, nutricionales y metabólicas;2021;75
09 Burgos;Hombres;044-045 IV.Enfermedades endocrinas, nutricionales y metabólicas;2020;78
09 Burgos;Hombres;044-045 IV.Enfermedades endocrinas, nutricionales y metabólicas;2019;68
09 Burgos;Hombres;044-045 IV.Enfermedades endocrinas, nutricionales y metabólicas;2018;66
09 Burgos;Hombres;046-049 V.Trastornos mentales y del comportamiento;2022;67
09 Burgos;Hombres;046-049 V.Trastornos mentales y del comportamiento;2021;70
09 Burgos;Hombres;046-049 V.Trastornos mentales y del comportamiento;2020;80
09 Burgos;Hombres;046-049 V.Trastornos mentales y del comportamiento;2019;84
09 Burgos;Hombres;046-049 V.Trastornos mentales y del comportamiento;2018;100
09 Burgos;Hombres;050-052 VI-VIII.Enfermedades del sistema nervioso y de los órganos de los sentidos;2022;79
09 Burgos;Hombres;050-052 VI-VIII.Enfermedades del sistema nervioso y de los órganos de los sentidos;2021;71
09 Burgos;Hombres;050-052 VI-VIII.Enfermedades del sistema nervioso y de los órganos de los sentidos;2020;98
09 Burgos;Hombres;050-052 VI-VIII.Enfermedades del sistema nervioso y de los órganos de los sentidos;2019;77
09 Burgos;Hombres;050-052 VI-VIII.Enfermedades del sistema nervioso y de los órganos de los sentidos;2018;71
09 Burgos;Hombres;053-061 IX.Enfermedades del sistema circulatorio;2022;531
09 Burgos;Hombres;053-061 IX.Enfermedades del sistema circulatorio;2021;515
09 Burgos;Hombres;053-061 IX.Enfermedades del sistema circulatorio;2020;535
09 Burgos;Hombres;053-061 IX.Enfermedades del sistema circulatorio;2019;508
09 Burgos;Hombres;053-061 IX.Enfermedades del sistema circulatorio;2018;509
09 Burgos;Hombres;062-067 X.Enfermedades del sistema respiratorio;2022;212
09 Burgos;Hombres;062-067 X.Enfermedades del sistema respiratorio;2021;196
09 Burgos;Hombres;062-067 X.Enfermedades del sistema respiratorio;2020;211
09 Burgos;Hombres;062-067 X.Enfermedades del sistema respiratorio;2019;245
09 Burgos;Hombres;062-067 X.Enfermedades del sistema respiratorio;2018;255
09 Burgos;Hombres;068-072 XI.Enfermedades del sistema digestivo;2022;123
09 Burgos;Hombres;068-072 XI.Enfermedades del sistema digestivo;2021;110
09 Burgos;Hombres;068-072 XI.Enfermedades del sistema digestivo;2020;130
09 Burgos;Hombres;068-072 XI.Enfermedades del sistema digestivo;2019;107
09 Burgos;Hombres;068-072 XI.Enfermedades del sistema digestivo;2018;149
09 Burgos;Hombres;073 XII.Enfermedades de la piel y del tejido subcutáneo;2022;9
09 Burgos;Hombres;073 XII.Enfermedades de la piel y del tejido subcutáneo;2021;8
09 Burgos;Hombres;073 XII.Enfermedades de la piel y del tejido subcutáneo;2020;14
09 Burgos;Hombres;073 XII.Enfermedades de la piel y del tejido subcutáneo;2019;8
09 Burgos;Hombres;073 XII.Enfermedades de la piel y del tejido subcutáneo;2018;5
09 Burgos;Hombres;074-076 XIII.Enfermedades del sistema osteomuscular y del tejido conjuntivo;2022;15
09 Burgos;Hombres;074-076 XIII.Enfermedades del sistema osteomuscular y del tejido conjuntivo;2021;17
09 Burgos;Hombres;074-076 XIII.Enfermedades del sistema osteomuscular y del tejido conjuntivo;2020;21
09 Burgos;Hombres;074-076 XIII.Enfermedades del sistema osteomuscular y del tejido conjuntivo;2019;12
09 Burgos;Hombres;074-076 XIII.Enfermedades del sistema osteomuscular y del tejido conjuntivo;2018;15
09 Burgos;Hombres;077-080 XIV.Enfermedades del sistema genitourinario;2022;85
09 Burgos;Hombres;077-080 XIV.Enfermedades del sistema genitourinario;2021;78
09 Burgos;Hombres;077-080 XIV.Enfermedades del sistema genitourinario;2020;53
09 Burgos;Hombres;077-080 XIV.Enfermedades del sistema genitourinario;2019;55
09 Burgos;Hombres;077-080 XIV.Enfermedades del sistema genitourinario;2018;46
09 Burgos;Hombres;081 XV.Embarazo, parto y puerperio;2022;0
09 Burgos;Hombres;081 XV.Embarazo, parto y puerperio;2021;0
09 Burgos;Hombres;081 XV.Embarazo, parto y puerperio;2020;0
09 Burgos;Hombres;081 XV.Embarazo, parto y puerperio;2019;0
09 Burgos;Hombres;081 XV.Embarazo, parto y puerperio;2018;0
09 Burgos;Hombres;082 XVI.Afecciones originadas en el periodo perinatal;2022;2
09 Burgos;Hombres;082 XVI.Afecciones originadas en el periodo perinatal;2021;2
09 Burgos;Hombres;082 XVI.Afecciones originadas en el periodo perinatal;2020;2
09 Burgos;Hombres;082 XVI.Afecciones originadas en el periodo perinatal;2019;1
09 Burgos;Hombres;082 XVI.Afecciones originadas en el periodo perinatal;2018;5
09 Burgos;Hombres;083-085 XVII.Malformaciones congénitas, deformidades y anomalías cromosómicas;2022;2
09 Burgos;Hombres;083-085 XVII.Malformaciones congénitas, deformidades y anomalías cromosómicas;2021;6
09 Burgos;Hombres;083-085 XVII.Malformaciones congénitas, deformidades y anomalías cromosómicas;2020;4
09 Burgos;Hombres;083-085 XVII.Malformaciones congénitas, deformidades y anomalías cromosómicas;2019;2
09 Burgos;Hombres;083-085 XVII.Malformaciones congénitas, deformidades y anomalías cromosómicas;2018;1
09 Burgos;Hombres;086-089 XVIII.Síntomas, signos y hallazgos anormales clínicos y de laboratorio, no clasificados en otra parte;2022;21
09 Burgos;Hombres;086-089 XVIII.Síntomas, signos y hallazgos anormales clínicos y de laboratorio, no clasificados en otra parte;2021;15
09 Burgos;Hombres;086-089 XVIII.Síntomas, signos y hallazgos anormales clínicos y de laboratorio, no clasificados en otra parte;2020;13
09 Burgos;Hombres;086-089 XVIII.Síntomas, signos y hallazgos anormales clínicos y de laboratorio, no clasificados en otra parte;2019;24
09 Burgos;Hombres;086-089 XVIII.Síntomas, signos y hallazgos anormales clínicos y de laboratorio, no clasificados en otra parte;2018;21
09 Burgos;Hombres;090-102 XX.Causas externas de mortalidad;2022;141
09 Burgos;Hombres;090-102 XX.Causas externas de mortalidad;2021;114
09 Burgos;Hombres;090-102 XX.Causas externas de mortalidad;2020;102
09 Burgos;Hombres;090-102 XX.Causas externas de mortalidad;2019;109
09 Burgos;Hombres;090-102 XX.Causas externas de mortalidad;2018;116
09 Burgos;Mujeres;001-008 I.Enfermedades infecciosas y parasitarias;2022;177
09 Burgos;Mujeres;001-008 I.Enfermedades infecciosas y parasitarias;2021;176
09 Burgos;Mujeres;001-008 I.Enfermedades infecciosas y parasitarias;2020;516
09 Burgos;Mujeres;001-008 I.Enfermedades infecciosas y parasitarias;2019;33
09 Burgos;Mujeres;001-008 I.Enfermedades infecciosas y parasitarias;2018;25
09 Burgos;Mujeres;009-041 II.Tumores;2022;395
09 Burgos;Mujeres;009-041 II.Tumores;2021;352
09 Burgos;Mujeres;009-041 II.Tumores;2020;401
09 Burgos;Mujeres;009-041 II.Tumores;2019;381
09 Burgos;Mujeres;009-041 II.Tumores;2018;410
09 Burgos;Mujeres;042-043 III.Enfermedades de la sangre y de los órganos hematopoyéticos, y ciertos trastornos que afectan al mecanismo de la inmunidad;2022;15
09 Burgos;Mujeres;042-043 III.Enfermedades de la sangre y de los órganos hematopoyéticos, y ciertos trastornos que afectan al mecanismo de la inmunidad;2021;14
09 Burgos;Mujeres;042-043 III.Enfermedades de la sangre y de los órganos hematopoyéticos, y ciertos trastornos que afectan al mecanismo de la inmunidad;2020;13
09 Burgos;Mujeres;042-043 III.Enfermedades de la sangre y de los órganos hematopoyéticos, y ciertos trastornos que afectan al mecanismo de la inmunidad;2019;9
09 Burgos;Mujeres;042-043 III.Enfermedades de la sangre y de los órganos hematopoyéticos, y ciertos trastornos que afectan al mecanismo de la inmunidad;2018;10
09 Burgos;Mujeres;044-045 IV.Enfermedades endocrinas, nutricionales y metabólicas;2022;103
09 Burgos;Mujeres;044-045 IV.Enfermedades endocrinas, nutricionales y metabólicas;2021;106
09 Burgos;Mujeres;044-045 IV.Enfermedades endocrinas, nutricionales y metabólicas;2020;89
09 Burgos;Mujeres;044-045 IV.Enfermedades endocrinas, nutricionales y metabólicas;2019;97
09 Burgos;Mujeres;044-045 IV.Enfermedades endocrinas, nutricionales y metabólicas;2018;79
09 Burgos;Mujeres;046-049 V.Trastornos mentales y del comportamiento;2022;158
09 Burgos;Mujeres;046-049 V.Trastornos mentales y del comportamiento;2021;128
09 Burgos;Mujeres;046-049 V.Trastornos mentales y del comportamiento;2020;162
09 Burgos;Mujeres;046-049 V.Trastornos mentales y del comportamiento;2019;162
09 Burgos;Mujeres;046-049 V.Trastornos mentales y del comportamiento;2018;170
09 Burgos;Mujeres;050-052 VI-VIII.Enfermedades del sistema nervioso y de los órganos de los sentidos;2022;92
09 Burgos;Mujeres;050-052 VI-VIII.Enfermedades del sistema nervioso y de los órganos de los sentidos;2021;91
09 Burgos;Mujeres;050-052 VI-VIII.Enfermedades del sistema nervioso y de los órganos de los sentidos;2020;100
09 Burgos;Mujeres;050-052 VI-VIII.Enfermedades del sistema nervioso y de los órganos de los sentidos;2019;118
09 Burgos;Mujeres;050-052 VI-VIII.Enfermedades del sistema nervioso y de los órganos de los sentidos;2018;115
09 Burgos;Mujeres;053-061 IX.Enfermedades del sistema circulatorio;2022;572
09 Burgos;Mujeres;053-061 IX.Enfermedades del sistema circulatorio;2021;582
09 Burgos;Mujeres;053-061 IX.Enfermedades del sistema circulatorio;2020;590
09 Burgos;Mujeres;053-061 IX.Enfermedades del sistema circulatorio;2019;591
09 Burgos;Mujeres;053-061 IX.Enfermedades del sistema circulatorio;2018;609
09 Burgos;Mujeres;062-067 X.Enfermedades del sistema respiratorio;2022;182
09 Burgos;Mujeres;062-067 X.Enfermedades del sistema respiratorio;2021;126
09 Burgos;Mujeres;062-067 X.Enfermedades del sistema respiratorio;2020;176
09 Burgos;Mujeres;062-067 X.Enfermedades del sistema respiratorio;2019;224
09 Burgos;Mujeres;062-067 X.Enfermedades del sistema respiratorio;2018;269
09 Burgos;Mujeres;068-072 XI.Enfermedades del sistema digestivo;2022;122
09 Burgos;Mujeres;068-072 XI.Enfermedades del sistema digestivo;2021;125
09 Burgos;Mujeres;068-072 XI.Enfermedades del sistema digestivo;2020;103
09 Burgos;Mujeres;068-072 XI.Enfermedades del sistema digestivo;2019;122
09 Burgos;Mujeres;068-072 XI.Enfermedades del sistema digestivo;2018;91
09 Burgos;Mujeres;073 XII.Enfermedades de la piel y del tejido subcutáneo;2022;15
09 Burgos;Mujeres;073 XII.Enfermedades de la piel y del tejido subcutáneo;2021;17
09 Burgos;Mujeres;073 XII.Enfermedades de la piel y del tejido subcutáneo;2020;12
09 Burgos;Mujeres;073 XII.Enfermedades de la piel y del tejido subcutáneo;2019;12
09 Burgos;Mujeres;073 XII.Enfermedades de la piel y del tejido subcutáneo;2018;13
09 Burgos;Mujeres;074-076 XIII.Enfermedades del sistema osteomuscular y del tejido conjuntivo;2022;42
09 Burgos;Mujeres;074-076 XIII.Enfermedades del sistema osteomuscular y del tejido conjuntivo;2021;38
09 Burgos;Mujeres;074-076 XIII.Enfermedades del sistema osteomuscular y del tejido conjuntivo;2020;44
09 Burgos;Mujeres;074-076 XIII.Enfermedades del sistema osteomuscular y del tejido conjuntivo;2019;25
09 Burgos;Mujeres;074-076 XIII.Enfermedades del sistema osteomuscular y del tejido conjuntivo;2018;37
09 Burgos;Mujeres;077-080 XIV.Enfermedades del sistema genitourinario;2022;92
09 Burgos;Mujeres;077-080 XIV.Enfermedades del sistema genitourinario;2021;89
09 Burgos;Mujeres;077-080 XIV.Enfermedades del sistema genitourinario;2020;68
09 Burgos;Mujeres;077-080 XIV.Enfermedades del sistema genitourinario;2019;83
09 Burgos;Mujeres;077-080 XIV.Enfermedades del sistema genitourinario;2018;60
09 Burgos;Mujeres;081 XV.Embarazo, parto y puerperio;2022;0
09 Burgos;Mujeres;081 XV.Embarazo, parto y puerperio;2021;1
09 Burgos;Mujeres;081 XV.Embarazo, parto y puerperio;2020;0
09 Burgos;Mujeres;081 XV.Embarazo, parto y puerperio;2019;0
09 Burgos;Mujeres;081 XV.Embarazo, parto y puerperio;2018;0
09 Burgos;Mujeres;082 XVI.Afecciones originadas en el periodo perinatal;2022;5
09 Burgos;Mujeres;082 XVI.Afecciones originadas en el periodo perinatal;2021;2
09 Burgos;Mujeres;082 XVI.Afecciones originadas en el periodo perinatal;2020;2
09 Burgos;Mujeres;082 XVI.Afecciones originadas en el periodo perinatal;2019;2
09 Burgos;Mujeres;082 XVI.Afecciones originadas en el periodo perinatal;2018;1
09 Burgos;Mujeres;083-085 XVII.Malformaciones congénitas, deformidades y anomalías cromosómicas;2022;1
09 Burgos;Mujeres;083-085 XVII.Malformaciones congénitas, deformidades y anomalías cromosómicas;2021;3
09 Burgos;Mujeres;083-085 XVII.Malformaciones congénitas, deformidades y anomalías cromosómicas;2020;4
09 Burgos;Mujeres;083-085 XVII.Malformaciones congénitas, deformidades y anomalías cromosómicas;2019;4
09 Burgos;Mujeres;083-085 XVII.Malformaciones congénitas, deformidades y anomalías cromosómicas;2018;4
09 Burgos;Mujeres;086-089 XVIII.Síntomas, signos y hallazgos anormales clínicos y de laboratorio, no clasificados en otra parte;2022;36
09 Burgos;Mujeres;086-089 XVIII.Síntomas, signos y hallazgos anormales clínicos y de laboratorio, no clasificados en otra parte;2021;13
09 Burgos;Mujeres;086-089 XVIII.Síntomas, signos y hallazgos anormales clínicos y de laboratorio, no clasificados en otra parte;2020;17
09 Burgos;Mujeres;086-089 XVIII.Síntomas, signos y hallazgos anormales clínicos y de laboratorio, no clasificados en otra parte;2019;21
09 Burgos;Mujeres;086-089 XVIII.Síntomas, signos y hallazgos anormales clínicos y de laboratorio, no clasificados en otra parte;2018;27
09 Burgos;Mujeres;090-102 XX.Causas externas de mortalidad;2022;84
09 Burgos;Mujeres;090-102 XX.Causas externas de mortalidad;2021;59
09 Burgos;Mujeres;090-102 XX.Causas externas de mortalidad;2020;65
09 Burgos;Mujeres;090-102 XX.Causas externas de mortalidad;2019;62
09 Burgos;Mujeres;090-102 XX.Causas externas de mortalidad;2018;79
10 Cáceres;Hombres;001-008 I.Enfermedades infecciosas y parasitarias;2022;229
10 Cáceres;Hombres;001-008 I.Enfermedades infecciosas y parasitarias;2021;244
10 Cáceres;Hombres;001-008 I.Enfermedades infecciosas y parasitarias;2020;458
10 Cáceres;Hombres;001-008 I.Enfermedades infecciosas y parasitarias;2019;33
10 Cáceres;Hombres;001-008 I.Enfermedades infecciosas y parasitarias;2018;32
10 Cáceres;Hombres;009-041 II.Tumores;2022;714
10 Cáceres;Hombres;009-041 II.Tumores;2021;742
10 Cáceres;Hombres;009-041 II.Tumores;2020;722
10 Cáceres;Hombres;009-041 II.Tumores;2019;712
10 Cáceres;Hombres;009-041 II.Tumores;2018;739
10 Cáceres;Hombres;042-043 III.Enfermedades de la sangre y de los órganos hematopoyéticos, y ciertos trastornos que afectan al mecanismo de la inmunidad;2022;19
10 Cáceres;Hombres;042-043 III.Enfermedades de la sangre y de los órganos hematopoyéticos, y ciertos trastornos que afectan al mecanismo de la inmunidad;2021;8
10 Cáceres;Hombres;042-043 III.Enfermedades de la sangre y de los órganos hematopoyéticos, y ciertos trastornos que afectan al mecanismo de la inmunidad;2020;9
10 Cáceres;Hombres;042-043 III.Enfermedades de la sangre y de los órganos hematopoyéticos, y ciertos trastornos que afectan al mecanismo de la inmunidad;2019;4
10 Cáceres;Hombres;042-043 III.Enfermedades de la sangre y de los órganos hematopoyéticos, y ciertos trastornos que afectan al mecanismo de la inmunidad;2018;6
10 Cáceres;Hombres;044-045 IV.Enfermedades endocrinas, nutricionales y metabólicas;2022;98
10 Cáceres;Hombres;044-045 IV.Enfermedades endocrinas, nutricionales y metabólicas;2021;80
10 Cáceres;Hombres;044-045 IV.Enfermedades endocrinas, nutricionales y metabólicas;2020;65
10 Cáceres;Hombres;044-045 IV.Enfermedades endocrinas, nutricionales y metabólicas;2019;59
10 Cáceres;Hombres;044-045 IV.Enfermedades endocrinas, nutricionales y metabólicas;2018;54
10 Cáceres;Hombres;046-049 V.Trastornos mentales y del comportamiento;2022;71
10 Cáceres;Hombres;046-049 V.Trastornos mentales y del comportamiento;2021;64
10 Cáceres;Hombres;046-049 V.Trastornos mentales y del comportamiento;2020;100
10 Cáceres;Hombres;046-049 V.Trastornos mentales y del comportamiento;2019;105
10 Cáceres;Hombres;046-049 V.Trastornos mentales y del comportamiento;2018;96
10 Cáceres;Hombres;050-052 VI-VIII.Enfermedades del sistema nervioso y de los órganos de los sentidos;2022;93
10 Cáceres;Hombres;050-052 VI-VIII.Enfermedades del sistema nervioso y de los órganos de los sentidos;2021;71
10 Cáceres;Hombres;050-052 VI-VIII.Enfermedades del sistema nervioso y de los órganos de los sentidos;2020;90
10 Cáceres;Hombres;050-052 VI-VIII.Enfermedades del sistema nervioso y de los órganos de los sentidos;2019;78
10 Cáceres;Hombres;050-052 VI-VIII.Enfermedades del sistema nervioso y de los órganos de los sentidos;2018;90
10 Cáceres;Hombres;053-061 IX.Enfermedades del sistema circulatorio;2022;572
10 Cáceres;Hombres;053-061 IX.Enfermedades del sistema circulatorio;2021;571
10 Cáceres;Hombres;053-061 IX.Enfermedades del sistema circulatorio;2020;569
10 Cáceres;Hombres;053-061 IX.Enfermedades del sistema circulatorio;2019;518
10 Cáceres;Hombres;053-061 IX.Enfermedades del sistema circulatorio;2018;588
10 Cáceres;Hombres;062-067 X.Enfermedades del sistema respiratorio;2022;295
10 Cáceres;Hombres;062-067 X.Enfermedades del sistema respiratorio;2021;275
10 Cáceres;Hombres;062-067 X.Enfermedades del sistema respiratorio;2020;322
10 Cáceres;Hombres;062-067 X.Enfermedades del sistema respiratorio;2019;310
10 Cáceres;Hombres;062-067 X.Enfermedades del sistema respiratorio;2018;331
10 Cáceres;Hombres;068-072 XI.Enfermedades del sistema digestivo;2022;136
10 Cáceres;Hombres;068-072 XI.Enfermedades del sistema digestivo;2021;126
10 Cáceres;Hombres;068-072 XI.Enfermedades del sistema digestivo;2020;115
10 Cáceres;Hombres;068-072 XI.Enfermedades del sistema digestivo;2019;103
10 Cáceres;Hombres;068-072 XI.Enfermedades del sistema digestivo;2018;83
10 Cáceres;Hombres;073 XII.Enfermedades de la piel y del tejido subcutáneo;2022;5
10 Cáceres;Hombres;073 XII.Enfermedades de la piel y del tejido subcutáneo;2021;5
10 Cáceres;Hombres;073 XII.Enfermedades de la piel y del tejido subcutáneo;2020;6
10 Cáceres;Hombres;073 XII.Enfermedades de la piel y del tejido subcutáneo;2019;7
10 Cáceres;Hombres;073 XII.Enfermedades de la piel y del tejido subcutáneo;2018;4
10 Cáceres;Hombres;074-076 XIII.Enfermedades del sistema osteomuscular y del tejido conjuntivo;2022;18
10 Cáceres;Hombres;074-076 XIII.Enfermedades del sistema osteomuscular y del tejido conjuntivo;2021;12
10 Cáceres;Hombres;074-076 XIII.Enfermedades del sistema osteomuscular y del tejido conjuntivo;2020;25
10 Cáceres;Hombres;074-076 XIII.Enfermedades del sistema osteomuscular y del tejido conjuntivo;2019;15
10 Cáceres;Hombres;074-076 XIII.Enfermedades del sistema osteomuscular y del tejido conjuntivo;2018;19
10 Cáceres;Hombres;077-080 XIV.Enfermedades del sistema genitourinario;2022;80
10 Cáceres;Hombres;077-080 XIV.Enfermedades del sistema genitourinario;2021;76
10 Cáceres;Hombres;077-080 XIV.Enfermedades del sistema genitourinario;2020;61
10 Cáceres;Hombres;077-080 XIV.Enfermedades del sistema genitourinario;2019;67
10 Cáceres;Hombres;077-080 XIV.Enfermedades del sistema genitourinario;2018;56
10 Cáceres;Hombres;081 XV.Embarazo, parto y puerperio;2022;0
10 Cáceres;Hombres;081 XV.Embarazo, parto y puerperio;2021;0
10 Cáceres;Hombres;081 XV.Embarazo, parto y puerperio;2020;0
10 Cáceres;Hombres;081 XV.Embarazo, parto y puerperio;2019;0
10 Cáceres;Hombres;081 XV.Embarazo, parto y puerperio;2018;0
10 Cáceres;Hombres;082 XVI.Afecciones originadas en el periodo perinatal;2022;2
10 Cáceres;Hombres;082 XVI.Afecciones originadas en el periodo perinatal;2021;1
10 Cáceres;Hombres;082 XVI.Afecciones originadas en el periodo perinatal;2020;0
10 Cáceres;Hombres;082 XVI.Afecciones originadas en el periodo perinatal;2019;1
10 Cáceres;Hombres;082 XVI.Afecciones originadas en el periodo perinatal;2018;7
10 Cáceres;Hombres;083-085 XVII.Malformaciones congénitas, deformidades y anomalías cromosómicas;2022;3
10 Cáceres;Hombres;083-085 XVII.Malformaciones congénitas, deformidades y anomalías cromosómicas;2021;5
10 Cáceres;Hombres;083-085 XVII.Malformaciones congénitas, deformidades y anomalías cromosómicas;2020;2
10 Cáceres;Hombres;083-085 XVII.Malformaciones congénitas, deformidades y anomalías cromosómicas;2019;4
10 Cáceres;Hombres;083-085 XVII.Malformaciones congénitas, deformidades y anomalías cromosómicas;2018;2
10 Cáceres;Hombres;086-089 XVIII.Síntomas, signos y hallazgos anormales clínicos y de laboratorio, no clasificados en otra parte;2022;69
10 Cáceres;Hombres;086-089 XVIII.Síntomas, signos y hallazgos anormales clínicos y de laboratorio, no clasificados en otra parte;2021;89
10 Cáceres;Hombres;086-089 XVIII.Síntomas, signos y hallazgos anormales clínicos y de laboratorio, no clasificados en otra parte;2020;82
10 Cáceres;Hombres;086-089 XVIII.Síntomas, signos y hallazgos anormales clínicos y de laboratorio, no clasificados en otra parte;2019;111
10 Cáceres;Hombres;086-089 XVIII.Síntomas, signos y hallazgos anormales clínicos y de laboratorio, no clasificados en otra parte;2018;64
10 Cáceres;Hombres;090-102 XX.Causas externas de mortalidad;2022;123
10 Cáceres;Hombres;090-102 XX.Causas externas de mortalidad;2021;100
10 Cáceres;Hombres;090-102 XX.Causas externas de mortalidad;2020;97
10 Cáceres;Hombres;090-102 XX.Causas externas de mortalidad;2019;98
10 Cáceres;Hombres;090-102 XX.Causas externas de mortalidad;2018;81
10 Cáceres;Mujeres;001-008 I.Enfermedades infecciosas y parasitarias;2022;196
10 Cáceres;Mujeres;001-008 I.Enfermedades infecciosas y parasitarias;2021;200
10 Cáceres;Mujeres;001-008 I.Enfermedades infecciosas y parasitarias;2020;471
10 Cáceres;Mujeres;001-008 I.Enfermedades infecciosas y parasitarias;2019;26
10 Cáceres;Mujeres;001-008 I.Enfermedades infecciosas y parasitarias;2018;24
10 Cáceres;Mujeres;009-041 II.Tumores;2022;446
10 Cáceres;Mujeres;009-041 II.Tumores;2021;440
10 Cáceres;Mujeres;009-041 II.Tumores;2020;442
10 Cáceres;Mujeres;009-041 II.Tumores;2019;423
10 Cáceres;Mujeres;009-041 II.Tumores;2018;430
10 Cáceres;Mujeres;042-043 III.Enfermedades de la sangre y de los órganos hematopoyéticos, y ciertos trastornos que afectan al mecanismo de la inmunidad;2022;19
10 Cáceres;Mujeres;042-043 III.Enfermedades de la sangre y de los órganos hematopoyéticos, y ciertos trastornos que afectan al mecanismo de la inmunidad;2021;18
10 Cáceres;Mujeres;042-043 III.Enfermedades de la sangre y de los órganos hematopoyéticos, y ciertos trastornos que afectan al mecanismo de la inmunidad;2020;15
10 Cáceres;Mujeres;042-043 III.Enfermedades de la sangre y de los órganos hematopoyéticos, y ciertos trastornos que afectan al mecanismo de la inmunidad;2019;11
10 Cáceres;Mujeres;042-043 III.Enfermedades de la sangre y de los órganos hematopoyéticos, y ciertos trastornos que afectan al mecanismo de la inmunidad;2018;10
10 Cáceres;Mujeres;044-045 IV.Enfermedades endocrinas, nutricionales y metabólicas;2022;135
10 Cáceres;Mujeres;044-045 IV.Enfermedades endocrinas, nutricionales y metabólicas;2021;112
10 Cáceres;Mujeres;044-045 IV.Enfermedades endocrinas, nutricionales y metabólicas;2020;109
10 Cáceres;Mujeres;044-045 IV.Enfermedades endocrinas, nutricionales y metabólicas;2019;69
10 Cáceres;Mujeres;044-045 IV.Enfermedades endocrinas, nutricionales y metabólicas;2018;84
10 Cáceres;Mujeres;046-049 V.Trastornos mentales y del comportamiento;2022;146
10 Cáceres;Mujeres;046-049 V.Trastornos mentales y del comportamiento;2021;111
10 Cáceres;Mujeres;046-049 V.Trastornos mentales y del comportamiento;2020;180
10 Cáceres;Mujeres;046-049 V.Trastornos mentales y del comportamiento;2019;176
10 Cáceres;Mujeres;046-049 V.Trastornos mentales y del comportamiento;2018;175
10 Cáceres;Mujeres;050-052 VI-VIII.Enfermedades del sistema nervioso y de los órganos de los sentidos;2022;113
10 Cáceres;Mujeres;050-052 VI-VIII.Enfermedades del sistema nervioso y de los órganos de los sentidos;2021;118
10 Cáceres;Mujeres;050-052 VI-VIII.Enfermedades del sistema nervioso y de los órganos de los sentidos;2020;123
10 Cáceres;Mujeres;050-052 VI-VIII.Enfermedades del sistema nervioso y de los órganos de los sentidos;2019;134
10 Cáceres;Mujeres;050-052 VI-VIII.Enfermedades del sistema nervioso y de los órganos de los sentidos;2018;152
10 Cáceres;Mujeres;053-061 IX.Enfermedades del sistema circulatorio;2022;672
10 Cáceres;Mujeres;053-061 IX.Enfermedades del sistema circulatorio;2021;723
10 Cáceres;Mujeres;053-061 IX.Enfermedades del sistema circulatorio;2020;697
10 Cáceres;Mujeres;053-061 IX.Enfermedades del sistema circulatorio;2019;599
10 Cáceres;Mujeres;053-061 IX.Enfermedades del sistema circulatorio;2018;684
10 Cáceres;Mujeres;062-067 X.Enfermedades del sistema respiratorio;2022;194
10 Cáceres;Mujeres;062-067 X.Enfermedades del sistema respiratorio;2021;155
10 Cáceres;Mujeres;062-067 X.Enfermedades del sistema respiratorio;2020;243
10 Cáceres;Mujeres;062-067 X.Enfermedades del sistema respiratorio;2019;235
10 Cáceres;Mujeres;062-067 X.Enfermedades del sistema respiratorio;2018;242
10 Cáceres;Mujeres;068-072 XI.Enfermedades del sistema digestivo;2022;136
10 Cáceres;Mujeres;068-072 XI.Enfermedades del sistema digestivo;2021;114
10 Cáceres;Mujeres;068-072 XI.Enfermedades del sistema digestivo;2020;114
10 Cáceres;Mujeres;068-072 XI.Enfermedades del sistema digestivo;2019;105
10 Cáceres;Mujeres;068-072 XI.Enfermedades del sistema digestivo;2018;104
10 Cáceres;Mujeres;073 XII.Enfermedades de la piel y del tejido subcutáneo;2022;18
10 Cáceres;Mujeres;073 XII.Enfermedades de la piel y del tejido subcutáneo;2021;18
10 Cáceres;Mujeres;073 XII.Enfermedades de la piel y del tejido subcutáneo;2020;7
10 Cáceres;Mujeres;073 XII.Enfermedades de la piel y del tejido subcutáneo;2019;13
10 Cáceres;Mujeres;073 XII.Enfermedades de la piel y del tejido subcutáneo;2018;9
10 Cáceres;Mujeres;074-076 XIII.Enfermedades del sistema osteomuscular y del tejido conjuntivo;2022;39
10 Cáceres;Mujeres;074-076 XIII.Enfermedades del sistema osteomuscular y del tejido conjuntivo;2021;34
10 Cáceres;Mujeres;074-076 XIII.Enfermedades del sistema osteomuscular y del tejido conjuntivo;2020;41
10 Cáceres;Mujeres;074-076 XIII.Enfermedades del sistema osteomuscular y del tejido conjuntivo;2019;42
10 Cáceres;Mujeres;074-076 XIII.Enfermedades del sistema osteomuscular y del tejido conjuntivo;2018;38
10 Cáceres;Mujeres;077-080 XIV.Enfermedades del sistema genitourinario;2022;121
10 Cáceres;Mujeres;077-080 XIV.Enfermedades del sistema genitourinario;2021;92
10 Cáceres;Mujeres;077-080 XIV.Enfermedades del sistema genitourinario;2020;102
10 Cáceres;Mujeres;077-080 XIV.Enfermedades del sistema genitourinario;2019;91
10 Cáceres;Mujeres;077-080 XIV.Enfermedades del sistema genitourinario;2018;61
10 Cáceres;Mujeres;081 XV.Embarazo, parto y puerperio;2022;0
10 Cáceres;Mujeres;081 XV.Embarazo, parto y puerperio;2021;0
10 Cáceres;Mujeres;081 XV.Embarazo, parto y puerperio;2020;0
10 Cáceres;Mujeres;081 XV.Embarazo, parto y puerperio;2019;0
10 Cáceres;Mujeres;081 XV.Embarazo, parto y puerperio;2018;0
10 Cáceres;Mujeres;082 XVI.Afecciones originadas en el periodo perinatal;2022;3
10 Cáceres;Mujeres;082 XVI.Afecciones originadas en el periodo perinatal;2021;0
10 Cáceres;Mujeres;082 XVI.Afecciones originadas en el periodo perinatal;2020;0
10 Cáceres;Mujeres;082 XVI.Afecciones originadas en el periodo perinatal;2019;0
10 Cáceres;Mujeres;082 XVI.Afecciones originadas en el periodo perinatal;2018;4
10 Cáceres;Mujeres;083-085 XVII.Malformaciones congénitas, deformidades y anomalías cromosómicas;2022;6
10 Cáceres;Mujeres;083-085 XVII.Malformaciones congénitas, deformidades y anomalías cromosómicas;2021;3
10 Cáceres;Mujeres;083-085 XVII.Malformaciones congénitas, deformidades y anomalías cromosómicas;2020;6
10 Cáceres;Mujeres;083-085 XVII.Malformaciones congénitas, deformidades y anomalías cromosómicas;2019;3
10 Cáceres;Mujeres;083-085 XVII.Malformaciones congénitas, deformidades y anomalías cromosómicas;2018;4
10 Cáceres;Mujeres;086-089 XVIII.Síntomas, signos y hallazgos anormales clínicos y de laboratorio, no clasificados en otra parte;2022;99
10 Cáceres;Mujeres;086-089 XVIII.Síntomas, signos y hallazgos anormales clínicos y de laboratorio, no clasificados en otra parte;2021;113
10 Cáceres;Mujeres;086-089 XVIII.Síntomas, signos y hallazgos anormales clínicos y de laboratorio, no clasificados en otra parte;2020;113
10 Cáceres;Mujeres;086-089 XVIII.Síntomas, signos y hallazgos anormales clínicos y de laboratorio, no clasificados en otra parte;2019;125
10 Cáceres;Mujeres;086-089 XVIII.Síntomas, signos y hallazgos anormales clínicos y de laboratorio, no clasificados en otra parte;2018;69
10 Cáceres;Mujeres;090-102 XX.Causas externas de mortalidad;2022;78
10 Cáceres;Mujeres;090-102 XX.Causas externas de mortalidad;2021;53
10 Cáceres;Mujeres;090-102 XX.Causas externas de mortalidad;2020;59
10 Cáceres;Mujeres;090-102 XX.Causas externas de mortalidad;2019;51
10 Cáceres;Mujeres;090-102 XX.Causas externas de mortalidad;2018;51
11 Cádiz;Hombres;001-008 I.Enfermedades infecciosas y parasitarias;2022;366
11 Cádiz;Hombres;001-008 I.Enfermedades infecciosas y parasitarias;2021;752
11 Cádiz;Hombres;001-008 I.Enfermedades infecciosas y parasitarias;2020;477
11 Cádiz;Hombres;001-008 I.Enfermedades infecciosas y parasitarias;2019;126
11 Cádiz;Hombres;001-008 I.Enfermedades infecciosas y parasitarias;2018;96
11 Cádiz;Hombres;009-041 II.Tumores;2022;1.787
11 Cádiz;Hombres;009-041 II.Tumores;2021;1.721
11 Cádiz;Hombres;009-041 II.Tumores;2020;1.697
11 Cádiz;Hombres;009-041 II.Tumores;2019;1.694
11 Cádiz;Hombres;009-041 II.Tumores;2018;1.690
11 Cádiz;Hombres;042-043 III.Enfermedades de la sangre y de los órganos hematopoyéticos, y ciertos trastornos que afectan al mecanismo de la inmunidad;2022;12
11 Cádiz;Hombres;042-043 III.Enfermedades de la sangre y de los órganos hematopoyéticos, y ciertos trastornos que afectan al mecanismo de la inmunidad;2021;17
11 Cádiz;Hombres;042-043 III.Enfermedades de la sangre y de los órganos hematopoyéticos, y ciertos trastornos que afectan al mecanismo de la inmunidad;2020;25
11 Cádiz;Hombres;042-043 III.Enfermedades de la sangre y de los órganos hematopoyéticos, y ciertos trastornos que afectan al mecanismo de la inmunidad;2019;24
11 Cádiz;Hombres;042-043 III.Enfermedades de la sangre y de los órganos hematopoyéticos, y ciertos trastornos que afectan al mecanismo de la inmunidad;2018;21
11 Cádiz;Hombres;044-045 IV.Enfermedades endocrinas, nutricionales y metabólicas;2022;150
11 Cádiz;Hombres;044-045 IV.Enfermedades endocrinas, nutricionales y metabólicas;2021;170
11 Cádiz;Hombres;044-045 IV.Enfermedades endocrinas, nutricionales y metabólicas;2020;169
11 Cádiz;Hombres;044-045 IV.Enfermedades endocrinas, nutricionales y metabólicas;2019;135
11 Cádiz;Hombres;044-045 IV.Enfermedades endocrinas, nutricionales y metabólicas;2018;136
11 Cádiz;Hombres;046-049 V.Trastornos mentales y del comportamiento;2022;128
11 Cádiz;Hombres;046-049 V.Trastornos mentales y del comportamiento;2021;142
11 Cádiz;Hombres;046-049 V.Trastornos mentales y del comportamiento;2020;119
11 Cádiz;Hombres;046-049 V.Trastornos mentales y del comportamiento;2019;127
11 Cádiz;Hombres;046-049 V.Trastornos mentales y del comportamiento;2018;118
11 Cádiz;Hombres;050-052 VI-VIII.Enfermedades del sistema nervioso y de los órganos de los sentidos;2022;251
11 Cádiz;Hombres;050-052 VI-VIII.Enfermedades del sistema nervioso y de los órganos de los sentidos;2021;242
11 Cádiz;Hombres;050-052 VI-VIII.Enfermedades del sistema nervioso y de los órganos de los sentidos;2020;245
11 Cádiz;Hombres;050-052 VI-VIII.Enfermedades del sistema nervioso y de los órganos de los sentidos;2019;225
11 Cádiz;Hombres;050-052 VI-VIII.Enfermedades del sistema nervioso y de los órganos de los sentidos;2018;269
11 Cádiz;Hombres;053-061 IX.Enfermedades del sistema circulatorio;2022;1.463
11 Cádiz;Hombres;053-061 IX.Enfermedades del sistema circulatorio;2021;1.490
11 Cádiz;Hombres;053-061 IX.Enfermedades del sistema circulatorio;2020;1.466
11 Cádiz;Hombres;053-061 IX.Enfermedades del sistema circulatorio;2019;1.412
11 Cádiz;Hombres;053-061 IX.Enfermedades del sistema circulatorio;2018;1.466
11 Cádiz;Hombres;062-067 X.Enfermedades del sistema respiratorio;2022;530
11 Cádiz;Hombres;062-067 X.Enfermedades del sistema respiratorio;2021;474
11 Cádiz;Hombres;062-067 X.Enfermedades del sistema respiratorio;2020;561
11 Cádiz;Hombres;062-067 X.Enfermedades del sistema respiratorio;2019;598
11 Cádiz;Hombres;062-067 X.Enfermedades del sistema respiratorio;2018;666
11 Cádiz;Hombres;068-072 XI.Enfermedades del sistema digestivo;2022;315
11 Cádiz;Hombres;068-072 XI.Enfermedades del sistema digestivo;2021;309
11 Cádiz;Hombres;068-072 XI.Enfermedades del sistema digestivo;2020;309
11 Cádiz;Hombres;068-072 XI.Enfermedades del sistema digestivo;2019;320
11 Cádiz;Hombres;068-072 XI.Enfermedades del sistema digestivo;2018;311
11 Cádiz;Hombres;073 XII.Enfermedades de la piel y del tejido subcutáneo;2022;10
11 Cádiz;Hombres;073 XII.Enfermedades de la piel y del tejido subcutáneo;2021;24
11 Cádiz;Hombres;073 XII.Enfermedades de la piel y del tejido subcutáneo;2020;18
11 Cádiz;Hombres;073 XII.Enfermedades de la piel y del tejido subcutáneo;2019;18
11 Cádiz;Hombres;073 XII.Enfermedades de la piel y del tejido subcutáneo;2018;32
11 Cádiz;Hombres;074-076 XIII.Enfermedades del sistema osteomuscular y del tejido conjuntivo;2022;43
11 Cádiz;Hombres;074-076 XIII.Enfermedades del sistema osteomuscular y del tejido conjuntivo;2021;27
11 Cádiz;Hombres;074-076 XIII.Enfermedades del sistema osteomuscular y del tejido conjuntivo;2020;33
11 Cádiz;Hombres;074-076 XIII.Enfermedades del sistema osteomuscular y del tejido conjuntivo;2019;38
11 Cádiz;Hombres;074-076 XIII.Enfermedades del sistema osteomuscular y del tejido conjuntivo;2018;45
11 Cádiz;Hombres;077-080 XIV.Enfermedades del sistema genitourinario;2022;217
11 Cádiz;Hombres;077-080 XIV.Enfermedades del sistema genitourinario;2021;211
11 Cádiz;Hombres;077-080 XIV.Enfermedades del sistema genitourinario;2020;209
11 Cádiz;Hombres;077-080 XIV.Enfermedades del sistema genitourinario;2019;176
11 Cádiz;Hombres;077-080 XIV.Enfermedades del sistema genitourinario;2018;160
11 Cádiz;Hombres;081 XV.Embarazo, parto y puerperio;2022;0
11 Cádiz;Hombres;081 XV.Embarazo, parto y puerperio;2021;0
11 Cádiz;Hombres;081 XV.Embarazo, parto y puerperio;2020;0
11 Cádiz;Hombres;081 XV.Embarazo, parto y puerperio;2019;0
11 Cádiz;Hombres;081 XV.Embarazo, parto y puerperio;2018;0
11 Cádiz;Hombres;082 XVI.Afecciones originadas en el periodo perinatal;2022;12
11 Cádiz;Hombres;082 XVI.Afecciones originadas en el periodo perinatal;2021;12
11 Cádiz;Hombres;082 XVI.Afecciones originadas en el periodo perinatal;2020;8
11 Cádiz;Hombres;082 XVI.Afecciones originadas en el periodo perinatal;2019;14
11 Cádiz;Hombres;082 XVI.Afecciones originadas en el periodo perinatal;2018;14
11 Cádiz;Hombres;083-085 XVII.Malformaciones congénitas, deformidades y anomalías cromosómicas;2022;9
11 Cádiz;Hombres;083-085 XVII.Malformaciones congénitas, deformidades y anomalías cromosómicas;2021;12
11 Cádiz;Hombres;083-085 XVII.Malformaciones congénitas, deformidades y anomalías cromosómicas;2020;10
11 Cádiz;Hombres;083-085 XVII.Malformaciones congénitas, deformidades y anomalías cromosómicas;2019;13
11 Cádiz;Hombres;083-085 XVII.Malformaciones congénitas, deformidades y anomalías cromosómicas;2018;6
11 Cádiz;Hombres;086-089 XVIII.Síntomas, signos y hallazgos anormales clínicos y de laboratorio, no clasificados en otra parte;2022;200
11 Cádiz;Hombres;086-089 XVIII.Síntomas, signos y hallazgos anormales clínicos y de laboratorio, no clasificados en otra parte;2021;166
11 Cádiz;Hombres;086-089 XVIII.Síntomas, signos y hallazgos anormales clínicos y de laboratorio, no clasificados en otra parte;2020;239
11 Cádiz;Hombres;086-089 XVIII.Síntomas, signos y hallazgos anormales clínicos y de laboratorio, no clasificados en otra parte;2019;199
11 Cádiz;Hombres;086-089 XVIII.Síntomas, signos y hallazgos anormales clínicos y de laboratorio, no clasificados en otra parte;2018;215
11 Cádiz;Hombres;090-102 XX.Causas externas de mortalidad;2022;323
11 Cádiz;Hombres;090-102 XX.Causas externas de mortalidad;2021;296
11 Cádiz;Hombres;090-102 XX.Causas externas de mortalidad;2020;253
11 Cádiz;Hombres;090-102 XX.Causas externas de mortalidad;2019;190
11 Cádiz;Hombres;090-102 XX.Causas externas de mortalidad;2018;257
11 Cádiz;Mujeres;001-008 I.Enfermedades infecciosas y parasitarias;2022;379
11 Cádiz;Mujeres;001-008 I.Enfermedades infecciosas y parasitarias;2021;577
11 Cádiz;Mujeres;001-008 I.Enfermedades infecciosas y parasitarias;2020;382
11 Cádiz;Mujeres;001-008 I.Enfermedades infecciosas y parasitarias;2019;80
11 Cádiz;Mujeres;001-008 I.Enfermedades infecciosas y parasitarias;2018;110
11 Cádiz;Mujeres;009-041 II.Tumores;2022;1.100
11 Cádiz;Mujeres;009-041 II.Tumores;2021;1.090
11 Cádiz;Mujeres;009-041 II.Tumores;2020;1.033
11 Cádiz;Mujeres;009-041 II.Tumores;2019;1.081
11 Cádiz;Mujeres;009-041 II.Tumores;2018;1.057
11 Cádiz;Mujeres;042-043 III.Enfermedades de la sangre y de los órganos hematopoyéticos, y ciertos trastornos que afectan al mecanismo de la inmunidad;2022;28
11 Cádiz;Mujeres;042-043 III.Enfermedades de la sangre y de los órganos hematopoyéticos, y ciertos trastornos que afectan al mecanismo de la inmunidad;2021;22
11 Cádiz;Mujeres;042-043 III.Enfermedades de la sangre y de los órganos hematopoyéticos, y ciertos trastornos que afectan al mecanismo de la inmunidad;2020;19
11 Cádiz;Mujeres;042-043 III.Enfermedades de la sangre y de los órganos hematopoyéticos, y ciertos trastornos que afectan al mecanismo de la inmunidad;2019;30
11 Cádiz;Mujeres;042-043 III.Enfermedades de la sangre y de los órganos hematopoyéticos, y ciertos trastornos que afectan al mecanismo de la inmunidad;2018;20
11 Cádiz;Mujeres;044-045 IV.Enfermedades endocrinas, nutricionales y metabólicas;2022;206
11 Cádiz;Mujeres;044-045 IV.Enfermedades endocrinas, nutricionales y metabólicas;2021;234
11 Cádiz;Mujeres;044-045 IV.Enfermedades endocrinas, nutricionales y metabólicas;2020;209
11 Cádiz;Mujeres;044-045 IV.Enfermedades endocrinas, nutricionales y metabólicas;2019;169
11 Cádiz;Mujeres;044-045 IV.Enfermedades endocrinas, nutricionales y metabólicas;2018;194
11 Cádiz;Mujeres;046-049 V.Trastornos mentales y del comportamiento;2022;237
11 Cádiz;Mujeres;046-049 V.Trastornos mentales y del comportamiento;2021;238
11 Cádiz;Mujeres;046-049 V.Trastornos mentales y del comportamiento;2020;230
11 Cádiz;Mujeres;046-049 V.Trastornos mentales y del comportamiento;2019;221
11 Cádiz;Mujeres;046-049 V.Trastornos mentales y del comportamiento;2018;223
11 Cádiz;Mujeres;050-052 VI-VIII.Enfermedades del sistema nervioso y de los órganos de los sentidos;2022;402
11 Cádiz;Mujeres;050-052 VI-VIII.Enfermedades del sistema nervioso y de los órganos de los sentidos;2021;382
11 Cádiz;Mujeres;050-052 VI-VIII.Enfermedades del sistema nervioso y de los órganos de los sentidos;2020;395
11 Cádiz;Mujeres;050-052 VI-VIII.Enfermedades del sistema nervioso y de los órganos de los sentidos;2019;328
11 Cádiz;Mujeres;050-052 VI-VIII.Enfermedades del sistema nervioso y de los órganos de los sentidos;2018;382
11 Cádiz;Mujeres;053-061 IX.Enfermedades del sistema circulatorio;2022;1.593
11 Cádiz;Mujeres;053-061 IX.Enfermedades del sistema circulatorio;2021;1.611
11 Cádiz;Mujeres;053-061 IX.Enfermedades del sistema circulatorio;2020;1.604
11 Cádiz;Mujeres;053-061 IX.Enfermedades del sistema circulatorio;2019;1.473
11 Cádiz;Mujeres;053-061 IX.Enfermedades del sistema circulatorio;2018;1.633
11 Cádiz;Mujeres;062-067 X.Enfermedades del sistema respiratorio;2022;379
11 Cádiz;Mujeres;062-067 X.Enfermedades del sistema respiratorio;2021;291
11 Cádiz;Mujeres;062-067 X.Enfermedades del sistema respiratorio;2020;364
11 Cádiz;Mujeres;062-067 X.Enfermedades del sistema respiratorio;2019;362
11 Cádiz;Mujeres;062-067 X.Enfermedades del sistema respiratorio;2018;422
11 Cádiz;Mujeres;068-072 XI.Enfermedades del sistema digestivo;2022;251
11 Cádiz;Mujeres;068-072 XI.Enfermedades del sistema digestivo;2021;291
11 Cádiz;Mujeres;068-072 XI.Enfermedades del sistema digestivo;2020;249
11 Cádiz;Mujeres;068-072 XI.Enfermedades del sistema digestivo;2019;260
11 Cádiz;Mujeres;068-072 XI.Enfermedades del sistema digestivo;2018;247
11 Cádiz;Mujeres;073 XII.Enfermedades de la piel y del tejido subcutáneo;2022;30
11 Cádiz;Mujeres;073 XII.Enfermedades de la piel y del tejido subcutáneo;2021;36
11 Cádiz;Mujeres;073 XII.Enfermedades de la piel y del tejido subcutáneo;2020;32
11 Cádiz;Mujeres;073 XII.Enfermedades de la piel y del tejido subcutáneo;2019;47
11 Cádiz;Mujeres;073 XII.Enfermedades de la piel y del tejido subcutáneo;2018;38
11 Cádiz;Mujeres;074-076 XIII.Enfermedades del sistema osteomuscular y del tejido conjuntivo;2022;59
11 Cádiz;Mujeres;074-076 XIII.Enfermedades del sistema osteomuscular y del tejido conjuntivo;2021;88
11 Cádiz;Mujeres;074-076 XIII.Enfermedades del sistema osteomuscular y del tejido conjuntivo;2020;66
11 Cádiz;Mujeres;074-076 XIII.Enfermedades del sistema osteomuscular y del tejido conjuntivo;2019;74
11 Cádiz;Mujeres;074-076 XIII.Enfermedades del sistema osteomuscular y del tejido conjuntivo;2018;83
11 Cádiz;Mujeres;077-080 XIV.Enfermedades del sistema genitourinario;2022;263
11 Cádiz;Mujeres;077-080 XIV.Enfermedades del sistema genitourinario;2021;281
11 Cádiz;Mujeres;077-080 XIV.Enfermedades del sistema genitourinario;2020;225
11 Cádiz;Mujeres;077-080 XIV.Enfermedades del sistema genitourinario;2019;209
11 Cádiz;Mujeres;077-080 XIV.Enfermedades del sistema genitourinario;2018;206
11 Cádiz;Mujeres;081 XV.Embarazo, parto y puerperio;2022;0
11 Cádiz;Mujeres;081 XV.Embarazo, parto y puerperio;2021;0
11 Cádiz;Mujeres;081 XV.Embarazo, parto y puerperio;2020;0
11 Cádiz;Mujeres;081 XV.Embarazo, parto y puerperio;2019;0
11 Cádiz;Mujeres;081 XV.Embarazo, parto y puerperio;2018;0
11 Cádiz;Mujeres;082 XVI.Afecciones originadas en el periodo perinatal;2022;3
11 Cádiz;Mujeres;082 XVI.Afecciones originadas en el periodo perinatal;2021;10
11 Cádiz;Mujeres;082 XVI.Afecciones originadas en el periodo perinatal;2020;4
11 Cádiz;Mujeres;082 XVI.Afecciones originadas en el periodo perinatal;2019;4
11 Cádiz;Mujeres;082 XVI.Afecciones originadas en el periodo perinatal;2018;12
11 Cádiz;Mujeres;083-085 XVII.Malformaciones congénitas, deformidades y anomalías cromosómicas;2022;13
11 Cádiz;Mujeres;083-085 XVII.Malformaciones congénitas, deformidades y anomalías cromosómicas;2021;8
11 Cádiz;Mujeres;083-085 XVII.Malformaciones congénitas, deformidades y anomalías cromosómicas;2020;10
11 Cádiz;Mujeres;083-085 XVII.Malformaciones congénitas, deformidades y anomalías cromosómicas;2019;13
11 Cádiz;Mujeres;083-085 XVII.Malformaciones congénitas, deformidades y anomalías cromosómicas;2018;8
11 Cádiz;Mujeres;086-089 XVIII.Síntomas, signos y hallazgos anormales clínicos y de laboratorio, no clasificados en otra parte;2022;338
11 Cádiz;Mujeres;086-089 XVIII.Síntomas, signos y hallazgos anormales clínicos y de laboratorio, no clasificados en otra parte;2021;333
11 Cádiz;Mujeres;086-089 XVIII.Síntomas, signos y hallazgos anormales clínicos y de laboratorio, no clasificados en otra parte;2020;311
11 Cádiz;Mujeres;086-089 XVIII.Síntomas, signos y hallazgos anormales clínicos y de laboratorio, no clasificados en otra parte;2019;202
11 Cádiz;Mujeres;086-089 XVIII.Síntomas, signos y hallazgos anormales clínicos y de laboratorio, no clasificados en otra parte;2018;238
11 Cádiz;Mujeres;090-102 XX.Causas externas de mortalidad;2022;143
11 Cádiz;Mujeres;090-102 XX.Causas externas de mortalidad;2021;106
11 Cádiz;Mujeres;090-102 XX.Causas externas de mortalidad;2020;110
11 Cádiz;Mujeres;090-102 XX.Causas externas de mortalidad;2019;121
11 Cádiz;Mujeres;090-102 XX.Causas externas de mortalidad;2018;113
39 Cantabria;Hombres;001-008 I.Enfermedades infecciosas y parasitarias;2022;268
39 Cantabria;Hombres;001-008 I.Enfermedades infecciosas y parasitarias;2021;177
39 Cantabria;Hombres;001-008 I.Enfermedades infecciosas y parasitarias;2020;296
39 Cantabria;Hombres;001-008 I.Enfermedades infecciosas y parasitarias;2019;44
39 Cantabria;Hombres;001-008 I.Enfermedades infecciosas y parasitarias;2018;29
39 Cantabria;Hombres;009-041 II.Tumores;2022;997
39 Cantabria;Hombres;009-041 II.Tumores;2021;1.029
39 Cantabria;Hombres;009-041 II.Tumores;2020;975
39 Cantabria;Hombres;009-041 II.Tumores;2019;1.016
39 Cantabria;Hombres;009-041 II.Tumores;2018;1.071
39 Cantabria;Hombres;042-043 III.Enfermedades de la sangre y de los órganos hematopoyéticos, y ciertos trastornos que afectan al mecanismo de la inmunidad;2022;12
39 Cantabria;Hombres;042-043 III.Enfermedades de la sangre y de los órganos hematopoyéticos, y ciertos trastornos que afectan al mecanismo de la inmunidad;2021;10
39 Cantabria;Hombres;042-043 III.Enfermedades de la sangre y de los órganos hematopoyéticos, y ciertos trastornos que afectan al mecanismo de la inmunidad;2020;15
39 Cantabria;Hombres;042-043 III.Enfermedades de la sangre y de los órganos hematopoyéticos, y ciertos trastornos que afectan al mecanismo de la inmunidad;2019;11
39 Cantabria;Hombres;042-043 III.Enfermedades de la sangre y de los órganos hematopoyéticos, y ciertos trastornos que afectan al mecanismo de la inmunidad;2018;13
39 Cantabria;Hombres;044-045 IV.Enfermedades endocrinas, nutricionales y metabólicas;2022;111
39 Cantabria;Hombres;044-045 IV.Enfermedades endocrinas, nutricionales y metabólicas;2021;96
39 Cantabria;Hombres;044-045 IV.Enfermedades endocrinas, nutricionales y metabólicas;2020;102
39 Cantabria;Hombres;044-045 IV.Enfermedades endocrinas, nutricionales y metabólicas;2019;74
39 Cantabria;Hombres;044-045 IV.Enfermedades endocrinas, nutricionales y metabólicas;2018;59
39 Cantabria;Hombres;046-049 V.Trastornos mentales y del comportamiento;2022;158
39 Cantabria;Hombres;046-049 V.Trastornos mentales y del comportamiento;2021;133
39 Cantabria;Hombres;046-049 V.Trastornos mentales y del comportamiento;2020;167
39 Cantabria;Hombres;046-049 V.Trastornos mentales y del comportamiento;2019;199
39 Cantabria;Hombres;046-049 V.Trastornos mentales y del comportamiento;2018;183
39 Cantabria;Hombres;050-052 VI-VIII.Enfermedades del sistema nervioso y de los órganos de los sentidos;2022;154
39 Cantabria;Hombres;050-052 VI-VIII.Enfermedades del sistema nervioso y de los órganos de los sentidos;2021;149
39 Cantabria;Hombres;050-052 VI-VIII.Enfermedades del sistema nervioso y de los órganos de los sentidos;2020;160
39 Cantabria;Hombres;050-052 VI-VIII.Enfermedades del sistema nervioso y de los órganos de los sentidos;2019;153
39 Cantabria;Hombres;050-052 VI-VIII.Enfermedades del sistema nervioso y de los órganos de los sentidos;2018;152
39 Cantabria;Hombres;053-061 IX.Enfermedades del sistema circulatorio;2022;807
39 Cantabria;Hombres;053-061 IX.Enfermedades del sistema circulatorio;2021;763
39 Cantabria;Hombres;053-061 IX.Enfermedades del sistema circulatorio;2020;765
39 Cantabria;Hombres;053-061 IX.Enfermedades del sistema circulatorio;2019;783
39 Cantabria;Hombres;053-061 IX.Enfermedades del sistema circulatorio;2018;763
39 Cantabria;Hombres;062-067 X.Enfermedades del sistema respiratorio;2022;352
39 Cantabria;Hombres;062-067 X.Enfermedades del sistema respiratorio;2021;281
39 Cantabria;Hombres;062-067 X.Enfermedades del sistema respiratorio;2020;329
39 Cantabria;Hombres;062-067 X.Enfermedades del sistema respiratorio;2019;285
39 Cantabria;Hombres;062-067 X.Enfermedades del sistema respiratorio;2018;398
39 Cantabria;Hombres;068-072 XI.Enfermedades del sistema digestivo;2022;153
39 Cantabria;Hombres;068-072 XI.Enfermedades del sistema digestivo;2021;141
39 Cantabria;Hombres;068-072 XI.Enfermedades del sistema digestivo;2020;136
39 Cantabria;Hombres;068-072 XI.Enfermedades del sistema digestivo;2019;142
39 Cantabria;Hombres;068-072 XI.Enfermedades del sistema digestivo;2018;127
39 Cantabria;Hombres;073 XII.Enfermedades de la piel y del tejido subcutáneo;2022;8
39 Cantabria;Hombres;073 XII.Enfermedades de la piel y del tejido subcutáneo;2021;14
39 Cantabria;Hombres;073 XII.Enfermedades de la piel y del tejido subcutáneo;2020;11
39 Cantabria;Hombres;073 XII.Enfermedades de la piel y del tejido subcutáneo;2019;5
39 Cantabria;Hombres;073 XII.Enfermedades de la piel y del tejido subcutáneo;2018;9
39 Cantabria;Hombres;074-076 XIII.Enfermedades del sistema osteomuscular y del tejido conjuntivo;2022;31
39 Cantabria;Hombres;074-076 XIII.Enfermedades del sistema osteomuscular y del tejido conjuntivo;2021;22
39 Cantabria;Hombres;074-076 XIII.Enfermedades del sistema osteomuscular y del tejido conjuntivo;2020;25
39 Cantabria;Hombres;074-076 XIII.Enfermedades del sistema osteomuscular y del tejido conjuntivo;2019;33
39 Cantabria;Hombres;074-076 XIII.Enfermedades del sistema osteomuscular y del tejido conjuntivo;2018;31
39 Cantabria;Hombres;077-080 XIV.Enfermedades del sistema genitourinario;2022;123
39 Cantabria;Hombres;077-080 XIV.Enfermedades del sistema genitourinario;2021;107
39 Cantabria;Hombres;077-080 XIV.Enfermedades del sistema genitourinario;2020;84
39 Cantabria;Hombres;077-080 XIV.Enfermedades del sistema genitourinario;2019;88
39 Cantabria;Hombres;077-080 XIV.Enfermedades del sistema genitourinario;2018;64
39 Cantabria;Hombres;081 XV.Embarazo, parto y puerperio;2022;0
39 Cantabria;Hombres;081 XV.Embarazo, parto y puerperio;2021;0
39 Cantabria;Hombres;081 XV.Embarazo, parto y puerperio;2020;0
39 Cantabria;Hombres;081 XV.Embarazo, parto y puerperio;2019;0
39 Cantabria;Hombres;081 XV.Embarazo, parto y puerperio;2018;0
39 Cantabria;Hombres;082 XVI.Afecciones originadas en el periodo perinatal;2022;2
39 Cantabria;Hombres;082 XVI.Afecciones originadas en el periodo perinatal;2021;6
39 Cantabria;Hombres;082 XVI.Afecciones originadas en el periodo perinatal;2020;3
39 Cantabria;Hombres;082 XVI.Afecciones originadas en el periodo perinatal;2019;2
39 Cantabria;Hombres;082 XVI.Afecciones originadas en el periodo perinatal;2018;2
39 Cantabria;Hombres;083-085 XVII.Malformaciones congénitas, deformidades y anomalías cromosómicas;2022;3
39 Cantabria;Hombres;083-085 XVII.Malformaciones congénitas, deformidades y anomalías cromosómicas;2021;4
39 Cantabria;Hombres;083-085 XVII.Malformaciones congénitas, deformidades y anomalías cromosómicas;2020;8
39 Cantabria;Hombres;083-085 XVII.Malformaciones congénitas, deformidades y anomalías cromosómicas;2019;6
39 Cantabria;Hombres;083-085 XVII.Malformaciones congénitas, deformidades y anomalías cromosómicas;2018;6
39 Cantabria;Hombres;086-089 XVIII.Síntomas, signos y hallazgos anormales clínicos y de laboratorio, no clasificados en otra parte;2022;32
39 Cantabria;Hombres;086-089 XVIII.Síntomas, signos y hallazgos anormales clínicos y de laboratorio, no clasificados en otra parte;2021;47
39 Cantabria;Hombres;086-089 XVIII.Síntomas, signos y hallazgos anormales clínicos y de laboratorio, no clasificados en otra parte;2020;26
39 Cantabria;Hombres;086-089 XVIII.Síntomas, signos y hallazgos anormales clínicos y de laboratorio, no clasificados en otra parte;2019;91
39 Cantabria;Hombres;086-089 XVIII.Síntomas, signos y hallazgos anormales clínicos y de laboratorio, no clasificados en otra parte;2018;86
39 Cantabria;Hombres;090-102 XX.Causas externas de mortalidad;2022;163
39 Cantabria;Hombres;090-102 XX.Causas externas de mortalidad;2021;131
39 Cantabria;Hombres;090-102 XX.Causas externas de mortalidad;2020;139
39 Cantabria;Hombres;090-102 XX.Causas externas de mortalidad;2019;145
39 Cantabria;Hombres;090-102 XX.Causas externas de mortalidad;2018;136
39 Cantabria;Mujeres;001-008 I.Enfermedades infecciosas y parasitarias;2022;230
39 Cantabria;Mujeres;001-008 I.Enfermedades infecciosas y parasitarias;2021;173
39 Cantabria;Mujeres;001-008 I.Enfermedades infecciosas y parasitarias;2020;298
39 Cantabria;Mujeres;001-008 I.Enfermedades infecciosas y parasitarias;2019;31
39 Cantabria;Mujeres;001-008 I.Enfermedades infecciosas y parasitarias;2018;34
39 Cantabria;Mujeres;009-041 II.Tumores;2022;737
39 Cantabria;Mujeres;009-041 II.Tumores;2021;667
39 Cantabria;Mujeres;009-041 II.Tumores;2020;700
39 Cantabria;Mujeres;009-041 II.Tumores;2019;694
39 Cantabria;Mujeres;009-041 II.Tumores;2018;656
39 Cantabria;Mujeres;042-043 III.Enfermedades de la sangre y de los órganos hematopoyéticos, y ciertos trastornos que afectan al mecanismo de la inmunidad;2022;18
39 Cantabria;Mujeres;042-043 III.Enfermedades de la sangre y de los órganos hematopoyéticos, y ciertos trastornos que afectan al mecanismo de la inmunidad;2021;20
39 Cantabria;Mujeres;042-043 III.Enfermedades de la sangre y de los órganos hematopoyéticos, y ciertos trastornos que afectan al mecanismo de la inmunidad;2020;20
39 Cantabria;Mujeres;042-043 III.Enfermedades de la sangre y de los órganos hematopoyéticos, y ciertos trastornos que afectan al mecanismo de la inmunidad;2019;10
39 Cantabria;Mujeres;042-043 III.Enfermedades de la sangre y de los órganos hematopoyéticos, y ciertos trastornos que afectan al mecanismo de la inmunidad;2018;11
39 Cantabria;Mujeres;044-045 IV.Enfermedades endocrinas, nutricionales y metabólicas;2022;177
39 Cantabria;Mujeres;044-045 IV.Enfermedades endocrinas, nutricionales y metabólicas;2021;139
39 Cantabria;Mujeres;044-045 IV.Enfermedades endocrinas, nutricionales y metabólicas;2020;124
39 Cantabria;Mujeres;044-045 IV.Enfermedades endocrinas, nutricionales y metabólicas;2019;103
39 Cantabria;Mujeres;044-045 IV.Enfermedades endocrinas, nutricionales y metabólicas;2018;86
39 Cantabria;Mujeres;046-049 V.Trastornos mentales y del comportamiento;2022;299
39 Cantabria;Mujeres;046-049 V.Trastornos mentales y del comportamiento;2021;234
39 Cantabria;Mujeres;046-049 V.Trastornos mentales y del comportamiento;2020;312
39 Cantabria;Mujeres;046-049 V.Trastornos mentales y del comportamiento;2019;353
39 Cantabria;Mujeres;046-049 V.Trastornos mentales y del comportamiento;2018;370
39 Cantabria;Mujeres;050-052 VI-VIII.Enfermedades del sistema nervioso y de los órganos de los sentidos;2022;215
39 Cantabria;Mujeres;050-052 VI-VIII.Enfermedades del sistema nervioso y de los órganos de los sentidos;2021;217
39 Cantabria;Mujeres;050-052 VI-VIII.Enfermedades del sistema nervioso y de los órganos de los sentidos;2020;259
39 Cantabria;Mujeres;050-052 VI-VIII.Enfermedades del sistema nervioso y de los órganos de los sentidos;2019;220
39 Cantabria;Mujeres;050-052 VI-VIII.Enfermedades del sistema nervioso y de los órganos de los sentidos;2018;231
39 Cantabria;Mujeres;053-061 IX.Enfermedades del sistema circulatorio;2022;929
39 Cantabria;Mujeres;053-061 IX.Enfermedades del sistema circulatorio;2021;890
39 Cantabria;Mujeres;053-061 IX.Enfermedades del sistema circulatorio;2020;891
39 Cantabria;Mujeres;053-061 IX.Enfermedades del sistema circulatorio;2019;907
39 Cantabria;Mujeres;053-061 IX.Enfermedades del sistema circulatorio;2018;861
39 Cantabria;Mujeres;062-067 X.Enfermedades del sistema respiratorio;2022;351
39 Cantabria;Mujeres;062-067 X.Enfermedades del sistema respiratorio;2021;209
39 Cantabria;Mujeres;062-067 X.Enfermedades del sistema respiratorio;2020;294
39 Cantabria;Mujeres;062-067 X.Enfermedades del sistema respiratorio;2019;294
39 Cantabria;Mujeres;062-067 X.Enfermedades del sistema respiratorio;2018;395
39 Cantabria;Mujeres;068-072 XI.Enfermedades del sistema digestivo;2022;146
39 Cantabria;Mujeres;068-072 XI.Enfermedades del sistema digestivo;2021;113
39 Cantabria;Mujeres;068-072 XI.Enfermedades del sistema digestivo;2020;129
39 Cantabria;Mujeres;068-072 XI.Enfermedades del sistema digestivo;2019;157
39 Cantabria;Mujeres;068-072 XI.Enfermedades del sistema digestivo;2018;142
39 Cantabria;Mujeres;073 XII.Enfermedades de la piel y del tejido subcutáneo;2022;28
39 Cantabria;Mujeres;073 XII.Enfermedades de la piel y del tejido subcutáneo;2021;24
39 Cantabria;Mujeres;073 XII.Enfermedades de la piel y del tejido subcutáneo;2020;15
39 Cantabria;Mujeres;073 XII.Enfermedades de la piel y del tejido subcutáneo;2019;14
39 Cantabria;Mujeres;073 XII.Enfermedades de la piel y del tejido subcutáneo;2018;8
39 Cantabria;Mujeres;074-076 XIII.Enfermedades del sistema osteomuscular y del tejido conjuntivo;2022;60
39 Cantabria;Mujeres;074-076 XIII.Enfermedades del sistema osteomuscular y del tejido conjuntivo;2021;45
39 Cantabria;Mujeres;074-076 XIII.Enfermedades del sistema osteomuscular y del tejido conjuntivo;2020;46
39 Cantabria;Mujeres;074-076 XIII.Enfermedades del sistema osteomuscular y del tejido conjuntivo;2019;43
39 Cantabria;Mujeres;074-076 XIII.Enfermedades del sistema osteomuscular y del tejido conjuntivo;2018;55
39 Cantabria;Mujeres;077-080 XIV.Enfermedades del sistema genitourinario;2022;153
39 Cantabria;Mujeres;077-080 XIV.Enfermedades del sistema genitourinario;2021;124
39 Cantabria;Mujeres;077-080 XIV.Enfermedades del sistema genitourinario;2020;122
39 Cantabria;Mujeres;077-080 XIV.Enfermedades del sistema genitourinario;2019;104
39 Cantabria;Mujeres;077-080 XIV.Enfermedades del sistema genitourinario;2018;82
39 Cantabria;Mujeres;081 XV.Embarazo, parto y puerperio;2022;0
39 Cantabria;Mujeres;081 XV.Embarazo, parto y puerperio;2021;0
39 Cantabria;Mujeres;081 XV.Embarazo, parto y puerperio;2020;0
39 Cantabria;Mujeres;081 XV.Embarazo, parto y puerperio;2019;0
39 Cantabria;Mujeres;081 XV.Embarazo, parto y puerperio;2018;0
39 Cantabria;Mujeres;082 XVI.Afecciones originadas en el periodo perinatal;2022;2
39 Cantabria;Mujeres;082 XVI.Afecciones originadas en el periodo perinatal;2021;3
39 Cantabria;Mujeres;082 XVI.Afecciones originadas en el periodo perinatal;2020;5
39 Cantabria;Mujeres;082 XVI.Afecciones originadas en el periodo perinatal;2019;0
39 Cantabria;Mujeres;082 XVI.Afecciones originadas en el periodo perinatal;2018;5
39 Cantabria;Mujeres;083-085 XVII.Malformaciones congénitas, deformidades y anomalías cromosómicas;2022;7
39 Cantabria;Mujeres;083-085 XVII.Malformaciones congénitas, deformidades y anomalías cromosómicas;2021;6
39 Cantabria;Mujeres;083-085 XVII.Malformaciones congénitas, deformidades y anomalías cromosómicas;2020;9
39 Cantabria;Mujeres;083-085 XVII.Malformaciones congénitas, deformidades y anomalías cromosómicas;2019;10
39 Cantabria;Mujeres;083-085 XVII.Malformaciones congénitas, deformidades y anomalías cromosómicas;2018;7
39 Cantabria;Mujeres;086-089 XVIII.Síntomas, signos y hallazgos anormales clínicos y de laboratorio, no clasificados en otra parte;2022;51
39 Cantabria;Mujeres;086-089 XVIII.Síntomas, signos y hallazgos anormales clínicos y de laboratorio, no clasificados en otra parte;2021;67
39 Cantabria;Mujeres;086-089 XVIII.Síntomas, signos y hallazgos anormales clínicos y de laboratorio, no clasificados en otra parte;2020;22
39 Cantabria;Mujeres;086-089 XVIII.Síntomas, signos y hallazgos anormales clínicos y de laboratorio, no clasificados en otra parte;2019;32
39 Cantabria;Mujeres;086-089 XVIII.Síntomas, signos y hallazgos anormales clínicos y de laboratorio, no clasificados en otra parte;2018;47
39 Cantabria;Mujeres;090-102 XX.Causas externas de mortalidad;2022;110
39 Cantabria;Mujeres;090-102 XX.Causas externas de mortalidad;2021;103
39 Cantabria;Mujeres;090-102 XX.Causas externas de mortalidad;2020;74
39 Cantabria;Mujeres;090-102 XX.Causas externas de mortalidad;2019;88
39 Cantabria;Mujeres;090-102 XX.Causas externas de mortalidad;2018;55
12 Castellón/Castelló;Hombres;001-008 I.Enfermedades infecciosas y parasitarias;2022;245
12 Castellón/Castelló;Hombres;001-008 I.Enfermedades infecciosas y parasitarias;2021;335
12 Castellón/Castelló;Hombres;001-008 I.Enfermedades infecciosas y parasitarias;2020;265
12 Castellón/Castelló;Hombres;001-008 I.Enfermedades infecciosas y parasitarias;2019;35
12 Castellón/Castelló;Hombres;001-008 I.Enfermedades infecciosas y parasitarias;2018;37
12 Castellón/Castelló;Hombres;009-041 II.Tumores;2022;855
12 Castellón/Castelló;Hombres;009-041 II.Tumores;2021;877
12 Castellón/Castelló;Hombres;009-041 II.Tumores;2020;836
12 Castellón/Castelló;Hombres;009-041 II.Tumores;2019;860
12 Castellón/Castelló;Hombres;009-041 II.Tumores;2018;845
12 Castellón/Castelló;Hombres;042-043 III.Enfermedades de la sangre y de los órganos hematopoyéticos, y ciertos trastornos que afectan al mecanismo de la inmunidad;2022;8
12 Castellón/Castelló;Hombres;042-043 III.Enfermedades de la sangre y de los órganos hematopoyéticos, y ciertos trastornos que afectan al mecanismo de la inmunidad;2021;18
12 Castellón/Castelló;Hombres;042-043 III.Enfermedades de la sangre y de los órganos hematopoyéticos, y ciertos trastornos que afectan al mecanismo de la inmunidad;2020;10
12 Castellón/Castelló;Hombres;042-043 III.Enfermedades de la sangre y de los órganos hematopoyéticos, y ciertos trastornos que afectan al mecanismo de la inmunidad;2019;12
12 Castellón/Castelló;Hombres;042-043 III.Enfermedades de la sangre y de los órganos hematopoyéticos, y ciertos trastornos que afectan al mecanismo de la inmunidad;2018;13
12 Castellón/Castelló;Hombres;044-045 IV.Enfermedades endocrinas, nutricionales y metabólicas;2022;115
12 Castellón/Castelló;Hombres;044-045 IV.Enfermedades endocrinas, nutricionales y metabólicas;2021;119
12 Castellón/Castelló;Hombres;044-045 IV.Enfermedades endocrinas, nutricionales y metabólicas;2020;111
12 Castellón/Castelló;Hombres;044-045 IV.Enfermedades endocrinas, nutricionales y metabólicas;2019;100
12 Castellón/Castelló;Hombres;044-045 IV.Enfermedades endocrinas, nutricionales y metabólicas;2018;107
12 Castellón/Castelló;Hombres;046-049 V.Trastornos mentales y del comportamiento;2022;62
12 Castellón/Castelló;Hombres;046-049 V.Trastornos mentales y del comportamiento;2021;71
12 Castellón/Castelló;Hombres;046-049 V.Trastornos mentales y del comportamiento;2020;58
12 Castellón/Castelló;Hombres;046-049 V.Trastornos mentales y del comportamiento;2019;78
12 Castellón/Castelló;Hombres;046-049 V.Trastornos mentales y del comportamiento;2018;81
12 Castellón/Castelló;Hombres;050-052 VI-VIII.Enfermedades del sistema nervioso y de los órganos de los sentidos;2022;163
12 Castellón/Castelló;Hombres;050-052 VI-VIII.Enfermedades del sistema nervioso y de los órganos de los sentidos;2021;175
12 Castellón/Castelló;Hombres;050-052 VI-VIII.Enfermedades del sistema nervioso y de los órganos de los sentidos;2020;177
12 Castellón/Castelló;Hombres;050-052 VI-VIII.Enfermedades del sistema nervioso y de los órganos de los sentidos;2019;163
12 Castellón/Castelló;Hombres;050-052 VI-VIII.Enfermedades del sistema nervioso y de los órganos de los sentidos;2018;157
12 Castellón/Castelló;Hombres;053-061 IX.Enfermedades del sistema circulatorio;2022;797
12 Castellón/Castelló;Hombres;053-061 IX.Enfermedades del sistema circulatorio;2021;779
12 Castellón/Castelló;Hombres;053-061 IX.Enfermedades del sistema circulatorio;2020;714
12 Castellón/Castelló;Hombres;053-061 IX.Enfermedades del sistema circulatorio;2019;687
12 Castellón/Castelló;Hombres;053-061 IX.Enfermedades del sistema circulatorio;2018;705
12 Castellón/Castelló;Hombres;062-067 X.Enfermedades del sistema respiratorio;2022;272
12 Castellón/Castelló;Hombres;062-067 X.Enfermedades del sistema respiratorio;2021;226
12 Castellón/Castelló;Hombres;062-067 X.Enfermedades del sistema respiratorio;2020;266
12 Castellón/Castelló;Hombres;062-067 X.Enfermedades del sistema respiratorio;2019;291
12 Castellón/Castelló;Hombres;062-067 X.Enfermedades del sistema respiratorio;2018;382
12 Castellón/Castelló;Hombres;068-072 XI.Enfermedades del sistema digestivo;2022;182
12 Castellón/Castelló;Hombres;068-072 XI.Enfermedades del sistema digestivo;2021;148
12 Castellón/Castelló;Hombres;068-072 XI.Enfermedades del sistema digestivo;2020;121
12 Castellón/Castelló;Hombres;068-072 XI.Enfermedades del sistema digestivo;2019;121
12 Castellón/Castelló;Hombres;068-072 XI.Enfermedades del sistema digestivo;2018;148
12 Castellón/Castelló;Hombres;073 XII.Enfermedades de la piel y del tejido subcutáneo;2022;9
12 Castellón/Castelló;Hombres;073 XII.Enfermedades de la piel y del tejido subcutáneo;2021;10
12 Castellón/Castelló;Hombres;073 XII.Enfermedades de la piel y del tejido subcutáneo;2020;3
12 Castellón/Castelló;Hombres;073 XII.Enfermedades de la piel y del tejido subcutáneo;2019;9
12 Castellón/Castelló;Hombres;073 XII.Enfermedades de la piel y del tejido subcutáneo;2018;12
12 Castellón/Castelló;Hombres;074-076 XIII.Enfermedades del sistema osteomuscular y del tejido conjuntivo;2022;21
12 Castellón/Castelló;Hombres;074-076 XIII.Enfermedades del sistema osteomuscular y del tejido conjuntivo;2021;17
12 Castellón/Castelló;Hombres;074-076 XIII.Enfermedades del sistema osteomuscular y del tejido conjuntivo;2020;22
12 Castellón/Castelló;Hombres;074-076 XIII.Enfermedades del sistema osteomuscular y del tejido conjuntivo;2019;17
12 Castellón/Castelló;Hombres;074-076 XIII.Enfermedades del sistema osteomuscular y del tejido conjuntivo;2018;25
12 Castellón/Castelló;Hombres;077-080 XIV.Enfermedades del sistema genitourinario;2022;130
12 Castellón/Castelló;Hombres;077-080 XIV.Enfermedades del sistema genitourinario;2021;100
12 Castellón/Castelló;Hombres;077-080 XIV.Enfermedades del sistema genitourinario;2020;85
12 Castellón/Castelló;Hombres;077-080 XIV.Enfermedades del sistema genitourinario;2019;79
12 Castellón/Castelló;Hombres;077-080 XIV.Enfermedades del sistema genitourinario;2018;97
12 Castellón/Castelló;Hombres;081 XV.Embarazo, parto y puerperio;2022;0
12 Castellón/Castelló;Hombres;081 XV.Embarazo, parto y puerperio;2021;0
12 Castellón/Castelló;Hombres;081 XV.Embarazo, parto y puerperio;2020;0
12 Castellón/Castelló;Hombres;081 XV.Embarazo, parto y puerperio;2019;0
12 Castellón/Castelló;Hombres;081 XV.Embarazo, parto y puerperio;2018;0
12 Castellón/Castelló;Hombres;082 XVI.Afecciones originadas en el periodo perinatal;2022;3
12 Castellón/Castelló;Hombres;082 XVI.Afecciones originadas en el periodo perinatal;2021;4
12 Castellón/Castelló;Hombres;082 XVI.Afecciones originadas en el periodo perinatal;2020;1
12 Castellón/Castelló;Hombres;082 XVI.Afecciones originadas en el periodo perinatal;2019;3
12 Castellón/Castelló;Hombres;082 XVI.Afecciones originadas en el periodo perinatal;2018;1
12 Castellón/Castelló;Hombres;083-085 XVII.Malformaciones congénitas, deformidades y anomalías cromosómicas;2022;9
12 Castellón/Castelló;Hombres;083-085 XVII.Malformaciones congénitas, deformidades y anomalías cromosómicas;2021;8
12 Castellón/Castelló;Hombres;083-085 XVII.Malformaciones congénitas, deformidades y anomalías cromosómicas;2020;5
12 Castellón/Castelló;Hombres;083-085 XVII.Malformaciones congénitas, deformidades y anomalías cromosómicas;2019;2
12 Castellón/Castelló;Hombres;083-085 XVII.Malformaciones congénitas, deformidades y anomalías cromosómicas;2018;4
12 Castellón/Castelló;Hombres;086-089 XVIII.Síntomas, signos y hallazgos anormales clínicos y de laboratorio, no clasificados en otra parte;2022;17
12 Castellón/Castelló;Hombres;086-089 XVIII.Síntomas, signos y hallazgos anormales clínicos y de laboratorio, no clasificados en otra parte;2021;12
12 Castellón/Castelló;Hombres;086-089 XVIII.Síntomas, signos y hallazgos anormales clínicos y de laboratorio, no clasificados en otra parte;2020;46
12 Castellón/Castelló;Hombres;086-089 XVIII.Síntomas, signos y hallazgos anormales clínicos y de laboratorio, no clasificados en otra parte;2019;101
12 Castellón/Castelló;Hombres;086-089 XVIII.Síntomas, signos y hallazgos anormales clínicos y de laboratorio, no clasificados en otra parte;2018;81
12 Castellón/Castelló;Hombres;090-102 XX.Causas externas de mortalidad;2022;148
12 Castellón/Castelló;Hombres;090-102 XX.Causas externas de mortalidad;2021;146
12 Castellón/Castelló;Hombres;090-102 XX.Causas externas de mortalidad;2020;111
12 Castellón/Castelló;Hombres;090-102 XX.Causas externas de mortalidad;2019;143
12 Castellón/Castelló;Hombres;090-102 XX.Causas externas de mortalidad;2018;130
12 Castellón/Castelló;Mujeres;001-008 I.Enfermedades infecciosas y parasitarias;2022;220
12 Castellón/Castelló;Mujeres;001-008 I.Enfermedades infecciosas y parasitarias;2021;253
12 Castellón/Castelló;Mujeres;001-008 I.Enfermedades infecciosas y parasitarias;2020;224
12 Castellón/Castelló;Mujeres;001-008 I.Enfermedades infecciosas y parasitarias;2019;27
12 Castellón/Castelló;Mujeres;001-008 I.Enfermedades infecciosas y parasitarias;2018;33
12 Castellón/Castelló;Mujeres;009-041 II.Tumores;2022;523
12 Castellón/Castelló;Mujeres;009-041 II.Tumores;2021;532
12 Castellón/Castelló;Mujeres;009-041 II.Tumores;2020;512
12 Castellón/Castelló;Mujeres;009-041 II.Tumores;2019;511
12 Castellón/Castelló;Mujeres;009-041 II.Tumores;2018;483
12 Castellón/Castelló;Mujeres;042-043 III.Enfermedades de la sangre y de los órganos hematopoyéticos, y ciertos trastornos que afectan al mecanismo de la inmunidad;2022;9
12 Castellón/Castelló;Mujeres;042-043 III.Enfermedades de la sangre y de los órganos hematopoyéticos, y ciertos trastornos que afectan al mecanismo de la inmunidad;2021;16
12 Castellón/Castelló;Mujeres;042-043 III.Enfermedades de la sangre y de los órganos hematopoyéticos, y ciertos trastornos que afectan al mecanismo de la inmunidad;2020;12
12 Castellón/Castelló;Mujeres;042-043 III.Enfermedades de la sangre y de los órganos hematopoyéticos, y ciertos trastornos que afectan al mecanismo de la inmunidad;2019;12
12 Castellón/Castelló;Mujeres;042-043 III.Enfermedades de la sangre y de los órganos hematopoyéticos, y ciertos trastornos que afectan al mecanismo de la inmunidad;2018;21
12 Castellón/Castelló;Mujeres;044-045 IV.Enfermedades endocrinas, nutricionales y metabólicas;2022;143
12 Castellón/Castelló;Mujeres;044-045 IV.Enfermedades endocrinas, nutricionales y metabólicas;2021;143
12 Castellón/Castelló;Mujeres;044-045 IV.Enfermedades endocrinas, nutricionales y metabólicas;2020;150
12 Castellón/Castelló;Mujeres;044-045 IV.Enfermedades endocrinas, nutricionales y metabólicas;2019;140
12 Castellón/Castelló;Mujeres;044-045 IV.Enfermedades endocrinas, nutricionales y metabólicas;2018;148
12 Castellón/Castelló;Mujeres;046-049 V.Trastornos mentales y del comportamiento;2022;126
12 Castellón/Castelló;Mujeres;046-049 V.Trastornos mentales y del comportamiento;2021;123
12 Castellón/Castelló;Mujeres;046-049 V.Trastornos mentales y del comportamiento;2020;121
12 Castellón/Castelló;Mujeres;046-049 V.Trastornos mentales y del comportamiento;2019;139
12 Castellón/Castelló;Mujeres;046-049 V.Trastornos mentales y del comportamiento;2018;111
12 Castellón/Castelló;Mujeres;050-052 VI-VIII.Enfermedades del sistema nervioso y de los órganos de los sentidos;2022;250
12 Castellón/Castelló;Mujeres;050-052 VI-VIII.Enfermedades del sistema nervioso y de los órganos de los sentidos;2021;221
12 Castellón/Castelló;Mujeres;050-052 VI-VIII.Enfermedades del sistema nervioso y de los órganos de los sentidos;2020;243
12 Castellón/Castelló;Mujeres;050-052 VI-VIII.Enfermedades del sistema nervioso y de los órganos de los sentidos;2019;259
12 Castellón/Castelló;Mujeres;050-052 VI-VIII.Enfermedades del sistema nervioso y de los órganos de los sentidos;2018;274
12 Castellón/Castelló;Mujeres;053-061 IX.Enfermedades del sistema circulatorio;2022;815
12 Castellón/Castelló;Mujeres;053-061 IX.Enfermedades del sistema circulatorio;2021;866
12 Castellón/Castelló;Mujeres;053-061 IX.Enfermedades del sistema circulatorio;2020;842
12 Castellón/Castelló;Mujeres;053-061 IX.Enfermedades del sistema circulatorio;2019;753
12 Castellón/Castelló;Mujeres;053-061 IX.Enfermedades del sistema circulatorio;2018;810
12 Castellón/Castelló;Mujeres;062-067 X.Enfermedades del sistema respiratorio;2022;168
12 Castellón/Castelló;Mujeres;062-067 X.Enfermedades del sistema respiratorio;2021;158
12 Castellón/Castelló;Mujeres;062-067 X.Enfermedades del sistema respiratorio;2020;187
12 Castellón/Castelló;Mujeres;062-067 X.Enfermedades del sistema respiratorio;2019;226
12 Castellón/Castelló;Mujeres;062-067 X.Enfermedades del sistema respiratorio;2018;332
12 Castellón/Castelló;Mujeres;068-072 XI.Enfermedades del sistema digestivo;2022;127
12 Castellón/Castelló;Mujeres;068-072 XI.Enfermedades del sistema digestivo;2021;137
12 Castellón/Castelló;Mujeres;068-072 XI.Enfermedades del sistema digestivo;2020;119
12 Castellón/Castelló;Mujeres;068-072 XI.Enfermedades del sistema digestivo;2019;112
12 Castellón/Castelló;Mujeres;068-072 XI.Enfermedades del sistema digestivo;2018;148
12 Castellón/Castelló;Mujeres;073 XII.Enfermedades de la piel y del tejido subcutáneo;2022;22
12 Castellón/Castelló;Mujeres;073 XII.Enfermedades de la piel y del tejido subcutáneo;2021;18
12 Castellón/Castelló;Mujeres;073 XII.Enfermedades de la piel y del tejido subcutáneo;2020;20
12 Castellón/Castelló;Mujeres;073 XII.Enfermedades de la piel y del tejido subcutáneo;2019;14
12 Castellón/Castelló;Mujeres;073 XII.Enfermedades de la piel y del tejido subcutáneo;2018;15
12 Castellón/Castelló;Mujeres;074-076 XIII.Enfermedades del sistema osteomuscular y del tejido conjuntivo;2022;43
12 Castellón/Castelló;Mujeres;074-076 XIII.Enfermedades del sistema osteomuscular y del tejido conjuntivo;2021;41
12 Castellón/Castelló;Mujeres;074-076 XIII.Enfermedades del sistema osteomuscular y del tejido conjuntivo;2020;46
12 Castellón/Castelló;Mujeres;074-076 XIII.Enfermedades del sistema osteomuscular y del tejido conjuntivo;2019;39
12 Castellón/Castelló;Mujeres;074-076 XIII.Enfermedades del sistema osteomuscular y del tejido conjuntivo;2018;32
12 Castellón/Castelló;Mujeres;077-080 XIV.Enfermedades del sistema genitourinario;2022;148
12 Castellón/Castelló;Mujeres;077-080 XIV.Enfermedades del sistema genitourinario;2021;142
12 Castellón/Castelló;Mujeres;077-080 XIV.Enfermedades del sistema genitourinario;2020;136
12 Castellón/Castelló;Mujeres;077-080 XIV.Enfermedades del sistema genitourinario;2019;111
12 Castellón/Castelló;Mujeres;077-080 XIV.Enfermedades del sistema genitourinario;2018;115
12 Castellón/Castelló;Mujeres;081 XV.Embarazo, parto y puerperio;2022;0
12 Castellón/Castelló;Mujeres;081 XV.Embarazo, parto y puerperio;2021;0
12 Castellón/Castelló;Mujeres;081 XV.Embarazo, parto y puerperio;2020;0
12 Castellón/Castelló;Mujeres;081 XV.Embarazo, parto y puerperio;2019;0
12 Castellón/Castelló;Mujeres;081 XV.Embarazo, parto y puerperio;2018;0
12 Castellón/Castelló;Mujeres;082 XVI.Afecciones originadas en el periodo perinatal;2022;4
12 Castellón/Castelló;Mujeres;082 XVI.Afecciones originadas en el periodo perinatal;2021;2
12 Castellón/Castelló;Mujeres;082 XVI.Afecciones originadas en el periodo perinatal;2020;5
12 Castellón/Castelló;Mujeres;082 XVI.Afecciones originadas en el periodo perinatal;2019;1
12 Castellón/Castelló;Mujeres;082 XVI.Afecciones originadas en el periodo perinatal;2018;2
12 Castellón/Castelló;Mujeres;083-085 XVII.Malformaciones congénitas, deformidades y anomalías cromosómicas;2022;2
12 Castellón/Castelló;Mujeres;083-085 XVII.Malformaciones congénitas, deformidades y anomalías cromosómicas;2021;3
12 Castellón/Castelló;Mujeres;083-085 XVII.Malformaciones congénitas, deformidades y anomalías cromosómicas;2020;4
12 Castellón/Castelló;Mujeres;083-085 XVII.Malformaciones congénitas, deformidades y anomalías cromosómicas;2019;7
12 Castellón/Castelló;Mujeres;083-085 XVII.Malformaciones congénitas, deformidades y anomalías cromosómicas;2018;5
12 Castellón/Castelló;Mujeres;086-089 XVIII.Síntomas, signos y hallazgos anormales clínicos y de laboratorio, no clasificados en otra parte;2022;26
12 Castellón/Castelló;Mujeres;086-089 XVIII.Síntomas, signos y hallazgos anormales clínicos y de laboratorio, no clasificados en otra parte;2021;28
12 Castellón/Castelló;Mujeres;086-089 XVIII.Síntomas, signos y hallazgos anormales clínicos y de laboratorio, no clasificados en otra parte;2020;41
12 Castellón/Castelló;Mujeres;086-089 XVIII.Síntomas, signos y hallazgos anormales clínicos y de laboratorio, no clasificados en otra parte;2019;62
12 Castellón/Castelló;Mujeres;086-089 XVIII.Síntomas, signos y hallazgos anormales clínicos y de laboratorio, no clasificados en otra parte;2018;56
12 Castellón/Castelló;Mujeres;090-102 XX.Causas externas de mortalidad;2022;76
12 Castellón/Castelló;Mujeres;090-102 XX.Causas externas de mortalidad;2021;75
12 Castellón/Castelló;Mujeres;090-102 XX.Causas externas de mortalidad;2020;72
12 Castellón/Castelló;Mujeres;090-102 XX.Causas externas de mortalidad;2019;50
12 Castellón/Castelló;Mujeres;090-102 XX.Causas externas de mortalidad;2018;83
13 Ciudad Real;Hombres;001-008 I.Enfermedades infecciosas y parasitarias;2022;227
13 Ciudad Real;Hombres;001-008 I.Enfermedades infecciosas y parasitarias;2021;328
13 Ciudad Real;Hombres;001-008 I.Enfermedades infecciosas y parasitarias;2020;1.078
13 Ciudad Real;Hombres;001-008 I.Enfermedades infecciosas y parasitarias;2019;23
13 Ciudad Real;Hombres;001-008 I.Enfermedades infecciosas y parasitarias;2018;37
13 Ciudad Real;Hombres;009-041 II.Tumores;2022;792
13 Ciudad Real;Hombres;009-041 II.Tumores;2021;843
13 Ciudad Real;Hombres;009-041 II.Tumores;2020;787
13 Ciudad Real;Hombres;009-041 II.Tumores;2019;815
13 Ciudad Real;Hombres;009-041 II.Tumores;2018;854
13 Ciudad Real;Hombres;042-043 III.Enfermedades de la sangre y de los órganos hematopoyéticos, y ciertos trastornos que afectan al mecanismo de la inmunidad;2022;14
13 Ciudad Real;Hombres;042-043 III.Enfermedades de la sangre y de los órganos hematopoyéticos, y ciertos trastornos que afectan al mecanismo de la inmunidad;2021;19
13 Ciudad Real;Hombres;042-043 III.Enfermedades de la sangre y de los órganos hematopoyéticos, y ciertos trastornos que afectan al mecanismo de la inmunidad;2020;17
13 Ciudad Real;Hombres;042-043 III.Enfermedades de la sangre y de los órganos hematopoyéticos, y ciertos trastornos que afectan al mecanismo de la inmunidad;2019;13
13 Ciudad Real;Hombres;042-043 III.Enfermedades de la sangre y de los órganos hematopoyéticos, y ciertos trastornos que afectan al mecanismo de la inmunidad;2018;8
13 Ciudad Real;Hombres;044-045 IV.Enfermedades endocrinas, nutricionales y metabólicas;2022;77
13 Ciudad Real;Hombres;044-045 IV.Enfermedades endocrinas, nutricionales y metabólicas;2021;74
13 Ciudad Real;Hombres;044-045 IV.Enfermedades endocrinas, nutricionales y metabólicas;2020;79
13 Ciudad Real;Hombres;044-045 IV.Enfermedades endocrinas, nutricionales y metabólicas;2019;67
13 Ciudad Real;Hombres;044-045 IV.Enfermedades endocrinas, nutricionales y metabólicas;2018;69
13 Ciudad Real;Hombres;046-049 V.Trastornos mentales y del comportamiento;2022;75
13 Ciudad Real;Hombres;046-049 V.Trastornos mentales y del comportamiento;2021;75
13 Ciudad Real;Hombres;046-049 V.Trastornos mentales y del comportamiento;2020;68
13 Ciudad Real;Hombres;046-049 V.Trastornos mentales y del comportamiento;2019;87
13 Ciudad Real;Hombres;046-049 V.Trastornos mentales y del comportamiento;2018;88
13 Ciudad Real;Hombres;050-052 VI-VIII.Enfermedades del sistema nervioso y de los órganos de los sentidos;2022;106
13 Ciudad Real;Hombres;050-052 VI-VIII.Enfermedades del sistema nervioso y de los órganos de los sentidos;2021;111
13 Ciudad Real;Hombres;050-052 VI-VIII.Enfermedades del sistema nervioso y de los órganos de los sentidos;2020;112
13 Ciudad Real;Hombres;050-052 VI-VIII.Enfermedades del sistema nervioso y de los órganos de los sentidos;2019;113
13 Ciudad Real;Hombres;050-052 VI-VIII.Enfermedades del sistema nervioso y de los órganos de los sentidos;2018;136
13 Ciudad Real;Hombres;053-061 IX.Enfermedades del sistema circulatorio;2022;664
13 Ciudad Real;Hombres;053-061 IX.Enfermedades del sistema circulatorio;2021;640
13 Ciudad Real;Hombres;053-061 IX.Enfermedades del sistema circulatorio;2020;682
13 Ciudad Real;Hombres;053-061 IX.Enfermedades del sistema circulatorio;2019;626
13 Ciudad Real;Hombres;053-061 IX.Enfermedades del sistema circulatorio;2018;628
13 Ciudad Real;Hombres;062-067 X.Enfermedades del sistema respiratorio;2022;368
13 Ciudad Real;Hombres;062-067 X.Enfermedades del sistema respiratorio;2021;345
13 Ciudad Real;Hombres;062-067 X.Enfermedades del sistema respiratorio;2020;384
13 Ciudad Real;Hombres;062-067 X.Enfermedades del sistema respiratorio;2019;493
13 Ciudad Real;Hombres;062-067 X.Enfermedades del sistema respiratorio;2018;493
13 Ciudad Real;Hombres;068-072 XI.Enfermedades del sistema digestivo;2022;173
13 Ciudad Real;Hombres;068-072 XI.Enfermedades del sistema digestivo;2021;174
13 Ciudad Real;Hombres;068-072 XI.Enfermedades del sistema digestivo;2020;179
13 Ciudad Real;Hombres;068-072 XI.Enfermedades del sistema digestivo;2019;181
13 Ciudad Real;Hombres;068-072 XI.Enfermedades del sistema digestivo;2018;158
13 Ciudad Real;Hombres;073 XII.Enfermedades de la piel y del tejido subcutáneo;2022;21
13 Ciudad Real;Hombres;073 XII.Enfermedades de la piel y del tejido subcutáneo;2021;12
13 Ciudad Real;Hombres;073 XII.Enfermedades de la piel y del tejido subcutáneo;2020;11
13 Ciudad Real;Hombres;073 XII.Enfermedades de la piel y del tejido subcutáneo;2019;12
13 Ciudad Real;Hombres;073 XII.Enfermedades de la piel y del tejido subcutáneo;2018;10
13 Ciudad Real;Hombres;074-076 XIII.Enfermedades del sistema osteomuscular y del tejido conjuntivo;2022;31
13 Ciudad Real;Hombres;074-076 XIII.Enfermedades del sistema osteomuscular y del tejido conjuntivo;2021;27
13 Ciudad Real;Hombres;074-076 XIII.Enfermedades del sistema osteomuscular y del tejido conjuntivo;2020;29
13 Ciudad Real;Hombres;074-076 XIII.Enfermedades del sistema osteomuscular y del tejido conjuntivo;2019;26
13 Ciudad Real;Hombres;074-076 XIII.Enfermedades del sistema osteomuscular y del tejido conjuntivo;2018;17
13 Ciudad Real;Hombres;077-080 XIV.Enfermedades del sistema genitourinario;2022;153
13 Ciudad Real;Hombres;077-080 XIV.Enfermedades del sistema genitourinario;2021;101
13 Ciudad Real;Hombres;077-080 XIV.Enfermedades del sistema genitourinario;2020;106
13 Ciudad Real;Hombres;077-080 XIV.Enfermedades del sistema genitourinario;2019;82
13 Ciudad Real;Hombres;077-080 XIV.Enfermedades del sistema genitourinario;2018;91
13 Ciudad Real;Hombres;081 XV.Embarazo, parto y puerperio;2022;0
13 Ciudad Real;Hombres;081 XV.Embarazo, parto y puerperio;2021;0
13 Ciudad Real;Hombres;081 XV.Embarazo, parto y puerperio;2020;0
13 Ciudad Real;Hombres;081 XV.Embarazo, parto y puerperio;2019;0
13 Ciudad Real;Hombres;081 XV.Embarazo, parto y puerperio;2018;0
13 Ciudad Real;Hombres;082 XVI.Afecciones originadas en el periodo perinatal;2022;4
13 Ciudad Real;Hombres;082 XVI.Afecciones originadas en el periodo perinatal;2021;6
13 Ciudad Real;Hombres;082 XVI.Afecciones originadas en el periodo perinatal;2020;2
13 Ciudad Real;Hombres;082 XVI.Afecciones originadas en el periodo perinatal;2019;3
13 Ciudad Real;Hombres;082 XVI.Afecciones originadas en el periodo perinatal;2018;1
13 Ciudad Real;Hombres;083-085 XVII.Malformaciones congénitas, deformidades y anomalías cromosómicas;2022;2
13 Ciudad Real;Hombres;083-085 XVII.Malformaciones congénitas, deformidades y anomalías cromosómicas;2021;1
13 Ciudad Real;Hombres;083-085 XVII.Malformaciones congénitas, deformidades y anomalías cromosómicas;2020;3
13 Ciudad Real;Hombres;083-085 XVII.Malformaciones congénitas, deformidades y anomalías cromosómicas;2019;2
13 Ciudad Real;Hombres;083-085 XVII.Malformaciones congénitas, deformidades y anomalías cromosómicas;2018;5
13 Ciudad Real;Hombres;086-089 XVIII.Síntomas, signos y hallazgos anormales clínicos y de laboratorio, no clasificados en otra parte;2022;32
13 Ciudad Real;Hombres;086-089 XVIII.Síntomas, signos y hallazgos anormales clínicos y de laboratorio, no clasificados en otra parte;2021;46
13 Ciudad Real;Hombres;086-089 XVIII.Síntomas, signos y hallazgos anormales clínicos y de laboratorio, no clasificados en otra parte;2020;47
13 Ciudad Real;Hombres;086-089 XVIII.Síntomas, signos y hallazgos anormales clínicos y de laboratorio, no clasificados en otra parte;2019;85
13 Ciudad Real;Hombres;086-089 XVIII.Síntomas, signos y hallazgos anormales clínicos y de laboratorio, no clasificados en otra parte;2018;31
13 Ciudad Real;Hombres;090-102 XX.Causas externas de mortalidad;2022;140
13 Ciudad Real;Hombres;090-102 XX.Causas externas de mortalidad;2021;115
13 Ciudad Real;Hombres;090-102 XX.Causas externas de mortalidad;2020;145
13 Ciudad Real;Hombres;090-102 XX.Causas externas de mortalidad;2019;119
13 Ciudad Real;Hombres;090-102 XX.Causas externas de mortalidad;2018;107
13 Ciudad Real;Mujeres;001-008 I.Enfermedades infecciosas y parasitarias;2022;199
13 Ciudad Real;Mujeres;001-008 I.Enfermedades infecciosas y parasitarias;2021;313
13 Ciudad Real;Mujeres;001-008 I.Enfermedades infecciosas y parasitarias;2020;1.023
13 Ciudad Real;Mujeres;001-008 I.Enfermedades infecciosas y parasitarias;2019;38
13 Ciudad Real;Mujeres;001-008 I.Enfermedades infecciosas y parasitarias;2018;33
13 Ciudad Real;Mujeres;009-041 II.Tumores;2022;498
13 Ciudad Real;Mujeres;009-041 II.Tumores;2021;504
13 Ciudad Real;Mujeres;009-041 II.Tumores;2020;450
13 Ciudad Real;Mujeres;009-041 II.Tumores;2019;502
13 Ciudad Real;Mujeres;009-041 II.Tumores;2018;520
13 Ciudad Real;Mujeres;042-043 III.Enfermedades de la sangre y de los órganos hematopoyéticos, y ciertos trastornos que afectan al mecanismo de la inmunidad;2022;22
13 Ciudad Real;Mujeres;042-043 III.Enfermedades de la sangre y de los órganos hematopoyéticos, y ciertos trastornos que afectan al mecanismo de la inmunidad;2021;21
13 Ciudad Real;Mujeres;042-043 III.Enfermedades de la sangre y de los órganos hematopoyéticos, y ciertos trastornos que afectan al mecanismo de la inmunidad;2020;21
13 Ciudad Real;Mujeres;042-043 III.Enfermedades de la sangre y de los órganos hematopoyéticos, y ciertos trastornos que afectan al mecanismo de la inmunidad;2019;14
13 Ciudad Real;Mujeres;042-043 III.Enfermedades de la sangre y de los órganos hematopoyéticos, y ciertos trastornos que afectan al mecanismo de la inmunidad;2018;15
13 Ciudad Real;Mujeres;044-045 IV.Enfermedades endocrinas, nutricionales y metabólicas;2022;133
13 Ciudad Real;Mujeres;044-045 IV.Enfermedades endocrinas, nutricionales y metabólicas;2021;110
13 Ciudad Real;Mujeres;044-045 IV.Enfermedades endocrinas, nutricionales y metabólicas;2020;112
13 Ciudad Real;Mujeres;044-045 IV.Enfermedades endocrinas, nutricionales y metabólicas;2019;107
13 Ciudad Real;Mujeres;044-045 IV.Enfermedades endocrinas, nutricionales y metabólicas;2018;100
13 Ciudad Real;Mujeres;046-049 V.Trastornos mentales y del comportamiento;2022;155
13 Ciudad Real;Mujeres;046-049 V.Trastornos mentales y del comportamiento;2021;118
13 Ciudad Real;Mujeres;046-049 V.Trastornos mentales y del comportamiento;2020;143
13 Ciudad Real;Mujeres;046-049 V.Trastornos mentales y del comportamiento;2019;150
13 Ciudad Real;Mujeres;046-049 V.Trastornos mentales y del comportamiento;2018;178
13 Ciudad Real;Mujeres;050-052 VI-VIII.Enfermedades del sistema nervioso y de los órganos de los sentidos;2022;183
13 Ciudad Real;Mujeres;050-052 VI-VIII.Enfermedades del sistema nervioso y de los órganos de los sentidos;2021;159
13 Ciudad Real;Mujeres;050-052 VI-VIII.Enfermedades del sistema nervioso y de los órganos de los sentidos;2020;165
13 Ciudad Real;Mujeres;050-052 VI-VIII.Enfermedades del sistema nervioso y de los órganos de los sentidos;2019;184
13 Ciudad Real;Mujeres;050-052 VI-VIII.Enfermedades del sistema nervioso y de los órganos de los sentidos;2018;170
13 Ciudad Real;Mujeres;053-061 IX.Enfermedades del sistema circulatorio;2022;769
13 Ciudad Real;Mujeres;053-061 IX.Enfermedades del sistema circulatorio;2021;769
13 Ciudad Real;Mujeres;053-061 IX.Enfermedades del sistema circulatorio;2020;756
13 Ciudad Real;Mujeres;053-061 IX.Enfermedades del sistema circulatorio;2019;809
13 Ciudad Real;Mujeres;053-061 IX.Enfermedades del sistema circulatorio;2018;764
13 Ciudad Real;Mujeres;062-067 X.Enfermedades del sistema respiratorio;2022;300
13 Ciudad Real;Mujeres;062-067 X.Enfermedades del sistema respiratorio;2021;243
13 Ciudad Real;Mujeres;062-067 X.Enfermedades del sistema respiratorio;2020;348
13 Ciudad Real;Mujeres;062-067 X.Enfermedades del sistema respiratorio;2019;393
13 Ciudad Real;Mujeres;062-067 X.Enfermedades del sistema respiratorio;2018;382
13 Ciudad Real;Mujeres;068-072 XI.Enfermedades del sistema digestivo;2022;178
13 Ciudad Real;Mujeres;068-072 XI.Enfermedades del sistema digestivo;2021;163
13 Ciudad Real;Mujeres;068-072 XI.Enfermedades del sistema digestivo;2020;160
13 Ciudad Real;Mujeres;068-072 XI.Enfermedades del sistema digestivo;2019;162
13 Ciudad Real;Mujeres;068-072 XI.Enfermedades del sistema digestivo;2018;167
13 Ciudad Real;Mujeres;073 XII.Enfermedades de la piel y del tejido subcutáneo;2022;33
13 Ciudad Real;Mujeres;073 XII.Enfermedades de la piel y del tejido subcutáneo;2021;30
13 Ciudad Real;Mujeres;073 XII.Enfermedades de la piel y del tejido subcutáneo;2020;33
13 Ciudad Real;Mujeres;073 XII.Enfermedades de la piel y del tejido subcutáneo;2019;29
13 Ciudad Real;Mujeres;073 XII.Enfermedades de la piel y del tejido subcutáneo;2018;25
13 Ciudad Real;Mujeres;074-076 XIII.Enfermedades del sistema osteomuscular y del tejido conjuntivo;2022;55
13 Ciudad Real;Mujeres;074-076 XIII.Enfermedades del sistema osteomuscular y del tejido conjuntivo;2021;41
13 Ciudad Real;Mujeres;074-076 XIII.Enfermedades del sistema osteomuscular y del tejido conjuntivo;2020;36
13 Ciudad Real;Mujeres;074-076 XIII.Enfermedades del sistema osteomuscular y del tejido conjuntivo;2019;44
13 Ciudad Real;Mujeres;074-076 XIII.Enfermedades del sistema osteomuscular y del tejido conjuntivo;2018;55
13 Ciudad Real;Mujeres;077-080 XIV.Enfermedades del sistema genitourinario;2022;176
13 Ciudad Real;Mujeres;077-080 XIV.Enfermedades del sistema genitourinario;2021;156
13 Ciudad Real;Mujeres;077-080 XIV.Enfermedades del sistema genitourinario;2020;169
13 Ciudad Real;Mujeres;077-080 XIV.Enfermedades del sistema genitourinario;2019;143
13 Ciudad Real;Mujeres;077-080 XIV.Enfermedades del sistema genitourinario;2018;133
13 Ciudad Real;Mujeres;081 XV.Embarazo, parto y puerperio;2022;0
13 Ciudad Real;Mujeres;081 XV.Embarazo, parto y puerperio;2021;0
13 Ciudad Real;Mujeres;081 XV.Embarazo, parto y puerperio;2020;0
13 Ciudad Real;Mujeres;081 XV.Embarazo, parto y puerperio;2019;0
13 Ciudad Real;Mujeres;081 XV.Embarazo, parto y puerperio;2018;0
13 Ciudad Real;Mujeres;082 XVI.Afecciones originadas en el periodo perinatal;2022;0
13 Ciudad Real;Mujeres;082 XVI.Afecciones originadas en el periodo perinatal;2021;1
13 Ciudad Real;Mujeres;082 XVI.Afecciones originadas en el periodo perinatal;2020;1
13 Ciudad Real;Mujeres;082 XVI.Afecciones originadas en el periodo perinatal;2019;4
13 Ciudad Real;Mujeres;082 XVI.Afecciones originadas en el periodo perinatal;2018;4
13 Ciudad Real;Mujeres;083-085 XVII.Malformaciones congénitas, deformidades y anomalías cromosómicas;2022;2
13 Ciudad Real;Mujeres;083-085 XVII.Malformaciones congénitas, deformidades y anomalías cromosómicas;2021;2
13 Ciudad Real;Mujeres;083-085 XVII.Malformaciones congénitas, deformidades y anomalías cromosómicas;2020;4
13 Ciudad Real;Mujeres;083-085 XVII.Malformaciones congénitas, deformidades y anomalías cromosómicas;2019;6
13 Ciudad Real;Mujeres;083-085 XVII.Malformaciones congénitas, deformidades y anomalías cromosómicas;2018;1
13 Ciudad Real;Mujeres;086-089 XVIII.Síntomas, signos y hallazgos anormales clínicos y de laboratorio, no clasificados en otra parte;2022;59
13 Ciudad Real;Mujeres;086-089 XVIII.Síntomas, signos y hallazgos anormales clínicos y de laboratorio, no clasificados en otra parte;2021;64
13 Ciudad Real;Mujeres;086-089 XVIII.Síntomas, signos y hallazgos anormales clínicos y de laboratorio, no clasificados en otra parte;2020;69
13 Ciudad Real;Mujeres;086-089 XVIII.Síntomas, signos y hallazgos anormales clínicos y de laboratorio, no clasificados en otra parte;2019;89
13 Ciudad Real;Mujeres;086-089 XVIII.Síntomas, signos y hallazgos anormales clínicos y de laboratorio, no clasificados en otra parte;2018;38
13 Ciudad Real;Mujeres;090-102 XX.Causas externas de mortalidad;2022;92
13 Ciudad Real;Mujeres;090-102 XX.Causas externas de mortalidad;2021;82
13 Ciudad Real;Mujeres;090-102 XX.Causas externas de mortalidad;2020;102
13 Ciudad Real;Mujeres;090-102 XX.Causas externas de mortalidad;2019;86
13 Ciudad Real;Mujeres;090-102 XX.Causas externas de mortalidad;2018;78
14 Córdoba;Hombres;001-008 I.Enfermedades infecciosas y parasitarias;2022;331
14 Córdoba;Hombres;001-008 I.Enfermedades infecciosas y parasitarias;2021;364
14 Córdoba;Hombres;001-008 I.Enfermedades infecciosas y parasitarias;2020;401
14 Córdoba;Hombres;001-008 I.Enfermedades infecciosas y parasitarias;2019;56
14 Córdoba;Hombres;001-008 I.Enfermedades infecciosas y parasitarias;2018;59
14 Córdoba;Hombres;009-041 II.Tumores;2022;1.162
14 Córdoba;Hombres;009-041 II.Tumores;2021;1.190
14 Córdoba;Hombres;009-041 II.Tumores;2020;1.110
14 Córdoba;Hombres;009-041 II.Tumores;2019;1.108
14 Córdoba;Hombres;009-041 II.Tumores;2018;1.127
14 Córdoba;Hombres;042-043 III.Enfermedades de la sangre y de los órganos hematopoyéticos, y ciertos trastornos que afectan al mecanismo de la inmunidad;2022;9
14 Córdoba;Hombres;042-043 III.Enfermedades de la sangre y de los órganos hematopoyéticos, y ciertos trastornos que afectan al mecanismo de la inmunidad;2021;19
14 Córdoba;Hombres;042-043 III.Enfermedades de la sangre y de los órganos hematopoyéticos, y ciertos trastornos que afectan al mecanismo de la inmunidad;2020;10
14 Córdoba;Hombres;042-043 III.Enfermedades de la sangre y de los órganos hematopoyéticos, y ciertos trastornos que afectan al mecanismo de la inmunidad;2019;19
14 Córdoba;Hombres;042-043 III.Enfermedades de la sangre y de los órganos hematopoyéticos, y ciertos trastornos que afectan al mecanismo de la inmunidad;2018;15
14 Córdoba;Hombres;044-045 IV.Enfermedades endocrinas, nutricionales y metabólicas;2022;148
14 Córdoba;Hombres;044-045 IV.Enfermedades endocrinas, nutricionales y metabólicas;2021;203
14 Córdoba;Hombres;044-045 IV.Enfermedades endocrinas, nutricionales y metabólicas;2020;146
14 Córdoba;Hombres;044-045 IV.Enfermedades endocrinas, nutricionales y metabólicas;2019;155
14 Córdoba;Hombres;044-045 IV.Enfermedades endocrinas, nutricionales y metabólicas;2018;144
14 Córdoba;Hombres;046-049 V.Trastornos mentales y del comportamiento;2022;137
14 Córdoba;Hombres;046-049 V.Trastornos mentales y del comportamiento;2021;120
14 Córdoba;Hombres;046-049 V.Trastornos mentales y del comportamiento;2020;113
14 Córdoba;Hombres;046-049 V.Trastornos mentales y del comportamiento;2019;135
14 Córdoba;Hombres;046-049 V.Trastornos mentales y del comportamiento;2018;114
14 Córdoba;Hombres;050-052 VI-VIII.Enfermedades del sistema nervioso y de los órganos de los sentidos;2022;176
14 Córdoba;Hombres;050-052 VI-VIII.Enfermedades del sistema nervioso y de los órganos de los sentidos;2021;176
14 Córdoba;Hombres;050-052 VI-VIII.Enfermedades del sistema nervioso y de los órganos de los sentidos;2020;163
14 Córdoba;Hombres;050-052 VI-VIII.Enfermedades del sistema nervioso y de los órganos de los sentidos;2019;138
14 Córdoba;Hombres;050-052 VI-VIII.Enfermedades del sistema nervioso y de los órganos de los sentidos;2018;156
14 Córdoba;Hombres;053-061 IX.Enfermedades del sistema circulatorio;2022;1.116
14 Córdoba;Hombres;053-061 IX.Enfermedades del sistema circulatorio;2021;1.056
14 Córdoba;Hombres;053-061 IX.Enfermedades del sistema circulatorio;2020;1.071
14 Córdoba;Hombres;053-061 IX.Enfermedades del sistema circulatorio;2019;1.115
14 Córdoba;Hombres;053-061 IX.Enfermedades del sistema circulatorio;2018;1.114
14 Córdoba;Hombres;062-067 X.Enfermedades del sistema respiratorio;2022;540
14 Córdoba;Hombres;062-067 X.Enfermedades del sistema respiratorio;2021;439
14 Córdoba;Hombres;062-067 X.Enfermedades del sistema respiratorio;2020;494
14 Córdoba;Hombres;062-067 X.Enfermedades del sistema respiratorio;2019;511
14 Córdoba;Hombres;062-067 X.Enfermedades del sistema respiratorio;2018;575
14 Córdoba;Hombres;068-072 XI.Enfermedades del sistema digestivo;2022;269
14 Córdoba;Hombres;068-072 XI.Enfermedades del sistema digestivo;2021;236
14 Córdoba;Hombres;068-072 XI.Enfermedades del sistema digestivo;2020;231
14 Córdoba;Hombres;068-072 XI.Enfermedades del sistema digestivo;2019;235
14 Córdoba;Hombres;068-072 XI.Enfermedades del sistema digestivo;2018;256
14 Córdoba;Hombres;073 XII.Enfermedades de la piel y del tejido subcutáneo;2022;10
14 Córdoba;Hombres;073 XII.Enfermedades de la piel y del tejido subcutáneo;2021;12
14 Córdoba;Hombres;073 XII.Enfermedades de la piel y del tejido subcutáneo;2020;15
14 Córdoba;Hombres;073 XII.Enfermedades de la piel y del tejido subcutáneo;2019;14
14 Córdoba;Hombres;073 XII.Enfermedades de la piel y del tejido subcutáneo;2018;11
14 Córdoba;Hombres;074-076 XIII.Enfermedades del sistema osteomuscular y del tejido conjuntivo;2022;33
14 Córdoba;Hombres;074-076 XIII.Enfermedades del sistema osteomuscular y del tejido conjuntivo;2021;26
14 Córdoba;Hombres;074-076 XIII.Enfermedades del sistema osteomuscular y del tejido conjuntivo;2020;26
14 Córdoba;Hombres;074-076 XIII.Enfermedades del sistema osteomuscular y del tejido conjuntivo;2019;29
14 Córdoba;Hombres;074-076 XIII.Enfermedades del sistema osteomuscular y del tejido conjuntivo;2018;30
14 Córdoba;Hombres;077-080 XIV.Enfermedades del sistema genitourinario;2022;110
14 Córdoba;Hombres;077-080 XIV.Enfermedades del sistema genitourinario;2021;137
14 Córdoba;Hombres;077-080 XIV.Enfermedades del sistema genitourinario;2020;112
14 Córdoba;Hombres;077-080 XIV.Enfermedades del sistema genitourinario;2019;101
14 Córdoba;Hombres;077-080 XIV.Enfermedades del sistema genitourinario;2018;106
14 Córdoba;Hombres;081 XV.Embarazo, parto y puerperio;2022;0
14 Córdoba;Hombres;081 XV.Embarazo, parto y puerperio;2021;0
14 Córdoba;Hombres;081 XV.Embarazo, parto y puerperio;2020;0
14 Córdoba;Hombres;081 XV.Embarazo, parto y puerperio;2019;0
14 Córdoba;Hombres;081 XV.Embarazo, parto y puerperio;2018;0
14 Córdoba;Hombres;082 XVI.Afecciones originadas en el periodo perinatal;2022;9
14 Córdoba;Hombres;082 XVI.Afecciones originadas en el periodo perinatal;2021;5
14 Córdoba;Hombres;082 XVI.Afecciones originadas en el periodo perinatal;2020;4
14 Córdoba;Hombres;082 XVI.Afecciones originadas en el periodo perinatal;2019;9
14 Córdoba;Hombres;082 XVI.Afecciones originadas en el periodo perinatal;2018;6
14 Córdoba;Hombres;083-085 XVII.Malformaciones congénitas, deformidades y anomalías cromosómicas;2022;10
14 Córdoba;Hombres;083-085 XVII.Malformaciones congénitas, deformidades y anomalías cromosómicas;2021;17
14 Córdoba;Hombres;083-085 XVII.Malformaciones congénitas, deformidades y anomalías cromosómicas;2020;14
14 Córdoba;Hombres;083-085 XVII.Malformaciones congénitas, deformidades y anomalías cromosómicas;2019;9
14 Córdoba;Hombres;083-085 XVII.Malformaciones congénitas, deformidades y anomalías cromosómicas;2018;15
14 Córdoba;Hombres;086-089 XVIII.Síntomas, signos y hallazgos anormales clínicos y de laboratorio, no clasificados en otra parte;2022;164
14 Córdoba;Hombres;086-089 XVIII.Síntomas, signos y hallazgos anormales clínicos y de laboratorio, no clasificados en otra parte;2021;123
14 Córdoba;Hombres;086-089 XVIII.Síntomas, signos y hallazgos anormales clínicos y de laboratorio, no clasificados en otra parte;2020;110
14 Córdoba;Hombres;086-089 XVIII.Síntomas, signos y hallazgos anormales clínicos y de laboratorio, no clasificados en otra parte;2019;69
14 Córdoba;Hombres;086-089 XVIII.Síntomas, signos y hallazgos anormales clínicos y de laboratorio, no clasificados en otra parte;2018;63
14 Córdoba;Hombres;090-102 XX.Causas externas de mortalidad;2022;188
14 Córdoba;Hombres;090-102 XX.Causas externas de mortalidad;2021;187
14 Córdoba;Hombres;090-102 XX.Causas externas de mortalidad;2020;178
14 Córdoba;Hombres;090-102 XX.Causas externas de mortalidad;2019;191
14 Córdoba;Hombres;090-102 XX.Causas externas de mortalidad;2018;163
14 Córdoba;Mujeres;001-008 I.Enfermedades infecciosas y parasitarias;2022;338
14 Córdoba;Mujeres;001-008 I.Enfermedades infecciosas y parasitarias;2021;314
14 Córdoba;Mujeres;001-008 I.Enfermedades infecciosas y parasitarias;2020;368
14 Córdoba;Mujeres;001-008 I.Enfermedades infecciosas y parasitarias;2019;53
14 Córdoba;Mujeres;001-008 I.Enfermedades infecciosas y parasitarias;2018;55
14 Córdoba;Mujeres;009-041 II.Tumores;2022;793
14 Córdoba;Mujeres;009-041 II.Tumores;2021;787
14 Córdoba;Mujeres;009-041 II.Tumores;2020;765
14 Córdoba;Mujeres;009-041 II.Tumores;2019;670
14 Córdoba;Mujeres;009-041 II.Tumores;2018;680
14 Córdoba;Mujeres;042-043 III.Enfermedades de la sangre y de los órganos hematopoyéticos, y ciertos trastornos que afectan al mecanismo de la inmunidad;2022;30
14 Córdoba;Mujeres;042-043 III.Enfermedades de la sangre y de los órganos hematopoyéticos, y ciertos trastornos que afectan al mecanismo de la inmunidad;2021;25
14 Córdoba;Mujeres;042-043 III.Enfermedades de la sangre y de los órganos hematopoyéticos, y ciertos trastornos que afectan al mecanismo de la inmunidad;2020;28
14 Córdoba;Mujeres;042-043 III.Enfermedades de la sangre y de los órganos hematopoyéticos, y ciertos trastornos que afectan al mecanismo de la inmunidad;2019;30
14 Córdoba;Mujeres;042-043 III.Enfermedades de la sangre y de los órganos hematopoyéticos, y ciertos trastornos que afectan al mecanismo de la inmunidad;2018;27
14 Córdoba;Mujeres;044-045 IV.Enfermedades endocrinas, nutricionales y metabólicas;2022;218
14 Córdoba;Mujeres;044-045 IV.Enfermedades endocrinas, nutricionales y metabólicas;2021;211
14 Córdoba;Mujeres;044-045 IV.Enfermedades endocrinas, nutricionales y metabólicas;2020;193
14 Córdoba;Mujeres;044-045 IV.Enfermedades endocrinas, nutricionales y metabólicas;2019;201
14 Córdoba;Mujeres;044-045 IV.Enfermedades endocrinas, nutricionales y metabólicas;2018;186
14 Córdoba;Mujeres;046-049 V.Trastornos mentales y del comportamiento;2022;245
14 Córdoba;Mujeres;046-049 V.Trastornos mentales y del comportamiento;2021;247
14 Córdoba;Mujeres;046-049 V.Trastornos mentales y del comportamiento;2020;218
14 Córdoba;Mujeres;046-049 V.Trastornos mentales y del comportamiento;2019;235
14 Córdoba;Mujeres;046-049 V.Trastornos mentales y del comportamiento;2018;250
14 Córdoba;Mujeres;050-052 VI-VIII.Enfermedades del sistema nervioso y de los órganos de los sentidos;2022;234
14 Córdoba;Mujeres;050-052 VI-VIII.Enfermedades del sistema nervioso y de los órganos de los sentidos;2021;251
14 Córdoba;Mujeres;050-052 VI-VIII.Enfermedades del sistema nervioso y de los órganos de los sentidos;2020;244
14 Córdoba;Mujeres;050-052 VI-VIII.Enfermedades del sistema nervioso y de los órganos de los sentidos;2019;232
14 Córdoba;Mujeres;050-052 VI-VIII.Enfermedades del sistema nervioso y de los órganos de los sentidos;2018;261
14 Córdoba;Mujeres;053-061 IX.Enfermedades del sistema circulatorio;2022;1.326
14 Córdoba;Mujeres;053-061 IX.Enfermedades del sistema circulatorio;2021;1.287
14 Córdoba;Mujeres;053-061 IX.Enfermedades del sistema circulatorio;2020;1.339
14 Córdoba;Mujeres;053-061 IX.Enfermedades del sistema circulatorio;2019;1.344
14 Córdoba;Mujeres;053-061 IX.Enfermedades del sistema circulatorio;2018;1.414
14 Córdoba;Mujeres;062-067 X.Enfermedades del sistema respiratorio;2022;337
14 Córdoba;Mujeres;062-067 X.Enfermedades del sistema respiratorio;2021;280
14 Córdoba;Mujeres;062-067 X.Enfermedades del sistema respiratorio;2020;308
14 Córdoba;Mujeres;062-067 X.Enfermedades del sistema respiratorio;2019;427
14 Córdoba;Mujeres;062-067 X.Enfermedades del sistema respiratorio;2018;413
14 Córdoba;Mujeres;068-072 XI.Enfermedades del sistema digestivo;2022;235
14 Córdoba;Mujeres;068-072 XI.Enfermedades del sistema digestivo;2021;244
14 Córdoba;Mujeres;068-072 XI.Enfermedades del sistema digestivo;2020;240
14 Córdoba;Mujeres;068-072 XI.Enfermedades del sistema digestivo;2019;226
14 Córdoba;Mujeres;068-072 XI.Enfermedades del sistema digestivo;2018;219
14 Córdoba;Mujeres;073 XII.Enfermedades de la piel y del tejido subcutáneo;2022;9
14 Córdoba;Mujeres;073 XII.Enfermedades de la piel y del tejido subcutáneo;2021;8
14 Córdoba;Mujeres;073 XII.Enfermedades de la piel y del tejido subcutáneo;2020;21
14 Córdoba;Mujeres;073 XII.Enfermedades de la piel y del tejido subcutáneo;2019;19
14 Córdoba;Mujeres;073 XII.Enfermedades de la piel y del tejido subcutáneo;2018;12
14 Córdoba;Mujeres;074-076 XIII.Enfermedades del sistema osteomuscular y del tejido conjuntivo;2022;62
14 Córdoba;Mujeres;074-076 XIII.Enfermedades del sistema osteomuscular y del tejido conjuntivo;2021;55
14 Córdoba;Mujeres;074-076 XIII.Enfermedades del sistema osteomuscular y del tejido conjuntivo;2020;63
14 Córdoba;Mujeres;074-076 XIII.Enfermedades del sistema osteomuscular y del tejido conjuntivo;2019;61
14 Córdoba;Mujeres;074-076 XIII.Enfermedades del sistema osteomuscular y del tejido conjuntivo;2018;69
14 Córdoba;Mujeres;077-080 XIV.Enfermedades del sistema genitourinario;2022;173
14 Córdoba;Mujeres;077-080 XIV.Enfermedades del sistema genitourinario;2021;151
14 Córdoba;Mujeres;077-080 XIV.Enfermedades del sistema genitourinario;2020;156
14 Córdoba;Mujeres;077-080 XIV.Enfermedades del sistema genitourinario;2019;142
14 Córdoba;Mujeres;077-080 XIV.Enfermedades del sistema genitourinario;2018;120
14 Córdoba;Mujeres;081 XV.Embarazo, parto y puerperio;2022;0
14 Córdoba;Mujeres;081 XV.Embarazo, parto y puerperio;2021;0
14 Córdoba;Mujeres;081 XV.Embarazo, parto y puerperio;2020;0
14 Córdoba;Mujeres;081 XV.Embarazo, parto y puerperio;2019;0
14 Córdoba;Mujeres;081 XV.Embarazo, parto y puerperio;2018;0
14 Córdoba;Mujeres;082 XVI.Afecciones originadas en el periodo perinatal;2022;3
14 Córdoba;Mujeres;082 XVI.Afecciones originadas en el periodo perinatal;2021;1
14 Córdoba;Mujeres;082 XVI.Afecciones originadas en el periodo perinatal;2020;5
14 Córdoba;Mujeres;082 XVI.Afecciones originadas en el periodo perinatal;2019;3
14 Córdoba;Mujeres;082 XVI.Afecciones originadas en el periodo perinatal;2018;4
14 Córdoba;Mujeres;083-085 XVII.Malformaciones congénitas, deformidades y anomalías cromosómicas;2022;10
14 Córdoba;Mujeres;083-085 XVII.Malformaciones congénitas, deformidades y anomalías cromosómicas;2021;8
14 Córdoba;Mujeres;083-085 XVII.Malformaciones congénitas, deformidades y anomalías cromosómicas;2020;10
14 Córdoba;Mujeres;083-085 XVII.Malformaciones congénitas, deformidades y anomalías cromosómicas;2019;15
14 Córdoba;Mujeres;083-085 XVII.Malformaciones congénitas, deformidades y anomalías cromosómicas;2018;13
14 Córdoba;Mujeres;086-089 XVIII.Síntomas, signos y hallazgos anormales clínicos y de laboratorio, no clasificados en otra parte;2022;170
14 Córdoba;Mujeres;086-089 XVIII.Síntomas, signos y hallazgos anormales clínicos y de laboratorio, no clasificados en otra parte;2021;155
14 Córdoba;Mujeres;086-089 XVIII.Síntomas, signos y hallazgos anormales clínicos y de laboratorio, no clasificados en otra parte;2020;132
14 Córdoba;Mujeres;086-089 XVIII.Síntomas, signos y hallazgos anormales clínicos y de laboratorio, no clasificados en otra parte;2019;121
14 Córdoba;Mujeres;086-089 XVIII.Síntomas, signos y hallazgos anormales clínicos y de laboratorio, no clasificados en otra parte;2018;122
14 Córdoba;Mujeres;090-102 XX.Causas externas de mortalidad;2022;107
14 Córdoba;Mujeres;090-102 XX.Causas externas de mortalidad;2021;93
14 Córdoba;Mujeres;090-102 XX.Causas externas de mortalidad;2020;105
14 Córdoba;Mujeres;090-102 XX.Causas externas de mortalidad;2019;112
14 Córdoba;Mujeres;090-102 XX.Causas externas de mortalidad;2018;100
15 Coruña, A;Hombres;001-008 I.Enfermedades infecciosas y parasitarias;2022;481
15 Coruña, A;Hombres;001-008 I.Enfermedades infecciosas y parasitarias;2021;475
15 Coruña, A;Hombres;001-008 I.Enfermedades infecciosas y parasitarias;2020;469
15 Coruña, A;Hombres;001-008 I.Enfermedades infecciosas y parasitarias;2019;95
15 Coruña, A;Hombres;001-008 I.Enfermedades infecciosas y parasitarias;2018;93
15 Coruña, A;Hombres;009-041 II.Tumores;2022;2.108
15 Coruña, A;Hombres;009-041 II.Tumores;2021;2.116
15 Coruña, A;Hombres;009-041 II.Tumores;2020;2.037
15 Coruña, A;Hombres;009-041 II.Tumores;2019;2.156
15 Coruña, A;Hombres;009-041 II.Tumores;2018;2.137
15 Coruña, A;Hombres;042-043 III.Enfermedades de la sangre y de los órganos hematopoyéticos, y ciertos trastornos que afectan al mecanismo de la inmunidad;2022;28
15 Coruña, A;Hombres;042-043 III.Enfermedades de la sangre y de los órganos hematopoyéticos, y ciertos trastornos que afectan al mecanismo de la inmunidad;2021;37
15 Coruña, A;Hombres;042-043 III.Enfermedades de la sangre y de los órganos hematopoyéticos, y ciertos trastornos que afectan al mecanismo de la inmunidad;2020;26
15 Coruña, A;Hombres;042-043 III.Enfermedades de la sangre y de los órganos hematopoyéticos, y ciertos trastornos que afectan al mecanismo de la inmunidad;2019;18
15 Coruña, A;Hombres;042-043 III.Enfermedades de la sangre y de los órganos hematopoyéticos, y ciertos trastornos que afectan al mecanismo de la inmunidad;2018;28
15 Coruña, A;Hombres;044-045 IV.Enfermedades endocrinas, nutricionales y metabólicas;2022;211
15 Coruña, A;Hombres;044-045 IV.Enfermedades endocrinas, nutricionales y metabólicas;2021;159
15 Coruña, A;Hombres;044-045 IV.Enfermedades endocrinas, nutricionales y metabólicas;2020;134
15 Coruña, A;Hombres;044-045 IV.Enfermedades endocrinas, nutricionales y metabólicas;2019;104
15 Coruña, A;Hombres;044-045 IV.Enfermedades endocrinas, nutricionales y metabólicas;2018;125
15 Coruña, A;Hombres;046-049 V.Trastornos mentales y del comportamiento;2022;308
15 Coruña, A;Hombres;046-049 V.Trastornos mentales y del comportamiento;2021;275
15 Coruña, A;Hombres;046-049 V.Trastornos mentales y del comportamiento;2020;298
15 Coruña, A;Hombres;046-049 V.Trastornos mentales y del comportamiento;2019;296
15 Coruña, A;Hombres;046-049 V.Trastornos mentales y del comportamiento;2018;318
15 Coruña, A;Hombres;050-052 VI-VIII.Enfermedades del sistema nervioso y de los órganos de los sentidos;2022;298
15 Coruña, A;Hombres;050-052 VI-VIII.Enfermedades del sistema nervioso y de los órganos de los sentidos;2021;274
15 Coruña, A;Hombres;050-052 VI-VIII.Enfermedades del sistema nervioso y de los órganos de los sentidos;2020;262
15 Coruña, A;Hombres;050-052 VI-VIII.Enfermedades del sistema nervioso y de los órganos de los sentidos;2019;287
15 Coruña, A;Hombres;050-052 VI-VIII.Enfermedades del sistema nervioso y de los órganos de los sentidos;2018;271
15 Coruña, A;Hombres;053-061 IX.Enfermedades del sistema circulatorio;2022;1.862
15 Coruña, A;Hombres;053-061 IX.Enfermedades del sistema circulatorio;2021;1.874
15 Coruña, A;Hombres;053-061 IX.Enfermedades del sistema circulatorio;2020;1.842
15 Coruña, A;Hombres;053-061 IX.Enfermedades del sistema circulatorio;2019;1.766
15 Coruña, A;Hombres;053-061 IX.Enfermedades del sistema circulatorio;2018;1.928
15 Coruña, A;Hombres;062-067 X.Enfermedades del sistema respiratorio;2022;792
15 Coruña, A;Hombres;062-067 X.Enfermedades del sistema respiratorio;2021;737
15 Coruña, A;Hombres;062-067 X.Enfermedades del sistema respiratorio;2020;690
15 Coruña, A;Hombres;062-067 X.Enfermedades del sistema respiratorio;2019;736
15 Coruña, A;Hombres;062-067 X.Enfermedades del sistema respiratorio;2018;903
15 Coruña, A;Hombres;068-072 XI.Enfermedades del sistema digestivo;2022;342
15 Coruña, A;Hombres;068-072 XI.Enfermedades del sistema digestivo;2021;332
15 Coruña, A;Hombres;068-072 XI.Enfermedades del sistema digestivo;2020;362
15 Coruña, A;Hombres;068-072 XI.Enfermedades del sistema digestivo;2019;326
15 Coruña, A;Hombres;068-072 XI.Enfermedades del sistema digestivo;2018;353
15 Coruña, A;Hombres;073 XII.Enfermedades de la piel y del tejido subcutáneo;2022;24
15 Coruña, A;Hombres;073 XII.Enfermedades de la piel y del tejido subcutáneo;2021;20
15 Coruña, A;Hombres;073 XII.Enfermedades de la piel y del tejido subcutáneo;2020;17
15 Coruña, A;Hombres;073 XII.Enfermedades de la piel y del tejido subcutáneo;2019;14
15 Coruña, A;Hombres;073 XII.Enfermedades de la piel y del tejido subcutáneo;2018;16
15 Coruña, A;Hombres;074-076 XIII.Enfermedades del sistema osteomuscular y del tejido conjuntivo;2022;38
15 Coruña, A;Hombres;074-076 XIII.Enfermedades del sistema osteomuscular y del tejido conjuntivo;2021;32
15 Coruña, A;Hombres;074-076 XIII.Enfermedades del sistema osteomuscular y del tejido conjuntivo;2020;20
15 Coruña, A;Hombres;074-076 XIII.Enfermedades del sistema osteomuscular y del tejido conjuntivo;2019;33
15 Coruña, A;Hombres;074-076 XIII.Enfermedades del sistema osteomuscular y del tejido conjuntivo;2018;31
15 Coruña, A;Hombres;077-080 XIV.Enfermedades del sistema genitourinario;2022;205
15 Coruña, A;Hombres;077-080 XIV.Enfermedades del sistema genitourinario;2021;197
15 Coruña, A;Hombres;077-080 XIV.Enfermedades del sistema genitourinario;2020;169
15 Coruña, A;Hombres;077-080 XIV.Enfermedades del sistema genitourinario;2019;159
15 Coruña, A;Hombres;077-080 XIV.Enfermedades del sistema genitourinario;2018;167
15 Coruña, A;Hombres;081 XV.Embarazo, parto y puerperio;2022;0
15 Coruña, A;Hombres;081 XV.Embarazo, parto y puerperio;2021;0
15 Coruña, A;Hombres;081 XV.Embarazo, parto y puerperio;2020;0
15 Coruña, A;Hombres;081 XV.Embarazo, parto y puerperio;2019;0
15 Coruña, A;Hombres;081 XV.Embarazo, parto y puerperio;2018;0
15 Coruña, A;Hombres;082 XVI.Afecciones originadas en el periodo perinatal;2022;4
15 Coruña, A;Hombres;082 XVI.Afecciones originadas en el periodo perinatal;2021;7
15 Coruña, A;Hombres;082 XVI.Afecciones originadas en el periodo perinatal;2020;6
15 Coruña, A;Hombres;082 XVI.Afecciones originadas en el periodo perinatal;2019;2
15 Coruña, A;Hombres;082 XVI.Afecciones originadas en el periodo perinatal;2018;7
15 Coruña, A;Hombres;083-085 XVII.Malformaciones congénitas, deformidades y anomalías cromosómicas;2022;9
15 Coruña, A;Hombres;083-085 XVII.Malformaciones congénitas, deformidades y anomalías cromosómicas;2021;13
15 Coruña, A;Hombres;083-085 XVII.Malformaciones congénitas, deformidades y anomalías cromosómicas;2020;6
15 Coruña, A;Hombres;083-085 XVII.Malformaciones congénitas, deformidades y anomalías cromosómicas;2019;12
15 Coruña, A;Hombres;083-085 XVII.Malformaciones congénitas, deformidades y anomalías cromosómicas;2018;15
15 Coruña, A;Hombres;086-089 XVIII.Síntomas, signos y hallazgos anormales clínicos y de laboratorio, no clasificados en otra parte;2022;43
15 Coruña, A;Hombres;086-089 XVIII.Síntomas, signos y hallazgos anormales clínicos y de laboratorio, no clasificados en otra parte;2021;44
15 Coruña, A;Hombres;086-089 XVIII.Síntomas, signos y hallazgos anormales clínicos y de laboratorio, no clasificados en otra parte;2020;44
15 Coruña, A;Hombres;086-089 XVIII.Síntomas, signos y hallazgos anormales clínicos y de laboratorio, no clasificados en otra parte;2019;117
15 Coruña, A;Hombres;086-089 XVIII.Síntomas, signos y hallazgos anormales clínicos y de laboratorio, no clasificados en otra parte;2018;147
15 Coruña, A;Hombres;090-102 XX.Causas externas de mortalidad;2022;425
15 Coruña, A;Hombres;090-102 XX.Causas externas de mortalidad;2021;340
15 Coruña, A;Hombres;090-102 XX.Causas externas de mortalidad;2020;324
15 Coruña, A;Hombres;090-102 XX.Causas externas de mortalidad;2019;349
15 Coruña, A;Hombres;090-102 XX.Causas externas de mortalidad;2018;347
15 Coruña, A;Mujeres;001-008 I.Enfermedades infecciosas y parasitarias;2022;461
15 Coruña, A;Mujeres;001-008 I.Enfermedades infecciosas y parasitarias;2021;473
15 Coruña, A;Mujeres;001-008 I.Enfermedades infecciosas y parasitarias;2020;360
15 Coruña, A;Mujeres;001-008 I.Enfermedades infecciosas y parasitarias;2019;91
15 Coruña, A;Mujeres;001-008 I.Enfermedades infecciosas y parasitarias;2018;70
15 Coruña, A;Mujeres;009-041 II.Tumores;2022;1.463
15 Coruña, A;Mujeres;009-041 II.Tumores;2021;1.401
15 Coruña, A;Mujeres;009-041 II.Tumores;2020;1.445
15 Coruña, A;Mujeres;009-041 II.Tumores;2019;1.368
15 Coruña, A;Mujeres;009-041 II.Tumores;2018;1.433
15 Coruña, A;Mujeres;042-043 III.Enfermedades de la sangre y de los órganos hematopoyéticos, y ciertos trastornos que afectan al mecanismo de la inmunidad;2022;41
15 Coruña, A;Mujeres;042-043 III.Enfermedades de la sangre y de los órganos hematopoyéticos, y ciertos trastornos que afectan al mecanismo de la inmunidad;2021;37
15 Coruña, A;Mujeres;042-043 III.Enfermedades de la sangre y de los órganos hematopoyéticos, y ciertos trastornos que afectan al mecanismo de la inmunidad;2020;37
15 Coruña, A;Mujeres;042-043 III.Enfermedades de la sangre y de los órganos hematopoyéticos, y ciertos trastornos que afectan al mecanismo de la inmunidad;2019;46
15 Coruña, A;Mujeres;042-043 III.Enfermedades de la sangre y de los órganos hematopoyéticos, y ciertos trastornos que afectan al mecanismo de la inmunidad;2018;43
15 Coruña, A;Mujeres;044-045 IV.Enfermedades endocrinas, nutricionales y metabólicas;2022;282
15 Coruña, A;Mujeres;044-045 IV.Enfermedades endocrinas, nutricionales y metabólicas;2021;187
15 Coruña, A;Mujeres;044-045 IV.Enfermedades endocrinas, nutricionales y metabólicas;2020;167
15 Coruña, A;Mujeres;044-045 IV.Enfermedades endocrinas, nutricionales y metabólicas;2019;146
15 Coruña, A;Mujeres;044-045 IV.Enfermedades endocrinas, nutricionales y metabólicas;2018;164
15 Coruña, A;Mujeres;046-049 V.Trastornos mentales y del comportamiento;2022;667
15 Coruña, A;Mujeres;046-049 V.Trastornos mentales y del comportamiento;2021;641
15 Coruña, A;Mujeres;046-049 V.Trastornos mentales y del comportamiento;2020;635
15 Coruña, A;Mujeres;046-049 V.Trastornos mentales y del comportamiento;2019;650
15 Coruña, A;Mujeres;046-049 V.Trastornos mentales y del comportamiento;2018;629
15 Coruña, A;Mujeres;050-052 VI-VIII.Enfermedades del sistema nervioso y de los órganos de los sentidos;2022;373
15 Coruña, A;Mujeres;050-052 VI-VIII.Enfermedades del sistema nervioso y de los órganos de los sentidos;2021;357
15 Coruña, A;Mujeres;050-052 VI-VIII.Enfermedades del sistema nervioso y de los órganos de los sentidos;2020;392
15 Coruña, A;Mujeres;050-052 VI-VIII.Enfermedades del sistema nervioso y de los órganos de los sentidos;2019;401
15 Coruña, A;Mujeres;050-052 VI-VIII.Enfermedades del sistema nervioso y de los órganos de los sentidos;2018;397
15 Coruña, A;Mujeres;053-061 IX.Enfermedades del sistema circulatorio;2022;2.201
15 Coruña, A;Mujeres;053-061 IX.Enfermedades del sistema circulatorio;2021;2.235
15 Coruña, A;Mujeres;053-061 IX.Enfermedades del sistema circulatorio;2020;2.164
15 Coruña, A;Mujeres;053-061 IX.Enfermedades del sistema circulatorio;2019;2.071
15 Coruña, A;Mujeres;053-061 IX.Enfermedades del sistema circulatorio;2018;2.283
15 Coruña, A;Mujeres;062-067 X.Enfermedades del sistema respiratorio;2022;725
15 Coruña, A;Mujeres;062-067 X.Enfermedades del sistema respiratorio;2021;578
15 Coruña, A;Mujeres;062-067 X.Enfermedades del sistema respiratorio;2020;621
15 Coruña, A;Mujeres;062-067 X.Enfermedades del sistema respiratorio;2019;724
15 Coruña, A;Mujeres;062-067 X.Enfermedades del sistema respiratorio;2018;820
15 Coruña, A;Mujeres;068-072 XI.Enfermedades del sistema digestivo;2022;314
15 Coruña, A;Mujeres;068-072 XI.Enfermedades del sistema digestivo;2021;327
15 Coruña, A;Mujeres;068-072 XI.Enfermedades del sistema digestivo;2020;290
15 Coruña, A;Mujeres;068-072 XI.Enfermedades del sistema digestivo;2019;310
15 Coruña, A;Mujeres;068-072 XI.Enfermedades del sistema digestivo;2018;325
15 Coruña, A;Mujeres;073 XII.Enfermedades de la piel y del tejido subcutáneo;2022;46
15 Coruña, A;Mujeres;073 XII.Enfermedades de la piel y del tejido subcutáneo;2021;45
15 Coruña, A;Mujeres;073 XII.Enfermedades de la piel y del tejido subcutáneo;2020;42
15 Coruña, A;Mujeres;073 XII.Enfermedades de la piel y del tejido subcutáneo;2019;32
15 Coruña, A;Mujeres;073 XII.Enfermedades de la piel y del tejido subcutáneo;2018;40
15 Coruña, A;Mujeres;074-076 XIII.Enfermedades del sistema osteomuscular y del tejido conjuntivo;2022;56
15 Coruña, A;Mujeres;074-076 XIII.Enfermedades del sistema osteomuscular y del tejido conjuntivo;2021;42
15 Coruña, A;Mujeres;074-076 XIII.Enfermedades del sistema osteomuscular y del tejido conjuntivo;2020;45
15 Coruña, A;Mujeres;074-076 XIII.Enfermedades del sistema osteomuscular y del tejido conjuntivo;2019;46
15 Coruña, A;Mujeres;074-076 XIII.Enfermedades del sistema osteomuscular y del tejido conjuntivo;2018;62
15 Coruña, A;Mujeres;077-080 XIV.Enfermedades del sistema genitourinario;2022;260
15 Coruña, A;Mujeres;077-080 XIV.Enfermedades del sistema genitourinario;2021;253
15 Coruña, A;Mujeres;077-080 XIV.Enfermedades del sistema genitourinario;2020;230
15 Coruña, A;Mujeres;077-080 XIV.Enfermedades del sistema genitourinario;2019;219
15 Coruña, A;Mujeres;077-080 XIV.Enfermedades del sistema genitourinario;2018;203
15 Coruña, A;Mujeres;081 XV.Embarazo, parto y puerperio;2022;0
15 Coruña, A;Mujeres;081 XV.Embarazo, parto y puerperio;2021;0
15 Coruña, A;Mujeres;081 XV.Embarazo, parto y puerperio;2020;0
15 Coruña, A;Mujeres;081 XV.Embarazo, parto y puerperio;2019;0
15 Coruña, A;Mujeres;081 XV.Embarazo, parto y puerperio;2018;1
15 Coruña, A;Mujeres;082 XVI.Afecciones originadas en el periodo perinatal;2022;4
15 Coruña, A;Mujeres;082 XVI.Afecciones originadas en el periodo perinatal;2021;8
15 Coruña, A;Mujeres;082 XVI.Afecciones originadas en el periodo perinatal;2020;7
15 Coruña, A;Mujeres;082 XVI.Afecciones originadas en el periodo perinatal;2019;7
15 Coruña, A;Mujeres;082 XVI.Afecciones originadas en el periodo perinatal;2018;7
15 Coruña, A;Mujeres;083-085 XVII.Malformaciones congénitas, deformidades y anomalías cromosómicas;2022;11
15 Coruña, A;Mujeres;083-085 XVII.Malformaciones congénitas, deformidades y anomalías cromosómicas;2021;16
15 Coruña, A;Mujeres;083-085 XVII.Malformaciones congénitas, deformidades y anomalías cromosómicas;2020;9
15 Coruña, A;Mujeres;083-085 XVII.Malformaciones congénitas, deformidades y anomalías cromosómicas;2019;10
15 Coruña, A;Mujeres;083-085 XVII.Malformaciones congénitas, deformidades y anomalías cromosómicas;2018;10
15 Coruña, A;Mujeres;086-089 XVIII.Síntomas, signos y hallazgos anormales clínicos y de laboratorio, no clasificados en otra parte;2022;74
15 Coruña, A;Mujeres;086-089 XVIII.Síntomas, signos y hallazgos anormales clínicos y de laboratorio, no clasificados en otra parte;2021;56
15 Coruña, A;Mujeres;086-089 XVIII.Síntomas, signos y hallazgos anormales clínicos y de laboratorio, no clasificados en otra parte;2020;76
15 Coruña, A;Mujeres;086-089 XVIII.Síntomas, signos y hallazgos anormales clínicos y de laboratorio, no clasificados en otra parte;2019;122
15 Coruña, A;Mujeres;086-089 XVIII.Síntomas, signos y hallazgos anormales clínicos y de laboratorio, no clasificados en otra parte;2018;88
15 Coruña, A;Mujeres;090-102 XX.Causas externas de mortalidad;2022;255
15 Coruña, A;Mujeres;090-102 XX.Causas externas de mortalidad;2021;233
15 Coruña, A;Mujeres;090-102 XX.Causas externas de mortalidad;2020;196
15 Coruña, A;Mujeres;090-102 XX.Causas externas de mortalidad;2019;173
15 Coruña, A;Mujeres;090-102 XX.Causas externas de mortalidad;2018;162
16 Cuenca;Hombres;001-008 I.Enfermedades infecciosas y parasitarias;2022;93
16 Cuenca;Hombres;001-008 I.Enfermedades infecciosas y parasitarias;2021;84
16 Cuenca;Hombres;001-008 I.Enfermedades infecciosas y parasitarias;2020;315
16 Cuenca;Hombres;001-008 I.Enfermedades infecciosas y parasitarias;2019;9
16 Cuenca;Hombres;001-008 I.Enfermedades infecciosas y parasitarias;2018;12
16 Cuenca;Hombres;009-041 II.Tumores;2022;265
16 Cuenca;Hombres;009-041 II.Tumores;2021;268
16 Cuenca;Hombres;009-041 II.Tumores;2020;282
16 Cuenca;Hombres;009-041 II.Tumores;2019;289
16 Cuenca;Hombres;009-041 II.Tumores;2018;274
16 Cuenca;Hombres;042-043 III.Enfermedades de la sangre y de los órganos hematopoyéticos, y ciertos trastornos que afectan al mecanismo de la inmunidad;2022;3
16 Cuenca;Hombres;042-043 III.Enfermedades de la sangre y de los órganos hematopoyéticos, y ciertos trastornos que afectan al mecanismo de la inmunidad;2021;9
16 Cuenca;Hombres;042-043 III.Enfermedades de la sangre y de los órganos hematopoyéticos, y ciertos trastornos que afectan al mecanismo de la inmunidad;2020;8
16 Cuenca;Hombres;042-043 III.Enfermedades de la sangre y de los órganos hematopoyéticos, y ciertos trastornos que afectan al mecanismo de la inmunidad;2019;1
16 Cuenca;Hombres;042-043 III.Enfermedades de la sangre y de los órganos hematopoyéticos, y ciertos trastornos que afectan al mecanismo de la inmunidad;2018;6
16 Cuenca;Hombres;044-045 IV.Enfermedades endocrinas, nutricionales y metabólicas;2022;39
16 Cuenca;Hombres;044-045 IV.Enfermedades endocrinas, nutricionales y metabólicas;2021;42
16 Cuenca;Hombres;044-045 IV.Enfermedades endocrinas, nutricionales y metabólicas;2020;47
16 Cuenca;Hombres;044-045 IV.Enfermedades endocrinas, nutricionales y metabólicas;2019;25
16 Cuenca;Hombres;044-045 IV.Enfermedades endocrinas, nutricionales y metabólicas;2018;37
16 Cuenca;Hombres;046-049 V.Trastornos mentales y del comportamiento;2022;32
16 Cuenca;Hombres;046-049 V.Trastornos mentales y del comportamiento;2021;25
16 Cuenca;Hombres;046-049 V.Trastornos mentales y del comportamiento;2020;33
16 Cuenca;Hombres;046-049 V.Trastornos mentales y del comportamiento;2019;54
16 Cuenca;Hombres;046-049 V.Trastornos mentales y del comportamiento;2018;40
16 Cuenca;Hombres;050-052 VI-VIII.Enfermedades del sistema nervioso y de los órganos de los sentidos;2022;45
16 Cuenca;Hombres;050-052 VI-VIII.Enfermedades del sistema nervioso y de los órganos de los sentidos;2021;40
16 Cuenca;Hombres;050-052 VI-VIII.Enfermedades del sistema nervioso y de los órganos de los sentidos;2020;50
16 Cuenca;Hombres;050-052 VI-VIII.Enfermedades del sistema nervioso y de los órganos de los sentidos;2019;60
16 Cuenca;Hombres;050-052 VI-VIII.Enfermedades del sistema nervioso y de los órganos de los sentidos;2018;50
16 Cuenca;Hombres;053-061 IX.Enfermedades del sistema circulatorio;2022;294
16 Cuenca;Hombres;053-061 IX.Enfermedades del sistema circulatorio;2021;263
16 Cuenca;Hombres;053-061 IX.Enfermedades del sistema circulatorio;2020;273
16 Cuenca;Hombres;053-061 IX.Enfermedades del sistema circulatorio;2019;269
16 Cuenca;Hombres;053-061 IX.Enfermedades del sistema circulatorio;2018;263
16 Cuenca;Hombres;062-067 X.Enfermedades del sistema respiratorio;2022;125
16 Cuenca;Hombres;062-067 X.Enfermedades del sistema respiratorio;2021;106
16 Cuenca;Hombres;062-067 X.Enfermedades del sistema respiratorio;2020;165
16 Cuenca;Hombres;062-067 X.Enfermedades del sistema respiratorio;2019;151
16 Cuenca;Hombres;062-067 X.Enfermedades del sistema respiratorio;2018;149
16 Cuenca;Hombres;068-072 XI.Enfermedades del sistema digestivo;2022;48
16 Cuenca;Hombres;068-072 XI.Enfermedades del sistema digestivo;2021;49
16 Cuenca;Hombres;068-072 XI.Enfermedades del sistema digestivo;2020;57
16 Cuenca;Hombres;068-072 XI.Enfermedades del sistema digestivo;2019;63
16 Cuenca;Hombres;068-072 XI.Enfermedades del sistema digestivo;2018;50
16 Cuenca;Hombres;073 XII.Enfermedades de la piel y del tejido subcutáneo;2022;8
16 Cuenca;Hombres;073 XII.Enfermedades de la piel y del tejido subcutáneo;2021;6
16 Cuenca;Hombres;073 XII.Enfermedades de la piel y del tejido subcutáneo;2020;6
16 Cuenca;Hombres;073 XII.Enfermedades de la piel y del tejido subcutáneo;2019;5
16 Cuenca;Hombres;073 XII.Enfermedades de la piel y del tejido subcutáneo;2018;5
16 Cuenca;Hombres;074-076 XIII.Enfermedades del sistema osteomuscular y del tejido conjuntivo;2022;6
16 Cuenca;Hombres;074-076 XIII.Enfermedades del sistema osteomuscular y del tejido conjuntivo;2021;2
16 Cuenca;Hombres;074-076 XIII.Enfermedades del sistema osteomuscular y del tejido conjuntivo;2020;14
16 Cuenca;Hombres;074-076 XIII.Enfermedades del sistema osteomuscular y del tejido conjuntivo;2019;4
16 Cuenca;Hombres;074-076 XIII.Enfermedades del sistema osteomuscular y del tejido conjuntivo;2018;10
16 Cuenca;Hombres;077-080 XIV.Enfermedades del sistema genitourinario;2022;38
16 Cuenca;Hombres;077-080 XIV.Enfermedades del sistema genitourinario;2021;39
16 Cuenca;Hombres;077-080 XIV.Enfermedades del sistema genitourinario;2020;47
16 Cuenca;Hombres;077-080 XIV.Enfermedades del sistema genitourinario;2019;42
16 Cuenca;Hombres;077-080 XIV.Enfermedades del sistema genitourinario;2018;44
16 Cuenca;Hombres;081 XV.Embarazo, parto y puerperio;2022;0
16 Cuenca;Hombres;081 XV.Embarazo, parto y puerperio;2021;0
16 Cuenca;Hombres;081 XV.Embarazo, parto y puerperio;2020;0
16 Cuenca;Hombres;081 XV.Embarazo, parto y puerperio;2019;0
16 Cuenca;Hombres;081 XV.Embarazo, parto y puerperio;2018;0
16 Cuenca;Hombres;082 XVI.Afecciones originadas en el periodo perinatal;2022;2
16 Cuenca;Hombres;082 XVI.Afecciones originadas en el periodo perinatal;2021;0
16 Cuenca;Hombres;082 XVI.Afecciones originadas en el periodo perinatal;2020;1
16 Cuenca;Hombres;082 XVI.Afecciones originadas en el periodo perinatal;2019;0
16 Cuenca;Hombres;082 XVI.Afecciones originadas en el periodo perinatal;2018;0
16 Cuenca;Hombres;083-085 XVII.Malformaciones congénitas, deformidades y anomalías cromosómicas;2022;1
16 Cuenca;Hombres;083-085 XVII.Malformaciones congénitas, deformidades y anomalías cromosómicas;2021;0
16 Cuenca;Hombres;083-085 XVII.Malformaciones congénitas, deformidades y anomalías cromosómicas;2020;0
16 Cuenca;Hombres;083-085 XVII.Malformaciones congénitas, deformidades y anomalías cromosómicas;2019;1
16 Cuenca;Hombres;083-085 XVII.Malformaciones congénitas, deformidades y anomalías cromosómicas;2018;1
16 Cuenca;Hombres;086-089 XVIII.Síntomas, signos y hallazgos anormales clínicos y de laboratorio, no clasificados en otra parte;2022;45
16 Cuenca;Hombres;086-089 XVIII.Síntomas, signos y hallazgos anormales clínicos y de laboratorio, no clasificados en otra parte;2021;40
16 Cuenca;Hombres;086-089 XVIII.Síntomas, signos y hallazgos anormales clínicos y de laboratorio, no clasificados en otra parte;2020;41
16 Cuenca;Hombres;086-089 XVIII.Síntomas, signos y hallazgos anormales clínicos y de laboratorio, no clasificados en otra parte;2019;50
16 Cuenca;Hombres;086-089 XVIII.Síntomas, signos y hallazgos anormales clínicos y de laboratorio, no clasificados en otra parte;2018;40
16 Cuenca;Hombres;090-102 XX.Causas externas de mortalidad;2022;61
16 Cuenca;Hombres;090-102 XX.Causas externas de mortalidad;2021;72
16 Cuenca;Hombres;090-102 XX.Causas externas de mortalidad;2020;77
16 Cuenca;Hombres;090-102 XX.Causas externas de mortalidad;2019;49
16 Cuenca;Hombres;090-102 XX.Causas externas de mortalidad;2018;52
16 Cuenca;Mujeres;001-008 I.Enfermedades infecciosas y parasitarias;2022;80
16 Cuenca;Mujeres;001-008 I.Enfermedades infecciosas y parasitarias;2021;77
16 Cuenca;Mujeres;001-008 I.Enfermedades infecciosas y parasitarias;2020;261
16 Cuenca;Mujeres;001-008 I.Enfermedades infecciosas y parasitarias;2019;17
16 Cuenca;Mujeres;001-008 I.Enfermedades infecciosas y parasitarias;2018;10
16 Cuenca;Mujeres;009-041 II.Tumores;2022;161
16 Cuenca;Mujeres;009-041 II.Tumores;2021;158
16 Cuenca;Mujeres;009-041 II.Tumores;2020;166
16 Cuenca;Mujeres;009-041 II.Tumores;2019;163
16 Cuenca;Mujeres;009-041 II.Tumores;2018;163
16 Cuenca;Mujeres;042-043 III.Enfermedades de la sangre y de los órganos hematopoyéticos, y ciertos trastornos que afectan al mecanismo de la inmunidad;2022;10
16 Cuenca;Mujeres;042-043 III.Enfermedades de la sangre y de los órganos hematopoyéticos, y ciertos trastornos que afectan al mecanismo de la inmunidad;2021;11
16 Cuenca;Mujeres;042-043 III.Enfermedades de la sangre y de los órganos hematopoyéticos, y ciertos trastornos que afectan al mecanismo de la inmunidad;2020;10
16 Cuenca;Mujeres;042-043 III.Enfermedades de la sangre y de los órganos hematopoyéticos, y ciertos trastornos que afectan al mecanismo de la inmunidad;2019;11
16 Cuenca;Mujeres;042-043 III.Enfermedades de la sangre y de los órganos hematopoyéticos, y ciertos trastornos que afectan al mecanismo de la inmunidad;2018;6
16 Cuenca;Mujeres;044-045 IV.Enfermedades endocrinas, nutricionales y metabólicas;2022;48
16 Cuenca;Mujeres;044-045 IV.Enfermedades endocrinas, nutricionales y metabólicas;2021;50
16 Cuenca;Mujeres;044-045 IV.Enfermedades endocrinas, nutricionales y metabólicas;2020;57
16 Cuenca;Mujeres;044-045 IV.Enfermedades endocrinas, nutricionales y metabólicas;2019;44
16 Cuenca;Mujeres;044-045 IV.Enfermedades endocrinas, nutricionales y metabólicas;2018;51
16 Cuenca;Mujeres;046-049 V.Trastornos mentales y del comportamiento;2022;71
16 Cuenca;Mujeres;046-049 V.Trastornos mentales y del comportamiento;2021;49
16 Cuenca;Mujeres;046-049 V.Trastornos mentales y del comportamiento;2020;76
16 Cuenca;Mujeres;046-049 V.Trastornos mentales y del comportamiento;2019;70
16 Cuenca;Mujeres;046-049 V.Trastornos mentales y del comportamiento;2018;82
16 Cuenca;Mujeres;050-052 VI-VIII.Enfermedades del sistema nervioso y de los órganos de los sentidos;2022;77
16 Cuenca;Mujeres;050-052 VI-VIII.Enfermedades del sistema nervioso y de los órganos de los sentidos;2021;75
16 Cuenca;Mujeres;050-052 VI-VIII.Enfermedades del sistema nervioso y de los órganos de los sentidos;2020;85
16 Cuenca;Mujeres;050-052 VI-VIII.Enfermedades del sistema nervioso y de los órganos de los sentidos;2019;79
16 Cuenca;Mujeres;050-052 VI-VIII.Enfermedades del sistema nervioso y de los órganos de los sentidos;2018;88
16 Cuenca;Mujeres;053-061 IX.Enfermedades del sistema circulatorio;2022;307
16 Cuenca;Mujeres;053-061 IX.Enfermedades del sistema circulatorio;2021;275
16 Cuenca;Mujeres;053-061 IX.Enfermedades del sistema circulatorio;2020;306
16 Cuenca;Mujeres;053-061 IX.Enfermedades del sistema circulatorio;2019;297
16 Cuenca;Mujeres;053-061 IX.Enfermedades del sistema circulatorio;2018;319
16 Cuenca;Mujeres;062-067 X.Enfermedades del sistema respiratorio;2022;115
16 Cuenca;Mujeres;062-067 X.Enfermedades del sistema respiratorio;2021;88
16 Cuenca;Mujeres;062-067 X.Enfermedades del sistema respiratorio;2020;140
16 Cuenca;Mujeres;062-067 X.Enfermedades del sistema respiratorio;2019;122
16 Cuenca;Mujeres;062-067 X.Enfermedades del sistema respiratorio;2018;107
16 Cuenca;Mujeres;068-072 XI.Enfermedades del sistema digestivo;2022;63
16 Cuenca;Mujeres;068-072 XI.Enfermedades del sistema digestivo;2021;55
16 Cuenca;Mujeres;068-072 XI.Enfermedades del sistema digestivo;2020;55
16 Cuenca;Mujeres;068-072 XI.Enfermedades del sistema digestivo;2019;52
16 Cuenca;Mujeres;068-072 XI.Enfermedades del sistema digestivo;2018;42
16 Cuenca;Mujeres;073 XII.Enfermedades de la piel y del tejido subcutáneo;2022;14
16 Cuenca;Mujeres;073 XII.Enfermedades de la piel y del tejido subcutáneo;2021;9
16 Cuenca;Mujeres;073 XII.Enfermedades de la piel y del tejido subcutáneo;2020;9
16 Cuenca;Mujeres;073 XII.Enfermedades de la piel y del tejido subcutáneo;2019;11
16 Cuenca;Mujeres;073 XII.Enfermedades de la piel y del tejido subcutáneo;2018;10
16 Cuenca;Mujeres;074-076 XIII.Enfermedades del sistema osteomuscular y del tejido conjuntivo;2022;14
16 Cuenca;Mujeres;074-076 XIII.Enfermedades del sistema osteomuscular y del tejido conjuntivo;2021;12
16 Cuenca;Mujeres;074-076 XIII.Enfermedades del sistema osteomuscular y del tejido conjuntivo;2020;16
16 Cuenca;Mujeres;074-076 XIII.Enfermedades del sistema osteomuscular y del tejido conjuntivo;2019;16
16 Cuenca;Mujeres;074-076 XIII.Enfermedades del sistema osteomuscular y del tejido conjuntivo;2018;5
16 Cuenca;Mujeres;077-080 XIV.Enfermedades del sistema genitourinario;2022;42
16 Cuenca;Mujeres;077-080 XIV.Enfermedades del sistema genitourinario;2021;34
16 Cuenca;Mujeres;077-080 XIV.Enfermedades del sistema genitourinario;2020;45
16 Cuenca;Mujeres;077-080 XIV.Enfermedades del sistema genitourinario;2019;33
16 Cuenca;Mujeres;077-080 XIV.Enfermedades del sistema genitourinario;2018;34
16 Cuenca;Mujeres;081 XV.Embarazo, parto y puerperio;2022;0
16 Cuenca;Mujeres;081 XV.Embarazo, parto y puerperio;2021;0
16 Cuenca;Mujeres;081 XV.Embarazo, parto y puerperio;2020;0
16 Cuenca;Mujeres;081 XV.Embarazo, parto y puerperio;2019;0
16 Cuenca;Mujeres;081 XV.Embarazo, parto y puerperio;2018;0
16 Cuenca;Mujeres;082 XVI.Afecciones originadas en el periodo perinatal;2022;0
16 Cuenca;Mujeres;082 XVI.Afecciones originadas en el periodo perinatal;2021;0
16 Cuenca;Mujeres;082 XVI.Afecciones originadas en el periodo perinatal;2020;1
16 Cuenca;Mujeres;082 XVI.Afecciones originadas en el periodo perinatal;2019;0
16 Cuenca;Mujeres;082 XVI.Afecciones originadas en el periodo perinatal;2018;0
16 Cuenca;Mujeres;083-085 XVII.Malformaciones congénitas, deformidades y anomalías cromosómicas;2022;0
16 Cuenca;Mujeres;083-085 XVII.Malformaciones congénitas, deformidades y anomalías cromosómicas;2021;2
16 Cuenca;Mujeres;083-085 XVII.Malformaciones congénitas, deformidades y anomalías cromosómicas;2020;5
16 Cuenca;Mujeres;083-085 XVII.Malformaciones congénitas, deformidades y anomalías cromosómicas;2019;1
16 Cuenca;Mujeres;083-085 XVII.Malformaciones congénitas, deformidades y anomalías cromosómicas;2018;4
16 Cuenca;Mujeres;086-089 XVIII.Síntomas, signos y hallazgos anormales clínicos y de laboratorio, no clasificados en otra parte;2022;67
16 Cuenca;Mujeres;086-089 XVIII.Síntomas, signos y hallazgos anormales clínicos y de laboratorio, no clasificados en otra parte;2021;55
16 Cuenca;Mujeres;086-089 XVIII.Síntomas, signos y hallazgos anormales clínicos y de laboratorio, no clasificados en otra parte;2020;52
16 Cuenca;Mujeres;086-089 XVIII.Síntomas, signos y hallazgos anormales clínicos y de laboratorio, no clasificados en otra parte;2019;54
16 Cuenca;Mujeres;086-089 XVIII.Síntomas, signos y hallazgos anormales clínicos y de laboratorio, no clasificados en otra parte;2018;39
16 Cuenca;Mujeres;090-102 XX.Causas externas de mortalidad;2022;48
16 Cuenca;Mujeres;090-102 XX.Causas externas de mortalidad;2021;32
16 Cuenca;Mujeres;090-102 XX.Causas externas de mortalidad;2020;40
16 Cuenca;Mujeres;090-102 XX.Causas externas de mortalidad;2019;34
16 Cuenca;Mujeres;090-102 XX.Causas externas de mortalidad;2018;30
20 Gipuzkoa;Hombres;001-008 I.Enfermedades infecciosas y parasitarias;2022;346
20 Gipuzkoa;Hombres;001-008 I.Enfermedades infecciosas y parasitarias;2021;318
20 Gipuzkoa;Hombres;001-008 I.Enfermedades infecciosas y parasitarias;2020;475
20 Gipuzkoa;Hombres;001-008 I.Enfermedades infecciosas y parasitarias;2019;46
20 Gipuzkoa;Hombres;001-008 I.Enfermedades infecciosas y parasitarias;2018;57
20 Gipuzkoa;Hombres;009-041 II.Tumores;2022;1.195
20 Gipuzkoa;Hombres;009-041 II.Tumores;2021;1.148
20 Gipuzkoa;Hombres;009-041 II.Tumores;2020;1.209
20 Gipuzkoa;Hombres;009-041 II.Tumores;2019;1.108
20 Gipuzkoa;Hombres;009-041 II.Tumores;2018;1.230
20 Gipuzkoa;Hombres;042-043 III.Enfermedades de la sangre y de los órganos hematopoyéticos, y ciertos trastornos que afectan al mecanismo de la inmunidad;2022;11
20 Gipuzkoa;Hombres;042-043 III.Enfermedades de la sangre y de los órganos hematopoyéticos, y ciertos trastornos que afectan al mecanismo de la inmunidad;2021;17
20 Gipuzkoa;Hombres;042-043 III.Enfermedades de la sangre y de los órganos hematopoyéticos, y ciertos trastornos que afectan al mecanismo de la inmunidad;2020;13
20 Gipuzkoa;Hombres;042-043 III.Enfermedades de la sangre y de los órganos hematopoyéticos, y ciertos trastornos que afectan al mecanismo de la inmunidad;2019;13
20 Gipuzkoa;Hombres;042-043 III.Enfermedades de la sangre y de los órganos hematopoyéticos, y ciertos trastornos que afectan al mecanismo de la inmunidad;2018;16
20 Gipuzkoa;Hombres;044-045 IV.Enfermedades endocrinas, nutricionales y metabólicas;2022;124
20 Gipuzkoa;Hombres;044-045 IV.Enfermedades endocrinas, nutricionales y metabólicas;2021;104
20 Gipuzkoa;Hombres;044-045 IV.Enfermedades endocrinas, nutricionales y metabólicas;2020;106
20 Gipuzkoa;Hombres;044-045 IV.Enfermedades endocrinas, nutricionales y metabólicas;2019;86
20 Gipuzkoa;Hombres;044-045 IV.Enfermedades endocrinas, nutricionales y metabólicas;2018;109
20 Gipuzkoa;Hombres;046-049 V.Trastornos mentales y del comportamiento;2022;207
20 Gipuzkoa;Hombres;046-049 V.Trastornos mentales y del comportamiento;2021;219
20 Gipuzkoa;Hombres;046-049 V.Trastornos mentales y del comportamiento;2020;175
20 Gipuzkoa;Hombres;046-049 V.Trastornos mentales y del comportamiento;2019;167
20 Gipuzkoa;Hombres;046-049 V.Trastornos mentales y del comportamiento;2018;164
20 Gipuzkoa;Hombres;050-052 VI-VIII.Enfermedades del sistema nervioso y de los órganos de los sentidos;2022;214
20 Gipuzkoa;Hombres;050-052 VI-VIII.Enfermedades del sistema nervioso y de los órganos de los sentidos;2021;207
20 Gipuzkoa;Hombres;050-052 VI-VIII.Enfermedades del sistema nervioso y de los órganos de los sentidos;2020;179
20 Gipuzkoa;Hombres;050-052 VI-VIII.Enfermedades del sistema nervioso y de los órganos de los sentidos;2019;185
20 Gipuzkoa;Hombres;050-052 VI-VIII.Enfermedades del sistema nervioso y de los órganos de los sentidos;2018;231
20 Gipuzkoa;Hombres;053-061 IX.Enfermedades del sistema circulatorio;2022;871
20 Gipuzkoa;Hombres;053-061 IX.Enfermedades del sistema circulatorio;2021;943
20 Gipuzkoa;Hombres;053-061 IX.Enfermedades del sistema circulatorio;2020;836
20 Gipuzkoa;Hombres;053-061 IX.Enfermedades del sistema circulatorio;2019;814
20 Gipuzkoa;Hombres;053-061 IX.Enfermedades del sistema circulatorio;2018;838
20 Gipuzkoa;Hombres;062-067 X.Enfermedades del sistema respiratorio;2022;248
20 Gipuzkoa;Hombres;062-067 X.Enfermedades del sistema respiratorio;2021;257
20 Gipuzkoa;Hombres;062-067 X.Enfermedades del sistema respiratorio;2020;254
20 Gipuzkoa;Hombres;062-067 X.Enfermedades del sistema respiratorio;2019;336
20 Gipuzkoa;Hombres;062-067 X.Enfermedades del sistema respiratorio;2018;354
20 Gipuzkoa;Hombres;068-072 XI.Enfermedades del sistema digestivo;2022;180
20 Gipuzkoa;Hombres;068-072 XI.Enfermedades del sistema digestivo;2021;183
20 Gipuzkoa;Hombres;068-072 XI.Enfermedades del sistema digestivo;2020;168
20 Gipuzkoa;Hombres;068-072 XI.Enfermedades del sistema digestivo;2019;148
20 Gipuzkoa;Hombres;068-072 XI.Enfermedades del sistema digestivo;2018;158
20 Gipuzkoa;Hombres;073 XII.Enfermedades de la piel y del tejido subcutáneo;2022;7
20 Gipuzkoa;Hombres;073 XII.Enfermedades de la piel y del tejido subcutáneo;2021;12
20 Gipuzkoa;Hombres;073 XII.Enfermedades de la piel y del tejido subcutáneo;2020;15
20 Gipuzkoa;Hombres;073 XII.Enfermedades de la piel y del tejido subcutáneo;2019;5
20 Gipuzkoa;Hombres;073 XII.Enfermedades de la piel y del tejido subcutáneo;2018;6
20 Gipuzkoa;Hombres;074-076 XIII.Enfermedades del sistema osteomuscular y del tejido conjuntivo;2022;36
20 Gipuzkoa;Hombres;074-076 XIII.Enfermedades del sistema osteomuscular y del tejido conjuntivo;2021;33
20 Gipuzkoa;Hombres;074-076 XIII.Enfermedades del sistema osteomuscular y del tejido conjuntivo;2020;41
20 Gipuzkoa;Hombres;074-076 XIII.Enfermedades del sistema osteomuscular y del tejido conjuntivo;2019;25
20 Gipuzkoa;Hombres;074-076 XIII.Enfermedades del sistema osteomuscular y del tejido conjuntivo;2018;27
20 Gipuzkoa;Hombres;077-080 XIV.Enfermedades del sistema genitourinario;2022;120
20 Gipuzkoa;Hombres;077-080 XIV.Enfermedades del sistema genitourinario;2021;91
20 Gipuzkoa;Hombres;077-080 XIV.Enfermedades del sistema genitourinario;2020;81
20 Gipuzkoa;Hombres;077-080 XIV.Enfermedades del sistema genitourinario;2019;93
20 Gipuzkoa;Hombres;077-080 XIV.Enfermedades del sistema genitourinario;2018;73
20 Gipuzkoa;Hombres;081 XV.Embarazo, parto y puerperio;2022;0
20 Gipuzkoa;Hombres;081 XV.Embarazo, parto y puerperio;2021;0
20 Gipuzkoa;Hombres;081 XV.Embarazo, parto y puerperio;2020;0
20 Gipuzkoa;Hombres;081 XV.Embarazo, parto y puerperio;2019;0
20 Gipuzkoa;Hombres;081 XV.Embarazo, parto y puerperio;2018;0
20 Gipuzkoa;Hombres;082 XVI.Afecciones originadas en el periodo perinatal;2022;4
20 Gipuzkoa;Hombres;082 XVI.Afecciones originadas en el periodo perinatal;2021;3
20 Gipuzkoa;Hombres;082 XVI.Afecciones originadas en el periodo perinatal;2020;6
20 Gipuzkoa;Hombres;082 XVI.Afecciones originadas en el periodo perinatal;2019;2
20 Gipuzkoa;Hombres;082 XVI.Afecciones originadas en el periodo perinatal;2018;2
20 Gipuzkoa;Hombres;083-085 XVII.Malformaciones congénitas, deformidades y anomalías cromosómicas;2022;11
20 Gipuzkoa;Hombres;083-085 XVII.Malformaciones congénitas, deformidades y anomalías cromosómicas;2021;9
20 Gipuzkoa;Hombres;083-085 XVII.Malformaciones congénitas, deformidades y anomalías cromosómicas;2020;3
20 Gipuzkoa;Hombres;083-085 XVII.Malformaciones congénitas, deformidades y anomalías cromosómicas;2019;6
20 Gipuzkoa;Hombres;083-085 XVII.Malformaciones congénitas, deformidades y anomalías cromosómicas;2018;2
20 Gipuzkoa;Hombres;086-089 XVIII.Síntomas, signos y hallazgos anormales clínicos y de laboratorio, no clasificados en otra parte;2022;129
20 Gipuzkoa;Hombres;086-089 XVIII.Síntomas, signos y hallazgos anormales clínicos y de laboratorio, no clasificados en otra parte;2021;108
20 Gipuzkoa;Hombres;086-089 XVIII.Síntomas, signos y hallazgos anormales clínicos y de laboratorio, no clasificados en otra parte;2020;101
20 Gipuzkoa;Hombres;086-089 XVIII.Síntomas, signos y hallazgos anormales clínicos y de laboratorio, no clasificados en otra parte;2019;96
20 Gipuzkoa;Hombres;086-089 XVIII.Síntomas, signos y hallazgos anormales clínicos y de laboratorio, no clasificados en otra parte;2018;63
20 Gipuzkoa;Hombres;090-102 XX.Causas externas de mortalidad;2022;179
20 Gipuzkoa;Hombres;090-102 XX.Causas externas de mortalidad;2021;153
20 Gipuzkoa;Hombres;090-102 XX.Causas externas de mortalidad;2020;153
20 Gipuzkoa;Hombres;090-102 XX.Causas externas de mortalidad;2019;152
20 Gipuzkoa;Hombres;090-102 XX.Causas externas de mortalidad;2018;136
20 Gipuzkoa;Mujeres;001-008 I.Enfermedades infecciosas y parasitarias;2022;308
20 Gipuzkoa;Mujeres;001-008 I.Enfermedades infecciosas y parasitarias;2021;301
20 Gipuzkoa;Mujeres;001-008 I.Enfermedades infecciosas y parasitarias;2020;504
20 Gipuzkoa;Mujeres;001-008 I.Enfermedades infecciosas y parasitarias;2019;56
20 Gipuzkoa;Mujeres;001-008 I.Enfermedades infecciosas y parasitarias;2018;46
20 Gipuzkoa;Mujeres;009-041 II.Tumores;2022;799
20 Gipuzkoa;Mujeres;009-041 II.Tumores;2021;821
20 Gipuzkoa;Mujeres;009-041 II.Tumores;2020;758
20 Gipuzkoa;Mujeres;009-041 II.Tumores;2019;812
20 Gipuzkoa;Mujeres;009-041 II.Tumores;2018;813
20 Gipuzkoa;Mujeres;042-043 III.Enfermedades de la sangre y de los órganos hematopoyéticos, y ciertos trastornos que afectan al mecanismo de la inmunidad;2022;27
20 Gipuzkoa;Mujeres;042-043 III.Enfermedades de la sangre y de los órganos hematopoyéticos, y ciertos trastornos que afectan al mecanismo de la inmunidad;2021;17
20 Gipuzkoa;Mujeres;042-043 III.Enfermedades de la sangre y de los órganos hematopoyéticos, y ciertos trastornos que afectan al mecanismo de la inmunidad;2020;28
20 Gipuzkoa;Mujeres;042-043 III.Enfermedades de la sangre y de los órganos hematopoyéticos, y ciertos trastornos que afectan al mecanismo de la inmunidad;2019;27
20 Gipuzkoa;Mujeres;042-043 III.Enfermedades de la sangre y de los órganos hematopoyéticos, y ciertos trastornos que afectan al mecanismo de la inmunidad;2018;23
20 Gipuzkoa;Mujeres;044-045 IV.Enfermedades endocrinas, nutricionales y metabólicas;2022;126
20 Gipuzkoa;Mujeres;044-045 IV.Enfermedades endocrinas, nutricionales y metabólicas;2021;104
20 Gipuzkoa;Mujeres;044-045 IV.Enfermedades endocrinas, nutricionales y metabólicas;2020;114
20 Gipuzkoa;Mujeres;044-045 IV.Enfermedades endocrinas, nutricionales y metabólicas;2019;115
20 Gipuzkoa;Mujeres;044-045 IV.Enfermedades endocrinas, nutricionales y metabólicas;2018;114
20 Gipuzkoa;Mujeres;046-049 V.Trastornos mentales y del comportamiento;2022;439
20 Gipuzkoa;Mujeres;046-049 V.Trastornos mentales y del comportamiento;2021;318
20 Gipuzkoa;Mujeres;046-049 V.Trastornos mentales y del comportamiento;2020;403
20 Gipuzkoa;Mujeres;046-049 V.Trastornos mentales y del comportamiento;2019;362
20 Gipuzkoa;Mujeres;046-049 V.Trastornos mentales y del comportamiento;2018;292
20 Gipuzkoa;Mujeres;050-052 VI-VIII.Enfermedades del sistema nervioso y de los órganos de los sentidos;2022;327
20 Gipuzkoa;Mujeres;050-052 VI-VIII.Enfermedades del sistema nervioso y de los órganos de los sentidos;2021;282
20 Gipuzkoa;Mujeres;050-052 VI-VIII.Enfermedades del sistema nervioso y de los órganos de los sentidos;2020;312
20 Gipuzkoa;Mujeres;050-052 VI-VIII.Enfermedades del sistema nervioso y de los órganos de los sentidos;2019;314
20 Gipuzkoa;Mujeres;050-052 VI-VIII.Enfermedades del sistema nervioso y de los órganos de los sentidos;2018;284
20 Gipuzkoa;Mujeres;053-061 IX.Enfermedades del sistema circulatorio;2022;1.008
20 Gipuzkoa;Mujeres;053-061 IX.Enfermedades del sistema circulatorio;2021;1.084
20 Gipuzkoa;Mujeres;053-061 IX.Enfermedades del sistema circulatorio;2020;981
20 Gipuzkoa;Mujeres;053-061 IX.Enfermedades del sistema circulatorio;2019;943
20 Gipuzkoa;Mujeres;053-061 IX.Enfermedades del sistema circulatorio;2018;966
20 Gipuzkoa;Mujeres;062-067 X.Enfermedades del sistema respiratorio;2022;209
20 Gipuzkoa;Mujeres;062-067 X.Enfermedades del sistema respiratorio;2021;183
20 Gipuzkoa;Mujeres;062-067 X.Enfermedades del sistema respiratorio;2020;208
20 Gipuzkoa;Mujeres;062-067 X.Enfermedades del sistema respiratorio;2019;293
20 Gipuzkoa;Mujeres;062-067 X.Enfermedades del sistema respiratorio;2018;363
20 Gipuzkoa;Mujeres;068-072 XI.Enfermedades del sistema digestivo;2022;148
20 Gipuzkoa;Mujeres;068-072 XI.Enfermedades del sistema digestivo;2021;165
20 Gipuzkoa;Mujeres;068-072 XI.Enfermedades del sistema digestivo;2020;152
20 Gipuzkoa;Mujeres;068-072 XI.Enfermedades del sistema digestivo;2019;136
20 Gipuzkoa;Mujeres;068-072 XI.Enfermedades del sistema digestivo;2018;164
20 Gipuzkoa;Mujeres;073 XII.Enfermedades de la piel y del tejido subcutáneo;2022;14
20 Gipuzkoa;Mujeres;073 XII.Enfermedades de la piel y del tejido subcutáneo;2021;20
20 Gipuzkoa;Mujeres;073 XII.Enfermedades de la piel y del tejido subcutáneo;2020;15
20 Gipuzkoa;Mujeres;073 XII.Enfermedades de la piel y del tejido subcutáneo;2019;10
20 Gipuzkoa;Mujeres;073 XII.Enfermedades de la piel y del tejido subcutáneo;2018;16
20 Gipuzkoa;Mujeres;074-076 XIII.Enfermedades del sistema osteomuscular y del tejido conjuntivo;2022;90
20 Gipuzkoa;Mujeres;074-076 XIII.Enfermedades del sistema osteomuscular y del tejido conjuntivo;2021;70
20 Gipuzkoa;Mujeres;074-076 XIII.Enfermedades del sistema osteomuscular y del tejido conjuntivo;2020;56
20 Gipuzkoa;Mujeres;074-076 XIII.Enfermedades del sistema osteomuscular y del tejido conjuntivo;2019;68
20 Gipuzkoa;Mujeres;074-076 XIII.Enfermedades del sistema osteomuscular y del tejido conjuntivo;2018;67
20 Gipuzkoa;Mujeres;077-080 XIV.Enfermedades del sistema genitourinario;2022;103
20 Gipuzkoa;Mujeres;077-080 XIV.Enfermedades del sistema genitourinario;2021;128
20 Gipuzkoa;Mujeres;077-080 XIV.Enfermedades del sistema genitourinario;2020;102
20 Gipuzkoa;Mujeres;077-080 XIV.Enfermedades del sistema genitourinario;2019;104
20 Gipuzkoa;Mujeres;077-080 XIV.Enfermedades del sistema genitourinario;2018;89
20 Gipuzkoa;Mujeres;081 XV.Embarazo, parto y puerperio;2022;1
20 Gipuzkoa;Mujeres;081 XV.Embarazo, parto y puerperio;2021;0
20 Gipuzkoa;Mujeres;081 XV.Embarazo, parto y puerperio;2020;0
20 Gipuzkoa;Mujeres;081 XV.Embarazo, parto y puerperio;2019;1
20 Gipuzkoa;Mujeres;081 XV.Embarazo, parto y puerperio;2018;0
20 Gipuzkoa;Mujeres;082 XVI.Afecciones originadas en el periodo perinatal;2022;1
20 Gipuzkoa;Mujeres;082 XVI.Afecciones originadas en el periodo perinatal;2021;4
20 Gipuzkoa;Mujeres;082 XVI.Afecciones originadas en el periodo perinatal;2020;2
20 Gipuzkoa;Mujeres;082 XVI.Afecciones originadas en el periodo perinatal;2019;2
20 Gipuzkoa;Mujeres;082 XVI.Afecciones originadas en el periodo perinatal;2018;3
20 Gipuzkoa;Mujeres;083-085 XVII.Malformaciones congénitas, deformidades y anomalías cromosómicas;2022;9
20 Gipuzkoa;Mujeres;083-085 XVII.Malformaciones congénitas, deformidades y anomalías cromosómicas;2021;11
20 Gipuzkoa;Mujeres;083-085 XVII.Malformaciones congénitas, deformidades y anomalías cromosómicas;2020;9
20 Gipuzkoa;Mujeres;083-085 XVII.Malformaciones congénitas, deformidades y anomalías cromosómicas;2019;5
20 Gipuzkoa;Mujeres;083-085 XVII.Malformaciones congénitas, deformidades y anomalías cromosómicas;2018;8
20 Gipuzkoa;Mujeres;086-089 XVIII.Síntomas, signos y hallazgos anormales clínicos y de laboratorio, no clasificados en otra parte;2022;254
20 Gipuzkoa;Mujeres;086-089 XVIII.Síntomas, signos y hallazgos anormales clínicos y de laboratorio, no clasificados en otra parte;2021;179
20 Gipuzkoa;Mujeres;086-089 XVIII.Síntomas, signos y hallazgos anormales clínicos y de laboratorio, no clasificados en otra parte;2020;194
20 Gipuzkoa;Mujeres;086-089 XVIII.Síntomas, signos y hallazgos anormales clínicos y de laboratorio, no clasificados en otra parte;2019;170
20 Gipuzkoa;Mujeres;086-089 XVIII.Síntomas, signos y hallazgos anormales clínicos y de laboratorio, no clasificados en otra parte;2018;138
20 Gipuzkoa;Mujeres;090-102 XX.Causas externas de mortalidad;2022;87
20 Gipuzkoa;Mujeres;090-102 XX.Causas externas de mortalidad;2021;97
20 Gipuzkoa;Mujeres;090-102 XX.Causas externas de mortalidad;2020;98
20 Gipuzkoa;Mujeres;090-102 XX.Causas externas de mortalidad;2019;97
20 Gipuzkoa;Mujeres;090-102 XX.Causas externas de mortalidad;2018;105
17 Girona;Hombres;001-008 I.Enfermedades infecciosas y parasitarias;2022;299
17 Girona;Hombres;001-008 I.Enfermedades infecciosas y parasitarias;2021;409
17 Girona;Hombres;001-008 I.Enfermedades infecciosas y parasitarias;2020;567
17 Girona;Hombres;001-008 I.Enfermedades infecciosas y parasitarias;2019;56
17 Girona;Hombres;001-008 I.Enfermedades infecciosas y parasitarias;2018;49
17 Girona;Hombres;009-041 II.Tumores;2022;1.006
17 Girona;Hombres;009-041 II.Tumores;2021;1.041
17 Girona;Hombres;009-041 II.Tumores;2020;940
17 Girona;Hombres;009-041 II.Tumores;2019;1.060
17 Girona;Hombres;009-041 II.Tumores;2018;989
17 Girona;Hombres;042-043 III.Enfermedades de la sangre y de los órganos hematopoyéticos, y ciertos trastornos que afectan al mecanismo de la inmunidad;2022;13
17 Girona;Hombres;042-043 III.Enfermedades de la sangre y de los órganos hematopoyéticos, y ciertos trastornos que afectan al mecanismo de la inmunidad;2021;15
17 Girona;Hombres;042-043 III.Enfermedades de la sangre y de los órganos hematopoyéticos, y ciertos trastornos que afectan al mecanismo de la inmunidad;2020;15
17 Girona;Hombres;042-043 III.Enfermedades de la sangre y de los órganos hematopoyéticos, y ciertos trastornos que afectan al mecanismo de la inmunidad;2019;14
17 Girona;Hombres;042-043 III.Enfermedades de la sangre y de los órganos hematopoyéticos, y ciertos trastornos que afectan al mecanismo de la inmunidad;2018;18
17 Girona;Hombres;044-045 IV.Enfermedades endocrinas, nutricionales y metabólicas;2022;126
17 Girona;Hombres;044-045 IV.Enfermedades endocrinas, nutricionales y metabólicas;2021;133
17 Girona;Hombres;044-045 IV.Enfermedades endocrinas, nutricionales y metabólicas;2020;122
17 Girona;Hombres;044-045 IV.Enfermedades endocrinas, nutricionales y metabólicas;2019;124
17 Girona;Hombres;044-045 IV.Enfermedades endocrinas, nutricionales y metabólicas;2018;122
17 Girona;Hombres;046-049 V.Trastornos mentales y del comportamiento;2022;103
17 Girona;Hombres;046-049 V.Trastornos mentales y del comportamiento;2021;98
17 Girona;Hombres;046-049 V.Trastornos mentales y del comportamiento;2020;94
17 Girona;Hombres;046-049 V.Trastornos mentales y del comportamiento;2019;115
17 Girona;Hombres;046-049 V.Trastornos mentales y del comportamiento;2018;108
17 Girona;Hombres;050-052 VI-VIII.Enfermedades del sistema nervioso y de los órganos de los sentidos;2022;175
17 Girona;Hombres;050-052 VI-VIII.Enfermedades del sistema nervioso y de los órganos de los sentidos;2021;175
17 Girona;Hombres;050-052 VI-VIII.Enfermedades del sistema nervioso y de los órganos de los sentidos;2020;180
17 Girona;Hombres;050-052 VI-VIII.Enfermedades del sistema nervioso y de los órganos de los sentidos;2019;194
17 Girona;Hombres;050-052 VI-VIII.Enfermedades del sistema nervioso y de los órganos de los sentidos;2018;217
17 Girona;Hombres;053-061 IX.Enfermedades del sistema circulatorio;2022;885
17 Girona;Hombres;053-061 IX.Enfermedades del sistema circulatorio;2021;843
17 Girona;Hombres;053-061 IX.Enfermedades del sistema circulatorio;2020;769
17 Girona;Hombres;053-061 IX.Enfermedades del sistema circulatorio;2019;837
17 Girona;Hombres;053-061 IX.Enfermedades del sistema circulatorio;2018;863
17 Girona;Hombres;062-067 X.Enfermedades del sistema respiratorio;2022;317
17 Girona;Hombres;062-067 X.Enfermedades del sistema respiratorio;2021;261
17 Girona;Hombres;062-067 X.Enfermedades del sistema respiratorio;2020;324
17 Girona;Hombres;062-067 X.Enfermedades del sistema respiratorio;2019;355
17 Girona;Hombres;062-067 X.Enfermedades del sistema respiratorio;2018;406
17 Girona;Hombres;068-072 XI.Enfermedades del sistema digestivo;2022;187
17 Girona;Hombres;068-072 XI.Enfermedades del sistema digestivo;2021;140
17 Girona;Hombres;068-072 XI.Enfermedades del sistema digestivo;2020;143
17 Girona;Hombres;068-072 XI.Enfermedades del sistema digestivo;2019;179
17 Girona;Hombres;068-072 XI.Enfermedades del sistema digestivo;2018;173
17 Girona;Hombres;073 XII.Enfermedades de la piel y del tejido subcutáneo;2022;10
17 Girona;Hombres;073 XII.Enfermedades de la piel y del tejido subcutáneo;2021;5
17 Girona;Hombres;073 XII.Enfermedades de la piel y del tejido subcutáneo;2020;18
17 Girona;Hombres;073 XII.Enfermedades de la piel y del tejido subcutáneo;2019;13
17 Girona;Hombres;073 XII.Enfermedades de la piel y del tejido subcutáneo;2018;9
17 Girona;Hombres;074-076 XIII.Enfermedades del sistema osteomuscular y del tejido conjuntivo;2022;40
17 Girona;Hombres;074-076 XIII.Enfermedades del sistema osteomuscular y del tejido conjuntivo;2021;44
17 Girona;Hombres;074-076 XIII.Enfermedades del sistema osteomuscular y del tejido conjuntivo;2020;35
17 Girona;Hombres;074-076 XIII.Enfermedades del sistema osteomuscular y del tejido conjuntivo;2019;41
17 Girona;Hombres;074-076 XIII.Enfermedades del sistema osteomuscular y del tejido conjuntivo;2018;38
17 Girona;Hombres;077-080 XIV.Enfermedades del sistema genitourinario;2022;111
17 Girona;Hombres;077-080 XIV.Enfermedades del sistema genitourinario;2021;105
17 Girona;Hombres;077-080 XIV.Enfermedades del sistema genitourinario;2020;90
17 Girona;Hombres;077-080 XIV.Enfermedades del sistema genitourinario;2019;79
17 Girona;Hombres;077-080 XIV.Enfermedades del sistema genitourinario;2018;91
17 Girona;Hombres;081 XV.Embarazo, parto y puerperio;2022;0
17 Girona;Hombres;081 XV.Embarazo, parto y puerperio;2021;0
17 Girona;Hombres;081 XV.Embarazo, parto y puerperio;2020;0
17 Girona;Hombres;081 XV.Embarazo, parto y puerperio;2019;0
17 Girona;Hombres;081 XV.Embarazo, parto y puerperio;2018;0
17 Girona;Hombres;082 XVI.Afecciones originadas en el periodo perinatal;2022;6
17 Girona;Hombres;082 XVI.Afecciones originadas en el periodo perinatal;2021;6
17 Girona;Hombres;082 XVI.Afecciones originadas en el periodo perinatal;2020;8
17 Girona;Hombres;082 XVI.Afecciones originadas en el periodo perinatal;2019;8
17 Girona;Hombres;082 XVI.Afecciones originadas en el periodo perinatal;2018;2
17 Girona;Hombres;083-085 XVII.Malformaciones congénitas, deformidades y anomalías cromosómicas;2022;7
17 Girona;Hombres;083-085 XVII.Malformaciones congénitas, deformidades y anomalías cromosómicas;2021;6
17 Girona;Hombres;083-085 XVII.Malformaciones congénitas, deformidades y anomalías cromosómicas;2020;9
17 Girona;Hombres;083-085 XVII.Malformaciones congénitas, deformidades y anomalías cromosómicas;2019;8
17 Girona;Hombres;083-085 XVII.Malformaciones congénitas, deformidades y anomalías cromosómicas;2018;7
17 Girona;Hombres;086-089 XVIII.Síntomas, signos y hallazgos anormales clínicos y de laboratorio, no clasificados en otra parte;2022;127
17 Girona;Hombres;086-089 XVIII.Síntomas, signos y hallazgos anormales clínicos y de laboratorio, no clasificados en otra parte;2021;51
17 Girona;Hombres;086-089 XVIII.Síntomas, signos y hallazgos anormales clínicos y de laboratorio, no clasificados en otra parte;2020;146
17 Girona;Hombres;086-089 XVIII.Síntomas, signos y hallazgos anormales clínicos y de laboratorio, no clasificados en otra parte;2019;92
17 Girona;Hombres;086-089 XVIII.Síntomas, signos y hallazgos anormales clínicos y de laboratorio, no clasificados en otra parte;2018;52
17 Girona;Hombres;090-102 XX.Causas externas de mortalidad;2022;221
17 Girona;Hombres;090-102 XX.Causas externas de mortalidad;2021;211
17 Girona;Hombres;090-102 XX.Causas externas de mortalidad;2020;169
17 Girona;Hombres;090-102 XX.Causas externas de mortalidad;2019;189
17 Girona;Hombres;090-102 XX.Causas externas de mortalidad;2018;204
17 Girona;Mujeres;001-008 I.Enfermedades infecciosas y parasitarias;2022;286
17 Girona;Mujeres;001-008 I.Enfermedades infecciosas y parasitarias;2021;292
17 Girona;Mujeres;001-008 I.Enfermedades infecciosas y parasitarias;2020;581
17 Girona;Mujeres;001-008 I.Enfermedades infecciosas y parasitarias;2019;36
17 Girona;Mujeres;001-008 I.Enfermedades infecciosas y parasitarias;2018;61
17 Girona;Mujeres;009-041 II.Tumores;2022;677
17 Girona;Mujeres;009-041 II.Tumores;2021;684
17 Girona;Mujeres;009-041 II.Tumores;2020;650
17 Girona;Mujeres;009-041 II.Tumores;2019;628
17 Girona;Mujeres;009-041 II.Tumores;2018;680
17 Girona;Mujeres;042-043 III.Enfermedades de la sangre y de los órganos hematopoyéticos, y ciertos trastornos que afectan al mecanismo de la inmunidad;2022;27
17 Girona;Mujeres;042-043 III.Enfermedades de la sangre y de los órganos hematopoyéticos, y ciertos trastornos que afectan al mecanismo de la inmunidad;2021;18
17 Girona;Mujeres;042-043 III.Enfermedades de la sangre y de los órganos hematopoyéticos, y ciertos trastornos que afectan al mecanismo de la inmunidad;2020;19
17 Girona;Mujeres;042-043 III.Enfermedades de la sangre y de los órganos hematopoyéticos, y ciertos trastornos que afectan al mecanismo de la inmunidad;2019;19
17 Girona;Mujeres;042-043 III.Enfermedades de la sangre y de los órganos hematopoyéticos, y ciertos trastornos que afectan al mecanismo de la inmunidad;2018;16
17 Girona;Mujeres;044-045 IV.Enfermedades endocrinas, nutricionales y metabólicas;2022;121
17 Girona;Mujeres;044-045 IV.Enfermedades endocrinas, nutricionales y metabólicas;2021;179
17 Girona;Mujeres;044-045 IV.Enfermedades endocrinas, nutricionales y metabólicas;2020;173
17 Girona;Mujeres;044-045 IV.Enfermedades endocrinas, nutricionales y metabólicas;2019;144
17 Girona;Mujeres;044-045 IV.Enfermedades endocrinas, nutricionales y metabólicas;2018;161
17 Girona;Mujeres;046-049 V.Trastornos mentales y del comportamiento;2022;185
17 Girona;Mujeres;046-049 V.Trastornos mentales y del comportamiento;2021;184
17 Girona;Mujeres;046-049 V.Trastornos mentales y del comportamiento;2020;212
17 Girona;Mujeres;046-049 V.Trastornos mentales y del comportamiento;2019;200
17 Girona;Mujeres;046-049 V.Trastornos mentales y del comportamiento;2018;238
17 Girona;Mujeres;050-052 VI-VIII.Enfermedades del sistema nervioso y de los órganos de los sentidos;2022;292
17 Girona;Mujeres;050-052 VI-VIII.Enfermedades del sistema nervioso y de los órganos de los sentidos;2021;285
17 Girona;Mujeres;050-052 VI-VIII.Enfermedades del sistema nervioso y de los órganos de los sentidos;2020;301
17 Girona;Mujeres;050-052 VI-VIII.Enfermedades del sistema nervioso y de los órganos de los sentidos;2019;299
17 Girona;Mujeres;050-052 VI-VIII.Enfermedades del sistema nervioso y de los órganos de los sentidos;2018;280
17 Girona;Mujeres;053-061 IX.Enfermedades del sistema circulatorio;2022;897
17 Girona;Mujeres;053-061 IX.Enfermedades del sistema circulatorio;2021;916
17 Girona;Mujeres;053-061 IX.Enfermedades del sistema circulatorio;2020;895
17 Girona;Mujeres;053-061 IX.Enfermedades del sistema circulatorio;2019;964
17 Girona;Mujeres;053-061 IX.Enfermedades del sistema circulatorio;2018;920
17 Girona;Mujeres;062-067 X.Enfermedades del sistema respiratorio;2022;263
17 Girona;Mujeres;062-067 X.Enfermedades del sistema respiratorio;2021;178
17 Girona;Mujeres;062-067 X.Enfermedades del sistema respiratorio;2020;204
17 Girona;Mujeres;062-067 X.Enfermedades del sistema respiratorio;2019;282
17 Girona;Mujeres;062-067 X.Enfermedades del sistema respiratorio;2018;365
17 Girona;Mujeres;068-072 XI.Enfermedades del sistema digestivo;2022;153
17 Girona;Mujeres;068-072 XI.Enfermedades del sistema digestivo;2021;136
17 Girona;Mujeres;068-072 XI.Enfermedades del sistema digestivo;2020;116
17 Girona;Mujeres;068-072 XI.Enfermedades del sistema digestivo;2019;131
17 Girona;Mujeres;068-072 XI.Enfermedades del sistema digestivo;2018;143
17 Girona;Mujeres;073 XII.Enfermedades de la piel y del tejido subcutáneo;2022;18
17 Girona;Mujeres;073 XII.Enfermedades de la piel y del tejido subcutáneo;2021;24
17 Girona;Mujeres;073 XII.Enfermedades de la piel y del tejido subcutáneo;2020;13
17 Girona;Mujeres;073 XII.Enfermedades de la piel y del tejido subcutáneo;2019;14
17 Girona;Mujeres;073 XII.Enfermedades de la piel y del tejido subcutáneo;2018;9
17 Girona;Mujeres;074-076 XIII.Enfermedades del sistema osteomuscular y del tejido conjuntivo;2022;99
17 Girona;Mujeres;074-076 XIII.Enfermedades del sistema osteomuscular y del tejido conjuntivo;2021;81
17 Girona;Mujeres;074-076 XIII.Enfermedades del sistema osteomuscular y del tejido conjuntivo;2020;82
17 Girona;Mujeres;074-076 XIII.Enfermedades del sistema osteomuscular y del tejido conjuntivo;2019;79
17 Girona;Mujeres;074-076 XIII.Enfermedades del sistema osteomuscular y del tejido conjuntivo;2018;82
17 Girona;Mujeres;077-080 XIV.Enfermedades del sistema genitourinario;2022;158
17 Girona;Mujeres;077-080 XIV.Enfermedades del sistema genitourinario;2021;140
17 Girona;Mujeres;077-080 XIV.Enfermedades del sistema genitourinario;2020;130
17 Girona;Mujeres;077-080 XIV.Enfermedades del sistema genitourinario;2019;108
17 Girona;Mujeres;077-080 XIV.Enfermedades del sistema genitourinario;2018;118
17 Girona;Mujeres;081 XV.Embarazo, parto y puerperio;2022;0
17 Girona;Mujeres;081 XV.Embarazo, parto y puerperio;2021;0
17 Girona;Mujeres;081 XV.Embarazo, parto y puerperio;2020;1
17 Girona;Mujeres;081 XV.Embarazo, parto y puerperio;2019;0
17 Girona;Mujeres;081 XV.Embarazo, parto y puerperio;2018;0
17 Girona;Mujeres;082 XVI.Afecciones originadas en el periodo perinatal;2022;4
17 Girona;Mujeres;082 XVI.Afecciones originadas en el periodo perinatal;2021;5
17 Girona;Mujeres;082 XVI.Afecciones originadas en el periodo perinatal;2020;4
17 Girona;Mujeres;082 XVI.Afecciones originadas en el periodo perinatal;2019;2
17 Girona;Mujeres;082 XVI.Afecciones originadas en el periodo perinatal;2018;4
17 Girona;Mujeres;083-085 XVII.Malformaciones congénitas, deformidades y anomalías cromosómicas;2022;6
17 Girona;Mujeres;083-085 XVII.Malformaciones congénitas, deformidades y anomalías cromosómicas;2021;3
17 Girona;Mujeres;083-085 XVII.Malformaciones congénitas, deformidades y anomalías cromosómicas;2020;4
17 Girona;Mujeres;083-085 XVII.Malformaciones congénitas, deformidades y anomalías cromosómicas;2019;11
17 Girona;Mujeres;083-085 XVII.Malformaciones congénitas, deformidades y anomalías cromosómicas;2018;9
17 Girona;Mujeres;086-089 XVIII.Síntomas, signos y hallazgos anormales clínicos y de laboratorio, no clasificados en otra parte;2022;111
17 Girona;Mujeres;086-089 XVIII.Síntomas, signos y hallazgos anormales clínicos y de laboratorio, no clasificados en otra parte;2021;93
17 Girona;Mujeres;086-089 XVIII.Síntomas, signos y hallazgos anormales clínicos y de laboratorio, no clasificados en otra parte;2020;112
17 Girona;Mujeres;086-089 XVIII.Síntomas, signos y hallazgos anormales clínicos y de laboratorio, no clasificados en otra parte;2019;104
17 Girona;Mujeres;086-089 XVIII.Síntomas, signos y hallazgos anormales clínicos y de laboratorio, no clasificados en otra parte;2018;68
17 Girona;Mujeres;090-102 XX.Causas externas de mortalidad;2022;137
17 Girona;Mujeres;090-102 XX.Causas externas de mortalidad;2021;128
17 Girona;Mujeres;090-102 XX.Causas externas de mortalidad;2020;98
17 Girona;Mujeres;090-102 XX.Causas externas de mortalidad;2019;141
17 Girona;Mujeres;090-102 XX.Causas externas de mortalidad;2018;115
18 Granada;Hombres;001-008 I.Enfermedades infecciosas y parasitarias;2022;273
18 Granada;Hombres;001-008 I.Enfermedades infecciosas y parasitarias;2021;542
18 Granada;Hombres;001-008 I.Enfermedades infecciosas y parasitarias;2020;793
18 Granada;Hombres;001-008 I.Enfermedades infecciosas y parasitarias;2019;65
18 Granada;Hombres;001-008 I.Enfermedades infecciosas y parasitarias;2018;70
18 Granada;Hombres;009-041 II.Tumores;2022;1.249
18 Granada;Hombres;009-041 II.Tumores;2021;1.260
18 Granada;Hombres;009-041 II.Tumores;2020;1.275
18 Granada;Hombres;009-041 II.Tumores;2019;1.281
18 Granada;Hombres;009-041 II.Tumores;2018;1.272
18 Granada;Hombres;042-043 III.Enfermedades de la sangre y de los órganos hematopoyéticos, y ciertos trastornos que afectan al mecanismo de la inmunidad;2022;12
18 Granada;Hombres;042-043 III.Enfermedades de la sangre y de los órganos hematopoyéticos, y ciertos trastornos que afectan al mecanismo de la inmunidad;2021;20
18 Granada;Hombres;042-043 III.Enfermedades de la sangre y de los órganos hematopoyéticos, y ciertos trastornos que afectan al mecanismo de la inmunidad;2020;11
18 Granada;Hombres;042-043 III.Enfermedades de la sangre y de los órganos hematopoyéticos, y ciertos trastornos que afectan al mecanismo de la inmunidad;2019;21
18 Granada;Hombres;042-043 III.Enfermedades de la sangre y de los órganos hematopoyéticos, y ciertos trastornos que afectan al mecanismo de la inmunidad;2018;12
18 Granada;Hombres;044-045 IV.Enfermedades endocrinas, nutricionales y metabólicas;2022;124
18 Granada;Hombres;044-045 IV.Enfermedades endocrinas, nutricionales y metabólicas;2021;130
18 Granada;Hombres;044-045 IV.Enfermedades endocrinas, nutricionales y metabólicas;2020;119
18 Granada;Hombres;044-045 IV.Enfermedades endocrinas, nutricionales y metabólicas;2019;97
18 Granada;Hombres;044-045 IV.Enfermedades endocrinas, nutricionales y metabólicas;2018;112
18 Granada;Hombres;046-049 V.Trastornos mentales y del comportamiento;2022;88
18 Granada;Hombres;046-049 V.Trastornos mentales y del comportamiento;2021;96
18 Granada;Hombres;046-049 V.Trastornos mentales y del comportamiento;2020;96
18 Granada;Hombres;046-049 V.Trastornos mentales y del comportamiento;2019;66
18 Granada;Hombres;046-049 V.Trastornos mentales y del comportamiento;2018;71
18 Granada;Hombres;050-052 VI-VIII.Enfermedades del sistema nervioso y de los órganos de los sentidos;2022;196
18 Granada;Hombres;050-052 VI-VIII.Enfermedades del sistema nervioso y de los órganos de los sentidos;2021;214
18 Granada;Hombres;050-052 VI-VIII.Enfermedades del sistema nervioso y de los órganos de los sentidos;2020;211
18 Granada;Hombres;050-052 VI-VIII.Enfermedades del sistema nervioso y de los órganos de los sentidos;2019;179
18 Granada;Hombres;050-052 VI-VIII.Enfermedades del sistema nervioso y de los órganos de los sentidos;2018;203
18 Granada;Hombres;053-061 IX.Enfermedades del sistema circulatorio;2022;1.162
18 Granada;Hombres;053-061 IX.Enfermedades del sistema circulatorio;2021;1.173
18 Granada;Hombres;053-061 IX.Enfermedades del sistema circulatorio;2020;1.236
18 Granada;Hombres;053-061 IX.Enfermedades del sistema circulatorio;2019;1.142
18 Granada;Hombres;053-061 IX.Enfermedades del sistema circulatorio;2018;1.207
18 Granada;Hombres;062-067 X.Enfermedades del sistema respiratorio;2022;430
18 Granada;Hombres;062-067 X.Enfermedades del sistema respiratorio;2021;402
18 Granada;Hombres;062-067 X.Enfermedades del sistema respiratorio;2020;432
18 Granada;Hombres;062-067 X.Enfermedades del sistema respiratorio;2019;516
18 Granada;Hombres;062-067 X.Enfermedades del sistema respiratorio;2018;615
18 Granada;Hombres;068-072 XI.Enfermedades del sistema digestivo;2022;236
18 Granada;Hombres;068-072 XI.Enfermedades del sistema digestivo;2021;263
18 Granada;Hombres;068-072 XI.Enfermedades del sistema digestivo;2020;210
18 Granada;Hombres;068-072 XI.Enfermedades del sistema digestivo;2019;237
18 Granada;Hombres;068-072 XI.Enfermedades del sistema digestivo;2018;262
18 Granada;Hombres;073 XII.Enfermedades de la piel y del tejido subcutáneo;2022;4
18 Granada;Hombres;073 XII.Enfermedades de la piel y del tejido subcutáneo;2021;7
18 Granada;Hombres;073 XII.Enfermedades de la piel y del tejido subcutáneo;2020;14
18 Granada;Hombres;073 XII.Enfermedades de la piel y del tejido subcutáneo;2019;13
18 Granada;Hombres;073 XII.Enfermedades de la piel y del tejido subcutáneo;2018;13
18 Granada;Hombres;074-076 XIII.Enfermedades del sistema osteomuscular y del tejido conjuntivo;2022;38
18 Granada;Hombres;074-076 XIII.Enfermedades del sistema osteomuscular y del tejido conjuntivo;2021;34
18 Granada;Hombres;074-076 XIII.Enfermedades del sistema osteomuscular y del tejido conjuntivo;2020;35
18 Granada;Hombres;074-076 XIII.Enfermedades del sistema osteomuscular y del tejido conjuntivo;2019;32
18 Granada;Hombres;074-076 XIII.Enfermedades del sistema osteomuscular y del tejido conjuntivo;2018;45
18 Granada;Hombres;077-080 XIV.Enfermedades del sistema genitourinario;2022;162
18 Granada;Hombres;077-080 XIV.Enfermedades del sistema genitourinario;2021;135
18 Granada;Hombres;077-080 XIV.Enfermedades del sistema genitourinario;2020;150
18 Granada;Hombres;077-080 XIV.Enfermedades del sistema genitourinario;2019;136
18 Granada;Hombres;077-080 XIV.Enfermedades del sistema genitourinario;2018;137
18 Granada;Hombres;081 XV.Embarazo, parto y puerperio;2022;0
18 Granada;Hombres;081 XV.Embarazo, parto y puerperio;2021;0
18 Granada;Hombres;081 XV.Embarazo, parto y puerperio;2020;0
18 Granada;Hombres;081 XV.Embarazo, parto y puerperio;2019;0
18 Granada;Hombres;081 XV.Embarazo, parto y puerperio;2018;0
18 Granada;Hombres;082 XVI.Afecciones originadas en el periodo perinatal;2022;10
18 Granada;Hombres;082 XVI.Afecciones originadas en el periodo perinatal;2021;9
18 Granada;Hombres;082 XVI.Afecciones originadas en el periodo perinatal;2020;5
18 Granada;Hombres;082 XVI.Afecciones originadas en el periodo perinatal;2019;14
18 Granada;Hombres;082 XVI.Afecciones originadas en el periodo perinatal;2018;11
18 Granada;Hombres;083-085 XVII.Malformaciones congénitas, deformidades y anomalías cromosómicas;2022;5
18 Granada;Hombres;083-085 XVII.Malformaciones congénitas, deformidades y anomalías cromosómicas;2021;4
18 Granada;Hombres;083-085 XVII.Malformaciones congénitas, deformidades y anomalías cromosómicas;2020;14
18 Granada;Hombres;083-085 XVII.Malformaciones congénitas, deformidades y anomalías cromosómicas;2019;9
18 Granada;Hombres;083-085 XVII.Malformaciones congénitas, deformidades y anomalías cromosómicas;2018;6
18 Granada;Hombres;086-089 XVIII.Síntomas, signos y hallazgos anormales clínicos y de laboratorio, no clasificados en otra parte;2022;156
18 Granada;Hombres;086-089 XVIII.Síntomas, signos y hallazgos anormales clínicos y de laboratorio, no clasificados en otra parte;2021;124
18 Granada;Hombres;086-089 XVIII.Síntomas, signos y hallazgos anormales clínicos y de laboratorio, no clasificados en otra parte;2020;144
18 Granada;Hombres;086-089 XVIII.Síntomas, signos y hallazgos anormales clínicos y de laboratorio, no clasificados en otra parte;2019;224
18 Granada;Hombres;086-089 XVIII.Síntomas, signos y hallazgos anormales clínicos y de laboratorio, no clasificados en otra parte;2018;153
18 Granada;Hombres;090-102 XX.Causas externas de mortalidad;2022;242
18 Granada;Hombres;090-102 XX.Causas externas de mortalidad;2021;208
18 Granada;Hombres;090-102 XX.Causas externas de mortalidad;2020;196
18 Granada;Hombres;090-102 XX.Causas externas de mortalidad;2019;188
18 Granada;Hombres;090-102 XX.Causas externas de mortalidad;2018;218
18 Granada;Mujeres;001-008 I.Enfermedades infecciosas y parasitarias;2022;286
18 Granada;Mujeres;001-008 I.Enfermedades infecciosas y parasitarias;2021;440
18 Granada;Mujeres;001-008 I.Enfermedades infecciosas y parasitarias;2020;743
18 Granada;Mujeres;001-008 I.Enfermedades infecciosas y parasitarias;2019;66
18 Granada;Mujeres;001-008 I.Enfermedades infecciosas y parasitarias;2018;65
18 Granada;Mujeres;009-041 II.Tumores;2022;907
18 Granada;Mujeres;009-041 II.Tumores;2021;886
18 Granada;Mujeres;009-041 II.Tumores;2020;825
18 Granada;Mujeres;009-041 II.Tumores;2019;825
18 Granada;Mujeres;009-041 II.Tumores;2018;869
18 Granada;Mujeres;042-043 III.Enfermedades de la sangre y de los órganos hematopoyéticos, y ciertos trastornos que afectan al mecanismo de la inmunidad;2022;28
18 Granada;Mujeres;042-043 III.Enfermedades de la sangre y de los órganos hematopoyéticos, y ciertos trastornos que afectan al mecanismo de la inmunidad;2021;21
18 Granada;Mujeres;042-043 III.Enfermedades de la sangre y de los órganos hematopoyéticos, y ciertos trastornos que afectan al mecanismo de la inmunidad;2020;13
18 Granada;Mujeres;042-043 III.Enfermedades de la sangre y de los órganos hematopoyéticos, y ciertos trastornos que afectan al mecanismo de la inmunidad;2019;14
18 Granada;Mujeres;042-043 III.Enfermedades de la sangre y de los órganos hematopoyéticos, y ciertos trastornos que afectan al mecanismo de la inmunidad;2018;12
18 Granada;Mujeres;044-045 IV.Enfermedades endocrinas, nutricionales y metabólicas;2022;153
18 Granada;Mujeres;044-045 IV.Enfermedades endocrinas, nutricionales y metabólicas;2021;171
18 Granada;Mujeres;044-045 IV.Enfermedades endocrinas, nutricionales y metabólicas;2020;185
18 Granada;Mujeres;044-045 IV.Enfermedades endocrinas, nutricionales y metabólicas;2019;136
18 Granada;Mujeres;044-045 IV.Enfermedades endocrinas, nutricionales y metabólicas;2018;127
18 Granada;Mujeres;046-049 V.Trastornos mentales y del comportamiento;2022;210
18 Granada;Mujeres;046-049 V.Trastornos mentales y del comportamiento;2021;171
18 Granada;Mujeres;046-049 V.Trastornos mentales y del comportamiento;2020;182
18 Granada;Mujeres;046-049 V.Trastornos mentales y del comportamiento;2019;163
18 Granada;Mujeres;046-049 V.Trastornos mentales y del comportamiento;2018;158
18 Granada;Mujeres;050-052 VI-VIII.Enfermedades del sistema nervioso y de los órganos de los sentidos;2022;360
18 Granada;Mujeres;050-052 VI-VIII.Enfermedades del sistema nervioso y de los órganos de los sentidos;2021;298
18 Granada;Mujeres;050-052 VI-VIII.Enfermedades del sistema nervioso y de los órganos de los sentidos;2020;328
18 Granada;Mujeres;050-052 VI-VIII.Enfermedades del sistema nervioso y de los órganos de los sentidos;2019;317
18 Granada;Mujeres;050-052 VI-VIII.Enfermedades del sistema nervioso y de los órganos de los sentidos;2018;313
18 Granada;Mujeres;053-061 IX.Enfermedades del sistema circulatorio;2022;1.282
18 Granada;Mujeres;053-061 IX.Enfermedades del sistema circulatorio;2021;1.340
18 Granada;Mujeres;053-061 IX.Enfermedades del sistema circulatorio;2020;1.450
18 Granada;Mujeres;053-061 IX.Enfermedades del sistema circulatorio;2019;1.296
18 Granada;Mujeres;053-061 IX.Enfermedades del sistema circulatorio;2018;1.401
18 Granada;Mujeres;062-067 X.Enfermedades del sistema respiratorio;2022;298
18 Granada;Mujeres;062-067 X.Enfermedades del sistema respiratorio;2021;254
18 Granada;Mujeres;062-067 X.Enfermedades del sistema respiratorio;2020;316
18 Granada;Mujeres;062-067 X.Enfermedades del sistema respiratorio;2019;379
18 Granada;Mujeres;062-067 X.Enfermedades del sistema respiratorio;2018;442
18 Granada;Mujeres;068-072 XI.Enfermedades del sistema digestivo;2022;225
18 Granada;Mujeres;068-072 XI.Enfermedades del sistema digestivo;2021;222
18 Granada;Mujeres;068-072 XI.Enfermedades del sistema digestivo;2020;229
18 Granada;Mujeres;068-072 XI.Enfermedades del sistema digestivo;2019;241
18 Granada;Mujeres;068-072 XI.Enfermedades del sistema digestivo;2018;215
18 Granada;Mujeres;073 XII.Enfermedades de la piel y del tejido subcutáneo;2022;8
18 Granada;Mujeres;073 XII.Enfermedades de la piel y del tejido subcutáneo;2021;19
18 Granada;Mujeres;073 XII.Enfermedades de la piel y del tejido subcutáneo;2020;21
18 Granada;Mujeres;073 XII.Enfermedades de la piel y del tejido subcutáneo;2019;16
18 Granada;Mujeres;073 XII.Enfermedades de la piel y del tejido subcutáneo;2018;30
18 Granada;Mujeres;074-076 XIII.Enfermedades del sistema osteomuscular y del tejido conjuntivo;2022;69
18 Granada;Mujeres;074-076 XIII.Enfermedades del sistema osteomuscular y del tejido conjuntivo;2021;73
18 Granada;Mujeres;074-076 XIII.Enfermedades del sistema osteomuscular y del tejido conjuntivo;2020;69
18 Granada;Mujeres;074-076 XIII.Enfermedades del sistema osteomuscular y del tejido conjuntivo;2019;73
18 Granada;Mujeres;074-076 XIII.Enfermedades del sistema osteomuscular y del tejido conjuntivo;2018;76
18 Granada;Mujeres;077-080 XIV.Enfermedades del sistema genitourinario;2022;189
18 Granada;Mujeres;077-080 XIV.Enfermedades del sistema genitourinario;2021;200
18 Granada;Mujeres;077-080 XIV.Enfermedades del sistema genitourinario;2020;187
18 Granada;Mujeres;077-080 XIV.Enfermedades del sistema genitourinario;2019;149
18 Granada;Mujeres;077-080 XIV.Enfermedades del sistema genitourinario;2018;197
18 Granada;Mujeres;081 XV.Embarazo, parto y puerperio;2022;0
18 Granada;Mujeres;081 XV.Embarazo, parto y puerperio;2021;1
18 Granada;Mujeres;081 XV.Embarazo, parto y puerperio;2020;0
18 Granada;Mujeres;081 XV.Embarazo, parto y puerperio;2019;0
18 Granada;Mujeres;081 XV.Embarazo, parto y puerperio;2018;0
18 Granada;Mujeres;082 XVI.Afecciones originadas en el periodo perinatal;2022;1
18 Granada;Mujeres;082 XVI.Afecciones originadas en el periodo perinatal;2021;10
18 Granada;Mujeres;082 XVI.Afecciones originadas en el periodo perinatal;2020;5
18 Granada;Mujeres;082 XVI.Afecciones originadas en el periodo perinatal;2019;12
18 Granada;Mujeres;082 XVI.Afecciones originadas en el periodo perinatal;2018;8
18 Granada;Mujeres;083-085 XVII.Malformaciones congénitas, deformidades y anomalías cromosómicas;2022;6
18 Granada;Mujeres;083-085 XVII.Malformaciones congénitas, deformidades y anomalías cromosómicas;2021;5
18 Granada;Mujeres;083-085 XVII.Malformaciones congénitas, deformidades y anomalías cromosómicas;2020;9
18 Granada;Mujeres;083-085 XVII.Malformaciones congénitas, deformidades y anomalías cromosómicas;2019;10
18 Granada;Mujeres;083-085 XVII.Malformaciones congénitas, deformidades y anomalías cromosómicas;2018;5
18 Granada;Mujeres;086-089 XVIII.Síntomas, signos y hallazgos anormales clínicos y de laboratorio, no clasificados en otra parte;2022;228
18 Granada;Mujeres;086-089 XVIII.Síntomas, signos y hallazgos anormales clínicos y de laboratorio, no clasificados en otra parte;2021;193
18 Granada;Mujeres;086-089 XVIII.Síntomas, signos y hallazgos anormales clínicos y de laboratorio, no clasificados en otra parte;2020;226
18 Granada;Mujeres;086-089 XVIII.Síntomas, signos y hallazgos anormales clínicos y de laboratorio, no clasificados en otra parte;2019;239
18 Granada;Mujeres;086-089 XVIII.Síntomas, signos y hallazgos anormales clínicos y de laboratorio, no clasificados en otra parte;2018;258
18 Granada;Mujeres;090-102 XX.Causas externas de mortalidad;2022;98
18 Granada;Mujeres;090-102 XX.Causas externas de mortalidad;2021;100
18 Granada;Mujeres;090-102 XX.Causas externas de mortalidad;2020;104
18 Granada;Mujeres;090-102 XX.Causas externas de mortalidad;2019;85
18 Granada;Mujeres;090-102 XX.Causas externas de mortalidad;2018;104
19 Guadalajara;Hombres;001-008 I.Enfermedades infecciosas y parasitarias;2022;101
19 Guadalajara;Hombres;001-008 I.Enfermedades infecciosas y parasitarias;2021;139
19 Guadalajara;Hombres;001-008 I.Enfermedades infecciosas y parasitarias;2020;420
19 Guadalajara;Hombres;001-008 I.Enfermedades infecciosas y parasitarias;2019;11
19 Guadalajara;Hombres;001-008 I.Enfermedades infecciosas y parasitarias;2018;14
19 Guadalajara;Hombres;009-041 II.Tumores;2022;286
19 Guadalajara;Hombres;009-041 II.Tumores;2021;303
19 Guadalajara;Hombres;009-041 II.Tumores;2020;298
19 Guadalajara;Hombres;009-041 II.Tumores;2019;300
19 Guadalajara;Hombres;009-041 II.Tumores;2018;298
19 Guadalajara;Hombres;042-043 III.Enfermedades de la sangre y de los órganos hematopoyéticos, y ciertos trastornos que afectan al mecanismo de la inmunidad;2022;5
19 Guadalajara;Hombres;042-043 III.Enfermedades de la sangre y de los órganos hematopoyéticos, y ciertos trastornos que afectan al mecanismo de la inmunidad;2021;8
19 Guadalajara;Hombres;042-043 III.Enfermedades de la sangre y de los órganos hematopoyéticos, y ciertos trastornos que afectan al mecanismo de la inmunidad;2020;3
19 Guadalajara;Hombres;042-043 III.Enfermedades de la sangre y de los órganos hematopoyéticos, y ciertos trastornos que afectan al mecanismo de la inmunidad;2019;2
19 Guadalajara;Hombres;042-043 III.Enfermedades de la sangre y de los órganos hematopoyéticos, y ciertos trastornos que afectan al mecanismo de la inmunidad;2018;6
19 Guadalajara;Hombres;044-045 IV.Enfermedades endocrinas, nutricionales y metabólicas;2022;41
19 Guadalajara;Hombres;044-045 IV.Enfermedades endocrinas, nutricionales y metabólicas;2021;32
19 Guadalajara;Hombres;044-045 IV.Enfermedades endocrinas, nutricionales y metabólicas;2020;26
19 Guadalajara;Hombres;044-045 IV.Enfermedades endocrinas, nutricionales y metabólicas;2019;33
19 Guadalajara;Hombres;044-045 IV.Enfermedades endocrinas, nutricionales y metabólicas;2018;27
19 Guadalajara;Hombres;046-049 V.Trastornos mentales y del comportamiento;2022;70
19 Guadalajara;Hombres;046-049 V.Trastornos mentales y del comportamiento;2021;53
19 Guadalajara;Hombres;046-049 V.Trastornos mentales y del comportamiento;2020;47
19 Guadalajara;Hombres;046-049 V.Trastornos mentales y del comportamiento;2019;56
19 Guadalajara;Hombres;046-049 V.Trastornos mentales y del comportamiento;2018;43
19 Guadalajara;Hombres;050-052 VI-VIII.Enfermedades del sistema nervioso y de los órganos de los sentidos;2022;37
19 Guadalajara;Hombres;050-052 VI-VIII.Enfermedades del sistema nervioso y de los órganos de los sentidos;2021;41
19 Guadalajara;Hombres;050-052 VI-VIII.Enfermedades del sistema nervioso y de los órganos de los sentidos;2020;48
19 Guadalajara;Hombres;050-052 VI-VIII.Enfermedades del sistema nervioso y de los órganos de los sentidos;2019;48
19 Guadalajara;Hombres;050-052 VI-VIII.Enfermedades del sistema nervioso y de los órganos de los sentidos;2018;40
19 Guadalajara;Hombres;053-061 IX.Enfermedades del sistema circulatorio;2022;274
19 Guadalajara;Hombres;053-061 IX.Enfermedades del sistema circulatorio;2021;280
19 Guadalajara;Hombres;053-061 IX.Enfermedades del sistema circulatorio;2020;293
19 Guadalajara;Hombres;053-061 IX.Enfermedades del sistema circulatorio;2019;279
19 Guadalajara;Hombres;053-061 IX.Enfermedades del sistema circulatorio;2018;292
19 Guadalajara;Hombres;062-067 X.Enfermedades del sistema respiratorio;2022;132
19 Guadalajara;Hombres;062-067 X.Enfermedades del sistema respiratorio;2021;113
19 Guadalajara;Hombres;062-067 X.Enfermedades del sistema respiratorio;2020;151
19 Guadalajara;Hombres;062-067 X.Enfermedades del sistema respiratorio;2019;112
19 Guadalajara;Hombres;062-067 X.Enfermedades del sistema respiratorio;2018;136
19 Guadalajara;Hombres;068-072 XI.Enfermedades del sistema digestivo;2022;65
19 Guadalajara;Hombres;068-072 XI.Enfermedades del sistema digestivo;2021;43
19 Guadalajara;Hombres;068-072 XI.Enfermedades del sistema digestivo;2020;58
19 Guadalajara;Hombres;068-072 XI.Enfermedades del sistema digestivo;2019;53
19 Guadalajara;Hombres;068-072 XI.Enfermedades del sistema digestivo;2018;52
19 Guadalajara;Hombres;073 XII.Enfermedades de la piel y del tejido subcutáneo;2022;7
19 Guadalajara;Hombres;073 XII.Enfermedades de la piel y del tejido subcutáneo;2021;4
19 Guadalajara;Hombres;073 XII.Enfermedades de la piel y del tejido subcutáneo;2020;3
19 Guadalajara;Hombres;073 XII.Enfermedades de la piel y del tejido subcutáneo;2019;5
19 Guadalajara;Hombres;073 XII.Enfermedades de la piel y del tejido subcutáneo;2018;2
19 Guadalajara;Hombres;074-076 XIII.Enfermedades del sistema osteomuscular y del tejido conjuntivo;2022;8
19 Guadalajara;Hombres;074-076 XIII.Enfermedades del sistema osteomuscular y del tejido conjuntivo;2021;10
19 Guadalajara;Hombres;074-076 XIII.Enfermedades del sistema osteomuscular y del tejido conjuntivo;2020;7
19 Guadalajara;Hombres;074-076 XIII.Enfermedades del sistema osteomuscular y del tejido conjuntivo;2019;11
19 Guadalajara;Hombres;074-076 XIII.Enfermedades del sistema osteomuscular y del tejido conjuntivo;2018;11
19 Guadalajara;Hombres;077-080 XIV.Enfermedades del sistema genitourinario;2022;38
19 Guadalajara;Hombres;077-080 XIV.Enfermedades del sistema genitourinario;2021;36
19 Guadalajara;Hombres;077-080 XIV.Enfermedades del sistema genitourinario;2020;39
19 Guadalajara;Hombres;077-080 XIV.Enfermedades del sistema genitourinario;2019;37
19 Guadalajara;Hombres;077-080 XIV.Enfermedades del sistema genitourinario;2018;27
19 Guadalajara;Hombres;081 XV.Embarazo, parto y puerperio;2022;0
19 Guadalajara;Hombres;081 XV.Embarazo, parto y puerperio;2021;0
19 Guadalajara;Hombres;081 XV.Embarazo, parto y puerperio;2020;0
19 Guadalajara;Hombres;081 XV.Embarazo, parto y puerperio;2019;0
19 Guadalajara;Hombres;081 XV.Embarazo, parto y puerperio;2018;0
19 Guadalajara;Hombres;082 XVI.Afecciones originadas en el periodo perinatal;2022;1
19 Guadalajara;Hombres;082 XVI.Afecciones originadas en el periodo perinatal;2021;0
19 Guadalajara;Hombres;082 XVI.Afecciones originadas en el periodo perinatal;2020;2
19 Guadalajara;Hombres;082 XVI.Afecciones originadas en el periodo perinatal;2019;1
19 Guadalajara;Hombres;082 XVI.Afecciones originadas en el periodo perinatal;2018;1
19 Guadalajara;Hombres;083-085 XVII.Malformaciones congénitas, deformidades y anomalías cromosómicas;2022;1
19 Guadalajara;Hombres;083-085 XVII.Malformaciones congénitas, deformidades y anomalías cromosómicas;2021;3
19 Guadalajara;Hombres;083-085 XVII.Malformaciones congénitas, deformidades y anomalías cromosómicas;2020;0
19 Guadalajara;Hombres;083-085 XVII.Malformaciones congénitas, deformidades y anomalías cromosómicas;2019;3
19 Guadalajara;Hombres;083-085 XVII.Malformaciones congénitas, deformidades y anomalías cromosómicas;2018;0
19 Guadalajara;Hombres;086-089 XVIII.Síntomas, signos y hallazgos anormales clínicos y de laboratorio, no clasificados en otra parte;2022;10
19 Guadalajara;Hombres;086-089 XVIII.Síntomas, signos y hallazgos anormales clínicos y de laboratorio, no clasificados en otra parte;2021;16
19 Guadalajara;Hombres;086-089 XVIII.Síntomas, signos y hallazgos anormales clínicos y de laboratorio, no clasificados en otra parte;2020;19
19 Guadalajara;Hombres;086-089 XVIII.Síntomas, signos y hallazgos anormales clínicos y de laboratorio, no clasificados en otra parte;2019;14
19 Guadalajara;Hombres;086-089 XVIII.Síntomas, signos y hallazgos anormales clínicos y de laboratorio, no clasificados en otra parte;2018;19
19 Guadalajara;Hombres;090-102 XX.Causas externas de mortalidad;2022;49
19 Guadalajara;Hombres;090-102 XX.Causas externas de mortalidad;2021;40
19 Guadalajara;Hombres;090-102 XX.Causas externas de mortalidad;2020;52
19 Guadalajara;Hombres;090-102 XX.Causas externas de mortalidad;2019;34
19 Guadalajara;Hombres;090-102 XX.Causas externas de mortalidad;2018;43
19 Guadalajara;Mujeres;001-008 I.Enfermedades infecciosas y parasitarias;2022;82
19 Guadalajara;Mujeres;001-008 I.Enfermedades infecciosas y parasitarias;2021;89
19 Guadalajara;Mujeres;001-008 I.Enfermedades infecciosas y parasitarias;2020;330
19 Guadalajara;Mujeres;001-008 I.Enfermedades infecciosas y parasitarias;2019;10
19 Guadalajara;Mujeres;001-008 I.Enfermedades infecciosas y parasitarias;2018;7
19 Guadalajara;Mujeres;009-041 II.Tumores;2022;269
19 Guadalajara;Mujeres;009-041 II.Tumores;2021;201
19 Guadalajara;Mujeres;009-041 II.Tumores;2020;172
19 Guadalajara;Mujeres;009-041 II.Tumores;2019;221
19 Guadalajara;Mujeres;009-041 II.Tumores;2018;193
19 Guadalajara;Mujeres;042-043 III.Enfermedades de la sangre y de los órganos hematopoyéticos, y ciertos trastornos que afectan al mecanismo de la inmunidad;2022;9
19 Guadalajara;Mujeres;042-043 III.Enfermedades de la sangre y de los órganos hematopoyéticos, y ciertos trastornos que afectan al mecanismo de la inmunidad;2021;3
19 Guadalajara;Mujeres;042-043 III.Enfermedades de la sangre y de los órganos hematopoyéticos, y ciertos trastornos que afectan al mecanismo de la inmunidad;2020;4
19 Guadalajara;Mujeres;042-043 III.Enfermedades de la sangre y de los órganos hematopoyéticos, y ciertos trastornos que afectan al mecanismo de la inmunidad;2019;4
19 Guadalajara;Mujeres;042-043 III.Enfermedades de la sangre y de los órganos hematopoyéticos, y ciertos trastornos que afectan al mecanismo de la inmunidad;2018;7
19 Guadalajara;Mujeres;044-045 IV.Enfermedades endocrinas, nutricionales y metabólicas;2022;37
19 Guadalajara;Mujeres;044-045 IV.Enfermedades endocrinas, nutricionales y metabólicas;2021;39
19 Guadalajara;Mujeres;044-045 IV.Enfermedades endocrinas, nutricionales y metabólicas;2020;44
19 Guadalajara;Mujeres;044-045 IV.Enfermedades endocrinas, nutricionales y metabólicas;2019;35
19 Guadalajara;Mujeres;044-045 IV.Enfermedades endocrinas, nutricionales y metabólicas;2018;32
19 Guadalajara;Mujeres;046-049 V.Trastornos mentales y del comportamiento;2022;104
19 Guadalajara;Mujeres;046-049 V.Trastornos mentales y del comportamiento;2021;86
19 Guadalajara;Mujeres;046-049 V.Trastornos mentales y del comportamiento;2020;107
19 Guadalajara;Mujeres;046-049 V.Trastornos mentales y del comportamiento;2019;108
19 Guadalajara;Mujeres;046-049 V.Trastornos mentales y del comportamiento;2018;110
19 Guadalajara;Mujeres;050-052 VI-VIII.Enfermedades del sistema nervioso y de los órganos de los sentidos;2022;62
19 Guadalajara;Mujeres;050-052 VI-VIII.Enfermedades del sistema nervioso y de los órganos de los sentidos;2021;52
19 Guadalajara;Mujeres;050-052 VI-VIII.Enfermedades del sistema nervioso y de los órganos de los sentidos;2020;62
19 Guadalajara;Mujeres;050-052 VI-VIII.Enfermedades del sistema nervioso y de los órganos de los sentidos;2019;57
19 Guadalajara;Mujeres;050-052 VI-VIII.Enfermedades del sistema nervioso y de los órganos de los sentidos;2018;72
19 Guadalajara;Mujeres;053-061 IX.Enfermedades del sistema circulatorio;2022;364
19 Guadalajara;Mujeres;053-061 IX.Enfermedades del sistema circulatorio;2021;300
19 Guadalajara;Mujeres;053-061 IX.Enfermedades del sistema circulatorio;2020;296
19 Guadalajara;Mujeres;053-061 IX.Enfermedades del sistema circulatorio;2019;308
19 Guadalajara;Mujeres;053-061 IX.Enfermedades del sistema circulatorio;2018;325
19 Guadalajara;Mujeres;062-067 X.Enfermedades del sistema respiratorio;2022;107
19 Guadalajara;Mujeres;062-067 X.Enfermedades del sistema respiratorio;2021;80
19 Guadalajara;Mujeres;062-067 X.Enfermedades del sistema respiratorio;2020;127
19 Guadalajara;Mujeres;062-067 X.Enfermedades del sistema respiratorio;2019;102
19 Guadalajara;Mujeres;062-067 X.Enfermedades del sistema respiratorio;2018;110
19 Guadalajara;Mujeres;068-072 XI.Enfermedades del sistema digestivo;2022;51
19 Guadalajara;Mujeres;068-072 XI.Enfermedades del sistema digestivo;2021;52
19 Guadalajara;Mujeres;068-072 XI.Enfermedades del sistema digestivo;2020;44
19 Guadalajara;Mujeres;068-072 XI.Enfermedades del sistema digestivo;2019;60
19 Guadalajara;Mujeres;068-072 XI.Enfermedades del sistema digestivo;2018;56
19 Guadalajara;Mujeres;073 XII.Enfermedades de la piel y del tejido subcutáneo;2022;5
19 Guadalajara;Mujeres;073 XII.Enfermedades de la piel y del tejido subcutáneo;2021;12
19 Guadalajara;Mujeres;073 XII.Enfermedades de la piel y del tejido subcutáneo;2020;7
19 Guadalajara;Mujeres;073 XII.Enfermedades de la piel y del tejido subcutáneo;2019;6
19 Guadalajara;Mujeres;073 XII.Enfermedades de la piel y del tejido subcutáneo;2018;9
19 Guadalajara;Mujeres;074-076 XIII.Enfermedades del sistema osteomuscular y del tejido conjuntivo;2022;19
19 Guadalajara;Mujeres;074-076 XIII.Enfermedades del sistema osteomuscular y del tejido conjuntivo;2021;8
19 Guadalajara;Mujeres;074-076 XIII.Enfermedades del sistema osteomuscular y del tejido conjuntivo;2020;15
19 Guadalajara;Mujeres;074-076 XIII.Enfermedades del sistema osteomuscular y del tejido conjuntivo;2019;14
19 Guadalajara;Mujeres;074-076 XIII.Enfermedades del sistema osteomuscular y del tejido conjuntivo;2018;8
19 Guadalajara;Mujeres;077-080 XIV.Enfermedades del sistema genitourinario;2022;49
19 Guadalajara;Mujeres;077-080 XIV.Enfermedades del sistema genitourinario;2021;42
19 Guadalajara;Mujeres;077-080 XIV.Enfermedades del sistema genitourinario;2020;49
19 Guadalajara;Mujeres;077-080 XIV.Enfermedades del sistema genitourinario;2019;39
19 Guadalajara;Mujeres;077-080 XIV.Enfermedades del sistema genitourinario;2018;24
19 Guadalajara;Mujeres;081 XV.Embarazo, parto y puerperio;2022;0
19 Guadalajara;Mujeres;081 XV.Embarazo, parto y puerperio;2021;0
19 Guadalajara;Mujeres;081 XV.Embarazo, parto y puerperio;2020;0
19 Guadalajara;Mujeres;081 XV.Embarazo, parto y puerperio;2019;0
19 Guadalajara;Mujeres;081 XV.Embarazo, parto y puerperio;2018;0
19 Guadalajara;Mujeres;082 XVI.Afecciones originadas en el periodo perinatal;2022;0
19 Guadalajara;Mujeres;082 XVI.Afecciones originadas en el periodo perinatal;2021;0
19 Guadalajara;Mujeres;082 XVI.Afecciones originadas en el periodo perinatal;2020;0
19 Guadalajara;Mujeres;082 XVI.Afecciones originadas en el periodo perinatal;2019;0
19 Guadalajara;Mujeres;082 XVI.Afecciones originadas en el periodo perinatal;2018;0
19 Guadalajara;Mujeres;083-085 XVII.Malformaciones congénitas, deformidades y anomalías cromosómicas;2022;1
19 Guadalajara;Mujeres;083-085 XVII.Malformaciones congénitas, deformidades y anomalías cromosómicas;2021;5
19 Guadalajara;Mujeres;083-085 XVII.Malformaciones congénitas, deformidades y anomalías cromosómicas;2020;2
19 Guadalajara;Mujeres;083-085 XVII.Malformaciones congénitas, deformidades y anomalías cromosómicas;2019;1
19 Guadalajara;Mujeres;083-085 XVII.Malformaciones congénitas, deformidades y anomalías cromosómicas;2018;2
19 Guadalajara;Mujeres;086-089 XVIII.Síntomas, signos y hallazgos anormales clínicos y de laboratorio, no clasificados en otra parte;2022;14
19 Guadalajara;Mujeres;086-089 XVIII.Síntomas, signos y hallazgos anormales clínicos y de laboratorio, no clasificados en otra parte;2021;10
19 Guadalajara;Mujeres;086-089 XVIII.Síntomas, signos y hallazgos anormales clínicos y de laboratorio, no clasificados en otra parte;2020;25
19 Guadalajara;Mujeres;086-089 XVIII.Síntomas, signos y hallazgos anormales clínicos y de laboratorio, no clasificados en otra parte;2019;11
19 Guadalajara;Mujeres;086-089 XVIII.Síntomas, signos y hallazgos anormales clínicos y de laboratorio, no clasificados en otra parte;2018;16
19 Guadalajara;Mujeres;090-102 XX.Causas externas de mortalidad;2022;42
19 Guadalajara;Mujeres;090-102 XX.Causas externas de mortalidad;2021;26
19 Guadalajara;Mujeres;090-102 XX.Causas externas de mortalidad;2020;27
19 Guadalajara;Mujeres;090-102 XX.Causas externas de mortalidad;2019;32
19 Guadalajara;Mujeres;090-102 XX.Causas externas de mortalidad;2018;32
21 Huelva;Hombres;001-008 I.Enfermedades infecciosas y parasitarias;2022;155
21 Huelva;Hombres;001-008 I.Enfermedades infecciosas y parasitarias;2021;227
21 Huelva;Hombres;001-008 I.Enfermedades infecciosas y parasitarias;2020;127
21 Huelva;Hombres;001-008 I.Enfermedades infecciosas y parasitarias;2019;38
21 Huelva;Hombres;001-008 I.Enfermedades infecciosas y parasitarias;2018;42
21 Huelva;Hombres;009-041 II.Tumores;2022;772
21 Huelva;Hombres;009-041 II.Tumores;2021;757
21 Huelva;Hombres;009-041 II.Tumores;2020;717
21 Huelva;Hombres;009-041 II.Tumores;2019;681
21 Huelva;Hombres;009-041 II.Tumores;2018;682
21 Huelva;Hombres;042-043 III.Enfermedades de la sangre y de los órganos hematopoyéticos, y ciertos trastornos que afectan al mecanismo de la inmunidad;2022;12
21 Huelva;Hombres;042-043 III.Enfermedades de la sangre y de los órganos hematopoyéticos, y ciertos trastornos que afectan al mecanismo de la inmunidad;2021;8
21 Huelva;Hombres;042-043 III.Enfermedades de la sangre y de los órganos hematopoyéticos, y ciertos trastornos que afectan al mecanismo de la inmunidad;2020;8
21 Huelva;Hombres;042-043 III.Enfermedades de la sangre y de los órganos hematopoyéticos, y ciertos trastornos que afectan al mecanismo de la inmunidad;2019;23
21 Huelva;Hombres;042-043 III.Enfermedades de la sangre y de los órganos hematopoyéticos, y ciertos trastornos que afectan al mecanismo de la inmunidad;2018;8
21 Huelva;Hombres;044-045 IV.Enfermedades endocrinas, nutricionales y metabólicas;2022;81
21 Huelva;Hombres;044-045 IV.Enfermedades endocrinas, nutricionales y metabólicas;2021;76
21 Huelva;Hombres;044-045 IV.Enfermedades endocrinas, nutricionales y metabólicas;2020;73
21 Huelva;Hombres;044-045 IV.Enfermedades endocrinas, nutricionales y metabólicas;2019;71
21 Huelva;Hombres;044-045 IV.Enfermedades endocrinas, nutricionales y metabólicas;2018;66
21 Huelva;Hombres;046-049 V.Trastornos mentales y del comportamiento;2022;21
21 Huelva;Hombres;046-049 V.Trastornos mentales y del comportamiento;2021;30
21 Huelva;Hombres;046-049 V.Trastornos mentales y del comportamiento;2020;34
21 Huelva;Hombres;046-049 V.Trastornos mentales y del comportamiento;2019;40
21 Huelva;Hombres;046-049 V.Trastornos mentales y del comportamiento;2018;42
21 Huelva;Hombres;050-052 VI-VIII.Enfermedades del sistema nervioso y de los órganos de los sentidos;2022;116
21 Huelva;Hombres;050-052 VI-VIII.Enfermedades del sistema nervioso y de los órganos de los sentidos;2021;89
21 Huelva;Hombres;050-052 VI-VIII.Enfermedades del sistema nervioso y de los órganos de los sentidos;2020;106
21 Huelva;Hombres;050-052 VI-VIII.Enfermedades del sistema nervioso y de los órganos de los sentidos;2019;107
21 Huelva;Hombres;050-052 VI-VIII.Enfermedades del sistema nervioso y de los órganos de los sentidos;2018;107
21 Huelva;Hombres;053-061 IX.Enfermedades del sistema circulatorio;2022;674
21 Huelva;Hombres;053-061 IX.Enfermedades del sistema circulatorio;2021;671
21 Huelva;Hombres;053-061 IX.Enfermedades del sistema circulatorio;2020;601
21 Huelva;Hombres;053-061 IX.Enfermedades del sistema circulatorio;2019;615
21 Huelva;Hombres;053-061 IX.Enfermedades del sistema circulatorio;2018;674
21 Huelva;Hombres;062-067 X.Enfermedades del sistema respiratorio;2022;203
21 Huelva;Hombres;062-067 X.Enfermedades del sistema respiratorio;2021;185
21 Huelva;Hombres;062-067 X.Enfermedades del sistema respiratorio;2020;224
21 Huelva;Hombres;062-067 X.Enfermedades del sistema respiratorio;2019;233
21 Huelva;Hombres;062-067 X.Enfermedades del sistema respiratorio;2018;228
21 Huelva;Hombres;068-072 XI.Enfermedades del sistema digestivo;2022;133
21 Huelva;Hombres;068-072 XI.Enfermedades del sistema digestivo;2021;143
21 Huelva;Hombres;068-072 XI.Enfermedades del sistema digestivo;2020;132
21 Huelva;Hombres;068-072 XI.Enfermedades del sistema digestivo;2019;112
21 Huelva;Hombres;068-072 XI.Enfermedades del sistema digestivo;2018;157
21 Huelva;Hombres;073 XII.Enfermedades de la piel y del tejido subcutáneo;2022;5
21 Huelva;Hombres;073 XII.Enfermedades de la piel y del tejido subcutáneo;2021;4
21 Huelva;Hombres;073 XII.Enfermedades de la piel y del tejido subcutáneo;2020;4
21 Huelva;Hombres;073 XII.Enfermedades de la piel y del tejido subcutáneo;2019;6
21 Huelva;Hombres;073 XII.Enfermedades de la piel y del tejido subcutáneo;2018;8
21 Huelva;Hombres;074-076 XIII.Enfermedades del sistema osteomuscular y del tejido conjuntivo;2022;16
21 Huelva;Hombres;074-076 XIII.Enfermedades del sistema osteomuscular y del tejido conjuntivo;2021;26
21 Huelva;Hombres;074-076 XIII.Enfermedades del sistema osteomuscular y del tejido conjuntivo;2020;19
21 Huelva;Hombres;074-076 XIII.Enfermedades del sistema osteomuscular y del tejido conjuntivo;2019;15
21 Huelva;Hombres;074-076 XIII.Enfermedades del sistema osteomuscular y del tejido conjuntivo;2018;19
21 Huelva;Hombres;077-080 XIV.Enfermedades del sistema genitourinario;2022;70
21 Huelva;Hombres;077-080 XIV.Enfermedades del sistema genitourinario;2021;65
21 Huelva;Hombres;077-080 XIV.Enfermedades del sistema genitourinario;2020;65
21 Huelva;Hombres;077-080 XIV.Enfermedades del sistema genitourinario;2019;56
21 Huelva;Hombres;077-080 XIV.Enfermedades del sistema genitourinario;2018;57
21 Huelva;Hombres;081 XV.Embarazo, parto y puerperio;2022;0
21 Huelva;Hombres;081 XV.Embarazo, parto y puerperio;2021;0
21 Huelva;Hombres;081 XV.Embarazo, parto y puerperio;2020;0
21 Huelva;Hombres;081 XV.Embarazo, parto y puerperio;2019;0
21 Huelva;Hombres;081 XV.Embarazo, parto y puerperio;2018;0
21 Huelva;Hombres;082 XVI.Afecciones originadas en el periodo perinatal;2022;1
21 Huelva;Hombres;082 XVI.Afecciones originadas en el periodo perinatal;2021;6
21 Huelva;Hombres;082 XVI.Afecciones originadas en el periodo perinatal;2020;4
21 Huelva;Hombres;082 XVI.Afecciones originadas en el periodo perinatal;2019;4
21 Huelva;Hombres;082 XVI.Afecciones originadas en el periodo perinatal;2018;2
21 Huelva;Hombres;083-085 XVII.Malformaciones congénitas, deformidades y anomalías cromosómicas;2022;3
21 Huelva;Hombres;083-085 XVII.Malformaciones congénitas, deformidades y anomalías cromosómicas;2021;4
21 Huelva;Hombres;083-085 XVII.Malformaciones congénitas, deformidades y anomalías cromosómicas;2020;6
21 Huelva;Hombres;083-085 XVII.Malformaciones congénitas, deformidades y anomalías cromosómicas;2019;8
21 Huelva;Hombres;083-085 XVII.Malformaciones congénitas, deformidades y anomalías cromosómicas;2018;4
21 Huelva;Hombres;086-089 XVIII.Síntomas, signos y hallazgos anormales clínicos y de laboratorio, no clasificados en otra parte;2022;82
21 Huelva;Hombres;086-089 XVIII.Síntomas, signos y hallazgos anormales clínicos y de laboratorio, no clasificados en otra parte;2021;101
21 Huelva;Hombres;086-089 XVIII.Síntomas, signos y hallazgos anormales clínicos y de laboratorio, no clasificados en otra parte;2020;110
21 Huelva;Hombres;086-089 XVIII.Síntomas, signos y hallazgos anormales clínicos y de laboratorio, no clasificados en otra parte;2019;124
21 Huelva;Hombres;086-089 XVIII.Síntomas, signos y hallazgos anormales clínicos y de laboratorio, no clasificados en otra parte;2018;61
21 Huelva;Hombres;090-102 XX.Causas externas de mortalidad;2022;128
21 Huelva;Hombres;090-102 XX.Causas externas de mortalidad;2021;126
21 Huelva;Hombres;090-102 XX.Causas externas de mortalidad;2020;124
21 Huelva;Hombres;090-102 XX.Causas externas de mortalidad;2019;103
21 Huelva;Hombres;090-102 XX.Causas externas de mortalidad;2018;100
21 Huelva;Mujeres;001-008 I.Enfermedades infecciosas y parasitarias;2022;163
21 Huelva;Mujeres;001-008 I.Enfermedades infecciosas y parasitarias;2021;180
21 Huelva;Mujeres;001-008 I.Enfermedades infecciosas y parasitarias;2020;116
21 Huelva;Mujeres;001-008 I.Enfermedades infecciosas y parasitarias;2019;24
21 Huelva;Mujeres;001-008 I.Enfermedades infecciosas y parasitarias;2018;41
21 Huelva;Mujeres;009-041 II.Tumores;2022;439
21 Huelva;Mujeres;009-041 II.Tumores;2021;432
21 Huelva;Mujeres;009-041 II.Tumores;2020;455
21 Huelva;Mujeres;009-041 II.Tumores;2019;400
21 Huelva;Mujeres;009-041 II.Tumores;2018;408
21 Huelva;Mujeres;042-043 III.Enfermedades de la sangre y de los órganos hematopoyéticos, y ciertos trastornos que afectan al mecanismo de la inmunidad;2022;11
21 Huelva;Mujeres;042-043 III.Enfermedades de la sangre y de los órganos hematopoyéticos, y ciertos trastornos que afectan al mecanismo de la inmunidad;2021;16
21 Huelva;Mujeres;042-043 III.Enfermedades de la sangre y de los órganos hematopoyéticos, y ciertos trastornos que afectan al mecanismo de la inmunidad;2020;15
21 Huelva;Mujeres;042-043 III.Enfermedades de la sangre y de los órganos hematopoyéticos, y ciertos trastornos que afectan al mecanismo de la inmunidad;2019;10
21 Huelva;Mujeres;042-043 III.Enfermedades de la sangre y de los órganos hematopoyéticos, y ciertos trastornos que afectan al mecanismo de la inmunidad;2018;10
21 Huelva;Mujeres;044-045 IV.Enfermedades endocrinas, nutricionales y metabólicas;2022;110
21 Huelva;Mujeres;044-045 IV.Enfermedades endocrinas, nutricionales y metabólicas;2021;107
21 Huelva;Mujeres;044-045 IV.Enfermedades endocrinas, nutricionales y metabólicas;2020;98
21 Huelva;Mujeres;044-045 IV.Enfermedades endocrinas, nutricionales y metabólicas;2019;101
21 Huelva;Mujeres;044-045 IV.Enfermedades endocrinas, nutricionales y metabólicas;2018;98
21 Huelva;Mujeres;046-049 V.Trastornos mentales y del comportamiento;2022;79
21 Huelva;Mujeres;046-049 V.Trastornos mentales y del comportamiento;2021;55
21 Huelva;Mujeres;046-049 V.Trastornos mentales y del comportamiento;2020;49
21 Huelva;Mujeres;046-049 V.Trastornos mentales y del comportamiento;2019;66
21 Huelva;Mujeres;046-049 V.Trastornos mentales y del comportamiento;2018;63
21 Huelva;Mujeres;050-052 VI-VIII.Enfermedades del sistema nervioso y de los órganos de los sentidos;2022;169
21 Huelva;Mujeres;050-052 VI-VIII.Enfermedades del sistema nervioso y de los órganos de los sentidos;2021;172
21 Huelva;Mujeres;050-052 VI-VIII.Enfermedades del sistema nervioso y de los órganos de los sentidos;2020;168
21 Huelva;Mujeres;050-052 VI-VIII.Enfermedades del sistema nervioso y de los órganos de los sentidos;2019;148
21 Huelva;Mujeres;050-052 VI-VIII.Enfermedades del sistema nervioso y de los órganos de los sentidos;2018;160
21 Huelva;Mujeres;053-061 IX.Enfermedades del sistema circulatorio;2022;713
21 Huelva;Mujeres;053-061 IX.Enfermedades del sistema circulatorio;2021;757
21 Huelva;Mujeres;053-061 IX.Enfermedades del sistema circulatorio;2020;711
21 Huelva;Mujeres;053-061 IX.Enfermedades del sistema circulatorio;2019;651
21 Huelva;Mujeres;053-061 IX.Enfermedades del sistema circulatorio;2018;791
21 Huelva;Mujeres;062-067 X.Enfermedades del sistema respiratorio;2022;130
21 Huelva;Mujeres;062-067 X.Enfermedades del sistema respiratorio;2021;130
21 Huelva;Mujeres;062-067 X.Enfermedades del sistema respiratorio;2020;157
21 Huelva;Mujeres;062-067 X.Enfermedades del sistema respiratorio;2019;178
21 Huelva;Mujeres;062-067 X.Enfermedades del sistema respiratorio;2018;191
21 Huelva;Mujeres;068-072 XI.Enfermedades del sistema digestivo;2022;123
21 Huelva;Mujeres;068-072 XI.Enfermedades del sistema digestivo;2021;141
21 Huelva;Mujeres;068-072 XI.Enfermedades del sistema digestivo;2020;111
21 Huelva;Mujeres;068-072 XI.Enfermedades del sistema digestivo;2019;128
21 Huelva;Mujeres;068-072 XI.Enfermedades del sistema digestivo;2018;123
21 Huelva;Mujeres;073 XII.Enfermedades de la piel y del tejido subcutáneo;2022;9
21 Huelva;Mujeres;073 XII.Enfermedades de la piel y del tejido subcutáneo;2021;8
21 Huelva;Mujeres;073 XII.Enfermedades de la piel y del tejido subcutáneo;2020;12
21 Huelva;Mujeres;073 XII.Enfermedades de la piel y del tejido subcutáneo;2019;12
21 Huelva;Mujeres;073 XII.Enfermedades de la piel y del tejido subcutáneo;2018;12
21 Huelva;Mujeres;074-076 XIII.Enfermedades del sistema osteomuscular y del tejido conjuntivo;2022;46
21 Huelva;Mujeres;074-076 XIII.Enfermedades del sistema osteomuscular y del tejido conjuntivo;2021;46
21 Huelva;Mujeres;074-076 XIII.Enfermedades del sistema osteomuscular y del tejido conjuntivo;2020;40
21 Huelva;Mujeres;074-076 XIII.Enfermedades del sistema osteomuscular y del tejido conjuntivo;2019;45
21 Huelva;Mujeres;074-076 XIII.Enfermedades del sistema osteomuscular y del tejido conjuntivo;2018;42
21 Huelva;Mujeres;077-080 XIV.Enfermedades del sistema genitourinario;2022;111
21 Huelva;Mujeres;077-080 XIV.Enfermedades del sistema genitourinario;2021;90
21 Huelva;Mujeres;077-080 XIV.Enfermedades del sistema genitourinario;2020;85
21 Huelva;Mujeres;077-080 XIV.Enfermedades del sistema genitourinario;2019;64
21 Huelva;Mujeres;077-080 XIV.Enfermedades del sistema genitourinario;2018;90
21 Huelva;Mujeres;081 XV.Embarazo, parto y puerperio;2022;0
21 Huelva;Mujeres;081 XV.Embarazo, parto y puerperio;2021;0
21 Huelva;Mujeres;081 XV.Embarazo, parto y puerperio;2020;0
21 Huelva;Mujeres;081 XV.Embarazo, parto y puerperio;2019;1
21 Huelva;Mujeres;081 XV.Embarazo, parto y puerperio;2018;1
21 Huelva;Mujeres;082 XVI.Afecciones originadas en el periodo perinatal;2022;5
21 Huelva;Mujeres;082 XVI.Afecciones originadas en el periodo perinatal;2021;3
21 Huelva;Mujeres;082 XVI.Afecciones originadas en el periodo perinatal;2020;3
21 Huelva;Mujeres;082 XVI.Afecciones originadas en el periodo perinatal;2019;3
21 Huelva;Mujeres;082 XVI.Afecciones originadas en el periodo perinatal;2018;3
21 Huelva;Mujeres;083-085 XVII.Malformaciones congénitas, deformidades y anomalías cromosómicas;2022;1
21 Huelva;Mujeres;083-085 XVII.Malformaciones congénitas, deformidades y anomalías cromosómicas;2021;5
21 Huelva;Mujeres;083-085 XVII.Malformaciones congénitas, deformidades y anomalías cromosómicas;2020;9
21 Huelva;Mujeres;083-085 XVII.Malformaciones congénitas, deformidades y anomalías cromosómicas;2019;3
21 Huelva;Mujeres;083-085 XVII.Malformaciones congénitas, deformidades y anomalías cromosómicas;2018;4
21 Huelva;Mujeres;086-089 XVIII.Síntomas, signos y hallazgos anormales clínicos y de laboratorio, no clasificados en otra parte;2022;139
21 Huelva;Mujeres;086-089 XVIII.Síntomas, signos y hallazgos anormales clínicos y de laboratorio, no clasificados en otra parte;2021;168
21 Huelva;Mujeres;086-089 XVIII.Síntomas, signos y hallazgos anormales clínicos y de laboratorio, no clasificados en otra parte;2020;163
21 Huelva;Mujeres;086-089 XVIII.Síntomas, signos y hallazgos anormales clínicos y de laboratorio, no clasificados en otra parte;2019;140
21 Huelva;Mujeres;086-089 XVIII.Síntomas, signos y hallazgos anormales clínicos y de laboratorio, no clasificados en otra parte;2018;97
21 Huelva;Mujeres;090-102 XX.Causas externas de mortalidad;2022;46
21 Huelva;Mujeres;090-102 XX.Causas externas de mortalidad;2021;58
21 Huelva;Mujeres;090-102 XX.Causas externas de mortalidad;2020;61
21 Huelva;Mujeres;090-102 XX.Causas externas de mortalidad;2019;53
21 Huelva;Mujeres;090-102 XX.Causas externas de mortalidad;2018;44
22 Huesca;Hombres;001-008 I.Enfermedades infecciosas y parasitarias;2022;151
22 Huesca;Hombres;001-008 I.Enfermedades infecciosas y parasitarias;2021;135
22 Huesca;Hombres;001-008 I.Enfermedades infecciosas y parasitarias;2020;235
22 Huesca;Hombres;001-008 I.Enfermedades infecciosas y parasitarias;2019;18
22 Huesca;Hombres;001-008 I.Enfermedades infecciosas y parasitarias;2018;13
22 Huesca;Hombres;009-041 II.Tumores;2022;379
22 Huesca;Hombres;009-041 II.Tumores;2021;346
22 Huesca;Hombres;009-041 II.Tumores;2020;372
22 Huesca;Hombres;009-041 II.Tumores;2019;384
22 Huesca;Hombres;009-041 II.Tumores;2018;365
22 Huesca;Hombres;042-043 III.Enfermedades de la sangre y de los órganos hematopoyéticos, y ciertos trastornos que afectan al mecanismo de la inmunidad;2022;4
22 Huesca;Hombres;042-043 III.Enfermedades de la sangre y de los órganos hematopoyéticos, y ciertos trastornos que afectan al mecanismo de la inmunidad;2021;3
22 Huesca;Hombres;042-043 III.Enfermedades de la sangre y de los órganos hematopoyéticos, y ciertos trastornos que afectan al mecanismo de la inmunidad;2020;3
22 Huesca;Hombres;042-043 III.Enfermedades de la sangre y de los órganos hematopoyéticos, y ciertos trastornos que afectan al mecanismo de la inmunidad;2019;4
22 Huesca;Hombres;042-043 III.Enfermedades de la sangre y de los órganos hematopoyéticos, y ciertos trastornos que afectan al mecanismo de la inmunidad;2018;4
22 Huesca;Hombres;044-045 IV.Enfermedades endocrinas, nutricionales y metabólicas;2022;33
22 Huesca;Hombres;044-045 IV.Enfermedades endocrinas, nutricionales y metabólicas;2021;38
22 Huesca;Hombres;044-045 IV.Enfermedades endocrinas, nutricionales y metabólicas;2020;32
22 Huesca;Hombres;044-045 IV.Enfermedades endocrinas, nutricionales y metabólicas;2019;42
22 Huesca;Hombres;044-045 IV.Enfermedades endocrinas, nutricionales y metabólicas;2018;44
22 Huesca;Hombres;046-049 V.Trastornos mentales y del comportamiento;2022;18
22 Huesca;Hombres;046-049 V.Trastornos mentales y del comportamiento;2021;37
22 Huesca;Hombres;046-049 V.Trastornos mentales y del comportamiento;2020;30
22 Huesca;Hombres;046-049 V.Trastornos mentales y del comportamiento;2019;50
22 Huesca;Hombres;046-049 V.Trastornos mentales y del comportamiento;2018;55
22 Huesca;Hombres;050-052 VI-VIII.Enfermedades del sistema nervioso y de los órganos de los sentidos;2022;84
22 Huesca;Hombres;050-052 VI-VIII.Enfermedades del sistema nervioso y de los órganos de los sentidos;2021;54
22 Huesca;Hombres;050-052 VI-VIII.Enfermedades del sistema nervioso y de los órganos de los sentidos;2020;59
22 Huesca;Hombres;050-052 VI-VIII.Enfermedades del sistema nervioso y de los órganos de los sentidos;2019;65
22 Huesca;Hombres;050-052 VI-VIII.Enfermedades del sistema nervioso y de los órganos de los sentidos;2018;59
22 Huesca;Hombres;053-061 IX.Enfermedades del sistema circulatorio;2022;322
22 Huesca;Hombres;053-061 IX.Enfermedades del sistema circulatorio;2021;310
22 Huesca;Hombres;053-061 IX.Enfermedades del sistema circulatorio;2020;338
22 Huesca;Hombres;053-061 IX.Enfermedades del sistema circulatorio;2019;301
22 Huesca;Hombres;053-061 IX.Enfermedades del sistema circulatorio;2018;348
22 Huesca;Hombres;062-067 X.Enfermedades del sistema respiratorio;2022;113
22 Huesca;Hombres;062-067 X.Enfermedades del sistema respiratorio;2021;101
22 Huesca;Hombres;062-067 X.Enfermedades del sistema respiratorio;2020;143
22 Huesca;Hombres;062-067 X.Enfermedades del sistema respiratorio;2019;119
22 Huesca;Hombres;062-067 X.Enfermedades del sistema respiratorio;2018;143
22 Huesca;Hombres;068-072 XI.Enfermedades del sistema digestivo;2022;81
22 Huesca;Hombres;068-072 XI.Enfermedades del sistema digestivo;2021;61
22 Huesca;Hombres;068-072 XI.Enfermedades del sistema digestivo;2020;52
22 Huesca;Hombres;068-072 XI.Enfermedades del sistema digestivo;2019;54
22 Huesca;Hombres;068-072 XI.Enfermedades del sistema digestivo;2018;64
22 Huesca;Hombres;073 XII.Enfermedades de la piel y del tejido subcutáneo;2022;2
22 Huesca;Hombres;073 XII.Enfermedades de la piel y del tejido subcutáneo;2021;3
22 Huesca;Hombres;073 XII.Enfermedades de la piel y del tejido subcutáneo;2020;2
22 Huesca;Hombres;073 XII.Enfermedades de la piel y del tejido subcutáneo;2019;3
22 Huesca;Hombres;073 XII.Enfermedades de la piel y del tejido subcutáneo;2018;1
22 Huesca;Hombres;074-076 XIII.Enfermedades del sistema osteomuscular y del tejido conjuntivo;2022;9
22 Huesca;Hombres;074-076 XIII.Enfermedades del sistema osteomuscular y del tejido conjuntivo;2021;20
22 Huesca;Hombres;074-076 XIII.Enfermedades del sistema osteomuscular y del tejido conjuntivo;2020;18
22 Huesca;Hombres;074-076 XIII.Enfermedades del sistema osteomuscular y del tejido conjuntivo;2019;21
22 Huesca;Hombres;074-076 XIII.Enfermedades del sistema osteomuscular y del tejido conjuntivo;2018;15
22 Huesca;Hombres;077-080 XIV.Enfermedades del sistema genitourinario;2022;44
22 Huesca;Hombres;077-080 XIV.Enfermedades del sistema genitourinario;2021;53
22 Huesca;Hombres;077-080 XIV.Enfermedades del sistema genitourinario;2020;61
22 Huesca;Hombres;077-080 XIV.Enfermedades del sistema genitourinario;2019;45
22 Huesca;Hombres;077-080 XIV.Enfermedades del sistema genitourinario;2018;55
22 Huesca;Hombres;081 XV.Embarazo, parto y puerperio;2022;0
22 Huesca;Hombres;081 XV.Embarazo, parto y puerperio;2021;0
22 Huesca;Hombres;081 XV.Embarazo, parto y puerperio;2020;0
22 Huesca;Hombres;081 XV.Embarazo, parto y puerperio;2019;0
22 Huesca;Hombres;081 XV.Embarazo, parto y puerperio;2018;0
22 Huesca;Hombres;082 XVI.Afecciones originadas en el periodo perinatal;2022;0
22 Huesca;Hombres;082 XVI.Afecciones originadas en el periodo perinatal;2021;0
22 Huesca;Hombres;082 XVI.Afecciones originadas en el periodo perinatal;2020;0
22 Huesca;Hombres;082 XVI.Afecciones originadas en el periodo perinatal;2019;0
22 Huesca;Hombres;082 XVI.Afecciones originadas en el periodo perinatal;2018;0
22 Huesca;Hombres;083-085 XVII.Malformaciones congénitas, deformidades y anomalías cromosómicas;2022;3
22 Huesca;Hombres;083-085 XVII.Malformaciones congénitas, deformidades y anomalías cromosómicas;2021;1
22 Huesca;Hombres;083-085 XVII.Malformaciones congénitas, deformidades y anomalías cromosómicas;2020;0
22 Huesca;Hombres;083-085 XVII.Malformaciones congénitas, deformidades y anomalías cromosómicas;2019;1
22 Huesca;Hombres;083-085 XVII.Malformaciones congénitas, deformidades y anomalías cromosómicas;2018;0
22 Huesca;Hombres;086-089 XVIII.Síntomas, signos y hallazgos anormales clínicos y de laboratorio, no clasificados en otra parte;2022;10
22 Huesca;Hombres;086-089 XVIII.Síntomas, signos y hallazgos anormales clínicos y de laboratorio, no clasificados en otra parte;2021;10
22 Huesca;Hombres;086-089 XVIII.Síntomas, signos y hallazgos anormales clínicos y de laboratorio, no clasificados en otra parte;2020;9
22 Huesca;Hombres;086-089 XVIII.Síntomas, signos y hallazgos anormales clínicos y de laboratorio, no clasificados en otra parte;2019;5
22 Huesca;Hombres;086-089 XVIII.Síntomas, signos y hallazgos anormales clínicos y de laboratorio, no clasificados en otra parte;2018;7
22 Huesca;Hombres;090-102 XX.Causas externas de mortalidad;2022;79
22 Huesca;Hombres;090-102 XX.Causas externas de mortalidad;2021;62
22 Huesca;Hombres;090-102 XX.Causas externas de mortalidad;2020;54
22 Huesca;Hombres;090-102 XX.Causas externas de mortalidad;2019;84
22 Huesca;Hombres;090-102 XX.Causas externas de mortalidad;2018;87
22 Huesca;Mujeres;001-008 I.Enfermedades infecciosas y parasitarias;2022;132
22 Huesca;Mujeres;001-008 I.Enfermedades infecciosas y parasitarias;2021;106
22 Huesca;Mujeres;001-008 I.Enfermedades infecciosas y parasitarias;2020;223
22 Huesca;Mujeres;001-008 I.Enfermedades infecciosas y parasitarias;2019;20
22 Huesca;Mujeres;001-008 I.Enfermedades infecciosas y parasitarias;2018;17
22 Huesca;Mujeres;009-041 II.Tumores;2022;280
22 Huesca;Mujeres;009-041 II.Tumores;2021;222
22 Huesca;Mujeres;009-041 II.Tumores;2020;232
22 Huesca;Mujeres;009-041 II.Tumores;2019;208
22 Huesca;Mujeres;009-041 II.Tumores;2018;220
22 Huesca;Mujeres;042-043 III.Enfermedades de la sangre y de los órganos hematopoyéticos, y ciertos trastornos que afectan al mecanismo de la inmunidad;2022;5
22 Huesca;Mujeres;042-043 III.Enfermedades de la sangre y de los órganos hematopoyéticos, y ciertos trastornos que afectan al mecanismo de la inmunidad;2021;8
22 Huesca;Mujeres;042-043 III.Enfermedades de la sangre y de los órganos hematopoyéticos, y ciertos trastornos que afectan al mecanismo de la inmunidad;2020;5
22 Huesca;Mujeres;042-043 III.Enfermedades de la sangre y de los órganos hematopoyéticos, y ciertos trastornos que afectan al mecanismo de la inmunidad;2019;6
22 Huesca;Mujeres;042-043 III.Enfermedades de la sangre y de los órganos hematopoyéticos, y ciertos trastornos que afectan al mecanismo de la inmunidad;2018;2
22 Huesca;Mujeres;044-045 IV.Enfermedades endocrinas, nutricionales y metabólicas;2022;39
22 Huesca;Mujeres;044-045 IV.Enfermedades endocrinas, nutricionales y metabólicas;2021;50
22 Huesca;Mujeres;044-045 IV.Enfermedades endocrinas, nutricionales y metabólicas;2020;39
22 Huesca;Mujeres;044-045 IV.Enfermedades endocrinas, nutricionales y metabólicas;2019;43
22 Huesca;Mujeres;044-045 IV.Enfermedades endocrinas, nutricionales y metabólicas;2018;45
22 Huesca;Mujeres;046-049 V.Trastornos mentales y del comportamiento;2022;53
22 Huesca;Mujeres;046-049 V.Trastornos mentales y del comportamiento;2021;98
22 Huesca;Mujeres;046-049 V.Trastornos mentales y del comportamiento;2020;88
22 Huesca;Mujeres;046-049 V.Trastornos mentales y del comportamiento;2019;81
22 Huesca;Mujeres;046-049 V.Trastornos mentales y del comportamiento;2018;77
22 Huesca;Mujeres;050-052 VI-VIII.Enfermedades del sistema nervioso y de los órganos de los sentidos;2022;130
22 Huesca;Mujeres;050-052 VI-VIII.Enfermedades del sistema nervioso y de los órganos de los sentidos;2021;94
22 Huesca;Mujeres;050-052 VI-VIII.Enfermedades del sistema nervioso y de los órganos de los sentidos;2020;95
22 Huesca;Mujeres;050-052 VI-VIII.Enfermedades del sistema nervioso y de los órganos de los sentidos;2019;86
22 Huesca;Mujeres;050-052 VI-VIII.Enfermedades del sistema nervioso y de los órganos de los sentidos;2018;107
22 Huesca;Mujeres;053-061 IX.Enfermedades del sistema circulatorio;2022;386
22 Huesca;Mujeres;053-061 IX.Enfermedades del sistema circulatorio;2021;355
22 Huesca;Mujeres;053-061 IX.Enfermedades del sistema circulatorio;2020;393
22 Huesca;Mujeres;053-061 IX.Enfermedades del sistema circulatorio;2019;396
22 Huesca;Mujeres;053-061 IX.Enfermedades del sistema circulatorio;2018;413
22 Huesca;Mujeres;062-067 X.Enfermedades del sistema respiratorio;2022;71
22 Huesca;Mujeres;062-067 X.Enfermedades del sistema respiratorio;2021;47
22 Huesca;Mujeres;062-067 X.Enfermedades del sistema respiratorio;2020;96
22 Huesca;Mujeres;062-067 X.Enfermedades del sistema respiratorio;2019;87
22 Huesca;Mujeres;062-067 X.Enfermedades del sistema respiratorio;2018;118
22 Huesca;Mujeres;068-072 XI.Enfermedades del sistema digestivo;2022;49
22 Huesca;Mujeres;068-072 XI.Enfermedades del sistema digestivo;2021;47
22 Huesca;Mujeres;068-072 XI.Enfermedades del sistema digestivo;2020;48
22 Huesca;Mujeres;068-072 XI.Enfermedades del sistema digestivo;2019;58
22 Huesca;Mujeres;068-072 XI.Enfermedades del sistema digestivo;2018;54
22 Huesca;Mujeres;073 XII.Enfermedades de la piel y del tejido subcutáneo;2022;5
22 Huesca;Mujeres;073 XII.Enfermedades de la piel y del tejido subcutáneo;2021;3
22 Huesca;Mujeres;073 XII.Enfermedades de la piel y del tejido subcutáneo;2020;7
22 Huesca;Mujeres;073 XII.Enfermedades de la piel y del tejido subcutáneo;2019;3
22 Huesca;Mujeres;073 XII.Enfermedades de la piel y del tejido subcutáneo;2018;6
22 Huesca;Mujeres;074-076 XIII.Enfermedades del sistema osteomuscular y del tejido conjuntivo;2022;33
22 Huesca;Mujeres;074-076 XIII.Enfermedades del sistema osteomuscular y del tejido conjuntivo;2021;37
22 Huesca;Mujeres;074-076 XIII.Enfermedades del sistema osteomuscular y del tejido conjuntivo;2020;28
22 Huesca;Mujeres;074-076 XIII.Enfermedades del sistema osteomuscular y del tejido conjuntivo;2019;25
22 Huesca;Mujeres;074-076 XIII.Enfermedades del sistema osteomuscular y del tejido conjuntivo;2018;40
22 Huesca;Mujeres;077-080 XIV.Enfermedades del sistema genitourinario;2022;71
22 Huesca;Mujeres;077-080 XIV.Enfermedades del sistema genitourinario;2021;62
22 Huesca;Mujeres;077-080 XIV.Enfermedades del sistema genitourinario;2020;50
22 Huesca;Mujeres;077-080 XIV.Enfermedades del sistema genitourinario;2019;42
22 Huesca;Mujeres;077-080 XIV.Enfermedades del sistema genitourinario;2018;40
22 Huesca;Mujeres;081 XV.Embarazo, parto y puerperio;2022;0
22 Huesca;Mujeres;081 XV.Embarazo, parto y puerperio;2021;0
22 Huesca;Mujeres;081 XV.Embarazo, parto y puerperio;2020;0
22 Huesca;Mujeres;081 XV.Embarazo, parto y puerperio;2019;0
22 Huesca;Mujeres;081 XV.Embarazo, parto y puerperio;2018;0
22 Huesca;Mujeres;082 XVI.Afecciones originadas en el periodo perinatal;2022;0
22 Huesca;Mujeres;082 XVI.Afecciones originadas en el periodo perinatal;2021;1
22 Huesca;Mujeres;082 XVI.Afecciones originadas en el periodo perinatal;2020;0
22 Huesca;Mujeres;082 XVI.Afecciones originadas en el periodo perinatal;2019;0
22 Huesca;Mujeres;082 XVI.Afecciones originadas en el periodo perinatal;2018;1
22 Huesca;Mujeres;083-085 XVII.Malformaciones congénitas, deformidades y anomalías cromosómicas;2022;2
22 Huesca;Mujeres;083-085 XVII.Malformaciones congénitas, deformidades y anomalías cromosómicas;2021;2
22 Huesca;Mujeres;083-085 XVII.Malformaciones congénitas, deformidades y anomalías cromosómicas;2020;1
22 Huesca;Mujeres;083-085 XVII.Malformaciones congénitas, deformidades y anomalías cromosómicas;2019;3
22 Huesca;Mujeres;083-085 XVII.Malformaciones congénitas, deformidades y anomalías cromosómicas;2018;1
22 Huesca;Mujeres;086-089 XVIII.Síntomas, signos y hallazgos anormales clínicos y de laboratorio, no clasificados en otra parte;2022;7
22 Huesca;Mujeres;086-089 XVIII.Síntomas, signos y hallazgos anormales clínicos y de laboratorio, no clasificados en otra parte;2021;3
22 Huesca;Mujeres;086-089 XVIII.Síntomas, signos y hallazgos anormales clínicos y de laboratorio, no clasificados en otra parte;2020;2
22 Huesca;Mujeres;086-089 XVIII.Síntomas, signos y hallazgos anormales clínicos y de laboratorio, no clasificados en otra parte;2019;2
22 Huesca;Mujeres;086-089 XVIII.Síntomas, signos y hallazgos anormales clínicos y de laboratorio, no clasificados en otra parte;2018;1
22 Huesca;Mujeres;090-102 XX.Causas externas de mortalidad;2022;40
22 Huesca;Mujeres;090-102 XX.Causas externas de mortalidad;2021;43
22 Huesca;Mujeres;090-102 XX.Causas externas de mortalidad;2020;36
22 Huesca;Mujeres;090-102 XX.Causas externas de mortalidad;2019;28
22 Huesca;Mujeres;090-102 XX.Causas externas de mortalidad;2018;34
23 Jaén;Hombres;001-008 I.Enfermedades infecciosas y parasitarias;2022;317
23 Jaén;Hombres;001-008 I.Enfermedades infecciosas y parasitarias;2021;254
23 Jaén;Hombres;001-008 I.Enfermedades infecciosas y parasitarias;2020;479
23 Jaén;Hombres;001-008 I.Enfermedades infecciosas y parasitarias;2019;54
23 Jaén;Hombres;001-008 I.Enfermedades infecciosas y parasitarias;2018;48
23 Jaén;Hombres;009-041 II.Tumores;2022;925
23 Jaén;Hombres;009-041 II.Tumores;2021;881
23 Jaén;Hombres;009-041 II.Tumores;2020;793
23 Jaén;Hombres;009-041 II.Tumores;2019;796
23 Jaén;Hombres;009-041 II.Tumores;2018;886
23 Jaén;Hombres;042-043 III.Enfermedades de la sangre y de los órganos hematopoyéticos, y ciertos trastornos que afectan al mecanismo de la inmunidad;2022;8
23 Jaén;Hombres;042-043 III.Enfermedades de la sangre y de los órganos hematopoyéticos, y ciertos trastornos que afectan al mecanismo de la inmunidad;2021;13
23 Jaén;Hombres;042-043 III.Enfermedades de la sangre y de los órganos hematopoyéticos, y ciertos trastornos que afectan al mecanismo de la inmunidad;2020;12
23 Jaén;Hombres;042-043 III.Enfermedades de la sangre y de los órganos hematopoyéticos, y ciertos trastornos que afectan al mecanismo de la inmunidad;2019;18
23 Jaén;Hombres;042-043 III.Enfermedades de la sangre y de los órganos hematopoyéticos, y ciertos trastornos que afectan al mecanismo de la inmunidad;2018;17
23 Jaén;Hombres;044-045 IV.Enfermedades endocrinas, nutricionales y metabólicas;2022;151
23 Jaén;Hombres;044-045 IV.Enfermedades endocrinas, nutricionales y metabólicas;2021;142
23 Jaén;Hombres;044-045 IV.Enfermedades endocrinas, nutricionales y metabólicas;2020;146
23 Jaén;Hombres;044-045 IV.Enfermedades endocrinas, nutricionales y metabólicas;2019;97
23 Jaén;Hombres;044-045 IV.Enfermedades endocrinas, nutricionales y metabólicas;2018;114
23 Jaén;Hombres;046-049 V.Trastornos mentales y del comportamiento;2022;82
23 Jaén;Hombres;046-049 V.Trastornos mentales y del comportamiento;2021;86
23 Jaén;Hombres;046-049 V.Trastornos mentales y del comportamiento;2020;58
23 Jaén;Hombres;046-049 V.Trastornos mentales y del comportamiento;2019;108
23 Jaén;Hombres;046-049 V.Trastornos mentales y del comportamiento;2018;93
23 Jaén;Hombres;050-052 VI-VIII.Enfermedades del sistema nervioso y de los órganos de los sentidos;2022;132
23 Jaén;Hombres;050-052 VI-VIII.Enfermedades del sistema nervioso y de los órganos de los sentidos;2021;133
23 Jaén;Hombres;050-052 VI-VIII.Enfermedades del sistema nervioso y de los órganos de los sentidos;2020;130
23 Jaén;Hombres;050-052 VI-VIII.Enfermedades del sistema nervioso y de los órganos de los sentidos;2019;129
23 Jaén;Hombres;050-052 VI-VIII.Enfermedades del sistema nervioso y de los órganos de los sentidos;2018;123
23 Jaén;Hombres;053-061 IX.Enfermedades del sistema circulatorio;2022;838
23 Jaén;Hombres;053-061 IX.Enfermedades del sistema circulatorio;2021;757
23 Jaén;Hombres;053-061 IX.Enfermedades del sistema circulatorio;2020;806
23 Jaén;Hombres;053-061 IX.Enfermedades del sistema circulatorio;2019;791
23 Jaén;Hombres;053-061 IX.Enfermedades del sistema circulatorio;2018;838
23 Jaén;Hombres;062-067 X.Enfermedades del sistema respiratorio;2022;366
23 Jaén;Hombres;062-067 X.Enfermedades del sistema respiratorio;2021;359
23 Jaén;Hombres;062-067 X.Enfermedades del sistema respiratorio;2020;385
23 Jaén;Hombres;062-067 X.Enfermedades del sistema respiratorio;2019;457
23 Jaén;Hombres;062-067 X.Enfermedades del sistema respiratorio;2018;498
23 Jaén;Hombres;068-072 XI.Enfermedades del sistema digestivo;2022;226
23 Jaén;Hombres;068-072 XI.Enfermedades del sistema digestivo;2021;218
23 Jaén;Hombres;068-072 XI.Enfermedades del sistema digestivo;2020;178
23 Jaén;Hombres;068-072 XI.Enfermedades del sistema digestivo;2019;221
23 Jaén;Hombres;068-072 XI.Enfermedades del sistema digestivo;2018;195
23 Jaén;Hombres;073 XII.Enfermedades de la piel y del tejido subcutáneo;2022;4
23 Jaén;Hombres;073 XII.Enfermedades de la piel y del tejido subcutáneo;2021;5
23 Jaén;Hombres;073 XII.Enfermedades de la piel y del tejido subcutáneo;2020;4
23 Jaén;Hombres;073 XII.Enfermedades de la piel y del tejido subcutáneo;2019;9
23 Jaén;Hombres;073 XII.Enfermedades de la piel y del tejido subcutáneo;2018;12
23 Jaén;Hombres;074-076 XIII.Enfermedades del sistema osteomuscular y del tejido conjuntivo;2022;48
23 Jaén;Hombres;074-076 XIII.Enfermedades del sistema osteomuscular y del tejido conjuntivo;2021;27
23 Jaén;Hombres;074-076 XIII.Enfermedades del sistema osteomuscular y del tejido conjuntivo;2020;26
23 Jaén;Hombres;074-076 XIII.Enfermedades del sistema osteomuscular y del tejido conjuntivo;2019;37
23 Jaén;Hombres;074-076 XIII.Enfermedades del sistema osteomuscular y del tejido conjuntivo;2018;41
23 Jaén;Hombres;077-080 XIV.Enfermedades del sistema genitourinario;2022;102
23 Jaén;Hombres;077-080 XIV.Enfermedades del sistema genitourinario;2021;82
23 Jaén;Hombres;077-080 XIV.Enfermedades del sistema genitourinario;2020;101
23 Jaén;Hombres;077-080 XIV.Enfermedades del sistema genitourinario;2019;89
23 Jaén;Hombres;077-080 XIV.Enfermedades del sistema genitourinario;2018;87
23 Jaén;Hombres;081 XV.Embarazo, parto y puerperio;2022;0
23 Jaén;Hombres;081 XV.Embarazo, parto y puerperio;2021;0
23 Jaén;Hombres;081 XV.Embarazo, parto y puerperio;2020;0
23 Jaén;Hombres;081 XV.Embarazo, parto y puerperio;2019;0
23 Jaén;Hombres;081 XV.Embarazo, parto y puerperio;2018;0
23 Jaén;Hombres;082 XVI.Afecciones originadas en el periodo perinatal;2022;1
23 Jaén;Hombres;082 XVI.Afecciones originadas en el periodo perinatal;2021;4
23 Jaén;Hombres;082 XVI.Afecciones originadas en el periodo perinatal;2020;4
23 Jaén;Hombres;082 XVI.Afecciones originadas en el periodo perinatal;2019;5
23 Jaén;Hombres;082 XVI.Afecciones originadas en el periodo perinatal;2018;4
23 Jaén;Hombres;083-085 XVII.Malformaciones congénitas, deformidades y anomalías cromosómicas;2022;4
23 Jaén;Hombres;083-085 XVII.Malformaciones congénitas, deformidades y anomalías cromosómicas;2021;1
23 Jaén;Hombres;083-085 XVII.Malformaciones congénitas, deformidades y anomalías cromosómicas;2020;6
23 Jaén;Hombres;083-085 XVII.Malformaciones congénitas, deformidades y anomalías cromosómicas;2019;4
23 Jaén;Hombres;083-085 XVII.Malformaciones congénitas, deformidades y anomalías cromosómicas;2018;3
23 Jaén;Hombres;086-089 XVIII.Síntomas, signos y hallazgos anormales clínicos y de laboratorio, no clasificados en otra parte;2022;181
23 Jaén;Hombres;086-089 XVIII.Síntomas, signos y hallazgos anormales clínicos y de laboratorio, no clasificados en otra parte;2021;184
23 Jaén;Hombres;086-089 XVIII.Síntomas, signos y hallazgos anormales clínicos y de laboratorio, no clasificados en otra parte;2020;207
23 Jaén;Hombres;086-089 XVIII.Síntomas, signos y hallazgos anormales clínicos y de laboratorio, no clasificados en otra parte;2019;163
23 Jaén;Hombres;086-089 XVIII.Síntomas, signos y hallazgos anormales clínicos y de laboratorio, no clasificados en otra parte;2018;175
23 Jaén;Hombres;090-102 XX.Causas externas de mortalidad;2022;152
23 Jaén;Hombres;090-102 XX.Causas externas de mortalidad;2021;179
23 Jaén;Hombres;090-102 XX.Causas externas de mortalidad;2020;152
23 Jaén;Hombres;090-102 XX.Causas externas de mortalidad;2019;168
23 Jaén;Hombres;090-102 XX.Causas externas de mortalidad;2018;165
23 Jaén;Mujeres;001-008 I.Enfermedades infecciosas y parasitarias;2022;281
23 Jaén;Mujeres;001-008 I.Enfermedades infecciosas y parasitarias;2021;253
23 Jaén;Mujeres;001-008 I.Enfermedades infecciosas y parasitarias;2020;433
23 Jaén;Mujeres;001-008 I.Enfermedades infecciosas y parasitarias;2019;46
23 Jaén;Mujeres;001-008 I.Enfermedades infecciosas y parasitarias;2018;43
23 Jaén;Mujeres;009-041 II.Tumores;2022;515
23 Jaén;Mujeres;009-041 II.Tumores;2021;549
23 Jaén;Mujeres;009-041 II.Tumores;2020;535
23 Jaén;Mujeres;009-041 II.Tumores;2019;520
23 Jaén;Mujeres;009-041 II.Tumores;2018;529
23 Jaén;Mujeres;042-043 III.Enfermedades de la sangre y de los órganos hematopoyéticos, y ciertos trastornos que afectan al mecanismo de la inmunidad;2022;14
23 Jaén;Mujeres;042-043 III.Enfermedades de la sangre y de los órganos hematopoyéticos, y ciertos trastornos que afectan al mecanismo de la inmunidad;2021;23
23 Jaén;Mujeres;042-043 III.Enfermedades de la sangre y de los órganos hematopoyéticos, y ciertos trastornos que afectan al mecanismo de la inmunidad;2020;19
23 Jaén;Mujeres;042-043 III.Enfermedades de la sangre y de los órganos hematopoyéticos, y ciertos trastornos que afectan al mecanismo de la inmunidad;2019;12
23 Jaén;Mujeres;042-043 III.Enfermedades de la sangre y de los órganos hematopoyéticos, y ciertos trastornos que afectan al mecanismo de la inmunidad;2018;17
23 Jaén;Mujeres;044-045 IV.Enfermedades endocrinas, nutricionales y metabólicas;2022;188
23 Jaén;Mujeres;044-045 IV.Enfermedades endocrinas, nutricionales y metabólicas;2021;163
23 Jaén;Mujeres;044-045 IV.Enfermedades endocrinas, nutricionales y metabólicas;2020;179
23 Jaén;Mujeres;044-045 IV.Enfermedades endocrinas, nutricionales y metabólicas;2019;144
23 Jaén;Mujeres;044-045 IV.Enfermedades endocrinas, nutricionales y metabólicas;2018;163
23 Jaén;Mujeres;046-049 V.Trastornos mentales y del comportamiento;2022;158
23 Jaén;Mujeres;046-049 V.Trastornos mentales y del comportamiento;2021;160
23 Jaén;Mujeres;046-049 V.Trastornos mentales y del comportamiento;2020;166
23 Jaén;Mujeres;046-049 V.Trastornos mentales y del comportamiento;2019;164
23 Jaén;Mujeres;046-049 V.Trastornos mentales y del comportamiento;2018;139
23 Jaén;Mujeres;050-052 VI-VIII.Enfermedades del sistema nervioso y de los órganos de los sentidos;2022;195
23 Jaén;Mujeres;050-052 VI-VIII.Enfermedades del sistema nervioso y de los órganos de los sentidos;2021;207
23 Jaén;Mujeres;050-052 VI-VIII.Enfermedades del sistema nervioso y de los órganos de los sentidos;2020;206
23 Jaén;Mujeres;050-052 VI-VIII.Enfermedades del sistema nervioso y de los órganos de los sentidos;2019;192
23 Jaén;Mujeres;050-052 VI-VIII.Enfermedades del sistema nervioso y de los órganos de los sentidos;2018;218
23 Jaén;Mujeres;053-061 IX.Enfermedades del sistema circulatorio;2022;1.001
23 Jaén;Mujeres;053-061 IX.Enfermedades del sistema circulatorio;2021;931
23 Jaén;Mujeres;053-061 IX.Enfermedades del sistema circulatorio;2020;946
23 Jaén;Mujeres;053-061 IX.Enfermedades del sistema circulatorio;2019;902
23 Jaén;Mujeres;053-061 IX.Enfermedades del sistema circulatorio;2018;987
23 Jaén;Mujeres;062-067 X.Enfermedades del sistema respiratorio;2022;307
23 Jaén;Mujeres;062-067 X.Enfermedades del sistema respiratorio;2021;239
23 Jaén;Mujeres;062-067 X.Enfermedades del sistema respiratorio;2020;267
23 Jaén;Mujeres;062-067 X.Enfermedades del sistema respiratorio;2019;337
23 Jaén;Mujeres;062-067 X.Enfermedades del sistema respiratorio;2018;430
23 Jaén;Mujeres;068-072 XI.Enfermedades del sistema digestivo;2022;195
23 Jaén;Mujeres;068-072 XI.Enfermedades del sistema digestivo;2021;185
23 Jaén;Mujeres;068-072 XI.Enfermedades del sistema digestivo;2020;179
23 Jaén;Mujeres;068-072 XI.Enfermedades del sistema digestivo;2019;188
23 Jaén;Mujeres;068-072 XI.Enfermedades del sistema digestivo;2018;179
23 Jaén;Mujeres;073 XII.Enfermedades de la piel y del tejido subcutáneo;2022;12
23 Jaén;Mujeres;073 XII.Enfermedades de la piel y del tejido subcutáneo;2021;18
23 Jaén;Mujeres;073 XII.Enfermedades de la piel y del tejido subcutáneo;2020;16
23 Jaén;Mujeres;073 XII.Enfermedades de la piel y del tejido subcutáneo;2019;17
23 Jaén;Mujeres;073 XII.Enfermedades de la piel y del tejido subcutáneo;2018;17
23 Jaén;Mujeres;074-076 XIII.Enfermedades del sistema osteomuscular y del tejido conjuntivo;2022;57
23 Jaén;Mujeres;074-076 XIII.Enfermedades del sistema osteomuscular y del tejido conjuntivo;2021;65
23 Jaén;Mujeres;074-076 XIII.Enfermedades del sistema osteomuscular y del tejido conjuntivo;2020;64
23 Jaén;Mujeres;074-076 XIII.Enfermedades del sistema osteomuscular y del tejido conjuntivo;2019;68
23 Jaén;Mujeres;074-076 XIII.Enfermedades del sistema osteomuscular y del tejido conjuntivo;2018;81
23 Jaén;Mujeres;077-080 XIV.Enfermedades del sistema genitourinario;2022;145
23 Jaén;Mujeres;077-080 XIV.Enfermedades del sistema genitourinario;2021;148
23 Jaén;Mujeres;077-080 XIV.Enfermedades del sistema genitourinario;2020;141
23 Jaén;Mujeres;077-080 XIV.Enfermedades del sistema genitourinario;2019;139
23 Jaén;Mujeres;077-080 XIV.Enfermedades del sistema genitourinario;2018;118
23 Jaén;Mujeres;081 XV.Embarazo, parto y puerperio;2022;0
23 Jaén;Mujeres;081 XV.Embarazo, parto y puerperio;2021;1
23 Jaén;Mujeres;081 XV.Embarazo, parto y puerperio;2020;1
23 Jaén;Mujeres;081 XV.Embarazo, parto y puerperio;2019;0
23 Jaén;Mujeres;081 XV.Embarazo, parto y puerperio;2018;0
23 Jaén;Mujeres;082 XVI.Afecciones originadas en el periodo perinatal;2022;1
23 Jaén;Mujeres;082 XVI.Afecciones originadas en el periodo perinatal;2021;4
23 Jaén;Mujeres;082 XVI.Afecciones originadas en el periodo perinatal;2020;3
23 Jaén;Mujeres;082 XVI.Afecciones originadas en el periodo perinatal;2019;5
23 Jaén;Mujeres;082 XVI.Afecciones originadas en el periodo perinatal;2018;3
23 Jaén;Mujeres;083-085 XVII.Malformaciones congénitas, deformidades y anomalías cromosómicas;2022;1
23 Jaén;Mujeres;083-085 XVII.Malformaciones congénitas, deformidades y anomalías cromosómicas;2021;7
23 Jaén;Mujeres;083-085 XVII.Malformaciones congénitas, deformidades y anomalías cromosómicas;2020;5
23 Jaén;Mujeres;083-085 XVII.Malformaciones congénitas, deformidades y anomalías cromosómicas;2019;3
23 Jaén;Mujeres;083-085 XVII.Malformaciones congénitas, deformidades y anomalías cromosómicas;2018;1
23 Jaén;Mujeres;086-089 XVIII.Síntomas, signos y hallazgos anormales clínicos y de laboratorio, no clasificados en otra parte;2022;265
23 Jaén;Mujeres;086-089 XVIII.Síntomas, signos y hallazgos anormales clínicos y de laboratorio, no clasificados en otra parte;2021;262
23 Jaén;Mujeres;086-089 XVIII.Síntomas, signos y hallazgos anormales clínicos y de laboratorio, no clasificados en otra parte;2020;272
23 Jaén;Mujeres;086-089 XVIII.Síntomas, signos y hallazgos anormales clínicos y de laboratorio, no clasificados en otra parte;2019;268
23 Jaén;Mujeres;086-089 XVIII.Síntomas, signos y hallazgos anormales clínicos y de laboratorio, no clasificados en otra parte;2018;218
23 Jaén;Mujeres;090-102 XX.Causas externas de mortalidad;2022;81
23 Jaén;Mujeres;090-102 XX.Causas externas de mortalidad;2021;87
23 Jaén;Mujeres;090-102 XX.Causas externas de mortalidad;2020;70
23 Jaén;Mujeres;090-102 XX.Causas externas de mortalidad;2019;66
23 Jaén;Mujeres;090-102 XX.Causas externas de mortalidad;2018;97
24 León;Hombres;001-008 I.Enfermedades infecciosas y parasitarias;2022;419
24 León;Hombres;001-008 I.Enfermedades infecciosas y parasitarias;2021;337
24 León;Hombres;001-008 I.Enfermedades infecciosas y parasitarias;2020;810
24 León;Hombres;001-008 I.Enfermedades infecciosas y parasitarias;2019;41
24 León;Hombres;001-008 I.Enfermedades infecciosas y parasitarias;2018;53
24 León;Hombres;009-041 II.Tumores;2022;949
24 León;Hombres;009-041 II.Tumores;2021;938
24 León;Hombres;009-041 II.Tumores;2020;981
24 León;Hombres;009-041 II.Tumores;2019;1.002
24 León;Hombres;009-041 II.Tumores;2018;991
24 León;Hombres;042-043 III.Enfermedades de la sangre y de los órganos hematopoyéticos, y ciertos trastornos que afectan al mecanismo de la inmunidad;2022;23
24 León;Hombres;042-043 III.Enfermedades de la sangre y de los órganos hematopoyéticos, y ciertos trastornos que afectan al mecanismo de la inmunidad;2021;26
24 León;Hombres;042-043 III.Enfermedades de la sangre y de los órganos hematopoyéticos, y ciertos trastornos que afectan al mecanismo de la inmunidad;2020;21
24 León;Hombres;042-043 III.Enfermedades de la sangre y de los órganos hematopoyéticos, y ciertos trastornos que afectan al mecanismo de la inmunidad;2019;15
24 León;Hombres;042-043 III.Enfermedades de la sangre y de los órganos hematopoyéticos, y ciertos trastornos que afectan al mecanismo de la inmunidad;2018;15
24 León;Hombres;044-045 IV.Enfermedades endocrinas, nutricionales y metabólicas;2022;124
24 León;Hombres;044-045 IV.Enfermedades endocrinas, nutricionales y metabólicas;2021;123
24 León;Hombres;044-045 IV.Enfermedades endocrinas, nutricionales y metabólicas;2020;126
24 León;Hombres;044-045 IV.Enfermedades endocrinas, nutricionales y metabólicas;2019;106
24 León;Hombres;044-045 IV.Enfermedades endocrinas, nutricionales y metabólicas;2018;94
24 León;Hombres;046-049 V.Trastornos mentales y del comportamiento;2022;101
24 León;Hombres;046-049 V.Trastornos mentales y del comportamiento;2021;94
24 León;Hombres;046-049 V.Trastornos mentales y del comportamiento;2020;92
24 León;Hombres;046-049 V.Trastornos mentales y del comportamiento;2019;141
24 León;Hombres;046-049 V.Trastornos mentales y del comportamiento;2018;94
24 León;Hombres;050-052 VI-VIII.Enfermedades del sistema nervioso y de los órganos de los sentidos;2022;152
24 León;Hombres;050-052 VI-VIII.Enfermedades del sistema nervioso y de los órganos de los sentidos;2021;138
24 León;Hombres;050-052 VI-VIII.Enfermedades del sistema nervioso y de los órganos de los sentidos;2020;143
24 León;Hombres;050-052 VI-VIII.Enfermedades del sistema nervioso y de los órganos de los sentidos;2019;132
24 León;Hombres;050-052 VI-VIII.Enfermedades del sistema nervioso y de los órganos de los sentidos;2018;117
24 León;Hombres;053-061 IX.Enfermedades del sistema circulatorio;2022;805
24 León;Hombres;053-061 IX.Enfermedades del sistema circulatorio;2021;838
24 León;Hombres;053-061 IX.Enfermedades del sistema circulatorio;2020;811
24 León;Hombres;053-061 IX.Enfermedades del sistema circulatorio;2019;838
24 León;Hombres;053-061 IX.Enfermedades del sistema circulatorio;2018;841
24 León;Hombres;062-067 X.Enfermedades del sistema respiratorio;2022;310
24 León;Hombres;062-067 X.Enfermedades del sistema respiratorio;2021;272
24 León;Hombres;062-067 X.Enfermedades del sistema respiratorio;2020;384
24 León;Hombres;062-067 X.Enfermedades del sistema respiratorio;2019;429
24 León;Hombres;062-067 X.Enfermedades del sistema respiratorio;2018;484
24 León;Hombres;068-072 XI.Enfermedades del sistema digestivo;2022;148
24 León;Hombres;068-072 XI.Enfermedades del sistema digestivo;2021;125
24 León;Hombres;068-072 XI.Enfermedades del sistema digestivo;2020;147
24 León;Hombres;068-072 XI.Enfermedades del sistema digestivo;2019;143
24 León;Hombres;068-072 XI.Enfermedades del sistema digestivo;2018;169
24 León;Hombres;073 XII.Enfermedades de la piel y del tejido subcutáneo;2022;17
24 León;Hombres;073 XII.Enfermedades de la piel y del tejido subcutáneo;2021;14
24 León;Hombres;073 XII.Enfermedades de la piel y del tejido subcutáneo;2020;16
24 León;Hombres;073 XII.Enfermedades de la piel y del tejido subcutáneo;2019;10
24 León;Hombres;073 XII.Enfermedades de la piel y del tejido subcutáneo;2018;17
24 León;Hombres;074-076 XIII.Enfermedades del sistema osteomuscular y del tejido conjuntivo;2022;52
24 León;Hombres;074-076 XIII.Enfermedades del sistema osteomuscular y del tejido conjuntivo;2021;50
24 León;Hombres;074-076 XIII.Enfermedades del sistema osteomuscular y del tejido conjuntivo;2020;60
24 León;Hombres;074-076 XIII.Enfermedades del sistema osteomuscular y del tejido conjuntivo;2019;37
24 León;Hombres;074-076 XIII.Enfermedades del sistema osteomuscular y del tejido conjuntivo;2018;37
24 León;Hombres;077-080 XIV.Enfermedades del sistema genitourinario;2022;84
24 León;Hombres;077-080 XIV.Enfermedades del sistema genitourinario;2021;92
24 León;Hombres;077-080 XIV.Enfermedades del sistema genitourinario;2020;99
24 León;Hombres;077-080 XIV.Enfermedades del sistema genitourinario;2019;105
24 León;Hombres;077-080 XIV.Enfermedades del sistema genitourinario;2018;112
24 León;Hombres;081 XV.Embarazo, parto y puerperio;2022;0
24 León;Hombres;081 XV.Embarazo, parto y puerperio;2021;0
24 León;Hombres;081 XV.Embarazo, parto y puerperio;2020;0
24 León;Hombres;081 XV.Embarazo, parto y puerperio;2019;0
24 León;Hombres;081 XV.Embarazo, parto y puerperio;2018;0
24 León;Hombres;082 XVI.Afecciones originadas en el periodo perinatal;2022;1
24 León;Hombres;082 XVI.Afecciones originadas en el periodo perinatal;2021;1
24 León;Hombres;082 XVI.Afecciones originadas en el periodo perinatal;2020;0
24 León;Hombres;082 XVI.Afecciones originadas en el periodo perinatal;2019;5
24 León;Hombres;082 XVI.Afecciones originadas en el periodo perinatal;2018;2
24 León;Hombres;083-085 XVII.Malformaciones congénitas, deformidades y anomalías cromosómicas;2022;8
24 León;Hombres;083-085 XVII.Malformaciones congénitas, deformidades y anomalías cromosómicas;2021;5
24 León;Hombres;083-085 XVII.Malformaciones congénitas, deformidades y anomalías cromosómicas;2020;4
24 León;Hombres;083-085 XVII.Malformaciones congénitas, deformidades y anomalías cromosómicas;2019;3
24 León;Hombres;083-085 XVII.Malformaciones congénitas, deformidades y anomalías cromosómicas;2018;5
24 León;Hombres;086-089 XVIII.Síntomas, signos y hallazgos anormales clínicos y de laboratorio, no clasificados en otra parte;2022;32
24 León;Hombres;086-089 XVIII.Síntomas, signos y hallazgos anormales clínicos y de laboratorio, no clasificados en otra parte;2021;34
24 León;Hombres;086-089 XVIII.Síntomas, signos y hallazgos anormales clínicos y de laboratorio, no clasificados en otra parte;2020;48
24 León;Hombres;086-089 XVIII.Síntomas, signos y hallazgos anormales clínicos y de laboratorio, no clasificados en otra parte;2019;48
24 León;Hombres;086-089 XVIII.Síntomas, signos y hallazgos anormales clínicos y de laboratorio, no clasificados en otra parte;2018;42
24 León;Hombres;090-102 XX.Causas externas de mortalidad;2022;156
24 León;Hombres;090-102 XX.Causas externas de mortalidad;2021;156
24 León;Hombres;090-102 XX.Causas externas de mortalidad;2020;172
24 León;Hombres;090-102 XX.Causas externas de mortalidad;2019;156
24 León;Hombres;090-102 XX.Causas externas de mortalidad;2018;147
24 León;Mujeres;001-008 I.Enfermedades infecciosas y parasitarias;2022;352
24 León;Mujeres;001-008 I.Enfermedades infecciosas y parasitarias;2021;234
24 León;Mujeres;001-008 I.Enfermedades infecciosas y parasitarias;2020;758
24 León;Mujeres;001-008 I.Enfermedades infecciosas y parasitarias;2019;50
24 León;Mujeres;001-008 I.Enfermedades infecciosas y parasitarias;2018;40
24 León;Mujeres;009-041 II.Tumores;2022;617
24 León;Mujeres;009-041 II.Tumores;2021;632
24 León;Mujeres;009-041 II.Tumores;2020;627
24 León;Mujeres;009-041 II.Tumores;2019;623
24 León;Mujeres;009-041 II.Tumores;2018;647
24 León;Mujeres;042-043 III.Enfermedades de la sangre y de los órganos hematopoyéticos, y ciertos trastornos que afectan al mecanismo de la inmunidad;2022;20
24 León;Mujeres;042-043 III.Enfermedades de la sangre y de los órganos hematopoyéticos, y ciertos trastornos que afectan al mecanismo de la inmunidad;2021;24
24 León;Mujeres;042-043 III.Enfermedades de la sangre y de los órganos hematopoyéticos, y ciertos trastornos que afectan al mecanismo de la inmunidad;2020;26
24 León;Mujeres;042-043 III.Enfermedades de la sangre y de los órganos hematopoyéticos, y ciertos trastornos que afectan al mecanismo de la inmunidad;2019;19
24 León;Mujeres;042-043 III.Enfermedades de la sangre y de los órganos hematopoyéticos, y ciertos trastornos que afectan al mecanismo de la inmunidad;2018;24
24 León;Mujeres;044-045 IV.Enfermedades endocrinas, nutricionales y metabólicas;2022;143
24 León;Mujeres;044-045 IV.Enfermedades endocrinas, nutricionales y metabólicas;2021;155
24 León;Mujeres;044-045 IV.Enfermedades endocrinas, nutricionales y metabólicas;2020;131
24 León;Mujeres;044-045 IV.Enfermedades endocrinas, nutricionales y metabólicas;2019;131
24 León;Mujeres;044-045 IV.Enfermedades endocrinas, nutricionales y metabólicas;2018;128
24 León;Mujeres;046-049 V.Trastornos mentales y del comportamiento;2022;185
24 León;Mujeres;046-049 V.Trastornos mentales y del comportamiento;2021;151
24 León;Mujeres;046-049 V.Trastornos mentales y del comportamiento;2020;180
24 León;Mujeres;046-049 V.Trastornos mentales y del comportamiento;2019;186
24 León;Mujeres;046-049 V.Trastornos mentales y del comportamiento;2018;167
24 León;Mujeres;050-052 VI-VIII.Enfermedades del sistema nervioso y de los órganos de los sentidos;2022;211
24 León;Mujeres;050-052 VI-VIII.Enfermedades del sistema nervioso y de los órganos de los sentidos;2021;198
24 León;Mujeres;050-052 VI-VIII.Enfermedades del sistema nervioso y de los órganos de los sentidos;2020;259
24 León;Mujeres;050-052 VI-VIII.Enfermedades del sistema nervioso y de los órganos de los sentidos;2019;225
24 León;Mujeres;050-052 VI-VIII.Enfermedades del sistema nervioso y de los órganos de los sentidos;2018;208
24 León;Mujeres;053-061 IX.Enfermedades del sistema circulatorio;2022;930
24 León;Mujeres;053-061 IX.Enfermedades del sistema circulatorio;2021;952
24 León;Mujeres;053-061 IX.Enfermedades del sistema circulatorio;2020;1.031
24 León;Mujeres;053-061 IX.Enfermedades del sistema circulatorio;2019;931
24 León;Mujeres;053-061 IX.Enfermedades del sistema circulatorio;2018;948
24 León;Mujeres;062-067 X.Enfermedades del sistema respiratorio;2022;258
24 León;Mujeres;062-067 X.Enfermedades del sistema respiratorio;2021;160
24 León;Mujeres;062-067 X.Enfermedades del sistema respiratorio;2020;241
24 León;Mujeres;062-067 X.Enfermedades del sistema respiratorio;2019;346
24 León;Mujeres;062-067 X.Enfermedades del sistema respiratorio;2018;402
24 León;Mujeres;068-072 XI.Enfermedades del sistema digestivo;2022;174
24 León;Mujeres;068-072 XI.Enfermedades del sistema digestivo;2021;166
24 León;Mujeres;068-072 XI.Enfermedades del sistema digestivo;2020;152
24 León;Mujeres;068-072 XI.Enfermedades del sistema digestivo;2019;150
24 León;Mujeres;068-072 XI.Enfermedades del sistema digestivo;2018;165
24 León;Mujeres;073 XII.Enfermedades de la piel y del tejido subcutáneo;2022;28
24 León;Mujeres;073 XII.Enfermedades de la piel y del tejido subcutáneo;2021;28
24 León;Mujeres;073 XII.Enfermedades de la piel y del tejido subcutáneo;2020;30
24 León;Mujeres;073 XII.Enfermedades de la piel y del tejido subcutáneo;2019;31
24 León;Mujeres;073 XII.Enfermedades de la piel y del tejido subcutáneo;2018;28
24 León;Mujeres;074-076 XIII.Enfermedades del sistema osteomuscular y del tejido conjuntivo;2022;94
24 León;Mujeres;074-076 XIII.Enfermedades del sistema osteomuscular y del tejido conjuntivo;2021;82
24 León;Mujeres;074-076 XIII.Enfermedades del sistema osteomuscular y del tejido conjuntivo;2020;88
24 León;Mujeres;074-076 XIII.Enfermedades del sistema osteomuscular y del tejido conjuntivo;2019;58
24 León;Mujeres;074-076 XIII.Enfermedades del sistema osteomuscular y del tejido conjuntivo;2018;72
24 León;Mujeres;077-080 XIV.Enfermedades del sistema genitourinario;2022;148
24 León;Mujeres;077-080 XIV.Enfermedades del sistema genitourinario;2021;122
24 León;Mujeres;077-080 XIV.Enfermedades del sistema genitourinario;2020;141
24 León;Mujeres;077-080 XIV.Enfermedades del sistema genitourinario;2019;125
24 León;Mujeres;077-080 XIV.Enfermedades del sistema genitourinario;2018;136
24 León;Mujeres;081 XV.Embarazo, parto y puerperio;2022;0
24 León;Mujeres;081 XV.Embarazo, parto y puerperio;2021;0
24 León;Mujeres;081 XV.Embarazo, parto y puerperio;2020;0
24 León;Mujeres;081 XV.Embarazo, parto y puerperio;2019;0
24 León;Mujeres;081 XV.Embarazo, parto y puerperio;2018;0
24 León;Mujeres;082 XVI.Afecciones originadas en el periodo perinatal;2022;2
24 León;Mujeres;082 XVI.Afecciones originadas en el periodo perinatal;2021;3
24 León;Mujeres;082 XVI.Afecciones originadas en el periodo perinatal;2020;1
24 León;Mujeres;082 XVI.Afecciones originadas en el periodo perinatal;2019;1
24 León;Mujeres;082 XVI.Afecciones originadas en el periodo perinatal;2018;1
24 León;Mujeres;083-085 XVII.Malformaciones congénitas, deformidades y anomalías cromosómicas;2022;12
24 León;Mujeres;083-085 XVII.Malformaciones congénitas, deformidades y anomalías cromosómicas;2021;5
24 León;Mujeres;083-085 XVII.Malformaciones congénitas, deformidades y anomalías cromosómicas;2020;4
24 León;Mujeres;083-085 XVII.Malformaciones congénitas, deformidades y anomalías cromosómicas;2019;1
24 León;Mujeres;083-085 XVII.Malformaciones congénitas, deformidades y anomalías cromosómicas;2018;5
24 León;Mujeres;086-089 XVIII.Síntomas, signos y hallazgos anormales clínicos y de laboratorio, no clasificados en otra parte;2022;58
24 León;Mujeres;086-089 XVIII.Síntomas, signos y hallazgos anormales clínicos y de laboratorio, no clasificados en otra parte;2021;50
24 León;Mujeres;086-089 XVIII.Síntomas, signos y hallazgos anormales clínicos y de laboratorio, no clasificados en otra parte;2020;59
24 León;Mujeres;086-089 XVIII.Síntomas, signos y hallazgos anormales clínicos y de laboratorio, no clasificados en otra parte;2019;88
24 León;Mujeres;086-089 XVIII.Síntomas, signos y hallazgos anormales clínicos y de laboratorio, no clasificados en otra parte;2018;75
24 León;Mujeres;090-102 XX.Causas externas de mortalidad;2022;113
24 León;Mujeres;090-102 XX.Causas externas de mortalidad;2021;116
24 León;Mujeres;090-102 XX.Causas externas de mortalidad;2020;122
24 León;Mujeres;090-102 XX.Causas externas de mortalidad;2019;113
24 León;Mujeres;090-102 XX.Causas externas de mortalidad;2018;100
25 Lleida;Hombres;001-008 I.Enfermedades infecciosas y parasitarias;2022;279
25 Lleida;Hombres;001-008 I.Enfermedades infecciosas y parasitarias;2021;325
25 Lleida;Hombres;001-008 I.Enfermedades infecciosas y parasitarias;2020;418
25 Lleida;Hombres;001-008 I.Enfermedades infecciosas y parasitarias;2019;39
25 Lleida;Hombres;001-008 I.Enfermedades infecciosas y parasitarias;2018;32
25 Lleida;Hombres;009-041 II.Tumores;2022;607
25 Lleida;Hombres;009-041 II.Tumores;2021;626
25 Lleida;Hombres;009-041 II.Tumores;2020;612
25 Lleida;Hombres;009-041 II.Tumores;2019;641
25 Lleida;Hombres;009-041 II.Tumores;2018;678
25 Lleida;Hombres;042-043 III.Enfermedades de la sangre y de los órganos hematopoyéticos, y ciertos trastornos que afectan al mecanismo de la inmunidad;2022;12
25 Lleida;Hombres;042-043 III.Enfermedades de la sangre y de los órganos hematopoyéticos, y ciertos trastornos que afectan al mecanismo de la inmunidad;2021;13
25 Lleida;Hombres;042-043 III.Enfermedades de la sangre y de los órganos hematopoyéticos, y ciertos trastornos que afectan al mecanismo de la inmunidad;2020;11
25 Lleida;Hombres;042-043 III.Enfermedades de la sangre y de los órganos hematopoyéticos, y ciertos trastornos que afectan al mecanismo de la inmunidad;2019;8
25 Lleida;Hombres;042-043 III.Enfermedades de la sangre y de los órganos hematopoyéticos, y ciertos trastornos que afectan al mecanismo de la inmunidad;2018;11
25 Lleida;Hombres;044-045 IV.Enfermedades endocrinas, nutricionales y metabólicas;2022;70
25 Lleida;Hombres;044-045 IV.Enfermedades endocrinas, nutricionales y metabólicas;2021;71
25 Lleida;Hombres;044-045 IV.Enfermedades endocrinas, nutricionales y metabólicas;2020;80
25 Lleida;Hombres;044-045 IV.Enfermedades endocrinas, nutricionales y metabólicas;2019;61
25 Lleida;Hombres;044-045 IV.Enfermedades endocrinas, nutricionales y metabólicas;2018;78
25 Lleida;Hombres;046-049 V.Trastornos mentales y del comportamiento;2022;68
25 Lleida;Hombres;046-049 V.Trastornos mentales y del comportamiento;2021;56
25 Lleida;Hombres;046-049 V.Trastornos mentales y del comportamiento;2020;82
25 Lleida;Hombres;046-049 V.Trastornos mentales y del comportamiento;2019;56
25 Lleida;Hombres;046-049 V.Trastornos mentales y del comportamiento;2018;90
25 Lleida;Hombres;050-052 VI-VIII.Enfermedades del sistema nervioso y de los órganos de los sentidos;2022;91
25 Lleida;Hombres;050-052 VI-VIII.Enfermedades del sistema nervioso y de los órganos de los sentidos;2021;86
25 Lleida;Hombres;050-052 VI-VIII.Enfermedades del sistema nervioso y de los órganos de los sentidos;2020;118
25 Lleida;Hombres;050-052 VI-VIII.Enfermedades del sistema nervioso y de los órganos de los sentidos;2019;103
25 Lleida;Hombres;050-052 VI-VIII.Enfermedades del sistema nervioso y de los órganos de los sentidos;2018;108
25 Lleida;Hombres;053-061 IX.Enfermedades del sistema circulatorio;2022;490
25 Lleida;Hombres;053-061 IX.Enfermedades del sistema circulatorio;2021;508
25 Lleida;Hombres;053-061 IX.Enfermedades del sistema circulatorio;2020;475
25 Lleida;Hombres;053-061 IX.Enfermedades del sistema circulatorio;2019;536
25 Lleida;Hombres;053-061 IX.Enfermedades del sistema circulatorio;2018;531
25 Lleida;Hombres;062-067 X.Enfermedades del sistema respiratorio;2022;255
25 Lleida;Hombres;062-067 X.Enfermedades del sistema respiratorio;2021;217
25 Lleida;Hombres;062-067 X.Enfermedades del sistema respiratorio;2020;245
25 Lleida;Hombres;062-067 X.Enfermedades del sistema respiratorio;2019;269
25 Lleida;Hombres;062-067 X.Enfermedades del sistema respiratorio;2018;308
25 Lleida;Hombres;068-072 XI.Enfermedades del sistema digestivo;2022;101
25 Lleida;Hombres;068-072 XI.Enfermedades del sistema digestivo;2021;99
25 Lleida;Hombres;068-072 XI.Enfermedades del sistema digestivo;2020;116
25 Lleida;Hombres;068-072 XI.Enfermedades del sistema digestivo;2019;104
25 Lleida;Hombres;068-072 XI.Enfermedades del sistema digestivo;2018;107
25 Lleida;Hombres;073 XII.Enfermedades de la piel y del tejido subcutáneo;2022;3
25 Lleida;Hombres;073 XII.Enfermedades de la piel y del tejido subcutáneo;2021;4
25 Lleida;Hombres;073 XII.Enfermedades de la piel y del tejido subcutáneo;2020;3
25 Lleida;Hombres;073 XII.Enfermedades de la piel y del tejido subcutáneo;2019;3
25 Lleida;Hombres;073 XII.Enfermedades de la piel y del tejido subcutáneo;2018;9
25 Lleida;Hombres;074-076 XIII.Enfermedades del sistema osteomuscular y del tejido conjuntivo;2022;17
25 Lleida;Hombres;074-076 XIII.Enfermedades del sistema osteomuscular y del tejido conjuntivo;2021;20
25 Lleida;Hombres;074-076 XIII.Enfermedades del sistema osteomuscular y del tejido conjuntivo;2020;26
25 Lleida;Hombres;074-076 XIII.Enfermedades del sistema osteomuscular y del tejido conjuntivo;2019;20
25 Lleida;Hombres;074-076 XIII.Enfermedades del sistema osteomuscular y del tejido conjuntivo;2018;20
25 Lleida;Hombres;077-080 XIV.Enfermedades del sistema genitourinario;2022;75
25 Lleida;Hombres;077-080 XIV.Enfermedades del sistema genitourinario;2021;68
25 Lleida;Hombres;077-080 XIV.Enfermedades del sistema genitourinario;2020;71
25 Lleida;Hombres;077-080 XIV.Enfermedades del sistema genitourinario;2019;84
25 Lleida;Hombres;077-080 XIV.Enfermedades del sistema genitourinario;2018;64
25 Lleida;Hombres;081 XV.Embarazo, parto y puerperio;2022;0
25 Lleida;Hombres;081 XV.Embarazo, parto y puerperio;2021;0
25 Lleida;Hombres;081 XV.Embarazo, parto y puerperio;2020;0
25 Lleida;Hombres;081 XV.Embarazo, parto y puerperio;2019;0
25 Lleida;Hombres;081 XV.Embarazo, parto y puerperio;2018;0
25 Lleida;Hombres;082 XVI.Afecciones originadas en el periodo perinatal;2022;0
25 Lleida;Hombres;082 XVI.Afecciones originadas en el periodo perinatal;2021;2
25 Lleida;Hombres;082 XVI.Afecciones originadas en el periodo perinatal;2020;3
25 Lleida;Hombres;082 XVI.Afecciones originadas en el periodo perinatal;2019;1
25 Lleida;Hombres;082 XVI.Afecciones originadas en el periodo perinatal;2018;0
25 Lleida;Hombres;083-085 XVII.Malformaciones congénitas, deformidades y anomalías cromosómicas;2022;1
25 Lleida;Hombres;083-085 XVII.Malformaciones congénitas, deformidades y anomalías cromosómicas;2021;6
25 Lleida;Hombres;083-085 XVII.Malformaciones congénitas, deformidades y anomalías cromosómicas;2020;5
25 Lleida;Hombres;083-085 XVII.Malformaciones congénitas, deformidades y anomalías cromosómicas;2019;6
25 Lleida;Hombres;083-085 XVII.Malformaciones congénitas, deformidades y anomalías cromosómicas;2018;5
25 Lleida;Hombres;086-089 XVIII.Síntomas, signos y hallazgos anormales clínicos y de laboratorio, no clasificados en otra parte;2022;58
25 Lleida;Hombres;086-089 XVIII.Síntomas, signos y hallazgos anormales clínicos y de laboratorio, no clasificados en otra parte;2021;74
25 Lleida;Hombres;086-089 XVIII.Síntomas, signos y hallazgos anormales clínicos y de laboratorio, no clasificados en otra parte;2020;52
25 Lleida;Hombres;086-089 XVIII.Síntomas, signos y hallazgos anormales clínicos y de laboratorio, no clasificados en otra parte;2019;47
25 Lleida;Hombres;086-089 XVIII.Síntomas, signos y hallazgos anormales clínicos y de laboratorio, no clasificados en otra parte;2018;62
25 Lleida;Hombres;090-102 XX.Causas externas de mortalidad;2022;143
25 Lleida;Hombres;090-102 XX.Causas externas de mortalidad;2021;127
25 Lleida;Hombres;090-102 XX.Causas externas de mortalidad;2020;131
25 Lleida;Hombres;090-102 XX.Causas externas de mortalidad;2019;127
25 Lleida;Hombres;090-102 XX.Causas externas de mortalidad;2018;137
25 Lleida;Mujeres;001-008 I.Enfermedades infecciosas y parasitarias;2022;243
25 Lleida;Mujeres;001-008 I.Enfermedades infecciosas y parasitarias;2021;218
25 Lleida;Mujeres;001-008 I.Enfermedades infecciosas y parasitarias;2020;458
25 Lleida;Mujeres;001-008 I.Enfermedades infecciosas y parasitarias;2019;34
25 Lleida;Mujeres;001-008 I.Enfermedades infecciosas y parasitarias;2018;31
25 Lleida;Mujeres;009-041 II.Tumores;2022;418
25 Lleida;Mujeres;009-041 II.Tumores;2021;418
25 Lleida;Mujeres;009-041 II.Tumores;2020;400
25 Lleida;Mujeres;009-041 II.Tumores;2019;395
25 Lleida;Mujeres;009-041 II.Tumores;2018;409
25 Lleida;Mujeres;042-043 III.Enfermedades de la sangre y de los órganos hematopoyéticos, y ciertos trastornos que afectan al mecanismo de la inmunidad;2022;13
25 Lleida;Mujeres;042-043 III.Enfermedades de la sangre y de los órganos hematopoyéticos, y ciertos trastornos que afectan al mecanismo de la inmunidad;2021;14
25 Lleida;Mujeres;042-043 III.Enfermedades de la sangre y de los órganos hematopoyéticos, y ciertos trastornos que afectan al mecanismo de la inmunidad;2020;9
25 Lleida;Mujeres;042-043 III.Enfermedades de la sangre y de los órganos hematopoyéticos, y ciertos trastornos que afectan al mecanismo de la inmunidad;2019;14
25 Lleida;Mujeres;042-043 III.Enfermedades de la sangre y de los órganos hematopoyéticos, y ciertos trastornos que afectan al mecanismo de la inmunidad;2018;8
25 Lleida;Mujeres;044-045 IV.Enfermedades endocrinas, nutricionales y metabólicas;2022;87
25 Lleida;Mujeres;044-045 IV.Enfermedades endocrinas, nutricionales y metabólicas;2021;77
25 Lleida;Mujeres;044-045 IV.Enfermedades endocrinas, nutricionales y metabólicas;2020;88
25 Lleida;Mujeres;044-045 IV.Enfermedades endocrinas, nutricionales y metabólicas;2019;78
25 Lleida;Mujeres;044-045 IV.Enfermedades endocrinas, nutricionales y metabólicas;2018;87
25 Lleida;Mujeres;046-049 V.Trastornos mentales y del comportamiento;2022;112
25 Lleida;Mujeres;046-049 V.Trastornos mentales y del comportamiento;2021;109
25 Lleida;Mujeres;046-049 V.Trastornos mentales y del comportamiento;2020;119
25 Lleida;Mujeres;046-049 V.Trastornos mentales y del comportamiento;2019;146
25 Lleida;Mujeres;046-049 V.Trastornos mentales y del comportamiento;2018;134
25 Lleida;Mujeres;050-052 VI-VIII.Enfermedades del sistema nervioso y de los órganos de los sentidos;2022;152
25 Lleida;Mujeres;050-052 VI-VIII.Enfermedades del sistema nervioso y de los órganos de los sentidos;2021;154
25 Lleida;Mujeres;050-052 VI-VIII.Enfermedades del sistema nervioso y de los órganos de los sentidos;2020;170
25 Lleida;Mujeres;050-052 VI-VIII.Enfermedades del sistema nervioso y de los órganos de los sentidos;2019;187
25 Lleida;Mujeres;050-052 VI-VIII.Enfermedades del sistema nervioso y de los órganos de los sentidos;2018;150
25 Lleida;Mujeres;053-061 IX.Enfermedades del sistema circulatorio;2022;592
25 Lleida;Mujeres;053-061 IX.Enfermedades del sistema circulatorio;2021;588
25 Lleida;Mujeres;053-061 IX.Enfermedades del sistema circulatorio;2020;561
25 Lleida;Mujeres;053-061 IX.Enfermedades del sistema circulatorio;2019;592
25 Lleida;Mujeres;053-061 IX.Enfermedades del sistema circulatorio;2018;596
25 Lleida;Mujeres;062-067 X.Enfermedades del sistema respiratorio;2022;202
25 Lleida;Mujeres;062-067 X.Enfermedades del sistema respiratorio;2021;156
25 Lleida;Mujeres;062-067 X.Enfermedades del sistema respiratorio;2020;174
25 Lleida;Mujeres;062-067 X.Enfermedades del sistema respiratorio;2019;236
25 Lleida;Mujeres;062-067 X.Enfermedades del sistema respiratorio;2018;305
25 Lleida;Mujeres;068-072 XI.Enfermedades del sistema digestivo;2022;83
25 Lleida;Mujeres;068-072 XI.Enfermedades del sistema digestivo;2021;97
25 Lleida;Mujeres;068-072 XI.Enfermedades del sistema digestivo;2020;85
25 Lleida;Mujeres;068-072 XI.Enfermedades del sistema digestivo;2019;113
25 Lleida;Mujeres;068-072 XI.Enfermedades del sistema digestivo;2018;101
25 Lleida;Mujeres;073 XII.Enfermedades de la piel y del tejido subcutáneo;2022;10
25 Lleida;Mujeres;073 XII.Enfermedades de la piel y del tejido subcutáneo;2021;15
25 Lleida;Mujeres;073 XII.Enfermedades de la piel y del tejido subcutáneo;2020;11
25 Lleida;Mujeres;073 XII.Enfermedades de la piel y del tejido subcutáneo;2019;9
25 Lleida;Mujeres;073 XII.Enfermedades de la piel y del tejido subcutáneo;2018;8
25 Lleida;Mujeres;074-076 XIII.Enfermedades del sistema osteomuscular y del tejido conjuntivo;2022;40
25 Lleida;Mujeres;074-076 XIII.Enfermedades del sistema osteomuscular y del tejido conjuntivo;2021;41
25 Lleida;Mujeres;074-076 XIII.Enfermedades del sistema osteomuscular y del tejido conjuntivo;2020;33
25 Lleida;Mujeres;074-076 XIII.Enfermedades del sistema osteomuscular y del tejido conjuntivo;2019;34
25 Lleida;Mujeres;074-076 XIII.Enfermedades del sistema osteomuscular y del tejido conjuntivo;2018;44
25 Lleida;Mujeres;077-080 XIV.Enfermedades del sistema genitourinario;2022;104
25 Lleida;Mujeres;077-080 XIV.Enfermedades del sistema genitourinario;2021;113
25 Lleida;Mujeres;077-080 XIV.Enfermedades del sistema genitourinario;2020;97
25 Lleida;Mujeres;077-080 XIV.Enfermedades del sistema genitourinario;2019;81
25 Lleida;Mujeres;077-080 XIV.Enfermedades del sistema genitourinario;2018;79
25 Lleida;Mujeres;081 XV.Embarazo, parto y puerperio;2022;0
25 Lleida;Mujeres;081 XV.Embarazo, parto y puerperio;2021;0
25 Lleida;Mujeres;081 XV.Embarazo, parto y puerperio;2020;0
25 Lleida;Mujeres;081 XV.Embarazo, parto y puerperio;2019;0
25 Lleida;Mujeres;081 XV.Embarazo, parto y puerperio;2018;0
25 Lleida;Mujeres;082 XVI.Afecciones originadas en el periodo perinatal;2022;0
25 Lleida;Mujeres;082 XVI.Afecciones originadas en el periodo perinatal;2021;0
25 Lleida;Mujeres;082 XVI.Afecciones originadas en el periodo perinatal;2020;0
25 Lleida;Mujeres;082 XVI.Afecciones originadas en el periodo perinatal;2019;3
25 Lleida;Mujeres;082 XVI.Afecciones originadas en el periodo perinatal;2018;0
25 Lleida;Mujeres;083-085 XVII.Malformaciones congénitas, deformidades y anomalías cromosómicas;2022;1
25 Lleida;Mujeres;083-085 XVII.Malformaciones congénitas, deformidades y anomalías cromosómicas;2021;4
25 Lleida;Mujeres;083-085 XVII.Malformaciones congénitas, deformidades y anomalías cromosómicas;2020;2
25 Lleida;Mujeres;083-085 XVII.Malformaciones congénitas, deformidades y anomalías cromosómicas;2019;3
25 Lleida;Mujeres;083-085 XVII.Malformaciones congénitas, deformidades y anomalías cromosómicas;2018;7
25 Lleida;Mujeres;086-089 XVIII.Síntomas, signos y hallazgos anormales clínicos y de laboratorio, no clasificados en otra parte;2022;88
25 Lleida;Mujeres;086-089 XVIII.Síntomas, signos y hallazgos anormales clínicos y de laboratorio, no clasificados en otra parte;2021;72
25 Lleida;Mujeres;086-089 XVIII.Síntomas, signos y hallazgos anormales clínicos y de laboratorio, no clasificados en otra parte;2020;52
25 Lleida;Mujeres;086-089 XVIII.Síntomas, signos y hallazgos anormales clínicos y de laboratorio, no clasificados en otra parte;2019;59
25 Lleida;Mujeres;086-089 XVIII.Síntomas, signos y hallazgos anormales clínicos y de laboratorio, no clasificados en otra parte;2018;54
25 Lleida;Mujeres;090-102 XX.Causas externas de mortalidad;2022;63
25 Lleida;Mujeres;090-102 XX.Causas externas de mortalidad;2021;73
25 Lleida;Mujeres;090-102 XX.Causas externas de mortalidad;2020;51
25 Lleida;Mujeres;090-102 XX.Causas externas de mortalidad;2019;59
25 Lleida;Mujeres;090-102 XX.Causas externas de mortalidad;2018;65
27 Lugo;Hombres;001-008 I.Enfermedades infecciosas y parasitarias;2022;166
27 Lugo;Hombres;001-008 I.Enfermedades infecciosas y parasitarias;2021;110
27 Lugo;Hombres;001-008 I.Enfermedades infecciosas y parasitarias;2020;107
27 Lugo;Hombres;001-008 I.Enfermedades infecciosas y parasitarias;2019;37
27 Lugo;Hombres;001-008 I.Enfermedades infecciosas y parasitarias;2018;18
27 Lugo;Hombres;009-041 II.Tumores;2022;719
27 Lugo;Hombres;009-041 II.Tumores;2021;676
27 Lugo;Hombres;009-041 II.Tumores;2020;690
27 Lugo;Hombres;009-041 II.Tumores;2019;654
27 Lugo;Hombres;009-041 II.Tumores;2018;695
27 Lugo;Hombres;042-043 III.Enfermedades de la sangre y de los órganos hematopoyéticos, y ciertos trastornos que afectan al mecanismo de la inmunidad;2022;10
27 Lugo;Hombres;042-043 III.Enfermedades de la sangre y de los órganos hematopoyéticos, y ciertos trastornos que afectan al mecanismo de la inmunidad;2021;13
27 Lugo;Hombres;042-043 III.Enfermedades de la sangre y de los órganos hematopoyéticos, y ciertos trastornos que afectan al mecanismo de la inmunidad;2020;14
27 Lugo;Hombres;042-043 III.Enfermedades de la sangre y de los órganos hematopoyéticos, y ciertos trastornos que afectan al mecanismo de la inmunidad;2019;10
27 Lugo;Hombres;042-043 III.Enfermedades de la sangre y de los órganos hematopoyéticos, y ciertos trastornos que afectan al mecanismo de la inmunidad;2018;6
27 Lugo;Hombres;044-045 IV.Enfermedades endocrinas, nutricionales y metabólicas;2022;80
27 Lugo;Hombres;044-045 IV.Enfermedades endocrinas, nutricionales y metabólicas;2021;74
27 Lugo;Hombres;044-045 IV.Enfermedades endocrinas, nutricionales y metabólicas;2020;57
27 Lugo;Hombres;044-045 IV.Enfermedades endocrinas, nutricionales y metabólicas;2019;57
27 Lugo;Hombres;044-045 IV.Enfermedades endocrinas, nutricionales y metabólicas;2018;54
27 Lugo;Hombres;046-049 V.Trastornos mentales y del comportamiento;2022;160
27 Lugo;Hombres;046-049 V.Trastornos mentales y del comportamiento;2021;156
27 Lugo;Hombres;046-049 V.Trastornos mentales y del comportamiento;2020;137
27 Lugo;Hombres;046-049 V.Trastornos mentales y del comportamiento;2019;138
27 Lugo;Hombres;046-049 V.Trastornos mentales y del comportamiento;2018;167
27 Lugo;Hombres;050-052 VI-VIII.Enfermedades del sistema nervioso y de los órganos de los sentidos;2022;100
27 Lugo;Hombres;050-052 VI-VIII.Enfermedades del sistema nervioso y de los órganos de los sentidos;2021;99
27 Lugo;Hombres;050-052 VI-VIII.Enfermedades del sistema nervioso y de los órganos de los sentidos;2020;111
27 Lugo;Hombres;050-052 VI-VIII.Enfermedades del sistema nervioso y de los órganos de los sentidos;2019;110
27 Lugo;Hombres;050-052 VI-VIII.Enfermedades del sistema nervioso y de los órganos de los sentidos;2018;115
27 Lugo;Hombres;053-061 IX.Enfermedades del sistema circulatorio;2022;700
27 Lugo;Hombres;053-061 IX.Enfermedades del sistema circulatorio;2021;719
27 Lugo;Hombres;053-061 IX.Enfermedades del sistema circulatorio;2020;749
27 Lugo;Hombres;053-061 IX.Enfermedades del sistema circulatorio;2019;710
27 Lugo;Hombres;053-061 IX.Enfermedades del sistema circulatorio;2018;737
27 Lugo;Hombres;062-067 X.Enfermedades del sistema respiratorio;2022;306
27 Lugo;Hombres;062-067 X.Enfermedades del sistema respiratorio;2021;244
27 Lugo;Hombres;062-067 X.Enfermedades del sistema respiratorio;2020;250
27 Lugo;Hombres;062-067 X.Enfermedades del sistema respiratorio;2019;287
27 Lugo;Hombres;062-067 X.Enfermedades del sistema respiratorio;2018;329
27 Lugo;Hombres;068-072 XI.Enfermedades del sistema digestivo;2022;115
27 Lugo;Hombres;068-072 XI.Enfermedades del sistema digestivo;2021;131
27 Lugo;Hombres;068-072 XI.Enfermedades del sistema digestivo;2020;125
27 Lugo;Hombres;068-072 XI.Enfermedades del sistema digestivo;2019;120
27 Lugo;Hombres;068-072 XI.Enfermedades del sistema digestivo;2018;130
27 Lugo;Hombres;073 XII.Enfermedades de la piel y del tejido subcutáneo;2022;10
27 Lugo;Hombres;073 XII.Enfermedades de la piel y del tejido subcutáneo;2021;8
27 Lugo;Hombres;073 XII.Enfermedades de la piel y del tejido subcutáneo;2020;8
27 Lugo;Hombres;073 XII.Enfermedades de la piel y del tejido subcutáneo;2019;7
27 Lugo;Hombres;073 XII.Enfermedades de la piel y del tejido subcutáneo;2018;8
27 Lugo;Hombres;074-076 XIII.Enfermedades del sistema osteomuscular y del tejido conjuntivo;2022;21
27 Lugo;Hombres;074-076 XIII.Enfermedades del sistema osteomuscular y del tejido conjuntivo;2021;17
27 Lugo;Hombres;074-076 XIII.Enfermedades del sistema osteomuscular y del tejido conjuntivo;2020;14
27 Lugo;Hombres;074-076 XIII.Enfermedades del sistema osteomuscular y del tejido conjuntivo;2019;12
27 Lugo;Hombres;074-076 XIII.Enfermedades del sistema osteomuscular y del tejido conjuntivo;2018;11
27 Lugo;Hombres;077-080 XIV.Enfermedades del sistema genitourinario;2022;85
27 Lugo;Hombres;077-080 XIV.Enfermedades del sistema genitourinario;2021;71
27 Lugo;Hombres;077-080 XIV.Enfermedades del sistema genitourinario;2020;67
27 Lugo;Hombres;077-080 XIV.Enfermedades del sistema genitourinario;2019;63
27 Lugo;Hombres;077-080 XIV.Enfermedades del sistema genitourinario;2018;79
27 Lugo;Hombres;081 XV.Embarazo, parto y puerperio;2022;0
27 Lugo;Hombres;081 XV.Embarazo, parto y puerperio;2021;0
27 Lugo;Hombres;081 XV.Embarazo, parto y puerperio;2020;0
27 Lugo;Hombres;081 XV.Embarazo, parto y puerperio;2019;0
27 Lugo;Hombres;081 XV.Embarazo, parto y puerperio;2018;0
27 Lugo;Hombres;082 XVI.Afecciones originadas en el periodo perinatal;2022;1
27 Lugo;Hombres;082 XVI.Afecciones originadas en el periodo perinatal;2021;2
27 Lugo;Hombres;082 XVI.Afecciones originadas en el periodo perinatal;2020;1
27 Lugo;Hombres;082 XVI.Afecciones originadas en el periodo perinatal;2019;0
27 Lugo;Hombres;082 XVI.Afecciones originadas en el periodo perinatal;2018;3
27 Lugo;Hombres;083-085 XVII.Malformaciones congénitas, deformidades y anomalías cromosómicas;2022;4
27 Lugo;Hombres;083-085 XVII.Malformaciones congénitas, deformidades y anomalías cromosómicas;2021;5
27 Lugo;Hombres;083-085 XVII.Malformaciones congénitas, deformidades y anomalías cromosómicas;2020;1
27 Lugo;Hombres;083-085 XVII.Malformaciones congénitas, deformidades y anomalías cromosómicas;2019;6
27 Lugo;Hombres;083-085 XVII.Malformaciones congénitas, deformidades y anomalías cromosómicas;2018;4
27 Lugo;Hombres;086-089 XVIII.Síntomas, signos y hallazgos anormales clínicos y de laboratorio, no clasificados en otra parte;2022;28
27 Lugo;Hombres;086-089 XVIII.Síntomas, signos y hallazgos anormales clínicos y de laboratorio, no clasificados en otra parte;2021;26
27 Lugo;Hombres;086-089 XVIII.Síntomas, signos y hallazgos anormales clínicos y de laboratorio, no clasificados en otra parte;2020;31
27 Lugo;Hombres;086-089 XVIII.Síntomas, signos y hallazgos anormales clínicos y de laboratorio, no clasificados en otra parte;2019;46
27 Lugo;Hombres;086-089 XVIII.Síntomas, signos y hallazgos anormales clínicos y de laboratorio, no clasificados en otra parte;2018;55
27 Lugo;Hombres;090-102 XX.Causas externas de mortalidad;2022;141
27 Lugo;Hombres;090-102 XX.Causas externas de mortalidad;2021;125
27 Lugo;Hombres;090-102 XX.Causas externas de mortalidad;2020;113
27 Lugo;Hombres;090-102 XX.Causas externas de mortalidad;2019;138
27 Lugo;Hombres;090-102 XX.Causas externas de mortalidad;2018;120
27 Lugo;Mujeres;001-008 I.Enfermedades infecciosas y parasitarias;2022;167
27 Lugo;Mujeres;001-008 I.Enfermedades infecciosas y parasitarias;2021;86
27 Lugo;Mujeres;001-008 I.Enfermedades infecciosas y parasitarias;2020;122
27 Lugo;Mujeres;001-008 I.Enfermedades infecciosas y parasitarias;2019;18
27 Lugo;Mujeres;001-008 I.Enfermedades infecciosas y parasitarias;2018;30
27 Lugo;Mujeres;009-041 II.Tumores;2022;485
27 Lugo;Mujeres;009-041 II.Tumores;2021;475
27 Lugo;Mujeres;009-041 II.Tumores;2020;457
27 Lugo;Mujeres;009-041 II.Tumores;2019;461
27 Lugo;Mujeres;009-041 II.Tumores;2018;464
27 Lugo;Mujeres;042-043 III.Enfermedades de la sangre y de los órganos hematopoyéticos, y ciertos trastornos que afectan al mecanismo de la inmunidad;2022;14
27 Lugo;Mujeres;042-043 III.Enfermedades de la sangre y de los órganos hematopoyéticos, y ciertos trastornos que afectan al mecanismo de la inmunidad;2021;10
27 Lugo;Mujeres;042-043 III.Enfermedades de la sangre y de los órganos hematopoyéticos, y ciertos trastornos que afectan al mecanismo de la inmunidad;2020;13
27 Lugo;Mujeres;042-043 III.Enfermedades de la sangre y de los órganos hematopoyéticos, y ciertos trastornos que afectan al mecanismo de la inmunidad;2019;17
27 Lugo;Mujeres;042-043 III.Enfermedades de la sangre y de los órganos hematopoyéticos, y ciertos trastornos que afectan al mecanismo de la inmunidad;2018;12
27 Lugo;Mujeres;044-045 IV.Enfermedades endocrinas, nutricionales y metabólicas;2022;107
27 Lugo;Mujeres;044-045 IV.Enfermedades endocrinas, nutricionales y metabólicas;2021;92
27 Lugo;Mujeres;044-045 IV.Enfermedades endocrinas, nutricionales y metabólicas;2020;72
27 Lugo;Mujeres;044-045 IV.Enfermedades endocrinas, nutricionales y metabólicas;2019;54
27 Lugo;Mujeres;044-045 IV.Enfermedades endocrinas, nutricionales y metabólicas;2018;73
27 Lugo;Mujeres;046-049 V.Trastornos mentales y del comportamiento;2022;304
27 Lugo;Mujeres;046-049 V.Trastornos mentales y del comportamiento;2021;256
27 Lugo;Mujeres;046-049 V.Trastornos mentales y del comportamiento;2020;283
27 Lugo;Mujeres;046-049 V.Trastornos mentales y del comportamiento;2019;304
27 Lugo;Mujeres;046-049 V.Trastornos mentales y del comportamiento;2018;327
27 Lugo;Mujeres;050-052 VI-VIII.Enfermedades del sistema nervioso y de los órganos de los sentidos;2022;136
27 Lugo;Mujeres;050-052 VI-VIII.Enfermedades del sistema nervioso y de los órganos de los sentidos;2021;127
27 Lugo;Mujeres;050-052 VI-VIII.Enfermedades del sistema nervioso y de los órganos de los sentidos;2020;142
27 Lugo;Mujeres;050-052 VI-VIII.Enfermedades del sistema nervioso y de los órganos de los sentidos;2019;140
27 Lugo;Mujeres;050-052 VI-VIII.Enfermedades del sistema nervioso y de los órganos de los sentidos;2018;168
27 Lugo;Mujeres;053-061 IX.Enfermedades del sistema circulatorio;2022;858
27 Lugo;Mujeres;053-061 IX.Enfermedades del sistema circulatorio;2021;855
27 Lugo;Mujeres;053-061 IX.Enfermedades del sistema circulatorio;2020;819
27 Lugo;Mujeres;053-061 IX.Enfermedades del sistema circulatorio;2019;841
27 Lugo;Mujeres;053-061 IX.Enfermedades del sistema circulatorio;2018;822
27 Lugo;Mujeres;062-067 X.Enfermedades del sistema respiratorio;2022;266
27 Lugo;Mujeres;062-067 X.Enfermedades del sistema respiratorio;2021;179
27 Lugo;Mujeres;062-067 X.Enfermedades del sistema respiratorio;2020;235
27 Lugo;Mujeres;062-067 X.Enfermedades del sistema respiratorio;2019;219
27 Lugo;Mujeres;062-067 X.Enfermedades del sistema respiratorio;2018;300
27 Lugo;Mujeres;068-072 XI.Enfermedades del sistema digestivo;2022;120
27 Lugo;Mujeres;068-072 XI.Enfermedades del sistema digestivo;2021;117
27 Lugo;Mujeres;068-072 XI.Enfermedades del sistema digestivo;2020;111
27 Lugo;Mujeres;068-072 XI.Enfermedades del sistema digestivo;2019;117
27 Lugo;Mujeres;068-072 XI.Enfermedades del sistema digestivo;2018;102
27 Lugo;Mujeres;073 XII.Enfermedades de la piel y del tejido subcutáneo;2022;15
27 Lugo;Mujeres;073 XII.Enfermedades de la piel y del tejido subcutáneo;2021;13
27 Lugo;Mujeres;073 XII.Enfermedades de la piel y del tejido subcutáneo;2020;12
27 Lugo;Mujeres;073 XII.Enfermedades de la piel y del tejido subcutáneo;2019;13
27 Lugo;Mujeres;073 XII.Enfermedades de la piel y del tejido subcutáneo;2018;26
27 Lugo;Mujeres;074-076 XIII.Enfermedades del sistema osteomuscular y del tejido conjuntivo;2022;39
27 Lugo;Mujeres;074-076 XIII.Enfermedades del sistema osteomuscular y del tejido conjuntivo;2021;27
27 Lugo;Mujeres;074-076 XIII.Enfermedades del sistema osteomuscular y del tejido conjuntivo;2020;14
27 Lugo;Mujeres;074-076 XIII.Enfermedades del sistema osteomuscular y del tejido conjuntivo;2019;7
27 Lugo;Mujeres;074-076 XIII.Enfermedades del sistema osteomuscular y del tejido conjuntivo;2018;20
27 Lugo;Mujeres;077-080 XIV.Enfermedades del sistema genitourinario;2022;94
27 Lugo;Mujeres;077-080 XIV.Enfermedades del sistema genitourinario;2021;106
27 Lugo;Mujeres;077-080 XIV.Enfermedades del sistema genitourinario;2020;81
27 Lugo;Mujeres;077-080 XIV.Enfermedades del sistema genitourinario;2019;75
27 Lugo;Mujeres;077-080 XIV.Enfermedades del sistema genitourinario;2018;69
27 Lugo;Mujeres;081 XV.Embarazo, parto y puerperio;2022;0
27 Lugo;Mujeres;081 XV.Embarazo, parto y puerperio;2021;0
27 Lugo;Mujeres;081 XV.Embarazo, parto y puerperio;2020;0
27 Lugo;Mujeres;081 XV.Embarazo, parto y puerperio;2019;0
27 Lugo;Mujeres;081 XV.Embarazo, parto y puerperio;2018;1
27 Lugo;Mujeres;082 XVI.Afecciones originadas en el periodo perinatal;2022;0
27 Lugo;Mujeres;082 XVI.Afecciones originadas en el periodo perinatal;2021;1
27 Lugo;Mujeres;082 XVI.Afecciones originadas en el periodo perinatal;2020;0
27 Lugo;Mujeres;082 XVI.Afecciones originadas en el periodo perinatal;2019;0
27 Lugo;Mujeres;082 XVI.Afecciones originadas en el periodo perinatal;2018;1
27 Lugo;Mujeres;083-085 XVII.Malformaciones congénitas, deformidades y anomalías cromosómicas;2022;3
27 Lugo;Mujeres;083-085 XVII.Malformaciones congénitas, deformidades y anomalías cromosómicas;2021;6
27 Lugo;Mujeres;083-085 XVII.Malformaciones congénitas, deformidades y anomalías cromosómicas;2020;3
27 Lugo;Mujeres;083-085 XVII.Malformaciones congénitas, deformidades y anomalías cromosómicas;2019;0
27 Lugo;Mujeres;083-085 XVII.Malformaciones congénitas, deformidades y anomalías cromosómicas;2018;1
27 Lugo;Mujeres;086-089 XVIII.Síntomas, signos y hallazgos anormales clínicos y de laboratorio, no clasificados en otra parte;2022;49
27 Lugo;Mujeres;086-089 XVIII.Síntomas, signos y hallazgos anormales clínicos y de laboratorio, no clasificados en otra parte;2021;59
27 Lugo;Mujeres;086-089 XVIII.Síntomas, signos y hallazgos anormales clínicos y de laboratorio, no clasificados en otra parte;2020;68
27 Lugo;Mujeres;086-089 XVIII.Síntomas, signos y hallazgos anormales clínicos y de laboratorio, no clasificados en otra parte;2019;32
27 Lugo;Mujeres;086-089 XVIII.Síntomas, signos y hallazgos anormales clínicos y de laboratorio, no clasificados en otra parte;2018;24
27 Lugo;Mujeres;090-102 XX.Causas externas de mortalidad;2022;101
27 Lugo;Mujeres;090-102 XX.Causas externas de mortalidad;2021;73
27 Lugo;Mujeres;090-102 XX.Causas externas de mortalidad;2020;90
27 Lugo;Mujeres;090-102 XX.Causas externas de mortalidad;2019;77
27 Lugo;Mujeres;090-102 XX.Causas externas de mortalidad;2018;69
28 Madrid;Hombres;001-008 I.Enfermedades infecciosas y parasitarias;2022;2.345
28 Madrid;Hombres;001-008 I.Enfermedades infecciosas y parasitarias;2021;3.795
28 Madrid;Hombres;001-008 I.Enfermedades infecciosas y parasitarias;2020;10.593
28 Madrid;Hombres;001-008 I.Enfermedades infecciosas y parasitarias;2019;319
28 Madrid;Hombres;001-008 I.Enfermedades infecciosas y parasitarias;2018;330
28 Madrid;Hombres;009-041 II.Tumores;2022;7.616
28 Madrid;Hombres;009-041 II.Tumores;2021;7.484
28 Madrid;Hombres;009-041 II.Tumores;2020;7.493
28 Madrid;Hombres;009-041 II.Tumores;2019;7.877
28 Madrid;Hombres;009-041 II.Tumores;2018;7.625
28 Madrid;Hombres;042-043 III.Enfermedades de la sangre y de los órganos hematopoyéticos, y ciertos trastornos que afectan al mecanismo de la inmunidad;2022;94
28 Madrid;Hombres;042-043 III.Enfermedades de la sangre y de los órganos hematopoyéticos, y ciertos trastornos que afectan al mecanismo de la inmunidad;2021;103
28 Madrid;Hombres;042-043 III.Enfermedades de la sangre y de los órganos hematopoyéticos, y ciertos trastornos que afectan al mecanismo de la inmunidad;2020;94
28 Madrid;Hombres;042-043 III.Enfermedades de la sangre y de los órganos hematopoyéticos, y ciertos trastornos que afectan al mecanismo de la inmunidad;2019;70
28 Madrid;Hombres;042-043 III.Enfermedades de la sangre y de los órganos hematopoyéticos, y ciertos trastornos que afectan al mecanismo de la inmunidad;2018;84
28 Madrid;Hombres;044-045 IV.Enfermedades endocrinas, nutricionales y metabólicas;2022;400
28 Madrid;Hombres;044-045 IV.Enfermedades endocrinas, nutricionales y metabólicas;2021;337
28 Madrid;Hombres;044-045 IV.Enfermedades endocrinas, nutricionales y metabólicas;2020;454
28 Madrid;Hombres;044-045 IV.Enfermedades endocrinas, nutricionales y metabólicas;2019;428
28 Madrid;Hombres;044-045 IV.Enfermedades endocrinas, nutricionales y metabólicas;2018;450
28 Madrid;Hombres;046-049 V.Trastornos mentales y del comportamiento;2022;717
28 Madrid;Hombres;046-049 V.Trastornos mentales y del comportamiento;2021;692
28 Madrid;Hombres;046-049 V.Trastornos mentales y del comportamiento;2020;690
28 Madrid;Hombres;046-049 V.Trastornos mentales y del comportamiento;2019;785
28 Madrid;Hombres;046-049 V.Trastornos mentales y del comportamiento;2018;647
28 Madrid;Hombres;050-052 VI-VIII.Enfermedades del sistema nervioso y de los órganos de los sentidos;2022;1.119
28 Madrid;Hombres;050-052 VI-VIII.Enfermedades del sistema nervioso y de los órganos de los sentidos;2021;949
28 Madrid;Hombres;050-052 VI-VIII.Enfermedades del sistema nervioso y de los órganos de los sentidos;2020;1.094
28 Madrid;Hombres;050-052 VI-VIII.Enfermedades del sistema nervioso y de los órganos de los sentidos;2019;1.070
28 Madrid;Hombres;050-052 VI-VIII.Enfermedades del sistema nervioso y de los órganos de los sentidos;2018;1.020
28 Madrid;Hombres;053-061 IX.Enfermedades del sistema circulatorio;2022;5.298
28 Madrid;Hombres;053-061 IX.Enfermedades del sistema circulatorio;2021;5.036
28 Madrid;Hombres;053-061 IX.Enfermedades del sistema circulatorio;2020;5.324
28 Madrid;Hombres;053-061 IX.Enfermedades del sistema circulatorio;2019;5.055
28 Madrid;Hombres;053-061 IX.Enfermedades del sistema circulatorio;2018;4.982
28 Madrid;Hombres;062-067 X.Enfermedades del sistema respiratorio;2022;3.093
28 Madrid;Hombres;062-067 X.Enfermedades del sistema respiratorio;2021;2.794
28 Madrid;Hombres;062-067 X.Enfermedades del sistema respiratorio;2020;3.279
28 Madrid;Hombres;062-067 X.Enfermedades del sistema respiratorio;2019;3.345
28 Madrid;Hombres;062-067 X.Enfermedades del sistema respiratorio;2018;3.578
28 Madrid;Hombres;068-072 XI.Enfermedades del sistema digestivo;2022;1.314
28 Madrid;Hombres;068-072 XI.Enfermedades del sistema digestivo;2021;1.226
28 Madrid;Hombres;068-072 XI.Enfermedades del sistema digestivo;2020;1.239
28 Madrid;Hombres;068-072 XI.Enfermedades del sistema digestivo;2019;1.299
28 Madrid;Hombres;068-072 XI.Enfermedades del sistema digestivo;2018;1.183
28 Madrid;Hombres;073 XII.Enfermedades de la piel y del tejido subcutáneo;2022;97
28 Madrid;Hombres;073 XII.Enfermedades de la piel y del tejido subcutáneo;2021;98
28 Madrid;Hombres;073 XII.Enfermedades de la piel y del tejido subcutáneo;2020;69
28 Madrid;Hombres;073 XII.Enfermedades de la piel y del tejido subcutáneo;2019;68
28 Madrid;Hombres;073 XII.Enfermedades de la piel y del tejido subcutáneo;2018;73
28 Madrid;Hombres;074-076 XIII.Enfermedades del sistema osteomuscular y del tejido conjuntivo;2022;145
28 Madrid;Hombres;074-076 XIII.Enfermedades del sistema osteomuscular y del tejido conjuntivo;2021;146
28 Madrid;Hombres;074-076 XIII.Enfermedades del sistema osteomuscular y del tejido conjuntivo;2020;132
28 Madrid;Hombres;074-076 XIII.Enfermedades del sistema osteomuscular y del tejido conjuntivo;2019;154
28 Madrid;Hombres;074-076 XIII.Enfermedades del sistema osteomuscular y del tejido conjuntivo;2018;141
28 Madrid;Hombres;077-080 XIV.Enfermedades del sistema genitourinario;2022;765
28 Madrid;Hombres;077-080 XIV.Enfermedades del sistema genitourinario;2021;716
28 Madrid;Hombres;077-080 XIV.Enfermedades del sistema genitourinario;2020;775
28 Madrid;Hombres;077-080 XIV.Enfermedades del sistema genitourinario;2019;664
28 Madrid;Hombres;077-080 XIV.Enfermedades del sistema genitourinario;2018;654
28 Madrid;Hombres;081 XV.Embarazo, parto y puerperio;2022;0
28 Madrid;Hombres;081 XV.Embarazo, parto y puerperio;2021;0
28 Madrid;Hombres;081 XV.Embarazo, parto y puerperio;2020;0
28 Madrid;Hombres;081 XV.Embarazo, parto y puerperio;2019;0
28 Madrid;Hombres;081 XV.Embarazo, parto y puerperio;2018;0
28 Madrid;Hombres;082 XVI.Afecciones originadas en el periodo perinatal;2022;53
28 Madrid;Hombres;082 XVI.Afecciones originadas en el periodo perinatal;2021;43
28 Madrid;Hombres;082 XVI.Afecciones originadas en el periodo perinatal;2020;54
28 Madrid;Hombres;082 XVI.Afecciones originadas en el periodo perinatal;2019;39
28 Madrid;Hombres;082 XVI.Afecciones originadas en el periodo perinatal;2018;61
28 Madrid;Hombres;083-085 XVII.Malformaciones congénitas, deformidades y anomalías cromosómicas;2022;73
28 Madrid;Hombres;083-085 XVII.Malformaciones congénitas, deformidades y anomalías cromosómicas;2021;58
28 Madrid;Hombres;083-085 XVII.Malformaciones congénitas, deformidades y anomalías cromosómicas;2020;76
28 Madrid;Hombres;083-085 XVII.Malformaciones congénitas, deformidades y anomalías cromosómicas;2019;48
28 Madrid;Hombres;083-085 XVII.Malformaciones congénitas, deformidades y anomalías cromosómicas;2018;61
28 Madrid;Hombres;086-089 XVIII.Síntomas, signos y hallazgos anormales clínicos y de laboratorio, no clasificados en otra parte;2022;599
28 Madrid;Hombres;086-089 XVIII.Síntomas, signos y hallazgos anormales clínicos y de laboratorio, no clasificados en otra parte;2021;426
28 Madrid;Hombres;086-089 XVIII.Síntomas, signos y hallazgos anormales clínicos y de laboratorio, no clasificados en otra parte;2020;552
28 Madrid;Hombres;086-089 XVIII.Síntomas, signos y hallazgos anormales clínicos y de laboratorio, no clasificados en otra parte;2019;634
28 Madrid;Hombres;086-089 XVIII.Síntomas, signos y hallazgos anormales clínicos y de laboratorio, no clasificados en otra parte;2018;987
28 Madrid;Hombres;090-102 XX.Causas externas de mortalidad;2022;950
28 Madrid;Hombres;090-102 XX.Causas externas de mortalidad;2021;935
28 Madrid;Hombres;090-102 XX.Causas externas de mortalidad;2020;885
28 Madrid;Hombres;090-102 XX.Causas externas de mortalidad;2019;914
28 Madrid;Hombres;090-102 XX.Causas externas de mortalidad;2018;855
28 Madrid;Mujeres;001-008 I.Enfermedades infecciosas y parasitarias;2022;2.211
28 Madrid;Mujeres;001-008 I.Enfermedades infecciosas y parasitarias;2021;2.806
28 Madrid;Mujeres;001-008 I.Enfermedades infecciosas y parasitarias;2020;9.416
28 Madrid;Mujeres;001-008 I.Enfermedades infecciosas y parasitarias;2019;311
28 Madrid;Mujeres;001-008 I.Enfermedades infecciosas y parasitarias;2018;340
28 Madrid;Mujeres;009-041 II.Tumores;2022;5.934
28 Madrid;Mujeres;009-041 II.Tumores;2021;5.803
28 Madrid;Mujeres;009-041 II.Tumores;2020;5.768
28 Madrid;Mujeres;009-041 II.Tumores;2019;6.043
28 Madrid;Mujeres;009-041 II.Tumores;2018;5.654
28 Madrid;Mujeres;042-043 III.Enfermedades de la sangre y de los órganos hematopoyéticos, y ciertos trastornos que afectan al mecanismo de la inmunidad;2022;126
28 Madrid;Mujeres;042-043 III.Enfermedades de la sangre y de los órganos hematopoyéticos, y ciertos trastornos que afectan al mecanismo de la inmunidad;2021;125
28 Madrid;Mujeres;042-043 III.Enfermedades de la sangre y de los órganos hematopoyéticos, y ciertos trastornos que afectan al mecanismo de la inmunidad;2020;128
28 Madrid;Mujeres;042-043 III.Enfermedades de la sangre y de los órganos hematopoyéticos, y ciertos trastornos que afectan al mecanismo de la inmunidad;2019;113
28 Madrid;Mujeres;042-043 III.Enfermedades de la sangre y de los órganos hematopoyéticos, y ciertos trastornos que afectan al mecanismo de la inmunidad;2018;133
28 Madrid;Mujeres;044-045 IV.Enfermedades endocrinas, nutricionales y metabólicas;2022;572
28 Madrid;Mujeres;044-045 IV.Enfermedades endocrinas, nutricionales y metabólicas;2021;453
28 Madrid;Mujeres;044-045 IV.Enfermedades endocrinas, nutricionales y metabólicas;2020;693
28 Madrid;Mujeres;044-045 IV.Enfermedades endocrinas, nutricionales y metabólicas;2019;594
28 Madrid;Mujeres;044-045 IV.Enfermedades endocrinas, nutricionales y metabólicas;2018;631
28 Madrid;Mujeres;046-049 V.Trastornos mentales y del comportamiento;2022;1.750
28 Madrid;Mujeres;046-049 V.Trastornos mentales y del comportamiento;2021;1.410
28 Madrid;Mujeres;046-049 V.Trastornos mentales y del comportamiento;2020;1.620
28 Madrid;Mujeres;046-049 V.Trastornos mentales y del comportamiento;2019;1.735
28 Madrid;Mujeres;046-049 V.Trastornos mentales y del comportamiento;2018;1.533
28 Madrid;Mujeres;050-052 VI-VIII.Enfermedades del sistema nervioso y de los órganos de los sentidos;2022;1.650
28 Madrid;Mujeres;050-052 VI-VIII.Enfermedades del sistema nervioso y de los órganos de los sentidos;2021;1.529
28 Madrid;Mujeres;050-052 VI-VIII.Enfermedades del sistema nervioso y de los órganos de los sentidos;2020;1.930
28 Madrid;Mujeres;050-052 VI-VIII.Enfermedades del sistema nervioso y de los órganos de los sentidos;2019;1.864
28 Madrid;Mujeres;050-052 VI-VIII.Enfermedades del sistema nervioso y de los órganos de los sentidos;2018;1.609
28 Madrid;Mujeres;053-061 IX.Enfermedades del sistema circulatorio;2022;6.392
28 Madrid;Mujeres;053-061 IX.Enfermedades del sistema circulatorio;2021;6.189
28 Madrid;Mujeres;053-061 IX.Enfermedades del sistema circulatorio;2020;6.801
28 Madrid;Mujeres;053-061 IX.Enfermedades del sistema circulatorio;2019;6.432
28 Madrid;Mujeres;053-061 IX.Enfermedades del sistema circulatorio;2018;6.509
28 Madrid;Mujeres;062-067 X.Enfermedades del sistema respiratorio;2022;2.995
28 Madrid;Mujeres;062-067 X.Enfermedades del sistema respiratorio;2021;2.342
28 Madrid;Mujeres;062-067 X.Enfermedades del sistema respiratorio;2020;3.010
28 Madrid;Mujeres;062-067 X.Enfermedades del sistema respiratorio;2019;3.323
28 Madrid;Mujeres;062-067 X.Enfermedades del sistema respiratorio;2018;3.338
28 Madrid;Mujeres;068-072 XI.Enfermedades del sistema digestivo;2022;1.386
28 Madrid;Mujeres;068-072 XI.Enfermedades del sistema digestivo;2021;1.234
28 Madrid;Mujeres;068-072 XI.Enfermedades del sistema digestivo;2020;1.342
28 Madrid;Mujeres;068-072 XI.Enfermedades del sistema digestivo;2019;1.310
28 Madrid;Mujeres;068-072 XI.Enfermedades del sistema digestivo;2018;1.172
28 Madrid;Mujeres;073 XII.Enfermedades de la piel y del tejido subcutáneo;2022;169
28 Madrid;Mujeres;073 XII.Enfermedades de la piel y del tejido subcutáneo;2021;152
28 Madrid;Mujeres;073 XII.Enfermedades de la piel y del tejido subcutáneo;2020;136
28 Madrid;Mujeres;073 XII.Enfermedades de la piel y del tejido subcutáneo;2019;166
28 Madrid;Mujeres;073 XII.Enfermedades de la piel y del tejido subcutáneo;2018;142
28 Madrid;Mujeres;074-076 XIII.Enfermedades del sistema osteomuscular y del tejido conjuntivo;2022;310
28 Madrid;Mujeres;074-076 XIII.Enfermedades del sistema osteomuscular y del tejido conjuntivo;2021;303
28 Madrid;Mujeres;074-076 XIII.Enfermedades del sistema osteomuscular y del tejido conjuntivo;2020;323
28 Madrid;Mujeres;074-076 XIII.Enfermedades del sistema osteomuscular y del tejido conjuntivo;2019;304
28 Madrid;Mujeres;074-076 XIII.Enfermedades del sistema osteomuscular y del tejido conjuntivo;2018;282
28 Madrid;Mujeres;077-080 XIV.Enfermedades del sistema genitourinario;2022;1.115
28 Madrid;Mujeres;077-080 XIV.Enfermedades del sistema genitourinario;2021;1.015
28 Madrid;Mujeres;077-080 XIV.Enfermedades del sistema genitourinario;2020;1.029
28 Madrid;Mujeres;077-080 XIV.Enfermedades del sistema genitourinario;2019;885
28 Madrid;Mujeres;077-080 XIV.Enfermedades del sistema genitourinario;2018;866
28 Madrid;Mujeres;081 XV.Embarazo, parto y puerperio;2022;2
28 Madrid;Mujeres;081 XV.Embarazo, parto y puerperio;2021;2
28 Madrid;Mujeres;081 XV.Embarazo, parto y puerperio;2020;1
28 Madrid;Mujeres;081 XV.Embarazo, parto y puerperio;2019;0
28 Madrid;Mujeres;081 XV.Embarazo, parto y puerperio;2018;0
28 Madrid;Mujeres;082 XVI.Afecciones originadas en el periodo perinatal;2022;32
28 Madrid;Mujeres;082 XVI.Afecciones originadas en el periodo perinatal;2021;40
28 Madrid;Mujeres;082 XVI.Afecciones originadas en el periodo perinatal;2020;31
28 Madrid;Mujeres;082 XVI.Afecciones originadas en el periodo perinatal;2019;34
28 Madrid;Mujeres;082 XVI.Afecciones originadas en el periodo perinatal;2018;33
28 Madrid;Mujeres;083-085 XVII.Malformaciones congénitas, deformidades y anomalías cromosómicas;2022;46
28 Madrid;Mujeres;083-085 XVII.Malformaciones congénitas, deformidades y anomalías cromosómicas;2021;72
28 Madrid;Mujeres;083-085 XVII.Malformaciones congénitas, deformidades y anomalías cromosómicas;2020;56
28 Madrid;Mujeres;083-085 XVII.Malformaciones congénitas, deformidades y anomalías cromosómicas;2019;57
28 Madrid;Mujeres;083-085 XVII.Malformaciones congénitas, deformidades y anomalías cromosómicas;2018;55
28 Madrid;Mujeres;086-089 XVIII.Síntomas, signos y hallazgos anormales clínicos y de laboratorio, no clasificados en otra parte;2022;518
28 Madrid;Mujeres;086-089 XVIII.Síntomas, signos y hallazgos anormales clínicos y de laboratorio, no clasificados en otra parte;2021;365
28 Madrid;Mujeres;086-089 XVIII.Síntomas, signos y hallazgos anormales clínicos y de laboratorio, no clasificados en otra parte;2020;478
28 Madrid;Mujeres;086-089 XVIII.Síntomas, signos y hallazgos anormales clínicos y de laboratorio, no clasificados en otra parte;2019;459
28 Madrid;Mujeres;086-089 XVIII.Síntomas, signos y hallazgos anormales clínicos y de laboratorio, no clasificados en otra parte;2018;902
28 Madrid;Mujeres;090-102 XX.Causas externas de mortalidad;2022;732
28 Madrid;Mujeres;090-102 XX.Causas externas de mortalidad;2021;621
28 Madrid;Mujeres;090-102 XX.Causas externas de mortalidad;2020;641
28 Madrid;Mujeres;090-102 XX.Causas externas de mortalidad;2019;681
28 Madrid;Mujeres;090-102 XX.Causas externas de mortalidad;2018;616
29 Málaga;Hombres;001-008 I.Enfermedades infecciosas y parasitarias;2022;593
29 Málaga;Hombres;001-008 I.Enfermedades infecciosas y parasitarias;2021;981
29 Málaga;Hombres;001-008 I.Enfermedades infecciosas y parasitarias;2020;716
29 Málaga;Hombres;001-008 I.Enfermedades infecciosas y parasitarias;2019;115
29 Málaga;Hombres;001-008 I.Enfermedades infecciosas y parasitarias;2018;135
29 Málaga;Hombres;009-041 II.Tumores;2022;2.282
29 Málaga;Hombres;009-041 II.Tumores;2021;2.216
29 Málaga;Hombres;009-041 II.Tumores;2020;2.175
29 Málaga;Hombres;009-041 II.Tumores;2019;2.144
29 Málaga;Hombres;009-041 II.Tumores;2018;2.207
29 Málaga;Hombres;042-043 III.Enfermedades de la sangre y de los órganos hematopoyéticos, y ciertos trastornos que afectan al mecanismo de la inmunidad;2022;40
29 Málaga;Hombres;042-043 III.Enfermedades de la sangre y de los órganos hematopoyéticos, y ciertos trastornos que afectan al mecanismo de la inmunidad;2021;23
29 Málaga;Hombres;042-043 III.Enfermedades de la sangre y de los órganos hematopoyéticos, y ciertos trastornos que afectan al mecanismo de la inmunidad;2020;31
29 Málaga;Hombres;042-043 III.Enfermedades de la sangre y de los órganos hematopoyéticos, y ciertos trastornos que afectan al mecanismo de la inmunidad;2019;31
29 Málaga;Hombres;042-043 III.Enfermedades de la sangre y de los órganos hematopoyéticos, y ciertos trastornos que afectan al mecanismo de la inmunidad;2018;27
29 Málaga;Hombres;044-045 IV.Enfermedades endocrinas, nutricionales y metabólicas;2022;211
29 Málaga;Hombres;044-045 IV.Enfermedades endocrinas, nutricionales y metabólicas;2021;178
29 Málaga;Hombres;044-045 IV.Enfermedades endocrinas, nutricionales y metabólicas;2020;164
29 Málaga;Hombres;044-045 IV.Enfermedades endocrinas, nutricionales y metabólicas;2019;159
29 Málaga;Hombres;044-045 IV.Enfermedades endocrinas, nutricionales y metabólicas;2018;171
29 Málaga;Hombres;046-049 V.Trastornos mentales y del comportamiento;2022;213
29 Málaga;Hombres;046-049 V.Trastornos mentales y del comportamiento;2021;173
29 Málaga;Hombres;046-049 V.Trastornos mentales y del comportamiento;2020;186
29 Málaga;Hombres;046-049 V.Trastornos mentales y del comportamiento;2019;180
29 Málaga;Hombres;046-049 V.Trastornos mentales y del comportamiento;2018;185
29 Málaga;Hombres;050-052 VI-VIII.Enfermedades del sistema nervioso y de los órganos de los sentidos;2022;364
29 Málaga;Hombres;050-052 VI-VIII.Enfermedades del sistema nervioso y de los órganos de los sentidos;2021;346
29 Málaga;Hombres;050-052 VI-VIII.Enfermedades del sistema nervioso y de los órganos de los sentidos;2020;345
29 Málaga;Hombres;050-052 VI-VIII.Enfermedades del sistema nervioso y de los órganos de los sentidos;2019;331
29 Málaga;Hombres;050-052 VI-VIII.Enfermedades del sistema nervioso y de los órganos de los sentidos;2018;344
29 Málaga;Hombres;053-061 IX.Enfermedades del sistema circulatorio;2022;2.177
29 Málaga;Hombres;053-061 IX.Enfermedades del sistema circulatorio;2021;2.163
29 Málaga;Hombres;053-061 IX.Enfermedades del sistema circulatorio;2020;2.111
29 Málaga;Hombres;053-061 IX.Enfermedades del sistema circulatorio;2019;2.023
29 Málaga;Hombres;053-061 IX.Enfermedades del sistema circulatorio;2018;2.219
29 Málaga;Hombres;062-067 X.Enfermedades del sistema respiratorio;2022;795
29 Málaga;Hombres;062-067 X.Enfermedades del sistema respiratorio;2021;654
29 Málaga;Hombres;062-067 X.Enfermedades del sistema respiratorio;2020;695
29 Málaga;Hombres;062-067 X.Enfermedades del sistema respiratorio;2019;782
29 Málaga;Hombres;062-067 X.Enfermedades del sistema respiratorio;2018;875
29 Málaga;Hombres;068-072 XI.Enfermedades del sistema digestivo;2022;430
29 Málaga;Hombres;068-072 XI.Enfermedades del sistema digestivo;2021;400
29 Málaga;Hombres;068-072 XI.Enfermedades del sistema digestivo;2020;405
29 Málaga;Hombres;068-072 XI.Enfermedades del sistema digestivo;2019;417
29 Málaga;Hombres;068-072 XI.Enfermedades del sistema digestivo;2018;380
29 Málaga;Hombres;073 XII.Enfermedades de la piel y del tejido subcutáneo;2022;16
29 Málaga;Hombres;073 XII.Enfermedades de la piel y del tejido subcutáneo;2021;14
29 Málaga;Hombres;073 XII.Enfermedades de la piel y del tejido subcutáneo;2020;13
29 Málaga;Hombres;073 XII.Enfermedades de la piel y del tejido subcutáneo;2019;22
29 Málaga;Hombres;073 XII.Enfermedades de la piel y del tejido subcutáneo;2018;22
29 Málaga;Hombres;074-076 XIII.Enfermedades del sistema osteomuscular y del tejido conjuntivo;2022;34
29 Málaga;Hombres;074-076 XIII.Enfermedades del sistema osteomuscular y del tejido conjuntivo;2021;35
29 Málaga;Hombres;074-076 XIII.Enfermedades del sistema osteomuscular y del tejido conjuntivo;2020;28
29 Málaga;Hombres;074-076 XIII.Enfermedades del sistema osteomuscular y del tejido conjuntivo;2019;45
29 Málaga;Hombres;074-076 XIII.Enfermedades del sistema osteomuscular y del tejido conjuntivo;2018;43
29 Málaga;Hombres;077-080 XIV.Enfermedades del sistema genitourinario;2022;214
29 Málaga;Hombres;077-080 XIV.Enfermedades del sistema genitourinario;2021;199
29 Málaga;Hombres;077-080 XIV.Enfermedades del sistema genitourinario;2020;184
29 Málaga;Hombres;077-080 XIV.Enfermedades del sistema genitourinario;2019;197
29 Málaga;Hombres;077-080 XIV.Enfermedades del sistema genitourinario;2018;170
29 Málaga;Hombres;081 XV.Embarazo, parto y puerperio;2022;0
29 Málaga;Hombres;081 XV.Embarazo, parto y puerperio;2021;0
29 Málaga;Hombres;081 XV.Embarazo, parto y puerperio;2020;0
29 Málaga;Hombres;081 XV.Embarazo, parto y puerperio;2019;0
29 Málaga;Hombres;081 XV.Embarazo, parto y puerperio;2018;0
29 Málaga;Hombres;082 XVI.Afecciones originadas en el periodo perinatal;2022;14
29 Málaga;Hombres;082 XVI.Afecciones originadas en el periodo perinatal;2021;19
29 Málaga;Hombres;082 XVI.Afecciones originadas en el periodo perinatal;2020;12
29 Málaga;Hombres;082 XVI.Afecciones originadas en el periodo perinatal;2019;13
29 Málaga;Hombres;082 XVI.Afecciones originadas en el periodo perinatal;2018;16
29 Málaga;Hombres;083-085 XVII.Malformaciones congénitas, deformidades y anomalías cromosómicas;2022;21
29 Málaga;Hombres;083-085 XVII.Malformaciones congénitas, deformidades y anomalías cromosómicas;2021;12
29 Málaga;Hombres;083-085 XVII.Malformaciones congénitas, deformidades y anomalías cromosómicas;2020;14
29 Málaga;Hombres;083-085 XVII.Malformaciones congénitas, deformidades y anomalías cromosómicas;2019;24
29 Málaga;Hombres;083-085 XVII.Malformaciones congénitas, deformidades y anomalías cromosómicas;2018;18
29 Málaga;Hombres;086-089 XVIII.Síntomas, signos y hallazgos anormales clínicos y de laboratorio, no clasificados en otra parte;2022;245
29 Málaga;Hombres;086-089 XVIII.Síntomas, signos y hallazgos anormales clínicos y de laboratorio, no clasificados en otra parte;2021;260
29 Málaga;Hombres;086-089 XVIII.Síntomas, signos y hallazgos anormales clínicos y de laboratorio, no clasificados en otra parte;2020;261
29 Málaga;Hombres;086-089 XVIII.Síntomas, signos y hallazgos anormales clínicos y de laboratorio, no clasificados en otra parte;2019;304
29 Málaga;Hombres;086-089 XVIII.Síntomas, signos y hallazgos anormales clínicos y de laboratorio, no clasificados en otra parte;2018;227
29 Málaga;Hombres;090-102 XX.Causas externas de mortalidad;2022;429
29 Málaga;Hombres;090-102 XX.Causas externas de mortalidad;2021;415
29 Málaga;Hombres;090-102 XX.Causas externas de mortalidad;2020;376
29 Málaga;Hombres;090-102 XX.Causas externas de mortalidad;2019;329
29 Málaga;Hombres;090-102 XX.Causas externas de mortalidad;2018;334
29 Málaga;Mujeres;001-008 I.Enfermedades infecciosas y parasitarias;2022;501
29 Málaga;Mujeres;001-008 I.Enfermedades infecciosas y parasitarias;2021;701
29 Málaga;Mujeres;001-008 I.Enfermedades infecciosas y parasitarias;2020;560
29 Málaga;Mujeres;001-008 I.Enfermedades infecciosas y parasitarias;2019;120
29 Málaga;Mujeres;001-008 I.Enfermedades infecciosas y parasitarias;2018;105
29 Málaga;Mujeres;009-041 II.Tumores;2022;1.522
29 Málaga;Mujeres;009-041 II.Tumores;2021;1.454
29 Málaga;Mujeres;009-041 II.Tumores;2020;1.371
29 Málaga;Mujeres;009-041 II.Tumores;2019;1.353
29 Málaga;Mujeres;009-041 II.Tumores;2018;1.432
29 Málaga;Mujeres;042-043 III.Enfermedades de la sangre y de los órganos hematopoyéticos, y ciertos trastornos que afectan al mecanismo de la inmunidad;2022;29
29 Málaga;Mujeres;042-043 III.Enfermedades de la sangre y de los órganos hematopoyéticos, y ciertos trastornos que afectan al mecanismo de la inmunidad;2021;33
29 Málaga;Mujeres;042-043 III.Enfermedades de la sangre y de los órganos hematopoyéticos, y ciertos trastornos que afectan al mecanismo de la inmunidad;2020;30
29 Málaga;Mujeres;042-043 III.Enfermedades de la sangre y de los órganos hematopoyéticos, y ciertos trastornos que afectan al mecanismo de la inmunidad;2019;27
29 Málaga;Mujeres;042-043 III.Enfermedades de la sangre y de los órganos hematopoyéticos, y ciertos trastornos que afectan al mecanismo de la inmunidad;2018;14
29 Málaga;Mujeres;044-045 IV.Enfermedades endocrinas, nutricionales y metabólicas;2022;214
29 Málaga;Mujeres;044-045 IV.Enfermedades endocrinas, nutricionales y metabólicas;2021;221
29 Málaga;Mujeres;044-045 IV.Enfermedades endocrinas, nutricionales y metabólicas;2020;222
29 Málaga;Mujeres;044-045 IV.Enfermedades endocrinas, nutricionales y metabólicas;2019;186
29 Málaga;Mujeres;044-045 IV.Enfermedades endocrinas, nutricionales y metabólicas;2018;199
29 Málaga;Mujeres;046-049 V.Trastornos mentales y del comportamiento;2022;426
29 Málaga;Mujeres;046-049 V.Trastornos mentales y del comportamiento;2021;364
29 Málaga;Mujeres;046-049 V.Trastornos mentales y del comportamiento;2020;367
29 Málaga;Mujeres;046-049 V.Trastornos mentales y del comportamiento;2019;347
29 Málaga;Mujeres;046-049 V.Trastornos mentales y del comportamiento;2018;341
29 Málaga;Mujeres;050-052 VI-VIII.Enfermedades del sistema nervioso y de los órganos de los sentidos;2022;582
29 Málaga;Mujeres;050-052 VI-VIII.Enfermedades del sistema nervioso y de los órganos de los sentidos;2021;567
29 Málaga;Mujeres;050-052 VI-VIII.Enfermedades del sistema nervioso y de los órganos de los sentidos;2020;563
29 Málaga;Mujeres;050-052 VI-VIII.Enfermedades del sistema nervioso y de los órganos de los sentidos;2019;508
29 Málaga;Mujeres;050-052 VI-VIII.Enfermedades del sistema nervioso y de los órganos de los sentidos;2018;503
29 Málaga;Mujeres;053-061 IX.Enfermedades del sistema circulatorio;2022;2.269
29 Málaga;Mujeres;053-061 IX.Enfermedades del sistema circulatorio;2021;2.345
29 Málaga;Mujeres;053-061 IX.Enfermedades del sistema circulatorio;2020;2.189
29 Málaga;Mujeres;053-061 IX.Enfermedades del sistema circulatorio;2019;2.070
29 Málaga;Mujeres;053-061 IX.Enfermedades del sistema circulatorio;2018;2.226
29 Málaga;Mujeres;062-067 X.Enfermedades del sistema respiratorio;2022;505
29 Málaga;Mujeres;062-067 X.Enfermedades del sistema respiratorio;2021;387
29 Málaga;Mujeres;062-067 X.Enfermedades del sistema respiratorio;2020;458
29 Málaga;Mujeres;062-067 X.Enfermedades del sistema respiratorio;2019;532
29 Málaga;Mujeres;062-067 X.Enfermedades del sistema respiratorio;2018;622
29 Málaga;Mujeres;068-072 XI.Enfermedades del sistema digestivo;2022;353
29 Málaga;Mujeres;068-072 XI.Enfermedades del sistema digestivo;2021;340
29 Málaga;Mujeres;068-072 XI.Enfermedades del sistema digestivo;2020;344
29 Málaga;Mujeres;068-072 XI.Enfermedades del sistema digestivo;2019;338
29 Málaga;Mujeres;068-072 XI.Enfermedades del sistema digestivo;2018;322
29 Málaga;Mujeres;073 XII.Enfermedades de la piel y del tejido subcutáneo;2022;19
29 Málaga;Mujeres;073 XII.Enfermedades de la piel y del tejido subcutáneo;2021;29
29 Málaga;Mujeres;073 XII.Enfermedades de la piel y del tejido subcutáneo;2020;41
29 Málaga;Mujeres;073 XII.Enfermedades de la piel y del tejido subcutáneo;2019;21
29 Málaga;Mujeres;073 XII.Enfermedades de la piel y del tejido subcutáneo;2018;40
29 Málaga;Mujeres;074-076 XIII.Enfermedades del sistema osteomuscular y del tejido conjuntivo;2022;56
29 Málaga;Mujeres;074-076 XIII.Enfermedades del sistema osteomuscular y del tejido conjuntivo;2021;66
29 Málaga;Mujeres;074-076 XIII.Enfermedades del sistema osteomuscular y del tejido conjuntivo;2020;63
29 Málaga;Mujeres;074-076 XIII.Enfermedades del sistema osteomuscular y del tejido conjuntivo;2019;83
29 Málaga;Mujeres;074-076 XIII.Enfermedades del sistema osteomuscular y del tejido conjuntivo;2018;95
29 Málaga;Mujeres;077-080 XIV.Enfermedades del sistema genitourinario;2022;286
29 Málaga;Mujeres;077-080 XIV.Enfermedades del sistema genitourinario;2021;255
29 Málaga;Mujeres;077-080 XIV.Enfermedades del sistema genitourinario;2020;256
29 Málaga;Mujeres;077-080 XIV.Enfermedades del sistema genitourinario;2019;195
29 Málaga;Mujeres;077-080 XIV.Enfermedades del sistema genitourinario;2018;224
29 Málaga;Mujeres;081 XV.Embarazo, parto y puerperio;2022;0
29 Málaga;Mujeres;081 XV.Embarazo, parto y puerperio;2021;1
29 Málaga;Mujeres;081 XV.Embarazo, parto y puerperio;2020;0
29 Málaga;Mujeres;081 XV.Embarazo, parto y puerperio;2019;0
29 Málaga;Mujeres;081 XV.Embarazo, parto y puerperio;2018;0
29 Málaga;Mujeres;082 XVI.Afecciones originadas en el periodo perinatal;2022;11
29 Málaga;Mujeres;082 XVI.Afecciones originadas en el periodo perinatal;2021;10
29 Málaga;Mujeres;082 XVI.Afecciones originadas en el periodo perinatal;2020;9
29 Málaga;Mujeres;082 XVI.Afecciones originadas en el periodo perinatal;2019;12
29 Málaga;Mujeres;082 XVI.Afecciones originadas en el periodo perinatal;2018;13
29 Málaga;Mujeres;083-085 XVII.Malformaciones congénitas, deformidades y anomalías cromosómicas;2022;18
29 Málaga;Mujeres;083-085 XVII.Malformaciones congénitas, deformidades y anomalías cromosómicas;2021;13
29 Málaga;Mujeres;083-085 XVII.Malformaciones congénitas, deformidades y anomalías cromosómicas;2020;10
29 Málaga;Mujeres;083-085 XVII.Malformaciones congénitas, deformidades y anomalías cromosómicas;2019;11
29 Málaga;Mujeres;083-085 XVII.Malformaciones congénitas, deformidades y anomalías cromosómicas;2018;14
29 Málaga;Mujeres;086-089 XVIII.Síntomas, signos y hallazgos anormales clínicos y de laboratorio, no clasificados en otra parte;2022;347
29 Málaga;Mujeres;086-089 XVIII.Síntomas, signos y hallazgos anormales clínicos y de laboratorio, no clasificados en otra parte;2021;302
29 Málaga;Mujeres;086-089 XVIII.Síntomas, signos y hallazgos anormales clínicos y de laboratorio, no clasificados en otra parte;2020;328
29 Málaga;Mujeres;086-089 XVIII.Síntomas, signos y hallazgos anormales clínicos y de laboratorio, no clasificados en otra parte;2019;350
29 Málaga;Mujeres;086-089 XVIII.Síntomas, signos y hallazgos anormales clínicos y de laboratorio, no clasificados en otra parte;2018;339
29 Málaga;Mujeres;090-102 XX.Causas externas de mortalidad;2022;189
29 Málaga;Mujeres;090-102 XX.Causas externas de mortalidad;2021;194
29 Málaga;Mujeres;090-102 XX.Causas externas de mortalidad;2020;163
29 Málaga;Mujeres;090-102 XX.Causas externas de mortalidad;2019;176
29 Málaga;Mujeres;090-102 XX.Causas externas de mortalidad;2018;163
30 Murcia;Hombres;001-008 I.Enfermedades infecciosas y parasitarias;2022;601
30 Murcia;Hombres;001-008 I.Enfermedades infecciosas y parasitarias;2021;673
30 Murcia;Hombres;001-008 I.Enfermedades infecciosas y parasitarias;2020;494
30 Murcia;Hombres;001-008 I.Enfermedades infecciosas y parasitarias;2019;77
30 Murcia;Hombres;001-008 I.Enfermedades infecciosas y parasitarias;2018;87
30 Murcia;Hombres;009-041 II.Tumores;2022;1.885
30 Murcia;Hombres;009-041 II.Tumores;2021;1.931
30 Murcia;Hombres;009-041 II.Tumores;2020;1.937
30 Murcia;Hombres;009-041 II.Tumores;2019;1.821
30 Murcia;Hombres;009-041 II.Tumores;2018;1.756
30 Murcia;Hombres;042-043 III.Enfermedades de la sangre y de los órganos hematopoyéticos, y ciertos trastornos que afectan al mecanismo de la inmunidad;2022;38
30 Murcia;Hombres;042-043 III.Enfermedades de la sangre y de los órganos hematopoyéticos, y ciertos trastornos que afectan al mecanismo de la inmunidad;2021;23
30 Murcia;Hombres;042-043 III.Enfermedades de la sangre y de los órganos hematopoyéticos, y ciertos trastornos que afectan al mecanismo de la inmunidad;2020;20
30 Murcia;Hombres;042-043 III.Enfermedades de la sangre y de los órganos hematopoyéticos, y ciertos trastornos que afectan al mecanismo de la inmunidad;2019;29
30 Murcia;Hombres;042-043 III.Enfermedades de la sangre y de los órganos hematopoyéticos, y ciertos trastornos que afectan al mecanismo de la inmunidad;2018;23
30 Murcia;Hombres;044-045 IV.Enfermedades endocrinas, nutricionales y metabólicas;2022;290
30 Murcia;Hombres;044-045 IV.Enfermedades endocrinas, nutricionales y metabólicas;2021;232
30 Murcia;Hombres;044-045 IV.Enfermedades endocrinas, nutricionales y metabólicas;2020;245
30 Murcia;Hombres;044-045 IV.Enfermedades endocrinas, nutricionales y metabólicas;2019;209
30 Murcia;Hombres;044-045 IV.Enfermedades endocrinas, nutricionales y metabólicas;2018;193
30 Murcia;Hombres;046-049 V.Trastornos mentales y del comportamiento;2022;196
30 Murcia;Hombres;046-049 V.Trastornos mentales y del comportamiento;2021;174
30 Murcia;Hombres;046-049 V.Trastornos mentales y del comportamiento;2020;145
30 Murcia;Hombres;046-049 V.Trastornos mentales y del comportamiento;2019;186
30 Murcia;Hombres;046-049 V.Trastornos mentales y del comportamiento;2018;169
30 Murcia;Hombres;050-052 VI-VIII.Enfermedades del sistema nervioso y de los órganos de los sentidos;2022;388
30 Murcia;Hombres;050-052 VI-VIII.Enfermedades del sistema nervioso y de los órganos de los sentidos;2021;373
30 Murcia;Hombres;050-052 VI-VIII.Enfermedades del sistema nervioso y de los órganos de los sentidos;2020;362
30 Murcia;Hombres;050-052 VI-VIII.Enfermedades del sistema nervioso y de los órganos de los sentidos;2019;315
30 Murcia;Hombres;050-052 VI-VIII.Enfermedades del sistema nervioso y de los órganos de los sentidos;2018;314
30 Murcia;Hombres;053-061 IX.Enfermedades del sistema circulatorio;2022;1.730
30 Murcia;Hombres;053-061 IX.Enfermedades del sistema circulatorio;2021;1.616
30 Murcia;Hombres;053-061 IX.Enfermedades del sistema circulatorio;2020;1.689
30 Murcia;Hombres;053-061 IX.Enfermedades del sistema circulatorio;2019;1.584
30 Murcia;Hombres;053-061 IX.Enfermedades del sistema circulatorio;2018;1.549
30 Murcia;Hombres;062-067 X.Enfermedades del sistema respiratorio;2022;659
30 Murcia;Hombres;062-067 X.Enfermedades del sistema respiratorio;2021;600
30 Murcia;Hombres;062-067 X.Enfermedades del sistema respiratorio;2020;651
30 Murcia;Hombres;062-067 X.Enfermedades del sistema respiratorio;2019;800
30 Murcia;Hombres;062-067 X.Enfermedades del sistema respiratorio;2018;899
30 Murcia;Hombres;068-072 XI.Enfermedades del sistema digestivo;2022;327
30 Murcia;Hombres;068-072 XI.Enfermedades del sistema digestivo;2021;343
30 Murcia;Hombres;068-072 XI.Enfermedades del sistema digestivo;2020;288
30 Murcia;Hombres;068-072 XI.Enfermedades del sistema digestivo;2019;339
30 Murcia;Hombres;068-072 XI.Enfermedades del sistema digestivo;2018;317
30 Murcia;Hombres;073 XII.Enfermedades de la piel y del tejido subcutáneo;2022;24
30 Murcia;Hombres;073 XII.Enfermedades de la piel y del tejido subcutáneo;2021;15
30 Murcia;Hombres;073 XII.Enfermedades de la piel y del tejido subcutáneo;2020;10
30 Murcia;Hombres;073 XII.Enfermedades de la piel y del tejido subcutáneo;2019;15
30 Murcia;Hombres;073 XII.Enfermedades de la piel y del tejido subcutáneo;2018;23
30 Murcia;Hombres;074-076 XIII.Enfermedades del sistema osteomuscular y del tejido conjuntivo;2022;58
30 Murcia;Hombres;074-076 XIII.Enfermedades del sistema osteomuscular y del tejido conjuntivo;2021;56
30 Murcia;Hombres;074-076 XIII.Enfermedades del sistema osteomuscular y del tejido conjuntivo;2020;60
30 Murcia;Hombres;074-076 XIII.Enfermedades del sistema osteomuscular y del tejido conjuntivo;2019;49
30 Murcia;Hombres;074-076 XIII.Enfermedades del sistema osteomuscular y del tejido conjuntivo;2018;31
30 Murcia;Hombres;077-080 XIV.Enfermedades del sistema genitourinario;2022;231
30 Murcia;Hombres;077-080 XIV.Enfermedades del sistema genitourinario;2021;215
30 Murcia;Hombres;077-080 XIV.Enfermedades del sistema genitourinario;2020;219
30 Murcia;Hombres;077-080 XIV.Enfermedades del sistema genitourinario;2019;193
30 Murcia;Hombres;077-080 XIV.Enfermedades del sistema genitourinario;2018;200
30 Murcia;Hombres;081 XV.Embarazo, parto y puerperio;2022;0
30 Murcia;Hombres;081 XV.Embarazo, parto y puerperio;2021;0
30 Murcia;Hombres;081 XV.Embarazo, parto y puerperio;2020;0
30 Murcia;Hombres;081 XV.Embarazo, parto y puerperio;2019;0
30 Murcia;Hombres;081 XV.Embarazo, parto y puerperio;2018;0
30 Murcia;Hombres;082 XVI.Afecciones originadas en el periodo perinatal;2022;18
30 Murcia;Hombres;082 XVI.Afecciones originadas en el periodo perinatal;2021;9
30 Murcia;Hombres;082 XVI.Afecciones originadas en el periodo perinatal;2020;11
30 Murcia;Hombres;082 XVI.Afecciones originadas en el periodo perinatal;2019;18
30 Murcia;Hombres;082 XVI.Afecciones originadas en el periodo perinatal;2018;11
30 Murcia;Hombres;083-085 XVII.Malformaciones congénitas, deformidades y anomalías cromosómicas;2022;12
30 Murcia;Hombres;083-085 XVII.Malformaciones congénitas, deformidades y anomalías cromosómicas;2021;17
30 Murcia;Hombres;083-085 XVII.Malformaciones congénitas, deformidades y anomalías cromosómicas;2020;20
30 Murcia;Hombres;083-085 XVII.Malformaciones congénitas, deformidades y anomalías cromosómicas;2019;15
30 Murcia;Hombres;083-085 XVII.Malformaciones congénitas, deformidades y anomalías cromosómicas;2018;15
30 Murcia;Hombres;086-089 XVIII.Síntomas, signos y hallazgos anormales clínicos y de laboratorio, no clasificados en otra parte;2022;15
30 Murcia;Hombres;086-089 XVIII.Síntomas, signos y hallazgos anormales clínicos y de laboratorio, no clasificados en otra parte;2021;14
30 Murcia;Hombres;086-089 XVIII.Síntomas, signos y hallazgos anormales clínicos y de laboratorio, no clasificados en otra parte;2020;21
30 Murcia;Hombres;086-089 XVIII.Síntomas, signos y hallazgos anormales clínicos y de laboratorio, no clasificados en otra parte;2019;22
30 Murcia;Hombres;086-089 XVIII.Síntomas, signos y hallazgos anormales clínicos y de laboratorio, no clasificados en otra parte;2018;26
30 Murcia;Hombres;090-102 XX.Causas externas de mortalidad;2022;323
30 Murcia;Hombres;090-102 XX.Causas externas de mortalidad;2021;290
30 Murcia;Hombres;090-102 XX.Causas externas de mortalidad;2020;291
30 Murcia;Hombres;090-102 XX.Causas externas de mortalidad;2019;300
30 Murcia;Hombres;090-102 XX.Causas externas de mortalidad;2018;262
30 Murcia;Mujeres;001-008 I.Enfermedades infecciosas y parasitarias;2022;531
30 Murcia;Mujeres;001-008 I.Enfermedades infecciosas y parasitarias;2021;525
30 Murcia;Mujeres;001-008 I.Enfermedades infecciosas y parasitarias;2020;429
30 Murcia;Mujeres;001-008 I.Enfermedades infecciosas y parasitarias;2019;89
30 Murcia;Mujeres;001-008 I.Enfermedades infecciosas y parasitarias;2018;94
30 Murcia;Mujeres;009-041 II.Tumores;2022;1.235
30 Murcia;Mujeres;009-041 II.Tumores;2021;1.241
30 Murcia;Mujeres;009-041 II.Tumores;2020;1.138
30 Murcia;Mujeres;009-041 II.Tumores;2019;1.151
30 Murcia;Mujeres;009-041 II.Tumores;2018;1.059
30 Murcia;Mujeres;042-043 III.Enfermedades de la sangre y de los órganos hematopoyéticos, y ciertos trastornos que afectan al mecanismo de la inmunidad;2022;40
30 Murcia;Mujeres;042-043 III.Enfermedades de la sangre y de los órganos hematopoyéticos, y ciertos trastornos que afectan al mecanismo de la inmunidad;2021;39
30 Murcia;Mujeres;042-043 III.Enfermedades de la sangre y de los órganos hematopoyéticos, y ciertos trastornos que afectan al mecanismo de la inmunidad;2020;29
30 Murcia;Mujeres;042-043 III.Enfermedades de la sangre y de los órganos hematopoyéticos, y ciertos trastornos que afectan al mecanismo de la inmunidad;2019;26
30 Murcia;Mujeres;042-043 III.Enfermedades de la sangre y de los órganos hematopoyéticos, y ciertos trastornos que afectan al mecanismo de la inmunidad;2018;33
30 Murcia;Mujeres;044-045 IV.Enfermedades endocrinas, nutricionales y metabólicas;2022;333
30 Murcia;Mujeres;044-045 IV.Enfermedades endocrinas, nutricionales y metabólicas;2021;278
30 Murcia;Mujeres;044-045 IV.Enfermedades endocrinas, nutricionales y metabólicas;2020;301
30 Murcia;Mujeres;044-045 IV.Enfermedades endocrinas, nutricionales y metabólicas;2019;208
30 Murcia;Mujeres;044-045 IV.Enfermedades endocrinas, nutricionales y metabólicas;2018;209
30 Murcia;Mujeres;046-049 V.Trastornos mentales y del comportamiento;2022;313
30 Murcia;Mujeres;046-049 V.Trastornos mentales y del comportamiento;2021;284
30 Murcia;Mujeres;046-049 V.Trastornos mentales y del comportamiento;2020;315
30 Murcia;Mujeres;046-049 V.Trastornos mentales y del comportamiento;2019;323
30 Murcia;Mujeres;046-049 V.Trastornos mentales y del comportamiento;2018;285
30 Murcia;Mujeres;050-052 VI-VIII.Enfermedades del sistema nervioso y de los órganos de los sentidos;2022;563
30 Murcia;Mujeres;050-052 VI-VIII.Enfermedades del sistema nervioso y de los órganos de los sentidos;2021;541
30 Murcia;Mujeres;050-052 VI-VIII.Enfermedades del sistema nervioso y de los órganos de los sentidos;2020;654
30 Murcia;Mujeres;050-052 VI-VIII.Enfermedades del sistema nervioso y de los órganos de los sentidos;2019;575
30 Murcia;Mujeres;050-052 VI-VIII.Enfermedades del sistema nervioso y de los órganos de los sentidos;2018;537
30 Murcia;Mujeres;053-061 IX.Enfermedades del sistema circulatorio;2022;1.899
30 Murcia;Mujeres;053-061 IX.Enfermedades del sistema circulatorio;2021;1.856
30 Murcia;Mujeres;053-061 IX.Enfermedades del sistema circulatorio;2020;1.783
30 Murcia;Mujeres;053-061 IX.Enfermedades del sistema circulatorio;2019;1.817
30 Murcia;Mujeres;053-061 IX.Enfermedades del sistema circulatorio;2018;1.675
30 Murcia;Mujeres;062-067 X.Enfermedades del sistema respiratorio;2022;458
30 Murcia;Mujeres;062-067 X.Enfermedades del sistema respiratorio;2021;388
30 Murcia;Mujeres;062-067 X.Enfermedades del sistema respiratorio;2020;414
30 Murcia;Mujeres;062-067 X.Enfermedades del sistema respiratorio;2019;546
30 Murcia;Mujeres;062-067 X.Enfermedades del sistema respiratorio;2018;671
30 Murcia;Mujeres;068-072 XI.Enfermedades del sistema digestivo;2022;289
30 Murcia;Mujeres;068-072 XI.Enfermedades del sistema digestivo;2021;317
30 Murcia;Mujeres;068-072 XI.Enfermedades del sistema digestivo;2020;270
30 Murcia;Mujeres;068-072 XI.Enfermedades del sistema digestivo;2019;313
30 Murcia;Mujeres;068-072 XI.Enfermedades del sistema digestivo;2018;286
30 Murcia;Mujeres;073 XII.Enfermedades de la piel y del tejido subcutáneo;2022;34
30 Murcia;Mujeres;073 XII.Enfermedades de la piel y del tejido subcutáneo;2021;34
30 Murcia;Mujeres;073 XII.Enfermedades de la piel y del tejido subcutáneo;2020;26
30 Murcia;Mujeres;073 XII.Enfermedades de la piel y del tejido subcutáneo;2019;39
30 Murcia;Mujeres;073 XII.Enfermedades de la piel y del tejido subcutáneo;2018;52
30 Murcia;Mujeres;074-076 XIII.Enfermedades del sistema osteomuscular y del tejido conjuntivo;2022;111
30 Murcia;Mujeres;074-076 XIII.Enfermedades del sistema osteomuscular y del tejido conjuntivo;2021;96
30 Murcia;Mujeres;074-076 XIII.Enfermedades del sistema osteomuscular y del tejido conjuntivo;2020;101
30 Murcia;Mujeres;074-076 XIII.Enfermedades del sistema osteomuscular y del tejido conjuntivo;2019;85
30 Murcia;Mujeres;074-076 XIII.Enfermedades del sistema osteomuscular y del tejido conjuntivo;2018;85
30 Murcia;Mujeres;077-080 XIV.Enfermedades del sistema genitourinario;2022;407
30 Murcia;Mujeres;077-080 XIV.Enfermedades del sistema genitourinario;2021;316
30 Murcia;Mujeres;077-080 XIV.Enfermedades del sistema genitourinario;2020;294
30 Murcia;Mujeres;077-080 XIV.Enfermedades del sistema genitourinario;2019;277
30 Murcia;Mujeres;077-080 XIV.Enfermedades del sistema genitourinario;2018;300
30 Murcia;Mujeres;081 XV.Embarazo, parto y puerperio;2022;0
30 Murcia;Mujeres;081 XV.Embarazo, parto y puerperio;2021;1
30 Murcia;Mujeres;081 XV.Embarazo, parto y puerperio;2020;0
30 Murcia;Mujeres;081 XV.Embarazo, parto y puerperio;2019;0
30 Murcia;Mujeres;081 XV.Embarazo, parto y puerperio;2018;0
30 Murcia;Mujeres;082 XVI.Afecciones originadas en el periodo perinatal;2022;9
30 Murcia;Mujeres;082 XVI.Afecciones originadas en el periodo perinatal;2021;9
30 Murcia;Mujeres;082 XVI.Afecciones originadas en el periodo perinatal;2020;13
30 Murcia;Mujeres;082 XVI.Afecciones originadas en el periodo perinatal;2019;19
30 Murcia;Mujeres;082 XVI.Afecciones originadas en el periodo perinatal;2018;8
30 Murcia;Mujeres;083-085 XVII.Malformaciones congénitas, deformidades y anomalías cromosómicas;2022;12
30 Murcia;Mujeres;083-085 XVII.Malformaciones congénitas, deformidades y anomalías cromosómicas;2021;19
30 Murcia;Mujeres;083-085 XVII.Malformaciones congénitas, deformidades y anomalías cromosómicas;2020;15
30 Murcia;Mujeres;083-085 XVII.Malformaciones congénitas, deformidades y anomalías cromosómicas;2019;18
30 Murcia;Mujeres;083-085 XVII.Malformaciones congénitas, deformidades y anomalías cromosómicas;2018;16
30 Murcia;Mujeres;086-089 XVIII.Síntomas, signos y hallazgos anormales clínicos y de laboratorio, no clasificados en otra parte;2022;12
30 Murcia;Mujeres;086-089 XVIII.Síntomas, signos y hallazgos anormales clínicos y de laboratorio, no clasificados en otra parte;2021;32
30 Murcia;Mujeres;086-089 XVIII.Síntomas, signos y hallazgos anormales clínicos y de laboratorio, no clasificados en otra parte;2020;37
30 Murcia;Mujeres;086-089 XVIII.Síntomas, signos y hallazgos anormales clínicos y de laboratorio, no clasificados en otra parte;2019;32
30 Murcia;Mujeres;086-089 XVIII.Síntomas, signos y hallazgos anormales clínicos y de laboratorio, no clasificados en otra parte;2018;47
30 Murcia;Mujeres;090-102 XX.Causas externas de mortalidad;2022;116
30 Murcia;Mujeres;090-102 XX.Causas externas de mortalidad;2021;113
30 Murcia;Mujeres;090-102 XX.Causas externas de mortalidad;2020;80
30 Murcia;Mujeres;090-102 XX.Causas externas de mortalidad;2019;115
30 Murcia;Mujeres;090-102 XX.Causas externas de mortalidad;2018;129
31 Navarra;Hombres;001-008 I.Enfermedades infecciosas y parasitarias;2022;304
31 Navarra;Hombres;001-008 I.Enfermedades infecciosas y parasitarias;2021;228
31 Navarra;Hombres;001-008 I.Enfermedades infecciosas y parasitarias;2020;591
31 Navarra;Hombres;001-008 I.Enfermedades infecciosas y parasitarias;2019;39
31 Navarra;Hombres;001-008 I.Enfermedades infecciosas y parasitarias;2018;24
31 Navarra;Hombres;009-041 II.Tumores;2022;986
31 Navarra;Hombres;009-041 II.Tumores;2021;1.050
31 Navarra;Hombres;009-041 II.Tumores;2020;984
31 Navarra;Hombres;009-041 II.Tumores;2019;948
31 Navarra;Hombres;009-041 II.Tumores;2018;985
31 Navarra;Hombres;042-043 III.Enfermedades de la sangre y de los órganos hematopoyéticos, y ciertos trastornos que afectan al mecanismo de la inmunidad;2022;21
31 Navarra;Hombres;042-043 III.Enfermedades de la sangre y de los órganos hematopoyéticos, y ciertos trastornos que afectan al mecanismo de la inmunidad;2021;9
31 Navarra;Hombres;042-043 III.Enfermedades de la sangre y de los órganos hematopoyéticos, y ciertos trastornos que afectan al mecanismo de la inmunidad;2020;14
31 Navarra;Hombres;042-043 III.Enfermedades de la sangre y de los órganos hematopoyéticos, y ciertos trastornos que afectan al mecanismo de la inmunidad;2019;26
31 Navarra;Hombres;042-043 III.Enfermedades de la sangre y de los órganos hematopoyéticos, y ciertos trastornos que afectan al mecanismo de la inmunidad;2018;14
31 Navarra;Hombres;044-045 IV.Enfermedades endocrinas, nutricionales y metabólicas;2022;87
31 Navarra;Hombres;044-045 IV.Enfermedades endocrinas, nutricionales y metabólicas;2021;80
31 Navarra;Hombres;044-045 IV.Enfermedades endocrinas, nutricionales y metabólicas;2020;109
31 Navarra;Hombres;044-045 IV.Enfermedades endocrinas, nutricionales y metabólicas;2019;71
31 Navarra;Hombres;044-045 IV.Enfermedades endocrinas, nutricionales y metabólicas;2018;92
31 Navarra;Hombres;046-049 V.Trastornos mentales y del comportamiento;2022;167
31 Navarra;Hombres;046-049 V.Trastornos mentales y del comportamiento;2021;136
31 Navarra;Hombres;046-049 V.Trastornos mentales y del comportamiento;2020;97
31 Navarra;Hombres;046-049 V.Trastornos mentales y del comportamiento;2019;150
31 Navarra;Hombres;046-049 V.Trastornos mentales y del comportamiento;2018;154
31 Navarra;Hombres;050-052 VI-VIII.Enfermedades del sistema nervioso y de los órganos de los sentidos;2022;180
31 Navarra;Hombres;050-052 VI-VIII.Enfermedades del sistema nervioso y de los órganos de los sentidos;2021;167
31 Navarra;Hombres;050-052 VI-VIII.Enfermedades del sistema nervioso y de los órganos de los sentidos;2020;180
31 Navarra;Hombres;050-052 VI-VIII.Enfermedades del sistema nervioso y de los órganos de los sentidos;2019;173
31 Navarra;Hombres;050-052 VI-VIII.Enfermedades del sistema nervioso y de los órganos de los sentidos;2018;189
31 Navarra;Hombres;053-061 IX.Enfermedades del sistema circulatorio;2022;723
31 Navarra;Hombres;053-061 IX.Enfermedades del sistema circulatorio;2021;692
31 Navarra;Hombres;053-061 IX.Enfermedades del sistema circulatorio;2020;674
31 Navarra;Hombres;053-061 IX.Enfermedades del sistema circulatorio;2019;674
31 Navarra;Hombres;053-061 IX.Enfermedades del sistema circulatorio;2018;715
31 Navarra;Hombres;062-067 X.Enfermedades del sistema respiratorio;2022;301
31 Navarra;Hombres;062-067 X.Enfermedades del sistema respiratorio;2021;211
31 Navarra;Hombres;062-067 X.Enfermedades del sistema respiratorio;2020;313
31 Navarra;Hombres;062-067 X.Enfermedades del sistema respiratorio;2019;275
31 Navarra;Hombres;062-067 X.Enfermedades del sistema respiratorio;2018;372
31 Navarra;Hombres;068-072 XI.Enfermedades del sistema digestivo;2022;159
31 Navarra;Hombres;068-072 XI.Enfermedades del sistema digestivo;2021;145
31 Navarra;Hombres;068-072 XI.Enfermedades del sistema digestivo;2020;139
31 Navarra;Hombres;068-072 XI.Enfermedades del sistema digestivo;2019;146
31 Navarra;Hombres;068-072 XI.Enfermedades del sistema digestivo;2018;143
31 Navarra;Hombres;073 XII.Enfermedades de la piel y del tejido subcutáneo;2022;11
31 Navarra;Hombres;073 XII.Enfermedades de la piel y del tejido subcutáneo;2021;19
31 Navarra;Hombres;073 XII.Enfermedades de la piel y del tejido subcutáneo;2020;15
31 Navarra;Hombres;073 XII.Enfermedades de la piel y del tejido subcutáneo;2019;9
31 Navarra;Hombres;073 XII.Enfermedades de la piel y del tejido subcutáneo;2018;14
31 Navarra;Hombres;074-076 XIII.Enfermedades del sistema osteomuscular y del tejido conjuntivo;2022;22
31 Navarra;Hombres;074-076 XIII.Enfermedades del sistema osteomuscular y del tejido conjuntivo;2021;20
31 Navarra;Hombres;074-076 XIII.Enfermedades del sistema osteomuscular y del tejido conjuntivo;2020;29
31 Navarra;Hombres;074-076 XIII.Enfermedades del sistema osteomuscular y del tejido conjuntivo;2019;24
31 Navarra;Hombres;074-076 XIII.Enfermedades del sistema osteomuscular y del tejido conjuntivo;2018;26
31 Navarra;Hombres;077-080 XIV.Enfermedades del sistema genitourinario;2022;94
31 Navarra;Hombres;077-080 XIV.Enfermedades del sistema genitourinario;2021;82
31 Navarra;Hombres;077-080 XIV.Enfermedades del sistema genitourinario;2020;75
31 Navarra;Hombres;077-080 XIV.Enfermedades del sistema genitourinario;2019;79
31 Navarra;Hombres;077-080 XIV.Enfermedades del sistema genitourinario;2018;75
31 Navarra;Hombres;081 XV.Embarazo, parto y puerperio;2022;0
31 Navarra;Hombres;081 XV.Embarazo, parto y puerperio;2021;0
31 Navarra;Hombres;081 XV.Embarazo, parto y puerperio;2020;0
31 Navarra;Hombres;081 XV.Embarazo, parto y puerperio;2019;0
31 Navarra;Hombres;081 XV.Embarazo, parto y puerperio;2018;0
31 Navarra;Hombres;082 XVI.Afecciones originadas en el periodo perinatal;2022;5
31 Navarra;Hombres;082 XVI.Afecciones originadas en el periodo perinatal;2021;6
31 Navarra;Hombres;082 XVI.Afecciones originadas en el periodo perinatal;2020;0
31 Navarra;Hombres;082 XVI.Afecciones originadas en el periodo perinatal;2019;4
31 Navarra;Hombres;082 XVI.Afecciones originadas en el periodo perinatal;2018;4
31 Navarra;Hombres;083-085 XVII.Malformaciones congénitas, deformidades y anomalías cromosómicas;2022;10
31 Navarra;Hombres;083-085 XVII.Malformaciones congénitas, deformidades y anomalías cromosómicas;2021;7
31 Navarra;Hombres;083-085 XVII.Malformaciones congénitas, deformidades y anomalías cromosómicas;2020;14
31 Navarra;Hombres;083-085 XVII.Malformaciones congénitas, deformidades y anomalías cromosómicas;2019;10
31 Navarra;Hombres;083-085 XVII.Malformaciones congénitas, deformidades y anomalías cromosómicas;2018;8
31 Navarra;Hombres;086-089 XVIII.Síntomas, signos y hallazgos anormales clínicos y de laboratorio, no clasificados en otra parte;2022;13
31 Navarra;Hombres;086-089 XVIII.Síntomas, signos y hallazgos anormales clínicos y de laboratorio, no clasificados en otra parte;2021;10
31 Navarra;Hombres;086-089 XVIII.Síntomas, signos y hallazgos anormales clínicos y de laboratorio, no clasificados en otra parte;2020;12
31 Navarra;Hombres;086-089 XVIII.Síntomas, signos y hallazgos anormales clínicos y de laboratorio, no clasificados en otra parte;2019;8
31 Navarra;Hombres;086-089 XVIII.Síntomas, signos y hallazgos anormales clínicos y de laboratorio, no clasificados en otra parte;2018;4
31 Navarra;Hombres;090-102 XX.Causas externas de mortalidad;2022;173
31 Navarra;Hombres;090-102 XX.Causas externas de mortalidad;2021;163
31 Navarra;Hombres;090-102 XX.Causas externas de mortalidad;2020;141
31 Navarra;Hombres;090-102 XX.Causas externas de mortalidad;2019;157
31 Navarra;Hombres;090-102 XX.Causas externas de mortalidad;2018;170
31 Navarra;Mujeres;001-008 I.Enfermedades infecciosas y parasitarias;2022;317
31 Navarra;Mujeres;001-008 I.Enfermedades infecciosas y parasitarias;2021;194
31 Navarra;Mujeres;001-008 I.Enfermedades infecciosas y parasitarias;2020;647
31 Navarra;Mujeres;001-008 I.Enfermedades infecciosas y parasitarias;2019;41
31 Navarra;Mujeres;001-008 I.Enfermedades infecciosas y parasitarias;2018;38
31 Navarra;Mujeres;009-041 II.Tumores;2022;626
31 Navarra;Mujeres;009-041 II.Tumores;2021;700
31 Navarra;Mujeres;009-041 II.Tumores;2020;673
31 Navarra;Mujeres;009-041 II.Tumores;2019;656
31 Navarra;Mujeres;009-041 II.Tumores;2018;634
31 Navarra;Mujeres;042-043 III.Enfermedades de la sangre y de los órganos hematopoyéticos, y ciertos trastornos que afectan al mecanismo de la inmunidad;2022;19
31 Navarra;Mujeres;042-043 III.Enfermedades de la sangre y de los órganos hematopoyéticos, y ciertos trastornos que afectan al mecanismo de la inmunidad;2021;18
31 Navarra;Mujeres;042-043 III.Enfermedades de la sangre y de los órganos hematopoyéticos, y ciertos trastornos que afectan al mecanismo de la inmunidad;2020;16
31 Navarra;Mujeres;042-043 III.Enfermedades de la sangre y de los órganos hematopoyéticos, y ciertos trastornos que afectan al mecanismo de la inmunidad;2019;25
31 Navarra;Mujeres;042-043 III.Enfermedades de la sangre y de los órganos hematopoyéticos, y ciertos trastornos que afectan al mecanismo de la inmunidad;2018;16
31 Navarra;Mujeres;044-045 IV.Enfermedades endocrinas, nutricionales y metabólicas;2022;103
31 Navarra;Mujeres;044-045 IV.Enfermedades endocrinas, nutricionales y metabólicas;2021;86
31 Navarra;Mujeres;044-045 IV.Enfermedades endocrinas, nutricionales y metabólicas;2020;102
31 Navarra;Mujeres;044-045 IV.Enfermedades endocrinas, nutricionales y metabólicas;2019;97
31 Navarra;Mujeres;044-045 IV.Enfermedades endocrinas, nutricionales y metabólicas;2018;87
31 Navarra;Mujeres;046-049 V.Trastornos mentales y del comportamiento;2022;243
31 Navarra;Mujeres;046-049 V.Trastornos mentales y del comportamiento;2021;204
31 Navarra;Mujeres;046-049 V.Trastornos mentales y del comportamiento;2020;200
31 Navarra;Mujeres;046-049 V.Trastornos mentales y del comportamiento;2019;246
31 Navarra;Mujeres;046-049 V.Trastornos mentales y del comportamiento;2018;237
31 Navarra;Mujeres;050-052 VI-VIII.Enfermedades del sistema nervioso y de los órganos de los sentidos;2022;299
31 Navarra;Mujeres;050-052 VI-VIII.Enfermedades del sistema nervioso y de los órganos de los sentidos;2021;282
31 Navarra;Mujeres;050-052 VI-VIII.Enfermedades del sistema nervioso y de los órganos de los sentidos;2020;332
31 Navarra;Mujeres;050-052 VI-VIII.Enfermedades del sistema nervioso y de los órganos de los sentidos;2019;306
31 Navarra;Mujeres;050-052 VI-VIII.Enfermedades del sistema nervioso y de los órganos de los sentidos;2018;352
31 Navarra;Mujeres;053-061 IX.Enfermedades del sistema circulatorio;2022;787
31 Navarra;Mujeres;053-061 IX.Enfermedades del sistema circulatorio;2021;689
31 Navarra;Mujeres;053-061 IX.Enfermedades del sistema circulatorio;2020;746
31 Navarra;Mujeres;053-061 IX.Enfermedades del sistema circulatorio;2019;784
31 Navarra;Mujeres;053-061 IX.Enfermedades del sistema circulatorio;2018;817
31 Navarra;Mujeres;062-067 X.Enfermedades del sistema respiratorio;2022;266
31 Navarra;Mujeres;062-067 X.Enfermedades del sistema respiratorio;2021;180
31 Navarra;Mujeres;062-067 X.Enfermedades del sistema respiratorio;2020;209
31 Navarra;Mujeres;062-067 X.Enfermedades del sistema respiratorio;2019;265
31 Navarra;Mujeres;062-067 X.Enfermedades del sistema respiratorio;2018;313
31 Navarra;Mujeres;068-072 XI.Enfermedades del sistema digestivo;2022;139
31 Navarra;Mujeres;068-072 XI.Enfermedades del sistema digestivo;2021;137
31 Navarra;Mujeres;068-072 XI.Enfermedades del sistema digestivo;2020;141
31 Navarra;Mujeres;068-072 XI.Enfermedades del sistema digestivo;2019;139
31 Navarra;Mujeres;068-072 XI.Enfermedades del sistema digestivo;2018;133
31 Navarra;Mujeres;073 XII.Enfermedades de la piel y del tejido subcutáneo;2022;19
31 Navarra;Mujeres;073 XII.Enfermedades de la piel y del tejido subcutáneo;2021;20
31 Navarra;Mujeres;073 XII.Enfermedades de la piel y del tejido subcutáneo;2020;20
31 Navarra;Mujeres;073 XII.Enfermedades de la piel y del tejido subcutáneo;2019;19
31 Navarra;Mujeres;073 XII.Enfermedades de la piel y del tejido subcutáneo;2018;16
31 Navarra;Mujeres;074-076 XIII.Enfermedades del sistema osteomuscular y del tejido conjuntivo;2022;58
31 Navarra;Mujeres;074-076 XIII.Enfermedades del sistema osteomuscular y del tejido conjuntivo;2021;52
31 Navarra;Mujeres;074-076 XIII.Enfermedades del sistema osteomuscular y del tejido conjuntivo;2020;49
31 Navarra;Mujeres;074-076 XIII.Enfermedades del sistema osteomuscular y del tejido conjuntivo;2019;52
31 Navarra;Mujeres;074-076 XIII.Enfermedades del sistema osteomuscular y del tejido conjuntivo;2018;47
31 Navarra;Mujeres;077-080 XIV.Enfermedades del sistema genitourinario;2022;120
31 Navarra;Mujeres;077-080 XIV.Enfermedades del sistema genitourinario;2021;114
31 Navarra;Mujeres;077-080 XIV.Enfermedades del sistema genitourinario;2020;92
31 Navarra;Mujeres;077-080 XIV.Enfermedades del sistema genitourinario;2019;86
31 Navarra;Mujeres;077-080 XIV.Enfermedades del sistema genitourinario;2018;93
31 Navarra;Mujeres;081 XV.Embarazo, parto y puerperio;2022;0
31 Navarra;Mujeres;081 XV.Embarazo, parto y puerperio;2021;0
31 Navarra;Mujeres;081 XV.Embarazo, parto y puerperio;2020;1
31 Navarra;Mujeres;081 XV.Embarazo, parto y puerperio;2019;0
31 Navarra;Mujeres;081 XV.Embarazo, parto y puerperio;2018;0
31 Navarra;Mujeres;082 XVI.Afecciones originadas en el periodo perinatal;2022;0
31 Navarra;Mujeres;082 XVI.Afecciones originadas en el periodo perinatal;2021;4
31 Navarra;Mujeres;082 XVI.Afecciones originadas en el periodo perinatal;2020;4
31 Navarra;Mujeres;082 XVI.Afecciones originadas en el periodo perinatal;2019;4
31 Navarra;Mujeres;082 XVI.Afecciones originadas en el periodo perinatal;2018;4
31 Navarra;Mujeres;083-085 XVII.Malformaciones congénitas, deformidades y anomalías cromosómicas;2022;11
31 Navarra;Mujeres;083-085 XVII.Malformaciones congénitas, deformidades y anomalías cromosómicas;2021;7
31 Navarra;Mujeres;083-085 XVII.Malformaciones congénitas, deformidades y anomalías cromosómicas;2020;8
31 Navarra;Mujeres;083-085 XVII.Malformaciones congénitas, deformidades y anomalías cromosómicas;2019;4
31 Navarra;Mujeres;083-085 XVII.Malformaciones congénitas, deformidades y anomalías cromosómicas;2018;7
31 Navarra;Mujeres;086-089 XVIII.Síntomas, signos y hallazgos anormales clínicos y de laboratorio, no clasificados en otra parte;2022;2
31 Navarra;Mujeres;086-089 XVIII.Síntomas, signos y hallazgos anormales clínicos y de laboratorio, no clasificados en otra parte;2021;7
31 Navarra;Mujeres;086-089 XVIII.Síntomas, signos y hallazgos anormales clínicos y de laboratorio, no clasificados en otra parte;2020;8
31 Navarra;Mujeres;086-089 XVIII.Síntomas, signos y hallazgos anormales clínicos y de laboratorio, no clasificados en otra parte;2019;8
31 Navarra;Mujeres;086-089 XVIII.Síntomas, signos y hallazgos anormales clínicos y de laboratorio, no clasificados en otra parte;2018;14
31 Navarra;Mujeres;090-102 XX.Causas externas de mortalidad;2022;113
31 Navarra;Mujeres;090-102 XX.Causas externas de mortalidad;2021;123
31 Navarra;Mujeres;090-102 XX.Causas externas de mortalidad;2020;103
31 Navarra;Mujeres;090-102 XX.Causas externas de mortalidad;2019;97
31 Navarra;Mujeres;090-102 XX.Causas externas de mortalidad;2018;96
32 Ourense;Hombres;001-008 I.Enfermedades infecciosas y parasitarias;2022;179
32 Ourense;Hombres;001-008 I.Enfermedades infecciosas y parasitarias;2021;141
32 Ourense;Hombres;001-008 I.Enfermedades infecciosas y parasitarias;2020;200
32 Ourense;Hombres;001-008 I.Enfermedades infecciosas y parasitarias;2019;35
32 Ourense;Hombres;001-008 I.Enfermedades infecciosas y parasitarias;2018;25
32 Ourense;Hombres;009-041 II.Tumores;2022;666
32 Ourense;Hombres;009-041 II.Tumores;2021;728
32 Ourense;Hombres;009-041 II.Tumores;2020;714
32 Ourense;Hombres;009-041 II.Tumores;2019;696
32 Ourense;Hombres;009-041 II.Tumores;2018;744
32 Ourense;Hombres;042-043 III.Enfermedades de la sangre y de los órganos hematopoyéticos, y ciertos trastornos que afectan al mecanismo de la inmunidad;2022;9
32 Ourense;Hombres;042-043 III.Enfermedades de la sangre y de los órganos hematopoyéticos, y ciertos trastornos que afectan al mecanismo de la inmunidad;2021;11
32 Ourense;Hombres;042-043 III.Enfermedades de la sangre y de los órganos hematopoyéticos, y ciertos trastornos que afectan al mecanismo de la inmunidad;2020;13
32 Ourense;Hombres;042-043 III.Enfermedades de la sangre y de los órganos hematopoyéticos, y ciertos trastornos que afectan al mecanismo de la inmunidad;2019;9
32 Ourense;Hombres;042-043 III.Enfermedades de la sangre y de los órganos hematopoyéticos, y ciertos trastornos que afectan al mecanismo de la inmunidad;2018;12
32 Ourense;Hombres;044-045 IV.Enfermedades endocrinas, nutricionales y metabólicas;2022;94
32 Ourense;Hombres;044-045 IV.Enfermedades endocrinas, nutricionales y metabólicas;2021;73
32 Ourense;Hombres;044-045 IV.Enfermedades endocrinas, nutricionales y metabólicas;2020;56
32 Ourense;Hombres;044-045 IV.Enfermedades endocrinas, nutricionales y metabólicas;2019;46
32 Ourense;Hombres;044-045 IV.Enfermedades endocrinas, nutricionales y metabólicas;2018;40
32 Ourense;Hombres;046-049 V.Trastornos mentales y del comportamiento;2022;149
32 Ourense;Hombres;046-049 V.Trastornos mentales y del comportamiento;2021;97
32 Ourense;Hombres;046-049 V.Trastornos mentales y del comportamiento;2020;139
32 Ourense;Hombres;046-049 V.Trastornos mentales y del comportamiento;2019;135
32 Ourense;Hombres;046-049 V.Trastornos mentales y del comportamiento;2018;142
32 Ourense;Hombres;050-052 VI-VIII.Enfermedades del sistema nervioso y de los órganos de los sentidos;2022;93
32 Ourense;Hombres;050-052 VI-VIII.Enfermedades del sistema nervioso y de los órganos de los sentidos;2021;91
32 Ourense;Hombres;050-052 VI-VIII.Enfermedades del sistema nervioso y de los órganos de los sentidos;2020;78
32 Ourense;Hombres;050-052 VI-VIII.Enfermedades del sistema nervioso y de los órganos de los sentidos;2019;79
32 Ourense;Hombres;050-052 VI-VIII.Enfermedades del sistema nervioso y de los órganos de los sentidos;2018;101
32 Ourense;Hombres;053-061 IX.Enfermedades del sistema circulatorio;2022;618
32 Ourense;Hombres;053-061 IX.Enfermedades del sistema circulatorio;2021;668
32 Ourense;Hombres;053-061 IX.Enfermedades del sistema circulatorio;2020;669
32 Ourense;Hombres;053-061 IX.Enfermedades del sistema circulatorio;2019;605
32 Ourense;Hombres;053-061 IX.Enfermedades del sistema circulatorio;2018;612
32 Ourense;Hombres;062-067 X.Enfermedades del sistema respiratorio;2022;278
32 Ourense;Hombres;062-067 X.Enfermedades del sistema respiratorio;2021;222
32 Ourense;Hombres;062-067 X.Enfermedades del sistema respiratorio;2020;288
32 Ourense;Hombres;062-067 X.Enfermedades del sistema respiratorio;2019;292
32 Ourense;Hombres;062-067 X.Enfermedades del sistema respiratorio;2018;339
32 Ourense;Hombres;068-072 XI.Enfermedades del sistema digestivo;2022;126
32 Ourense;Hombres;068-072 XI.Enfermedades del sistema digestivo;2021;131
32 Ourense;Hombres;068-072 XI.Enfermedades del sistema digestivo;2020;131
32 Ourense;Hombres;068-072 XI.Enfermedades del sistema digestivo;2019;131
32 Ourense;Hombres;068-072 XI.Enfermedades del sistema digestivo;2018;132
32 Ourense;Hombres;073 XII.Enfermedades de la piel y del tejido subcutáneo;2022;9
32 Ourense;Hombres;073 XII.Enfermedades de la piel y del tejido subcutáneo;2021;6
32 Ourense;Hombres;073 XII.Enfermedades de la piel y del tejido subcutáneo;2020;8
32 Ourense;Hombres;073 XII.Enfermedades de la piel y del tejido subcutáneo;2019;10
32 Ourense;Hombres;073 XII.Enfermedades de la piel y del tejido subcutáneo;2018;4
32 Ourense;Hombres;074-076 XIII.Enfermedades del sistema osteomuscular y del tejido conjuntivo;2022;23
32 Ourense;Hombres;074-076 XIII.Enfermedades del sistema osteomuscular y del tejido conjuntivo;2021;12
32 Ourense;Hombres;074-076 XIII.Enfermedades del sistema osteomuscular y del tejido conjuntivo;2020;15
32 Ourense;Hombres;074-076 XIII.Enfermedades del sistema osteomuscular y del tejido conjuntivo;2019;19
32 Ourense;Hombres;074-076 XIII.Enfermedades del sistema osteomuscular y del tejido conjuntivo;2018;15
32 Ourense;Hombres;077-080 XIV.Enfermedades del sistema genitourinario;2022;86
32 Ourense;Hombres;077-080 XIV.Enfermedades del sistema genitourinario;2021;93
32 Ourense;Hombres;077-080 XIV.Enfermedades del sistema genitourinario;2020;76
32 Ourense;Hombres;077-080 XIV.Enfermedades del sistema genitourinario;2019;61
32 Ourense;Hombres;077-080 XIV.Enfermedades del sistema genitourinario;2018;56
32 Ourense;Hombres;081 XV.Embarazo, parto y puerperio;2022;0
32 Ourense;Hombres;081 XV.Embarazo, parto y puerperio;2021;0
32 Ourense;Hombres;081 XV.Embarazo, parto y puerperio;2020;0
32 Ourense;Hombres;081 XV.Embarazo, parto y puerperio;2019;0
32 Ourense;Hombres;081 XV.Embarazo, parto y puerperio;2018;0
32 Ourense;Hombres;082 XVI.Afecciones originadas en el periodo perinatal;2022;0
32 Ourense;Hombres;082 XVI.Afecciones originadas en el periodo perinatal;2021;0
32 Ourense;Hombres;082 XVI.Afecciones originadas en el periodo perinatal;2020;0
32 Ourense;Hombres;082 XVI.Afecciones originadas en el periodo perinatal;2019;0
32 Ourense;Hombres;082 XVI.Afecciones originadas en el periodo perinatal;2018;1
32 Ourense;Hombres;083-085 XVII.Malformaciones congénitas, deformidades y anomalías cromosómicas;2022;2
32 Ourense;Hombres;083-085 XVII.Malformaciones congénitas, deformidades y anomalías cromosómicas;2021;3
32 Ourense;Hombres;083-085 XVII.Malformaciones congénitas, deformidades y anomalías cromosómicas;2020;2
32 Ourense;Hombres;083-085 XVII.Malformaciones congénitas, deformidades y anomalías cromosómicas;2019;5
32 Ourense;Hombres;083-085 XVII.Malformaciones congénitas, deformidades y anomalías cromosómicas;2018;1
32 Ourense;Hombres;086-089 XVIII.Síntomas, signos y hallazgos anormales clínicos y de laboratorio, no clasificados en otra parte;2022;27
32 Ourense;Hombres;086-089 XVIII.Síntomas, signos y hallazgos anormales clínicos y de laboratorio, no clasificados en otra parte;2021;12
32 Ourense;Hombres;086-089 XVIII.Síntomas, signos y hallazgos anormales clínicos y de laboratorio, no clasificados en otra parte;2020;18
32 Ourense;Hombres;086-089 XVIII.Síntomas, signos y hallazgos anormales clínicos y de laboratorio, no clasificados en otra parte;2019;87
32 Ourense;Hombres;086-089 XVIII.Síntomas, signos y hallazgos anormales clínicos y de laboratorio, no clasificados en otra parte;2018;56
32 Ourense;Hombres;090-102 XX.Causas externas de mortalidad;2022;153
32 Ourense;Hombres;090-102 XX.Causas externas de mortalidad;2021;114
32 Ourense;Hombres;090-102 XX.Causas externas de mortalidad;2020;97
32 Ourense;Hombres;090-102 XX.Causas externas de mortalidad;2019;99
32 Ourense;Hombres;090-102 XX.Causas externas de mortalidad;2018;91
32 Ourense;Mujeres;001-008 I.Enfermedades infecciosas y parasitarias;2022;166
32 Ourense;Mujeres;001-008 I.Enfermedades infecciosas y parasitarias;2021;103
32 Ourense;Mujeres;001-008 I.Enfermedades infecciosas y parasitarias;2020;195
32 Ourense;Mujeres;001-008 I.Enfermedades infecciosas y parasitarias;2019;37
32 Ourense;Mujeres;001-008 I.Enfermedades infecciosas y parasitarias;2018;32
32 Ourense;Mujeres;009-041 II.Tumores;2022;413
32 Ourense;Mujeres;009-041 II.Tumores;2021;436
32 Ourense;Mujeres;009-041 II.Tumores;2020;460
32 Ourense;Mujeres;009-041 II.Tumores;2019;465
32 Ourense;Mujeres;009-041 II.Tumores;2018;427
32 Ourense;Mujeres;042-043 III.Enfermedades de la sangre y de los órganos hematopoyéticos, y ciertos trastornos que afectan al mecanismo de la inmunidad;2022;14
32 Ourense;Mujeres;042-043 III.Enfermedades de la sangre y de los órganos hematopoyéticos, y ciertos trastornos que afectan al mecanismo de la inmunidad;2021;18
32 Ourense;Mujeres;042-043 III.Enfermedades de la sangre y de los órganos hematopoyéticos, y ciertos trastornos que afectan al mecanismo de la inmunidad;2020;17
32 Ourense;Mujeres;042-043 III.Enfermedades de la sangre y de los órganos hematopoyéticos, y ciertos trastornos que afectan al mecanismo de la inmunidad;2019;22
32 Ourense;Mujeres;042-043 III.Enfermedades de la sangre y de los órganos hematopoyéticos, y ciertos trastornos que afectan al mecanismo de la inmunidad;2018;21
32 Ourense;Mujeres;044-045 IV.Enfermedades endocrinas, nutricionales y metabólicas;2022;95
32 Ourense;Mujeres;044-045 IV.Enfermedades endocrinas, nutricionales y metabólicas;2021;62
32 Ourense;Mujeres;044-045 IV.Enfermedades endocrinas, nutricionales y metabólicas;2020;75
32 Ourense;Mujeres;044-045 IV.Enfermedades endocrinas, nutricionales y metabólicas;2019;72
32 Ourense;Mujeres;044-045 IV.Enfermedades endocrinas, nutricionales y metabólicas;2018;60
32 Ourense;Mujeres;046-049 V.Trastornos mentales y del comportamiento;2022;263
32 Ourense;Mujeres;046-049 V.Trastornos mentales y del comportamiento;2021;230
32 Ourense;Mujeres;046-049 V.Trastornos mentales y del comportamiento;2020;294
32 Ourense;Mujeres;046-049 V.Trastornos mentales y del comportamiento;2019;280
32 Ourense;Mujeres;046-049 V.Trastornos mentales y del comportamiento;2018;239
32 Ourense;Mujeres;050-052 VI-VIII.Enfermedades del sistema nervioso y de los órganos de los sentidos;2022;128
32 Ourense;Mujeres;050-052 VI-VIII.Enfermedades del sistema nervioso y de los órganos de los sentidos;2021;97
32 Ourense;Mujeres;050-052 VI-VIII.Enfermedades del sistema nervioso y de los órganos de los sentidos;2020;129
32 Ourense;Mujeres;050-052 VI-VIII.Enfermedades del sistema nervioso y de los órganos de los sentidos;2019;130
32 Ourense;Mujeres;050-052 VI-VIII.Enfermedades del sistema nervioso y de los órganos de los sentidos;2018;112
32 Ourense;Mujeres;053-061 IX.Enfermedades del sistema circulatorio;2022;774
32 Ourense;Mujeres;053-061 IX.Enfermedades del sistema circulatorio;2021;753
32 Ourense;Mujeres;053-061 IX.Enfermedades del sistema circulatorio;2020;778
32 Ourense;Mujeres;053-061 IX.Enfermedades del sistema circulatorio;2019;735
32 Ourense;Mujeres;053-061 IX.Enfermedades del sistema circulatorio;2018;748
32 Ourense;Mujeres;062-067 X.Enfermedades del sistema respiratorio;2022;219
32 Ourense;Mujeres;062-067 X.Enfermedades del sistema respiratorio;2021;188
32 Ourense;Mujeres;062-067 X.Enfermedades del sistema respiratorio;2020;236
32 Ourense;Mujeres;062-067 X.Enfermedades del sistema respiratorio;2019;268
32 Ourense;Mujeres;062-067 X.Enfermedades del sistema respiratorio;2018;314
32 Ourense;Mujeres;068-072 XI.Enfermedades del sistema digestivo;2022;108
32 Ourense;Mujeres;068-072 XI.Enfermedades del sistema digestivo;2021;125
32 Ourense;Mujeres;068-072 XI.Enfermedades del sistema digestivo;2020;117
32 Ourense;Mujeres;068-072 XI.Enfermedades del sistema digestivo;2019;120
32 Ourense;Mujeres;068-072 XI.Enfermedades del sistema digestivo;2018;106
32 Ourense;Mujeres;073 XII.Enfermedades de la piel y del tejido subcutáneo;2022;8
32 Ourense;Mujeres;073 XII.Enfermedades de la piel y del tejido subcutáneo;2021;16
32 Ourense;Mujeres;073 XII.Enfermedades de la piel y del tejido subcutáneo;2020;12
32 Ourense;Mujeres;073 XII.Enfermedades de la piel y del tejido subcutáneo;2019;13
32 Ourense;Mujeres;073 XII.Enfermedades de la piel y del tejido subcutáneo;2018;14
32 Ourense;Mujeres;074-076 XIII.Enfermedades del sistema osteomuscular y del tejido conjuntivo;2022;45
32 Ourense;Mujeres;074-076 XIII.Enfermedades del sistema osteomuscular y del tejido conjuntivo;2021;31
32 Ourense;Mujeres;074-076 XIII.Enfermedades del sistema osteomuscular y del tejido conjuntivo;2020;15
32 Ourense;Mujeres;074-076 XIII.Enfermedades del sistema osteomuscular y del tejido conjuntivo;2019;20
32 Ourense;Mujeres;074-076 XIII.Enfermedades del sistema osteomuscular y del tejido conjuntivo;2018;29
32 Ourense;Mujeres;077-080 XIV.Enfermedades del sistema genitourinario;2022;131
32 Ourense;Mujeres;077-080 XIV.Enfermedades del sistema genitourinario;2021;90
32 Ourense;Mujeres;077-080 XIV.Enfermedades del sistema genitourinario;2020;87
32 Ourense;Mujeres;077-080 XIV.Enfermedades del sistema genitourinario;2019;78
32 Ourense;Mujeres;077-080 XIV.Enfermedades del sistema genitourinario;2018;86
32 Ourense;Mujeres;081 XV.Embarazo, parto y puerperio;2022;0
32 Ourense;Mujeres;081 XV.Embarazo, parto y puerperio;2021;0
32 Ourense;Mujeres;081 XV.Embarazo, parto y puerperio;2020;0
32 Ourense;Mujeres;081 XV.Embarazo, parto y puerperio;2019;0
32 Ourense;Mujeres;081 XV.Embarazo, parto y puerperio;2018;0
32 Ourense;Mujeres;082 XVI.Afecciones originadas en el periodo perinatal;2022;1
32 Ourense;Mujeres;082 XVI.Afecciones originadas en el periodo perinatal;2021;1
32 Ourense;Mujeres;082 XVI.Afecciones originadas en el periodo perinatal;2020;0
32 Ourense;Mujeres;082 XVI.Afecciones originadas en el periodo perinatal;2019;0
32 Ourense;Mujeres;082 XVI.Afecciones originadas en el periodo perinatal;2018;0
32 Ourense;Mujeres;083-085 XVII.Malformaciones congénitas, deformidades y anomalías cromosómicas;2022;4
32 Ourense;Mujeres;083-085 XVII.Malformaciones congénitas, deformidades y anomalías cromosómicas;2021;2
32 Ourense;Mujeres;083-085 XVII.Malformaciones congénitas, deformidades y anomalías cromosómicas;2020;6
32 Ourense;Mujeres;083-085 XVII.Malformaciones congénitas, deformidades y anomalías cromosómicas;2019;4
32 Ourense;Mujeres;083-085 XVII.Malformaciones congénitas, deformidades y anomalías cromosómicas;2018;2
32 Ourense;Mujeres;086-089 XVIII.Síntomas, signos y hallazgos anormales clínicos y de laboratorio, no clasificados en otra parte;2022;27
32 Ourense;Mujeres;086-089 XVIII.Síntomas, signos y hallazgos anormales clínicos y de laboratorio, no clasificados en otra parte;2021;32
32 Ourense;Mujeres;086-089 XVIII.Síntomas, signos y hallazgos anormales clínicos y de laboratorio, no clasificados en otra parte;2020;33
32 Ourense;Mujeres;086-089 XVIII.Síntomas, signos y hallazgos anormales clínicos y de laboratorio, no clasificados en otra parte;2019;52
32 Ourense;Mujeres;086-089 XVIII.Síntomas, signos y hallazgos anormales clínicos y de laboratorio, no clasificados en otra parte;2018;37
32 Ourense;Mujeres;090-102 XX.Causas externas de mortalidad;2022;98
32 Ourense;Mujeres;090-102 XX.Causas externas de mortalidad;2021;103
32 Ourense;Mujeres;090-102 XX.Causas externas de mortalidad;2020;79
32 Ourense;Mujeres;090-102 XX.Causas externas de mortalidad;2019;56
32 Ourense;Mujeres;090-102 XX.Causas externas de mortalidad;2018;57
34 Palencia;Hombres;001-008 I.Enfermedades infecciosas y parasitarias;2022;124
34 Palencia;Hombres;001-008 I.Enfermedades infecciosas y parasitarias;2021;157
34 Palencia;Hombres;001-008 I.Enfermedades infecciosas y parasitarias;2020;248
34 Palencia;Hombres;001-008 I.Enfermedades infecciosas y parasitarias;2019;16
34 Palencia;Hombres;001-008 I.Enfermedades infecciosas y parasitarias;2018;11
34 Palencia;Hombres;009-041 II.Tumores;2022;319
34 Palencia;Hombres;009-041 II.Tumores;2021;298
34 Palencia;Hombres;009-041 II.Tumores;2020;358
34 Palencia;Hombres;009-041 II.Tumores;2019;311
34 Palencia;Hombres;009-041 II.Tumores;2018;322
34 Palencia;Hombres;042-043 III.Enfermedades de la sangre y de los órganos hematopoyéticos, y ciertos trastornos que afectan al mecanismo de la inmunidad;2022;7
34 Palencia;Hombres;042-043 III.Enfermedades de la sangre y de los órganos hematopoyéticos, y ciertos trastornos que afectan al mecanismo de la inmunidad;2021;4
34 Palencia;Hombres;042-043 III.Enfermedades de la sangre y de los órganos hematopoyéticos, y ciertos trastornos que afectan al mecanismo de la inmunidad;2020;3
34 Palencia;Hombres;042-043 III.Enfermedades de la sangre y de los órganos hematopoyéticos, y ciertos trastornos que afectan al mecanismo de la inmunidad;2019;1
34 Palencia;Hombres;042-043 III.Enfermedades de la sangre y de los órganos hematopoyéticos, y ciertos trastornos que afectan al mecanismo de la inmunidad;2018;5
34 Palencia;Hombres;044-045 IV.Enfermedades endocrinas, nutricionales y metabólicas;2022;45
34 Palencia;Hombres;044-045 IV.Enfermedades endocrinas, nutricionales y metabólicas;2021;40
34 Palencia;Hombres;044-045 IV.Enfermedades endocrinas, nutricionales y metabólicas;2020;47
34 Palencia;Hombres;044-045 IV.Enfermedades endocrinas, nutricionales y metabólicas;2019;22
34 Palencia;Hombres;044-045 IV.Enfermedades endocrinas, nutricionales y metabólicas;2018;40
34 Palencia;Hombres;046-049 V.Trastornos mentales y del comportamiento;2022;33
34 Palencia;Hombres;046-049 V.Trastornos mentales y del comportamiento;2021;37
34 Palencia;Hombres;046-049 V.Trastornos mentales y del comportamiento;2020;35
34 Palencia;Hombres;046-049 V.Trastornos mentales y del comportamiento;2019;27
34 Palencia;Hombres;046-049 V.Trastornos mentales y del comportamiento;2018;28
34 Palencia;Hombres;050-052 VI-VIII.Enfermedades del sistema nervioso y de los órganos de los sentidos;2022;45
34 Palencia;Hombres;050-052 VI-VIII.Enfermedades del sistema nervioso y de los órganos de los sentidos;2021;33
34 Palencia;Hombres;050-052 VI-VIII.Enfermedades del sistema nervioso y de los órganos de los sentidos;2020;37
34 Palencia;Hombres;050-052 VI-VIII.Enfermedades del sistema nervioso y de los órganos de los sentidos;2019;50
34 Palencia;Hombres;050-052 VI-VIII.Enfermedades del sistema nervioso y de los órganos de los sentidos;2018;44
34 Palencia;Hombres;053-061 IX.Enfermedades del sistema circulatorio;2022;243
34 Palencia;Hombres;053-061 IX.Enfermedades del sistema circulatorio;2021;265
34 Palencia;Hombres;053-061 IX.Enfermedades del sistema circulatorio;2020;244
34 Palencia;Hombres;053-061 IX.Enfermedades del sistema circulatorio;2019;281
34 Palencia;Hombres;053-061 IX.Enfermedades del sistema circulatorio;2018;261
34 Palencia;Hombres;062-067 X.Enfermedades del sistema respiratorio;2022;117
34 Palencia;Hombres;062-067 X.Enfermedades del sistema respiratorio;2021;96
34 Palencia;Hombres;062-067 X.Enfermedades del sistema respiratorio;2020;111
34 Palencia;Hombres;062-067 X.Enfermedades del sistema respiratorio;2019;152
34 Palencia;Hombres;062-067 X.Enfermedades del sistema respiratorio;2018;150
34 Palencia;Hombres;068-072 XI.Enfermedades del sistema digestivo;2022;59
34 Palencia;Hombres;068-072 XI.Enfermedades del sistema digestivo;2021;67
34 Palencia;Hombres;068-072 XI.Enfermedades del sistema digestivo;2020;65
34 Palencia;Hombres;068-072 XI.Enfermedades del sistema digestivo;2019;58
34 Palencia;Hombres;068-072 XI.Enfermedades del sistema digestivo;2018;46
34 Palencia;Hombres;073 XII.Enfermedades de la piel y del tejido subcutáneo;2022;5
34 Palencia;Hombres;073 XII.Enfermedades de la piel y del tejido subcutáneo;2021;3
34 Palencia;Hombres;073 XII.Enfermedades de la piel y del tejido subcutáneo;2020;8
34 Palencia;Hombres;073 XII.Enfermedades de la piel y del tejido subcutáneo;2019;6
34 Palencia;Hombres;073 XII.Enfermedades de la piel y del tejido subcutáneo;2018;6
34 Palencia;Hombres;074-076 XIII.Enfermedades del sistema osteomuscular y del tejido conjuntivo;2022;20
34 Palencia;Hombres;074-076 XIII.Enfermedades del sistema osteomuscular y del tejido conjuntivo;2021;13
34 Palencia;Hombres;074-076 XIII.Enfermedades del sistema osteomuscular y del tejido conjuntivo;2020;10
34 Palencia;Hombres;074-076 XIII.Enfermedades del sistema osteomuscular y del tejido conjuntivo;2019;8
34 Palencia;Hombres;074-076 XIII.Enfermedades del sistema osteomuscular y del tejido conjuntivo;2018;9
34 Palencia;Hombres;077-080 XIV.Enfermedades del sistema genitourinario;2022;35
34 Palencia;Hombres;077-080 XIV.Enfermedades del sistema genitourinario;2021;31
34 Palencia;Hombres;077-080 XIV.Enfermedades del sistema genitourinario;2020;44
34 Palencia;Hombres;077-080 XIV.Enfermedades del sistema genitourinario;2019;24
34 Palencia;Hombres;077-080 XIV.Enfermedades del sistema genitourinario;2018;37
34 Palencia;Hombres;081 XV.Embarazo, parto y puerperio;2022;0
34 Palencia;Hombres;081 XV.Embarazo, parto y puerperio;2021;0
34 Palencia;Hombres;081 XV.Embarazo, parto y puerperio;2020;0
34 Palencia;Hombres;081 XV.Embarazo, parto y puerperio;2019;0
34 Palencia;Hombres;081 XV.Embarazo, parto y puerperio;2018;0
34 Palencia;Hombres;082 XVI.Afecciones originadas en el periodo perinatal;2022;1
34 Palencia;Hombres;082 XVI.Afecciones originadas en el periodo perinatal;2021;0
34 Palencia;Hombres;082 XVI.Afecciones originadas en el periodo perinatal;2020;1
34 Palencia;Hombres;082 XVI.Afecciones originadas en el periodo perinatal;2019;2
34 Palencia;Hombres;082 XVI.Afecciones originadas en el periodo perinatal;2018;1
34 Palencia;Hombres;083-085 XVII.Malformaciones congénitas, deformidades y anomalías cromosómicas;2022;2
34 Palencia;Hombres;083-085 XVII.Malformaciones congénitas, deformidades y anomalías cromosómicas;2021;2
34 Palencia;Hombres;083-085 XVII.Malformaciones congénitas, deformidades y anomalías cromosómicas;2020;2
34 Palencia;Hombres;083-085 XVII.Malformaciones congénitas, deformidades y anomalías cromosómicas;2019;1
34 Palencia;Hombres;083-085 XVII.Malformaciones congénitas, deformidades y anomalías cromosómicas;2018;2
34 Palencia;Hombres;086-089 XVIII.Síntomas, signos y hallazgos anormales clínicos y de laboratorio, no clasificados en otra parte;2022;9
34 Palencia;Hombres;086-089 XVIII.Síntomas, signos y hallazgos anormales clínicos y de laboratorio, no clasificados en otra parte;2021;16
34 Palencia;Hombres;086-089 XVIII.Síntomas, signos y hallazgos anormales clínicos y de laboratorio, no clasificados en otra parte;2020;23
34 Palencia;Hombres;086-089 XVIII.Síntomas, signos y hallazgos anormales clínicos y de laboratorio, no clasificados en otra parte;2019;20
34 Palencia;Hombres;086-089 XVIII.Síntomas, signos y hallazgos anormales clínicos y de laboratorio, no clasificados en otra parte;2018;15
34 Palencia;Hombres;090-102 XX.Causas externas de mortalidad;2022;73
34 Palencia;Hombres;090-102 XX.Causas externas de mortalidad;2021;53
34 Palencia;Hombres;090-102 XX.Causas externas de mortalidad;2020;48
34 Palencia;Hombres;090-102 XX.Causas externas de mortalidad;2019;62
34 Palencia;Hombres;090-102 XX.Causas externas de mortalidad;2018;50
34 Palencia;Mujeres;001-008 I.Enfermedades infecciosas y parasitarias;2022;130
34 Palencia;Mujeres;001-008 I.Enfermedades infecciosas y parasitarias;2021;137
34 Palencia;Mujeres;001-008 I.Enfermedades infecciosas y parasitarias;2020;218
34 Palencia;Mujeres;001-008 I.Enfermedades infecciosas y parasitarias;2019;16
34 Palencia;Mujeres;001-008 I.Enfermedades infecciosas y parasitarias;2018;13
34 Palencia;Mujeres;009-041 II.Tumores;2022;184
34 Palencia;Mujeres;009-041 II.Tumores;2021;202
34 Palencia;Mujeres;009-041 II.Tumores;2020;219
34 Palencia;Mujeres;009-041 II.Tumores;2019;209
34 Palencia;Mujeres;009-041 II.Tumores;2018;224
34 Palencia;Mujeres;042-043 III.Enfermedades de la sangre y de los órganos hematopoyéticos, y ciertos trastornos que afectan al mecanismo de la inmunidad;2022;13
34 Palencia;Mujeres;042-043 III.Enfermedades de la sangre y de los órganos hematopoyéticos, y ciertos trastornos que afectan al mecanismo de la inmunidad;2021;6
34 Palencia;Mujeres;042-043 III.Enfermedades de la sangre y de los órganos hematopoyéticos, y ciertos trastornos que afectan al mecanismo de la inmunidad;2020;11
34 Palencia;Mujeres;042-043 III.Enfermedades de la sangre y de los órganos hematopoyéticos, y ciertos trastornos que afectan al mecanismo de la inmunidad;2019;2
34 Palencia;Mujeres;042-043 III.Enfermedades de la sangre y de los órganos hematopoyéticos, y ciertos trastornos que afectan al mecanismo de la inmunidad;2018;5
34 Palencia;Mujeres;044-045 IV.Enfermedades endocrinas, nutricionales y metabólicas;2022;58
34 Palencia;Mujeres;044-045 IV.Enfermedades endocrinas, nutricionales y metabólicas;2021;50
34 Palencia;Mujeres;044-045 IV.Enfermedades endocrinas, nutricionales y metabólicas;2020;58
34 Palencia;Mujeres;044-045 IV.Enfermedades endocrinas, nutricionales y metabólicas;2019;61
34 Palencia;Mujeres;044-045 IV.Enfermedades endocrinas, nutricionales y metabólicas;2018;41
34 Palencia;Mujeres;046-049 V.Trastornos mentales y del comportamiento;2022;59
34 Palencia;Mujeres;046-049 V.Trastornos mentales y del comportamiento;2021;55
34 Palencia;Mujeres;046-049 V.Trastornos mentales y del comportamiento;2020;73
34 Palencia;Mujeres;046-049 V.Trastornos mentales y del comportamiento;2019;54
34 Palencia;Mujeres;046-049 V.Trastornos mentales y del comportamiento;2018;63
34 Palencia;Mujeres;050-052 VI-VIII.Enfermedades del sistema nervioso y de los órganos de los sentidos;2022;56
34 Palencia;Mujeres;050-052 VI-VIII.Enfermedades del sistema nervioso y de los órganos de los sentidos;2021;51
34 Palencia;Mujeres;050-052 VI-VIII.Enfermedades del sistema nervioso y de los órganos de los sentidos;2020;72
34 Palencia;Mujeres;050-052 VI-VIII.Enfermedades del sistema nervioso y de los órganos de los sentidos;2019;70
34 Palencia;Mujeres;050-052 VI-VIII.Enfermedades del sistema nervioso y de los órganos de los sentidos;2018;70
34 Palencia;Mujeres;053-061 IX.Enfermedades del sistema circulatorio;2022;263
34 Palencia;Mujeres;053-061 IX.Enfermedades del sistema circulatorio;2021;298
34 Palencia;Mujeres;053-061 IX.Enfermedades del sistema circulatorio;2020;308
34 Palencia;Mujeres;053-061 IX.Enfermedades del sistema circulatorio;2019;309
34 Palencia;Mujeres;053-061 IX.Enfermedades del sistema circulatorio;2018;292
34 Palencia;Mujeres;062-067 X.Enfermedades del sistema respiratorio;2022;92
34 Palencia;Mujeres;062-067 X.Enfermedades del sistema respiratorio;2021;62
34 Palencia;Mujeres;062-067 X.Enfermedades del sistema respiratorio;2020;98
34 Palencia;Mujeres;062-067 X.Enfermedades del sistema respiratorio;2019;122
34 Palencia;Mujeres;062-067 X.Enfermedades del sistema respiratorio;2018;158
34 Palencia;Mujeres;068-072 XI.Enfermedades del sistema digestivo;2022;65
34 Palencia;Mujeres;068-072 XI.Enfermedades del sistema digestivo;2021;60
34 Palencia;Mujeres;068-072 XI.Enfermedades del sistema digestivo;2020;54
34 Palencia;Mujeres;068-072 XI.Enfermedades del sistema digestivo;2019;46
34 Palencia;Mujeres;068-072 XI.Enfermedades del sistema digestivo;2018;57
34 Palencia;Mujeres;073 XII.Enfermedades de la piel y del tejido subcutáneo;2022;8
34 Palencia;Mujeres;073 XII.Enfermedades de la piel y del tejido subcutáneo;2021;6
34 Palencia;Mujeres;073 XII.Enfermedades de la piel y del tejido subcutáneo;2020;12
34 Palencia;Mujeres;073 XII.Enfermedades de la piel y del tejido subcutáneo;2019;6
34 Palencia;Mujeres;073 XII.Enfermedades de la piel y del tejido subcutáneo;2018;7
34 Palencia;Mujeres;074-076 XIII.Enfermedades del sistema osteomuscular y del tejido conjuntivo;2022;27
34 Palencia;Mujeres;074-076 XIII.Enfermedades del sistema osteomuscular y del tejido conjuntivo;2021;27
34 Palencia;Mujeres;074-076 XIII.Enfermedades del sistema osteomuscular y del tejido conjuntivo;2020;23
34 Palencia;Mujeres;074-076 XIII.Enfermedades del sistema osteomuscular y del tejido conjuntivo;2019;19
34 Palencia;Mujeres;074-076 XIII.Enfermedades del sistema osteomuscular y del tejido conjuntivo;2018;20
34 Palencia;Mujeres;077-080 XIV.Enfermedades del sistema genitourinario;2022;62
34 Palencia;Mujeres;077-080 XIV.Enfermedades del sistema genitourinario;2021;41
34 Palencia;Mujeres;077-080 XIV.Enfermedades del sistema genitourinario;2020;44
34 Palencia;Mujeres;077-080 XIV.Enfermedades del sistema genitourinario;2019;37
34 Palencia;Mujeres;077-080 XIV.Enfermedades del sistema genitourinario;2018;40
34 Palencia;Mujeres;081 XV.Embarazo, parto y puerperio;2022;0
34 Palencia;Mujeres;081 XV.Embarazo, parto y puerperio;2021;0
34 Palencia;Mujeres;081 XV.Embarazo, parto y puerperio;2020;0
34 Palencia;Mujeres;081 XV.Embarazo, parto y puerperio;2019;0
34 Palencia;Mujeres;081 XV.Embarazo, parto y puerperio;2018;0
34 Palencia;Mujeres;082 XVI.Afecciones originadas en el periodo perinatal;2022;2
34 Palencia;Mujeres;082 XVI.Afecciones originadas en el periodo perinatal;2021;1
34 Palencia;Mujeres;082 XVI.Afecciones originadas en el periodo perinatal;2020;1
34 Palencia;Mujeres;082 XVI.Afecciones originadas en el periodo perinatal;2019;0
34 Palencia;Mujeres;082 XVI.Afecciones originadas en el periodo perinatal;2018;0
34 Palencia;Mujeres;083-085 XVII.Malformaciones congénitas, deformidades y anomalías cromosómicas;2022;1
34 Palencia;Mujeres;083-085 XVII.Malformaciones congénitas, deformidades y anomalías cromosómicas;2021;0
34 Palencia;Mujeres;083-085 XVII.Malformaciones congénitas, deformidades y anomalías cromosómicas;2020;1
34 Palencia;Mujeres;083-085 XVII.Malformaciones congénitas, deformidades y anomalías cromosómicas;2019;1
34 Palencia;Mujeres;083-085 XVII.Malformaciones congénitas, deformidades y anomalías cromosómicas;2018;1
34 Palencia;Mujeres;086-089 XVIII.Síntomas, signos y hallazgos anormales clínicos y de laboratorio, no clasificados en otra parte;2022;30
34 Palencia;Mujeres;086-089 XVIII.Síntomas, signos y hallazgos anormales clínicos y de laboratorio, no clasificados en otra parte;2021;31
34 Palencia;Mujeres;086-089 XVIII.Síntomas, signos y hallazgos anormales clínicos y de laboratorio, no clasificados en otra parte;2020;20
34 Palencia;Mujeres;086-089 XVIII.Síntomas, signos y hallazgos anormales clínicos y de laboratorio, no clasificados en otra parte;2019;35
34 Palencia;Mujeres;086-089 XVIII.Síntomas, signos y hallazgos anormales clínicos y de laboratorio, no clasificados en otra parte;2018;38
34 Palencia;Mujeres;090-102 XX.Causas externas de mortalidad;2022;36
34 Palencia;Mujeres;090-102 XX.Causas externas de mortalidad;2021;51
34 Palencia;Mujeres;090-102 XX.Causas externas de mortalidad;2020;33
34 Palencia;Mujeres;090-102 XX.Causas externas de mortalidad;2019;41
34 Palencia;Mujeres;090-102 XX.Causas externas de mortalidad;2018;45
35 Palmas, Las;Hombres;001-008 I.Enfermedades infecciosas y parasitarias;2022;450
35 Palmas, Las;Hombres;001-008 I.Enfermedades infecciosas y parasitarias;2021;209
35 Palmas, Las;Hombres;001-008 I.Enfermedades infecciosas y parasitarias;2020;157
35 Palmas, Las;Hombres;001-008 I.Enfermedades infecciosas y parasitarias;2019;62
35 Palmas, Las;Hombres;001-008 I.Enfermedades infecciosas y parasitarias;2018;69
35 Palmas, Las;Hombres;009-041 II.Tumores;2022;1.360
35 Palmas, Las;Hombres;009-041 II.Tumores;2021;1.416
35 Palmas, Las;Hombres;009-041 II.Tumores;2020;1.434
35 Palmas, Las;Hombres;009-041 II.Tumores;2019;1.344
35 Palmas, Las;Hombres;009-041 II.Tumores;2018;1.359
35 Palmas, Las;Hombres;042-043 III.Enfermedades de la sangre y de los órganos hematopoyéticos, y ciertos trastornos que afectan al mecanismo de la inmunidad;2022;17
35 Palmas, Las;Hombres;042-043 III.Enfermedades de la sangre y de los órganos hematopoyéticos, y ciertos trastornos que afectan al mecanismo de la inmunidad;2021;16
35 Palmas, Las;Hombres;042-043 III.Enfermedades de la sangre y de los órganos hematopoyéticos, y ciertos trastornos que afectan al mecanismo de la inmunidad;2020;11
35 Palmas, Las;Hombres;042-043 III.Enfermedades de la sangre y de los órganos hematopoyéticos, y ciertos trastornos que afectan al mecanismo de la inmunidad;2019;9
35 Palmas, Las;Hombres;042-043 III.Enfermedades de la sangre y de los órganos hematopoyéticos, y ciertos trastornos que afectan al mecanismo de la inmunidad;2018;12
35 Palmas, Las;Hombres;044-045 IV.Enfermedades endocrinas, nutricionales y metabólicas;2022;138
35 Palmas, Las;Hombres;044-045 IV.Enfermedades endocrinas, nutricionales y metabólicas;2021;112
35 Palmas, Las;Hombres;044-045 IV.Enfermedades endocrinas, nutricionales y metabólicas;2020;111
35 Palmas, Las;Hombres;044-045 IV.Enfermedades endocrinas, nutricionales y metabólicas;2019;114
35 Palmas, Las;Hombres;044-045 IV.Enfermedades endocrinas, nutricionales y metabólicas;2018;141
35 Palmas, Las;Hombres;046-049 V.Trastornos mentales y del comportamiento;2022;123
35 Palmas, Las;Hombres;046-049 V.Trastornos mentales y del comportamiento;2021;95
35 Palmas, Las;Hombres;046-049 V.Trastornos mentales y del comportamiento;2020;102
35 Palmas, Las;Hombres;046-049 V.Trastornos mentales y del comportamiento;2019;103
35 Palmas, Las;Hombres;046-049 V.Trastornos mentales y del comportamiento;2018;117
35 Palmas, Las;Hombres;050-052 VI-VIII.Enfermedades del sistema nervioso y de los órganos de los sentidos;2022;171
35 Palmas, Las;Hombres;050-052 VI-VIII.Enfermedades del sistema nervioso y de los órganos de los sentidos;2021;187
35 Palmas, Las;Hombres;050-052 VI-VIII.Enfermedades del sistema nervioso y de los órganos de los sentidos;2020;157
35 Palmas, Las;Hombres;050-052 VI-VIII.Enfermedades del sistema nervioso y de los órganos de los sentidos;2019;157
35 Palmas, Las;Hombres;050-052 VI-VIII.Enfermedades del sistema nervioso y de los órganos de los sentidos;2018;161
35 Palmas, Las;Hombres;053-061 IX.Enfermedades del sistema circulatorio;2022;1.445
35 Palmas, Las;Hombres;053-061 IX.Enfermedades del sistema circulatorio;2021;1.399
35 Palmas, Las;Hombres;053-061 IX.Enfermedades del sistema circulatorio;2020;1.309
35 Palmas, Las;Hombres;053-061 IX.Enfermedades del sistema circulatorio;2019;1.355
35 Palmas, Las;Hombres;053-061 IX.Enfermedades del sistema circulatorio;2018;1.423
35 Palmas, Las;Hombres;062-067 X.Enfermedades del sistema respiratorio;2022;608
35 Palmas, Las;Hombres;062-067 X.Enfermedades del sistema respiratorio;2021;548
35 Palmas, Las;Hombres;062-067 X.Enfermedades del sistema respiratorio;2020;513
35 Palmas, Las;Hombres;062-067 X.Enfermedades del sistema respiratorio;2019;634
35 Palmas, Las;Hombres;062-067 X.Enfermedades del sistema respiratorio;2018;617
35 Palmas, Las;Hombres;068-072 XI.Enfermedades del sistema digestivo;2022;266
35 Palmas, Las;Hombres;068-072 XI.Enfermedades del sistema digestivo;2021;249
35 Palmas, Las;Hombres;068-072 XI.Enfermedades del sistema digestivo;2020;230
35 Palmas, Las;Hombres;068-072 XI.Enfermedades del sistema digestivo;2019;245
35 Palmas, Las;Hombres;068-072 XI.Enfermedades del sistema digestivo;2018;244
35 Palmas, Las;Hombres;073 XII.Enfermedades de la piel y del tejido subcutáneo;2022;37
35 Palmas, Las;Hombres;073 XII.Enfermedades de la piel y del tejido subcutáneo;2021;31
35 Palmas, Las;Hombres;073 XII.Enfermedades de la piel y del tejido subcutáneo;2020;25
35 Palmas, Las;Hombres;073 XII.Enfermedades de la piel y del tejido subcutáneo;2019;17
35 Palmas, Las;Hombres;073 XII.Enfermedades de la piel y del tejido subcutáneo;2018;25
35 Palmas, Las;Hombres;074-076 XIII.Enfermedades del sistema osteomuscular y del tejido conjuntivo;2022;20
35 Palmas, Las;Hombres;074-076 XIII.Enfermedades del sistema osteomuscular y del tejido conjuntivo;2021;17
35 Palmas, Las;Hombres;074-076 XIII.Enfermedades del sistema osteomuscular y del tejido conjuntivo;2020;24
35 Palmas, Las;Hombres;074-076 XIII.Enfermedades del sistema osteomuscular y del tejido conjuntivo;2019;19
35 Palmas, Las;Hombres;074-076 XIII.Enfermedades del sistema osteomuscular y del tejido conjuntivo;2018;18
35 Palmas, Las;Hombres;077-080 XIV.Enfermedades del sistema genitourinario;2022;176
35 Palmas, Las;Hombres;077-080 XIV.Enfermedades del sistema genitourinario;2021;139
35 Palmas, Las;Hombres;077-080 XIV.Enfermedades del sistema genitourinario;2020;154
35 Palmas, Las;Hombres;077-080 XIV.Enfermedades del sistema genitourinario;2019;110
35 Palmas, Las;Hombres;077-080 XIV.Enfermedades del sistema genitourinario;2018;114
35 Palmas, Las;Hombres;081 XV.Embarazo, parto y puerperio;2022;0
35 Palmas, Las;Hombres;081 XV.Embarazo, parto y puerperio;2021;0
35 Palmas, Las;Hombres;081 XV.Embarazo, parto y puerperio;2020;0
35 Palmas, Las;Hombres;081 XV.Embarazo, parto y puerperio;2019;0
35 Palmas, Las;Hombres;081 XV.Embarazo, parto y puerperio;2018;0
35 Palmas, Las;Hombres;082 XVI.Afecciones originadas en el periodo perinatal;2022;10
35 Palmas, Las;Hombres;082 XVI.Afecciones originadas en el periodo perinatal;2021;7
35 Palmas, Las;Hombres;082 XVI.Afecciones originadas en el periodo perinatal;2020;3
35 Palmas, Las;Hombres;082 XVI.Afecciones originadas en el periodo perinatal;2019;10
35 Palmas, Las;Hombres;082 XVI.Afecciones originadas en el periodo perinatal;2018;15
35 Palmas, Las;Hombres;083-085 XVII.Malformaciones congénitas, deformidades y anomalías cromosómicas;2022;16
35 Palmas, Las;Hombres;083-085 XVII.Malformaciones congénitas, deformidades y anomalías cromosómicas;2021;5
35 Palmas, Las;Hombres;083-085 XVII.Malformaciones congénitas, deformidades y anomalías cromosómicas;2020;6
35 Palmas, Las;Hombres;083-085 XVII.Malformaciones congénitas, deformidades y anomalías cromosómicas;2019;14
35 Palmas, Las;Hombres;083-085 XVII.Malformaciones congénitas, deformidades y anomalías cromosómicas;2018;14
35 Palmas, Las;Hombres;086-089 XVIII.Síntomas, signos y hallazgos anormales clínicos y de laboratorio, no clasificados en otra parte;2022;80
35 Palmas, Las;Hombres;086-089 XVIII.Síntomas, signos y hallazgos anormales clínicos y de laboratorio, no clasificados en otra parte;2021;61
35 Palmas, Las;Hombres;086-089 XVIII.Síntomas, signos y hallazgos anormales clínicos y de laboratorio, no clasificados en otra parte;2020;65
35 Palmas, Las;Hombres;086-089 XVIII.Síntomas, signos y hallazgos anormales clínicos y de laboratorio, no clasificados en otra parte;2019;106
35 Palmas, Las;Hombres;086-089 XVIII.Síntomas, signos y hallazgos anormales clínicos y de laboratorio, no clasificados en otra parte;2018;61
35 Palmas, Las;Hombres;090-102 XX.Causas externas de mortalidad;2022;285
35 Palmas, Las;Hombres;090-102 XX.Causas externas de mortalidad;2021;309
35 Palmas, Las;Hombres;090-102 XX.Causas externas de mortalidad;2020;293
35 Palmas, Las;Hombres;090-102 XX.Causas externas de mortalidad;2019;243
35 Palmas, Las;Hombres;090-102 XX.Causas externas de mortalidad;2018;238
35 Palmas, Las;Mujeres;001-008 I.Enfermedades infecciosas y parasitarias;2022;373
35 Palmas, Las;Mujeres;001-008 I.Enfermedades infecciosas y parasitarias;2021;204
35 Palmas, Las;Mujeres;001-008 I.Enfermedades infecciosas y parasitarias;2020;120
35 Palmas, Las;Mujeres;001-008 I.Enfermedades infecciosas y parasitarias;2019;65
35 Palmas, Las;Mujeres;001-008 I.Enfermedades infecciosas y parasitarias;2018;69
35 Palmas, Las;Mujeres;009-041 II.Tumores;2022;1.070
35 Palmas, Las;Mujeres;009-041 II.Tumores;2021;967
35 Palmas, Las;Mujeres;009-041 II.Tumores;2020;975
35 Palmas, Las;Mujeres;009-041 II.Tumores;2019;916
35 Palmas, Las;Mujeres;009-041 II.Tumores;2018;917
35 Palmas, Las;Mujeres;042-043 III.Enfermedades de la sangre y de los órganos hematopoyéticos, y ciertos trastornos que afectan al mecanismo de la inmunidad;2022;14
35 Palmas, Las;Mujeres;042-043 III.Enfermedades de la sangre y de los órganos hematopoyéticos, y ciertos trastornos que afectan al mecanismo de la inmunidad;2021;18
35 Palmas, Las;Mujeres;042-043 III.Enfermedades de la sangre y de los órganos hematopoyéticos, y ciertos trastornos que afectan al mecanismo de la inmunidad;2020;18
35 Palmas, Las;Mujeres;042-043 III.Enfermedades de la sangre y de los órganos hematopoyéticos, y ciertos trastornos que afectan al mecanismo de la inmunidad;2019;14
35 Palmas, Las;Mujeres;042-043 III.Enfermedades de la sangre y de los órganos hematopoyéticos, y ciertos trastornos que afectan al mecanismo de la inmunidad;2018;11
35 Palmas, Las;Mujeres;044-045 IV.Enfermedades endocrinas, nutricionales y metabólicas;2022;122
35 Palmas, Las;Mujeres;044-045 IV.Enfermedades endocrinas, nutricionales y metabólicas;2021;140
35 Palmas, Las;Mujeres;044-045 IV.Enfermedades endocrinas, nutricionales y metabólicas;2020;139
35 Palmas, Las;Mujeres;044-045 IV.Enfermedades endocrinas, nutricionales y metabólicas;2019;135
35 Palmas, Las;Mujeres;044-045 IV.Enfermedades endocrinas, nutricionales y metabólicas;2018;162
35 Palmas, Las;Mujeres;046-049 V.Trastornos mentales y del comportamiento;2022;222
35 Palmas, Las;Mujeres;046-049 V.Trastornos mentales y del comportamiento;2021;194
35 Palmas, Las;Mujeres;046-049 V.Trastornos mentales y del comportamiento;2020;180
35 Palmas, Las;Mujeres;046-049 V.Trastornos mentales y del comportamiento;2019;162
35 Palmas, Las;Mujeres;046-049 V.Trastornos mentales y del comportamiento;2018;204
35 Palmas, Las;Mujeres;050-052 VI-VIII.Enfermedades del sistema nervioso y de los órganos de los sentidos;2022;224
35 Palmas, Las;Mujeres;050-052 VI-VIII.Enfermedades del sistema nervioso y de los órganos de los sentidos;2021;214
35 Palmas, Las;Mujeres;050-052 VI-VIII.Enfermedades del sistema nervioso y de los órganos de los sentidos;2020;212
35 Palmas, Las;Mujeres;050-052 VI-VIII.Enfermedades del sistema nervioso y de los órganos de los sentidos;2019;185
35 Palmas, Las;Mujeres;050-052 VI-VIII.Enfermedades del sistema nervioso y de los órganos de los sentidos;2018;184
35 Palmas, Las;Mujeres;053-061 IX.Enfermedades del sistema circulatorio;2022;1.255
35 Palmas, Las;Mujeres;053-061 IX.Enfermedades del sistema circulatorio;2021;1.204
35 Palmas, Las;Mujeres;053-061 IX.Enfermedades del sistema circulatorio;2020;1.173
35 Palmas, Las;Mujeres;053-061 IX.Enfermedades del sistema circulatorio;2019;1.168
35 Palmas, Las;Mujeres;053-061 IX.Enfermedades del sistema circulatorio;2018;1.258
35 Palmas, Las;Mujeres;062-067 X.Enfermedades del sistema respiratorio;2022;479
35 Palmas, Las;Mujeres;062-067 X.Enfermedades del sistema respiratorio;2021;390
35 Palmas, Las;Mujeres;062-067 X.Enfermedades del sistema respiratorio;2020;434
35 Palmas, Las;Mujeres;062-067 X.Enfermedades del sistema respiratorio;2019;481
35 Palmas, Las;Mujeres;062-067 X.Enfermedades del sistema respiratorio;2018;427
35 Palmas, Las;Mujeres;068-072 XI.Enfermedades del sistema digestivo;2022;199
35 Palmas, Las;Mujeres;068-072 XI.Enfermedades del sistema digestivo;2021;179
35 Palmas, Las;Mujeres;068-072 XI.Enfermedades del sistema digestivo;2020;192
35 Palmas, Las;Mujeres;068-072 XI.Enfermedades del sistema digestivo;2019;175
35 Palmas, Las;Mujeres;068-072 XI.Enfermedades del sistema digestivo;2018;169
35 Palmas, Las;Mujeres;073 XII.Enfermedades de la piel y del tejido subcutáneo;2022;48
35 Palmas, Las;Mujeres;073 XII.Enfermedades de la piel y del tejido subcutáneo;2021;30
35 Palmas, Las;Mujeres;073 XII.Enfermedades de la piel y del tejido subcutáneo;2020;24
35 Palmas, Las;Mujeres;073 XII.Enfermedades de la piel y del tejido subcutáneo;2019;25
35 Palmas, Las;Mujeres;073 XII.Enfermedades de la piel y del tejido subcutáneo;2018;21
35 Palmas, Las;Mujeres;074-076 XIII.Enfermedades del sistema osteomuscular y del tejido conjuntivo;2022;39
35 Palmas, Las;Mujeres;074-076 XIII.Enfermedades del sistema osteomuscular y del tejido conjuntivo;2021;33
35 Palmas, Las;Mujeres;074-076 XIII.Enfermedades del sistema osteomuscular y del tejido conjuntivo;2020;39
35 Palmas, Las;Mujeres;074-076 XIII.Enfermedades del sistema osteomuscular y del tejido conjuntivo;2019;37
35 Palmas, Las;Mujeres;074-076 XIII.Enfermedades del sistema osteomuscular y del tejido conjuntivo;2018;35
35 Palmas, Las;Mujeres;077-080 XIV.Enfermedades del sistema genitourinario;2022;221
35 Palmas, Las;Mujeres;077-080 XIV.Enfermedades del sistema genitourinario;2021;232
35 Palmas, Las;Mujeres;077-080 XIV.Enfermedades del sistema genitourinario;2020;192
35 Palmas, Las;Mujeres;077-080 XIV.Enfermedades del sistema genitourinario;2019;131
35 Palmas, Las;Mujeres;077-080 XIV.Enfermedades del sistema genitourinario;2018;165
35 Palmas, Las;Mujeres;081 XV.Embarazo, parto y puerperio;2022;0
35 Palmas, Las;Mujeres;081 XV.Embarazo, parto y puerperio;2021;1
35 Palmas, Las;Mujeres;081 XV.Embarazo, parto y puerperio;2020;1
35 Palmas, Las;Mujeres;081 XV.Embarazo, parto y puerperio;2019;1
35 Palmas, Las;Mujeres;081 XV.Embarazo, parto y puerperio;2018;0
35 Palmas, Las;Mujeres;082 XVI.Afecciones originadas en el periodo perinatal;2022;5
35 Palmas, Las;Mujeres;082 XVI.Afecciones originadas en el periodo perinatal;2021;7
35 Palmas, Las;Mujeres;082 XVI.Afecciones originadas en el periodo perinatal;2020;6
35 Palmas, Las;Mujeres;082 XVI.Afecciones originadas en el periodo perinatal;2019;6
35 Palmas, Las;Mujeres;082 XVI.Afecciones originadas en el periodo perinatal;2018;7
35 Palmas, Las;Mujeres;083-085 XVII.Malformaciones congénitas, deformidades y anomalías cromosómicas;2022;10
35 Palmas, Las;Mujeres;083-085 XVII.Malformaciones congénitas, deformidades y anomalías cromosómicas;2021;9
35 Palmas, Las;Mujeres;083-085 XVII.Malformaciones congénitas, deformidades y anomalías cromosómicas;2020;10
35 Palmas, Las;Mujeres;083-085 XVII.Malformaciones congénitas, deformidades y anomalías cromosómicas;2019;6
35 Palmas, Las;Mujeres;083-085 XVII.Malformaciones congénitas, deformidades y anomalías cromosómicas;2018;6
35 Palmas, Las;Mujeres;086-089 XVIII.Síntomas, signos y hallazgos anormales clínicos y de laboratorio, no clasificados en otra parte;2022;84
35 Palmas, Las;Mujeres;086-089 XVIII.Síntomas, signos y hallazgos anormales clínicos y de laboratorio, no clasificados en otra parte;2021;52
35 Palmas, Las;Mujeres;086-089 XVIII.Síntomas, signos y hallazgos anormales clínicos y de laboratorio, no clasificados en otra parte;2020;64
35 Palmas, Las;Mujeres;086-089 XVIII.Síntomas, signos y hallazgos anormales clínicos y de laboratorio, no clasificados en otra parte;2019;90
35 Palmas, Las;Mujeres;086-089 XVIII.Síntomas, signos y hallazgos anormales clínicos y de laboratorio, no clasificados en otra parte;2018;62
35 Palmas, Las;Mujeres;090-102 XX.Causas externas de mortalidad;2022;115
35 Palmas, Las;Mujeres;090-102 XX.Causas externas de mortalidad;2021;111
35 Palmas, Las;Mujeres;090-102 XX.Causas externas de mortalidad;2020;89
35 Palmas, Las;Mujeres;090-102 XX.Causas externas de mortalidad;2019;89
35 Palmas, Las;Mujeres;090-102 XX.Causas externas de mortalidad;2018;73
36 Pontevedra;Hombres;001-008 I.Enfermedades infecciosas y parasitarias;2022;342
36 Pontevedra;Hombres;001-008 I.Enfermedades infecciosas y parasitarias;2021;323
36 Pontevedra;Hombres;001-008 I.Enfermedades infecciosas y parasitarias;2020;241
36 Pontevedra;Hombres;001-008 I.Enfermedades infecciosas y parasitarias;2019;49
36 Pontevedra;Hombres;001-008 I.Enfermedades infecciosas y parasitarias;2018;36
36 Pontevedra;Hombres;009-041 II.Tumores;2022;1.516
36 Pontevedra;Hombres;009-041 II.Tumores;2021;1.624
36 Pontevedra;Hombres;009-041 II.Tumores;2020;1.561
36 Pontevedra;Hombres;009-041 II.Tumores;2019;1.532
36 Pontevedra;Hombres;009-041 II.Tumores;2018;1.509
36 Pontevedra;Hombres;042-043 III.Enfermedades de la sangre y de los órganos hematopoyéticos, y ciertos trastornos que afectan al mecanismo de la inmunidad;2022;20
36 Pontevedra;Hombres;042-043 III.Enfermedades de la sangre y de los órganos hematopoyéticos, y ciertos trastornos que afectan al mecanismo de la inmunidad;2021;15
36 Pontevedra;Hombres;042-043 III.Enfermedades de la sangre y de los órganos hematopoyéticos, y ciertos trastornos que afectan al mecanismo de la inmunidad;2020;16
36 Pontevedra;Hombres;042-043 III.Enfermedades de la sangre y de los órganos hematopoyéticos, y ciertos trastornos que afectan al mecanismo de la inmunidad;2019;13
36 Pontevedra;Hombres;042-043 III.Enfermedades de la sangre y de los órganos hematopoyéticos, y ciertos trastornos que afectan al mecanismo de la inmunidad;2018;13
36 Pontevedra;Hombres;044-045 IV.Enfermedades endocrinas, nutricionales y metabólicas;2022;143
36 Pontevedra;Hombres;044-045 IV.Enfermedades endocrinas, nutricionales y metabólicas;2021;103
36 Pontevedra;Hombres;044-045 IV.Enfermedades endocrinas, nutricionales y metabólicas;2020;92
36 Pontevedra;Hombres;044-045 IV.Enfermedades endocrinas, nutricionales y metabólicas;2019;64
36 Pontevedra;Hombres;044-045 IV.Enfermedades endocrinas, nutricionales y metabólicas;2018;62
36 Pontevedra;Hombres;046-049 V.Trastornos mentales y del comportamiento;2022;237
36 Pontevedra;Hombres;046-049 V.Trastornos mentales y del comportamiento;2021;187
36 Pontevedra;Hombres;046-049 V.Trastornos mentales y del comportamiento;2020;210
36 Pontevedra;Hombres;046-049 V.Trastornos mentales y del comportamiento;2019;193
36 Pontevedra;Hombres;046-049 V.Trastornos mentales y del comportamiento;2018;215
36 Pontevedra;Hombres;050-052 VI-VIII.Enfermedades del sistema nervioso y de los órganos de los sentidos;2022;231
36 Pontevedra;Hombres;050-052 VI-VIII.Enfermedades del sistema nervioso y de los órganos de los sentidos;2021;238
36 Pontevedra;Hombres;050-052 VI-VIII.Enfermedades del sistema nervioso y de los órganos de los sentidos;2020;232
36 Pontevedra;Hombres;050-052 VI-VIII.Enfermedades del sistema nervioso y de los órganos de los sentidos;2019;230
36 Pontevedra;Hombres;050-052 VI-VIII.Enfermedades del sistema nervioso y de los órganos de los sentidos;2018;215
36 Pontevedra;Hombres;053-061 IX.Enfermedades del sistema circulatorio;2022;1.169
36 Pontevedra;Hombres;053-061 IX.Enfermedades del sistema circulatorio;2021;1.175
36 Pontevedra;Hombres;053-061 IX.Enfermedades del sistema circulatorio;2020;1.153
36 Pontevedra;Hombres;053-061 IX.Enfermedades del sistema circulatorio;2019;1.164
36 Pontevedra;Hombres;053-061 IX.Enfermedades del sistema circulatorio;2018;1.139
36 Pontevedra;Hombres;062-067 X.Enfermedades del sistema respiratorio;2022;509
36 Pontevedra;Hombres;062-067 X.Enfermedades del sistema respiratorio;2021;401
36 Pontevedra;Hombres;062-067 X.Enfermedades del sistema respiratorio;2020;437
36 Pontevedra;Hombres;062-067 X.Enfermedades del sistema respiratorio;2019;547
36 Pontevedra;Hombres;062-067 X.Enfermedades del sistema respiratorio;2018;612
36 Pontevedra;Hombres;068-072 XI.Enfermedades del sistema digestivo;2022;263
36 Pontevedra;Hombres;068-072 XI.Enfermedades del sistema digestivo;2021;224
36 Pontevedra;Hombres;068-072 XI.Enfermedades del sistema digestivo;2020;215
36 Pontevedra;Hombres;068-072 XI.Enfermedades del sistema digestivo;2019;224
36 Pontevedra;Hombres;068-072 XI.Enfermedades del sistema digestivo;2018;206
36 Pontevedra;Hombres;073 XII.Enfermedades de la piel y del tejido subcutáneo;2022;20
36 Pontevedra;Hombres;073 XII.Enfermedades de la piel y del tejido subcutáneo;2021;19
36 Pontevedra;Hombres;073 XII.Enfermedades de la piel y del tejido subcutáneo;2020;15
36 Pontevedra;Hombres;073 XII.Enfermedades de la piel y del tejido subcutáneo;2019;13
36 Pontevedra;Hombres;073 XII.Enfermedades de la piel y del tejido subcutáneo;2018;12
36 Pontevedra;Hombres;074-076 XIII.Enfermedades del sistema osteomuscular y del tejido conjuntivo;2022;19
36 Pontevedra;Hombres;074-076 XIII.Enfermedades del sistema osteomuscular y del tejido conjuntivo;2021;17
36 Pontevedra;Hombres;074-076 XIII.Enfermedades del sistema osteomuscular y del tejido conjuntivo;2020;13
36 Pontevedra;Hombres;074-076 XIII.Enfermedades del sistema osteomuscular y del tejido conjuntivo;2019;10
36 Pontevedra;Hombres;074-076 XIII.Enfermedades del sistema osteomuscular y del tejido conjuntivo;2018;14
36 Pontevedra;Hombres;077-080 XIV.Enfermedades del sistema genitourinario;2022;162
36 Pontevedra;Hombres;077-080 XIV.Enfermedades del sistema genitourinario;2021;125
36 Pontevedra;Hombres;077-080 XIV.Enfermedades del sistema genitourinario;2020;119
36 Pontevedra;Hombres;077-080 XIV.Enfermedades del sistema genitourinario;2019;116
36 Pontevedra;Hombres;077-080 XIV.Enfermedades del sistema genitourinario;2018;125
36 Pontevedra;Hombres;081 XV.Embarazo, parto y puerperio;2022;0
36 Pontevedra;Hombres;081 XV.Embarazo, parto y puerperio;2021;0
36 Pontevedra;Hombres;081 XV.Embarazo, parto y puerperio;2020;0
36 Pontevedra;Hombres;081 XV.Embarazo, parto y puerperio;2019;0
36 Pontevedra;Hombres;081 XV.Embarazo, parto y puerperio;2018;0
36 Pontevedra;Hombres;082 XVI.Afecciones originadas en el periodo perinatal;2022;1
36 Pontevedra;Hombres;082 XVI.Afecciones originadas en el periodo perinatal;2021;2
36 Pontevedra;Hombres;082 XVI.Afecciones originadas en el periodo perinatal;2020;9
36 Pontevedra;Hombres;082 XVI.Afecciones originadas en el periodo perinatal;2019;5
36 Pontevedra;Hombres;082 XVI.Afecciones originadas en el periodo perinatal;2018;3
36 Pontevedra;Hombres;083-085 XVII.Malformaciones congénitas, deformidades y anomalías cromosómicas;2022;5
36 Pontevedra;Hombres;083-085 XVII.Malformaciones congénitas, deformidades y anomalías cromosómicas;2021;13
36 Pontevedra;Hombres;083-085 XVII.Malformaciones congénitas, deformidades y anomalías cromosómicas;2020;13
36 Pontevedra;Hombres;083-085 XVII.Malformaciones congénitas, deformidades y anomalías cromosómicas;2019;5
36 Pontevedra;Hombres;083-085 XVII.Malformaciones congénitas, deformidades y anomalías cromosómicas;2018;11
36 Pontevedra;Hombres;086-089 XVIII.Síntomas, signos y hallazgos anormales clínicos y de laboratorio, no clasificados en otra parte;2022;65
36 Pontevedra;Hombres;086-089 XVIII.Síntomas, signos y hallazgos anormales clínicos y de laboratorio, no clasificados en otra parte;2021;92
36 Pontevedra;Hombres;086-089 XVIII.Síntomas, signos y hallazgos anormales clínicos y de laboratorio, no clasificados en otra parte;2020;40
36 Pontevedra;Hombres;086-089 XVIII.Síntomas, signos y hallazgos anormales clínicos y de laboratorio, no clasificados en otra parte;2019;109
36 Pontevedra;Hombres;086-089 XVIII.Síntomas, signos y hallazgos anormales clínicos y de laboratorio, no clasificados en otra parte;2018;103
36 Pontevedra;Hombres;090-102 XX.Causas externas de mortalidad;2022;249
36 Pontevedra;Hombres;090-102 XX.Causas externas de mortalidad;2021;273
36 Pontevedra;Hombres;090-102 XX.Causas externas de mortalidad;2020;272
36 Pontevedra;Hombres;090-102 XX.Causas externas de mortalidad;2019;213
36 Pontevedra;Hombres;090-102 XX.Causas externas de mortalidad;2018;195
36 Pontevedra;Mujeres;001-008 I.Enfermedades infecciosas y parasitarias;2022;372
36 Pontevedra;Mujeres;001-008 I.Enfermedades infecciosas y parasitarias;2021;256
36 Pontevedra;Mujeres;001-008 I.Enfermedades infecciosas y parasitarias;2020;260
36 Pontevedra;Mujeres;001-008 I.Enfermedades infecciosas y parasitarias;2019;56
36 Pontevedra;Mujeres;001-008 I.Enfermedades infecciosas y parasitarias;2018;47
36 Pontevedra;Mujeres;009-041 II.Tumores;2022;1.112
36 Pontevedra;Mujeres;009-041 II.Tumores;2021;1.010
36 Pontevedra;Mujeres;009-041 II.Tumores;2020;1.134
36 Pontevedra;Mujeres;009-041 II.Tumores;2019;1.034
36 Pontevedra;Mujeres;009-041 II.Tumores;2018;1.031
36 Pontevedra;Mujeres;042-043 III.Enfermedades de la sangre y de los órganos hematopoyéticos, y ciertos trastornos que afectan al mecanismo de la inmunidad;2022;40
36 Pontevedra;Mujeres;042-043 III.Enfermedades de la sangre y de los órganos hematopoyéticos, y ciertos trastornos que afectan al mecanismo de la inmunidad;2021;27
36 Pontevedra;Mujeres;042-043 III.Enfermedades de la sangre y de los órganos hematopoyéticos, y ciertos trastornos que afectan al mecanismo de la inmunidad;2020;33
36 Pontevedra;Mujeres;042-043 III.Enfermedades de la sangre y de los órganos hematopoyéticos, y ciertos trastornos que afectan al mecanismo de la inmunidad;2019;21
36 Pontevedra;Mujeres;042-043 III.Enfermedades de la sangre y de los órganos hematopoyéticos, y ciertos trastornos que afectan al mecanismo de la inmunidad;2018;25
36 Pontevedra;Mujeres;044-045 IV.Enfermedades endocrinas, nutricionales y metabólicas;2022;176
36 Pontevedra;Mujeres;044-045 IV.Enfermedades endocrinas, nutricionales y metabólicas;2021;150
36 Pontevedra;Mujeres;044-045 IV.Enfermedades endocrinas, nutricionales y metabólicas;2020;109
36 Pontevedra;Mujeres;044-045 IV.Enfermedades endocrinas, nutricionales y metabólicas;2019;90
36 Pontevedra;Mujeres;044-045 IV.Enfermedades endocrinas, nutricionales y metabólicas;2018;97
36 Pontevedra;Mujeres;046-049 V.Trastornos mentales y del comportamiento;2022;481
36 Pontevedra;Mujeres;046-049 V.Trastornos mentales y del comportamiento;2021;394
36 Pontevedra;Mujeres;046-049 V.Trastornos mentales y del comportamiento;2020;436
36 Pontevedra;Mujeres;046-049 V.Trastornos mentales y del comportamiento;2019;496
36 Pontevedra;Mujeres;046-049 V.Trastornos mentales y del comportamiento;2018;483
36 Pontevedra;Mujeres;050-052 VI-VIII.Enfermedades del sistema nervioso y de los órganos de los sentidos;2022;337
36 Pontevedra;Mujeres;050-052 VI-VIII.Enfermedades del sistema nervioso y de los órganos de los sentidos;2021;279
36 Pontevedra;Mujeres;050-052 VI-VIII.Enfermedades del sistema nervioso y de los órganos de los sentidos;2020;369
36 Pontevedra;Mujeres;050-052 VI-VIII.Enfermedades del sistema nervioso y de los órganos de los sentidos;2019;322
36 Pontevedra;Mujeres;050-052 VI-VIII.Enfermedades del sistema nervioso y de los órganos de los sentidos;2018;315
36 Pontevedra;Mujeres;053-061 IX.Enfermedades del sistema circulatorio;2022;1.375
36 Pontevedra;Mujeres;053-061 IX.Enfermedades del sistema circulatorio;2021;1.341
36 Pontevedra;Mujeres;053-061 IX.Enfermedades del sistema circulatorio;2020;1.346
36 Pontevedra;Mujeres;053-061 IX.Enfermedades del sistema circulatorio;2019;1.351
36 Pontevedra;Mujeres;053-061 IX.Enfermedades del sistema circulatorio;2018;1.433
36 Pontevedra;Mujeres;062-067 X.Enfermedades del sistema respiratorio;2022;470
36 Pontevedra;Mujeres;062-067 X.Enfermedades del sistema respiratorio;2021;341
36 Pontevedra;Mujeres;062-067 X.Enfermedades del sistema respiratorio;2020;391
36 Pontevedra;Mujeres;062-067 X.Enfermedades del sistema respiratorio;2019;472
36 Pontevedra;Mujeres;062-067 X.Enfermedades del sistema respiratorio;2018;628
36 Pontevedra;Mujeres;068-072 XI.Enfermedades del sistema digestivo;2022;249
36 Pontevedra;Mujeres;068-072 XI.Enfermedades del sistema digestivo;2021;208
36 Pontevedra;Mujeres;068-072 XI.Enfermedades del sistema digestivo;2020;208
36 Pontevedra;Mujeres;068-072 XI.Enfermedades del sistema digestivo;2019;215
36 Pontevedra;Mujeres;068-072 XI.Enfermedades del sistema digestivo;2018;208
36 Pontevedra;Mujeres;073 XII.Enfermedades de la piel y del tejido subcutáneo;2022;46
36 Pontevedra;Mujeres;073 XII.Enfermedades de la piel y del tejido subcutáneo;2021;22
36 Pontevedra;Mujeres;073 XII.Enfermedades de la piel y del tejido subcutáneo;2020;32
36 Pontevedra;Mujeres;073 XII.Enfermedades de la piel y del tejido subcutáneo;2019;36
36 Pontevedra;Mujeres;073 XII.Enfermedades de la piel y del tejido subcutáneo;2018;30
36 Pontevedra;Mujeres;074-076 XIII.Enfermedades del sistema osteomuscular y del tejido conjuntivo;2022;51
36 Pontevedra;Mujeres;074-076 XIII.Enfermedades del sistema osteomuscular y del tejido conjuntivo;2021;37
36 Pontevedra;Mujeres;074-076 XIII.Enfermedades del sistema osteomuscular y del tejido conjuntivo;2020;29
36 Pontevedra;Mujeres;074-076 XIII.Enfermedades del sistema osteomuscular y del tejido conjuntivo;2019;21
36 Pontevedra;Mujeres;074-076 XIII.Enfermedades del sistema osteomuscular y del tejido conjuntivo;2018;19
36 Pontevedra;Mujeres;077-080 XIV.Enfermedades del sistema genitourinario;2022;246
36 Pontevedra;Mujeres;077-080 XIV.Enfermedades del sistema genitourinario;2021;202
36 Pontevedra;Mujeres;077-080 XIV.Enfermedades del sistema genitourinario;2020;190
36 Pontevedra;Mujeres;077-080 XIV.Enfermedades del sistema genitourinario;2019;197
36 Pontevedra;Mujeres;077-080 XIV.Enfermedades del sistema genitourinario;2018;166
36 Pontevedra;Mujeres;081 XV.Embarazo, parto y puerperio;2022;0
36 Pontevedra;Mujeres;081 XV.Embarazo, parto y puerperio;2021;0
36 Pontevedra;Mujeres;081 XV.Embarazo, parto y puerperio;2020;0
36 Pontevedra;Mujeres;081 XV.Embarazo, parto y puerperio;2019;0
36 Pontevedra;Mujeres;081 XV.Embarazo, parto y puerperio;2018;0
36 Pontevedra;Mujeres;082 XVI.Afecciones originadas en el periodo perinatal;2022;2
36 Pontevedra;Mujeres;082 XVI.Afecciones originadas en el periodo perinatal;2021;0
36 Pontevedra;Mujeres;082 XVI.Afecciones originadas en el periodo perinatal;2020;1
36 Pontevedra;Mujeres;082 XVI.Afecciones originadas en el periodo perinatal;2019;1
36 Pontevedra;Mujeres;082 XVI.Afecciones originadas en el periodo perinatal;2018;3
36 Pontevedra;Mujeres;083-085 XVII.Malformaciones congénitas, deformidades y anomalías cromosómicas;2022;13
36 Pontevedra;Mujeres;083-085 XVII.Malformaciones congénitas, deformidades y anomalías cromosómicas;2021;8
36 Pontevedra;Mujeres;083-085 XVII.Malformaciones congénitas, deformidades y anomalías cromosómicas;2020;6
36 Pontevedra;Mujeres;083-085 XVII.Malformaciones congénitas, deformidades y anomalías cromosómicas;2019;7
36 Pontevedra;Mujeres;083-085 XVII.Malformaciones congénitas, deformidades y anomalías cromosómicas;2018;12
36 Pontevedra;Mujeres;086-089 XVIII.Síntomas, signos y hallazgos anormales clínicos y de laboratorio, no clasificados en otra parte;2022;155
36 Pontevedra;Mujeres;086-089 XVIII.Síntomas, signos y hallazgos anormales clínicos y de laboratorio, no clasificados en otra parte;2021;166
36 Pontevedra;Mujeres;086-089 XVIII.Síntomas, signos y hallazgos anormales clínicos y de laboratorio, no clasificados en otra parte;2020;101
36 Pontevedra;Mujeres;086-089 XVIII.Síntomas, signos y hallazgos anormales clínicos y de laboratorio, no clasificados en otra parte;2019;58
36 Pontevedra;Mujeres;086-089 XVIII.Síntomas, signos y hallazgos anormales clínicos y de laboratorio, no clasificados en otra parte;2018;61
36 Pontevedra;Mujeres;090-102 XX.Causas externas de mortalidad;2022;212
36 Pontevedra;Mujeres;090-102 XX.Causas externas de mortalidad;2021;184
36 Pontevedra;Mujeres;090-102 XX.Causas externas de mortalidad;2020;140
36 Pontevedra;Mujeres;090-102 XX.Causas externas de mortalidad;2019;138
36 Pontevedra;Mujeres;090-102 XX.Causas externas de mortalidad;2018;134
26 Rioja, La;Hombres;001-008 I.Enfermedades infecciosas y parasitarias;2022;98
26 Rioja, La;Hombres;001-008 I.Enfermedades infecciosas y parasitarias;2021;172
26 Rioja, La;Hombres;001-008 I.Enfermedades infecciosas y parasitarias;2020;363
26 Rioja, La;Hombres;001-008 I.Enfermedades infecciosas y parasitarias;2019;28
26 Rioja, La;Hombres;001-008 I.Enfermedades infecciosas y parasitarias;2018;28
26 Rioja, La;Hombres;009-041 II.Tumores;2022;497
26 Rioja, La;Hombres;009-041 II.Tumores;2021;516
26 Rioja, La;Hombres;009-041 II.Tumores;2020;524
26 Rioja, La;Hombres;009-041 II.Tumores;2019;509
26 Rioja, La;Hombres;009-041 II.Tumores;2018;527
26 Rioja, La;Hombres;042-043 III.Enfermedades de la sangre y de los órganos hematopoyéticos, y ciertos trastornos que afectan al mecanismo de la inmunidad;2022;10
26 Rioja, La;Hombres;042-043 III.Enfermedades de la sangre y de los órganos hematopoyéticos, y ciertos trastornos que afectan al mecanismo de la inmunidad;2021;19
26 Rioja, La;Hombres;042-043 III.Enfermedades de la sangre y de los órganos hematopoyéticos, y ciertos trastornos que afectan al mecanismo de la inmunidad;2020;7
26 Rioja, La;Hombres;042-043 III.Enfermedades de la sangre y de los órganos hematopoyéticos, y ciertos trastornos que afectan al mecanismo de la inmunidad;2019;6
26 Rioja, La;Hombres;042-043 III.Enfermedades de la sangre y de los órganos hematopoyéticos, y ciertos trastornos que afectan al mecanismo de la inmunidad;2018;5
26 Rioja, La;Hombres;044-045 IV.Enfermedades endocrinas, nutricionales y metabólicas;2022;60
26 Rioja, La;Hombres;044-045 IV.Enfermedades endocrinas, nutricionales y metabólicas;2021;51
26 Rioja, La;Hombres;044-045 IV.Enfermedades endocrinas, nutricionales y metabólicas;2020;41
26 Rioja, La;Hombres;044-045 IV.Enfermedades endocrinas, nutricionales y metabólicas;2019;57
26 Rioja, La;Hombres;044-045 IV.Enfermedades endocrinas, nutricionales y metabólicas;2018;56
26 Rioja, La;Hombres;046-049 V.Trastornos mentales y del comportamiento;2022;68
26 Rioja, La;Hombres;046-049 V.Trastornos mentales y del comportamiento;2021;59
26 Rioja, La;Hombres;046-049 V.Trastornos mentales y del comportamiento;2020;77
26 Rioja, La;Hombres;046-049 V.Trastornos mentales y del comportamiento;2019;84
26 Rioja, La;Hombres;046-049 V.Trastornos mentales y del comportamiento;2018;71
26 Rioja, La;Hombres;050-052 VI-VIII.Enfermedades del sistema nervioso y de los órganos de los sentidos;2022;91
26 Rioja, La;Hombres;050-052 VI-VIII.Enfermedades del sistema nervioso y de los órganos de los sentidos;2021;73
26 Rioja, La;Hombres;050-052 VI-VIII.Enfermedades del sistema nervioso y de los órganos de los sentidos;2020;82
26 Rioja, La;Hombres;050-052 VI-VIII.Enfermedades del sistema nervioso y de los órganos de los sentidos;2019;117
26 Rioja, La;Hombres;050-052 VI-VIII.Enfermedades del sistema nervioso y de los órganos de los sentidos;2018;95
26 Rioja, La;Hombres;053-061 IX.Enfermedades del sistema circulatorio;2022;469
26 Rioja, La;Hombres;053-061 IX.Enfermedades del sistema circulatorio;2021;430
26 Rioja, La;Hombres;053-061 IX.Enfermedades del sistema circulatorio;2020;438
26 Rioja, La;Hombres;053-061 IX.Enfermedades del sistema circulatorio;2019;435
26 Rioja, La;Hombres;053-061 IX.Enfermedades del sistema circulatorio;2018;472
26 Rioja, La;Hombres;062-067 X.Enfermedades del sistema respiratorio;2022;192
26 Rioja, La;Hombres;062-067 X.Enfermedades del sistema respiratorio;2021;159
26 Rioja, La;Hombres;062-067 X.Enfermedades del sistema respiratorio;2020;135
26 Rioja, La;Hombres;062-067 X.Enfermedades del sistema respiratorio;2019;172
26 Rioja, La;Hombres;062-067 X.Enfermedades del sistema respiratorio;2018;190
26 Rioja, La;Hombres;068-072 XI.Enfermedades del sistema digestivo;2022;94
26 Rioja, La;Hombres;068-072 XI.Enfermedades del sistema digestivo;2021;83
26 Rioja, La;Hombres;068-072 XI.Enfermedades del sistema digestivo;2020;80
26 Rioja, La;Hombres;068-072 XI.Enfermedades del sistema digestivo;2019;69
26 Rioja, La;Hombres;068-072 XI.Enfermedades del sistema digestivo;2018;84
26 Rioja, La;Hombres;073 XII.Enfermedades de la piel y del tejido subcutáneo;2022;12
26 Rioja, La;Hombres;073 XII.Enfermedades de la piel y del tejido subcutáneo;2021;7
26 Rioja, La;Hombres;073 XII.Enfermedades de la piel y del tejido subcutáneo;2020;5
26 Rioja, La;Hombres;073 XII.Enfermedades de la piel y del tejido subcutáneo;2019;5
26 Rioja, La;Hombres;073 XII.Enfermedades de la piel y del tejido subcutáneo;2018;7
26 Rioja, La;Hombres;074-076 XIII.Enfermedades del sistema osteomuscular y del tejido conjuntivo;2022;18
26 Rioja, La;Hombres;074-076 XIII.Enfermedades del sistema osteomuscular y del tejido conjuntivo;2021;15
26 Rioja, La;Hombres;074-076 XIII.Enfermedades del sistema osteomuscular y del tejido conjuntivo;2020;11
26 Rioja, La;Hombres;074-076 XIII.Enfermedades del sistema osteomuscular y del tejido conjuntivo;2019;19
26 Rioja, La;Hombres;074-076 XIII.Enfermedades del sistema osteomuscular y del tejido conjuntivo;2018;8
26 Rioja, La;Hombres;077-080 XIV.Enfermedades del sistema genitourinario;2022;65
26 Rioja, La;Hombres;077-080 XIV.Enfermedades del sistema genitourinario;2021;49
26 Rioja, La;Hombres;077-080 XIV.Enfermedades del sistema genitourinario;2020;55
26 Rioja, La;Hombres;077-080 XIV.Enfermedades del sistema genitourinario;2019;45
26 Rioja, La;Hombres;077-080 XIV.Enfermedades del sistema genitourinario;2018;42
26 Rioja, La;Hombres;081 XV.Embarazo, parto y puerperio;2022;0
26 Rioja, La;Hombres;081 XV.Embarazo, parto y puerperio;2021;0
26 Rioja, La;Hombres;081 XV.Embarazo, parto y puerperio;2020;0
26 Rioja, La;Hombres;081 XV.Embarazo, parto y puerperio;2019;0
26 Rioja, La;Hombres;081 XV.Embarazo, parto y puerperio;2018;0
26 Rioja, La;Hombres;082 XVI.Afecciones originadas en el periodo perinatal;2022;2
26 Rioja, La;Hombres;082 XVI.Afecciones originadas en el periodo perinatal;2021;3
26 Rioja, La;Hombres;082 XVI.Afecciones originadas en el periodo perinatal;2020;1
26 Rioja, La;Hombres;082 XVI.Afecciones originadas en el periodo perinatal;2019;2
26 Rioja, La;Hombres;082 XVI.Afecciones originadas en el periodo perinatal;2018;2
26 Rioja, La;Hombres;083-085 XVII.Malformaciones congénitas, deformidades y anomalías cromosómicas;2022;4
26 Rioja, La;Hombres;083-085 XVII.Malformaciones congénitas, deformidades y anomalías cromosómicas;2021;1
26 Rioja, La;Hombres;083-085 XVII.Malformaciones congénitas, deformidades y anomalías cromosómicas;2020;3
26 Rioja, La;Hombres;083-085 XVII.Malformaciones congénitas, deformidades y anomalías cromosómicas;2019;0
26 Rioja, La;Hombres;083-085 XVII.Malformaciones congénitas, deformidades y anomalías cromosómicas;2018;3
26 Rioja, La;Hombres;086-089 XVIII.Síntomas, signos y hallazgos anormales clínicos y de laboratorio, no clasificados en otra parte;2022;4
26 Rioja, La;Hombres;086-089 XVIII.Síntomas, signos y hallazgos anormales clínicos y de laboratorio, no clasificados en otra parte;2021;7
26 Rioja, La;Hombres;086-089 XVIII.Síntomas, signos y hallazgos anormales clínicos y de laboratorio, no clasificados en otra parte;2020;13
26 Rioja, La;Hombres;086-089 XVIII.Síntomas, signos y hallazgos anormales clínicos y de laboratorio, no clasificados en otra parte;2019;11
26 Rioja, La;Hombres;086-089 XVIII.Síntomas, signos y hallazgos anormales clínicos y de laboratorio, no clasificados en otra parte;2018;15
26 Rioja, La;Hombres;090-102 XX.Causas externas de mortalidad;2022;86
26 Rioja, La;Hombres;090-102 XX.Causas externas de mortalidad;2021;90
26 Rioja, La;Hombres;090-102 XX.Causas externas de mortalidad;2020;83
26 Rioja, La;Hombres;090-102 XX.Causas externas de mortalidad;2019;73
26 Rioja, La;Hombres;090-102 XX.Causas externas de mortalidad;2018;61
26 Rioja, La;Mujeres;001-008 I.Enfermedades infecciosas y parasitarias;2022;87
26 Rioja, La;Mujeres;001-008 I.Enfermedades infecciosas y parasitarias;2021;131
26 Rioja, La;Mujeres;001-008 I.Enfermedades infecciosas y parasitarias;2020;333
26 Rioja, La;Mujeres;001-008 I.Enfermedades infecciosas y parasitarias;2019;29
26 Rioja, La;Mujeres;001-008 I.Enfermedades infecciosas y parasitarias;2018;18
26 Rioja, La;Mujeres;009-041 II.Tumores;2022;352
26 Rioja, La;Mujeres;009-041 II.Tumores;2021;315
26 Rioja, La;Mujeres;009-041 II.Tumores;2020;328
26 Rioja, La;Mujeres;009-041 II.Tumores;2019;350
26 Rioja, La;Mujeres;009-041 II.Tumores;2018;327
26 Rioja, La;Mujeres;042-043 III.Enfermedades de la sangre y de los órganos hematopoyéticos, y ciertos trastornos que afectan al mecanismo de la inmunidad;2022;15
26 Rioja, La;Mujeres;042-043 III.Enfermedades de la sangre y de los órganos hematopoyéticos, y ciertos trastornos que afectan al mecanismo de la inmunidad;2021;5
26 Rioja, La;Mujeres;042-043 III.Enfermedades de la sangre y de los órganos hematopoyéticos, y ciertos trastornos que afectan al mecanismo de la inmunidad;2020;11
26 Rioja, La;Mujeres;042-043 III.Enfermedades de la sangre y de los órganos hematopoyéticos, y ciertos trastornos que afectan al mecanismo de la inmunidad;2019;7
26 Rioja, La;Mujeres;042-043 III.Enfermedades de la sangre y de los órganos hematopoyéticos, y ciertos trastornos que afectan al mecanismo de la inmunidad;2018;9
26 Rioja, La;Mujeres;044-045 IV.Enfermedades endocrinas, nutricionales y metabólicas;2022;76
26 Rioja, La;Mujeres;044-045 IV.Enfermedades endocrinas, nutricionales y metabólicas;2021;63
26 Rioja, La;Mujeres;044-045 IV.Enfermedades endocrinas, nutricionales y metabólicas;2020;61
26 Rioja, La;Mujeres;044-045 IV.Enfermedades endocrinas, nutricionales y metabólicas;2019;48
26 Rioja, La;Mujeres;044-045 IV.Enfermedades endocrinas, nutricionales y metabólicas;2018;59
26 Rioja, La;Mujeres;046-049 V.Trastornos mentales y del comportamiento;2022;125
26 Rioja, La;Mujeres;046-049 V.Trastornos mentales y del comportamiento;2021;107
26 Rioja, La;Mujeres;046-049 V.Trastornos mentales y del comportamiento;2020;116
26 Rioja, La;Mujeres;046-049 V.Trastornos mentales y del comportamiento;2019;106
26 Rioja, La;Mujeres;046-049 V.Trastornos mentales y del comportamiento;2018;112
26 Rioja, La;Mujeres;050-052 VI-VIII.Enfermedades del sistema nervioso y de los órganos de los sentidos;2022;151
26 Rioja, La;Mujeres;050-052 VI-VIII.Enfermedades del sistema nervioso y de los órganos de los sentidos;2021;131
26 Rioja, La;Mujeres;050-052 VI-VIII.Enfermedades del sistema nervioso y de los órganos de los sentidos;2020;134
26 Rioja, La;Mujeres;050-052 VI-VIII.Enfermedades del sistema nervioso y de los órganos de los sentidos;2019;144
26 Rioja, La;Mujeres;050-052 VI-VIII.Enfermedades del sistema nervioso y de los órganos de los sentidos;2018;133
26 Rioja, La;Mujeres;053-061 IX.Enfermedades del sistema circulatorio;2022;497
26 Rioja, La;Mujeres;053-061 IX.Enfermedades del sistema circulatorio;2021;504
26 Rioja, La;Mujeres;053-061 IX.Enfermedades del sistema circulatorio;2020;457
26 Rioja, La;Mujeres;053-061 IX.Enfermedades del sistema circulatorio;2019;501
26 Rioja, La;Mujeres;053-061 IX.Enfermedades del sistema circulatorio;2018;523
26 Rioja, La;Mujeres;062-067 X.Enfermedades del sistema respiratorio;2022;139
26 Rioja, La;Mujeres;062-067 X.Enfermedades del sistema respiratorio;2021;126
26 Rioja, La;Mujeres;062-067 X.Enfermedades del sistema respiratorio;2020;128
26 Rioja, La;Mujeres;062-067 X.Enfermedades del sistema respiratorio;2019;143
26 Rioja, La;Mujeres;062-067 X.Enfermedades del sistema respiratorio;2018;177
26 Rioja, La;Mujeres;068-072 XI.Enfermedades del sistema digestivo;2022;93
26 Rioja, La;Mujeres;068-072 XI.Enfermedades del sistema digestivo;2021;86
26 Rioja, La;Mujeres;068-072 XI.Enfermedades del sistema digestivo;2020;85
26 Rioja, La;Mujeres;068-072 XI.Enfermedades del sistema digestivo;2019;80
26 Rioja, La;Mujeres;068-072 XI.Enfermedades del sistema digestivo;2018;76
26 Rioja, La;Mujeres;073 XII.Enfermedades de la piel y del tejido subcutáneo;2022;7
26 Rioja, La;Mujeres;073 XII.Enfermedades de la piel y del tejido subcutáneo;2021;5
26 Rioja, La;Mujeres;073 XII.Enfermedades de la piel y del tejido subcutáneo;2020;10
26 Rioja, La;Mujeres;073 XII.Enfermedades de la piel y del tejido subcutáneo;2019;14
26 Rioja, La;Mujeres;073 XII.Enfermedades de la piel y del tejido subcutáneo;2018;8
26 Rioja, La;Mujeres;074-076 XIII.Enfermedades del sistema osteomuscular y del tejido conjuntivo;2022;24
26 Rioja, La;Mujeres;074-076 XIII.Enfermedades del sistema osteomuscular y del tejido conjuntivo;2021;37
26 Rioja, La;Mujeres;074-076 XIII.Enfermedades del sistema osteomuscular y del tejido conjuntivo;2020;27
26 Rioja, La;Mujeres;074-076 XIII.Enfermedades del sistema osteomuscular y del tejido conjuntivo;2019;33
26 Rioja, La;Mujeres;074-076 XIII.Enfermedades del sistema osteomuscular y del tejido conjuntivo;2018;27
26 Rioja, La;Mujeres;077-080 XIV.Enfermedades del sistema genitourinario;2022;69
26 Rioja, La;Mujeres;077-080 XIV.Enfermedades del sistema genitourinario;2021;79
26 Rioja, La;Mujeres;077-080 XIV.Enfermedades del sistema genitourinario;2020;59
26 Rioja, La;Mujeres;077-080 XIV.Enfermedades del sistema genitourinario;2019;50
26 Rioja, La;Mujeres;077-080 XIV.Enfermedades del sistema genitourinario;2018;42
26 Rioja, La;Mujeres;081 XV.Embarazo, parto y puerperio;2022;0
26 Rioja, La;Mujeres;081 XV.Embarazo, parto y puerperio;2021;0
26 Rioja, La;Mujeres;081 XV.Embarazo, parto y puerperio;2020;0
26 Rioja, La;Mujeres;081 XV.Embarazo, parto y puerperio;2019;0
26 Rioja, La;Mujeres;081 XV.Embarazo, parto y puerperio;2018;0
26 Rioja, La;Mujeres;082 XVI.Afecciones originadas en el periodo perinatal;2022;1
26 Rioja, La;Mujeres;082 XVI.Afecciones originadas en el periodo perinatal;2021;1
26 Rioja, La;Mujeres;082 XVI.Afecciones originadas en el periodo perinatal;2020;2
26 Rioja, La;Mujeres;082 XVI.Afecciones originadas en el periodo perinatal;2019;0
26 Rioja, La;Mujeres;082 XVI.Afecciones originadas en el periodo perinatal;2018;2
26 Rioja, La;Mujeres;083-085 XVII.Malformaciones congénitas, deformidades y anomalías cromosómicas;2022;2
26 Rioja, La;Mujeres;083-085 XVII.Malformaciones congénitas, deformidades y anomalías cromosómicas;2021;3
26 Rioja, La;Mujeres;083-085 XVII.Malformaciones congénitas, deformidades y anomalías cromosómicas;2020;3
26 Rioja, La;Mujeres;083-085 XVII.Malformaciones congénitas, deformidades y anomalías cromosómicas;2019;7
26 Rioja, La;Mujeres;083-085 XVII.Malformaciones congénitas, deformidades y anomalías cromosómicas;2018;1
26 Rioja, La;Mujeres;086-089 XVIII.Síntomas, signos y hallazgos anormales clínicos y de laboratorio, no clasificados en otra parte;2022;7
26 Rioja, La;Mujeres;086-089 XVIII.Síntomas, signos y hallazgos anormales clínicos y de laboratorio, no clasificados en otra parte;2021;14
26 Rioja, La;Mujeres;086-089 XVIII.Síntomas, signos y hallazgos anormales clínicos y de laboratorio, no clasificados en otra parte;2020;14
26 Rioja, La;Mujeres;086-089 XVIII.Síntomas, signos y hallazgos anormales clínicos y de laboratorio, no clasificados en otra parte;2019;16
26 Rioja, La;Mujeres;086-089 XVIII.Síntomas, signos y hallazgos anormales clínicos y de laboratorio, no clasificados en otra parte;2018;12
26 Rioja, La;Mujeres;090-102 XX.Causas externas de mortalidad;2022;73
26 Rioja, La;Mujeres;090-102 XX.Causas externas de mortalidad;2021;53
26 Rioja, La;Mujeres;090-102 XX.Causas externas de mortalidad;2020;41
26 Rioja, La;Mujeres;090-102 XX.Causas externas de mortalidad;2019;34
26 Rioja, La;Mujeres;090-102 XX.Causas externas de mortalidad;2018;36
37 Salamanca;Hombres;001-008 I.Enfermedades infecciosas y parasitarias;2022;231
37 Salamanca;Hombres;001-008 I.Enfermedades infecciosas y parasitarias;2021;239
37 Salamanca;Hombres;001-008 I.Enfermedades infecciosas y parasitarias;2020;676
37 Salamanca;Hombres;001-008 I.Enfermedades infecciosas y parasitarias;2019;24
37 Salamanca;Hombres;001-008 I.Enfermedades infecciosas y parasitarias;2018;18
37 Salamanca;Hombres;009-041 II.Tumores;2022;681
37 Salamanca;Hombres;009-041 II.Tumores;2021;623
37 Salamanca;Hombres;009-041 II.Tumores;2020;653
37 Salamanca;Hombres;009-041 II.Tumores;2019;707
37 Salamanca;Hombres;009-041 II.Tumores;2018;669
37 Salamanca;Hombres;042-043 III.Enfermedades de la sangre y de los órganos hematopoyéticos, y ciertos trastornos que afectan al mecanismo de la inmunidad;2022;16
37 Salamanca;Hombres;042-043 III.Enfermedades de la sangre y de los órganos hematopoyéticos, y ciertos trastornos que afectan al mecanismo de la inmunidad;2021;6
37 Salamanca;Hombres;042-043 III.Enfermedades de la sangre y de los órganos hematopoyéticos, y ciertos trastornos que afectan al mecanismo de la inmunidad;2020;11
37 Salamanca;Hombres;042-043 III.Enfermedades de la sangre y de los órganos hematopoyéticos, y ciertos trastornos que afectan al mecanismo de la inmunidad;2019;15
37 Salamanca;Hombres;042-043 III.Enfermedades de la sangre y de los órganos hematopoyéticos, y ciertos trastornos que afectan al mecanismo de la inmunidad;2018;10
37 Salamanca;Hombres;044-045 IV.Enfermedades endocrinas, nutricionales y metabólicas;2022;94
37 Salamanca;Hombres;044-045 IV.Enfermedades endocrinas, nutricionales y metabólicas;2021;113
37 Salamanca;Hombres;044-045 IV.Enfermedades endocrinas, nutricionales y metabólicas;2020;106
37 Salamanca;Hombres;044-045 IV.Enfermedades endocrinas, nutricionales y metabólicas;2019;65
37 Salamanca;Hombres;044-045 IV.Enfermedades endocrinas, nutricionales y metabólicas;2018;69
37 Salamanca;Hombres;046-049 V.Trastornos mentales y del comportamiento;2022;54
37 Salamanca;Hombres;046-049 V.Trastornos mentales y del comportamiento;2021;55
37 Salamanca;Hombres;046-049 V.Trastornos mentales y del comportamiento;2020;50
37 Salamanca;Hombres;046-049 V.Trastornos mentales y del comportamiento;2019;44
37 Salamanca;Hombres;046-049 V.Trastornos mentales y del comportamiento;2018;38
37 Salamanca;Hombres;050-052 VI-VIII.Enfermedades del sistema nervioso y de los órganos de los sentidos;2022;112
37 Salamanca;Hombres;050-052 VI-VIII.Enfermedades del sistema nervioso y de los órganos de los sentidos;2021;89
37 Salamanca;Hombres;050-052 VI-VIII.Enfermedades del sistema nervioso y de los órganos de los sentidos;2020;91
37 Salamanca;Hombres;050-052 VI-VIII.Enfermedades del sistema nervioso y de los órganos de los sentidos;2019;112
37 Salamanca;Hombres;050-052 VI-VIII.Enfermedades del sistema nervioso y de los órganos de los sentidos;2018;77
37 Salamanca;Hombres;053-061 IX.Enfermedades del sistema circulatorio;2022;588
37 Salamanca;Hombres;053-061 IX.Enfermedades del sistema circulatorio;2021;573
37 Salamanca;Hombres;053-061 IX.Enfermedades del sistema circulatorio;2020;576
37 Salamanca;Hombres;053-061 IX.Enfermedades del sistema circulatorio;2019;544
37 Salamanca;Hombres;053-061 IX.Enfermedades del sistema circulatorio;2018;589
37 Salamanca;Hombres;062-067 X.Enfermedades del sistema respiratorio;2022;210
37 Salamanca;Hombres;062-067 X.Enfermedades del sistema respiratorio;2021;171
37 Salamanca;Hombres;062-067 X.Enfermedades del sistema respiratorio;2020;242
37 Salamanca;Hombres;062-067 X.Enfermedades del sistema respiratorio;2019;291
37 Salamanca;Hombres;062-067 X.Enfermedades del sistema respiratorio;2018;278
37 Salamanca;Hombres;068-072 XI.Enfermedades del sistema digestivo;2022;98
37 Salamanca;Hombres;068-072 XI.Enfermedades del sistema digestivo;2021;113
37 Salamanca;Hombres;068-072 XI.Enfermedades del sistema digestivo;2020;109
37 Salamanca;Hombres;068-072 XI.Enfermedades del sistema digestivo;2019;109
37 Salamanca;Hombres;068-072 XI.Enfermedades del sistema digestivo;2018;107
37 Salamanca;Hombres;073 XII.Enfermedades de la piel y del tejido subcutáneo;2022;6
37 Salamanca;Hombres;073 XII.Enfermedades de la piel y del tejido subcutáneo;2021;14
37 Salamanca;Hombres;073 XII.Enfermedades de la piel y del tejido subcutáneo;2020;7
37 Salamanca;Hombres;073 XII.Enfermedades de la piel y del tejido subcutáneo;2019;9
37 Salamanca;Hombres;073 XII.Enfermedades de la piel y del tejido subcutáneo;2018;10
37 Salamanca;Hombres;074-076 XIII.Enfermedades del sistema osteomuscular y del tejido conjuntivo;2022;14
37 Salamanca;Hombres;074-076 XIII.Enfermedades del sistema osteomuscular y del tejido conjuntivo;2021;25
37 Salamanca;Hombres;074-076 XIII.Enfermedades del sistema osteomuscular y del tejido conjuntivo;2020;18
37 Salamanca;Hombres;074-076 XIII.Enfermedades del sistema osteomuscular y del tejido conjuntivo;2019;20
37 Salamanca;Hombres;074-076 XIII.Enfermedades del sistema osteomuscular y del tejido conjuntivo;2018;19
37 Salamanca;Hombres;077-080 XIV.Enfermedades del sistema genitourinario;2022;67
37 Salamanca;Hombres;077-080 XIV.Enfermedades del sistema genitourinario;2021;57
37 Salamanca;Hombres;077-080 XIV.Enfermedades del sistema genitourinario;2020;68
37 Salamanca;Hombres;077-080 XIV.Enfermedades del sistema genitourinario;2019;60
37 Salamanca;Hombres;077-080 XIV.Enfermedades del sistema genitourinario;2018;54
37 Salamanca;Hombres;081 XV.Embarazo, parto y puerperio;2022;0
37 Salamanca;Hombres;081 XV.Embarazo, parto y puerperio;2021;0
37 Salamanca;Hombres;081 XV.Embarazo, parto y puerperio;2020;0
37 Salamanca;Hombres;081 XV.Embarazo, parto y puerperio;2019;0
37 Salamanca;Hombres;081 XV.Embarazo, parto y puerperio;2018;0
37 Salamanca;Hombres;082 XVI.Afecciones originadas en el periodo perinatal;2022;1
37 Salamanca;Hombres;082 XVI.Afecciones originadas en el periodo perinatal;2021;3
37 Salamanca;Hombres;082 XVI.Afecciones originadas en el periodo perinatal;2020;4
37 Salamanca;Hombres;082 XVI.Afecciones originadas en el periodo perinatal;2019;1
37 Salamanca;Hombres;082 XVI.Afecciones originadas en el periodo perinatal;2018;6
37 Salamanca;Hombres;083-085 XVII.Malformaciones congénitas, deformidades y anomalías cromosómicas;2022;4
37 Salamanca;Hombres;083-085 XVII.Malformaciones congénitas, deformidades y anomalías cromosómicas;2021;1
37 Salamanca;Hombres;083-085 XVII.Malformaciones congénitas, deformidades y anomalías cromosómicas;2020;6
37 Salamanca;Hombres;083-085 XVII.Malformaciones congénitas, deformidades y anomalías cromosómicas;2019;4
37 Salamanca;Hombres;083-085 XVII.Malformaciones congénitas, deformidades y anomalías cromosómicas;2018;0
37 Salamanca;Hombres;086-089 XVIII.Síntomas, signos y hallazgos anormales clínicos y de laboratorio, no clasificados en otra parte;2022;16
37 Salamanca;Hombres;086-089 XVIII.Síntomas, signos y hallazgos anormales clínicos y de laboratorio, no clasificados en otra parte;2021;10
37 Salamanca;Hombres;086-089 XVIII.Síntomas, signos y hallazgos anormales clínicos y de laboratorio, no clasificados en otra parte;2020;17
37 Salamanca;Hombres;086-089 XVIII.Síntomas, signos y hallazgos anormales clínicos y de laboratorio, no clasificados en otra parte;2019;10
37 Salamanca;Hombres;086-089 XVIII.Síntomas, signos y hallazgos anormales clínicos y de laboratorio, no clasificados en otra parte;2018;18
37 Salamanca;Hombres;090-102 XX.Causas externas de mortalidad;2022;103
37 Salamanca;Hombres;090-102 XX.Causas externas de mortalidad;2021;87
37 Salamanca;Hombres;090-102 XX.Causas externas de mortalidad;2020;95
37 Salamanca;Hombres;090-102 XX.Causas externas de mortalidad;2019;94
37 Salamanca;Hombres;090-102 XX.Causas externas de mortalidad;2018;96
37 Salamanca;Mujeres;001-008 I.Enfermedades infecciosas y parasitarias;2022;197
37 Salamanca;Mujeres;001-008 I.Enfermedades infecciosas y parasitarias;2021;165
37 Salamanca;Mujeres;001-008 I.Enfermedades infecciosas y parasitarias;2020;611
37 Salamanca;Mujeres;001-008 I.Enfermedades infecciosas y parasitarias;2019;38
37 Salamanca;Mujeres;001-008 I.Enfermedades infecciosas y parasitarias;2018;26
37 Salamanca;Mujeres;009-041 II.Tumores;2022;456
37 Salamanca;Mujeres;009-041 II.Tumores;2021;462
37 Salamanca;Mujeres;009-041 II.Tumores;2020;456
37 Salamanca;Mujeres;009-041 II.Tumores;2019;467
37 Salamanca;Mujeres;009-041 II.Tumores;2018;477
37 Salamanca;Mujeres;042-043 III.Enfermedades de la sangre y de los órganos hematopoyéticos, y ciertos trastornos que afectan al mecanismo de la inmunidad;2022;12
37 Salamanca;Mujeres;042-043 III.Enfermedades de la sangre y de los órganos hematopoyéticos, y ciertos trastornos que afectan al mecanismo de la inmunidad;2021;20
37 Salamanca;Mujeres;042-043 III.Enfermedades de la sangre y de los órganos hematopoyéticos, y ciertos trastornos que afectan al mecanismo de la inmunidad;2020;8
37 Salamanca;Mujeres;042-043 III.Enfermedades de la sangre y de los órganos hematopoyéticos, y ciertos trastornos que afectan al mecanismo de la inmunidad;2019;13
37 Salamanca;Mujeres;042-043 III.Enfermedades de la sangre y de los órganos hematopoyéticos, y ciertos trastornos que afectan al mecanismo de la inmunidad;2018;13
37 Salamanca;Mujeres;044-045 IV.Enfermedades endocrinas, nutricionales y metabólicas;2022;114
37 Salamanca;Mujeres;044-045 IV.Enfermedades endocrinas, nutricionales y metabólicas;2021;100
37 Salamanca;Mujeres;044-045 IV.Enfermedades endocrinas, nutricionales y metabólicas;2020;118
37 Salamanca;Mujeres;044-045 IV.Enfermedades endocrinas, nutricionales y metabólicas;2019;105
37 Salamanca;Mujeres;044-045 IV.Enfermedades endocrinas, nutricionales y metabólicas;2018;80
37 Salamanca;Mujeres;046-049 V.Trastornos mentales y del comportamiento;2022;100
37 Salamanca;Mujeres;046-049 V.Trastornos mentales y del comportamiento;2021;56
37 Salamanca;Mujeres;046-049 V.Trastornos mentales y del comportamiento;2020;100
37 Salamanca;Mujeres;046-049 V.Trastornos mentales y del comportamiento;2019;127
37 Salamanca;Mujeres;046-049 V.Trastornos mentales y del comportamiento;2018;72
37 Salamanca;Mujeres;050-052 VI-VIII.Enfermedades del sistema nervioso y de los órganos de los sentidos;2022;133
37 Salamanca;Mujeres;050-052 VI-VIII.Enfermedades del sistema nervioso y de los órganos de los sentidos;2021;121
37 Salamanca;Mujeres;050-052 VI-VIII.Enfermedades del sistema nervioso y de los órganos de los sentidos;2020;160
37 Salamanca;Mujeres;050-052 VI-VIII.Enfermedades del sistema nervioso y de los órganos de los sentidos;2019;116
37 Salamanca;Mujeres;050-052 VI-VIII.Enfermedades del sistema nervioso y de los órganos de los sentidos;2018;110
37 Salamanca;Mujeres;053-061 IX.Enfermedades del sistema circulatorio;2022;731
37 Salamanca;Mujeres;053-061 IX.Enfermedades del sistema circulatorio;2021;635
37 Salamanca;Mujeres;053-061 IX.Enfermedades del sistema circulatorio;2020;728
37 Salamanca;Mujeres;053-061 IX.Enfermedades del sistema circulatorio;2019;634
37 Salamanca;Mujeres;053-061 IX.Enfermedades del sistema circulatorio;2018;684
37 Salamanca;Mujeres;062-067 X.Enfermedades del sistema respiratorio;2022;188
37 Salamanca;Mujeres;062-067 X.Enfermedades del sistema respiratorio;2021;112
37 Salamanca;Mujeres;062-067 X.Enfermedades del sistema respiratorio;2020;174
37 Salamanca;Mujeres;062-067 X.Enfermedades del sistema respiratorio;2019;253
37 Salamanca;Mujeres;062-067 X.Enfermedades del sistema respiratorio;2018;295
37 Salamanca;Mujeres;068-072 XI.Enfermedades del sistema digestivo;2022;110
37 Salamanca;Mujeres;068-072 XI.Enfermedades del sistema digestivo;2021;121
37 Salamanca;Mujeres;068-072 XI.Enfermedades del sistema digestivo;2020;113
37 Salamanca;Mujeres;068-072 XI.Enfermedades del sistema digestivo;2019;119
37 Salamanca;Mujeres;068-072 XI.Enfermedades del sistema digestivo;2018;113
37 Salamanca;Mujeres;073 XII.Enfermedades de la piel y del tejido subcutáneo;2022;11
37 Salamanca;Mujeres;073 XII.Enfermedades de la piel y del tejido subcutáneo;2021;11
37 Salamanca;Mujeres;073 XII.Enfermedades de la piel y del tejido subcutáneo;2020;17
37 Salamanca;Mujeres;073 XII.Enfermedades de la piel y del tejido subcutáneo;2019;13
37 Salamanca;Mujeres;073 XII.Enfermedades de la piel y del tejido subcutáneo;2018;24
37 Salamanca;Mujeres;074-076 XIII.Enfermedades del sistema osteomuscular y del tejido conjuntivo;2022;37
37 Salamanca;Mujeres;074-076 XIII.Enfermedades del sistema osteomuscular y del tejido conjuntivo;2021;31
37 Salamanca;Mujeres;074-076 XIII.Enfermedades del sistema osteomuscular y del tejido conjuntivo;2020;38
37 Salamanca;Mujeres;074-076 XIII.Enfermedades del sistema osteomuscular y del tejido conjuntivo;2019;29
37 Salamanca;Mujeres;074-076 XIII.Enfermedades del sistema osteomuscular y del tejido conjuntivo;2018;24
37 Salamanca;Mujeres;077-080 XIV.Enfermedades del sistema genitourinario;2022;77
37 Salamanca;Mujeres;077-080 XIV.Enfermedades del sistema genitourinario;2021;72
37 Salamanca;Mujeres;077-080 XIV.Enfermedades del sistema genitourinario;2020;108
37 Salamanca;Mujeres;077-080 XIV.Enfermedades del sistema genitourinario;2019;68
37 Salamanca;Mujeres;077-080 XIV.Enfermedades del sistema genitourinario;2018;81
37 Salamanca;Mujeres;081 XV.Embarazo, parto y puerperio;2022;0
37 Salamanca;Mujeres;081 XV.Embarazo, parto y puerperio;2021;0
37 Salamanca;Mujeres;081 XV.Embarazo, parto y puerperio;2020;0
37 Salamanca;Mujeres;081 XV.Embarazo, parto y puerperio;2019;0
37 Salamanca;Mujeres;081 XV.Embarazo, parto y puerperio;2018;0
37 Salamanca;Mujeres;082 XVI.Afecciones originadas en el periodo perinatal;2022;3
37 Salamanca;Mujeres;082 XVI.Afecciones originadas en el periodo perinatal;2021;1
37 Salamanca;Mujeres;082 XVI.Afecciones originadas en el periodo perinatal;2020;2
37 Salamanca;Mujeres;082 XVI.Afecciones originadas en el periodo perinatal;2019;3
37 Salamanca;Mujeres;082 XVI.Afecciones originadas en el periodo perinatal;2018;3
37 Salamanca;Mujeres;083-085 XVII.Malformaciones congénitas, deformidades y anomalías cromosómicas;2022;6
37 Salamanca;Mujeres;083-085 XVII.Malformaciones congénitas, deformidades y anomalías cromosómicas;2021;1
37 Salamanca;Mujeres;083-085 XVII.Malformaciones congénitas, deformidades y anomalías cromosómicas;2020;3
37 Salamanca;Mujeres;083-085 XVII.Malformaciones congénitas, deformidades y anomalías cromosómicas;2019;4
37 Salamanca;Mujeres;083-085 XVII.Malformaciones congénitas, deformidades y anomalías cromosómicas;2018;3
37 Salamanca;Mujeres;086-089 XVIII.Síntomas, signos y hallazgos anormales clínicos y de laboratorio, no clasificados en otra parte;2022;22
37 Salamanca;Mujeres;086-089 XVIII.Síntomas, signos y hallazgos anormales clínicos y de laboratorio, no clasificados en otra parte;2021;23
37 Salamanca;Mujeres;086-089 XVIII.Síntomas, signos y hallazgos anormales clínicos y de laboratorio, no clasificados en otra parte;2020;23
37 Salamanca;Mujeres;086-089 XVIII.Síntomas, signos y hallazgos anormales clínicos y de laboratorio, no clasificados en otra parte;2019;18
37 Salamanca;Mujeres;086-089 XVIII.Síntomas, signos y hallazgos anormales clínicos y de laboratorio, no clasificados en otra parte;2018;28
37 Salamanca;Mujeres;090-102 XX.Causas externas de mortalidad;2022;75
37 Salamanca;Mujeres;090-102 XX.Causas externas de mortalidad;2021;55
37 Salamanca;Mujeres;090-102 XX.Causas externas de mortalidad;2020;53
37 Salamanca;Mujeres;090-102 XX.Causas externas de mortalidad;2019;53
37 Salamanca;Mujeres;090-102 XX.Causas externas de mortalidad;2018;69
38 Santa Cruz de Tenerife;Hombres;001-008 I.Enfermedades infecciosas y parasitarias;2022;455
38 Santa Cruz de Tenerife;Hombres;001-008 I.Enfermedades infecciosas y parasitarias;2021;282
38 Santa Cruz de Tenerife;Hombres;001-008 I.Enfermedades infecciosas y parasitarias;2020;263
38 Santa Cruz de Tenerife;Hombres;001-008 I.Enfermedades infecciosas y parasitarias;2019;70
38 Santa Cruz de Tenerife;Hombres;001-008 I.Enfermedades infecciosas y parasitarias;2018;67
38 Santa Cruz de Tenerife;Hombres;009-041 II.Tumores;2022;1.338
38 Santa Cruz de Tenerife;Hombres;009-041 II.Tumores;2021;1.251
38 Santa Cruz de Tenerife;Hombres;009-041 II.Tumores;2020;1.306
38 Santa Cruz de Tenerife;Hombres;009-041 II.Tumores;2019;1.283
38 Santa Cruz de Tenerife;Hombres;009-041 II.Tumores;2018;1.336
38 Santa Cruz de Tenerife;Hombres;042-043 III.Enfermedades de la sangre y de los órganos hematopoyéticos, y ciertos trastornos que afectan al mecanismo de la inmunidad;2022;22
38 Santa Cruz de Tenerife;Hombres;042-043 III.Enfermedades de la sangre y de los órganos hematopoyéticos, y ciertos trastornos que afectan al mecanismo de la inmunidad;2021;19
38 Santa Cruz de Tenerife;Hombres;042-043 III.Enfermedades de la sangre y de los órganos hematopoyéticos, y ciertos trastornos que afectan al mecanismo de la inmunidad;2020;11
38 Santa Cruz de Tenerife;Hombres;042-043 III.Enfermedades de la sangre y de los órganos hematopoyéticos, y ciertos trastornos que afectan al mecanismo de la inmunidad;2019;14
38 Santa Cruz de Tenerife;Hombres;042-043 III.Enfermedades de la sangre y de los órganos hematopoyéticos, y ciertos trastornos que afectan al mecanismo de la inmunidad;2018;13
38 Santa Cruz de Tenerife;Hombres;044-045 IV.Enfermedades endocrinas, nutricionales y metabólicas;2022;123
38 Santa Cruz de Tenerife;Hombres;044-045 IV.Enfermedades endocrinas, nutricionales y metabólicas;2021;151
38 Santa Cruz de Tenerife;Hombres;044-045 IV.Enfermedades endocrinas, nutricionales y metabólicas;2020;129
38 Santa Cruz de Tenerife;Hombres;044-045 IV.Enfermedades endocrinas, nutricionales y metabólicas;2019;111
38 Santa Cruz de Tenerife;Hombres;044-045 IV.Enfermedades endocrinas, nutricionales y metabólicas;2018;144
38 Santa Cruz de Tenerife;Hombres;046-049 V.Trastornos mentales y del comportamiento;2022;145
38 Santa Cruz de Tenerife;Hombres;046-049 V.Trastornos mentales y del comportamiento;2021;128
38 Santa Cruz de Tenerife;Hombres;046-049 V.Trastornos mentales y del comportamiento;2020;126
38 Santa Cruz de Tenerife;Hombres;046-049 V.Trastornos mentales y del comportamiento;2019;154
38 Santa Cruz de Tenerife;Hombres;046-049 V.Trastornos mentales y del comportamiento;2018;131
38 Santa Cruz de Tenerife;Hombres;050-052 VI-VIII.Enfermedades del sistema nervioso y de los órganos de los sentidos;2022;167
38 Santa Cruz de Tenerife;Hombres;050-052 VI-VIII.Enfermedades del sistema nervioso y de los órganos de los sentidos;2021;157
38 Santa Cruz de Tenerife;Hombres;050-052 VI-VIII.Enfermedades del sistema nervioso y de los órganos de los sentidos;2020;158
38 Santa Cruz de Tenerife;Hombres;050-052 VI-VIII.Enfermedades del sistema nervioso y de los órganos de los sentidos;2019;180
38 Santa Cruz de Tenerife;Hombres;050-052 VI-VIII.Enfermedades del sistema nervioso y de los órganos de los sentidos;2018;176
38 Santa Cruz de Tenerife;Hombres;053-061 IX.Enfermedades del sistema circulatorio;2022;1.247
38 Santa Cruz de Tenerife;Hombres;053-061 IX.Enfermedades del sistema circulatorio;2021;1.158
38 Santa Cruz de Tenerife;Hombres;053-061 IX.Enfermedades del sistema circulatorio;2020;1.051
38 Santa Cruz de Tenerife;Hombres;053-061 IX.Enfermedades del sistema circulatorio;2019;977
38 Santa Cruz de Tenerife;Hombres;053-061 IX.Enfermedades del sistema circulatorio;2018;1.104
38 Santa Cruz de Tenerife;Hombres;062-067 X.Enfermedades del sistema respiratorio;2022;632
38 Santa Cruz de Tenerife;Hombres;062-067 X.Enfermedades del sistema respiratorio;2021;547
38 Santa Cruz de Tenerife;Hombres;062-067 X.Enfermedades del sistema respiratorio;2020;547
38 Santa Cruz de Tenerife;Hombres;062-067 X.Enfermedades del sistema respiratorio;2019;715
38 Santa Cruz de Tenerife;Hombres;062-067 X.Enfermedades del sistema respiratorio;2018;739
38 Santa Cruz de Tenerife;Hombres;068-072 XI.Enfermedades del sistema digestivo;2022;277
38 Santa Cruz de Tenerife;Hombres;068-072 XI.Enfermedades del sistema digestivo;2021;271
38 Santa Cruz de Tenerife;Hombres;068-072 XI.Enfermedades del sistema digestivo;2020;236
38 Santa Cruz de Tenerife;Hombres;068-072 XI.Enfermedades del sistema digestivo;2019;236
38 Santa Cruz de Tenerife;Hombres;068-072 XI.Enfermedades del sistema digestivo;2018;231
38 Santa Cruz de Tenerife;Hombres;073 XII.Enfermedades de la piel y del tejido subcutáneo;2022;33
38 Santa Cruz de Tenerife;Hombres;073 XII.Enfermedades de la piel y del tejido subcutáneo;2021;31
38 Santa Cruz de Tenerife;Hombres;073 XII.Enfermedades de la piel y del tejido subcutáneo;2020;22
38 Santa Cruz de Tenerife;Hombres;073 XII.Enfermedades de la piel y del tejido subcutáneo;2019;25
38 Santa Cruz de Tenerife;Hombres;073 XII.Enfermedades de la piel y del tejido subcutáneo;2018;20
38 Santa Cruz de Tenerife;Hombres;074-076 XIII.Enfermedades del sistema osteomuscular y del tejido conjuntivo;2022;29
38 Santa Cruz de Tenerife;Hombres;074-076 XIII.Enfermedades del sistema osteomuscular y del tejido conjuntivo;2021;17
38 Santa Cruz de Tenerife;Hombres;074-076 XIII.Enfermedades del sistema osteomuscular y del tejido conjuntivo;2020;15
38 Santa Cruz de Tenerife;Hombres;074-076 XIII.Enfermedades del sistema osteomuscular y del tejido conjuntivo;2019;24
38 Santa Cruz de Tenerife;Hombres;074-076 XIII.Enfermedades del sistema osteomuscular y del tejido conjuntivo;2018;25
38 Santa Cruz de Tenerife;Hombres;077-080 XIV.Enfermedades del sistema genitourinario;2022;140
38 Santa Cruz de Tenerife;Hombres;077-080 XIV.Enfermedades del sistema genitourinario;2021;135
38 Santa Cruz de Tenerife;Hombres;077-080 XIV.Enfermedades del sistema genitourinario;2020;104
38 Santa Cruz de Tenerife;Hombres;077-080 XIV.Enfermedades del sistema genitourinario;2019;94
38 Santa Cruz de Tenerife;Hombres;077-080 XIV.Enfermedades del sistema genitourinario;2018;92
38 Santa Cruz de Tenerife;Hombres;081 XV.Embarazo, parto y puerperio;2022;0
38 Santa Cruz de Tenerife;Hombres;081 XV.Embarazo, parto y puerperio;2021;0
38 Santa Cruz de Tenerife;Hombres;081 XV.Embarazo, parto y puerperio;2020;0
38 Santa Cruz de Tenerife;Hombres;081 XV.Embarazo, parto y puerperio;2019;0
38 Santa Cruz de Tenerife;Hombres;081 XV.Embarazo, parto y puerperio;2018;0
38 Santa Cruz de Tenerife;Hombres;082 XVI.Afecciones originadas en el periodo perinatal;2022;7
38 Santa Cruz de Tenerife;Hombres;082 XVI.Afecciones originadas en el periodo perinatal;2021;7
38 Santa Cruz de Tenerife;Hombres;082 XVI.Afecciones originadas en el periodo perinatal;2020;0
38 Santa Cruz de Tenerife;Hombres;082 XVI.Afecciones originadas en el periodo perinatal;2019;8
38 Santa Cruz de Tenerife;Hombres;082 XVI.Afecciones originadas en el periodo perinatal;2018;10
38 Santa Cruz de Tenerife;Hombres;083-085 XVII.Malformaciones congénitas, deformidades y anomalías cromosómicas;2022;3
38 Santa Cruz de Tenerife;Hombres;083-085 XVII.Malformaciones congénitas, deformidades y anomalías cromosómicas;2021;10
38 Santa Cruz de Tenerife;Hombres;083-085 XVII.Malformaciones congénitas, deformidades y anomalías cromosómicas;2020;5
38 Santa Cruz de Tenerife;Hombres;083-085 XVII.Malformaciones congénitas, deformidades y anomalías cromosómicas;2019;6
38 Santa Cruz de Tenerife;Hombres;083-085 XVII.Malformaciones congénitas, deformidades y anomalías cromosómicas;2018;11
38 Santa Cruz de Tenerife;Hombres;086-089 XVIII.Síntomas, signos y hallazgos anormales clínicos y de laboratorio, no clasificados en otra parte;2022;76
38 Santa Cruz de Tenerife;Hombres;086-089 XVIII.Síntomas, signos y hallazgos anormales clínicos y de laboratorio, no clasificados en otra parte;2021;99
38 Santa Cruz de Tenerife;Hombres;086-089 XVIII.Síntomas, signos y hallazgos anormales clínicos y de laboratorio, no clasificados en otra parte;2020;89
38 Santa Cruz de Tenerife;Hombres;086-089 XVIII.Síntomas, signos y hallazgos anormales clínicos y de laboratorio, no clasificados en otra parte;2019;82
38 Santa Cruz de Tenerife;Hombres;086-089 XVIII.Síntomas, signos y hallazgos anormales clínicos y de laboratorio, no clasificados en otra parte;2018;85
38 Santa Cruz de Tenerife;Hombres;090-102 XX.Causas externas de mortalidad;2022;325
38 Santa Cruz de Tenerife;Hombres;090-102 XX.Causas externas de mortalidad;2021;284
38 Santa Cruz de Tenerife;Hombres;090-102 XX.Causas externas de mortalidad;2020;262
38 Santa Cruz de Tenerife;Hombres;090-102 XX.Causas externas de mortalidad;2019;271
38 Santa Cruz de Tenerife;Hombres;090-102 XX.Causas externas de mortalidad;2018;236
38 Santa Cruz de Tenerife;Mujeres;001-008 I.Enfermedades infecciosas y parasitarias;2022;414
38 Santa Cruz de Tenerife;Mujeres;001-008 I.Enfermedades infecciosas y parasitarias;2021;207
38 Santa Cruz de Tenerife;Mujeres;001-008 I.Enfermedades infecciosas y parasitarias;2020;208
38 Santa Cruz de Tenerife;Mujeres;001-008 I.Enfermedades infecciosas y parasitarias;2019;69
38 Santa Cruz de Tenerife;Mujeres;001-008 I.Enfermedades infecciosas y parasitarias;2018;60
38 Santa Cruz de Tenerife;Mujeres;009-041 II.Tumores;2022;981
38 Santa Cruz de Tenerife;Mujeres;009-041 II.Tumores;2021;956
38 Santa Cruz de Tenerife;Mujeres;009-041 II.Tumores;2020;912
38 Santa Cruz de Tenerife;Mujeres;009-041 II.Tumores;2019;949
38 Santa Cruz de Tenerife;Mujeres;009-041 II.Tumores;2018;928
38 Santa Cruz de Tenerife;Mujeres;042-043 III.Enfermedades de la sangre y de los órganos hematopoyéticos, y ciertos trastornos que afectan al mecanismo de la inmunidad;2022;21
38 Santa Cruz de Tenerife;Mujeres;042-043 III.Enfermedades de la sangre y de los órganos hematopoyéticos, y ciertos trastornos que afectan al mecanismo de la inmunidad;2021;12
38 Santa Cruz de Tenerife;Mujeres;042-043 III.Enfermedades de la sangre y de los órganos hematopoyéticos, y ciertos trastornos que afectan al mecanismo de la inmunidad;2020;18
38 Santa Cruz de Tenerife;Mujeres;042-043 III.Enfermedades de la sangre y de los órganos hematopoyéticos, y ciertos trastornos que afectan al mecanismo de la inmunidad;2019;21
38 Santa Cruz de Tenerife;Mujeres;042-043 III.Enfermedades de la sangre y de los órganos hematopoyéticos, y ciertos trastornos que afectan al mecanismo de la inmunidad;2018;13
38 Santa Cruz de Tenerife;Mujeres;044-045 IV.Enfermedades endocrinas, nutricionales y metabólicas;2022;142
38 Santa Cruz de Tenerife;Mujeres;044-045 IV.Enfermedades endocrinas, nutricionales y metabólicas;2021;132
38 Santa Cruz de Tenerife;Mujeres;044-045 IV.Enfermedades endocrinas, nutricionales y metabólicas;2020;167
38 Santa Cruz de Tenerife;Mujeres;044-045 IV.Enfermedades endocrinas, nutricionales y metabólicas;2019;135
38 Santa Cruz de Tenerife;Mujeres;044-045 IV.Enfermedades endocrinas, nutricionales y metabólicas;2018;141
38 Santa Cruz de Tenerife;Mujeres;046-049 V.Trastornos mentales y del comportamiento;2022;243
38 Santa Cruz de Tenerife;Mujeres;046-049 V.Trastornos mentales y del comportamiento;2021;267
38 Santa Cruz de Tenerife;Mujeres;046-049 V.Trastornos mentales y del comportamiento;2020;238
38 Santa Cruz de Tenerife;Mujeres;046-049 V.Trastornos mentales y del comportamiento;2019;224
38 Santa Cruz de Tenerife;Mujeres;046-049 V.Trastornos mentales y del comportamiento;2018;272
38 Santa Cruz de Tenerife;Mujeres;050-052 VI-VIII.Enfermedades del sistema nervioso y de los órganos de los sentidos;2022;223
38 Santa Cruz de Tenerife;Mujeres;050-052 VI-VIII.Enfermedades del sistema nervioso y de los órganos de los sentidos;2021;249
38 Santa Cruz de Tenerife;Mujeres;050-052 VI-VIII.Enfermedades del sistema nervioso y de los órganos de los sentidos;2020;231
38 Santa Cruz de Tenerife;Mujeres;050-052 VI-VIII.Enfermedades del sistema nervioso y de los órganos de los sentidos;2019;251
38 Santa Cruz de Tenerife;Mujeres;050-052 VI-VIII.Enfermedades del sistema nervioso y de los órganos de los sentidos;2018;232
38 Santa Cruz de Tenerife;Mujeres;053-061 IX.Enfermedades del sistema circulatorio;2022;1.247
38 Santa Cruz de Tenerife;Mujeres;053-061 IX.Enfermedades del sistema circulatorio;2021;1.130
38 Santa Cruz de Tenerife;Mujeres;053-061 IX.Enfermedades del sistema circulatorio;2020;1.081
38 Santa Cruz de Tenerife;Mujeres;053-061 IX.Enfermedades del sistema circulatorio;2019;1.046
38 Santa Cruz de Tenerife;Mujeres;053-061 IX.Enfermedades del sistema circulatorio;2018;1.117
38 Santa Cruz de Tenerife;Mujeres;062-067 X.Enfermedades del sistema respiratorio;2022;491
38 Santa Cruz de Tenerife;Mujeres;062-067 X.Enfermedades del sistema respiratorio;2021;428
38 Santa Cruz de Tenerife;Mujeres;062-067 X.Enfermedades del sistema respiratorio;2020;460
38 Santa Cruz de Tenerife;Mujeres;062-067 X.Enfermedades del sistema respiratorio;2019;477
38 Santa Cruz de Tenerife;Mujeres;062-067 X.Enfermedades del sistema respiratorio;2018;595
38 Santa Cruz de Tenerife;Mujeres;068-072 XI.Enfermedades del sistema digestivo;2022;237
38 Santa Cruz de Tenerife;Mujeres;068-072 XI.Enfermedades del sistema digestivo;2021;191
38 Santa Cruz de Tenerife;Mujeres;068-072 XI.Enfermedades del sistema digestivo;2020;199
38 Santa Cruz de Tenerife;Mujeres;068-072 XI.Enfermedades del sistema digestivo;2019;179
38 Santa Cruz de Tenerife;Mujeres;068-072 XI.Enfermedades del sistema digestivo;2018;210
38 Santa Cruz de Tenerife;Mujeres;073 XII.Enfermedades de la piel y del tejido subcutáneo;2022;47
38 Santa Cruz de Tenerife;Mujeres;073 XII.Enfermedades de la piel y del tejido subcutáneo;2021;56
38 Santa Cruz de Tenerife;Mujeres;073 XII.Enfermedades de la piel y del tejido subcutáneo;2020;36
38 Santa Cruz de Tenerife;Mujeres;073 XII.Enfermedades de la piel y del tejido subcutáneo;2019;46
38 Santa Cruz de Tenerife;Mujeres;073 XII.Enfermedades de la piel y del tejido subcutáneo;2018;31
38 Santa Cruz de Tenerife;Mujeres;074-076 XIII.Enfermedades del sistema osteomuscular y del tejido conjuntivo;2022;46
38 Santa Cruz de Tenerife;Mujeres;074-076 XIII.Enfermedades del sistema osteomuscular y del tejido conjuntivo;2021;35
38 Santa Cruz de Tenerife;Mujeres;074-076 XIII.Enfermedades del sistema osteomuscular y del tejido conjuntivo;2020;33
38 Santa Cruz de Tenerife;Mujeres;074-076 XIII.Enfermedades del sistema osteomuscular y del tejido conjuntivo;2019;42
38 Santa Cruz de Tenerife;Mujeres;074-076 XIII.Enfermedades del sistema osteomuscular y del tejido conjuntivo;2018;39
38 Santa Cruz de Tenerife;Mujeres;077-080 XIV.Enfermedades del sistema genitourinario;2022;203
38 Santa Cruz de Tenerife;Mujeres;077-080 XIV.Enfermedades del sistema genitourinario;2021;200
38 Santa Cruz de Tenerife;Mujeres;077-080 XIV.Enfermedades del sistema genitourinario;2020;161
38 Santa Cruz de Tenerife;Mujeres;077-080 XIV.Enfermedades del sistema genitourinario;2019;142
38 Santa Cruz de Tenerife;Mujeres;077-080 XIV.Enfermedades del sistema genitourinario;2018;143
38 Santa Cruz de Tenerife;Mujeres;081 XV.Embarazo, parto y puerperio;2022;0
38 Santa Cruz de Tenerife;Mujeres;081 XV.Embarazo, parto y puerperio;2021;0
38 Santa Cruz de Tenerife;Mujeres;081 XV.Embarazo, parto y puerperio;2020;0
38 Santa Cruz de Tenerife;Mujeres;081 XV.Embarazo, parto y puerperio;2019;0
38 Santa Cruz de Tenerife;Mujeres;081 XV.Embarazo, parto y puerperio;2018;0
38 Santa Cruz de Tenerife;Mujeres;082 XVI.Afecciones originadas en el periodo perinatal;2022;4
38 Santa Cruz de Tenerife;Mujeres;082 XVI.Afecciones originadas en el periodo perinatal;2021;6
38 Santa Cruz de Tenerife;Mujeres;082 XVI.Afecciones originadas en el periodo perinatal;2020;2
38 Santa Cruz de Tenerife;Mujeres;082 XVI.Afecciones originadas en el periodo perinatal;2019;11
38 Santa Cruz de Tenerife;Mujeres;082 XVI.Afecciones originadas en el periodo perinatal;2018;11
38 Santa Cruz de Tenerife;Mujeres;083-085 XVII.Malformaciones congénitas, deformidades y anomalías cromosómicas;2022;7
38 Santa Cruz de Tenerife;Mujeres;083-085 XVII.Malformaciones congénitas, deformidades y anomalías cromosómicas;2021;2
38 Santa Cruz de Tenerife;Mujeres;083-085 XVII.Malformaciones congénitas, deformidades y anomalías cromosómicas;2020;6
38 Santa Cruz de Tenerife;Mujeres;083-085 XVII.Malformaciones congénitas, deformidades y anomalías cromosómicas;2019;7
38 Santa Cruz de Tenerife;Mujeres;083-085 XVII.Malformaciones congénitas, deformidades y anomalías cromosómicas;2018;7
38 Santa Cruz de Tenerife;Mujeres;086-089 XVIII.Síntomas, signos y hallazgos anormales clínicos y de laboratorio, no clasificados en otra parte;2022;84
38 Santa Cruz de Tenerife;Mujeres;086-089 XVIII.Síntomas, signos y hallazgos anormales clínicos y de laboratorio, no clasificados en otra parte;2021;75
38 Santa Cruz de Tenerife;Mujeres;086-089 XVIII.Síntomas, signos y hallazgos anormales clínicos y de laboratorio, no clasificados en otra parte;2020;63
38 Santa Cruz de Tenerife;Mujeres;086-089 XVIII.Síntomas, signos y hallazgos anormales clínicos y de laboratorio, no clasificados en otra parte;2019;51
38 Santa Cruz de Tenerife;Mujeres;086-089 XVIII.Síntomas, signos y hallazgos anormales clínicos y de laboratorio, no clasificados en otra parte;2018;45
38 Santa Cruz de Tenerife;Mujeres;090-102 XX.Causas externas de mortalidad;2022;131
38 Santa Cruz de Tenerife;Mujeres;090-102 XX.Causas externas de mortalidad;2021;132
38 Santa Cruz de Tenerife;Mujeres;090-102 XX.Causas externas de mortalidad;2020;124
38 Santa Cruz de Tenerife;Mujeres;090-102 XX.Causas externas de mortalidad;2019;133
38 Santa Cruz de Tenerife;Mujeres;090-102 XX.Causas externas de mortalidad;2018;148
40 Segovia;Hombres;001-008 I.Enfermedades infecciosas y parasitarias;2022;59
40 Segovia;Hombres;001-008 I.Enfermedades infecciosas y parasitarias;2021;93
40 Segovia;Hombres;001-008 I.Enfermedades infecciosas y parasitarias;2020;398
40 Segovia;Hombres;001-008 I.Enfermedades infecciosas y parasitarias;2019;10
40 Segovia;Hombres;001-008 I.Enfermedades infecciosas y parasitarias;2018;9
40 Segovia;Hombres;009-041 II.Tumores;2022;253
40 Segovia;Hombres;009-041 II.Tumores;2021;243
40 Segovia;Hombres;009-041 II.Tumores;2020;251
40 Segovia;Hombres;009-041 II.Tumores;2019;261
40 Segovia;Hombres;009-041 II.Tumores;2018;272
40 Segovia;Hombres;042-043 III.Enfermedades de la sangre y de los órganos hematopoyéticos, y ciertos trastornos que afectan al mecanismo de la inmunidad;2022;2
40 Segovia;Hombres;042-043 III.Enfermedades de la sangre y de los órganos hematopoyéticos, y ciertos trastornos que afectan al mecanismo de la inmunidad;2021;4
40 Segovia;Hombres;042-043 III.Enfermedades de la sangre y de los órganos hematopoyéticos, y ciertos trastornos que afectan al mecanismo de la inmunidad;2020;4
40 Segovia;Hombres;042-043 III.Enfermedades de la sangre y de los órganos hematopoyéticos, y ciertos trastornos que afectan al mecanismo de la inmunidad;2019;4
40 Segovia;Hombres;042-043 III.Enfermedades de la sangre y de los órganos hematopoyéticos, y ciertos trastornos que afectan al mecanismo de la inmunidad;2018;4
40 Segovia;Hombres;044-045 IV.Enfermedades endocrinas, nutricionales y metabólicas;2022;29
40 Segovia;Hombres;044-045 IV.Enfermedades endocrinas, nutricionales y metabólicas;2021;39
40 Segovia;Hombres;044-045 IV.Enfermedades endocrinas, nutricionales y metabólicas;2020;35
40 Segovia;Hombres;044-045 IV.Enfermedades endocrinas, nutricionales y metabólicas;2019;25
40 Segovia;Hombres;044-045 IV.Enfermedades endocrinas, nutricionales y metabólicas;2018;29
40 Segovia;Hombres;046-049 V.Trastornos mentales y del comportamiento;2022;24
40 Segovia;Hombres;046-049 V.Trastornos mentales y del comportamiento;2021;27
40 Segovia;Hombres;046-049 V.Trastornos mentales y del comportamiento;2020;22
40 Segovia;Hombres;046-049 V.Trastornos mentales y del comportamiento;2019;30
40 Segovia;Hombres;046-049 V.Trastornos mentales y del comportamiento;2018;19
40 Segovia;Hombres;050-052 VI-VIII.Enfermedades del sistema nervioso y de los órganos de los sentidos;2022;53
40 Segovia;Hombres;050-052 VI-VIII.Enfermedades del sistema nervioso y de los órganos de los sentidos;2021;42
40 Segovia;Hombres;050-052 VI-VIII.Enfermedades del sistema nervioso y de los órganos de los sentidos;2020;52
40 Segovia;Hombres;050-052 VI-VIII.Enfermedades del sistema nervioso y de los órganos de los sentidos;2019;44
40 Segovia;Hombres;050-052 VI-VIII.Enfermedades del sistema nervioso y de los órganos de los sentidos;2018;38
40 Segovia;Hombres;053-061 IX.Enfermedades del sistema circulatorio;2022;199
40 Segovia;Hombres;053-061 IX.Enfermedades del sistema circulatorio;2021;204
40 Segovia;Hombres;053-061 IX.Enfermedades del sistema circulatorio;2020;238
40 Segovia;Hombres;053-061 IX.Enfermedades del sistema circulatorio;2019;195
40 Segovia;Hombres;053-061 IX.Enfermedades del sistema circulatorio;2018;227
40 Segovia;Hombres;062-067 X.Enfermedades del sistema respiratorio;2022;85
40 Segovia;Hombres;062-067 X.Enfermedades del sistema respiratorio;2021;75
40 Segovia;Hombres;062-067 X.Enfermedades del sistema respiratorio;2020;93
40 Segovia;Hombres;062-067 X.Enfermedades del sistema respiratorio;2019;127
40 Segovia;Hombres;062-067 X.Enfermedades del sistema respiratorio;2018;128
40 Segovia;Hombres;068-072 XI.Enfermedades del sistema digestivo;2022;47
40 Segovia;Hombres;068-072 XI.Enfermedades del sistema digestivo;2021;57
40 Segovia;Hombres;068-072 XI.Enfermedades del sistema digestivo;2020;48
40 Segovia;Hombres;068-072 XI.Enfermedades del sistema digestivo;2019;50
40 Segovia;Hombres;068-072 XI.Enfermedades del sistema digestivo;2018;41
40 Segovia;Hombres;073 XII.Enfermedades de la piel y del tejido subcutáneo;2022;3
40 Segovia;Hombres;073 XII.Enfermedades de la piel y del tejido subcutáneo;2021;9
40 Segovia;Hombres;073 XII.Enfermedades de la piel y del tejido subcutáneo;2020;4
40 Segovia;Hombres;073 XII.Enfermedades de la piel y del tejido subcutáneo;2019;6
40 Segovia;Hombres;073 XII.Enfermedades de la piel y del tejido subcutáneo;2018;6
40 Segovia;Hombres;074-076 XIII.Enfermedades del sistema osteomuscular y del tejido conjuntivo;2022;11
40 Segovia;Hombres;074-076 XIII.Enfermedades del sistema osteomuscular y del tejido conjuntivo;2021;6
40 Segovia;Hombres;074-076 XIII.Enfermedades del sistema osteomuscular y del tejido conjuntivo;2020;8
40 Segovia;Hombres;074-076 XIII.Enfermedades del sistema osteomuscular y del tejido conjuntivo;2019;8
40 Segovia;Hombres;074-076 XIII.Enfermedades del sistema osteomuscular y del tejido conjuntivo;2018;5
40 Segovia;Hombres;077-080 XIV.Enfermedades del sistema genitourinario;2022;30
40 Segovia;Hombres;077-080 XIV.Enfermedades del sistema genitourinario;2021;28
40 Segovia;Hombres;077-080 XIV.Enfermedades del sistema genitourinario;2020;25
40 Segovia;Hombres;077-080 XIV.Enfermedades del sistema genitourinario;2019;27
40 Segovia;Hombres;077-080 XIV.Enfermedades del sistema genitourinario;2018;34
40 Segovia;Hombres;081 XV.Embarazo, parto y puerperio;2022;0
40 Segovia;Hombres;081 XV.Embarazo, parto y puerperio;2021;0
40 Segovia;Hombres;081 XV.Embarazo, parto y puerperio;2020;0
40 Segovia;Hombres;081 XV.Embarazo, parto y puerperio;2019;0
40 Segovia;Hombres;081 XV.Embarazo, parto y puerperio;2018;0
40 Segovia;Hombres;082 XVI.Afecciones originadas en el periodo perinatal;2022;0
40 Segovia;Hombres;082 XVI.Afecciones originadas en el periodo perinatal;2021;0
40 Segovia;Hombres;082 XVI.Afecciones originadas en el periodo perinatal;2020;1
40 Segovia;Hombres;082 XVI.Afecciones originadas en el periodo perinatal;2019;1
40 Segovia;Hombres;082 XVI.Afecciones originadas en el periodo perinatal;2018;0
40 Segovia;Hombres;083-085 XVII.Malformaciones congénitas, deformidades y anomalías cromosómicas;2022;1
40 Segovia;Hombres;083-085 XVII.Malformaciones congénitas, deformidades y anomalías cromosómicas;2021;0
40 Segovia;Hombres;083-085 XVII.Malformaciones congénitas, deformidades y anomalías cromosómicas;2020;1
40 Segovia;Hombres;083-085 XVII.Malformaciones congénitas, deformidades y anomalías cromosómicas;2019;1
40 Segovia;Hombres;083-085 XVII.Malformaciones congénitas, deformidades y anomalías cromosómicas;2018;4
40 Segovia;Hombres;086-089 XVIII.Síntomas, signos y hallazgos anormales clínicos y de laboratorio, no clasificados en otra parte;2022;10
40 Segovia;Hombres;086-089 XVIII.Síntomas, signos y hallazgos anormales clínicos y de laboratorio, no clasificados en otra parte;2021;10
40 Segovia;Hombres;086-089 XVIII.Síntomas, signos y hallazgos anormales clínicos y de laboratorio, no clasificados en otra parte;2020;14
40 Segovia;Hombres;086-089 XVIII.Síntomas, signos y hallazgos anormales clínicos y de laboratorio, no clasificados en otra parte;2019;22
40 Segovia;Hombres;086-089 XVIII.Síntomas, signos y hallazgos anormales clínicos y de laboratorio, no clasificados en otra parte;2018;14
40 Segovia;Hombres;090-102 XX.Causas externas de mortalidad;2022;55
40 Segovia;Hombres;090-102 XX.Causas externas de mortalidad;2021;32
40 Segovia;Hombres;090-102 XX.Causas externas de mortalidad;2020;54
40 Segovia;Hombres;090-102 XX.Causas externas de mortalidad;2019;37
40 Segovia;Hombres;090-102 XX.Causas externas de mortalidad;2018;35
40 Segovia;Mujeres;001-008 I.Enfermedades infecciosas y parasitarias;2022;60
40 Segovia;Mujeres;001-008 I.Enfermedades infecciosas y parasitarias;2021;77
40 Segovia;Mujeres;001-008 I.Enfermedades infecciosas y parasitarias;2020;376
40 Segovia;Mujeres;001-008 I.Enfermedades infecciosas y parasitarias;2019;20
40 Segovia;Mujeres;001-008 I.Enfermedades infecciosas y parasitarias;2018;6
40 Segovia;Mujeres;009-041 II.Tumores;2022;164
40 Segovia;Mujeres;009-041 II.Tumores;2021;141
40 Segovia;Mujeres;009-041 II.Tumores;2020;181
40 Segovia;Mujeres;009-041 II.Tumores;2019;168
40 Segovia;Mujeres;009-041 II.Tumores;2018;178
40 Segovia;Mujeres;042-043 III.Enfermedades de la sangre y de los órganos hematopoyéticos, y ciertos trastornos que afectan al mecanismo de la inmunidad;2022;4
40 Segovia;Mujeres;042-043 III.Enfermedades de la sangre y de los órganos hematopoyéticos, y ciertos trastornos que afectan al mecanismo de la inmunidad;2021;3
40 Segovia;Mujeres;042-043 III.Enfermedades de la sangre y de los órganos hematopoyéticos, y ciertos trastornos que afectan al mecanismo de la inmunidad;2020;6
40 Segovia;Mujeres;042-043 III.Enfermedades de la sangre y de los órganos hematopoyéticos, y ciertos trastornos que afectan al mecanismo de la inmunidad;2019;4
40 Segovia;Mujeres;042-043 III.Enfermedades de la sangre y de los órganos hematopoyéticos, y ciertos trastornos que afectan al mecanismo de la inmunidad;2018;5
40 Segovia;Mujeres;044-045 IV.Enfermedades endocrinas, nutricionales y metabólicas;2022;46
40 Segovia;Mujeres;044-045 IV.Enfermedades endocrinas, nutricionales y metabólicas;2021;45
40 Segovia;Mujeres;044-045 IV.Enfermedades endocrinas, nutricionales y metabólicas;2020;49
40 Segovia;Mujeres;044-045 IV.Enfermedades endocrinas, nutricionales y metabólicas;2019;28
40 Segovia;Mujeres;044-045 IV.Enfermedades endocrinas, nutricionales y metabólicas;2018;44
40 Segovia;Mujeres;046-049 V.Trastornos mentales y del comportamiento;2022;56
40 Segovia;Mujeres;046-049 V.Trastornos mentales y del comportamiento;2021;42
40 Segovia;Mujeres;046-049 V.Trastornos mentales y del comportamiento;2020;44
40 Segovia;Mujeres;046-049 V.Trastornos mentales y del comportamiento;2019;49
40 Segovia;Mujeres;046-049 V.Trastornos mentales y del comportamiento;2018;57
40 Segovia;Mujeres;050-052 VI-VIII.Enfermedades del sistema nervioso y de los órganos de los sentidos;2022;78
40 Segovia;Mujeres;050-052 VI-VIII.Enfermedades del sistema nervioso y de los órganos de los sentidos;2021;62
40 Segovia;Mujeres;050-052 VI-VIII.Enfermedades del sistema nervioso y de los órganos de los sentidos;2020;78
40 Segovia;Mujeres;050-052 VI-VIII.Enfermedades del sistema nervioso y de los órganos de los sentidos;2019;74
40 Segovia;Mujeres;050-052 VI-VIII.Enfermedades del sistema nervioso y de los órganos de los sentidos;2018;68
40 Segovia;Mujeres;053-061 IX.Enfermedades del sistema circulatorio;2022;251
40 Segovia;Mujeres;053-061 IX.Enfermedades del sistema circulatorio;2021;242
40 Segovia;Mujeres;053-061 IX.Enfermedades del sistema circulatorio;2020;271
40 Segovia;Mujeres;053-061 IX.Enfermedades del sistema circulatorio;2019;240
40 Segovia;Mujeres;053-061 IX.Enfermedades del sistema circulatorio;2018;280
40 Segovia;Mujeres;062-067 X.Enfermedades del sistema respiratorio;2022;87
40 Segovia;Mujeres;062-067 X.Enfermedades del sistema respiratorio;2021;68
40 Segovia;Mujeres;062-067 X.Enfermedades del sistema respiratorio;2020;91
40 Segovia;Mujeres;062-067 X.Enfermedades del sistema respiratorio;2019;95
40 Segovia;Mujeres;062-067 X.Enfermedades del sistema respiratorio;2018;125
40 Segovia;Mujeres;068-072 XI.Enfermedades del sistema digestivo;2022;43
40 Segovia;Mujeres;068-072 XI.Enfermedades del sistema digestivo;2021;42
40 Segovia;Mujeres;068-072 XI.Enfermedades del sistema digestivo;2020;37
40 Segovia;Mujeres;068-072 XI.Enfermedades del sistema digestivo;2019;42
40 Segovia;Mujeres;068-072 XI.Enfermedades del sistema digestivo;2018;40
40 Segovia;Mujeres;073 XII.Enfermedades de la piel y del tejido subcutáneo;2022;9
40 Segovia;Mujeres;073 XII.Enfermedades de la piel y del tejido subcutáneo;2021;9
40 Segovia;Mujeres;073 XII.Enfermedades de la piel y del tejido subcutáneo;2020;12
40 Segovia;Mujeres;073 XII.Enfermedades de la piel y del tejido subcutáneo;2019;2
40 Segovia;Mujeres;073 XII.Enfermedades de la piel y del tejido subcutáneo;2018;9
40 Segovia;Mujeres;074-076 XIII.Enfermedades del sistema osteomuscular y del tejido conjuntivo;2022;17
40 Segovia;Mujeres;074-076 XIII.Enfermedades del sistema osteomuscular y del tejido conjuntivo;2021;15
40 Segovia;Mujeres;074-076 XIII.Enfermedades del sistema osteomuscular y del tejido conjuntivo;2020;12
40 Segovia;Mujeres;074-076 XIII.Enfermedades del sistema osteomuscular y del tejido conjuntivo;2019;16
40 Segovia;Mujeres;074-076 XIII.Enfermedades del sistema osteomuscular y del tejido conjuntivo;2018;18
40 Segovia;Mujeres;077-080 XIV.Enfermedades del sistema genitourinario;2022;40
40 Segovia;Mujeres;077-080 XIV.Enfermedades del sistema genitourinario;2021;34
40 Segovia;Mujeres;077-080 XIV.Enfermedades del sistema genitourinario;2020;36
40 Segovia;Mujeres;077-080 XIV.Enfermedades del sistema genitourinario;2019;31
40 Segovia;Mujeres;077-080 XIV.Enfermedades del sistema genitourinario;2018;30
40 Segovia;Mujeres;081 XV.Embarazo, parto y puerperio;2022;0
40 Segovia;Mujeres;081 XV.Embarazo, parto y puerperio;2021;0
40 Segovia;Mujeres;081 XV.Embarazo, parto y puerperio;2020;0
40 Segovia;Mujeres;081 XV.Embarazo, parto y puerperio;2019;0
40 Segovia;Mujeres;081 XV.Embarazo, parto y puerperio;2018;0
40 Segovia;Mujeres;082 XVI.Afecciones originadas en el periodo perinatal;2022;0
40 Segovia;Mujeres;082 XVI.Afecciones originadas en el periodo perinatal;2021;0
40 Segovia;Mujeres;082 XVI.Afecciones originadas en el periodo perinatal;2020;0
40 Segovia;Mujeres;082 XVI.Afecciones originadas en el periodo perinatal;2019;1
40 Segovia;Mujeres;082 XVI.Afecciones originadas en el periodo perinatal;2018;0
40 Segovia;Mujeres;083-085 XVII.Malformaciones congénitas, deformidades y anomalías cromosómicas;2022;1
40 Segovia;Mujeres;083-085 XVII.Malformaciones congénitas, deformidades y anomalías cromosómicas;2021;0
40 Segovia;Mujeres;083-085 XVII.Malformaciones congénitas, deformidades y anomalías cromosómicas;2020;2
40 Segovia;Mujeres;083-085 XVII.Malformaciones congénitas, deformidades y anomalías cromosómicas;2019;0
40 Segovia;Mujeres;083-085 XVII.Malformaciones congénitas, deformidades y anomalías cromosómicas;2018;0
40 Segovia;Mujeres;086-089 XVIII.Síntomas, signos y hallazgos anormales clínicos y de laboratorio, no clasificados en otra parte;2022;24
40 Segovia;Mujeres;086-089 XVIII.Síntomas, signos y hallazgos anormales clínicos y de laboratorio, no clasificados en otra parte;2021;13
40 Segovia;Mujeres;086-089 XVIII.Síntomas, signos y hallazgos anormales clínicos y de laboratorio, no clasificados en otra parte;2020;20
40 Segovia;Mujeres;086-089 XVIII.Síntomas, signos y hallazgos anormales clínicos y de laboratorio, no clasificados en otra parte;2019;33
40 Segovia;Mujeres;086-089 XVIII.Síntomas, signos y hallazgos anormales clínicos y de laboratorio, no clasificados en otra parte;2018;14
40 Segovia;Mujeres;090-102 XX.Causas externas de mortalidad;2022;35
40 Segovia;Mujeres;090-102 XX.Causas externas de mortalidad;2021;23
40 Segovia;Mujeres;090-102 XX.Causas externas de mortalidad;2020;20
40 Segovia;Mujeres;090-102 XX.Causas externas de mortalidad;2019;14
40 Segovia;Mujeres;090-102 XX.Causas externas de mortalidad;2018;26
41 Sevilla;Hombres;001-008 I.Enfermedades infecciosas y parasitarias;2022;647
41 Sevilla;Hombres;001-008 I.Enfermedades infecciosas y parasitarias;2021;888
41 Sevilla;Hombres;001-008 I.Enfermedades infecciosas y parasitarias;2020;894
41 Sevilla;Hombres;001-008 I.Enfermedades infecciosas y parasitarias;2019;109
41 Sevilla;Hombres;001-008 I.Enfermedades infecciosas y parasitarias;2018;108
41 Sevilla;Hombres;009-041 II.Tumores;2022;2.631
41 Sevilla;Hombres;009-041 II.Tumores;2021;2.709
41 Sevilla;Hombres;009-041 II.Tumores;2020;2.619
41 Sevilla;Hombres;009-041 II.Tumores;2019;2.601
41 Sevilla;Hombres;009-041 II.Tumores;2018;2.558
41 Sevilla;Hombres;042-043 III.Enfermedades de la sangre y de los órganos hematopoyéticos, y ciertos trastornos que afectan al mecanismo de la inmunidad;2022;39
41 Sevilla;Hombres;042-043 III.Enfermedades de la sangre y de los órganos hematopoyéticos, y ciertos trastornos que afectan al mecanismo de la inmunidad;2021;28
41 Sevilla;Hombres;042-043 III.Enfermedades de la sangre y de los órganos hematopoyéticos, y ciertos trastornos que afectan al mecanismo de la inmunidad;2020;27
41 Sevilla;Hombres;042-043 III.Enfermedades de la sangre y de los órganos hematopoyéticos, y ciertos trastornos que afectan al mecanismo de la inmunidad;2019;34
41 Sevilla;Hombres;042-043 III.Enfermedades de la sangre y de los órganos hematopoyéticos, y ciertos trastornos que afectan al mecanismo de la inmunidad;2018;38
41 Sevilla;Hombres;044-045 IV.Enfermedades endocrinas, nutricionales y metabólicas;2022;214
41 Sevilla;Hombres;044-045 IV.Enfermedades endocrinas, nutricionales y metabólicas;2021;242
41 Sevilla;Hombres;044-045 IV.Enfermedades endocrinas, nutricionales y metabólicas;2020;203
41 Sevilla;Hombres;044-045 IV.Enfermedades endocrinas, nutricionales y metabólicas;2019;192
41 Sevilla;Hombres;044-045 IV.Enfermedades endocrinas, nutricionales y metabólicas;2018;144
41 Sevilla;Hombres;046-049 V.Trastornos mentales y del comportamiento;2022;177
41 Sevilla;Hombres;046-049 V.Trastornos mentales y del comportamiento;2021;175
41 Sevilla;Hombres;046-049 V.Trastornos mentales y del comportamiento;2020;156
41 Sevilla;Hombres;046-049 V.Trastornos mentales y del comportamiento;2019;187
41 Sevilla;Hombres;046-049 V.Trastornos mentales y del comportamiento;2018;169
41 Sevilla;Hombres;050-052 VI-VIII.Enfermedades del sistema nervioso y de los órganos de los sentidos;2022;446
41 Sevilla;Hombres;050-052 VI-VIII.Enfermedades del sistema nervioso y de los órganos de los sentidos;2021;457
41 Sevilla;Hombres;050-052 VI-VIII.Enfermedades del sistema nervioso y de los órganos de los sentidos;2020;382
41 Sevilla;Hombres;050-052 VI-VIII.Enfermedades del sistema nervioso y de los órganos de los sentidos;2019;375
41 Sevilla;Hombres;050-052 VI-VIII.Enfermedades del sistema nervioso y de los órganos de los sentidos;2018;349
41 Sevilla;Hombres;053-061 IX.Enfermedades del sistema circulatorio;2022;2.390
41 Sevilla;Hombres;053-061 IX.Enfermedades del sistema circulatorio;2021;2.542
41 Sevilla;Hombres;053-061 IX.Enfermedades del sistema circulatorio;2020;2.595
41 Sevilla;Hombres;053-061 IX.Enfermedades del sistema circulatorio;2019;2.436
41 Sevilla;Hombres;053-061 IX.Enfermedades del sistema circulatorio;2018;2.487
41 Sevilla;Hombres;062-067 X.Enfermedades del sistema respiratorio;2022;982
41 Sevilla;Hombres;062-067 X.Enfermedades del sistema respiratorio;2021;729
41 Sevilla;Hombres;062-067 X.Enfermedades del sistema respiratorio;2020;838
41 Sevilla;Hombres;062-067 X.Enfermedades del sistema respiratorio;2019;931
41 Sevilla;Hombres;062-067 X.Enfermedades del sistema respiratorio;2018;1.039
41 Sevilla;Hombres;068-072 XI.Enfermedades del sistema digestivo;2022;499
41 Sevilla;Hombres;068-072 XI.Enfermedades del sistema digestivo;2021;521
41 Sevilla;Hombres;068-072 XI.Enfermedades del sistema digestivo;2020;493
41 Sevilla;Hombres;068-072 XI.Enfermedades del sistema digestivo;2019;514
41 Sevilla;Hombres;068-072 XI.Enfermedades del sistema digestivo;2018;444
41 Sevilla;Hombres;073 XII.Enfermedades de la piel y del tejido subcutáneo;2022;12
41 Sevilla;Hombres;073 XII.Enfermedades de la piel y del tejido subcutáneo;2021;19
41 Sevilla;Hombres;073 XII.Enfermedades de la piel y del tejido subcutáneo;2020;14
41 Sevilla;Hombres;073 XII.Enfermedades de la piel y del tejido subcutáneo;2019;25
41 Sevilla;Hombres;073 XII.Enfermedades de la piel y del tejido subcutáneo;2018;15
41 Sevilla;Hombres;074-076 XIII.Enfermedades del sistema osteomuscular y del tejido conjuntivo;2022;73
41 Sevilla;Hombres;074-076 XIII.Enfermedades del sistema osteomuscular y del tejido conjuntivo;2021;57
41 Sevilla;Hombres;074-076 XIII.Enfermedades del sistema osteomuscular y del tejido conjuntivo;2020;63
41 Sevilla;Hombres;074-076 XIII.Enfermedades del sistema osteomuscular y del tejido conjuntivo;2019;59
41 Sevilla;Hombres;074-076 XIII.Enfermedades del sistema osteomuscular y del tejido conjuntivo;2018;66
41 Sevilla;Hombres;077-080 XIV.Enfermedades del sistema genitourinario;2022;284
41 Sevilla;Hombres;077-080 XIV.Enfermedades del sistema genitourinario;2021;273
41 Sevilla;Hombres;077-080 XIV.Enfermedades del sistema genitourinario;2020;241
41 Sevilla;Hombres;077-080 XIV.Enfermedades del sistema genitourinario;2019;247
41 Sevilla;Hombres;077-080 XIV.Enfermedades del sistema genitourinario;2018;223
41 Sevilla;Hombres;081 XV.Embarazo, parto y puerperio;2022;0
41 Sevilla;Hombres;081 XV.Embarazo, parto y puerperio;2021;0
41 Sevilla;Hombres;081 XV.Embarazo, parto y puerperio;2020;0
41 Sevilla;Hombres;081 XV.Embarazo, parto y puerperio;2019;0
41 Sevilla;Hombres;081 XV.Embarazo, parto y puerperio;2018;0
41 Sevilla;Hombres;082 XVI.Afecciones originadas en el periodo perinatal;2022;13
41 Sevilla;Hombres;082 XVI.Afecciones originadas en el periodo perinatal;2021;22
41 Sevilla;Hombres;082 XVI.Afecciones originadas en el periodo perinatal;2020;21
41 Sevilla;Hombres;082 XVI.Afecciones originadas en el periodo perinatal;2019;18
41 Sevilla;Hombres;082 XVI.Afecciones originadas en el periodo perinatal;2018;24
41 Sevilla;Hombres;083-085 XVII.Malformaciones congénitas, deformidades y anomalías cromosómicas;2022;19
41 Sevilla;Hombres;083-085 XVII.Malformaciones congénitas, deformidades y anomalías cromosómicas;2021;18
41 Sevilla;Hombres;083-085 XVII.Malformaciones congénitas, deformidades y anomalías cromosómicas;2020;27
41 Sevilla;Hombres;083-085 XVII.Malformaciones congénitas, deformidades y anomalías cromosómicas;2019;18
41 Sevilla;Hombres;083-085 XVII.Malformaciones congénitas, deformidades y anomalías cromosómicas;2018;27
41 Sevilla;Hombres;086-089 XVIII.Síntomas, signos y hallazgos anormales clínicos y de laboratorio, no clasificados en otra parte;2022;118
41 Sevilla;Hombres;086-089 XVIII.Síntomas, signos y hallazgos anormales clínicos y de laboratorio, no clasificados en otra parte;2021;98
41 Sevilla;Hombres;086-089 XVIII.Síntomas, signos y hallazgos anormales clínicos y de laboratorio, no clasificados en otra parte;2020;53
41 Sevilla;Hombres;086-089 XVIII.Síntomas, signos y hallazgos anormales clínicos y de laboratorio, no clasificados en otra parte;2019;119
41 Sevilla;Hombres;086-089 XVIII.Síntomas, signos y hallazgos anormales clínicos y de laboratorio, no clasificados en otra parte;2018;60
41 Sevilla;Hombres;090-102 XX.Causas externas de mortalidad;2022;387
41 Sevilla;Hombres;090-102 XX.Causas externas de mortalidad;2021;326
41 Sevilla;Hombres;090-102 XX.Causas externas de mortalidad;2020;350
41 Sevilla;Hombres;090-102 XX.Causas externas de mortalidad;2019;278
41 Sevilla;Hombres;090-102 XX.Causas externas de mortalidad;2018;299
41 Sevilla;Mujeres;001-008 I.Enfermedades infecciosas y parasitarias;2022;542
41 Sevilla;Mujeres;001-008 I.Enfermedades infecciosas y parasitarias;2021;660
41 Sevilla;Mujeres;001-008 I.Enfermedades infecciosas y parasitarias;2020;785
41 Sevilla;Mujeres;001-008 I.Enfermedades infecciosas y parasitarias;2019;115
41 Sevilla;Mujeres;001-008 I.Enfermedades infecciosas y parasitarias;2018;107
41 Sevilla;Mujeres;009-041 II.Tumores;2022;1.797
41 Sevilla;Mujeres;009-041 II.Tumores;2021;1.712
41 Sevilla;Mujeres;009-041 II.Tumores;2020;1.690
41 Sevilla;Mujeres;009-041 II.Tumores;2019;1.664
41 Sevilla;Mujeres;009-041 II.Tumores;2018;1.555
41 Sevilla;Mujeres;042-043 III.Enfermedades de la sangre y de los órganos hematopoyéticos, y ciertos trastornos que afectan al mecanismo de la inmunidad;2022;37
41 Sevilla;Mujeres;042-043 III.Enfermedades de la sangre y de los órganos hematopoyéticos, y ciertos trastornos que afectan al mecanismo de la inmunidad;2021;44
41 Sevilla;Mujeres;042-043 III.Enfermedades de la sangre y de los órganos hematopoyéticos, y ciertos trastornos que afectan al mecanismo de la inmunidad;2020;31
41 Sevilla;Mujeres;042-043 III.Enfermedades de la sangre y de los órganos hematopoyéticos, y ciertos trastornos que afectan al mecanismo de la inmunidad;2019;33
41 Sevilla;Mujeres;042-043 III.Enfermedades de la sangre y de los órganos hematopoyéticos, y ciertos trastornos que afectan al mecanismo de la inmunidad;2018;29
41 Sevilla;Mujeres;044-045 IV.Enfermedades endocrinas, nutricionales y metabólicas;2022;315
41 Sevilla;Mujeres;044-045 IV.Enfermedades endocrinas, nutricionales y metabólicas;2021;301
41 Sevilla;Mujeres;044-045 IV.Enfermedades endocrinas, nutricionales y metabólicas;2020;265
41 Sevilla;Mujeres;044-045 IV.Enfermedades endocrinas, nutricionales y metabólicas;2019;223
41 Sevilla;Mujeres;044-045 IV.Enfermedades endocrinas, nutricionales y metabólicas;2018;211
41 Sevilla;Mujeres;046-049 V.Trastornos mentales y del comportamiento;2022;369
41 Sevilla;Mujeres;046-049 V.Trastornos mentales y del comportamiento;2021;341
41 Sevilla;Mujeres;046-049 V.Trastornos mentales y del comportamiento;2020;285
41 Sevilla;Mujeres;046-049 V.Trastornos mentales y del comportamiento;2019;303
41 Sevilla;Mujeres;046-049 V.Trastornos mentales y del comportamiento;2018;287
41 Sevilla;Mujeres;050-052 VI-VIII.Enfermedades del sistema nervioso y de los órganos de los sentidos;2022;710
41 Sevilla;Mujeres;050-052 VI-VIII.Enfermedades del sistema nervioso y de los órganos de los sentidos;2021;660
41 Sevilla;Mujeres;050-052 VI-VIII.Enfermedades del sistema nervioso y de los órganos de los sentidos;2020;622
41 Sevilla;Mujeres;050-052 VI-VIII.Enfermedades del sistema nervioso y de los órganos de los sentidos;2019;595
41 Sevilla;Mujeres;050-052 VI-VIII.Enfermedades del sistema nervioso y de los órganos de los sentidos;2018;531
41 Sevilla;Mujeres;053-061 IX.Enfermedades del sistema circulatorio;2022;2.920
41 Sevilla;Mujeres;053-061 IX.Enfermedades del sistema circulatorio;2021;3.129
41 Sevilla;Mujeres;053-061 IX.Enfermedades del sistema circulatorio;2020;3.161
41 Sevilla;Mujeres;053-061 IX.Enfermedades del sistema circulatorio;2019;3.063
41 Sevilla;Mujeres;053-061 IX.Enfermedades del sistema circulatorio;2018;3.232
41 Sevilla;Mujeres;062-067 X.Enfermedades del sistema respiratorio;2022;628
41 Sevilla;Mujeres;062-067 X.Enfermedades del sistema respiratorio;2021;512
41 Sevilla;Mujeres;062-067 X.Enfermedades del sistema respiratorio;2020;585
41 Sevilla;Mujeres;062-067 X.Enfermedades del sistema respiratorio;2019;680
41 Sevilla;Mujeres;062-067 X.Enfermedades del sistema respiratorio;2018;745
41 Sevilla;Mujeres;068-072 XI.Enfermedades del sistema digestivo;2022;413
41 Sevilla;Mujeres;068-072 XI.Enfermedades del sistema digestivo;2021;441
41 Sevilla;Mujeres;068-072 XI.Enfermedades del sistema digestivo;2020;409
41 Sevilla;Mujeres;068-072 XI.Enfermedades del sistema digestivo;2019;403
41 Sevilla;Mujeres;068-072 XI.Enfermedades del sistema digestivo;2018;431
41 Sevilla;Mujeres;073 XII.Enfermedades de la piel y del tejido subcutáneo;2022;29
41 Sevilla;Mujeres;073 XII.Enfermedades de la piel y del tejido subcutáneo;2021;31
41 Sevilla;Mujeres;073 XII.Enfermedades de la piel y del tejido subcutáneo;2020;42
41 Sevilla;Mujeres;073 XII.Enfermedades de la piel y del tejido subcutáneo;2019;33
41 Sevilla;Mujeres;073 XII.Enfermedades de la piel y del tejido subcutáneo;2018;29
41 Sevilla;Mujeres;074-076 XIII.Enfermedades del sistema osteomuscular y del tejido conjuntivo;2022;150
41 Sevilla;Mujeres;074-076 XIII.Enfermedades del sistema osteomuscular y del tejido conjuntivo;2021;108
41 Sevilla;Mujeres;074-076 XIII.Enfermedades del sistema osteomuscular y del tejido conjuntivo;2020;96
41 Sevilla;Mujeres;074-076 XIII.Enfermedades del sistema osteomuscular y del tejido conjuntivo;2019;96
41 Sevilla;Mujeres;074-076 XIII.Enfermedades del sistema osteomuscular y del tejido conjuntivo;2018;99
41 Sevilla;Mujeres;077-080 XIV.Enfermedades del sistema genitourinario;2022;398
41 Sevilla;Mujeres;077-080 XIV.Enfermedades del sistema genitourinario;2021;387
41 Sevilla;Mujeres;077-080 XIV.Enfermedades del sistema genitourinario;2020;323
41 Sevilla;Mujeres;077-080 XIV.Enfermedades del sistema genitourinario;2019;314
41 Sevilla;Mujeres;077-080 XIV.Enfermedades del sistema genitourinario;2018;299
41 Sevilla;Mujeres;081 XV.Embarazo, parto y puerperio;2022;1
41 Sevilla;Mujeres;081 XV.Embarazo, parto y puerperio;2021;0
41 Sevilla;Mujeres;081 XV.Embarazo, parto y puerperio;2020;2
41 Sevilla;Mujeres;081 XV.Embarazo, parto y puerperio;2019;1
41 Sevilla;Mujeres;081 XV.Embarazo, parto y puerperio;2018;0
41 Sevilla;Mujeres;082 XVI.Afecciones originadas en el periodo perinatal;2022;11
41 Sevilla;Mujeres;082 XVI.Afecciones originadas en el periodo perinatal;2021;14
41 Sevilla;Mujeres;082 XVI.Afecciones originadas en el periodo perinatal;2020;11
41 Sevilla;Mujeres;082 XVI.Afecciones originadas en el periodo perinatal;2019;16
41 Sevilla;Mujeres;082 XVI.Afecciones originadas en el periodo perinatal;2018;16
41 Sevilla;Mujeres;083-085 XVII.Malformaciones congénitas, deformidades y anomalías cromosómicas;2022;20
41 Sevilla;Mujeres;083-085 XVII.Malformaciones congénitas, deformidades y anomalías cromosómicas;2021;23
41 Sevilla;Mujeres;083-085 XVII.Malformaciones congénitas, deformidades y anomalías cromosómicas;2020;14
41 Sevilla;Mujeres;083-085 XVII.Malformaciones congénitas, deformidades y anomalías cromosómicas;2019;23
41 Sevilla;Mujeres;083-085 XVII.Malformaciones congénitas, deformidades y anomalías cromosómicas;2018;24
41 Sevilla;Mujeres;086-089 XVIII.Síntomas, signos y hallazgos anormales clínicos y de laboratorio, no clasificados en otra parte;2022;250
41 Sevilla;Mujeres;086-089 XVIII.Síntomas, signos y hallazgos anormales clínicos y de laboratorio, no clasificados en otra parte;2021;175
41 Sevilla;Mujeres;086-089 XVIII.Síntomas, signos y hallazgos anormales clínicos y de laboratorio, no clasificados en otra parte;2020;120
41 Sevilla;Mujeres;086-089 XVIII.Síntomas, signos y hallazgos anormales clínicos y de laboratorio, no clasificados en otra parte;2019;117
41 Sevilla;Mujeres;086-089 XVIII.Síntomas, signos y hallazgos anormales clínicos y de laboratorio, no clasificados en otra parte;2018;105
41 Sevilla;Mujeres;090-102 XX.Causas externas de mortalidad;2022;157
41 Sevilla;Mujeres;090-102 XX.Causas externas de mortalidad;2021;145
41 Sevilla;Mujeres;090-102 XX.Causas externas de mortalidad;2020;147
41 Sevilla;Mujeres;090-102 XX.Causas externas de mortalidad;2019;131
41 Sevilla;Mujeres;090-102 XX.Causas externas de mortalidad;2018;164
42 Soria;Hombres;001-008 I.Enfermedades infecciosas y parasitarias;2022;64
42 Soria;Hombres;001-008 I.Enfermedades infecciosas y parasitarias;2021;79
42 Soria;Hombres;001-008 I.Enfermedades infecciosas y parasitarias;2020;193
42 Soria;Hombres;001-008 I.Enfermedades infecciosas y parasitarias;2019;8
42 Soria;Hombres;001-008 I.Enfermedades infecciosas y parasitarias;2018;8
42 Soria;Hombres;009-041 II.Tumores;2022;175
42 Soria;Hombres;009-041 II.Tumores;2021;169
42 Soria;Hombres;009-041 II.Tumores;2020;162
42 Soria;Hombres;009-041 II.Tumores;2019;158
42 Soria;Hombres;009-041 II.Tumores;2018;164
42 Soria;Hombres;042-043 III.Enfermedades de la sangre y de los órganos hematopoyéticos, y ciertos trastornos que afectan al mecanismo de la inmunidad;2022;1
42 Soria;Hombres;042-043 III.Enfermedades de la sangre y de los órganos hematopoyéticos, y ciertos trastornos que afectan al mecanismo de la inmunidad;2021;1
42 Soria;Hombres;042-043 III.Enfermedades de la sangre y de los órganos hematopoyéticos, y ciertos trastornos que afectan al mecanismo de la inmunidad;2020;1
42 Soria;Hombres;042-043 III.Enfermedades de la sangre y de los órganos hematopoyéticos, y ciertos trastornos que afectan al mecanismo de la inmunidad;2019;1
42 Soria;Hombres;042-043 III.Enfermedades de la sangre y de los órganos hematopoyéticos, y ciertos trastornos que afectan al mecanismo de la inmunidad;2018;4
42 Soria;Hombres;044-045 IV.Enfermedades endocrinas, nutricionales y metabólicas;2022;27
42 Soria;Hombres;044-045 IV.Enfermedades endocrinas, nutricionales y metabólicas;2021;24
42 Soria;Hombres;044-045 IV.Enfermedades endocrinas, nutricionales y metabólicas;2020;20
42 Soria;Hombres;044-045 IV.Enfermedades endocrinas, nutricionales y metabólicas;2019;18
42 Soria;Hombres;044-045 IV.Enfermedades endocrinas, nutricionales y metabólicas;2018;20
42 Soria;Hombres;046-049 V.Trastornos mentales y del comportamiento;2022;13
42 Soria;Hombres;046-049 V.Trastornos mentales y del comportamiento;2021;16
42 Soria;Hombres;046-049 V.Trastornos mentales y del comportamiento;2020;23
42 Soria;Hombres;046-049 V.Trastornos mentales y del comportamiento;2019;26
42 Soria;Hombres;046-049 V.Trastornos mentales y del comportamiento;2018;15
42 Soria;Hombres;050-052 VI-VIII.Enfermedades del sistema nervioso y de los órganos de los sentidos;2022;27
42 Soria;Hombres;050-052 VI-VIII.Enfermedades del sistema nervioso y de los órganos de los sentidos;2021;30
42 Soria;Hombres;050-052 VI-VIII.Enfermedades del sistema nervioso y de los órganos de los sentidos;2020;25
42 Soria;Hombres;050-052 VI-VIII.Enfermedades del sistema nervioso y de los órganos de los sentidos;2019;30
42 Soria;Hombres;050-052 VI-VIII.Enfermedades del sistema nervioso y de los órganos de los sentidos;2018;34
42 Soria;Hombres;053-061 IX.Enfermedades del sistema circulatorio;2022;157
42 Soria;Hombres;053-061 IX.Enfermedades del sistema circulatorio;2021;146
42 Soria;Hombres;053-061 IX.Enfermedades del sistema circulatorio;2020;163
42 Soria;Hombres;053-061 IX.Enfermedades del sistema circulatorio;2019;159
42 Soria;Hombres;053-061 IX.Enfermedades del sistema circulatorio;2018;158
42 Soria;Hombres;062-067 X.Enfermedades del sistema respiratorio;2022;62
42 Soria;Hombres;062-067 X.Enfermedades del sistema respiratorio;2021;42
42 Soria;Hombres;062-067 X.Enfermedades del sistema respiratorio;2020;66
42 Soria;Hombres;062-067 X.Enfermedades del sistema respiratorio;2019;65
42 Soria;Hombres;062-067 X.Enfermedades del sistema respiratorio;2018;84
42 Soria;Hombres;068-072 XI.Enfermedades del sistema digestivo;2022;38
42 Soria;Hombres;068-072 XI.Enfermedades del sistema digestivo;2021;26
42 Soria;Hombres;068-072 XI.Enfermedades del sistema digestivo;2020;38
42 Soria;Hombres;068-072 XI.Enfermedades del sistema digestivo;2019;25
42 Soria;Hombres;068-072 XI.Enfermedades del sistema digestivo;2018;35
42 Soria;Hombres;073 XII.Enfermedades de la piel y del tejido subcutáneo;2022;3
42 Soria;Hombres;073 XII.Enfermedades de la piel y del tejido subcutáneo;2021;1
42 Soria;Hombres;073 XII.Enfermedades de la piel y del tejido subcutáneo;2020;3
42 Soria;Hombres;073 XII.Enfermedades de la piel y del tejido subcutáneo;2019;8
42 Soria;Hombres;073 XII.Enfermedades de la piel y del tejido subcutáneo;2018;2
42 Soria;Hombres;074-076 XIII.Enfermedades del sistema osteomuscular y del tejido conjuntivo;2022;11
42 Soria;Hombres;074-076 XIII.Enfermedades del sistema osteomuscular y del tejido conjuntivo;2021;9
42 Soria;Hombres;074-076 XIII.Enfermedades del sistema osteomuscular y del tejido conjuntivo;2020;7
42 Soria;Hombres;074-076 XIII.Enfermedades del sistema osteomuscular y del tejido conjuntivo;2019;11
42 Soria;Hombres;074-076 XIII.Enfermedades del sistema osteomuscular y del tejido conjuntivo;2018;7
42 Soria;Hombres;077-080 XIV.Enfermedades del sistema genitourinario;2022;21
42 Soria;Hombres;077-080 XIV.Enfermedades del sistema genitourinario;2021;15
42 Soria;Hombres;077-080 XIV.Enfermedades del sistema genitourinario;2020;27
42 Soria;Hombres;077-080 XIV.Enfermedades del sistema genitourinario;2019;22
42 Soria;Hombres;077-080 XIV.Enfermedades del sistema genitourinario;2018;22
42 Soria;Hombres;081 XV.Embarazo, parto y puerperio;2022;0
42 Soria;Hombres;081 XV.Embarazo, parto y puerperio;2021;0
42 Soria;Hombres;081 XV.Embarazo, parto y puerperio;2020;0
42 Soria;Hombres;081 XV.Embarazo, parto y puerperio;2019;0
42 Soria;Hombres;081 XV.Embarazo, parto y puerperio;2018;0
42 Soria;Hombres;082 XVI.Afecciones originadas en el periodo perinatal;2022;0
42 Soria;Hombres;082 XVI.Afecciones originadas en el periodo perinatal;2021;0
42 Soria;Hombres;082 XVI.Afecciones originadas en el periodo perinatal;2020;0
42 Soria;Hombres;082 XVI.Afecciones originadas en el periodo perinatal;2019;0
42 Soria;Hombres;082 XVI.Afecciones originadas en el periodo perinatal;2018;0
42 Soria;Hombres;083-085 XVII.Malformaciones congénitas, deformidades y anomalías cromosómicas;2022;1
42 Soria;Hombres;083-085 XVII.Malformaciones congénitas, deformidades y anomalías cromosómicas;2021;2
42 Soria;Hombres;083-085 XVII.Malformaciones congénitas, deformidades y anomalías cromosómicas;2020;0
42 Soria;Hombres;083-085 XVII.Malformaciones congénitas, deformidades y anomalías cromosómicas;2019;2
42 Soria;Hombres;083-085 XVII.Malformaciones congénitas, deformidades y anomalías cromosómicas;2018;1
42 Soria;Hombres;086-089 XVIII.Síntomas, signos y hallazgos anormales clínicos y de laboratorio, no clasificados en otra parte;2022;14
42 Soria;Hombres;086-089 XVIII.Síntomas, signos y hallazgos anormales clínicos y de laboratorio, no clasificados en otra parte;2021;6
42 Soria;Hombres;086-089 XVIII.Síntomas, signos y hallazgos anormales clínicos y de laboratorio, no clasificados en otra parte;2020;6
42 Soria;Hombres;086-089 XVIII.Síntomas, signos y hallazgos anormales clínicos y de laboratorio, no clasificados en otra parte;2019;24
42 Soria;Hombres;086-089 XVIII.Síntomas, signos y hallazgos anormales clínicos y de laboratorio, no clasificados en otra parte;2018;4
42 Soria;Hombres;090-102 XX.Causas externas de mortalidad;2022;38
42 Soria;Hombres;090-102 XX.Causas externas de mortalidad;2021;32
42 Soria;Hombres;090-102 XX.Causas externas de mortalidad;2020;30
42 Soria;Hombres;090-102 XX.Causas externas de mortalidad;2019;21
42 Soria;Hombres;090-102 XX.Causas externas de mortalidad;2018;31
42 Soria;Mujeres;001-008 I.Enfermedades infecciosas y parasitarias;2022;63
42 Soria;Mujeres;001-008 I.Enfermedades infecciosas y parasitarias;2021;83
42 Soria;Mujeres;001-008 I.Enfermedades infecciosas y parasitarias;2020;208
42 Soria;Mujeres;001-008 I.Enfermedades infecciosas y parasitarias;2019;8
42 Soria;Mujeres;001-008 I.Enfermedades infecciosas y parasitarias;2018;9
42 Soria;Mujeres;009-041 II.Tumores;2022;110
42 Soria;Mujeres;009-041 II.Tumores;2021;100
42 Soria;Mujeres;009-041 II.Tumores;2020;100
42 Soria;Mujeres;009-041 II.Tumores;2019;120
42 Soria;Mujeres;009-041 II.Tumores;2018;104
42 Soria;Mujeres;042-043 III.Enfermedades de la sangre y de los órganos hematopoyéticos, y ciertos trastornos que afectan al mecanismo de la inmunidad;2022;2
42 Soria;Mujeres;042-043 III.Enfermedades de la sangre y de los órganos hematopoyéticos, y ciertos trastornos que afectan al mecanismo de la inmunidad;2021;2
42 Soria;Mujeres;042-043 III.Enfermedades de la sangre y de los órganos hematopoyéticos, y ciertos trastornos que afectan al mecanismo de la inmunidad;2020;5
42 Soria;Mujeres;042-043 III.Enfermedades de la sangre y de los órganos hematopoyéticos, y ciertos trastornos que afectan al mecanismo de la inmunidad;2019;6
42 Soria;Mujeres;042-043 III.Enfermedades de la sangre y de los órganos hematopoyéticos, y ciertos trastornos que afectan al mecanismo de la inmunidad;2018;4
42 Soria;Mujeres;044-045 IV.Enfermedades endocrinas, nutricionales y metabólicas;2022;29
42 Soria;Mujeres;044-045 IV.Enfermedades endocrinas, nutricionales y metabólicas;2021;32
42 Soria;Mujeres;044-045 IV.Enfermedades endocrinas, nutricionales y metabólicas;2020;27
42 Soria;Mujeres;044-045 IV.Enfermedades endocrinas, nutricionales y metabólicas;2019;16
42 Soria;Mujeres;044-045 IV.Enfermedades endocrinas, nutricionales y metabólicas;2018;24
42 Soria;Mujeres;046-049 V.Trastornos mentales y del comportamiento;2022;31
42 Soria;Mujeres;046-049 V.Trastornos mentales y del comportamiento;2021;27
42 Soria;Mujeres;046-049 V.Trastornos mentales y del comportamiento;2020;30
42 Soria;Mujeres;046-049 V.Trastornos mentales y del comportamiento;2019;28
42 Soria;Mujeres;046-049 V.Trastornos mentales y del comportamiento;2018;31
42 Soria;Mujeres;050-052 VI-VIII.Enfermedades del sistema nervioso y de los órganos de los sentidos;2022;40
42 Soria;Mujeres;050-052 VI-VIII.Enfermedades del sistema nervioso y de los órganos de los sentidos;2021;46
42 Soria;Mujeres;050-052 VI-VIII.Enfermedades del sistema nervioso y de los órganos de los sentidos;2020;50
42 Soria;Mujeres;050-052 VI-VIII.Enfermedades del sistema nervioso y de los órganos de los sentidos;2019;42
42 Soria;Mujeres;050-052 VI-VIII.Enfermedades del sistema nervioso y de los órganos de los sentidos;2018;65
42 Soria;Mujeres;053-061 IX.Enfermedades del sistema circulatorio;2022;182
42 Soria;Mujeres;053-061 IX.Enfermedades del sistema circulatorio;2021;180
42 Soria;Mujeres;053-061 IX.Enfermedades del sistema circulatorio;2020;181
42 Soria;Mujeres;053-061 IX.Enfermedades del sistema circulatorio;2019;160
42 Soria;Mujeres;053-061 IX.Enfermedades del sistema circulatorio;2018;183
42 Soria;Mujeres;062-067 X.Enfermedades del sistema respiratorio;2022;42
42 Soria;Mujeres;062-067 X.Enfermedades del sistema respiratorio;2021;40
42 Soria;Mujeres;062-067 X.Enfermedades del sistema respiratorio;2020;53
42 Soria;Mujeres;062-067 X.Enfermedades del sistema respiratorio;2019;64
42 Soria;Mujeres;062-067 X.Enfermedades del sistema respiratorio;2018;64
42 Soria;Mujeres;068-072 XI.Enfermedades del sistema digestivo;2022;39
42 Soria;Mujeres;068-072 XI.Enfermedades del sistema digestivo;2021;30
42 Soria;Mujeres;068-072 XI.Enfermedades del sistema digestivo;2020;29
42 Soria;Mujeres;068-072 XI.Enfermedades del sistema digestivo;2019;31
42 Soria;Mujeres;068-072 XI.Enfermedades del sistema digestivo;2018;25
42 Soria;Mujeres;073 XII.Enfermedades de la piel y del tejido subcutáneo;2022;3
42 Soria;Mujeres;073 XII.Enfermedades de la piel y del tejido subcutáneo;2021;7
42 Soria;Mujeres;073 XII.Enfermedades de la piel y del tejido subcutáneo;2020;4
42 Soria;Mujeres;073 XII.Enfermedades de la piel y del tejido subcutáneo;2019;6
42 Soria;Mujeres;073 XII.Enfermedades de la piel y del tejido subcutáneo;2018;2
42 Soria;Mujeres;074-076 XIII.Enfermedades del sistema osteomuscular y del tejido conjuntivo;2022;9
42 Soria;Mujeres;074-076 XIII.Enfermedades del sistema osteomuscular y del tejido conjuntivo;2021;6
42 Soria;Mujeres;074-076 XIII.Enfermedades del sistema osteomuscular y del tejido conjuntivo;2020;14
42 Soria;Mujeres;074-076 XIII.Enfermedades del sistema osteomuscular y del tejido conjuntivo;2019;13
42 Soria;Mujeres;074-076 XIII.Enfermedades del sistema osteomuscular y del tejido conjuntivo;2018;8
42 Soria;Mujeres;077-080 XIV.Enfermedades del sistema genitourinario;2022;25
42 Soria;Mujeres;077-080 XIV.Enfermedades del sistema genitourinario;2021;17
42 Soria;Mujeres;077-080 XIV.Enfermedades del sistema genitourinario;2020;20
42 Soria;Mujeres;077-080 XIV.Enfermedades del sistema genitourinario;2019;15
42 Soria;Mujeres;077-080 XIV.Enfermedades del sistema genitourinario;2018;24
42 Soria;Mujeres;081 XV.Embarazo, parto y puerperio;2022;0
42 Soria;Mujeres;081 XV.Embarazo, parto y puerperio;2021;0
42 Soria;Mujeres;081 XV.Embarazo, parto y puerperio;2020;0
42 Soria;Mujeres;081 XV.Embarazo, parto y puerperio;2019;0
42 Soria;Mujeres;081 XV.Embarazo, parto y puerperio;2018;0
42 Soria;Mujeres;082 XVI.Afecciones originadas en el periodo perinatal;2022;0
42 Soria;Mujeres;082 XVI.Afecciones originadas en el periodo perinatal;2021;1
42 Soria;Mujeres;082 XVI.Afecciones originadas en el periodo perinatal;2020;0
42 Soria;Mujeres;082 XVI.Afecciones originadas en el periodo perinatal;2019;0
42 Soria;Mujeres;082 XVI.Afecciones originadas en el periodo perinatal;2018;0
42 Soria;Mujeres;083-085 XVII.Malformaciones congénitas, deformidades y anomalías cromosómicas;2022;1
42 Soria;Mujeres;083-085 XVII.Malformaciones congénitas, deformidades y anomalías cromosómicas;2021;0
42 Soria;Mujeres;083-085 XVII.Malformaciones congénitas, deformidades y anomalías cromosómicas;2020;0
42 Soria;Mujeres;083-085 XVII.Malformaciones congénitas, deformidades y anomalías cromosómicas;2019;0
42 Soria;Mujeres;083-085 XVII.Malformaciones congénitas, deformidades y anomalías cromosómicas;2018;1
42 Soria;Mujeres;086-089 XVIII.Síntomas, signos y hallazgos anormales clínicos y de laboratorio, no clasificados en otra parte;2022;17
42 Soria;Mujeres;086-089 XVIII.Síntomas, signos y hallazgos anormales clínicos y de laboratorio, no clasificados en otra parte;2021;6
42 Soria;Mujeres;086-089 XVIII.Síntomas, signos y hallazgos anormales clínicos y de laboratorio, no clasificados en otra parte;2020;12
42 Soria;Mujeres;086-089 XVIII.Síntomas, signos y hallazgos anormales clínicos y de laboratorio, no clasificados en otra parte;2019;22
42 Soria;Mujeres;086-089 XVIII.Síntomas, signos y hallazgos anormales clínicos y de laboratorio, no clasificados en otra parte;2018;13
42 Soria;Mujeres;090-102 XX.Causas externas de mortalidad;2022;21
42 Soria;Mujeres;090-102 XX.Causas externas de mortalidad;2021;19
42 Soria;Mujeres;090-102 XX.Causas externas de mortalidad;2020;25
42 Soria;Mujeres;090-102 XX.Causas externas de mortalidad;2019;16
42 Soria;Mujeres;090-102 XX.Causas externas de mortalidad;2018;23
43 Tarragona;Hombres;001-008 I.Enfermedades infecciosas y parasitarias;2022;337
43 Tarragona;Hombres;001-008 I.Enfermedades infecciosas y parasitarias;2021;397
43 Tarragona;Hombres;001-008 I.Enfermedades infecciosas y parasitarias;2020;558
43 Tarragona;Hombres;001-008 I.Enfermedades infecciosas y parasitarias;2019;54
43 Tarragona;Hombres;001-008 I.Enfermedades infecciosas y parasitarias;2018;63
43 Tarragona;Hombres;009-041 II.Tumores;2022;1.052
43 Tarragona;Hombres;009-041 II.Tumores;2021;1.110
43 Tarragona;Hombres;009-041 II.Tumores;2020;1.161
43 Tarragona;Hombres;009-041 II.Tumores;2019;1.070
43 Tarragona;Hombres;009-041 II.Tumores;2018;1.135
43 Tarragona;Hombres;042-043 III.Enfermedades de la sangre y de los órganos hematopoyéticos, y ciertos trastornos que afectan al mecanismo de la inmunidad;2022;16
43 Tarragona;Hombres;042-043 III.Enfermedades de la sangre y de los órganos hematopoyéticos, y ciertos trastornos que afectan al mecanismo de la inmunidad;2021;13
43 Tarragona;Hombres;042-043 III.Enfermedades de la sangre y de los órganos hematopoyéticos, y ciertos trastornos que afectan al mecanismo de la inmunidad;2020;16
43 Tarragona;Hombres;042-043 III.Enfermedades de la sangre y de los órganos hematopoyéticos, y ciertos trastornos que afectan al mecanismo de la inmunidad;2019;24
43 Tarragona;Hombres;042-043 III.Enfermedades de la sangre y de los órganos hematopoyéticos, y ciertos trastornos que afectan al mecanismo de la inmunidad;2018;13
43 Tarragona;Hombres;044-045 IV.Enfermedades endocrinas, nutricionales y metabólicas;2022;109
43 Tarragona;Hombres;044-045 IV.Enfermedades endocrinas, nutricionales y metabólicas;2021;141
43 Tarragona;Hombres;044-045 IV.Enfermedades endocrinas, nutricionales y metabólicas;2020;156
43 Tarragona;Hombres;044-045 IV.Enfermedades endocrinas, nutricionales y metabólicas;2019;135
43 Tarragona;Hombres;044-045 IV.Enfermedades endocrinas, nutricionales y metabólicas;2018;107
43 Tarragona;Hombres;046-049 V.Trastornos mentales y del comportamiento;2022;147
43 Tarragona;Hombres;046-049 V.Trastornos mentales y del comportamiento;2021;114
43 Tarragona;Hombres;046-049 V.Trastornos mentales y del comportamiento;2020;112
43 Tarragona;Hombres;046-049 V.Trastornos mentales y del comportamiento;2019;145
43 Tarragona;Hombres;046-049 V.Trastornos mentales y del comportamiento;2018;147
43 Tarragona;Hombres;050-052 VI-VIII.Enfermedades del sistema nervioso y de los órganos de los sentidos;2022;182
43 Tarragona;Hombres;050-052 VI-VIII.Enfermedades del sistema nervioso y de los órganos de los sentidos;2021;158
43 Tarragona;Hombres;050-052 VI-VIII.Enfermedades del sistema nervioso y de los órganos de los sentidos;2020;152
43 Tarragona;Hombres;050-052 VI-VIII.Enfermedades del sistema nervioso y de los órganos de los sentidos;2019;168
43 Tarragona;Hombres;050-052 VI-VIII.Enfermedades del sistema nervioso y de los órganos de los sentidos;2018;164
43 Tarragona;Hombres;053-061 IX.Enfermedades del sistema circulatorio;2022;932
43 Tarragona;Hombres;053-061 IX.Enfermedades del sistema circulatorio;2021;926
43 Tarragona;Hombres;053-061 IX.Enfermedades del sistema circulatorio;2020;957
43 Tarragona;Hombres;053-061 IX.Enfermedades del sistema circulatorio;2019;872
43 Tarragona;Hombres;053-061 IX.Enfermedades del sistema circulatorio;2018;934
43 Tarragona;Hombres;062-067 X.Enfermedades del sistema respiratorio;2022;390
43 Tarragona;Hombres;062-067 X.Enfermedades del sistema respiratorio;2021;341
43 Tarragona;Hombres;062-067 X.Enfermedades del sistema respiratorio;2020;363
43 Tarragona;Hombres;062-067 X.Enfermedades del sistema respiratorio;2019;470
43 Tarragona;Hombres;062-067 X.Enfermedades del sistema respiratorio;2018;514
43 Tarragona;Hombres;068-072 XI.Enfermedades del sistema digestivo;2022;253
43 Tarragona;Hombres;068-072 XI.Enfermedades del sistema digestivo;2021;188
43 Tarragona;Hombres;068-072 XI.Enfermedades del sistema digestivo;2020;222
43 Tarragona;Hombres;068-072 XI.Enfermedades del sistema digestivo;2019;230
43 Tarragona;Hombres;068-072 XI.Enfermedades del sistema digestivo;2018;199
43 Tarragona;Hombres;073 XII.Enfermedades de la piel y del tejido subcutáneo;2022;9
43 Tarragona;Hombres;073 XII.Enfermedades de la piel y del tejido subcutáneo;2021;5
43 Tarragona;Hombres;073 XII.Enfermedades de la piel y del tejido subcutáneo;2020;4
43 Tarragona;Hombres;073 XII.Enfermedades de la piel y del tejido subcutáneo;2019;7
43 Tarragona;Hombres;073 XII.Enfermedades de la piel y del tejido subcutáneo;2018;8
43 Tarragona;Hombres;074-076 XIII.Enfermedades del sistema osteomuscular y del tejido conjuntivo;2022;42
43 Tarragona;Hombres;074-076 XIII.Enfermedades del sistema osteomuscular y del tejido conjuntivo;2021;31
43 Tarragona;Hombres;074-076 XIII.Enfermedades del sistema osteomuscular y del tejido conjuntivo;2020;27
43 Tarragona;Hombres;074-076 XIII.Enfermedades del sistema osteomuscular y del tejido conjuntivo;2019;36
43 Tarragona;Hombres;074-076 XIII.Enfermedades del sistema osteomuscular y del tejido conjuntivo;2018;34
43 Tarragona;Hombres;077-080 XIV.Enfermedades del sistema genitourinario;2022;173
43 Tarragona;Hombres;077-080 XIV.Enfermedades del sistema genitourinario;2021;142
43 Tarragona;Hombres;077-080 XIV.Enfermedades del sistema genitourinario;2020;131
43 Tarragona;Hombres;077-080 XIV.Enfermedades del sistema genitourinario;2019;124
43 Tarragona;Hombres;077-080 XIV.Enfermedades del sistema genitourinario;2018;104
43 Tarragona;Hombres;081 XV.Embarazo, parto y puerperio;2022;0
43 Tarragona;Hombres;081 XV.Embarazo, parto y puerperio;2021;0
43 Tarragona;Hombres;081 XV.Embarazo, parto y puerperio;2020;0
43 Tarragona;Hombres;081 XV.Embarazo, parto y puerperio;2019;0
43 Tarragona;Hombres;081 XV.Embarazo, parto y puerperio;2018;0
43 Tarragona;Hombres;082 XVI.Afecciones originadas en el periodo perinatal;2022;7
43 Tarragona;Hombres;082 XVI.Afecciones originadas en el periodo perinatal;2021;0
43 Tarragona;Hombres;082 XVI.Afecciones originadas en el periodo perinatal;2020;4
43 Tarragona;Hombres;082 XVI.Afecciones originadas en el periodo perinatal;2019;7
43 Tarragona;Hombres;082 XVI.Afecciones originadas en el periodo perinatal;2018;4
43 Tarragona;Hombres;083-085 XVII.Malformaciones congénitas, deformidades y anomalías cromosómicas;2022;6
43 Tarragona;Hombres;083-085 XVII.Malformaciones congénitas, deformidades y anomalías cromosómicas;2021;6
43 Tarragona;Hombres;083-085 XVII.Malformaciones congénitas, deformidades y anomalías cromosómicas;2020;1
43 Tarragona;Hombres;083-085 XVII.Malformaciones congénitas, deformidades y anomalías cromosómicas;2019;4
43 Tarragona;Hombres;083-085 XVII.Malformaciones congénitas, deformidades y anomalías cromosómicas;2018;11
43 Tarragona;Hombres;086-089 XVIII.Síntomas, signos y hallazgos anormales clínicos y de laboratorio, no clasificados en otra parte;2022;118
43 Tarragona;Hombres;086-089 XVIII.Síntomas, signos y hallazgos anormales clínicos y de laboratorio, no clasificados en otra parte;2021;129
43 Tarragona;Hombres;086-089 XVIII.Síntomas, signos y hallazgos anormales clínicos y de laboratorio, no clasificados en otra parte;2020;118
43 Tarragona;Hombres;086-089 XVIII.Síntomas, signos y hallazgos anormales clínicos y de laboratorio, no clasificados en otra parte;2019;99
43 Tarragona;Hombres;086-089 XVIII.Síntomas, signos y hallazgos anormales clínicos y de laboratorio, no clasificados en otra parte;2018;71
43 Tarragona;Hombres;090-102 XX.Causas externas de mortalidad;2022;228
43 Tarragona;Hombres;090-102 XX.Causas externas de mortalidad;2021;196
43 Tarragona;Hombres;090-102 XX.Causas externas de mortalidad;2020;225
43 Tarragona;Hombres;090-102 XX.Causas externas de mortalidad;2019;229
43 Tarragona;Hombres;090-102 XX.Causas externas de mortalidad;2018;219
43 Tarragona;Mujeres;001-008 I.Enfermedades infecciosas y parasitarias;2022;329
43 Tarragona;Mujeres;001-008 I.Enfermedades infecciosas y parasitarias;2021;336
43 Tarragona;Mujeres;001-008 I.Enfermedades infecciosas y parasitarias;2020;494
43 Tarragona;Mujeres;001-008 I.Enfermedades infecciosas y parasitarias;2019;52
43 Tarragona;Mujeres;001-008 I.Enfermedades infecciosas y parasitarias;2018;52
43 Tarragona;Mujeres;009-041 II.Tumores;2022;786
43 Tarragona;Mujeres;009-041 II.Tumores;2021;733
43 Tarragona;Mujeres;009-041 II.Tumores;2020;705
43 Tarragona;Mujeres;009-041 II.Tumores;2019;728
43 Tarragona;Mujeres;009-041 II.Tumores;2018;656
43 Tarragona;Mujeres;042-043 III.Enfermedades de la sangre y de los órganos hematopoyéticos, y ciertos trastornos que afectan al mecanismo de la inmunidad;2022;25
43 Tarragona;Mujeres;042-043 III.Enfermedades de la sangre y de los órganos hematopoyéticos, y ciertos trastornos que afectan al mecanismo de la inmunidad;2021;18
43 Tarragona;Mujeres;042-043 III.Enfermedades de la sangre y de los órganos hematopoyéticos, y ciertos trastornos que afectan al mecanismo de la inmunidad;2020;12
43 Tarragona;Mujeres;042-043 III.Enfermedades de la sangre y de los órganos hematopoyéticos, y ciertos trastornos que afectan al mecanismo de la inmunidad;2019;27
43 Tarragona;Mujeres;042-043 III.Enfermedades de la sangre y de los órganos hematopoyéticos, y ciertos trastornos que afectan al mecanismo de la inmunidad;2018;12
43 Tarragona;Mujeres;044-045 IV.Enfermedades endocrinas, nutricionales y metabólicas;2022;159
43 Tarragona;Mujeres;044-045 IV.Enfermedades endocrinas, nutricionales y metabólicas;2021;147
43 Tarragona;Mujeres;044-045 IV.Enfermedades endocrinas, nutricionales y metabólicas;2020;151
43 Tarragona;Mujeres;044-045 IV.Enfermedades endocrinas, nutricionales y metabólicas;2019;139
43 Tarragona;Mujeres;044-045 IV.Enfermedades endocrinas, nutricionales y metabólicas;2018;140
43 Tarragona;Mujeres;046-049 V.Trastornos mentales y del comportamiento;2022;222
43 Tarragona;Mujeres;046-049 V.Trastornos mentales y del comportamiento;2021;218
43 Tarragona;Mujeres;046-049 V.Trastornos mentales y del comportamiento;2020;239
43 Tarragona;Mujeres;046-049 V.Trastornos mentales y del comportamiento;2019;290
43 Tarragona;Mujeres;046-049 V.Trastornos mentales y del comportamiento;2018;297
43 Tarragona;Mujeres;050-052 VI-VIII.Enfermedades del sistema nervioso y de los órganos de los sentidos;2022;234
43 Tarragona;Mujeres;050-052 VI-VIII.Enfermedades del sistema nervioso y de los órganos de los sentidos;2021;229
43 Tarragona;Mujeres;050-052 VI-VIII.Enfermedades del sistema nervioso y de los órganos de los sentidos;2020;260
43 Tarragona;Mujeres;050-052 VI-VIII.Enfermedades del sistema nervioso y de los órganos de los sentidos;2019;227
43 Tarragona;Mujeres;050-052 VI-VIII.Enfermedades del sistema nervioso y de los órganos de los sentidos;2018;246
43 Tarragona;Mujeres;053-061 IX.Enfermedades del sistema circulatorio;2022;1.025
43 Tarragona;Mujeres;053-061 IX.Enfermedades del sistema circulatorio;2021;977
43 Tarragona;Mujeres;053-061 IX.Enfermedades del sistema circulatorio;2020;922
43 Tarragona;Mujeres;053-061 IX.Enfermedades del sistema circulatorio;2019;898
43 Tarragona;Mujeres;053-061 IX.Enfermedades del sistema circulatorio;2018;940
43 Tarragona;Mujeres;062-067 X.Enfermedades del sistema respiratorio;2022;306
43 Tarragona;Mujeres;062-067 X.Enfermedades del sistema respiratorio;2021;221
43 Tarragona;Mujeres;062-067 X.Enfermedades del sistema respiratorio;2020;287
43 Tarragona;Mujeres;062-067 X.Enfermedades del sistema respiratorio;2019;296
43 Tarragona;Mujeres;062-067 X.Enfermedades del sistema respiratorio;2018;403
43 Tarragona;Mujeres;068-072 XI.Enfermedades del sistema digestivo;2022;172
43 Tarragona;Mujeres;068-072 XI.Enfermedades del sistema digestivo;2021;186
43 Tarragona;Mujeres;068-072 XI.Enfermedades del sistema digestivo;2020;170
43 Tarragona;Mujeres;068-072 XI.Enfermedades del sistema digestivo;2019;171
43 Tarragona;Mujeres;068-072 XI.Enfermedades del sistema digestivo;2018;177
43 Tarragona;Mujeres;073 XII.Enfermedades de la piel y del tejido subcutáneo;2022;25
43 Tarragona;Mujeres;073 XII.Enfermedades de la piel y del tejido subcutáneo;2021;16
43 Tarragona;Mujeres;073 XII.Enfermedades de la piel y del tejido subcutáneo;2020;19
43 Tarragona;Mujeres;073 XII.Enfermedades de la piel y del tejido subcutáneo;2019;12
43 Tarragona;Mujeres;073 XII.Enfermedades de la piel y del tejido subcutáneo;2018;21
43 Tarragona;Mujeres;074-076 XIII.Enfermedades del sistema osteomuscular y del tejido conjuntivo;2022;83
43 Tarragona;Mujeres;074-076 XIII.Enfermedades del sistema osteomuscular y del tejido conjuntivo;2021;56
43 Tarragona;Mujeres;074-076 XIII.Enfermedades del sistema osteomuscular y del tejido conjuntivo;2020;65
43 Tarragona;Mujeres;074-076 XIII.Enfermedades del sistema osteomuscular y del tejido conjuntivo;2019;67
43 Tarragona;Mujeres;074-076 XIII.Enfermedades del sistema osteomuscular y del tejido conjuntivo;2018;56
43 Tarragona;Mujeres;077-080 XIV.Enfermedades del sistema genitourinario;2022;188
43 Tarragona;Mujeres;077-080 XIV.Enfermedades del sistema genitourinario;2021;168
43 Tarragona;Mujeres;077-080 XIV.Enfermedades del sistema genitourinario;2020;165
43 Tarragona;Mujeres;077-080 XIV.Enfermedades del sistema genitourinario;2019;138
43 Tarragona;Mujeres;077-080 XIV.Enfermedades del sistema genitourinario;2018;160
43 Tarragona;Mujeres;081 XV.Embarazo, parto y puerperio;2022;0
43 Tarragona;Mujeres;081 XV.Embarazo, parto y puerperio;2021;0
43 Tarragona;Mujeres;081 XV.Embarazo, parto y puerperio;2020;0
43 Tarragona;Mujeres;081 XV.Embarazo, parto y puerperio;2019;0
43 Tarragona;Mujeres;081 XV.Embarazo, parto y puerperio;2018;0
43 Tarragona;Mujeres;082 XVI.Afecciones originadas en el periodo perinatal;2022;4
43 Tarragona;Mujeres;082 XVI.Afecciones originadas en el periodo perinatal;2021;1
43 Tarragona;Mujeres;082 XVI.Afecciones originadas en el periodo perinatal;2020;3
43 Tarragona;Mujeres;082 XVI.Afecciones originadas en el periodo perinatal;2019;1
43 Tarragona;Mujeres;082 XVI.Afecciones originadas en el periodo perinatal;2018;4
43 Tarragona;Mujeres;083-085 XVII.Malformaciones congénitas, deformidades y anomalías cromosómicas;2022;7
43 Tarragona;Mujeres;083-085 XVII.Malformaciones congénitas, deformidades y anomalías cromosómicas;2021;4
43 Tarragona;Mujeres;083-085 XVII.Malformaciones congénitas, deformidades y anomalías cromosómicas;2020;4
43 Tarragona;Mujeres;083-085 XVII.Malformaciones congénitas, deformidades y anomalías cromosómicas;2019;3
43 Tarragona;Mujeres;083-085 XVII.Malformaciones congénitas, deformidades y anomalías cromosómicas;2018;4
43 Tarragona;Mujeres;086-089 XVIII.Síntomas, signos y hallazgos anormales clínicos y de laboratorio, no clasificados en otra parte;2022;154
43 Tarragona;Mujeres;086-089 XVIII.Síntomas, signos y hallazgos anormales clínicos y de laboratorio, no clasificados en otra parte;2021;130
43 Tarragona;Mujeres;086-089 XVIII.Síntomas, signos y hallazgos anormales clínicos y de laboratorio, no clasificados en otra parte;2020;155
43 Tarragona;Mujeres;086-089 XVIII.Síntomas, signos y hallazgos anormales clínicos y de laboratorio, no clasificados en otra parte;2019;131
43 Tarragona;Mujeres;086-089 XVIII.Síntomas, signos y hallazgos anormales clínicos y de laboratorio, no clasificados en otra parte;2018;99
43 Tarragona;Mujeres;090-102 XX.Causas externas de mortalidad;2022;105
43 Tarragona;Mujeres;090-102 XX.Causas externas de mortalidad;2021;107
43 Tarragona;Mujeres;090-102 XX.Causas externas de mortalidad;2020;95
43 Tarragona;Mujeres;090-102 XX.Causas externas de mortalidad;2019;96
43 Tarragona;Mujeres;090-102 XX.Causas externas de mortalidad;2018;130
44 Teruel;Hombres;001-008 I.Enfermedades infecciosas y parasitarias;2022;99
44 Teruel;Hombres;001-008 I.Enfermedades infecciosas y parasitarias;2021;90
44 Teruel;Hombres;001-008 I.Enfermedades infecciosas y parasitarias;2020;207
44 Teruel;Hombres;001-008 I.Enfermedades infecciosas y parasitarias;2019;11
44 Teruel;Hombres;001-008 I.Enfermedades infecciosas y parasitarias;2018;9
44 Teruel;Hombres;009-041 II.Tumores;2022;232
44 Teruel;Hombres;009-041 II.Tumores;2021;240
44 Teruel;Hombres;009-041 II.Tumores;2020;207
44 Teruel;Hombres;009-041 II.Tumores;2019;216
44 Teruel;Hombres;009-041 II.Tumores;2018;212
44 Teruel;Hombres;042-043 III.Enfermedades de la sangre y de los órganos hematopoyéticos, y ciertos trastornos que afectan al mecanismo de la inmunidad;2022;0
44 Teruel;Hombres;042-043 III.Enfermedades de la sangre y de los órganos hematopoyéticos, y ciertos trastornos que afectan al mecanismo de la inmunidad;2021;3
44 Teruel;Hombres;042-043 III.Enfermedades de la sangre y de los órganos hematopoyéticos, y ciertos trastornos que afectan al mecanismo de la inmunidad;2020;4
44 Teruel;Hombres;042-043 III.Enfermedades de la sangre y de los órganos hematopoyéticos, y ciertos trastornos que afectan al mecanismo de la inmunidad;2019;1
44 Teruel;Hombres;042-043 III.Enfermedades de la sangre y de los órganos hematopoyéticos, y ciertos trastornos que afectan al mecanismo de la inmunidad;2018;2
44 Teruel;Hombres;044-045 IV.Enfermedades endocrinas, nutricionales y metabólicas;2022;23
44 Teruel;Hombres;044-045 IV.Enfermedades endocrinas, nutricionales y metabólicas;2021;35
44 Teruel;Hombres;044-045 IV.Enfermedades endocrinas, nutricionales y metabólicas;2020;33
44 Teruel;Hombres;044-045 IV.Enfermedades endocrinas, nutricionales y metabólicas;2019;24
44 Teruel;Hombres;044-045 IV.Enfermedades endocrinas, nutricionales y metabólicas;2018;32
44 Teruel;Hombres;046-049 V.Trastornos mentales y del comportamiento;2022;22
44 Teruel;Hombres;046-049 V.Trastornos mentales y del comportamiento;2021;19
44 Teruel;Hombres;046-049 V.Trastornos mentales y del comportamiento;2020;35
44 Teruel;Hombres;046-049 V.Trastornos mentales y del comportamiento;2019;40
44 Teruel;Hombres;046-049 V.Trastornos mentales y del comportamiento;2018;54
44 Teruel;Hombres;050-052 VI-VIII.Enfermedades del sistema nervioso y de los órganos de los sentidos;2022;54
44 Teruel;Hombres;050-052 VI-VIII.Enfermedades del sistema nervioso y de los órganos de los sentidos;2021;33
44 Teruel;Hombres;050-052 VI-VIII.Enfermedades del sistema nervioso y de los órganos de los sentidos;2020;38
44 Teruel;Hombres;050-052 VI-VIII.Enfermedades del sistema nervioso y de los órganos de los sentidos;2019;32
44 Teruel;Hombres;050-052 VI-VIII.Enfermedades del sistema nervioso y de los órganos de los sentidos;2018;44
44 Teruel;Hombres;053-061 IX.Enfermedades del sistema circulatorio;2022;229
44 Teruel;Hombres;053-061 IX.Enfermedades del sistema circulatorio;2021;203
44 Teruel;Hombres;053-061 IX.Enfermedades del sistema circulatorio;2020;214
44 Teruel;Hombres;053-061 IX.Enfermedades del sistema circulatorio;2019;264
44 Teruel;Hombres;053-061 IX.Enfermedades del sistema circulatorio;2018;272
44 Teruel;Hombres;062-067 X.Enfermedades del sistema respiratorio;2022;123
44 Teruel;Hombres;062-067 X.Enfermedades del sistema respiratorio;2021;88
44 Teruel;Hombres;062-067 X.Enfermedades del sistema respiratorio;2020;102
44 Teruel;Hombres;062-067 X.Enfermedades del sistema respiratorio;2019;107
44 Teruel;Hombres;062-067 X.Enfermedades del sistema respiratorio;2018;109
44 Teruel;Hombres;068-072 XI.Enfermedades del sistema digestivo;2022;60
44 Teruel;Hombres;068-072 XI.Enfermedades del sistema digestivo;2021;55
44 Teruel;Hombres;068-072 XI.Enfermedades del sistema digestivo;2020;60
44 Teruel;Hombres;068-072 XI.Enfermedades del sistema digestivo;2019;42
44 Teruel;Hombres;068-072 XI.Enfermedades del sistema digestivo;2018;55
44 Teruel;Hombres;073 XII.Enfermedades de la piel y del tejido subcutáneo;2022;2
44 Teruel;Hombres;073 XII.Enfermedades de la piel y del tejido subcutáneo;2021;0
44 Teruel;Hombres;073 XII.Enfermedades de la piel y del tejido subcutáneo;2020;1
44 Teruel;Hombres;073 XII.Enfermedades de la piel y del tejido subcutáneo;2019;2
44 Teruel;Hombres;073 XII.Enfermedades de la piel y del tejido subcutáneo;2018;2
44 Teruel;Hombres;074-076 XIII.Enfermedades del sistema osteomuscular y del tejido conjuntivo;2022;11
44 Teruel;Hombres;074-076 XIII.Enfermedades del sistema osteomuscular y del tejido conjuntivo;2021;11
44 Teruel;Hombres;074-076 XIII.Enfermedades del sistema osteomuscular y del tejido conjuntivo;2020;15
44 Teruel;Hombres;074-076 XIII.Enfermedades del sistema osteomuscular y del tejido conjuntivo;2019;10
44 Teruel;Hombres;074-076 XIII.Enfermedades del sistema osteomuscular y del tejido conjuntivo;2018;13
44 Teruel;Hombres;077-080 XIV.Enfermedades del sistema genitourinario;2022;48
44 Teruel;Hombres;077-080 XIV.Enfermedades del sistema genitourinario;2021;30
44 Teruel;Hombres;077-080 XIV.Enfermedades del sistema genitourinario;2020;26
44 Teruel;Hombres;077-080 XIV.Enfermedades del sistema genitourinario;2019;28
44 Teruel;Hombres;077-080 XIV.Enfermedades del sistema genitourinario;2018;33
44 Teruel;Hombres;081 XV.Embarazo, parto y puerperio;2022;0
44 Teruel;Hombres;081 XV.Embarazo, parto y puerperio;2021;0
44 Teruel;Hombres;081 XV.Embarazo, parto y puerperio;2020;0
44 Teruel;Hombres;081 XV.Embarazo, parto y puerperio;2019;0
44 Teruel;Hombres;081 XV.Embarazo, parto y puerperio;2018;0
44 Teruel;Hombres;082 XVI.Afecciones originadas en el periodo perinatal;2022;0
44 Teruel;Hombres;082 XVI.Afecciones originadas en el periodo perinatal;2021;0
44 Teruel;Hombres;082 XVI.Afecciones originadas en el periodo perinatal;2020;0
44 Teruel;Hombres;082 XVI.Afecciones originadas en el periodo perinatal;2019;0
44 Teruel;Hombres;082 XVI.Afecciones originadas en el periodo perinatal;2018;1
44 Teruel;Hombres;083-085 XVII.Malformaciones congénitas, deformidades y anomalías cromosómicas;2022;1
44 Teruel;Hombres;083-085 XVII.Malformaciones congénitas, deformidades y anomalías cromosómicas;2021;1
44 Teruel;Hombres;083-085 XVII.Malformaciones congénitas, deformidades y anomalías cromosómicas;2020;0
44 Teruel;Hombres;083-085 XVII.Malformaciones congénitas, deformidades y anomalías cromosómicas;2019;1
44 Teruel;Hombres;083-085 XVII.Malformaciones congénitas, deformidades y anomalías cromosómicas;2018;1
44 Teruel;Hombres;086-089 XVIII.Síntomas, signos y hallazgos anormales clínicos y de laboratorio, no clasificados en otra parte;2022;8
44 Teruel;Hombres;086-089 XVIII.Síntomas, signos y hallazgos anormales clínicos y de laboratorio, no clasificados en otra parte;2021;2
44 Teruel;Hombres;086-089 XVIII.Síntomas, signos y hallazgos anormales clínicos y de laboratorio, no clasificados en otra parte;2020;2
44 Teruel;Hombres;086-089 XVIII.Síntomas, signos y hallazgos anormales clínicos y de laboratorio, no clasificados en otra parte;2019;6
44 Teruel;Hombres;086-089 XVIII.Síntomas, signos y hallazgos anormales clínicos y de laboratorio, no clasificados en otra parte;2018;3
44 Teruel;Hombres;090-102 XX.Causas externas de mortalidad;2022;46
44 Teruel;Hombres;090-102 XX.Causas externas de mortalidad;2021;54
44 Teruel;Hombres;090-102 XX.Causas externas de mortalidad;2020;49
44 Teruel;Hombres;090-102 XX.Causas externas de mortalidad;2019;44
44 Teruel;Hombres;090-102 XX.Causas externas de mortalidad;2018;36
44 Teruel;Mujeres;001-008 I.Enfermedades infecciosas y parasitarias;2022;83
44 Teruel;Mujeres;001-008 I.Enfermedades infecciosas y parasitarias;2021;77
44 Teruel;Mujeres;001-008 I.Enfermedades infecciosas y parasitarias;2020;170
44 Teruel;Mujeres;001-008 I.Enfermedades infecciosas y parasitarias;2019;12
44 Teruel;Mujeres;001-008 I.Enfermedades infecciosas y parasitarias;2018;13
44 Teruel;Mujeres;009-041 II.Tumores;2022;135
44 Teruel;Mujeres;009-041 II.Tumores;2021;137
44 Teruel;Mujeres;009-041 II.Tumores;2020;135
44 Teruel;Mujeres;009-041 II.Tumores;2019;123
44 Teruel;Mujeres;009-041 II.Tumores;2018;119
44 Teruel;Mujeres;042-043 III.Enfermedades de la sangre y de los órganos hematopoyéticos, y ciertos trastornos que afectan al mecanismo de la inmunidad;2022;3
44 Teruel;Mujeres;042-043 III.Enfermedades de la sangre y de los órganos hematopoyéticos, y ciertos trastornos que afectan al mecanismo de la inmunidad;2021;1
44 Teruel;Mujeres;042-043 III.Enfermedades de la sangre y de los órganos hematopoyéticos, y ciertos trastornos que afectan al mecanismo de la inmunidad;2020;4
44 Teruel;Mujeres;042-043 III.Enfermedades de la sangre y de los órganos hematopoyéticos, y ciertos trastornos que afectan al mecanismo de la inmunidad;2019;2
44 Teruel;Mujeres;042-043 III.Enfermedades de la sangre y de los órganos hematopoyéticos, y ciertos trastornos que afectan al mecanismo de la inmunidad;2018;2
44 Teruel;Mujeres;044-045 IV.Enfermedades endocrinas, nutricionales y metabólicas;2022;22
44 Teruel;Mujeres;044-045 IV.Enfermedades endocrinas, nutricionales y metabólicas;2021;37
44 Teruel;Mujeres;044-045 IV.Enfermedades endocrinas, nutricionales y metabólicas;2020;28
44 Teruel;Mujeres;044-045 IV.Enfermedades endocrinas, nutricionales y metabólicas;2019;33
44 Teruel;Mujeres;044-045 IV.Enfermedades endocrinas, nutricionales y metabólicas;2018;15
44 Teruel;Mujeres;046-049 V.Trastornos mentales y del comportamiento;2022;58
44 Teruel;Mujeres;046-049 V.Trastornos mentales y del comportamiento;2021;63
44 Teruel;Mujeres;046-049 V.Trastornos mentales y del comportamiento;2020;70
44 Teruel;Mujeres;046-049 V.Trastornos mentales y del comportamiento;2019;83
44 Teruel;Mujeres;046-049 V.Trastornos mentales y del comportamiento;2018;65
44 Teruel;Mujeres;050-052 VI-VIII.Enfermedades del sistema nervioso y de los órganos de los sentidos;2022;69
44 Teruel;Mujeres;050-052 VI-VIII.Enfermedades del sistema nervioso y de los órganos de los sentidos;2021;57
44 Teruel;Mujeres;050-052 VI-VIII.Enfermedades del sistema nervioso y de los órganos de los sentidos;2020;60
44 Teruel;Mujeres;050-052 VI-VIII.Enfermedades del sistema nervioso y de los órganos de los sentidos;2019;68
44 Teruel;Mujeres;050-052 VI-VIII.Enfermedades del sistema nervioso y de los órganos de los sentidos;2018;65
44 Teruel;Mujeres;053-061 IX.Enfermedades del sistema circulatorio;2022;231
44 Teruel;Mujeres;053-061 IX.Enfermedades del sistema circulatorio;2021;224
44 Teruel;Mujeres;053-061 IX.Enfermedades del sistema circulatorio;2020;253
44 Teruel;Mujeres;053-061 IX.Enfermedades del sistema circulatorio;2019;251
44 Teruel;Mujeres;053-061 IX.Enfermedades del sistema circulatorio;2018;287
44 Teruel;Mujeres;062-067 X.Enfermedades del sistema respiratorio;2022;72
44 Teruel;Mujeres;062-067 X.Enfermedades del sistema respiratorio;2021;55
44 Teruel;Mujeres;062-067 X.Enfermedades del sistema respiratorio;2020;85
44 Teruel;Mujeres;062-067 X.Enfermedades del sistema respiratorio;2019;71
44 Teruel;Mujeres;062-067 X.Enfermedades del sistema respiratorio;2018;84
44 Teruel;Mujeres;068-072 XI.Enfermedades del sistema digestivo;2022;53
44 Teruel;Mujeres;068-072 XI.Enfermedades del sistema digestivo;2021;62
44 Teruel;Mujeres;068-072 XI.Enfermedades del sistema digestivo;2020;42
44 Teruel;Mujeres;068-072 XI.Enfermedades del sistema digestivo;2019;41
44 Teruel;Mujeres;068-072 XI.Enfermedades del sistema digestivo;2018;48
44 Teruel;Mujeres;073 XII.Enfermedades de la piel y del tejido subcutáneo;2022;5
44 Teruel;Mujeres;073 XII.Enfermedades de la piel y del tejido subcutáneo;2021;6
44 Teruel;Mujeres;073 XII.Enfermedades de la piel y del tejido subcutáneo;2020;5
44 Teruel;Mujeres;073 XII.Enfermedades de la piel y del tejido subcutáneo;2019;3
44 Teruel;Mujeres;073 XII.Enfermedades de la piel y del tejido subcutáneo;2018;2
44 Teruel;Mujeres;074-076 XIII.Enfermedades del sistema osteomuscular y del tejido conjuntivo;2022;22
44 Teruel;Mujeres;074-076 XIII.Enfermedades del sistema osteomuscular y del tejido conjuntivo;2021;26
44 Teruel;Mujeres;074-076 XIII.Enfermedades del sistema osteomuscular y del tejido conjuntivo;2020;26
44 Teruel;Mujeres;074-076 XIII.Enfermedades del sistema osteomuscular y del tejido conjuntivo;2019;22
44 Teruel;Mujeres;074-076 XIII.Enfermedades del sistema osteomuscular y del tejido conjuntivo;2018;23
44 Teruel;Mujeres;077-080 XIV.Enfermedades del sistema genitourinario;2022;55
44 Teruel;Mujeres;077-080 XIV.Enfermedades del sistema genitourinario;2021;43
44 Teruel;Mujeres;077-080 XIV.Enfermedades del sistema genitourinario;2020;30
44 Teruel;Mujeres;077-080 XIV.Enfermedades del sistema genitourinario;2019;29
44 Teruel;Mujeres;077-080 XIV.Enfermedades del sistema genitourinario;2018;35
44 Teruel;Mujeres;081 XV.Embarazo, parto y puerperio;2022;0
44 Teruel;Mujeres;081 XV.Embarazo, parto y puerperio;2021;0
44 Teruel;Mujeres;081 XV.Embarazo, parto y puerperio;2020;0
44 Teruel;Mujeres;081 XV.Embarazo, parto y puerperio;2019;0
44 Teruel;Mujeres;081 XV.Embarazo, parto y puerperio;2018;0
44 Teruel;Mujeres;082 XVI.Afecciones originadas en el periodo perinatal;2022;0
44 Teruel;Mujeres;082 XVI.Afecciones originadas en el periodo perinatal;2021;0
44 Teruel;Mujeres;082 XVI.Afecciones originadas en el periodo perinatal;2020;0
44 Teruel;Mujeres;082 XVI.Afecciones originadas en el periodo perinatal;2019;0
44 Teruel;Mujeres;082 XVI.Afecciones originadas en el periodo perinatal;2018;1
44 Teruel;Mujeres;083-085 XVII.Malformaciones congénitas, deformidades y anomalías cromosómicas;2022;1
44 Teruel;Mujeres;083-085 XVII.Malformaciones congénitas, deformidades y anomalías cromosómicas;2021;0
44 Teruel;Mujeres;083-085 XVII.Malformaciones congénitas, deformidades y anomalías cromosómicas;2020;0
44 Teruel;Mujeres;083-085 XVII.Malformaciones congénitas, deformidades y anomalías cromosómicas;2019;0
44 Teruel;Mujeres;083-085 XVII.Malformaciones congénitas, deformidades y anomalías cromosómicas;2018;1
44 Teruel;Mujeres;086-089 XVIII.Síntomas, signos y hallazgos anormales clínicos y de laboratorio, no clasificados en otra parte;2022;7
44 Teruel;Mujeres;086-089 XVIII.Síntomas, signos y hallazgos anormales clínicos y de laboratorio, no clasificados en otra parte;2021;4
44 Teruel;Mujeres;086-089 XVIII.Síntomas, signos y hallazgos anormales clínicos y de laboratorio, no clasificados en otra parte;2020;4
44 Teruel;Mujeres;086-089 XVIII.Síntomas, signos y hallazgos anormales clínicos y de laboratorio, no clasificados en otra parte;2019;7
44 Teruel;Mujeres;086-089 XVIII.Síntomas, signos y hallazgos anormales clínicos y de laboratorio, no clasificados en otra parte;2018;3
44 Teruel;Mujeres;090-102 XX.Causas externas de mortalidad;2022;24
44 Teruel;Mujeres;090-102 XX.Causas externas de mortalidad;2021;24
44 Teruel;Mujeres;090-102 XX.Causas externas de mortalidad;2020;18
44 Teruel;Mujeres;090-102 XX.Causas externas de mortalidad;2019;17
44 Teruel;Mujeres;090-102 XX.Causas externas de mortalidad;2018;22
45 Toledo;Hombres;001-008 I.Enfermedades infecciosas y parasitarias;2022;261
45 Toledo;Hombres;001-008 I.Enfermedades infecciosas y parasitarias;2021;571
45 Toledo;Hombres;001-008 I.Enfermedades infecciosas y parasitarias;2020;1.048
45 Toledo;Hombres;001-008 I.Enfermedades infecciosas y parasitarias;2019;31
45 Toledo;Hombres;001-008 I.Enfermedades infecciosas y parasitarias;2018;42
45 Toledo;Hombres;009-041 II.Tumores;2022;886
45 Toledo;Hombres;009-041 II.Tumores;2021;894
45 Toledo;Hombres;009-041 II.Tumores;2020;913
45 Toledo;Hombres;009-041 II.Tumores;2019;939
45 Toledo;Hombres;009-041 II.Tumores;2018;984
45 Toledo;Hombres;042-043 III.Enfermedades de la sangre y de los órganos hematopoyéticos, y ciertos trastornos que afectan al mecanismo de la inmunidad;2022;12
45 Toledo;Hombres;042-043 III.Enfermedades de la sangre y de los órganos hematopoyéticos, y ciertos trastornos que afectan al mecanismo de la inmunidad;2021;22
45 Toledo;Hombres;042-043 III.Enfermedades de la sangre y de los órganos hematopoyéticos, y ciertos trastornos que afectan al mecanismo de la inmunidad;2020;17
45 Toledo;Hombres;042-043 III.Enfermedades de la sangre y de los órganos hematopoyéticos, y ciertos trastornos que afectan al mecanismo de la inmunidad;2019;17
45 Toledo;Hombres;042-043 III.Enfermedades de la sangre y de los órganos hematopoyéticos, y ciertos trastornos que afectan al mecanismo de la inmunidad;2018;21
45 Toledo;Hombres;044-045 IV.Enfermedades endocrinas, nutricionales y metabólicas;2022;95
45 Toledo;Hombres;044-045 IV.Enfermedades endocrinas, nutricionales y metabólicas;2021;78
45 Toledo;Hombres;044-045 IV.Enfermedades endocrinas, nutricionales y metabólicas;2020;101
45 Toledo;Hombres;044-045 IV.Enfermedades endocrinas, nutricionales y metabólicas;2019;88
45 Toledo;Hombres;044-045 IV.Enfermedades endocrinas, nutricionales y metabólicas;2018;89
45 Toledo;Hombres;046-049 V.Trastornos mentales y del comportamiento;2022;78
45 Toledo;Hombres;046-049 V.Trastornos mentales y del comportamiento;2021;78
45 Toledo;Hombres;046-049 V.Trastornos mentales y del comportamiento;2020;96
45 Toledo;Hombres;046-049 V.Trastornos mentales y del comportamiento;2019;91
45 Toledo;Hombres;046-049 V.Trastornos mentales y del comportamiento;2018;97
45 Toledo;Hombres;050-052 VI-VIII.Enfermedades del sistema nervioso y de los órganos de los sentidos;2022;107
45 Toledo;Hombres;050-052 VI-VIII.Enfermedades del sistema nervioso y de los órganos de los sentidos;2021;106
45 Toledo;Hombres;050-052 VI-VIII.Enfermedades del sistema nervioso y de los órganos de los sentidos;2020;132
45 Toledo;Hombres;050-052 VI-VIII.Enfermedades del sistema nervioso y de los órganos de los sentidos;2019;155
45 Toledo;Hombres;050-052 VI-VIII.Enfermedades del sistema nervioso y de los órganos de los sentidos;2018;125
45 Toledo;Hombres;053-061 IX.Enfermedades del sistema circulatorio;2022;826
45 Toledo;Hombres;053-061 IX.Enfermedades del sistema circulatorio;2021;792
45 Toledo;Hombres;053-061 IX.Enfermedades del sistema circulatorio;2020;892
45 Toledo;Hombres;053-061 IX.Enfermedades del sistema circulatorio;2019;772
45 Toledo;Hombres;053-061 IX.Enfermedades del sistema circulatorio;2018;758
45 Toledo;Hombres;062-067 X.Enfermedades del sistema respiratorio;2022;360
45 Toledo;Hombres;062-067 X.Enfermedades del sistema respiratorio;2021;367
45 Toledo;Hombres;062-067 X.Enfermedades del sistema respiratorio;2020;422
45 Toledo;Hombres;062-067 X.Enfermedades del sistema respiratorio;2019;416
45 Toledo;Hombres;062-067 X.Enfermedades del sistema respiratorio;2018;507
45 Toledo;Hombres;068-072 XI.Enfermedades del sistema digestivo;2022;161
45 Toledo;Hombres;068-072 XI.Enfermedades del sistema digestivo;2021;152
45 Toledo;Hombres;068-072 XI.Enfermedades del sistema digestivo;2020;158
45 Toledo;Hombres;068-072 XI.Enfermedades del sistema digestivo;2019;149
45 Toledo;Hombres;068-072 XI.Enfermedades del sistema digestivo;2018;145
45 Toledo;Hombres;073 XII.Enfermedades de la piel y del tejido subcutáneo;2022;11
45 Toledo;Hombres;073 XII.Enfermedades de la piel y del tejido subcutáneo;2021;15
45 Toledo;Hombres;073 XII.Enfermedades de la piel y del tejido subcutáneo;2020;15
45 Toledo;Hombres;073 XII.Enfermedades de la piel y del tejido subcutáneo;2019;16
45 Toledo;Hombres;073 XII.Enfermedades de la piel y del tejido subcutáneo;2018;12
45 Toledo;Hombres;074-076 XIII.Enfermedades del sistema osteomuscular y del tejido conjuntivo;2022;27
45 Toledo;Hombres;074-076 XIII.Enfermedades del sistema osteomuscular y del tejido conjuntivo;2021;25
45 Toledo;Hombres;074-076 XIII.Enfermedades del sistema osteomuscular y del tejido conjuntivo;2020;21
45 Toledo;Hombres;074-076 XIII.Enfermedades del sistema osteomuscular y del tejido conjuntivo;2019;28
45 Toledo;Hombres;074-076 XIII.Enfermedades del sistema osteomuscular y del tejido conjuntivo;2018;26
45 Toledo;Hombres;077-080 XIV.Enfermedades del sistema genitourinario;2022;116
45 Toledo;Hombres;077-080 XIV.Enfermedades del sistema genitourinario;2021;121
45 Toledo;Hombres;077-080 XIV.Enfermedades del sistema genitourinario;2020;131
45 Toledo;Hombres;077-080 XIV.Enfermedades del sistema genitourinario;2019;92
45 Toledo;Hombres;077-080 XIV.Enfermedades del sistema genitourinario;2018;106
45 Toledo;Hombres;081 XV.Embarazo, parto y puerperio;2022;0
45 Toledo;Hombres;081 XV.Embarazo, parto y puerperio;2021;0
45 Toledo;Hombres;081 XV.Embarazo, parto y puerperio;2020;0
45 Toledo;Hombres;081 XV.Embarazo, parto y puerperio;2019;0
45 Toledo;Hombres;081 XV.Embarazo, parto y puerperio;2018;0
45 Toledo;Hombres;082 XVI.Afecciones originadas en el periodo perinatal;2022;1
45 Toledo;Hombres;082 XVI.Afecciones originadas en el periodo perinatal;2021;3
45 Toledo;Hombres;082 XVI.Afecciones originadas en el periodo perinatal;2020;7
45 Toledo;Hombres;082 XVI.Afecciones originadas en el periodo perinatal;2019;2
45 Toledo;Hombres;082 XVI.Afecciones originadas en el periodo perinatal;2018;0
45 Toledo;Hombres;083-085 XVII.Malformaciones congénitas, deformidades y anomalías cromosómicas;2022;3
45 Toledo;Hombres;083-085 XVII.Malformaciones congénitas, deformidades y anomalías cromosómicas;2021;2
45 Toledo;Hombres;083-085 XVII.Malformaciones congénitas, deformidades y anomalías cromosómicas;2020;3
45 Toledo;Hombres;083-085 XVII.Malformaciones congénitas, deformidades y anomalías cromosómicas;2019;8
45 Toledo;Hombres;083-085 XVII.Malformaciones congénitas, deformidades y anomalías cromosómicas;2018;3
45 Toledo;Hombres;086-089 XVIII.Síntomas, signos y hallazgos anormales clínicos y de laboratorio, no clasificados en otra parte;2022;61
45 Toledo;Hombres;086-089 XVIII.Síntomas, signos y hallazgos anormales clínicos y de laboratorio, no clasificados en otra parte;2021;55
45 Toledo;Hombres;086-089 XVIII.Síntomas, signos y hallazgos anormales clínicos y de laboratorio, no clasificados en otra parte;2020;37
45 Toledo;Hombres;086-089 XVIII.Síntomas, signos y hallazgos anormales clínicos y de laboratorio, no clasificados en otra parte;2019;64
45 Toledo;Hombres;086-089 XVIII.Síntomas, signos y hallazgos anormales clínicos y de laboratorio, no clasificados en otra parte;2018;89
45 Toledo;Hombres;090-102 XX.Causas externas de mortalidad;2022;169
45 Toledo;Hombres;090-102 XX.Causas externas de mortalidad;2021;191
45 Toledo;Hombres;090-102 XX.Causas externas de mortalidad;2020;177
45 Toledo;Hombres;090-102 XX.Causas externas de mortalidad;2019;205
45 Toledo;Hombres;090-102 XX.Causas externas de mortalidad;2018;146
45 Toledo;Mujeres;001-008 I.Enfermedades infecciosas y parasitarias;2022;274
45 Toledo;Mujeres;001-008 I.Enfermedades infecciosas y parasitarias;2021;478
45 Toledo;Mujeres;001-008 I.Enfermedades infecciosas y parasitarias;2020;933
45 Toledo;Mujeres;001-008 I.Enfermedades infecciosas y parasitarias;2019;33
45 Toledo;Mujeres;001-008 I.Enfermedades infecciosas y parasitarias;2018;31
45 Toledo;Mujeres;009-041 II.Tumores;2022;587
45 Toledo;Mujeres;009-041 II.Tumores;2021;535
45 Toledo;Mujeres;009-041 II.Tumores;2020;607
45 Toledo;Mujeres;009-041 II.Tumores;2019;519
45 Toledo;Mujeres;009-041 II.Tumores;2018;569
45 Toledo;Mujeres;042-043 III.Enfermedades de la sangre y de los órganos hematopoyéticos, y ciertos trastornos que afectan al mecanismo de la inmunidad;2022;24
45 Toledo;Mujeres;042-043 III.Enfermedades de la sangre y de los órganos hematopoyéticos, y ciertos trastornos que afectan al mecanismo de la inmunidad;2021;27
45 Toledo;Mujeres;042-043 III.Enfermedades de la sangre y de los órganos hematopoyéticos, y ciertos trastornos que afectan al mecanismo de la inmunidad;2020;21
45 Toledo;Mujeres;042-043 III.Enfermedades de la sangre y de los órganos hematopoyéticos, y ciertos trastornos que afectan al mecanismo de la inmunidad;2019;18
45 Toledo;Mujeres;042-043 III.Enfermedades de la sangre y de los órganos hematopoyéticos, y ciertos trastornos que afectan al mecanismo de la inmunidad;2018;21
45 Toledo;Mujeres;044-045 IV.Enfermedades endocrinas, nutricionales y metabólicas;2022;120
45 Toledo;Mujeres;044-045 IV.Enfermedades endocrinas, nutricionales y metabólicas;2021;141
45 Toledo;Mujeres;044-045 IV.Enfermedades endocrinas, nutricionales y metabólicas;2020;155
45 Toledo;Mujeres;044-045 IV.Enfermedades endocrinas, nutricionales y metabólicas;2019;115
45 Toledo;Mujeres;044-045 IV.Enfermedades endocrinas, nutricionales y metabólicas;2018;116
45 Toledo;Mujeres;046-049 V.Trastornos mentales y del comportamiento;2022;171
45 Toledo;Mujeres;046-049 V.Trastornos mentales y del comportamiento;2021;131
45 Toledo;Mujeres;046-049 V.Trastornos mentales y del comportamiento;2020;159
45 Toledo;Mujeres;046-049 V.Trastornos mentales y del comportamiento;2019;200
45 Toledo;Mujeres;046-049 V.Trastornos mentales y del comportamiento;2018;187
45 Toledo;Mujeres;050-052 VI-VIII.Enfermedades del sistema nervioso y de los órganos de los sentidos;2022;185
45 Toledo;Mujeres;050-052 VI-VIII.Enfermedades del sistema nervioso y de los órganos de los sentidos;2021;188
45 Toledo;Mujeres;050-052 VI-VIII.Enfermedades del sistema nervioso y de los órganos de los sentidos;2020;218
45 Toledo;Mujeres;050-052 VI-VIII.Enfermedades del sistema nervioso y de los órganos de los sentidos;2019;207
45 Toledo;Mujeres;050-052 VI-VIII.Enfermedades del sistema nervioso y de los órganos de los sentidos;2018;234
45 Toledo;Mujeres;053-061 IX.Enfermedades del sistema circulatorio;2022;829
45 Toledo;Mujeres;053-061 IX.Enfermedades del sistema circulatorio;2021;906
45 Toledo;Mujeres;053-061 IX.Enfermedades del sistema circulatorio;2020;994
45 Toledo;Mujeres;053-061 IX.Enfermedades del sistema circulatorio;2019;905
45 Toledo;Mujeres;053-061 IX.Enfermedades del sistema circulatorio;2018;923
45 Toledo;Mujeres;062-067 X.Enfermedades del sistema respiratorio;2022;288
45 Toledo;Mujeres;062-067 X.Enfermedades del sistema respiratorio;2021;241
45 Toledo;Mujeres;062-067 X.Enfermedades del sistema respiratorio;2020;315
45 Toledo;Mujeres;062-067 X.Enfermedades del sistema respiratorio;2019;344
45 Toledo;Mujeres;062-067 X.Enfermedades del sistema respiratorio;2018;378
45 Toledo;Mujeres;068-072 XI.Enfermedades del sistema digestivo;2022;174
45 Toledo;Mujeres;068-072 XI.Enfermedades del sistema digestivo;2021;155
45 Toledo;Mujeres;068-072 XI.Enfermedades del sistema digestivo;2020;151
45 Toledo;Mujeres;068-072 XI.Enfermedades del sistema digestivo;2019;170
45 Toledo;Mujeres;068-072 XI.Enfermedades del sistema digestivo;2018;145
45 Toledo;Mujeres;073 XII.Enfermedades de la piel y del tejido subcutáneo;2022;27
45 Toledo;Mujeres;073 XII.Enfermedades de la piel y del tejido subcutáneo;2021;25
45 Toledo;Mujeres;073 XII.Enfermedades de la piel y del tejido subcutáneo;2020;22
45 Toledo;Mujeres;073 XII.Enfermedades de la piel y del tejido subcutáneo;2019;29
45 Toledo;Mujeres;073 XII.Enfermedades de la piel y del tejido subcutáneo;2018;27
45 Toledo;Mujeres;074-076 XIII.Enfermedades del sistema osteomuscular y del tejido conjuntivo;2022;40
45 Toledo;Mujeres;074-076 XIII.Enfermedades del sistema osteomuscular y del tejido conjuntivo;2021;56
45 Toledo;Mujeres;074-076 XIII.Enfermedades del sistema osteomuscular y del tejido conjuntivo;2020;51
45 Toledo;Mujeres;074-076 XIII.Enfermedades del sistema osteomuscular y del tejido conjuntivo;2019;57
45 Toledo;Mujeres;074-076 XIII.Enfermedades del sistema osteomuscular y del tejido conjuntivo;2018;48
45 Toledo;Mujeres;077-080 XIV.Enfermedades del sistema genitourinario;2022;185
45 Toledo;Mujeres;077-080 XIV.Enfermedades del sistema genitourinario;2021;168
45 Toledo;Mujeres;077-080 XIV.Enfermedades del sistema genitourinario;2020;189
45 Toledo;Mujeres;077-080 XIV.Enfermedades del sistema genitourinario;2019;137
45 Toledo;Mujeres;077-080 XIV.Enfermedades del sistema genitourinario;2018;148
45 Toledo;Mujeres;081 XV.Embarazo, parto y puerperio;2022;1
45 Toledo;Mujeres;081 XV.Embarazo, parto y puerperio;2021;0
45 Toledo;Mujeres;081 XV.Embarazo, parto y puerperio;2020;0
45 Toledo;Mujeres;081 XV.Embarazo, parto y puerperio;2019;1
45 Toledo;Mujeres;081 XV.Embarazo, parto y puerperio;2018;0
45 Toledo;Mujeres;082 XVI.Afecciones originadas en el periodo perinatal;2022;2
45 Toledo;Mujeres;082 XVI.Afecciones originadas en el periodo perinatal;2021;2
45 Toledo;Mujeres;082 XVI.Afecciones originadas en el periodo perinatal;2020;0
45 Toledo;Mujeres;082 XVI.Afecciones originadas en el periodo perinatal;2019;4
45 Toledo;Mujeres;082 XVI.Afecciones originadas en el periodo perinatal;2018;3
45 Toledo;Mujeres;083-085 XVII.Malformaciones congénitas, deformidades y anomalías cromosómicas;2022;3
45 Toledo;Mujeres;083-085 XVII.Malformaciones congénitas, deformidades y anomalías cromosómicas;2021;4
45 Toledo;Mujeres;083-085 XVII.Malformaciones congénitas, deformidades y anomalías cromosómicas;2020;4
45 Toledo;Mujeres;083-085 XVII.Malformaciones congénitas, deformidades y anomalías cromosómicas;2019;0
45 Toledo;Mujeres;083-085 XVII.Malformaciones congénitas, deformidades y anomalías cromosómicas;2018;5
45 Toledo;Mujeres;086-089 XVIII.Síntomas, signos y hallazgos anormales clínicos y de laboratorio, no clasificados en otra parte;2022;102
45 Toledo;Mujeres;086-089 XVIII.Síntomas, signos y hallazgos anormales clínicos y de laboratorio, no clasificados en otra parte;2021;81
45 Toledo;Mujeres;086-089 XVIII.Síntomas, signos y hallazgos anormales clínicos y de laboratorio, no clasificados en otra parte;2020;73
45 Toledo;Mujeres;086-089 XVIII.Síntomas, signos y hallazgos anormales clínicos y de laboratorio, no clasificados en otra parte;2019;91
45 Toledo;Mujeres;086-089 XVIII.Síntomas, signos y hallazgos anormales clínicos y de laboratorio, no clasificados en otra parte;2018;80
45 Toledo;Mujeres;090-102 XX.Causas externas de mortalidad;2022;101
45 Toledo;Mujeres;090-102 XX.Causas externas de mortalidad;2021;99
45 Toledo;Mujeres;090-102 XX.Causas externas de mortalidad;2020;114
45 Toledo;Mujeres;090-102 XX.Causas externas de mortalidad;2019;100
45 Toledo;Mujeres;090-102 XX.Causas externas de mortalidad;2018;103
46 Valencia/València;Hombres;001-008 I.Enfermedades infecciosas y parasitarias;2022;978
46 Valencia/València;Hombres;001-008 I.Enfermedades infecciosas y parasitarias;2021;1.696
46 Valencia/València;Hombres;001-008 I.Enfermedades infecciosas y parasitarias;2020;1.279
46 Valencia/València;Hombres;001-008 I.Enfermedades infecciosas y parasitarias;2019;205
46 Valencia/València;Hombres;001-008 I.Enfermedades infecciosas y parasitarias;2018;195
46 Valencia/València;Hombres;009-041 II.Tumores;2022;3.946
46 Valencia/València;Hombres;009-041 II.Tumores;2021;3.957
46 Valencia/València;Hombres;009-041 II.Tumores;2020;4.042
46 Valencia/València;Hombres;009-041 II.Tumores;2019;3.834
46 Valencia/València;Hombres;009-041 II.Tumores;2018;3.738
46 Valencia/València;Hombres;042-043 III.Enfermedades de la sangre y de los órganos hematopoyéticos, y ciertos trastornos que afectan al mecanismo de la inmunidad;2022;63
46 Valencia/València;Hombres;042-043 III.Enfermedades de la sangre y de los órganos hematopoyéticos, y ciertos trastornos que afectan al mecanismo de la inmunidad;2021;44
46 Valencia/València;Hombres;042-043 III.Enfermedades de la sangre y de los órganos hematopoyéticos, y ciertos trastornos que afectan al mecanismo de la inmunidad;2020;41
46 Valencia/València;Hombres;042-043 III.Enfermedades de la sangre y de los órganos hematopoyéticos, y ciertos trastornos que afectan al mecanismo de la inmunidad;2019;42
46 Valencia/València;Hombres;042-043 III.Enfermedades de la sangre y de los órganos hematopoyéticos, y ciertos trastornos que afectan al mecanismo de la inmunidad;2018;57
46 Valencia/València;Hombres;044-045 IV.Enfermedades endocrinas, nutricionales y metabólicas;2022;489
46 Valencia/València;Hombres;044-045 IV.Enfermedades endocrinas, nutricionales y metabólicas;2021;464
46 Valencia/València;Hombres;044-045 IV.Enfermedades endocrinas, nutricionales y metabólicas;2020;505
46 Valencia/València;Hombres;044-045 IV.Enfermedades endocrinas, nutricionales y metabólicas;2019;450
46 Valencia/València;Hombres;044-045 IV.Enfermedades endocrinas, nutricionales y metabólicas;2018;455
46 Valencia/València;Hombres;046-049 V.Trastornos mentales y del comportamiento;2022;384
46 Valencia/València;Hombres;046-049 V.Trastornos mentales y del comportamiento;2021;349
46 Valencia/València;Hombres;046-049 V.Trastornos mentales y del comportamiento;2020;373
46 Valencia/València;Hombres;046-049 V.Trastornos mentales y del comportamiento;2019;405
46 Valencia/València;Hombres;046-049 V.Trastornos mentales y del comportamiento;2018;366
46 Valencia/València;Hombres;050-052 VI-VIII.Enfermedades del sistema nervioso y de los órganos de los sentidos;2022;703
46 Valencia/València;Hombres;050-052 VI-VIII.Enfermedades del sistema nervioso y de los órganos de los sentidos;2021;690
46 Valencia/València;Hombres;050-052 VI-VIII.Enfermedades del sistema nervioso y de los órganos de los sentidos;2020;742
46 Valencia/València;Hombres;050-052 VI-VIII.Enfermedades del sistema nervioso y de los órganos de los sentidos;2019;678
46 Valencia/València;Hombres;050-052 VI-VIII.Enfermedades del sistema nervioso y de los órganos de los sentidos;2018;637
46 Valencia/València;Hombres;053-061 IX.Enfermedades del sistema circulatorio;2022;3.284
46 Valencia/València;Hombres;053-061 IX.Enfermedades del sistema circulatorio;2021;3.084
46 Valencia/València;Hombres;053-061 IX.Enfermedades del sistema circulatorio;2020;3.127
46 Valencia/València;Hombres;053-061 IX.Enfermedades del sistema circulatorio;2019;3.145
46 Valencia/València;Hombres;053-061 IX.Enfermedades del sistema circulatorio;2018;3.145
46 Valencia/València;Hombres;062-067 X.Enfermedades del sistema respiratorio;2022;1.357
46 Valencia/València;Hombres;062-067 X.Enfermedades del sistema respiratorio;2021;1.080
46 Valencia/València;Hombres;062-067 X.Enfermedades del sistema respiratorio;2020;1.184
46 Valencia/València;Hombres;062-067 X.Enfermedades del sistema respiratorio;2019;1.386
46 Valencia/València;Hombres;062-067 X.Enfermedades del sistema respiratorio;2018;1.572
46 Valencia/València;Hombres;068-072 XI.Enfermedades del sistema digestivo;2022;638
46 Valencia/València;Hombres;068-072 XI.Enfermedades del sistema digestivo;2021;592
46 Valencia/València;Hombres;068-072 XI.Enfermedades del sistema digestivo;2020;577
46 Valencia/València;Hombres;068-072 XI.Enfermedades del sistema digestivo;2019;615
46 Valencia/València;Hombres;068-072 XI.Enfermedades del sistema digestivo;2018;534
46 Valencia/València;Hombres;073 XII.Enfermedades de la piel y del tejido subcutáneo;2022;47
46 Valencia/València;Hombres;073 XII.Enfermedades de la piel y del tejido subcutáneo;2021;47
46 Valencia/València;Hombres;073 XII.Enfermedades de la piel y del tejido subcutáneo;2020;58
46 Valencia/València;Hombres;073 XII.Enfermedades de la piel y del tejido subcutáneo;2019;37
46 Valencia/València;Hombres;073 XII.Enfermedades de la piel y del tejido subcutáneo;2018;34
46 Valencia/València;Hombres;074-076 XIII.Enfermedades del sistema osteomuscular y del tejido conjuntivo;2022;92
46 Valencia/València;Hombres;074-076 XIII.Enfermedades del sistema osteomuscular y del tejido conjuntivo;2021;89
46 Valencia/València;Hombres;074-076 XIII.Enfermedades del sistema osteomuscular y del tejido conjuntivo;2020;89
46 Valencia/València;Hombres;074-076 XIII.Enfermedades del sistema osteomuscular y del tejido conjuntivo;2019;87
46 Valencia/València;Hombres;074-076 XIII.Enfermedades del sistema osteomuscular y del tejido conjuntivo;2018;83
46 Valencia/València;Hombres;077-080 XIV.Enfermedades del sistema genitourinario;2022;488
46 Valencia/València;Hombres;077-080 XIV.Enfermedades del sistema genitourinario;2021;456
46 Valencia/València;Hombres;077-080 XIV.Enfermedades del sistema genitourinario;2020;406
46 Valencia/València;Hombres;077-080 XIV.Enfermedades del sistema genitourinario;2019;403
46 Valencia/València;Hombres;077-080 XIV.Enfermedades del sistema genitourinario;2018;363
46 Valencia/València;Hombres;081 XV.Embarazo, parto y puerperio;2022;0
46 Valencia/València;Hombres;081 XV.Embarazo, parto y puerperio;2021;0
46 Valencia/València;Hombres;081 XV.Embarazo, parto y puerperio;2020;0
46 Valencia/València;Hombres;081 XV.Embarazo, parto y puerperio;2019;0
46 Valencia/València;Hombres;081 XV.Embarazo, parto y puerperio;2018;0
46 Valencia/València;Hombres;082 XVI.Afecciones originadas en el periodo perinatal;2022;17
46 Valencia/València;Hombres;082 XVI.Afecciones originadas en el periodo perinatal;2021;15
46 Valencia/València;Hombres;082 XVI.Afecciones originadas en el periodo perinatal;2020;17
46 Valencia/València;Hombres;082 XVI.Afecciones originadas en el periodo perinatal;2019;11
46 Valencia/València;Hombres;082 XVI.Afecciones originadas en el periodo perinatal;2018;25
46 Valencia/València;Hombres;083-085 XVII.Malformaciones congénitas, deformidades y anomalías cromosómicas;2022;20
46 Valencia/València;Hombres;083-085 XVII.Malformaciones congénitas, deformidades y anomalías cromosómicas;2021;27
46 Valencia/València;Hombres;083-085 XVII.Malformaciones congénitas, deformidades y anomalías cromosómicas;2020;28
46 Valencia/València;Hombres;083-085 XVII.Malformaciones congénitas, deformidades y anomalías cromosómicas;2019;20
46 Valencia/València;Hombres;083-085 XVII.Malformaciones congénitas, deformidades y anomalías cromosómicas;2018;20
46 Valencia/València;Hombres;086-089 XVIII.Síntomas, signos y hallazgos anormales clínicos y de laboratorio, no clasificados en otra parte;2022;128
46 Valencia/València;Hombres;086-089 XVIII.Síntomas, signos y hallazgos anormales clínicos y de laboratorio, no clasificados en otra parte;2021;144
46 Valencia/València;Hombres;086-089 XVIII.Síntomas, signos y hallazgos anormales clínicos y de laboratorio, no clasificados en otra parte;2020;120
46 Valencia/València;Hombres;086-089 XVIII.Síntomas, signos y hallazgos anormales clínicos y de laboratorio, no clasificados en otra parte;2019;118
46 Valencia/València;Hombres;086-089 XVIII.Síntomas, signos y hallazgos anormales clínicos y de laboratorio, no clasificados en otra parte;2018;274
46 Valencia/València;Hombres;090-102 XX.Causas externas de mortalidad;2022;584
46 Valencia/València;Hombres;090-102 XX.Causas externas de mortalidad;2021;505
46 Valencia/València;Hombres;090-102 XX.Causas externas de mortalidad;2020;476
46 Valencia/València;Hombres;090-102 XX.Causas externas de mortalidad;2019;552
46 Valencia/València;Hombres;090-102 XX.Causas externas de mortalidad;2018;464
46 Valencia/València;Mujeres;001-008 I.Enfermedades infecciosas y parasitarias;2022;939
46 Valencia/València;Mujeres;001-008 I.Enfermedades infecciosas y parasitarias;2021;1.311
46 Valencia/València;Mujeres;001-008 I.Enfermedades infecciosas y parasitarias;2020;1.110
46 Valencia/València;Mujeres;001-008 I.Enfermedades infecciosas y parasitarias;2019;180
46 Valencia/València;Mujeres;001-008 I.Enfermedades infecciosas y parasitarias;2018;217
46 Valencia/València;Mujeres;009-041 II.Tumores;2022;2.775
46 Valencia/València;Mujeres;009-041 II.Tumores;2021;2.583
46 Valencia/València;Mujeres;009-041 II.Tumores;2020;2.583
46 Valencia/València;Mujeres;009-041 II.Tumores;2019;2.441
46 Valencia/València;Mujeres;009-041 II.Tumores;2018;2.474
46 Valencia/València;Mujeres;042-043 III.Enfermedades de la sangre y de los órganos hematopoyéticos, y ciertos trastornos que afectan al mecanismo de la inmunidad;2022;87
46 Valencia/València;Mujeres;042-043 III.Enfermedades de la sangre y de los órganos hematopoyéticos, y ciertos trastornos que afectan al mecanismo de la inmunidad;2021;68
46 Valencia/València;Mujeres;042-043 III.Enfermedades de la sangre y de los órganos hematopoyéticos, y ciertos trastornos que afectan al mecanismo de la inmunidad;2020;76
46 Valencia/València;Mujeres;042-043 III.Enfermedades de la sangre y de los órganos hematopoyéticos, y ciertos trastornos que afectan al mecanismo de la inmunidad;2019;45
46 Valencia/València;Mujeres;042-043 III.Enfermedades de la sangre y de los órganos hematopoyéticos, y ciertos trastornos que afectan al mecanismo de la inmunidad;2018;67
46 Valencia/València;Mujeres;044-045 IV.Enfermedades endocrinas, nutricionales y metabólicas;2022;647
46 Valencia/València;Mujeres;044-045 IV.Enfermedades endocrinas, nutricionales y metabólicas;2021;667
46 Valencia/València;Mujeres;044-045 IV.Enfermedades endocrinas, nutricionales y metabólicas;2020;639
46 Valencia/València;Mujeres;044-045 IV.Enfermedades endocrinas, nutricionales y metabólicas;2019;622
46 Valencia/València;Mujeres;044-045 IV.Enfermedades endocrinas, nutricionales y metabólicas;2018;576
46 Valencia/València;Mujeres;046-049 V.Trastornos mentales y del comportamiento;2022;739
46 Valencia/València;Mujeres;046-049 V.Trastornos mentales y del comportamiento;2021;672
46 Valencia/València;Mujeres;046-049 V.Trastornos mentales y del comportamiento;2020;707
46 Valencia/València;Mujeres;046-049 V.Trastornos mentales y del comportamiento;2019;721
46 Valencia/València;Mujeres;046-049 V.Trastornos mentales y del comportamiento;2018;808
46 Valencia/València;Mujeres;050-052 VI-VIII.Enfermedades del sistema nervioso y de los órganos de los sentidos;2022;1.110
46 Valencia/València;Mujeres;050-052 VI-VIII.Enfermedades del sistema nervioso y de los órganos de los sentidos;2021;1.032
46 Valencia/València;Mujeres;050-052 VI-VIII.Enfermedades del sistema nervioso y de los órganos de los sentidos;2020;1.123
46 Valencia/València;Mujeres;050-052 VI-VIII.Enfermedades del sistema nervioso y de los órganos de los sentidos;2019;1.008
46 Valencia/València;Mujeres;050-052 VI-VIII.Enfermedades del sistema nervioso y de los órganos de los sentidos;2018;1.000
46 Valencia/València;Mujeres;053-061 IX.Enfermedades del sistema circulatorio;2022;3.843
46 Valencia/València;Mujeres;053-061 IX.Enfermedades del sistema circulatorio;2021;3.583
46 Valencia/València;Mujeres;053-061 IX.Enfermedades del sistema circulatorio;2020;3.543
46 Valencia/València;Mujeres;053-061 IX.Enfermedades del sistema circulatorio;2019;3.561
46 Valencia/València;Mujeres;053-061 IX.Enfermedades del sistema circulatorio;2018;3.660
46 Valencia/València;Mujeres;062-067 X.Enfermedades del sistema respiratorio;2022;999
46 Valencia/València;Mujeres;062-067 X.Enfermedades del sistema respiratorio;2021;717
46 Valencia/València;Mujeres;062-067 X.Enfermedades del sistema respiratorio;2020;962
46 Valencia/València;Mujeres;062-067 X.Enfermedades del sistema respiratorio;2019;1.058
46 Valencia/València;Mujeres;062-067 X.Enfermedades del sistema respiratorio;2018;1.331
46 Valencia/València;Mujeres;068-072 XI.Enfermedades del sistema digestivo;2022;589
46 Valencia/València;Mujeres;068-072 XI.Enfermedades del sistema digestivo;2021;558
46 Valencia/València;Mujeres;068-072 XI.Enfermedades del sistema digestivo;2020;573
46 Valencia/València;Mujeres;068-072 XI.Enfermedades del sistema digestivo;2019;500
46 Valencia/València;Mujeres;068-072 XI.Enfermedades del sistema digestivo;2018;544
46 Valencia/València;Mujeres;073 XII.Enfermedades de la piel y del tejido subcutáneo;2022;92
46 Valencia/València;Mujeres;073 XII.Enfermedades de la piel y del tejido subcutáneo;2021;84
46 Valencia/València;Mujeres;073 XII.Enfermedades de la piel y del tejido subcutáneo;2020;84
46 Valencia/València;Mujeres;073 XII.Enfermedades de la piel y del tejido subcutáneo;2019;71
46 Valencia/València;Mujeres;073 XII.Enfermedades de la piel y del tejido subcutáneo;2018;79
46 Valencia/València;Mujeres;074-076 XIII.Enfermedades del sistema osteomuscular y del tejido conjuntivo;2022;181
46 Valencia/València;Mujeres;074-076 XIII.Enfermedades del sistema osteomuscular y del tejido conjuntivo;2021;149
46 Valencia/València;Mujeres;074-076 XIII.Enfermedades del sistema osteomuscular y del tejido conjuntivo;2020;165
46 Valencia/València;Mujeres;074-076 XIII.Enfermedades del sistema osteomuscular y del tejido conjuntivo;2019;161
46 Valencia/València;Mujeres;074-076 XIII.Enfermedades del sistema osteomuscular y del tejido conjuntivo;2018;185
46 Valencia/València;Mujeres;077-080 XIV.Enfermedades del sistema genitourinario;2022;716
46 Valencia/València;Mujeres;077-080 XIV.Enfermedades del sistema genitourinario;2021;636
46 Valencia/València;Mujeres;077-080 XIV.Enfermedades del sistema genitourinario;2020;585
46 Valencia/València;Mujeres;077-080 XIV.Enfermedades del sistema genitourinario;2019;486
46 Valencia/València;Mujeres;077-080 XIV.Enfermedades del sistema genitourinario;2018;527
46 Valencia/València;Mujeres;081 XV.Embarazo, parto y puerperio;2022;3
46 Valencia/València;Mujeres;081 XV.Embarazo, parto y puerperio;2021;1
46 Valencia/València;Mujeres;081 XV.Embarazo, parto y puerperio;2020;0
46 Valencia/València;Mujeres;081 XV.Embarazo, parto y puerperio;2019;0
46 Valencia/València;Mujeres;081 XV.Embarazo, parto y puerperio;2018;0
46 Valencia/València;Mujeres;082 XVI.Afecciones originadas en el periodo perinatal;2022;14
46 Valencia/València;Mujeres;082 XVI.Afecciones originadas en el periodo perinatal;2021;16
46 Valencia/València;Mujeres;082 XVI.Afecciones originadas en el periodo perinatal;2020;18
46 Valencia/València;Mujeres;082 XVI.Afecciones originadas en el periodo perinatal;2019;11
46 Valencia/València;Mujeres;082 XVI.Afecciones originadas en el periodo perinatal;2018;15
46 Valencia/València;Mujeres;083-085 XVII.Malformaciones congénitas, deformidades y anomalías cromosómicas;2022;20
46 Valencia/València;Mujeres;083-085 XVII.Malformaciones congénitas, deformidades y anomalías cromosómicas;2021;19
46 Valencia/València;Mujeres;083-085 XVII.Malformaciones congénitas, deformidades y anomalías cromosómicas;2020;23
46 Valencia/València;Mujeres;083-085 XVII.Malformaciones congénitas, deformidades y anomalías cromosómicas;2019;25
46 Valencia/València;Mujeres;083-085 XVII.Malformaciones congénitas, deformidades y anomalías cromosómicas;2018;24
46 Valencia/València;Mujeres;086-089 XVIII.Síntomas, signos y hallazgos anormales clínicos y de laboratorio, no clasificados en otra parte;2022;122
46 Valencia/València;Mujeres;086-089 XVIII.Síntomas, signos y hallazgos anormales clínicos y de laboratorio, no clasificados en otra parte;2021;162
46 Valencia/València;Mujeres;086-089 XVIII.Síntomas, signos y hallazgos anormales clínicos y de laboratorio, no clasificados en otra parte;2020;152
46 Valencia/València;Mujeres;086-089 XVIII.Síntomas, signos y hallazgos anormales clínicos y de laboratorio, no clasificados en otra parte;2019;139
46 Valencia/València;Mujeres;086-089 XVIII.Síntomas, signos y hallazgos anormales clínicos y de laboratorio, no clasificados en otra parte;2018;248
46 Valencia/València;Mujeres;090-102 XX.Causas externas de mortalidad;2022;362
46 Valencia/València;Mujeres;090-102 XX.Causas externas de mortalidad;2021;296
46 Valencia/València;Mujeres;090-102 XX.Causas externas de mortalidad;2020;302
46 Valencia/València;Mujeres;090-102 XX.Causas externas de mortalidad;2019;309
46 Valencia/València;Mujeres;090-102 XX.Causas externas de mortalidad;2018;255
47 Valladolid;Hombres;001-008 I.Enfermedades infecciosas y parasitarias;2022;284
47 Valladolid;Hombres;001-008 I.Enfermedades infecciosas y parasitarias;2021;421
47 Valladolid;Hombres;001-008 I.Enfermedades infecciosas y parasitarias;2020;721
47 Valladolid;Hombres;001-008 I.Enfermedades infecciosas y parasitarias;2019;34
47 Valladolid;Hombres;001-008 I.Enfermedades infecciosas y parasitarias;2018;39
47 Valladolid;Hombres;009-041 II.Tumores;2022;919
47 Valladolid;Hombres;009-041 II.Tumores;2021;967
47 Valladolid;Hombres;009-041 II.Tumores;2020;883
47 Valladolid;Hombres;009-041 II.Tumores;2019;959
47 Valladolid;Hombres;009-041 II.Tumores;2018;892
47 Valladolid;Hombres;042-043 III.Enfermedades de la sangre y de los órganos hematopoyéticos, y ciertos trastornos que afectan al mecanismo de la inmunidad;2022;9
47 Valladolid;Hombres;042-043 III.Enfermedades de la sangre y de los órganos hematopoyéticos, y ciertos trastornos que afectan al mecanismo de la inmunidad;2021;16
47 Valladolid;Hombres;042-043 III.Enfermedades de la sangre y de los órganos hematopoyéticos, y ciertos trastornos que afectan al mecanismo de la inmunidad;2020;6
47 Valladolid;Hombres;042-043 III.Enfermedades de la sangre y de los órganos hematopoyéticos, y ciertos trastornos que afectan al mecanismo de la inmunidad;2019;12
47 Valladolid;Hombres;042-043 III.Enfermedades de la sangre y de los órganos hematopoyéticos, y ciertos trastornos que afectan al mecanismo de la inmunidad;2018;20
47 Valladolid;Hombres;044-045 IV.Enfermedades endocrinas, nutricionales y metabólicas;2022;110
47 Valladolid;Hombres;044-045 IV.Enfermedades endocrinas, nutricionales y metabólicas;2021;101
47 Valladolid;Hombres;044-045 IV.Enfermedades endocrinas, nutricionales y metabólicas;2020;90
47 Valladolid;Hombres;044-045 IV.Enfermedades endocrinas, nutricionales y metabólicas;2019;85
47 Valladolid;Hombres;044-045 IV.Enfermedades endocrinas, nutricionales y metabólicas;2018;67
47 Valladolid;Hombres;046-049 V.Trastornos mentales y del comportamiento;2022;66
47 Valladolid;Hombres;046-049 V.Trastornos mentales y del comportamiento;2021;58
47 Valladolid;Hombres;046-049 V.Trastornos mentales y del comportamiento;2020;76
47 Valladolid;Hombres;046-049 V.Trastornos mentales y del comportamiento;2019;90
47 Valladolid;Hombres;046-049 V.Trastornos mentales y del comportamiento;2018;84
47 Valladolid;Hombres;050-052 VI-VIII.Enfermedades del sistema nervioso y de los órganos de los sentidos;2022;120
47 Valladolid;Hombres;050-052 VI-VIII.Enfermedades del sistema nervioso y de los órganos de los sentidos;2021;111
47 Valladolid;Hombres;050-052 VI-VIII.Enfermedades del sistema nervioso y de los órganos de los sentidos;2020;106
47 Valladolid;Hombres;050-052 VI-VIII.Enfermedades del sistema nervioso y de los órganos de los sentidos;2019;124
47 Valladolid;Hombres;050-052 VI-VIII.Enfermedades del sistema nervioso y de los órganos de los sentidos;2018;125
47 Valladolid;Hombres;053-061 IX.Enfermedades del sistema circulatorio;2022;618
47 Valladolid;Hombres;053-061 IX.Enfermedades del sistema circulatorio;2021;683
47 Valladolid;Hombres;053-061 IX.Enfermedades del sistema circulatorio;2020;672
47 Valladolid;Hombres;053-061 IX.Enfermedades del sistema circulatorio;2019;681
47 Valladolid;Hombres;053-061 IX.Enfermedades del sistema circulatorio;2018;672
47 Valladolid;Hombres;062-067 X.Enfermedades del sistema respiratorio;2022;271
47 Valladolid;Hombres;062-067 X.Enfermedades del sistema respiratorio;2021;208
47 Valladolid;Hombres;062-067 X.Enfermedades del sistema respiratorio;2020;299
47 Valladolid;Hombres;062-067 X.Enfermedades del sistema respiratorio;2019;276
47 Valladolid;Hombres;062-067 X.Enfermedades del sistema respiratorio;2018;332
47 Valladolid;Hombres;068-072 XI.Enfermedades del sistema digestivo;2022;168
47 Valladolid;Hombres;068-072 XI.Enfermedades del sistema digestivo;2021;134
47 Valladolid;Hombres;068-072 XI.Enfermedades del sistema digestivo;2020;114
47 Valladolid;Hombres;068-072 XI.Enfermedades del sistema digestivo;2019;132
47 Valladolid;Hombres;068-072 XI.Enfermedades del sistema digestivo;2018;125
47 Valladolid;Hombres;073 XII.Enfermedades de la piel y del tejido subcutáneo;2022;12
47 Valladolid;Hombres;073 XII.Enfermedades de la piel y del tejido subcutáneo;2021;13
47 Valladolid;Hombres;073 XII.Enfermedades de la piel y del tejido subcutáneo;2020;7
47 Valladolid;Hombres;073 XII.Enfermedades de la piel y del tejido subcutáneo;2019;8
47 Valladolid;Hombres;073 XII.Enfermedades de la piel y del tejido subcutáneo;2018;7
47 Valladolid;Hombres;074-076 XIII.Enfermedades del sistema osteomuscular y del tejido conjuntivo;2022;24
47 Valladolid;Hombres;074-076 XIII.Enfermedades del sistema osteomuscular y del tejido conjuntivo;2021;22
47 Valladolid;Hombres;074-076 XIII.Enfermedades del sistema osteomuscular y del tejido conjuntivo;2020;20
47 Valladolid;Hombres;074-076 XIII.Enfermedades del sistema osteomuscular y del tejido conjuntivo;2019;15
47 Valladolid;Hombres;074-076 XIII.Enfermedades del sistema osteomuscular y del tejido conjuntivo;2018;24
47 Valladolid;Hombres;077-080 XIV.Enfermedades del sistema genitourinario;2022;100
47 Valladolid;Hombres;077-080 XIV.Enfermedades del sistema genitourinario;2021;78
47 Valladolid;Hombres;077-080 XIV.Enfermedades del sistema genitourinario;2020;78
47 Valladolid;Hombres;077-080 XIV.Enfermedades del sistema genitourinario;2019;79
47 Valladolid;Hombres;077-080 XIV.Enfermedades del sistema genitourinario;2018;97
47 Valladolid;Hombres;081 XV.Embarazo, parto y puerperio;2022;0
47 Valladolid;Hombres;081 XV.Embarazo, parto y puerperio;2021;0
47 Valladolid;Hombres;081 XV.Embarazo, parto y puerperio;2020;0
47 Valladolid;Hombres;081 XV.Embarazo, parto y puerperio;2019;0
47 Valladolid;Hombres;081 XV.Embarazo, parto y puerperio;2018;0
47 Valladolid;Hombres;082 XVI.Afecciones originadas en el periodo perinatal;2022;2
47 Valladolid;Hombres;082 XVI.Afecciones originadas en el periodo perinatal;2021;2
47 Valladolid;Hombres;082 XVI.Afecciones originadas en el periodo perinatal;2020;6
47 Valladolid;Hombres;082 XVI.Afecciones originadas en el periodo perinatal;2019;5
47 Valladolid;Hombres;082 XVI.Afecciones originadas en el periodo perinatal;2018;4
47 Valladolid;Hombres;083-085 XVII.Malformaciones congénitas, deformidades y anomalías cromosómicas;2022;3
47 Valladolid;Hombres;083-085 XVII.Malformaciones congénitas, deformidades y anomalías cromosómicas;2021;1
47 Valladolid;Hombres;083-085 XVII.Malformaciones congénitas, deformidades y anomalías cromosómicas;2020;7
47 Valladolid;Hombres;083-085 XVII.Malformaciones congénitas, deformidades y anomalías cromosómicas;2019;6
47 Valladolid;Hombres;083-085 XVII.Malformaciones congénitas, deformidades y anomalías cromosómicas;2018;6
47 Valladolid;Hombres;086-089 XVIII.Síntomas, signos y hallazgos anormales clínicos y de laboratorio, no clasificados en otra parte;2022;11
47 Valladolid;Hombres;086-089 XVIII.Síntomas, signos y hallazgos anormales clínicos y de laboratorio, no clasificados en otra parte;2021;6
47 Valladolid;Hombres;086-089 XVIII.Síntomas, signos y hallazgos anormales clínicos y de laboratorio, no clasificados en otra parte;2020;14
47 Valladolid;Hombres;086-089 XVIII.Síntomas, signos y hallazgos anormales clínicos y de laboratorio, no clasificados en otra parte;2019;40
47 Valladolid;Hombres;086-089 XVIII.Síntomas, signos y hallazgos anormales clínicos y de laboratorio, no clasificados en otra parte;2018;9
47 Valladolid;Hombres;090-102 XX.Causas externas de mortalidad;2022;168
47 Valladolid;Hombres;090-102 XX.Causas externas de mortalidad;2021;129
47 Valladolid;Hombres;090-102 XX.Causas externas de mortalidad;2020;120
47 Valladolid;Hombres;090-102 XX.Causas externas de mortalidad;2019;97
47 Valladolid;Hombres;090-102 XX.Causas externas de mortalidad;2018;130
47 Valladolid;Mujeres;001-008 I.Enfermedades infecciosas y parasitarias;2022;304
47 Valladolid;Mujeres;001-008 I.Enfermedades infecciosas y parasitarias;2021;296
47 Valladolid;Mujeres;001-008 I.Enfermedades infecciosas y parasitarias;2020;766
47 Valladolid;Mujeres;001-008 I.Enfermedades infecciosas y parasitarias;2019;37
47 Valladolid;Mujeres;001-008 I.Enfermedades infecciosas y parasitarias;2018;27
47 Valladolid;Mujeres;009-041 II.Tumores;2022;607
47 Valladolid;Mujeres;009-041 II.Tumores;2021;618
47 Valladolid;Mujeres;009-041 II.Tumores;2020;614
47 Valladolid;Mujeres;009-041 II.Tumores;2019;598
47 Valladolid;Mujeres;009-041 II.Tumores;2018;627
47 Valladolid;Mujeres;042-043 III.Enfermedades de la sangre y de los órganos hematopoyéticos, y ciertos trastornos que afectan al mecanismo de la inmunidad;2022;20
47 Valladolid;Mujeres;042-043 III.Enfermedades de la sangre y de los órganos hematopoyéticos, y ciertos trastornos que afectan al mecanismo de la inmunidad;2021;16
47 Valladolid;Mujeres;042-043 III.Enfermedades de la sangre y de los órganos hematopoyéticos, y ciertos trastornos que afectan al mecanismo de la inmunidad;2020;16
47 Valladolid;Mujeres;042-043 III.Enfermedades de la sangre y de los órganos hematopoyéticos, y ciertos trastornos que afectan al mecanismo de la inmunidad;2019;15
47 Valladolid;Mujeres;042-043 III.Enfermedades de la sangre y de los órganos hematopoyéticos, y ciertos trastornos que afectan al mecanismo de la inmunidad;2018;22
47 Valladolid;Mujeres;044-045 IV.Enfermedades endocrinas, nutricionales y metabólicas;2022;144
47 Valladolid;Mujeres;044-045 IV.Enfermedades endocrinas, nutricionales y metabólicas;2021;149
47 Valladolid;Mujeres;044-045 IV.Enfermedades endocrinas, nutricionales y metabólicas;2020;134
47 Valladolid;Mujeres;044-045 IV.Enfermedades endocrinas, nutricionales y metabólicas;2019;104
47 Valladolid;Mujeres;044-045 IV.Enfermedades endocrinas, nutricionales y metabólicas;2018;117
47 Valladolid;Mujeres;046-049 V.Trastornos mentales y del comportamiento;2022;131
47 Valladolid;Mujeres;046-049 V.Trastornos mentales y del comportamiento;2021;122
47 Valladolid;Mujeres;046-049 V.Trastornos mentales y del comportamiento;2020;159
47 Valladolid;Mujeres;046-049 V.Trastornos mentales y del comportamiento;2019;173
47 Valladolid;Mujeres;046-049 V.Trastornos mentales y del comportamiento;2018;174
47 Valladolid;Mujeres;050-052 VI-VIII.Enfermedades del sistema nervioso y de los órganos de los sentidos;2022;164
47 Valladolid;Mujeres;050-052 VI-VIII.Enfermedades del sistema nervioso y de los órganos de los sentidos;2021;150
47 Valladolid;Mujeres;050-052 VI-VIII.Enfermedades del sistema nervioso y de los órganos de los sentidos;2020;195
47 Valladolid;Mujeres;050-052 VI-VIII.Enfermedades del sistema nervioso y de los órganos de los sentidos;2019;174
47 Valladolid;Mujeres;050-052 VI-VIII.Enfermedades del sistema nervioso y de los órganos de los sentidos;2018;214
47 Valladolid;Mujeres;053-061 IX.Enfermedades del sistema circulatorio;2022;754
47 Valladolid;Mujeres;053-061 IX.Enfermedades del sistema circulatorio;2021;746
47 Valladolid;Mujeres;053-061 IX.Enfermedades del sistema circulatorio;2020;778
47 Valladolid;Mujeres;053-061 IX.Enfermedades del sistema circulatorio;2019;759
47 Valladolid;Mujeres;053-061 IX.Enfermedades del sistema circulatorio;2018;789
47 Valladolid;Mujeres;062-067 X.Enfermedades del sistema respiratorio;2022;230
47 Valladolid;Mujeres;062-067 X.Enfermedades del sistema respiratorio;2021;155
47 Valladolid;Mujeres;062-067 X.Enfermedades del sistema respiratorio;2020;219
47 Valladolid;Mujeres;062-067 X.Enfermedades del sistema respiratorio;2019;256
47 Valladolid;Mujeres;062-067 X.Enfermedades del sistema respiratorio;2018;284
47 Valladolid;Mujeres;068-072 XI.Enfermedades del sistema digestivo;2022;137
47 Valladolid;Mujeres;068-072 XI.Enfermedades del sistema digestivo;2021;126
47 Valladolid;Mujeres;068-072 XI.Enfermedades del sistema digestivo;2020;119
47 Valladolid;Mujeres;068-072 XI.Enfermedades del sistema digestivo;2019;126
47 Valladolid;Mujeres;068-072 XI.Enfermedades del sistema digestivo;2018;128
47 Valladolid;Mujeres;073 XII.Enfermedades de la piel y del tejido subcutáneo;2022;21
47 Valladolid;Mujeres;073 XII.Enfermedades de la piel y del tejido subcutáneo;2021;20
47 Valladolid;Mujeres;073 XII.Enfermedades de la piel y del tejido subcutáneo;2020;20
47 Valladolid;Mujeres;073 XII.Enfermedades de la piel y del tejido subcutáneo;2019;21
47 Valladolid;Mujeres;073 XII.Enfermedades de la piel y del tejido subcutáneo;2018;18
47 Valladolid;Mujeres;074-076 XIII.Enfermedades del sistema osteomuscular y del tejido conjuntivo;2022;40
47 Valladolid;Mujeres;074-076 XIII.Enfermedades del sistema osteomuscular y del tejido conjuntivo;2021;34
47 Valladolid;Mujeres;074-076 XIII.Enfermedades del sistema osteomuscular y del tejido conjuntivo;2020;59
47 Valladolid;Mujeres;074-076 XIII.Enfermedades del sistema osteomuscular y del tejido conjuntivo;2019;50
47 Valladolid;Mujeres;074-076 XIII.Enfermedades del sistema osteomuscular y del tejido conjuntivo;2018;54
47 Valladolid;Mujeres;077-080 XIV.Enfermedades del sistema genitourinario;2022;104
47 Valladolid;Mujeres;077-080 XIV.Enfermedades del sistema genitourinario;2021;105
47 Valladolid;Mujeres;077-080 XIV.Enfermedades del sistema genitourinario;2020;106
47 Valladolid;Mujeres;077-080 XIV.Enfermedades del sistema genitourinario;2019;107
47 Valladolid;Mujeres;077-080 XIV.Enfermedades del sistema genitourinario;2018;97
47 Valladolid;Mujeres;081 XV.Embarazo, parto y puerperio;2022;0
47 Valladolid;Mujeres;081 XV.Embarazo, parto y puerperio;2021;0
47 Valladolid;Mujeres;081 XV.Embarazo, parto y puerperio;2020;0
47 Valladolid;Mujeres;081 XV.Embarazo, parto y puerperio;2019;0
47 Valladolid;Mujeres;081 XV.Embarazo, parto y puerperio;2018;0
47 Valladolid;Mujeres;082 XVI.Afecciones originadas en el periodo perinatal;2022;1
47 Valladolid;Mujeres;082 XVI.Afecciones originadas en el periodo perinatal;2021;1
47 Valladolid;Mujeres;082 XVI.Afecciones originadas en el periodo perinatal;2020;4
47 Valladolid;Mujeres;082 XVI.Afecciones originadas en el periodo perinatal;2019;3
47 Valladolid;Mujeres;082 XVI.Afecciones originadas en el periodo perinatal;2018;1
47 Valladolid;Mujeres;083-085 XVII.Malformaciones congénitas, deformidades y anomalías cromosómicas;2022;7
47 Valladolid;Mujeres;083-085 XVII.Malformaciones congénitas, deformidades y anomalías cromosómicas;2021;7
47 Valladolid;Mujeres;083-085 XVII.Malformaciones congénitas, deformidades y anomalías cromosómicas;2020;3
47 Valladolid;Mujeres;083-085 XVII.Malformaciones congénitas, deformidades y anomalías cromosómicas;2019;3
47 Valladolid;Mujeres;083-085 XVII.Malformaciones congénitas, deformidades y anomalías cromosómicas;2018;3
47 Valladolid;Mujeres;086-089 XVIII.Síntomas, signos y hallazgos anormales clínicos y de laboratorio, no clasificados en otra parte;2022;16
47 Valladolid;Mujeres;086-089 XVIII.Síntomas, signos y hallazgos anormales clínicos y de laboratorio, no clasificados en otra parte;2021;27
47 Valladolid;Mujeres;086-089 XVIII.Síntomas, signos y hallazgos anormales clínicos y de laboratorio, no clasificados en otra parte;2020;21
47 Valladolid;Mujeres;086-089 XVIII.Síntomas, signos y hallazgos anormales clínicos y de laboratorio, no clasificados en otra parte;2019;34
47 Valladolid;Mujeres;086-089 XVIII.Síntomas, signos y hallazgos anormales clínicos y de laboratorio, no clasificados en otra parte;2018;26
47 Valladolid;Mujeres;090-102 XX.Causas externas de mortalidad;2022;109
47 Valladolid;Mujeres;090-102 XX.Causas externas de mortalidad;2021;89
47 Valladolid;Mujeres;090-102 XX.Causas externas de mortalidad;2020;76
47 Valladolid;Mujeres;090-102 XX.Causas externas de mortalidad;2019;78
47 Valladolid;Mujeres;090-102 XX.Causas externas de mortalidad;2018;81
49 Zamora;Hombres;001-008 I.Enfermedades infecciosas y parasitarias;2022;160
49 Zamora;Hombres;001-008 I.Enfermedades infecciosas y parasitarias;2021;118
49 Zamora;Hombres;001-008 I.Enfermedades infecciosas y parasitarias;2020;310
49 Zamora;Hombres;001-008 I.Enfermedades infecciosas y parasitarias;2019;24
49 Zamora;Hombres;001-008 I.Enfermedades infecciosas y parasitarias;2018;19
49 Zamora;Hombres;009-041 II.Tumores;2022;347
49 Zamora;Hombres;009-041 II.Tumores;2021;386
49 Zamora;Hombres;009-041 II.Tumores;2020;368
49 Zamora;Hombres;009-041 II.Tumores;2019;405
49 Zamora;Hombres;009-041 II.Tumores;2018;413
49 Zamora;Hombres;042-043 III.Enfermedades de la sangre y de los órganos hematopoyéticos, y ciertos trastornos que afectan al mecanismo de la inmunidad;2022;5
49 Zamora;Hombres;042-043 III.Enfermedades de la sangre y de los órganos hematopoyéticos, y ciertos trastornos que afectan al mecanismo de la inmunidad;2021;11
49 Zamora;Hombres;042-043 III.Enfermedades de la sangre y de los órganos hematopoyéticos, y ciertos trastornos que afectan al mecanismo de la inmunidad;2020;5
49 Zamora;Hombres;042-043 III.Enfermedades de la sangre y de los órganos hematopoyéticos, y ciertos trastornos que afectan al mecanismo de la inmunidad;2019;3
49 Zamora;Hombres;042-043 III.Enfermedades de la sangre y de los órganos hematopoyéticos, y ciertos trastornos que afectan al mecanismo de la inmunidad;2018;6
49 Zamora;Hombres;044-045 IV.Enfermedades endocrinas, nutricionales y metabólicas;2022;66
49 Zamora;Hombres;044-045 IV.Enfermedades endocrinas, nutricionales y metabólicas;2021;69
49 Zamora;Hombres;044-045 IV.Enfermedades endocrinas, nutricionales y metabólicas;2020;62
49 Zamora;Hombres;044-045 IV.Enfermedades endocrinas, nutricionales y metabólicas;2019;44
49 Zamora;Hombres;044-045 IV.Enfermedades endocrinas, nutricionales y metabólicas;2018;57
49 Zamora;Hombres;046-049 V.Trastornos mentales y del comportamiento;2022;42
49 Zamora;Hombres;046-049 V.Trastornos mentales y del comportamiento;2021;48
49 Zamora;Hombres;046-049 V.Trastornos mentales y del comportamiento;2020;45
49 Zamora;Hombres;046-049 V.Trastornos mentales y del comportamiento;2019;49
49 Zamora;Hombres;046-049 V.Trastornos mentales y del comportamiento;2018;41
49 Zamora;Hombres;050-052 VI-VIII.Enfermedades del sistema nervioso y de los órganos de los sentidos;2022;49
49 Zamora;Hombres;050-052 VI-VIII.Enfermedades del sistema nervioso y de los órganos de los sentidos;2021;48
49 Zamora;Hombres;050-052 VI-VIII.Enfermedades del sistema nervioso y de los órganos de los sentidos;2020;55
49 Zamora;Hombres;050-052 VI-VIII.Enfermedades del sistema nervioso y de los órganos de los sentidos;2019;51
49 Zamora;Hombres;050-052 VI-VIII.Enfermedades del sistema nervioso y de los órganos de los sentidos;2018;55
49 Zamora;Hombres;053-061 IX.Enfermedades del sistema circulatorio;2022;339
49 Zamora;Hombres;053-061 IX.Enfermedades del sistema circulatorio;2021;301
49 Zamora;Hombres;053-061 IX.Enfermedades del sistema circulatorio;2020;334
49 Zamora;Hombres;053-061 IX.Enfermedades del sistema circulatorio;2019;358
49 Zamora;Hombres;053-061 IX.Enfermedades del sistema circulatorio;2018;351
49 Zamora;Hombres;062-067 X.Enfermedades del sistema respiratorio;2022;130
49 Zamora;Hombres;062-067 X.Enfermedades del sistema respiratorio;2021;104
49 Zamora;Hombres;062-067 X.Enfermedades del sistema respiratorio;2020;138
49 Zamora;Hombres;062-067 X.Enfermedades del sistema respiratorio;2019;171
49 Zamora;Hombres;062-067 X.Enfermedades del sistema respiratorio;2018;166
49 Zamora;Hombres;068-072 XI.Enfermedades del sistema digestivo;2022;88
49 Zamora;Hombres;068-072 XI.Enfermedades del sistema digestivo;2021;74
49 Zamora;Hombres;068-072 XI.Enfermedades del sistema digestivo;2020;80
49 Zamora;Hombres;068-072 XI.Enfermedades del sistema digestivo;2019;73
49 Zamora;Hombres;068-072 XI.Enfermedades del sistema digestivo;2018;85
49 Zamora;Hombres;073 XII.Enfermedades de la piel y del tejido subcutáneo;2022;4
49 Zamora;Hombres;073 XII.Enfermedades de la piel y del tejido subcutáneo;2021;5
49 Zamora;Hombres;073 XII.Enfermedades de la piel y del tejido subcutáneo;2020;8
49 Zamora;Hombres;073 XII.Enfermedades de la piel y del tejido subcutáneo;2019;3
49 Zamora;Hombres;073 XII.Enfermedades de la piel y del tejido subcutáneo;2018;4
49 Zamora;Hombres;074-076 XIII.Enfermedades del sistema osteomuscular y del tejido conjuntivo;2022;15
49 Zamora;Hombres;074-076 XIII.Enfermedades del sistema osteomuscular y del tejido conjuntivo;2021;16
49 Zamora;Hombres;074-076 XIII.Enfermedades del sistema osteomuscular y del tejido conjuntivo;2020;19
49 Zamora;Hombres;074-076 XIII.Enfermedades del sistema osteomuscular y del tejido conjuntivo;2019;12
49 Zamora;Hombres;074-076 XIII.Enfermedades del sistema osteomuscular y del tejido conjuntivo;2018;17
49 Zamora;Hombres;077-080 XIV.Enfermedades del sistema genitourinario;2022;45
49 Zamora;Hombres;077-080 XIV.Enfermedades del sistema genitourinario;2021;42
49 Zamora;Hombres;077-080 XIV.Enfermedades del sistema genitourinario;2020;43
49 Zamora;Hombres;077-080 XIV.Enfermedades del sistema genitourinario;2019;36
49 Zamora;Hombres;077-080 XIV.Enfermedades del sistema genitourinario;2018;45
49 Zamora;Hombres;081 XV.Embarazo, parto y puerperio;2022;0
49 Zamora;Hombres;081 XV.Embarazo, parto y puerperio;2021;0
49 Zamora;Hombres;081 XV.Embarazo, parto y puerperio;2020;0
49 Zamora;Hombres;081 XV.Embarazo, parto y puerperio;2019;0
49 Zamora;Hombres;081 XV.Embarazo, parto y puerperio;2018;0
49 Zamora;Hombres;082 XVI.Afecciones originadas en el periodo perinatal;2022;0
49 Zamora;Hombres;082 XVI.Afecciones originadas en el periodo perinatal;2021;0
49 Zamora;Hombres;082 XVI.Afecciones originadas en el periodo perinatal;2020;0
49 Zamora;Hombres;082 XVI.Afecciones originadas en el periodo perinatal;2019;0
49 Zamora;Hombres;082 XVI.Afecciones originadas en el periodo perinatal;2018;0
49 Zamora;Hombres;083-085 XVII.Malformaciones congénitas, deformidades y anomalías cromosómicas;2022;3
49 Zamora;Hombres;083-085 XVII.Malformaciones congénitas, deformidades y anomalías cromosómicas;2021;1
49 Zamora;Hombres;083-085 XVII.Malformaciones congénitas, deformidades y anomalías cromosómicas;2020;2
49 Zamora;Hombres;083-085 XVII.Malformaciones congénitas, deformidades y anomalías cromosómicas;2019;1
49 Zamora;Hombres;083-085 XVII.Malformaciones congénitas, deformidades y anomalías cromosómicas;2018;1
49 Zamora;Hombres;086-089 XVIII.Síntomas, signos y hallazgos anormales clínicos y de laboratorio, no clasificados en otra parte;2022;12
49 Zamora;Hombres;086-089 XVIII.Síntomas, signos y hallazgos anormales clínicos y de laboratorio, no clasificados en otra parte;2021;5
49 Zamora;Hombres;086-089 XVIII.Síntomas, signos y hallazgos anormales clínicos y de laboratorio, no clasificados en otra parte;2020;12
49 Zamora;Hombres;086-089 XVIII.Síntomas, signos y hallazgos anormales clínicos y de laboratorio, no clasificados en otra parte;2019;18
49 Zamora;Hombres;086-089 XVIII.Síntomas, signos y hallazgos anormales clínicos y de laboratorio, no clasificados en otra parte;2018;21
49 Zamora;Hombres;090-102 XX.Causas externas de mortalidad;2022;66
49 Zamora;Hombres;090-102 XX.Causas externas de mortalidad;2021;59
49 Zamora;Hombres;090-102 XX.Causas externas de mortalidad;2020;51
49 Zamora;Hombres;090-102 XX.Causas externas de mortalidad;2019;50
49 Zamora;Hombres;090-102 XX.Causas externas de mortalidad;2018;52
49 Zamora;Mujeres;001-008 I.Enfermedades infecciosas y parasitarias;2022;163
49 Zamora;Mujeres;001-008 I.Enfermedades infecciosas y parasitarias;2021;74
49 Zamora;Mujeres;001-008 I.Enfermedades infecciosas y parasitarias;2020;286
49 Zamora;Mujeres;001-008 I.Enfermedades infecciosas y parasitarias;2019;21
49 Zamora;Mujeres;001-008 I.Enfermedades infecciosas y parasitarias;2018;28
49 Zamora;Mujeres;009-041 II.Tumores;2022;227
49 Zamora;Mujeres;009-041 II.Tumores;2021;238
49 Zamora;Mujeres;009-041 II.Tumores;2020;223
49 Zamora;Mujeres;009-041 II.Tumores;2019;208
49 Zamora;Mujeres;009-041 II.Tumores;2018;247
49 Zamora;Mujeres;042-043 III.Enfermedades de la sangre y de los órganos hematopoyéticos, y ciertos trastornos que afectan al mecanismo de la inmunidad;2022;11
49 Zamora;Mujeres;042-043 III.Enfermedades de la sangre y de los órganos hematopoyéticos, y ciertos trastornos que afectan al mecanismo de la inmunidad;2021;5
49 Zamora;Mujeres;042-043 III.Enfermedades de la sangre y de los órganos hematopoyéticos, y ciertos trastornos que afectan al mecanismo de la inmunidad;2020;11
49 Zamora;Mujeres;042-043 III.Enfermedades de la sangre y de los órganos hematopoyéticos, y ciertos trastornos que afectan al mecanismo de la inmunidad;2019;17
49 Zamora;Mujeres;042-043 III.Enfermedades de la sangre y de los órganos hematopoyéticos, y ciertos trastornos que afectan al mecanismo de la inmunidad;2018;8
49 Zamora;Mujeres;044-045 IV.Enfermedades endocrinas, nutricionales y metabólicas;2022;82
49 Zamora;Mujeres;044-045 IV.Enfermedades endocrinas, nutricionales y metabólicas;2021;77
49 Zamora;Mujeres;044-045 IV.Enfermedades endocrinas, nutricionales y metabólicas;2020;90
49 Zamora;Mujeres;044-045 IV.Enfermedades endocrinas, nutricionales y metabólicas;2019;69
49 Zamora;Mujeres;044-045 IV.Enfermedades endocrinas, nutricionales y metabólicas;2018;64
49 Zamora;Mujeres;046-049 V.Trastornos mentales y del comportamiento;2022;85
49 Zamora;Mujeres;046-049 V.Trastornos mentales y del comportamiento;2021;64
49 Zamora;Mujeres;046-049 V.Trastornos mentales y del comportamiento;2020;85
49 Zamora;Mujeres;046-049 V.Trastornos mentales y del comportamiento;2019;91
49 Zamora;Mujeres;046-049 V.Trastornos mentales y del comportamiento;2018;79
49 Zamora;Mujeres;050-052 VI-VIII.Enfermedades del sistema nervioso y de los órganos de los sentidos;2022;53
49 Zamora;Mujeres;050-052 VI-VIII.Enfermedades del sistema nervioso y de los órganos de los sentidos;2021;66
49 Zamora;Mujeres;050-052 VI-VIII.Enfermedades del sistema nervioso y de los órganos de los sentidos;2020;78
49 Zamora;Mujeres;050-052 VI-VIII.Enfermedades del sistema nervioso y de los órganos de los sentidos;2019;81
49 Zamora;Mujeres;050-052 VI-VIII.Enfermedades del sistema nervioso y de los órganos de los sentidos;2018;67
49 Zamora;Mujeres;053-061 IX.Enfermedades del sistema circulatorio;2022;340
49 Zamora;Mujeres;053-061 IX.Enfermedades del sistema circulatorio;2021;386
49 Zamora;Mujeres;053-061 IX.Enfermedades del sistema circulatorio;2020;388
49 Zamora;Mujeres;053-061 IX.Enfermedades del sistema circulatorio;2019;442
49 Zamora;Mujeres;053-061 IX.Enfermedades del sistema circulatorio;2018;420
49 Zamora;Mujeres;062-067 X.Enfermedades del sistema respiratorio;2022;109
49 Zamora;Mujeres;062-067 X.Enfermedades del sistema respiratorio;2021;73
49 Zamora;Mujeres;062-067 X.Enfermedades del sistema respiratorio;2020;120
49 Zamora;Mujeres;062-067 X.Enfermedades del sistema respiratorio;2019;133
49 Zamora;Mujeres;062-067 X.Enfermedades del sistema respiratorio;2018;126
49 Zamora;Mujeres;068-072 XI.Enfermedades del sistema digestivo;2022;82
49 Zamora;Mujeres;068-072 XI.Enfermedades del sistema digestivo;2021;70
49 Zamora;Mujeres;068-072 XI.Enfermedades del sistema digestivo;2020;59
49 Zamora;Mujeres;068-072 XI.Enfermedades del sistema digestivo;2019;86
49 Zamora;Mujeres;068-072 XI.Enfermedades del sistema digestivo;2018;84
49 Zamora;Mujeres;073 XII.Enfermedades de la piel y del tejido subcutáneo;2022;12
49 Zamora;Mujeres;073 XII.Enfermedades de la piel y del tejido subcutáneo;2021;9
49 Zamora;Mujeres;073 XII.Enfermedades de la piel y del tejido subcutáneo;2020;9
49 Zamora;Mujeres;073 XII.Enfermedades de la piel y del tejido subcutáneo;2019;3
49 Zamora;Mujeres;073 XII.Enfermedades de la piel y del tejido subcutáneo;2018;10
49 Zamora;Mujeres;074-076 XIII.Enfermedades del sistema osteomuscular y del tejido conjuntivo;2022;32
49 Zamora;Mujeres;074-076 XIII.Enfermedades del sistema osteomuscular y del tejido conjuntivo;2021;28
49 Zamora;Mujeres;074-076 XIII.Enfermedades del sistema osteomuscular y del tejido conjuntivo;2020;32
49 Zamora;Mujeres;074-076 XIII.Enfermedades del sistema osteomuscular y del tejido conjuntivo;2019;26
49 Zamora;Mujeres;074-076 XIII.Enfermedades del sistema osteomuscular y del tejido conjuntivo;2018;20
49 Zamora;Mujeres;077-080 XIV.Enfermedades del sistema genitourinario;2022;78
49 Zamora;Mujeres;077-080 XIV.Enfermedades del sistema genitourinario;2021;58
49 Zamora;Mujeres;077-080 XIV.Enfermedades del sistema genitourinario;2020;70
49 Zamora;Mujeres;077-080 XIV.Enfermedades del sistema genitourinario;2019;45
49 Zamora;Mujeres;077-080 XIV.Enfermedades del sistema genitourinario;2018;26
49 Zamora;Mujeres;081 XV.Embarazo, parto y puerperio;2022;0
49 Zamora;Mujeres;081 XV.Embarazo, parto y puerperio;2021;0
49 Zamora;Mujeres;081 XV.Embarazo, parto y puerperio;2020;0
49 Zamora;Mujeres;081 XV.Embarazo, parto y puerperio;2019;0
49 Zamora;Mujeres;081 XV.Embarazo, parto y puerperio;2018;1
49 Zamora;Mujeres;082 XVI.Afecciones originadas en el periodo perinatal;2022;0
49 Zamora;Mujeres;082 XVI.Afecciones originadas en el periodo perinatal;2021;0
49 Zamora;Mujeres;082 XVI.Afecciones originadas en el periodo perinatal;2020;0
49 Zamora;Mujeres;082 XVI.Afecciones originadas en el periodo perinatal;2019;1
49 Zamora;Mujeres;082 XVI.Afecciones originadas en el periodo perinatal;2018;0
49 Zamora;Mujeres;083-085 XVII.Malformaciones congénitas, deformidades y anomalías cromosómicas;2022;3
49 Zamora;Mujeres;083-085 XVII.Malformaciones congénitas, deformidades y anomalías cromosómicas;2021;5
49 Zamora;Mujeres;083-085 XVII.Malformaciones congénitas, deformidades y anomalías cromosómicas;2020;2
49 Zamora;Mujeres;083-085 XVII.Malformaciones congénitas, deformidades y anomalías cromosómicas;2019;1
49 Zamora;Mujeres;083-085 XVII.Malformaciones congénitas, deformidades y anomalías cromosómicas;2018;1
49 Zamora;Mujeres;086-089 XVIII.Síntomas, signos y hallazgos anormales clínicos y de laboratorio, no clasificados en otra parte;2022;7
49 Zamora;Mujeres;086-089 XVIII.Síntomas, signos y hallazgos anormales clínicos y de laboratorio, no clasificados en otra parte;2021;15
49 Zamora;Mujeres;086-089 XVIII.Síntomas, signos y hallazgos anormales clínicos y de laboratorio, no clasificados en otra parte;2020;11
49 Zamora;Mujeres;086-089 XVIII.Síntomas, signos y hallazgos anormales clínicos y de laboratorio, no clasificados en otra parte;2019;28
49 Zamora;Mujeres;086-089 XVIII.Síntomas, signos y hallazgos anormales clínicos y de laboratorio, no clasificados en otra parte;2018;17
49 Zamora;Mujeres;090-102 XX.Causas externas de mortalidad;2022;46
49 Zamora;Mujeres;090-102 XX.Causas externas de mortalidad;2021;34
49 Zamora;Mujeres;090-102 XX.Causas externas de mortalidad;2020;31
49 Zamora;Mujeres;090-102 XX.Causas externas de mortalidad;2019;26
49 Zamora;Mujeres;090-102 XX.Causas externas de mortalidad;2018;29
50 Zaragoza;Hombres;001-008 I.Enfermedades infecciosas y parasitarias;2022;585
50 Zaragoza;Hombres;001-008 I.Enfermedades infecciosas y parasitarias;2021;696
50 Zaragoza;Hombres;001-008 I.Enfermedades infecciosas y parasitarias;2020;1.125
50 Zaragoza;Hombres;001-008 I.Enfermedades infecciosas y parasitarias;2019;75
50 Zaragoza;Hombres;001-008 I.Enfermedades infecciosas y parasitarias;2018;103
50 Zaragoza;Hombres;009-041 II.Tumores;2022;1.596
50 Zaragoza;Hombres;009-041 II.Tumores;2021;1.592
50 Zaragoza;Hombres;009-041 II.Tumores;2020;1.604
50 Zaragoza;Hombres;009-041 II.Tumores;2019;1.578
50 Zaragoza;Hombres;009-041 II.Tumores;2018;1.655
50 Zaragoza;Hombres;042-043 III.Enfermedades de la sangre y de los órganos hematopoyéticos, y ciertos trastornos que afectan al mecanismo de la inmunidad;2022;11
50 Zaragoza;Hombres;042-043 III.Enfermedades de la sangre y de los órganos hematopoyéticos, y ciertos trastornos que afectan al mecanismo de la inmunidad;2021;24
50 Zaragoza;Hombres;042-043 III.Enfermedades de la sangre y de los órganos hematopoyéticos, y ciertos trastornos que afectan al mecanismo de la inmunidad;2020;10
50 Zaragoza;Hombres;042-043 III.Enfermedades de la sangre y de los órganos hematopoyéticos, y ciertos trastornos que afectan al mecanismo de la inmunidad;2019;13
50 Zaragoza;Hombres;042-043 III.Enfermedades de la sangre y de los órganos hematopoyéticos, y ciertos trastornos que afectan al mecanismo de la inmunidad;2018;14
50 Zaragoza;Hombres;044-045 IV.Enfermedades endocrinas, nutricionales y metabólicas;2022;145
50 Zaragoza;Hombres;044-045 IV.Enfermedades endocrinas, nutricionales y metabólicas;2021;159
50 Zaragoza;Hombres;044-045 IV.Enfermedades endocrinas, nutricionales y metabólicas;2020;136
50 Zaragoza;Hombres;044-045 IV.Enfermedades endocrinas, nutricionales y metabólicas;2019;145
50 Zaragoza;Hombres;044-045 IV.Enfermedades endocrinas, nutricionales y metabólicas;2018;116
50 Zaragoza;Hombres;046-049 V.Trastornos mentales y del comportamiento;2022;151
50 Zaragoza;Hombres;046-049 V.Trastornos mentales y del comportamiento;2021;185
50 Zaragoza;Hombres;046-049 V.Trastornos mentales y del comportamiento;2020;175
50 Zaragoza;Hombres;046-049 V.Trastornos mentales y del comportamiento;2019;197
50 Zaragoza;Hombres;046-049 V.Trastornos mentales y del comportamiento;2018;160
50 Zaragoza;Hombres;050-052 VI-VIII.Enfermedades del sistema nervioso y de los órganos de los sentidos;2022;292
50 Zaragoza;Hombres;050-052 VI-VIII.Enfermedades del sistema nervioso y de los órganos de los sentidos;2021;211
50 Zaragoza;Hombres;050-052 VI-VIII.Enfermedades del sistema nervioso y de los órganos de los sentidos;2020;239
50 Zaragoza;Hombres;050-052 VI-VIII.Enfermedades del sistema nervioso y de los órganos de los sentidos;2019;237
50 Zaragoza;Hombres;050-052 VI-VIII.Enfermedades del sistema nervioso y de los órganos de los sentidos;2018;246
50 Zaragoza;Hombres;053-061 IX.Enfermedades del sistema circulatorio;2022;1.368
50 Zaragoza;Hombres;053-061 IX.Enfermedades del sistema circulatorio;2021;1.257
50 Zaragoza;Hombres;053-061 IX.Enfermedades del sistema circulatorio;2020;1.328
50 Zaragoza;Hombres;053-061 IX.Enfermedades del sistema circulatorio;2019;1.334
50 Zaragoza;Hombres;053-061 IX.Enfermedades del sistema circulatorio;2018;1.319
50 Zaragoza;Hombres;062-067 X.Enfermedades del sistema respiratorio;2022;535
50 Zaragoza;Hombres;062-067 X.Enfermedades del sistema respiratorio;2021;469
50 Zaragoza;Hombres;062-067 X.Enfermedades del sistema respiratorio;2020;536
50 Zaragoza;Hombres;062-067 X.Enfermedades del sistema respiratorio;2019;581
50 Zaragoza;Hombres;062-067 X.Enfermedades del sistema respiratorio;2018;615
50 Zaragoza;Hombres;068-072 XI.Enfermedades del sistema digestivo;2022;276
50 Zaragoza;Hombres;068-072 XI.Enfermedades del sistema digestivo;2021;262
50 Zaragoza;Hombres;068-072 XI.Enfermedades del sistema digestivo;2020;262
50 Zaragoza;Hombres;068-072 XI.Enfermedades del sistema digestivo;2019;264
50 Zaragoza;Hombres;068-072 XI.Enfermedades del sistema digestivo;2018;279
50 Zaragoza;Hombres;073 XII.Enfermedades de la piel y del tejido subcutáneo;2022;7
50 Zaragoza;Hombres;073 XII.Enfermedades de la piel y del tejido subcutáneo;2021;2
50 Zaragoza;Hombres;073 XII.Enfermedades de la piel y del tejido subcutáneo;2020;11
50 Zaragoza;Hombres;073 XII.Enfermedades de la piel y del tejido subcutáneo;2019;9
50 Zaragoza;Hombres;073 XII.Enfermedades de la piel y del tejido subcutáneo;2018;6
50 Zaragoza;Hombres;074-076 XIII.Enfermedades del sistema osteomuscular y del tejido conjuntivo;2022;54
50 Zaragoza;Hombres;074-076 XIII.Enfermedades del sistema osteomuscular y del tejido conjuntivo;2021;80
50 Zaragoza;Hombres;074-076 XIII.Enfermedades del sistema osteomuscular y del tejido conjuntivo;2020;61
50 Zaragoza;Hombres;074-076 XIII.Enfermedades del sistema osteomuscular y del tejido conjuntivo;2019;75
50 Zaragoza;Hombres;074-076 XIII.Enfermedades del sistema osteomuscular y del tejido conjuntivo;2018;66
50 Zaragoza;Hombres;077-080 XIV.Enfermedades del sistema genitourinario;2022;169
50 Zaragoza;Hombres;077-080 XIV.Enfermedades del sistema genitourinario;2021;139
50 Zaragoza;Hombres;077-080 XIV.Enfermedades del sistema genitourinario;2020;148
50 Zaragoza;Hombres;077-080 XIV.Enfermedades del sistema genitourinario;2019;160
50 Zaragoza;Hombres;077-080 XIV.Enfermedades del sistema genitourinario;2018;174
50 Zaragoza;Hombres;081 XV.Embarazo, parto y puerperio;2022;0
50 Zaragoza;Hombres;081 XV.Embarazo, parto y puerperio;2021;0
50 Zaragoza;Hombres;081 XV.Embarazo, parto y puerperio;2020;0
50 Zaragoza;Hombres;081 XV.Embarazo, parto y puerperio;2019;0
50 Zaragoza;Hombres;081 XV.Embarazo, parto y puerperio;2018;0
50 Zaragoza;Hombres;082 XVI.Afecciones originadas en el periodo perinatal;2022;6
50 Zaragoza;Hombres;082 XVI.Afecciones originadas en el periodo perinatal;2021;6
50 Zaragoza;Hombres;082 XVI.Afecciones originadas en el periodo perinatal;2020;7
50 Zaragoza;Hombres;082 XVI.Afecciones originadas en el periodo perinatal;2019;3
50 Zaragoza;Hombres;082 XVI.Afecciones originadas en el periodo perinatal;2018;6
50 Zaragoza;Hombres;083-085 XVII.Malformaciones congénitas, deformidades y anomalías cromosómicas;2022;8
50 Zaragoza;Hombres;083-085 XVII.Malformaciones congénitas, deformidades y anomalías cromosómicas;2021;6
50 Zaragoza;Hombres;083-085 XVII.Malformaciones congénitas, deformidades y anomalías cromosómicas;2020;3
50 Zaragoza;Hombres;083-085 XVII.Malformaciones congénitas, deformidades y anomalías cromosómicas;2019;3
50 Zaragoza;Hombres;083-085 XVII.Malformaciones congénitas, deformidades y anomalías cromosómicas;2018;11
50 Zaragoza;Hombres;086-089 XVIII.Síntomas, signos y hallazgos anormales clínicos y de laboratorio, no clasificados en otra parte;2022;17
50 Zaragoza;Hombres;086-089 XVIII.Síntomas, signos y hallazgos anormales clínicos y de laboratorio, no clasificados en otra parte;2021;29
50 Zaragoza;Hombres;086-089 XVIII.Síntomas, signos y hallazgos anormales clínicos y de laboratorio, no clasificados en otra parte;2020;26
50 Zaragoza;Hombres;086-089 XVIII.Síntomas, signos y hallazgos anormales clínicos y de laboratorio, no clasificados en otra parte;2019;25
50 Zaragoza;Hombres;086-089 XVIII.Síntomas, signos y hallazgos anormales clínicos y de laboratorio, no clasificados en otra parte;2018;30
50 Zaragoza;Hombres;090-102 XX.Causas externas de mortalidad;2022;214
50 Zaragoza;Hombres;090-102 XX.Causas externas de mortalidad;2021;200
50 Zaragoza;Hombres;090-102 XX.Causas externas de mortalidad;2020;165
50 Zaragoza;Hombres;090-102 XX.Causas externas de mortalidad;2019;189
50 Zaragoza;Hombres;090-102 XX.Causas externas de mortalidad;2018;202
50 Zaragoza;Mujeres;001-008 I.Enfermedades infecciosas y parasitarias;2022;510
50 Zaragoza;Mujeres;001-008 I.Enfermedades infecciosas y parasitarias;2021;505
50 Zaragoza;Mujeres;001-008 I.Enfermedades infecciosas y parasitarias;2020;1.187
50 Zaragoza;Mujeres;001-008 I.Enfermedades infecciosas y parasitarias;2019;71
50 Zaragoza;Mujeres;001-008 I.Enfermedades infecciosas y parasitarias;2018;82
50 Zaragoza;Mujeres;009-041 II.Tumores;2022;1.098
50 Zaragoza;Mujeres;009-041 II.Tumores;2021;1.095
50 Zaragoza;Mujeres;009-041 II.Tumores;2020;1.081
50 Zaragoza;Mujeres;009-041 II.Tumores;2019;1.073
50 Zaragoza;Mujeres;009-041 II.Tumores;2018;1.015
50 Zaragoza;Mujeres;042-043 III.Enfermedades de la sangre y de los órganos hematopoyéticos, y ciertos trastornos que afectan al mecanismo de la inmunidad;2022;25
50 Zaragoza;Mujeres;042-043 III.Enfermedades de la sangre y de los órganos hematopoyéticos, y ciertos trastornos que afectan al mecanismo de la inmunidad;2021;28
50 Zaragoza;Mujeres;042-043 III.Enfermedades de la sangre y de los órganos hematopoyéticos, y ciertos trastornos que afectan al mecanismo de la inmunidad;2020;23
50 Zaragoza;Mujeres;042-043 III.Enfermedades de la sangre y de los órganos hematopoyéticos, y ciertos trastornos que afectan al mecanismo de la inmunidad;2019;10
50 Zaragoza;Mujeres;042-043 III.Enfermedades de la sangre y de los órganos hematopoyéticos, y ciertos trastornos que afectan al mecanismo de la inmunidad;2018;17
50 Zaragoza;Mujeres;044-045 IV.Enfermedades endocrinas, nutricionales y metabólicas;2022;192
50 Zaragoza;Mujeres;044-045 IV.Enfermedades endocrinas, nutricionales y metabólicas;2021;204
50 Zaragoza;Mujeres;044-045 IV.Enfermedades endocrinas, nutricionales y metabólicas;2020;211
50 Zaragoza;Mujeres;044-045 IV.Enfermedades endocrinas, nutricionales y metabólicas;2019;183
50 Zaragoza;Mujeres;044-045 IV.Enfermedades endocrinas, nutricionales y metabólicas;2018;197
50 Zaragoza;Mujeres;046-049 V.Trastornos mentales y del comportamiento;2022;375
50 Zaragoza;Mujeres;046-049 V.Trastornos mentales y del comportamiento;2021;320
50 Zaragoza;Mujeres;046-049 V.Trastornos mentales y del comportamiento;2020;403
50 Zaragoza;Mujeres;046-049 V.Trastornos mentales y del comportamiento;2019;394
50 Zaragoza;Mujeres;046-049 V.Trastornos mentales y del comportamiento;2018;316
50 Zaragoza;Mujeres;050-052 VI-VIII.Enfermedades del sistema nervioso y de los órganos de los sentidos;2022;463
50 Zaragoza;Mujeres;050-052 VI-VIII.Enfermedades del sistema nervioso y de los órganos de los sentidos;2021;365
50 Zaragoza;Mujeres;050-052 VI-VIII.Enfermedades del sistema nervioso y de los órganos de los sentidos;2020;427
50 Zaragoza;Mujeres;050-052 VI-VIII.Enfermedades del sistema nervioso y de los órganos de los sentidos;2019;355
50 Zaragoza;Mujeres;050-052 VI-VIII.Enfermedades del sistema nervioso y de los órganos de los sentidos;2018;392
50 Zaragoza;Mujeres;053-061 IX.Enfermedades del sistema circulatorio;2022;1.692
50 Zaragoza;Mujeres;053-061 IX.Enfermedades del sistema circulatorio;2021;1.529
50 Zaragoza;Mujeres;053-061 IX.Enfermedades del sistema circulatorio;2020;1.605
50 Zaragoza;Mujeres;053-061 IX.Enfermedades del sistema circulatorio;2019;1.525
50 Zaragoza;Mujeres;053-061 IX.Enfermedades del sistema circulatorio;2018;1.666
50 Zaragoza;Mujeres;062-067 X.Enfermedades del sistema respiratorio;2022;350
50 Zaragoza;Mujeres;062-067 X.Enfermedades del sistema respiratorio;2021;302
50 Zaragoza;Mujeres;062-067 X.Enfermedades del sistema respiratorio;2020;453
50 Zaragoza;Mujeres;062-067 X.Enfermedades del sistema respiratorio;2019;437
50 Zaragoza;Mujeres;062-067 X.Enfermedades del sistema respiratorio;2018;523
50 Zaragoza;Mujeres;068-072 XI.Enfermedades del sistema digestivo;2022;274
50 Zaragoza;Mujeres;068-072 XI.Enfermedades del sistema digestivo;2021;287
50 Zaragoza;Mujeres;068-072 XI.Enfermedades del sistema digestivo;2020;294
50 Zaragoza;Mujeres;068-072 XI.Enfermedades del sistema digestivo;2019;295
50 Zaragoza;Mujeres;068-072 XI.Enfermedades del sistema digestivo;2018;240
50 Zaragoza;Mujeres;073 XII.Enfermedades de la piel y del tejido subcutáneo;2022;15
50 Zaragoza;Mujeres;073 XII.Enfermedades de la piel y del tejido subcutáneo;2021;20
50 Zaragoza;Mujeres;073 XII.Enfermedades de la piel y del tejido subcutáneo;2020;28
50 Zaragoza;Mujeres;073 XII.Enfermedades de la piel y del tejido subcutáneo;2019;15
50 Zaragoza;Mujeres;073 XII.Enfermedades de la piel y del tejido subcutáneo;2018;10
50 Zaragoza;Mujeres;074-076 XIII.Enfermedades del sistema osteomuscular y del tejido conjuntivo;2022;133
50 Zaragoza;Mujeres;074-076 XIII.Enfermedades del sistema osteomuscular y del tejido conjuntivo;2021;145
50 Zaragoza;Mujeres;074-076 XIII.Enfermedades del sistema osteomuscular y del tejido conjuntivo;2020;141
50 Zaragoza;Mujeres;074-076 XIII.Enfermedades del sistema osteomuscular y del tejido conjuntivo;2019;134
50 Zaragoza;Mujeres;074-076 XIII.Enfermedades del sistema osteomuscular y del tejido conjuntivo;2018;144
50 Zaragoza;Mujeres;077-080 XIV.Enfermedades del sistema genitourinario;2022;229
50 Zaragoza;Mujeres;077-080 XIV.Enfermedades del sistema genitourinario;2021;226
50 Zaragoza;Mujeres;077-080 XIV.Enfermedades del sistema genitourinario;2020;193
50 Zaragoza;Mujeres;077-080 XIV.Enfermedades del sistema genitourinario;2019;197
50 Zaragoza;Mujeres;077-080 XIV.Enfermedades del sistema genitourinario;2018;167
50 Zaragoza;Mujeres;081 XV.Embarazo, parto y puerperio;2022;1
50 Zaragoza;Mujeres;081 XV.Embarazo, parto y puerperio;2021;0
50 Zaragoza;Mujeres;081 XV.Embarazo, parto y puerperio;2020;0
50 Zaragoza;Mujeres;081 XV.Embarazo, parto y puerperio;2019;0
50 Zaragoza;Mujeres;081 XV.Embarazo, parto y puerperio;2018;1
50 Zaragoza;Mujeres;082 XVI.Afecciones originadas en el periodo perinatal;2022;4
50 Zaragoza;Mujeres;082 XVI.Afecciones originadas en el periodo perinatal;2021;7
50 Zaragoza;Mujeres;082 XVI.Afecciones originadas en el periodo perinatal;2020;6
50 Zaragoza;Mujeres;082 XVI.Afecciones originadas en el periodo perinatal;2019;4
50 Zaragoza;Mujeres;082 XVI.Afecciones originadas en el periodo perinatal;2018;5
50 Zaragoza;Mujeres;083-085 XVII.Malformaciones congénitas, deformidades y anomalías cromosómicas;2022;6
50 Zaragoza;Mujeres;083-085 XVII.Malformaciones congénitas, deformidades y anomalías cromosómicas;2021;2
50 Zaragoza;Mujeres;083-085 XVII.Malformaciones congénitas, deformidades y anomalías cromosómicas;2020;5
50 Zaragoza;Mujeres;083-085 XVII.Malformaciones congénitas, deformidades y anomalías cromosómicas;2019;4
50 Zaragoza;Mujeres;083-085 XVII.Malformaciones congénitas, deformidades y anomalías cromosómicas;2018;9
50 Zaragoza;Mujeres;086-089 XVIII.Síntomas, signos y hallazgos anormales clínicos y de laboratorio, no clasificados en otra parte;2022;18
50 Zaragoza;Mujeres;086-089 XVIII.Síntomas, signos y hallazgos anormales clínicos y de laboratorio, no clasificados en otra parte;2021;16
50 Zaragoza;Mujeres;086-089 XVIII.Síntomas, signos y hallazgos anormales clínicos y de laboratorio, no clasificados en otra parte;2020;22
50 Zaragoza;Mujeres;086-089 XVIII.Síntomas, signos y hallazgos anormales clínicos y de laboratorio, no clasificados en otra parte;2019;22
50 Zaragoza;Mujeres;086-089 XVIII.Síntomas, signos y hallazgos anormales clínicos y de laboratorio, no clasificados en otra parte;2018;58
50 Zaragoza;Mujeres;090-102 XX.Causas externas de mortalidad;2022;125
50 Zaragoza;Mujeres;090-102 XX.Causas externas de mortalidad;2021;97
50 Zaragoza;Mujeres;090-102 XX.Causas externas de mortalidad;2020;91
50 Zaragoza;Mujeres;090-102 XX.Causas externas de mortalidad;2019;125
50 Zaragoza;Mujeres;090-102 XX.Causas externas de mortalidad;2018;127
51 Ceuta;Hombres;001-008 I.Enfermedades infecciosas y parasitarias;2022;25
51 Ceuta;Hombres;001-008 I.Enfermedades infecciosas y parasitarias;2021;42
51 Ceuta;Hombres;001-008 I.Enfermedades infecciosas y parasitarias;2020;40
51 Ceuta;Hombres;001-008 I.Enfermedades infecciosas y parasitarias;2019;3
51 Ceuta;Hombres;001-008 I.Enfermedades infecciosas y parasitarias;2018;5
51 Ceuta;Hombres;009-041 II.Tumores;2022;65
51 Ceuta;Hombres;009-041 II.Tumores;2021;73
51 Ceuta;Hombres;009-041 II.Tumores;2020;73
51 Ceuta;Hombres;009-041 II.Tumores;2019;62
51 Ceuta;Hombres;009-041 II.Tumores;2018;68
51 Ceuta;Hombres;042-043 III.Enfermedades de la sangre y de los órganos hematopoyéticos, y ciertos trastornos que afectan al mecanismo de la inmunidad;2022;0
51 Ceuta;Hombres;042-043 III.Enfermedades de la sangre y de los órganos hematopoyéticos, y ciertos trastornos que afectan al mecanismo de la inmunidad;2021;2
51 Ceuta;Hombres;042-043 III.Enfermedades de la sangre y de los órganos hematopoyéticos, y ciertos trastornos que afectan al mecanismo de la inmunidad;2020;0
51 Ceuta;Hombres;042-043 III.Enfermedades de la sangre y de los órganos hematopoyéticos, y ciertos trastornos que afectan al mecanismo de la inmunidad;2019;1
51 Ceuta;Hombres;042-043 III.Enfermedades de la sangre y de los órganos hematopoyéticos, y ciertos trastornos que afectan al mecanismo de la inmunidad;2018;2
51 Ceuta;Hombres;044-045 IV.Enfermedades endocrinas, nutricionales y metabólicas;2022;11
51 Ceuta;Hombres;044-045 IV.Enfermedades endocrinas, nutricionales y metabólicas;2021;16
51 Ceuta;Hombres;044-045 IV.Enfermedades endocrinas, nutricionales y metabólicas;2020;13
51 Ceuta;Hombres;044-045 IV.Enfermedades endocrinas, nutricionales y metabólicas;2019;10
51 Ceuta;Hombres;044-045 IV.Enfermedades endocrinas, nutricionales y metabólicas;2018;14
51 Ceuta;Hombres;046-049 V.Trastornos mentales y del comportamiento;2022;4
51 Ceuta;Hombres;046-049 V.Trastornos mentales y del comportamiento;2021;8
51 Ceuta;Hombres;046-049 V.Trastornos mentales y del comportamiento;2020;5
51 Ceuta;Hombres;046-049 V.Trastornos mentales y del comportamiento;2019;7
51 Ceuta;Hombres;046-049 V.Trastornos mentales y del comportamiento;2018;6
51 Ceuta;Hombres;050-052 VI-VIII.Enfermedades del sistema nervioso y de los órganos de los sentidos;2022;14
51 Ceuta;Hombres;050-052 VI-VIII.Enfermedades del sistema nervioso y de los órganos de los sentidos;2021;8
51 Ceuta;Hombres;050-052 VI-VIII.Enfermedades del sistema nervioso y de los órganos de los sentidos;2020;11
51 Ceuta;Hombres;050-052 VI-VIII.Enfermedades del sistema nervioso y de los órganos de los sentidos;2019;14
51 Ceuta;Hombres;050-052 VI-VIII.Enfermedades del sistema nervioso y de los órganos de los sentidos;2018;13
51 Ceuta;Hombres;053-061 IX.Enfermedades del sistema circulatorio;2022;76
51 Ceuta;Hombres;053-061 IX.Enfermedades del sistema circulatorio;2021;82
51 Ceuta;Hombres;053-061 IX.Enfermedades del sistema circulatorio;2020;81
51 Ceuta;Hombres;053-061 IX.Enfermedades del sistema circulatorio;2019;66
51 Ceuta;Hombres;053-061 IX.Enfermedades del sistema circulatorio;2018;69
51 Ceuta;Hombres;062-067 X.Enfermedades del sistema respiratorio;2022;37
51 Ceuta;Hombres;062-067 X.Enfermedades del sistema respiratorio;2021;35
51 Ceuta;Hombres;062-067 X.Enfermedades del sistema respiratorio;2020;33
51 Ceuta;Hombres;062-067 X.Enfermedades del sistema respiratorio;2019;36
51 Ceuta;Hombres;062-067 X.Enfermedades del sistema respiratorio;2018;25
51 Ceuta;Hombres;068-072 XI.Enfermedades del sistema digestivo;2022;14
51 Ceuta;Hombres;068-072 XI.Enfermedades del sistema digestivo;2021;21
51 Ceuta;Hombres;068-072 XI.Enfermedades del sistema digestivo;2020;16
51 Ceuta;Hombres;068-072 XI.Enfermedades del sistema digestivo;2019;13
51 Ceuta;Hombres;068-072 XI.Enfermedades del sistema digestivo;2018;15
51 Ceuta;Hombres;073 XII.Enfermedades de la piel y del tejido subcutáneo;2022;1
51 Ceuta;Hombres;073 XII.Enfermedades de la piel y del tejido subcutáneo;2021;1
51 Ceuta;Hombres;073 XII.Enfermedades de la piel y del tejido subcutáneo;2020;1
51 Ceuta;Hombres;073 XII.Enfermedades de la piel y del tejido subcutáneo;2019;1
51 Ceuta;Hombres;073 XII.Enfermedades de la piel y del tejido subcutáneo;2018;0
51 Ceuta;Hombres;074-076 XIII.Enfermedades del sistema osteomuscular y del tejido conjuntivo;2022;1
51 Ceuta;Hombres;074-076 XIII.Enfermedades del sistema osteomuscular y del tejido conjuntivo;2021;3
51 Ceuta;Hombres;074-076 XIII.Enfermedades del sistema osteomuscular y del tejido conjuntivo;2020;2
51 Ceuta;Hombres;074-076 XIII.Enfermedades del sistema osteomuscular y del tejido conjuntivo;2019;3
51 Ceuta;Hombres;074-076 XIII.Enfermedades del sistema osteomuscular y del tejido conjuntivo;2018;4
51 Ceuta;Hombres;077-080 XIV.Enfermedades del sistema genitourinario;2022;11
51 Ceuta;Hombres;077-080 XIV.Enfermedades del sistema genitourinario;2021;14
51 Ceuta;Hombres;077-080 XIV.Enfermedades del sistema genitourinario;2020;6
51 Ceuta;Hombres;077-080 XIV.Enfermedades del sistema genitourinario;2019;10
51 Ceuta;Hombres;077-080 XIV.Enfermedades del sistema genitourinario;2018;13
51 Ceuta;Hombres;081 XV.Embarazo, parto y puerperio;2022;0
51 Ceuta;Hombres;081 XV.Embarazo, parto y puerperio;2021;0
51 Ceuta;Hombres;081 XV.Embarazo, parto y puerperio;2020;0
51 Ceuta;Hombres;081 XV.Embarazo, parto y puerperio;2019;0
51 Ceuta;Hombres;081 XV.Embarazo, parto y puerperio;2018;0
51 Ceuta;Hombres;082 XVI.Afecciones originadas en el periodo perinatal;2022;0
51 Ceuta;Hombres;082 XVI.Afecciones originadas en el periodo perinatal;2021;0
51 Ceuta;Hombres;082 XVI.Afecciones originadas en el periodo perinatal;2020;1
51 Ceuta;Hombres;082 XVI.Afecciones originadas en el periodo perinatal;2019;0
51 Ceuta;Hombres;082 XVI.Afecciones originadas en el periodo perinatal;2018;1
51 Ceuta;Hombres;083-085 XVII.Malformaciones congénitas, deformidades y anomalías cromosómicas;2022;0
51 Ceuta;Hombres;083-085 XVII.Malformaciones congénitas, deformidades y anomalías cromosómicas;2021;0
51 Ceuta;Hombres;083-085 XVII.Malformaciones congénitas, deformidades y anomalías cromosómicas;2020;0
51 Ceuta;Hombres;083-085 XVII.Malformaciones congénitas, deformidades y anomalías cromosómicas;2019;0
51 Ceuta;Hombres;083-085 XVII.Malformaciones congénitas, deformidades y anomalías cromosómicas;2018;1
51 Ceuta;Hombres;086-089 XVIII.Síntomas, signos y hallazgos anormales clínicos y de laboratorio, no clasificados en otra parte;2022;11
51 Ceuta;Hombres;086-089 XVIII.Síntomas, signos y hallazgos anormales clínicos y de laboratorio, no clasificados en otra parte;2021;3
51 Ceuta;Hombres;086-089 XVIII.Síntomas, signos y hallazgos anormales clínicos y de laboratorio, no clasificados en otra parte;2020;6
51 Ceuta;Hombres;086-089 XVIII.Síntomas, signos y hallazgos anormales clínicos y de laboratorio, no clasificados en otra parte;2019;10
51 Ceuta;Hombres;086-089 XVIII.Síntomas, signos y hallazgos anormales clínicos y de laboratorio, no clasificados en otra parte;2018;8
51 Ceuta;Hombres;090-102 XX.Causas externas de mortalidad;2022;18
51 Ceuta;Hombres;090-102 XX.Causas externas de mortalidad;2021;32
51 Ceuta;Hombres;090-102 XX.Causas externas de mortalidad;2020;18
51 Ceuta;Hombres;090-102 XX.Causas externas de mortalidad;2019;19
51 Ceuta;Hombres;090-102 XX.Causas externas de mortalidad;2018;22
51 Ceuta;Mujeres;001-008 I.Enfermedades infecciosas y parasitarias;2022;31
51 Ceuta;Mujeres;001-008 I.Enfermedades infecciosas y parasitarias;2021;39
51 Ceuta;Mujeres;001-008 I.Enfermedades infecciosas y parasitarias;2020;46
51 Ceuta;Mujeres;001-008 I.Enfermedades infecciosas y parasitarias;2019;3
51 Ceuta;Mujeres;001-008 I.Enfermedades infecciosas y parasitarias;2018;2
51 Ceuta;Mujeres;009-041 II.Tumores;2022;53
51 Ceuta;Mujeres;009-041 II.Tumores;2021;48
51 Ceuta;Mujeres;009-041 II.Tumores;2020;50
51 Ceuta;Mujeres;009-041 II.Tumores;2019;47
51 Ceuta;Mujeres;009-041 II.Tumores;2018;58
51 Ceuta;Mujeres;042-043 III.Enfermedades de la sangre y de los órganos hematopoyéticos, y ciertos trastornos que afectan al mecanismo de la inmunidad;2022;1
51 Ceuta;Mujeres;042-043 III.Enfermedades de la sangre y de los órganos hematopoyéticos, y ciertos trastornos que afectan al mecanismo de la inmunidad;2021;0
51 Ceuta;Mujeres;042-043 III.Enfermedades de la sangre y de los órganos hematopoyéticos, y ciertos trastornos que afectan al mecanismo de la inmunidad;2020;3
51 Ceuta;Mujeres;042-043 III.Enfermedades de la sangre y de los órganos hematopoyéticos, y ciertos trastornos que afectan al mecanismo de la inmunidad;2019;1
51 Ceuta;Mujeres;042-043 III.Enfermedades de la sangre y de los órganos hematopoyéticos, y ciertos trastornos que afectan al mecanismo de la inmunidad;2018;2
51 Ceuta;Mujeres;044-045 IV.Enfermedades endocrinas, nutricionales y metabólicas;2022;18
51 Ceuta;Mujeres;044-045 IV.Enfermedades endocrinas, nutricionales y metabólicas;2021;17
51 Ceuta;Mujeres;044-045 IV.Enfermedades endocrinas, nutricionales y metabólicas;2020;14
51 Ceuta;Mujeres;044-045 IV.Enfermedades endocrinas, nutricionales y metabólicas;2019;9
51 Ceuta;Mujeres;044-045 IV.Enfermedades endocrinas, nutricionales y metabólicas;2018;10
51 Ceuta;Mujeres;046-049 V.Trastornos mentales y del comportamiento;2022;12
51 Ceuta;Mujeres;046-049 V.Trastornos mentales y del comportamiento;2021;14
51 Ceuta;Mujeres;046-049 V.Trastornos mentales y del comportamiento;2020;8
51 Ceuta;Mujeres;046-049 V.Trastornos mentales y del comportamiento;2019;14
51 Ceuta;Mujeres;046-049 V.Trastornos mentales y del comportamiento;2018;17
51 Ceuta;Mujeres;050-052 VI-VIII.Enfermedades del sistema nervioso y de los órganos de los sentidos;2022;11
51 Ceuta;Mujeres;050-052 VI-VIII.Enfermedades del sistema nervioso y de los órganos de los sentidos;2021;17
51 Ceuta;Mujeres;050-052 VI-VIII.Enfermedades del sistema nervioso y de los órganos de los sentidos;2020;21
51 Ceuta;Mujeres;050-052 VI-VIII.Enfermedades del sistema nervioso y de los órganos de los sentidos;2019;19
51 Ceuta;Mujeres;050-052 VI-VIII.Enfermedades del sistema nervioso y de los órganos de los sentidos;2018;23
51 Ceuta;Mujeres;053-061 IX.Enfermedades del sistema circulatorio;2022;92
51 Ceuta;Mujeres;053-061 IX.Enfermedades del sistema circulatorio;2021;92
51 Ceuta;Mujeres;053-061 IX.Enfermedades del sistema circulatorio;2020;105
51 Ceuta;Mujeres;053-061 IX.Enfermedades del sistema circulatorio;2019;83
51 Ceuta;Mujeres;053-061 IX.Enfermedades del sistema circulatorio;2018;72
51 Ceuta;Mujeres;062-067 X.Enfermedades del sistema respiratorio;2022;27
51 Ceuta;Mujeres;062-067 X.Enfermedades del sistema respiratorio;2021;25
51 Ceuta;Mujeres;062-067 X.Enfermedades del sistema respiratorio;2020;27
51 Ceuta;Mujeres;062-067 X.Enfermedades del sistema respiratorio;2019;24
51 Ceuta;Mujeres;062-067 X.Enfermedades del sistema respiratorio;2018;33
51 Ceuta;Mujeres;068-072 XI.Enfermedades del sistema digestivo;2022;17
51 Ceuta;Mujeres;068-072 XI.Enfermedades del sistema digestivo;2021;10
51 Ceuta;Mujeres;068-072 XI.Enfermedades del sistema digestivo;2020;18
51 Ceuta;Mujeres;068-072 XI.Enfermedades del sistema digestivo;2019;16
51 Ceuta;Mujeres;068-072 XI.Enfermedades del sistema digestivo;2018;7
51 Ceuta;Mujeres;073 XII.Enfermedades de la piel y del tejido subcutáneo;2022;1
51 Ceuta;Mujeres;073 XII.Enfermedades de la piel y del tejido subcutáneo;2021;5
51 Ceuta;Mujeres;073 XII.Enfermedades de la piel y del tejido subcutáneo;2020;1
51 Ceuta;Mujeres;073 XII.Enfermedades de la piel y del tejido subcutáneo;2019;1
51 Ceuta;Mujeres;073 XII.Enfermedades de la piel y del tejido subcutáneo;2018;2
51 Ceuta;Mujeres;074-076 XIII.Enfermedades del sistema osteomuscular y del tejido conjuntivo;2022;6
51 Ceuta;Mujeres;074-076 XIII.Enfermedades del sistema osteomuscular y del tejido conjuntivo;2021;4
51 Ceuta;Mujeres;074-076 XIII.Enfermedades del sistema osteomuscular y del tejido conjuntivo;2020;3
51 Ceuta;Mujeres;074-076 XIII.Enfermedades del sistema osteomuscular y del tejido conjuntivo;2019;3
51 Ceuta;Mujeres;074-076 XIII.Enfermedades del sistema osteomuscular y del tejido conjuntivo;2018;2
51 Ceuta;Mujeres;077-080 XIV.Enfermedades del sistema genitourinario;2022;14
51 Ceuta;Mujeres;077-080 XIV.Enfermedades del sistema genitourinario;2021;15
51 Ceuta;Mujeres;077-080 XIV.Enfermedades del sistema genitourinario;2020;12
51 Ceuta;Mujeres;077-080 XIV.Enfermedades del sistema genitourinario;2019;11
51 Ceuta;Mujeres;077-080 XIV.Enfermedades del sistema genitourinario;2018;8
51 Ceuta;Mujeres;081 XV.Embarazo, parto y puerperio;2022;0
51 Ceuta;Mujeres;081 XV.Embarazo, parto y puerperio;2021;0
51 Ceuta;Mujeres;081 XV.Embarazo, parto y puerperio;2020;0
51 Ceuta;Mujeres;081 XV.Embarazo, parto y puerperio;2019;0
51 Ceuta;Mujeres;081 XV.Embarazo, parto y puerperio;2018;0
51 Ceuta;Mujeres;082 XVI.Afecciones originadas en el periodo perinatal;2022;0
51 Ceuta;Mujeres;082 XVI.Afecciones originadas en el periodo perinatal;2021;0
51 Ceuta;Mujeres;082 XVI.Afecciones originadas en el periodo perinatal;2020;0
51 Ceuta;Mujeres;082 XVI.Afecciones originadas en el periodo perinatal;2019;1
51 Ceuta;Mujeres;082 XVI.Afecciones originadas en el periodo perinatal;2018;0
51 Ceuta;Mujeres;083-085 XVII.Malformaciones congénitas, deformidades y anomalías cromosómicas;2022;1
51 Ceuta;Mujeres;083-085 XVII.Malformaciones congénitas, deformidades y anomalías cromosómicas;2021;0
51 Ceuta;Mujeres;083-085 XVII.Malformaciones congénitas, deformidades y anomalías cromosómicas;2020;0
51 Ceuta;Mujeres;083-085 XVII.Malformaciones congénitas, deformidades y anomalías cromosómicas;2019;0
51 Ceuta;Mujeres;083-085 XVII.Malformaciones congénitas, deformidades y anomalías cromosómicas;2018;0
51 Ceuta;Mujeres;086-089 XVIII.Síntomas, signos y hallazgos anormales clínicos y de laboratorio, no clasificados en otra parte;2022;12
51 Ceuta;Mujeres;086-089 XVIII.Síntomas, signos y hallazgos anormales clínicos y de laboratorio, no clasificados en otra parte;2021;16
51 Ceuta;Mujeres;086-089 XVIII.Síntomas, signos y hallazgos anormales clínicos y de laboratorio, no clasificados en otra parte;2020;14
51 Ceuta;Mujeres;086-089 XVIII.Síntomas, signos y hallazgos anormales clínicos y de laboratorio, no clasificados en otra parte;2019;18
51 Ceuta;Mujeres;086-089 XVIII.Síntomas, signos y hallazgos anormales clínicos y de laboratorio, no clasificados en otra parte;2018;16
51 Ceuta;Mujeres;090-102 XX.Causas externas de mortalidad;2022;11
51 Ceuta;Mujeres;090-102 XX.Causas externas de mortalidad;2021;7
51 Ceuta;Mujeres;090-102 XX.Causas externas de mortalidad;2020;5
51 Ceuta;Mujeres;090-102 XX.Causas externas de mortalidad;2019;4
51 Ceuta;Mujeres;090-102 XX.Causas externas de mortalidad;2018;8
52 Melilla;Hombres;001-008 I.Enfermedades infecciosas y parasitarias;2022;34
52 Melilla;Hombres;001-008 I.Enfermedades infecciosas y parasitarias;2021;37
52 Melilla;Hombres;001-008 I.Enfermedades infecciosas y parasitarias;2020;31
52 Melilla;Hombres;001-008 I.Enfermedades infecciosas y parasitarias;2019;7
52 Melilla;Hombres;001-008 I.Enfermedades infecciosas y parasitarias;2018;6
52 Melilla;Hombres;009-041 II.Tumores;2022;48
52 Melilla;Hombres;009-041 II.Tumores;2021;57
52 Melilla;Hombres;009-041 II.Tumores;2020;59
52 Melilla;Hombres;009-041 II.Tumores;2019;73
52 Melilla;Hombres;009-041 II.Tumores;2018;59
52 Melilla;Hombres;042-043 III.Enfermedades de la sangre y de los órganos hematopoyéticos, y ciertos trastornos que afectan al mecanismo de la inmunidad;2022;0
52 Melilla;Hombres;042-043 III.Enfermedades de la sangre y de los órganos hematopoyéticos, y ciertos trastornos que afectan al mecanismo de la inmunidad;2021;5
52 Melilla;Hombres;042-043 III.Enfermedades de la sangre y de los órganos hematopoyéticos, y ciertos trastornos que afectan al mecanismo de la inmunidad;2020;3
52 Melilla;Hombres;042-043 III.Enfermedades de la sangre y de los órganos hematopoyéticos, y ciertos trastornos que afectan al mecanismo de la inmunidad;2019;0
52 Melilla;Hombres;042-043 III.Enfermedades de la sangre y de los órganos hematopoyéticos, y ciertos trastornos que afectan al mecanismo de la inmunidad;2018;0
52 Melilla;Hombres;044-045 IV.Enfermedades endocrinas, nutricionales y metabólicas;2022;7
52 Melilla;Hombres;044-045 IV.Enfermedades endocrinas, nutricionales y metabólicas;2021;10
52 Melilla;Hombres;044-045 IV.Enfermedades endocrinas, nutricionales y metabólicas;2020;10
52 Melilla;Hombres;044-045 IV.Enfermedades endocrinas, nutricionales y metabólicas;2019;12
52 Melilla;Hombres;044-045 IV.Enfermedades endocrinas, nutricionales y metabólicas;2018;14
52 Melilla;Hombres;046-049 V.Trastornos mentales y del comportamiento;2022;0
52 Melilla;Hombres;046-049 V.Trastornos mentales y del comportamiento;2021;2
52 Melilla;Hombres;046-049 V.Trastornos mentales y del comportamiento;2020;4
52 Melilla;Hombres;046-049 V.Trastornos mentales y del comportamiento;2019;4
52 Melilla;Hombres;046-049 V.Trastornos mentales y del comportamiento;2018;4
52 Melilla;Hombres;050-052 VI-VIII.Enfermedades del sistema nervioso y de los órganos de los sentidos;2022;7
52 Melilla;Hombres;050-052 VI-VIII.Enfermedades del sistema nervioso y de los órganos de los sentidos;2021;9
52 Melilla;Hombres;050-052 VI-VIII.Enfermedades del sistema nervioso y de los órganos de los sentidos;2020;13
52 Melilla;Hombres;050-052 VI-VIII.Enfermedades del sistema nervioso y de los órganos de los sentidos;2019;13
52 Melilla;Hombres;050-052 VI-VIII.Enfermedades del sistema nervioso y de los órganos de los sentidos;2018;14
52 Melilla;Hombres;053-061 IX.Enfermedades del sistema circulatorio;2022;53
52 Melilla;Hombres;053-061 IX.Enfermedades del sistema circulatorio;2021;46
52 Melilla;Hombres;053-061 IX.Enfermedades del sistema circulatorio;2020;66
52 Melilla;Hombres;053-061 IX.Enfermedades del sistema circulatorio;2019;72
52 Melilla;Hombres;053-061 IX.Enfermedades del sistema circulatorio;2018;67
52 Melilla;Hombres;062-067 X.Enfermedades del sistema respiratorio;2022;31
52 Melilla;Hombres;062-067 X.Enfermedades del sistema respiratorio;2021;28
52 Melilla;Hombres;062-067 X.Enfermedades del sistema respiratorio;2020;35
52 Melilla;Hombres;062-067 X.Enfermedades del sistema respiratorio;2019;38
52 Melilla;Hombres;062-067 X.Enfermedades del sistema respiratorio;2018;33
52 Melilla;Hombres;068-072 XI.Enfermedades del sistema digestivo;2022;14
52 Melilla;Hombres;068-072 XI.Enfermedades del sistema digestivo;2021;13
52 Melilla;Hombres;068-072 XI.Enfermedades del sistema digestivo;2020;16
52 Melilla;Hombres;068-072 XI.Enfermedades del sistema digestivo;2019;10
52 Melilla;Hombres;068-072 XI.Enfermedades del sistema digestivo;2018;19
52 Melilla;Hombres;073 XII.Enfermedades de la piel y del tejido subcutáneo;2022;1
52 Melilla;Hombres;073 XII.Enfermedades de la piel y del tejido subcutáneo;2021;0
52 Melilla;Hombres;073 XII.Enfermedades de la piel y del tejido subcutáneo;2020;0
52 Melilla;Hombres;073 XII.Enfermedades de la piel y del tejido subcutáneo;2019;0
52 Melilla;Hombres;073 XII.Enfermedades de la piel y del tejido subcutáneo;2018;4
52 Melilla;Hombres;074-076 XIII.Enfermedades del sistema osteomuscular y del tejido conjuntivo;2022;2
52 Melilla;Hombres;074-076 XIII.Enfermedades del sistema osteomuscular y del tejido conjuntivo;2021;0
52 Melilla;Hombres;074-076 XIII.Enfermedades del sistema osteomuscular y del tejido conjuntivo;2020;2
52 Melilla;Hombres;074-076 XIII.Enfermedades del sistema osteomuscular y del tejido conjuntivo;2019;3
52 Melilla;Hombres;074-076 XIII.Enfermedades del sistema osteomuscular y del tejido conjuntivo;2018;2
52 Melilla;Hombres;077-080 XIV.Enfermedades del sistema genitourinario;2022;11
52 Melilla;Hombres;077-080 XIV.Enfermedades del sistema genitourinario;2021;3
52 Melilla;Hombres;077-080 XIV.Enfermedades del sistema genitourinario;2020;6
52 Melilla;Hombres;077-080 XIV.Enfermedades del sistema genitourinario;2019;6
52 Melilla;Hombres;077-080 XIV.Enfermedades del sistema genitourinario;2018;8
52 Melilla;Hombres;081 XV.Embarazo, parto y puerperio;2022;0
52 Melilla;Hombres;081 XV.Embarazo, parto y puerperio;2021;0
52 Melilla;Hombres;081 XV.Embarazo, parto y puerperio;2020;0
52 Melilla;Hombres;081 XV.Embarazo, parto y puerperio;2019;0
52 Melilla;Hombres;081 XV.Embarazo, parto y puerperio;2018;0
52 Melilla;Hombres;082 XVI.Afecciones originadas en el periodo perinatal;2022;0
52 Melilla;Hombres;082 XVI.Afecciones originadas en el periodo perinatal;2021;2
52 Melilla;Hombres;082 XVI.Afecciones originadas en el periodo perinatal;2020;0
52 Melilla;Hombres;082 XVI.Afecciones originadas en el periodo perinatal;2019;5
52 Melilla;Hombres;082 XVI.Afecciones originadas en el periodo perinatal;2018;3
52 Melilla;Hombres;083-085 XVII.Malformaciones congénitas, deformidades y anomalías cromosómicas;2022;0
52 Melilla;Hombres;083-085 XVII.Malformaciones congénitas, deformidades y anomalías cromosómicas;2021;0
52 Melilla;Hombres;083-085 XVII.Malformaciones congénitas, deformidades y anomalías cromosómicas;2020;1
52 Melilla;Hombres;083-085 XVII.Malformaciones congénitas, deformidades y anomalías cromosómicas;2019;4
52 Melilla;Hombres;083-085 XVII.Malformaciones congénitas, deformidades y anomalías cromosómicas;2018;6
52 Melilla;Hombres;086-089 XVIII.Síntomas, signos y hallazgos anormales clínicos y de laboratorio, no clasificados en otra parte;2022;5
52 Melilla;Hombres;086-089 XVIII.Síntomas, signos y hallazgos anormales clínicos y de laboratorio, no clasificados en otra parte;2021;3
52 Melilla;Hombres;086-089 XVIII.Síntomas, signos y hallazgos anormales clínicos y de laboratorio, no clasificados en otra parte;2020;3
52 Melilla;Hombres;086-089 XVIII.Síntomas, signos y hallazgos anormales clínicos y de laboratorio, no clasificados en otra parte;2019;11
52 Melilla;Hombres;086-089 XVIII.Síntomas, signos y hallazgos anormales clínicos y de laboratorio, no clasificados en otra parte;2018;16
52 Melilla;Hombres;090-102 XX.Causas externas de mortalidad;2022;20
52 Melilla;Hombres;090-102 XX.Causas externas de mortalidad;2021;27
52 Melilla;Hombres;090-102 XX.Causas externas de mortalidad;2020;15
52 Melilla;Hombres;090-102 XX.Causas externas de mortalidad;2019;14
52 Melilla;Hombres;090-102 XX.Causas externas de mortalidad;2018;19
52 Melilla;Mujeres;001-008 I.Enfermedades infecciosas y parasitarias;2022;26
52 Melilla;Mujeres;001-008 I.Enfermedades infecciosas y parasitarias;2021;38
52 Melilla;Mujeres;001-008 I.Enfermedades infecciosas y parasitarias;2020;32
52 Melilla;Mujeres;001-008 I.Enfermedades infecciosas y parasitarias;2019;12
52 Melilla;Mujeres;001-008 I.Enfermedades infecciosas y parasitarias;2018;7
52 Melilla;Mujeres;009-041 II.Tumores;2022;39
52 Melilla;Mujeres;009-041 II.Tumores;2021;40
52 Melilla;Mujeres;009-041 II.Tumores;2020;50
52 Melilla;Mujeres;009-041 II.Tumores;2019;58
52 Melilla;Mujeres;009-041 II.Tumores;2018;70
52 Melilla;Mujeres;042-043 III.Enfermedades de la sangre y de los órganos hematopoyéticos, y ciertos trastornos que afectan al mecanismo de la inmunidad;2022;0
52 Melilla;Mujeres;042-043 III.Enfermedades de la sangre y de los órganos hematopoyéticos, y ciertos trastornos que afectan al mecanismo de la inmunidad;2021;0
52 Melilla;Mujeres;042-043 III.Enfermedades de la sangre y de los órganos hematopoyéticos, y ciertos trastornos que afectan al mecanismo de la inmunidad;2020;3
52 Melilla;Mujeres;042-043 III.Enfermedades de la sangre y de los órganos hematopoyéticos, y ciertos trastornos que afectan al mecanismo de la inmunidad;2019;0
52 Melilla;Mujeres;042-043 III.Enfermedades de la sangre y de los órganos hematopoyéticos, y ciertos trastornos que afectan al mecanismo de la inmunidad;2018;2
52 Melilla;Mujeres;044-045 IV.Enfermedades endocrinas, nutricionales y metabólicas;2022;5
52 Melilla;Mujeres;044-045 IV.Enfermedades endocrinas, nutricionales y metabólicas;2021;19
52 Melilla;Mujeres;044-045 IV.Enfermedades endocrinas, nutricionales y metabólicas;2020;22
52 Melilla;Mujeres;044-045 IV.Enfermedades endocrinas, nutricionales y metabólicas;2019;17
52 Melilla;Mujeres;044-045 IV.Enfermedades endocrinas, nutricionales y metabólicas;2018;20
52 Melilla;Mujeres;046-049 V.Trastornos mentales y del comportamiento;2022;5
52 Melilla;Mujeres;046-049 V.Trastornos mentales y del comportamiento;2021;7
52 Melilla;Mujeres;046-049 V.Trastornos mentales y del comportamiento;2020;4
52 Melilla;Mujeres;046-049 V.Trastornos mentales y del comportamiento;2019;6
52 Melilla;Mujeres;046-049 V.Trastornos mentales y del comportamiento;2018;9
52 Melilla;Mujeres;050-052 VI-VIII.Enfermedades del sistema nervioso y de los órganos de los sentidos;2022;14
52 Melilla;Mujeres;050-052 VI-VIII.Enfermedades del sistema nervioso y de los órganos de los sentidos;2021;23
52 Melilla;Mujeres;050-052 VI-VIII.Enfermedades del sistema nervioso y de los órganos de los sentidos;2020;28
52 Melilla;Mujeres;050-052 VI-VIII.Enfermedades del sistema nervioso y de los órganos de los sentidos;2019;20
52 Melilla;Mujeres;050-052 VI-VIII.Enfermedades del sistema nervioso y de los órganos de los sentidos;2018;19
52 Melilla;Mujeres;053-061 IX.Enfermedades del sistema circulatorio;2022;76
52 Melilla;Mujeres;053-061 IX.Enfermedades del sistema circulatorio;2021;70
52 Melilla;Mujeres;053-061 IX.Enfermedades del sistema circulatorio;2020;81
52 Melilla;Mujeres;053-061 IX.Enfermedades del sistema circulatorio;2019;63
52 Melilla;Mujeres;053-061 IX.Enfermedades del sistema circulatorio;2018;78
52 Melilla;Mujeres;062-067 X.Enfermedades del sistema respiratorio;2022;20
52 Melilla;Mujeres;062-067 X.Enfermedades del sistema respiratorio;2021;23
52 Melilla;Mujeres;062-067 X.Enfermedades del sistema respiratorio;2020;22
52 Melilla;Mujeres;062-067 X.Enfermedades del sistema respiratorio;2019;26
52 Melilla;Mujeres;062-067 X.Enfermedades del sistema respiratorio;2018;33
52 Melilla;Mujeres;068-072 XI.Enfermedades del sistema digestivo;2022;11
52 Melilla;Mujeres;068-072 XI.Enfermedades del sistema digestivo;2021;14
52 Melilla;Mujeres;068-072 XI.Enfermedades del sistema digestivo;2020;21
52 Melilla;Mujeres;068-072 XI.Enfermedades del sistema digestivo;2019;14
52 Melilla;Mujeres;068-072 XI.Enfermedades del sistema digestivo;2018;7
52 Melilla;Mujeres;073 XII.Enfermedades de la piel y del tejido subcutáneo;2022;2
52 Melilla;Mujeres;073 XII.Enfermedades de la piel y del tejido subcutáneo;2021;3
52 Melilla;Mujeres;073 XII.Enfermedades de la piel y del tejido subcutáneo;2020;0
52 Melilla;Mujeres;073 XII.Enfermedades de la piel y del tejido subcutáneo;2019;1
52 Melilla;Mujeres;073 XII.Enfermedades de la piel y del tejido subcutáneo;2018;1
52 Melilla;Mujeres;074-076 XIII.Enfermedades del sistema osteomuscular y del tejido conjuntivo;2022;3
52 Melilla;Mujeres;074-076 XIII.Enfermedades del sistema osteomuscular y del tejido conjuntivo;2021;2
52 Melilla;Mujeres;074-076 XIII.Enfermedades del sistema osteomuscular y del tejido conjuntivo;2020;1
52 Melilla;Mujeres;074-076 XIII.Enfermedades del sistema osteomuscular y del tejido conjuntivo;2019;6
52 Melilla;Mujeres;074-076 XIII.Enfermedades del sistema osteomuscular y del tejido conjuntivo;2018;5
52 Melilla;Mujeres;077-080 XIV.Enfermedades del sistema genitourinario;2022;11
52 Melilla;Mujeres;077-080 XIV.Enfermedades del sistema genitourinario;2021;14
52 Melilla;Mujeres;077-080 XIV.Enfermedades del sistema genitourinario;2020;17
52 Melilla;Mujeres;077-080 XIV.Enfermedades del sistema genitourinario;2019;13
52 Melilla;Mujeres;077-080 XIV.Enfermedades del sistema genitourinario;2018;7
52 Melilla;Mujeres;081 XV.Embarazo, parto y puerperio;2022;0
52 Melilla;Mujeres;081 XV.Embarazo, parto y puerperio;2021;0
52 Melilla;Mujeres;081 XV.Embarazo, parto y puerperio;2020;0
52 Melilla;Mujeres;081 XV.Embarazo, parto y puerperio;2019;0
52 Melilla;Mujeres;081 XV.Embarazo, parto y puerperio;2018;1
52 Melilla;Mujeres;082 XVI.Afecciones originadas en el periodo perinatal;2022;2
52 Melilla;Mujeres;082 XVI.Afecciones originadas en el periodo perinatal;2021;1
52 Melilla;Mujeres;082 XVI.Afecciones originadas en el periodo perinatal;2020;1
52 Melilla;Mujeres;082 XVI.Afecciones originadas en el periodo perinatal;2019;0
52 Melilla;Mujeres;082 XVI.Afecciones originadas en el periodo perinatal;2018;1
52 Melilla;Mujeres;083-085 XVII.Malformaciones congénitas, deformidades y anomalías cromosómicas;2022;1
52 Melilla;Mujeres;083-085 XVII.Malformaciones congénitas, deformidades y anomalías cromosómicas;2021;2
52 Melilla;Mujeres;083-085 XVII.Malformaciones congénitas, deformidades y anomalías cromosómicas;2020;0
52 Melilla;Mujeres;083-085 XVII.Malformaciones congénitas, deformidades y anomalías cromosómicas;2019;0
52 Melilla;Mujeres;083-085 XVII.Malformaciones congénitas, deformidades y anomalías cromosómicas;2018;1
52 Melilla;Mujeres;086-089 XVIII.Síntomas, signos y hallazgos anormales clínicos y de laboratorio, no clasificados en otra parte;2022;5
52 Melilla;Mujeres;086-089 XVIII.Síntomas, signos y hallazgos anormales clínicos y de laboratorio, no clasificados en otra parte;2021;5
52 Melilla;Mujeres;086-089 XVIII.Síntomas, signos y hallazgos anormales clínicos y de laboratorio, no clasificados en otra parte;2020;7
52 Melilla;Mujeres;086-089 XVIII.Síntomas, signos y hallazgos anormales clínicos y de laboratorio, no clasificados en otra parte;2019;8
52 Melilla;Mujeres;086-089 XVIII.Síntomas, signos y hallazgos anormales clínicos y de laboratorio, no clasificados en otra parte;2018;5
52 Melilla;Mujeres;090-102 XX.Causas externas de mortalidad;2022;3
52 Melilla;Mujeres;090-102 XX.Causas externas de mortalidad;2021;4
52 Melilla;Mujeres;090-102 XX.Causas externas de mortalidad;2020;7
52 Melilla;Mujeres;090-102 XX.Causas externas de mortalidad;2019;4
52 Melilla;Mujeres;090-102 XX.Causas externas de mortalidad;2018;6
