Causas (lista reducida);Sexo;Provincia de residencia;Total
001-102 I-XXII.Todas las causas;Hombres;Total;212.683
001-102 I-XXII.Todas las causas;Hombres;02 Albacete;1.884
001-102 I-XXII.Todas las causas;Hombres;03 Alicante/Alacant;8.458
001-102 I-XXII.Todas las causas;Hombres;04 Almería;2.862
001-102 I-XXII.Todas las causas;Hombres;01 Araba/Álava;1.447
001-102 I-XXII.Todas las causas;Hombres;33 Asturias;6.277
001-102 I-XXII.Todas las causas;Hombres;05 Ávila;1.071
001-102 I-XXII.Todas las causas;Hombres;06 Badajoz;3.477
001-102 I-XXII.Todas las causas;Hombres;07 Balears, Illes;4.115
001-102 I-XXII.Todas las causas;Hombres;08 Barcelona;23.319
001-102 I-XXII.Todas las causas;Hombres;48 Bizkaia;5.975
001-102 I-XXII.Todas las causas;Hombres;09 Burgos;1.968
001-102 I-XXII.Todas las causas;Hombres;10 Cáceres;2.308
001-102 I-XXII.Todas las causas;Hombres;11 Cádiz;5.324
001-102 I-XXII.Todas las causas;Hombres;39 Cantabria;3.015
001-102 I-XXII.Todas las causas;Hombres;12 Castellón/Castelló;2.775
001-102 I-XXII.Todas las causas;Hombres;13 Ciudad Real;2.614
001-102 I-XXII.Todas las causas;Hombres;14 Córdoba;3.830
001-102 I-XXII.Todas las causas;Hombres;15 Coruña, A;6.197
001-102 I-XXII.Todas las causas;Hombres;16 Cuenca;1.255
001-102 I-XXII.Todas las causas;Hombres;20 Gipuzkoa;3.339
001-102 I-XXII.Todas las causas;Hombres;17 Girona;3.334
001-102 I-XXII.Todas las causas;Hombres;18 Granada;4.075
001-102 I-XXII.Todas las causas;Hombres;19 Guadalajara;994
001-102 I-XXII.Todas las causas;Hombres;21 Huelva;2.290
001-102 I-XXII.Todas las causas;Hombres;22 Huesca;1.266
001-102 I-XXII.Todas las causas;Hombres;23 Jaén;3.310
001-102 I-XXII.Todas las causas;Hombres;24 León;3.130
001-102 I-XXII.Todas las causas;Hombres;25 Lleida;2.137
001-102 I-XXII.Todas las causas;Hombres;27 Lugo;2.401
001-102 I-XXII.Todas las causas;Hombres;28 Madrid;22.865
001-102 I-XXII.Todas las causas;Hombres;29 Málaga;6.677
001-102 I-XXII.Todas las causas;Hombres;30 Murcia;5.935
001-102 I-XXII.Todas las causas;Hombres;31 Navarra;2.750
001-102 I-XXII.Todas las causas;Hombres;32 Ourense;2.330
001-102 I-XXII.Todas las causas;Hombres;34 Palencia;1.076
001-102 I-XXII.Todas las causas;Hombres;35 Palmas, Las;4.263
001-102 I-XXII.Todas las causas;Hombres;36 Pontevedra;4.677
001-102 I-XXII.Todas las causas;Hombres;26 Rioja, La;1.609
001-102 I-XXII.Todas las causas;Hombres;37 Salamanca;2.007
001-102 I-XXII.Todas las causas;Hombres;38 Santa Cruz de Tenerife;4.166
001-102 I-XXII.Todas las causas;Hombres;40 Segovia;859
001-102 I-XXII.Todas las causas;Hombres;41 Sevilla;8.066
001-102 I-XXII.Todas las causas;Hombres;42 Soria;585
001-102 I-XXII.Todas las causas;Hombres;43 Tarragona;3.708
001-102 I-XXII.Todas las causas;Hombres;44 Teruel;886
001-102 I-XXII.Todas las causas;Hombres;45 Toledo;3.119
001-102 I-XXII.Todas las causas;Hombres;46 Valencia/València;11.724
001-102 I-XXII.Todas las causas;Hombres;47 Valladolid;2.495
001-102 I-XXII.Todas las causas;Hombres;49 Zamora;1.357
001-102 I-XXII.Todas las causas;Hombres;50 Zaragoza;4.771
001-102 I-XXII.Todas las causas;Hombres;51 Ceuta;269
001-102 I-XXII.Todas las causas;Hombres;52 Melilla;252
001-102 I-XXII.Todas las causas;Hombres;Extranjero;1.790
001-102 I-XXII.Todas las causas;Mujeres;Total;206.020
001-102 I-XXII.Todas las causas;Mujeres;02 Albacete;1.847
001-102 I-XXII.Todas las causas;Mujeres;03 Alicante/Alacant;7.450
001-102 I-XXII.Todas las causas;Mujeres;04 Almería;2.408
001-102 I-XXII.Todas las causas;Mujeres;01 Araba/Álava;1.291
001-102 I-XXII.Todas las causas;Mujeres;33 Asturias;6.616
001-102 I-XXII.Todas las causas;Mujeres;05 Ávila;955
001-102 I-XXII.Todas las causas;Mujeres;06 Badajoz;3.306
001-102 I-XXII.Todas las causas;Mujeres;07 Balears, Illes;3.880
001-102 I-XXII.Todas las causas;Mujeres;08 Barcelona;23.517
001-102 I-XXII.Todas las causas;Mujeres;48 Bizkaia;5.992
001-102 I-XXII.Todas las causas;Mujeres;09 Burgos;1.923
001-102 I-XXII.Todas las causas;Mujeres;10 Cáceres;2.170
001-102 I-XXII.Todas las causas;Mujeres;11 Cádiz;4.720
001-102 I-XXII.Todas las causas;Mujeres;39 Cantabria;2.998
001-102 I-XXII.Todas las causas;Mujeres;12 Castellón/Castelló;2.493
001-102 I-XXII.Todas las causas;Mujeres;13 Ciudad Real;2.609
001-102 I-XXII.Todas las causas;Mujeres;14 Córdoba;3.919
001-102 I-XXII.Todas las causas;Mujeres;15 Coruña, A;6.185
001-102 I-XXII.Todas las causas;Mujeres;16 Cuenca;1.188
001-102 I-XXII.Todas las causas;Mujeres;20 Gipuzkoa;3.522
001-102 I-XXII.Todas las causas;Mujeres;17 Girona;3.148
001-102 I-XXII.Todas las causas;Mujeres;18 Granada;3.922
001-102 I-XXII.Todas las causas;Mujeres;19 Guadalajara;1.000
001-102 I-XXII.Todas las causas;Mujeres;21 Huelva;2.064
001-102 I-XXII.Todas las causas;Mujeres;22 Huesca;1.125
001-102 I-XXII.Todas las causas;Mujeres;23 Jaén;3.210
001-102 I-XXII.Todas las causas;Mujeres;24 León;3.022
001-102 I-XXII.Todas las causas;Mujeres;25 Lleida;2.051
001-102 I-XXII.Todas las causas;Mujeres;27 Lugo;2.403
001-102 I-XXII.Todas las causas;Mujeres;28 Madrid;24.300
001-102 I-XXII.Todas las causas;Mujeres;29 Málaga;6.082
001-102 I-XXII.Todas las causas;Mujeres;30 Murcia;5.633
001-102 I-XXII.Todas las causas;Mujeres;31 Navarra;2.818
001-102 I-XXII.Todas las causas;Mujeres;32 Ourense;2.385
001-102 I-XXII.Todas las causas;Mujeres;34 Palencia;1.053
001-102 I-XXII.Todas las causas;Mujeres;35 Palmas, Las;3.584
001-102 I-XXII.Todas las causas;Mujeres;36 Pontevedra;4.690
001-102 I-XXII.Todas las causas;Mujeres;26 Rioja, La;1.538
001-102 I-XXII.Todas las causas;Mujeres;37 Salamanca;2.038
001-102 I-XXII.Todas las causas;Mujeres;38 Santa Cruz de Tenerife;3.743
001-102 I-XXII.Todas las causas;Mujeres;40 Segovia;834
001-102 I-XXII.Todas las causas;Mujeres;41 Sevilla;7.746
001-102 I-XXII.Todas las causas;Mujeres;42 Soria;560
001-102 I-XXII.Todas las causas;Mujeres;43 Tarragona;3.333
001-102 I-XXII.Todas las causas;Mujeres;44 Teruel;800
001-102 I-XXII.Todas las causas;Mujeres;45 Toledo;2.957
001-102 I-XXII.Todas las causas;Mujeres;46 Valencia/València;11.116
001-102 I-XXII.Todas las causas;Mujeres;47 Valladolid;2.438
001-102 I-XXII.Todas las causas;Mujeres;49 Zamora;1.348
001-102 I-XXII.Todas las causas;Mujeres;50 Zaragoza;4.772
001-102 I-XXII.Todas las causas;Mujeres;51 Ceuta;268
001-102 I-XXII.Todas las causas;Mujeres;52 Melilla;239
001-102 I-XXII.Todas las causas;Mujeres;Extranjero;811
001-008 I.Enfermedades infecciosas y parasitarias (1);Hombres;Total;3.061
001-008 I.Enfermedades infecciosas y parasitarias (1);Hombres;02 Albacete;18
001-008 I.Enfermedades infecciosas y parasitarias (1);Hombres;03 Alicante/Alacant;138
001-008 I.Enfermedades infecciosas y parasitarias (1);Hombres;04 Almería;42
001-008 I.Enfermedades infecciosas y parasitarias (1);Hombres;01 Araba/Álava;18
001-008 I.Enfermedades infecciosas y parasitarias (1);Hombres;33 Asturias;68
001-008 I.Enfermedades infecciosas y parasitarias (1);Hombres;05 Ávila;18
001-008 I.Enfermedades infecciosas y parasitarias (1);Hombres;06 Badajoz;46
001-008 I.Enfermedades infecciosas y parasitarias (1);Hombres;07 Balears, Illes;55
001-008 I.Enfermedades infecciosas y parasitarias (1);Hombres;08 Barcelona;312
001-008 I.Enfermedades infecciosas y parasitarias (1);Hombres;48 Bizkaia;86
001-008 I.Enfermedades infecciosas y parasitarias (1);Hombres;09 Burgos;36
001-008 I.Enfermedades infecciosas y parasitarias (1);Hombres;10 Cáceres;32
001-008 I.Enfermedades infecciosas y parasitarias (1);Hombres;11 Cádiz;120
001-008 I.Enfermedades infecciosas y parasitarias (1);Hombres;39 Cantabria;43
001-008 I.Enfermedades infecciosas y parasitarias (1);Hombres;12 Castellón/Castelló;34
001-008 I.Enfermedades infecciosas y parasitarias (1);Hombres;13 Ciudad Real;21
001-008 I.Enfermedades infecciosas y parasitarias (1);Hombres;14 Córdoba;58
001-008 I.Enfermedades infecciosas y parasitarias (1);Hombres;15 Coruña, A;89
001-008 I.Enfermedades infecciosas y parasitarias (1);Hombres;16 Cuenca;15
001-008 I.Enfermedades infecciosas y parasitarias (1);Hombres;20 Gipuzkoa;46
001-008 I.Enfermedades infecciosas y parasitarias (1);Hombres;17 Girona;53
001-008 I.Enfermedades infecciosas y parasitarias (1);Hombres;18 Granada;63
001-008 I.Enfermedades infecciosas y parasitarias (1);Hombres;19 Guadalajara;10
001-008 I.Enfermedades infecciosas y parasitarias (1);Hombres;21 Huelva;37
001-008 I.Enfermedades infecciosas y parasitarias (1);Hombres;22 Huesca;22
001-008 I.Enfermedades infecciosas y parasitarias (1);Hombres;23 Jaén;51
001-008 I.Enfermedades infecciosas y parasitarias (1);Hombres;24 León;41
001-008 I.Enfermedades infecciosas y parasitarias (1);Hombres;25 Lleida;37
001-008 I.Enfermedades infecciosas y parasitarias (1);Hombres;27 Lugo;34
001-008 I.Enfermedades infecciosas y parasitarias (1);Hombres;28 Madrid;308
001-008 I.Enfermedades infecciosas y parasitarias (1);Hombres;29 Málaga;105
001-008 I.Enfermedades infecciosas y parasitarias (1);Hombres;30 Murcia;75
001-008 I.Enfermedades infecciosas y parasitarias (1);Hombres;31 Navarra;39
001-008 I.Enfermedades infecciosas y parasitarias (1);Hombres;32 Ourense;31
001-008 I.Enfermedades infecciosas y parasitarias (1);Hombres;34 Palencia;17
001-008 I.Enfermedades infecciosas y parasitarias (1);Hombres;35 Palmas, Las;60
001-008 I.Enfermedades infecciosas y parasitarias (1);Hombres;36 Pontevedra;60
001-008 I.Enfermedades infecciosas y parasitarias (1);Hombres;26 Rioja, La;28
001-008 I.Enfermedades infecciosas y parasitarias (1);Hombres;37 Salamanca;23
001-008 I.Enfermedades infecciosas y parasitarias (1);Hombres;38 Santa Cruz de Tenerife;69
001-008 I.Enfermedades infecciosas y parasitarias (1);Hombres;40 Segovia;10
001-008 I.Enfermedades infecciosas y parasitarias (1);Hombres;41 Sevilla;110
001-008 I.Enfermedades infecciosas y parasitarias (1);Hombres;42 Soria;9
001-008 I.Enfermedades infecciosas y parasitarias (1);Hombres;43 Tarragona;57
001-008 I.Enfermedades infecciosas y parasitarias (1);Hombres;44 Teruel;10
001-008 I.Enfermedades infecciosas y parasitarias (1);Hombres;45 Toledo;36
001-008 I.Enfermedades infecciosas y parasitarias (1);Hombres;46 Valencia/València;201
001-008 I.Enfermedades infecciosas y parasitarias (1);Hombres;47 Valladolid;33
001-008 I.Enfermedades infecciosas y parasitarias (1);Hombres;49 Zamora;25
001-008 I.Enfermedades infecciosas y parasitarias (1);Hombres;50 Zaragoza;74
001-008 I.Enfermedades infecciosas y parasitarias (1);Hombres;51 Ceuta;4
001-008 I.Enfermedades infecciosas y parasitarias (1);Hombres;52 Melilla;5
001-008 I.Enfermedades infecciosas y parasitarias (1);Hombres;Extranjero;29
001-008 I.Enfermedades infecciosas y parasitarias (1);Mujeres;Total;3.058
001-008 I.Enfermedades infecciosas y parasitarias (1);Mujeres;02 Albacete;20
001-008 I.Enfermedades infecciosas y parasitarias (1);Mujeres;03 Alicante/Alacant;116
001-008 I.Enfermedades infecciosas y parasitarias (1);Mujeres;04 Almería;48
001-008 I.Enfermedades infecciosas y parasitarias (1);Mujeres;01 Araba/Álava;18
001-008 I.Enfermedades infecciosas y parasitarias (1);Mujeres;33 Asturias;100
001-008 I.Enfermedades infecciosas y parasitarias (1);Mujeres;05 Ávila;22
001-008 I.Enfermedades infecciosas y parasitarias (1);Mujeres;06 Badajoz;38
001-008 I.Enfermedades infecciosas y parasitarias (1);Mujeres;07 Balears, Illes;60
001-008 I.Enfermedades infecciosas y parasitarias (1);Mujeres;08 Barcelona;344
001-008 I.Enfermedades infecciosas y parasitarias (1);Mujeres;48 Bizkaia;86
001-008 I.Enfermedades infecciosas y parasitarias (1);Mujeres;09 Burgos;35
001-008 I.Enfermedades infecciosas y parasitarias (1);Mujeres;10 Cáceres;28
001-008 I.Enfermedades infecciosas y parasitarias (1);Mujeres;11 Cádiz;80
001-008 I.Enfermedades infecciosas y parasitarias (1);Mujeres;39 Cantabria;30
001-008 I.Enfermedades infecciosas y parasitarias (1);Mujeres;12 Castellón/Castelló;29
001-008 I.Enfermedades infecciosas y parasitarias (1);Mujeres;13 Ciudad Real;38
001-008 I.Enfermedades infecciosas y parasitarias (1);Mujeres;14 Córdoba;56
001-008 I.Enfermedades infecciosas y parasitarias (1);Mujeres;15 Coruña, A;86
001-008 I.Enfermedades infecciosas y parasitarias (1);Mujeres;16 Cuenca;22
001-008 I.Enfermedades infecciosas y parasitarias (1);Mujeres;20 Gipuzkoa;54
001-008 I.Enfermedades infecciosas y parasitarias (1);Mujeres;17 Girona;36
001-008 I.Enfermedades infecciosas y parasitarias (1);Mujeres;18 Granada;62
001-008 I.Enfermedades infecciosas y parasitarias (1);Mujeres;19 Guadalajara;10
001-008 I.Enfermedades infecciosas y parasitarias (1);Mujeres;21 Huelva;23
001-008 I.Enfermedades infecciosas y parasitarias (1);Mujeres;22 Huesca;20
001-008 I.Enfermedades infecciosas y parasitarias (1);Mujeres;23 Jaén;50
001-008 I.Enfermedades infecciosas y parasitarias (1);Mujeres;24 León;47
001-008 I.Enfermedades infecciosas y parasitarias (1);Mujeres;25 Lleida;33
001-008 I.Enfermedades infecciosas y parasitarias (1);Mujeres;27 Lugo;18
001-008 I.Enfermedades infecciosas y parasitarias (1);Mujeres;28 Madrid;322
001-008 I.Enfermedades infecciosas y parasitarias (1);Mujeres;29 Málaga;109
001-008 I.Enfermedades infecciosas y parasitarias (1);Mujeres;30 Murcia;88
001-008 I.Enfermedades infecciosas y parasitarias (1);Mujeres;31 Navarra;40
001-008 I.Enfermedades infecciosas y parasitarias (1);Mujeres;32 Ourense;36
001-008 I.Enfermedades infecciosas y parasitarias (1);Mujeres;34 Palencia;16
001-008 I.Enfermedades infecciosas y parasitarias (1);Mujeres;35 Palmas, Las;60
001-008 I.Enfermedades infecciosas y parasitarias (1);Mujeres;36 Pontevedra;62
001-008 I.Enfermedades infecciosas y parasitarias (1);Mujeres;26 Rioja, La;29
001-008 I.Enfermedades infecciosas y parasitarias (1);Mujeres;37 Salamanca;37
001-008 I.Enfermedades infecciosas y parasitarias (1);Mujeres;38 Santa Cruz de Tenerife;68
001-008 I.Enfermedades infecciosas y parasitarias (1);Mujeres;40 Segovia;16
001-008 I.Enfermedades infecciosas y parasitarias (1);Mujeres;41 Sevilla;116
001-008 I.Enfermedades infecciosas y parasitarias (1);Mujeres;42 Soria;9
001-008 I.Enfermedades infecciosas y parasitarias (1);Mujeres;43 Tarragona;53
001-008 I.Enfermedades infecciosas y parasitarias (1);Mujeres;44 Teruel;13
001-008 I.Enfermedades infecciosas y parasitarias (1);Mujeres;45 Toledo;32
001-008 I.Enfermedades infecciosas y parasitarias (1);Mujeres;46 Valencia/València;178
001-008 I.Enfermedades infecciosas y parasitarias (1);Mujeres;47 Valladolid;37
001-008 I.Enfermedades infecciosas y parasitarias (1);Mujeres;49 Zamora;23
001-008 I.Enfermedades infecciosas y parasitarias (1);Mujeres;50 Zaragoza;73
001-008 I.Enfermedades infecciosas y parasitarias (1);Mujeres;51 Ceuta;3
001-008 I.Enfermedades infecciosas y parasitarias (1);Mujeres;52 Melilla;12
001-008 I.Enfermedades infecciosas y parasitarias (1);Mujeres;Extranjero;17
001 Enfermedades infecciosas intestinales;Hombres;Total;392
001 Enfermedades infecciosas intestinales;Hombres;02 Albacete;7
001 Enfermedades infecciosas intestinales;Hombres;03 Alicante/Alacant;14
001 Enfermedades infecciosas intestinales;Hombres;04 Almería;5
001 Enfermedades infecciosas intestinales;Hombres;01 Araba/Álava;3
001 Enfermedades infecciosas intestinales;Hombres;33 Asturias;13
001 Enfermedades infecciosas intestinales;Hombres;05 Ávila;4
001 Enfermedades infecciosas intestinales;Hombres;06 Badajoz;12
001 Enfermedades infecciosas intestinales;Hombres;07 Balears, Illes;9
001 Enfermedades infecciosas intestinales;Hombres;08 Barcelona;29
001 Enfermedades infecciosas intestinales;Hombres;48 Bizkaia;7
001 Enfermedades infecciosas intestinales;Hombres;09 Burgos;4
001 Enfermedades infecciosas intestinales;Hombres;10 Cáceres;5
001 Enfermedades infecciosas intestinales;Hombres;11 Cádiz;9
001 Enfermedades infecciosas intestinales;Hombres;39 Cantabria;5
001 Enfermedades infecciosas intestinales;Hombres;12 Castellón/Castelló;5
001 Enfermedades infecciosas intestinales;Hombres;13 Ciudad Real;5
001 Enfermedades infecciosas intestinales;Hombres;14 Córdoba;7
001 Enfermedades infecciosas intestinales;Hombres;15 Coruña, A;16
001 Enfermedades infecciosas intestinales;Hombres;16 Cuenca;2
001 Enfermedades infecciosas intestinales;Hombres;20 Gipuzkoa;9
001 Enfermedades infecciosas intestinales;Hombres;17 Girona;7
001 Enfermedades infecciosas intestinales;Hombres;18 Granada;4
001 Enfermedades infecciosas intestinales;Hombres;19 Guadalajara;3
001 Enfermedades infecciosas intestinales;Hombres;21 Huelva;3
001 Enfermedades infecciosas intestinales;Hombres;22 Huesca;3
001 Enfermedades infecciosas intestinales;Hombres;23 Jaén;4
001 Enfermedades infecciosas intestinales;Hombres;24 León;8
001 Enfermedades infecciosas intestinales;Hombres;25 Lleida;9
001 Enfermedades infecciosas intestinales;Hombres;27 Lugo;2
001 Enfermedades infecciosas intestinales;Hombres;28 Madrid;40
001 Enfermedades infecciosas intestinales;Hombres;29 Málaga;17
001 Enfermedades infecciosas intestinales;Hombres;30 Murcia;6
001 Enfermedades infecciosas intestinales;Hombres;31 Navarra;6
001 Enfermedades infecciosas intestinales;Hombres;32 Ourense;10
001 Enfermedades infecciosas intestinales;Hombres;34 Palencia;2
001 Enfermedades infecciosas intestinales;Hombres;35 Palmas, Las;4
001 Enfermedades infecciosas intestinales;Hombres;36 Pontevedra;6
001 Enfermedades infecciosas intestinales;Hombres;26 Rioja, La;4
001 Enfermedades infecciosas intestinales;Hombres;37 Salamanca;3
001 Enfermedades infecciosas intestinales;Hombres;38 Santa Cruz de Tenerife;15
001 Enfermedades infecciosas intestinales;Hombres;40 Segovia;1
001 Enfermedades infecciosas intestinales;Hombres;41 Sevilla;11
001 Enfermedades infecciosas intestinales;Hombres;42 Soria;1
001 Enfermedades infecciosas intestinales;Hombres;43 Tarragona;10
001 Enfermedades infecciosas intestinales;Hombres;44 Teruel;2
001 Enfermedades infecciosas intestinales;Hombres;45 Toledo;5
001 Enfermedades infecciosas intestinales;Hombres;46 Valencia/València;16
001 Enfermedades infecciosas intestinales;Hombres;47 Valladolid;5
001 Enfermedades infecciosas intestinales;Hombres;49 Zamora;4
001 Enfermedades infecciosas intestinales;Hombres;50 Zaragoza;8
001 Enfermedades infecciosas intestinales;Hombres;51 Ceuta;1
001 Enfermedades infecciosas intestinales;Hombres;52 Melilla;0
001 Enfermedades infecciosas intestinales;Hombres;Extranjero;2
001 Enfermedades infecciosas intestinales;Mujeres;Total;642
001 Enfermedades infecciosas intestinales;Mujeres;02 Albacete;8
001 Enfermedades infecciosas intestinales;Mujeres;03 Alicante/Alacant;23
001 Enfermedades infecciosas intestinales;Mujeres;04 Almería;9
001 Enfermedades infecciosas intestinales;Mujeres;01 Araba/Álava;6
001 Enfermedades infecciosas intestinales;Mujeres;33 Asturias;20
001 Enfermedades infecciosas intestinales;Mujeres;05 Ávila;7
001 Enfermedades infecciosas intestinales;Mujeres;06 Badajoz;13
001 Enfermedades infecciosas intestinales;Mujeres;07 Balears, Illes;11
001 Enfermedades infecciosas intestinales;Mujeres;08 Barcelona;72
001 Enfermedades infecciosas intestinales;Mujeres;48 Bizkaia;10
001 Enfermedades infecciosas intestinales;Mujeres;09 Burgos;5
001 Enfermedades infecciosas intestinales;Mujeres;10 Cáceres;11
001 Enfermedades infecciosas intestinales;Mujeres;11 Cádiz;10
001 Enfermedades infecciosas intestinales;Mujeres;39 Cantabria;2
001 Enfermedades infecciosas intestinales;Mujeres;12 Castellón/Castelló;5
001 Enfermedades infecciosas intestinales;Mujeres;13 Ciudad Real;12
001 Enfermedades infecciosas intestinales;Mujeres;14 Córdoba;19
001 Enfermedades infecciosas intestinales;Mujeres;15 Coruña, A;15
001 Enfermedades infecciosas intestinales;Mujeres;16 Cuenca;9
001 Enfermedades infecciosas intestinales;Mujeres;20 Gipuzkoa;7
001 Enfermedades infecciosas intestinales;Mujeres;17 Girona;7
001 Enfermedades infecciosas intestinales;Mujeres;18 Granada;5
001 Enfermedades infecciosas intestinales;Mujeres;19 Guadalajara;2
001 Enfermedades infecciosas intestinales;Mujeres;21 Huelva;3
001 Enfermedades infecciosas intestinales;Mujeres;22 Huesca;6
001 Enfermedades infecciosas intestinales;Mujeres;23 Jaén;11
001 Enfermedades infecciosas intestinales;Mujeres;24 León;15
001 Enfermedades infecciosas intestinales;Mujeres;25 Lleida;7
001 Enfermedades infecciosas intestinales;Mujeres;27 Lugo;4
001 Enfermedades infecciosas intestinales;Mujeres;28 Madrid;69
001 Enfermedades infecciosas intestinales;Mujeres;29 Málaga;20
001 Enfermedades infecciosas intestinales;Mujeres;30 Murcia;21
001 Enfermedades infecciosas intestinales;Mujeres;31 Navarra;7
001 Enfermedades infecciosas intestinales;Mujeres;32 Ourense;12
001 Enfermedades infecciosas intestinales;Mujeres;34 Palencia;2
001 Enfermedades infecciosas intestinales;Mujeres;35 Palmas, Las;11
001 Enfermedades infecciosas intestinales;Mujeres;36 Pontevedra;18
001 Enfermedades infecciosas intestinales;Mujeres;26 Rioja, La;5
001 Enfermedades infecciosas intestinales;Mujeres;37 Salamanca;10
001 Enfermedades infecciosas intestinales;Mujeres;38 Santa Cruz de Tenerife;20
001 Enfermedades infecciosas intestinales;Mujeres;40 Segovia;3
001 Enfermedades infecciosas intestinales;Mujeres;41 Sevilla;17
001 Enfermedades infecciosas intestinales;Mujeres;42 Soria;1
001 Enfermedades infecciosas intestinales;Mujeres;43 Tarragona;14
001 Enfermedades infecciosas intestinales;Mujeres;44 Teruel;2
001 Enfermedades infecciosas intestinales;Mujeres;45 Toledo;7
001 Enfermedades infecciosas intestinales;Mujeres;46 Valencia/València;35
001 Enfermedades infecciosas intestinales;Mujeres;47 Valladolid;8
001 Enfermedades infecciosas intestinales;Mujeres;49 Zamora;4
001 Enfermedades infecciosas intestinales;Mujeres;50 Zaragoza;15
001 Enfermedades infecciosas intestinales;Mujeres;51 Ceuta;0
001 Enfermedades infecciosas intestinales;Mujeres;52 Melilla;1
001 Enfermedades infecciosas intestinales;Mujeres;Extranjero;6
002 Tuberculosis y sus efectos tardíos;Hombres;Total;134
002 Tuberculosis y sus efectos tardíos;Hombres;02 Albacete;0
002 Tuberculosis y sus efectos tardíos;Hombres;03 Alicante/Alacant;5
002 Tuberculosis y sus efectos tardíos;Hombres;04 Almería;3
002 Tuberculosis y sus efectos tardíos;Hombres;01 Araba/Álava;0
002 Tuberculosis y sus efectos tardíos;Hombres;33 Asturias;3
002 Tuberculosis y sus efectos tardíos;Hombres;05 Ávila;0
002 Tuberculosis y sus efectos tardíos;Hombres;06 Badajoz;3
002 Tuberculosis y sus efectos tardíos;Hombres;07 Balears, Illes;2
002 Tuberculosis y sus efectos tardíos;Hombres;08 Barcelona;14
002 Tuberculosis y sus efectos tardíos;Hombres;48 Bizkaia;1
002 Tuberculosis y sus efectos tardíos;Hombres;09 Burgos;2
002 Tuberculosis y sus efectos tardíos;Hombres;10 Cáceres;0
002 Tuberculosis y sus efectos tardíos;Hombres;11 Cádiz;3
002 Tuberculosis y sus efectos tardíos;Hombres;39 Cantabria;4
002 Tuberculosis y sus efectos tardíos;Hombres;12 Castellón/Castelló;0
002 Tuberculosis y sus efectos tardíos;Hombres;13 Ciudad Real;0
002 Tuberculosis y sus efectos tardíos;Hombres;14 Córdoba;4
002 Tuberculosis y sus efectos tardíos;Hombres;15 Coruña, A;8
002 Tuberculosis y sus efectos tardíos;Hombres;16 Cuenca;1
002 Tuberculosis y sus efectos tardíos;Hombres;20 Gipuzkoa;1
002 Tuberculosis y sus efectos tardíos;Hombres;17 Girona;4
002 Tuberculosis y sus efectos tardíos;Hombres;18 Granada;0
002 Tuberculosis y sus efectos tardíos;Hombres;19 Guadalajara;1
002 Tuberculosis y sus efectos tardíos;Hombres;21 Huelva;1
002 Tuberculosis y sus efectos tardíos;Hombres;22 Huesca;2
002 Tuberculosis y sus efectos tardíos;Hombres;23 Jaén;1
002 Tuberculosis y sus efectos tardíos;Hombres;24 León;2
002 Tuberculosis y sus efectos tardíos;Hombres;25 Lleida;4
002 Tuberculosis y sus efectos tardíos;Hombres;27 Lugo;3
002 Tuberculosis y sus efectos tardíos;Hombres;28 Madrid;12
002 Tuberculosis y sus efectos tardíos;Hombres;29 Málaga;5
002 Tuberculosis y sus efectos tardíos;Hombres;30 Murcia;6
002 Tuberculosis y sus efectos tardíos;Hombres;31 Navarra;2
002 Tuberculosis y sus efectos tardíos;Hombres;32 Ourense;1
002 Tuberculosis y sus efectos tardíos;Hombres;34 Palencia;2
002 Tuberculosis y sus efectos tardíos;Hombres;35 Palmas, Las;3
002 Tuberculosis y sus efectos tardíos;Hombres;36 Pontevedra;4
002 Tuberculosis y sus efectos tardíos;Hombres;26 Rioja, La;1
002 Tuberculosis y sus efectos tardíos;Hombres;37 Salamanca;1
002 Tuberculosis y sus efectos tardíos;Hombres;38 Santa Cruz de Tenerife;0
002 Tuberculosis y sus efectos tardíos;Hombres;40 Segovia;0
002 Tuberculosis y sus efectos tardíos;Hombres;41 Sevilla;6
002 Tuberculosis y sus efectos tardíos;Hombres;42 Soria;0
002 Tuberculosis y sus efectos tardíos;Hombres;43 Tarragona;0
002 Tuberculosis y sus efectos tardíos;Hombres;44 Teruel;0
002 Tuberculosis y sus efectos tardíos;Hombres;45 Toledo;1
002 Tuberculosis y sus efectos tardíos;Hombres;46 Valencia/València;8
002 Tuberculosis y sus efectos tardíos;Hombres;47 Valladolid;3
002 Tuberculosis y sus efectos tardíos;Hombres;49 Zamora;2
002 Tuberculosis y sus efectos tardíos;Hombres;50 Zaragoza;4
002 Tuberculosis y sus efectos tardíos;Hombres;51 Ceuta;0
002 Tuberculosis y sus efectos tardíos;Hombres;52 Melilla;0
002 Tuberculosis y sus efectos tardíos;Hombres;Extranjero;1
002 Tuberculosis y sus efectos tardíos;Mujeres;Total;83
002 Tuberculosis y sus efectos tardíos;Mujeres;02 Albacete;0
002 Tuberculosis y sus efectos tardíos;Mujeres;03 Alicante/Alacant;3
002 Tuberculosis y sus efectos tardíos;Mujeres;04 Almería;0
002 Tuberculosis y sus efectos tardíos;Mujeres;01 Araba/Álava;0
002 Tuberculosis y sus efectos tardíos;Mujeres;33 Asturias;7
002 Tuberculosis y sus efectos tardíos;Mujeres;05 Ávila;0
002 Tuberculosis y sus efectos tardíos;Mujeres;06 Badajoz;0
002 Tuberculosis y sus efectos tardíos;Mujeres;07 Balears, Illes;2
002 Tuberculosis y sus efectos tardíos;Mujeres;08 Barcelona;12
002 Tuberculosis y sus efectos tardíos;Mujeres;48 Bizkaia;4
002 Tuberculosis y sus efectos tardíos;Mujeres;09 Burgos;0
002 Tuberculosis y sus efectos tardíos;Mujeres;10 Cáceres;1
002 Tuberculosis y sus efectos tardíos;Mujeres;11 Cádiz;1
002 Tuberculosis y sus efectos tardíos;Mujeres;39 Cantabria;2
002 Tuberculosis y sus efectos tardíos;Mujeres;12 Castellón/Castelló;0
002 Tuberculosis y sus efectos tardíos;Mujeres;13 Ciudad Real;1
002 Tuberculosis y sus efectos tardíos;Mujeres;14 Córdoba;1
002 Tuberculosis y sus efectos tardíos;Mujeres;15 Coruña, A;7
002 Tuberculosis y sus efectos tardíos;Mujeres;16 Cuenca;0
002 Tuberculosis y sus efectos tardíos;Mujeres;20 Gipuzkoa;3
002 Tuberculosis y sus efectos tardíos;Mujeres;17 Girona;0
002 Tuberculosis y sus efectos tardíos;Mujeres;18 Granada;3
002 Tuberculosis y sus efectos tardíos;Mujeres;19 Guadalajara;1
002 Tuberculosis y sus efectos tardíos;Mujeres;21 Huelva;0
002 Tuberculosis y sus efectos tardíos;Mujeres;22 Huesca;0
002 Tuberculosis y sus efectos tardíos;Mujeres;23 Jaén;0
002 Tuberculosis y sus efectos tardíos;Mujeres;24 León;1
002 Tuberculosis y sus efectos tardíos;Mujeres;25 Lleida;0
002 Tuberculosis y sus efectos tardíos;Mujeres;27 Lugo;1
002 Tuberculosis y sus efectos tardíos;Mujeres;28 Madrid;2
002 Tuberculosis y sus efectos tardíos;Mujeres;29 Málaga;0
002 Tuberculosis y sus efectos tardíos;Mujeres;30 Murcia;4
002 Tuberculosis y sus efectos tardíos;Mujeres;31 Navarra;1
002 Tuberculosis y sus efectos tardíos;Mujeres;32 Ourense;5
002 Tuberculosis y sus efectos tardíos;Mujeres;34 Palencia;0
002 Tuberculosis y sus efectos tardíos;Mujeres;35 Palmas, Las;0
002 Tuberculosis y sus efectos tardíos;Mujeres;36 Pontevedra;1
002 Tuberculosis y sus efectos tardíos;Mujeres;26 Rioja, La;2
002 Tuberculosis y sus efectos tardíos;Mujeres;37 Salamanca;3
002 Tuberculosis y sus efectos tardíos;Mujeres;38 Santa Cruz de Tenerife;0
002 Tuberculosis y sus efectos tardíos;Mujeres;40 Segovia;0
002 Tuberculosis y sus efectos tardíos;Mujeres;41 Sevilla;1
002 Tuberculosis y sus efectos tardíos;Mujeres;42 Soria;0
002 Tuberculosis y sus efectos tardíos;Mujeres;43 Tarragona;1
002 Tuberculosis y sus efectos tardíos;Mujeres;44 Teruel;0
002 Tuberculosis y sus efectos tardíos;Mujeres;45 Toledo;3
002 Tuberculosis y sus efectos tardíos;Mujeres;46 Valencia/València;3
002 Tuberculosis y sus efectos tardíos;Mujeres;47 Valladolid;1
002 Tuberculosis y sus efectos tardíos;Mujeres;49 Zamora;3
002 Tuberculosis y sus efectos tardíos;Mujeres;50 Zaragoza;3
002 Tuberculosis y sus efectos tardíos;Mujeres;51 Ceuta;0
002 Tuberculosis y sus efectos tardíos;Mujeres;52 Melilla;0
002 Tuberculosis y sus efectos tardíos;Mujeres;Extranjero;0
003 Enfermedad meningocócica;Hombres;Total;8
003 Enfermedad meningocócica;Hombres;02 Albacete;0
003 Enfermedad meningocócica;Hombres;03 Alicante/Alacant;1
003 Enfermedad meningocócica;Hombres;04 Almería;0
003 Enfermedad meningocócica;Hombres;01 Araba/Álava;0
003 Enfermedad meningocócica;Hombres;33 Asturias;0
003 Enfermedad meningocócica;Hombres;05 Ávila;0
003 Enfermedad meningocócica;Hombres;06 Badajoz;0
003 Enfermedad meningocócica;Hombres;07 Balears, Illes;0
003 Enfermedad meningocócica;Hombres;08 Barcelona;2
003 Enfermedad meningocócica;Hombres;48 Bizkaia;0
003 Enfermedad meningocócica;Hombres;09 Burgos;0
003 Enfermedad meningocócica;Hombres;10 Cáceres;0
003 Enfermedad meningocócica;Hombres;11 Cádiz;1
003 Enfermedad meningocócica;Hombres;39 Cantabria;0
003 Enfermedad meningocócica;Hombres;12 Castellón/Castelló;0
003 Enfermedad meningocócica;Hombres;13 Ciudad Real;0
003 Enfermedad meningocócica;Hombres;14 Córdoba;0
003 Enfermedad meningocócica;Hombres;15 Coruña, A;1
003 Enfermedad meningocócica;Hombres;16 Cuenca;0
003 Enfermedad meningocócica;Hombres;20 Gipuzkoa;0
003 Enfermedad meningocócica;Hombres;17 Girona;0
003 Enfermedad meningocócica;Hombres;18 Granada;0
003 Enfermedad meningocócica;Hombres;19 Guadalajara;0
003 Enfermedad meningocócica;Hombres;21 Huelva;0
003 Enfermedad meningocócica;Hombres;22 Huesca;0
003 Enfermedad meningocócica;Hombres;23 Jaén;1
003 Enfermedad meningocócica;Hombres;24 León;0
003 Enfermedad meningocócica;Hombres;25 Lleida;0
003 Enfermedad meningocócica;Hombres;27 Lugo;0
003 Enfermedad meningocócica;Hombres;28 Madrid;1
003 Enfermedad meningocócica;Hombres;29 Málaga;0
003 Enfermedad meningocócica;Hombres;30 Murcia;0
003 Enfermedad meningocócica;Hombres;31 Navarra;0
003 Enfermedad meningocócica;Hombres;32 Ourense;0
003 Enfermedad meningocócica;Hombres;34 Palencia;0
003 Enfermedad meningocócica;Hombres;35 Palmas, Las;0
003 Enfermedad meningocócica;Hombres;36 Pontevedra;0
003 Enfermedad meningocócica;Hombres;26 Rioja, La;0
003 Enfermedad meningocócica;Hombres;37 Salamanca;0
003 Enfermedad meningocócica;Hombres;38 Santa Cruz de Tenerife;0
003 Enfermedad meningocócica;Hombres;40 Segovia;0
003 Enfermedad meningocócica;Hombres;41 Sevilla;0
003 Enfermedad meningocócica;Hombres;42 Soria;0
003 Enfermedad meningocócica;Hombres;43 Tarragona;0
003 Enfermedad meningocócica;Hombres;44 Teruel;0
003 Enfermedad meningocócica;Hombres;45 Toledo;0
003 Enfermedad meningocócica;Hombres;46 Valencia/València;0
003 Enfermedad meningocócica;Hombres;47 Valladolid;0
003 Enfermedad meningocócica;Hombres;49 Zamora;0
003 Enfermedad meningocócica;Hombres;50 Zaragoza;0
003 Enfermedad meningocócica;Hombres;51 Ceuta;0
003 Enfermedad meningocócica;Hombres;52 Melilla;0
003 Enfermedad meningocócica;Hombres;Extranjero;1
003 Enfermedad meningocócica;Mujeres;Total;9
003 Enfermedad meningocócica;Mujeres;02 Albacete;0
003 Enfermedad meningocócica;Mujeres;03 Alicante/Alacant;2
003 Enfermedad meningocócica;Mujeres;04 Almería;0
003 Enfermedad meningocócica;Mujeres;01 Araba/Álava;0
003 Enfermedad meningocócica;Mujeres;33 Asturias;0
003 Enfermedad meningocócica;Mujeres;05 Ávila;0
003 Enfermedad meningocócica;Mujeres;06 Badajoz;0
003 Enfermedad meningocócica;Mujeres;07 Balears, Illes;0
003 Enfermedad meningocócica;Mujeres;08 Barcelona;2
003 Enfermedad meningocócica;Mujeres;48 Bizkaia;1
003 Enfermedad meningocócica;Mujeres;09 Burgos;0
003 Enfermedad meningocócica;Mujeres;10 Cáceres;0
003 Enfermedad meningocócica;Mujeres;11 Cádiz;0
003 Enfermedad meningocócica;Mujeres;39 Cantabria;0
003 Enfermedad meningocócica;Mujeres;12 Castellón/Castelló;0
003 Enfermedad meningocócica;Mujeres;13 Ciudad Real;0
003 Enfermedad meningocócica;Mujeres;14 Córdoba;0
003 Enfermedad meningocócica;Mujeres;15 Coruña, A;0
003 Enfermedad meningocócica;Mujeres;16 Cuenca;0
003 Enfermedad meningocócica;Mujeres;20 Gipuzkoa;0
003 Enfermedad meningocócica;Mujeres;17 Girona;0
003 Enfermedad meningocócica;Mujeres;18 Granada;1
003 Enfermedad meningocócica;Mujeres;19 Guadalajara;0
003 Enfermedad meningocócica;Mujeres;21 Huelva;0
003 Enfermedad meningocócica;Mujeres;22 Huesca;0
003 Enfermedad meningocócica;Mujeres;23 Jaén;1
003 Enfermedad meningocócica;Mujeres;24 León;0
003 Enfermedad meningocócica;Mujeres;25 Lleida;0
003 Enfermedad meningocócica;Mujeres;27 Lugo;0
003 Enfermedad meningocócica;Mujeres;28 Madrid;0
003 Enfermedad meningocócica;Mujeres;29 Málaga;0
003 Enfermedad meningocócica;Mujeres;30 Murcia;0
003 Enfermedad meningocócica;Mujeres;31 Navarra;0
003 Enfermedad meningocócica;Mujeres;32 Ourense;0
003 Enfermedad meningocócica;Mujeres;34 Palencia;0
003 Enfermedad meningocócica;Mujeres;35 Palmas, Las;0
003 Enfermedad meningocócica;Mujeres;36 Pontevedra;0
003 Enfermedad meningocócica;Mujeres;26 Rioja, La;0
003 Enfermedad meningocócica;Mujeres;37 Salamanca;1
003 Enfermedad meningocócica;Mujeres;38 Santa Cruz de Tenerife;0
003 Enfermedad meningocócica;Mujeres;40 Segovia;0
003 Enfermedad meningocócica;Mujeres;41 Sevilla;0
003 Enfermedad meningocócica;Mujeres;42 Soria;0
003 Enfermedad meningocócica;Mujeres;43 Tarragona;0
003 Enfermedad meningocócica;Mujeres;44 Teruel;1
003 Enfermedad meningocócica;Mujeres;45 Toledo;0
003 Enfermedad meningocócica;Mujeres;46 Valencia/València;0
003 Enfermedad meningocócica;Mujeres;47 Valladolid;0
003 Enfermedad meningocócica;Mujeres;49 Zamora;0
003 Enfermedad meningocócica;Mujeres;50 Zaragoza;0
003 Enfermedad meningocócica;Mujeres;51 Ceuta;0
003 Enfermedad meningocócica;Mujeres;52 Melilla;0
003 Enfermedad meningocócica;Mujeres;Extranjero;0
004 Septicemia;Hombres;Total;1.356
004 Septicemia;Hombres;02 Albacete;6
004 Septicemia;Hombres;03 Alicante/Alacant;69
004 Septicemia;Hombres;04 Almería;21
004 Septicemia;Hombres;01 Araba/Álava;6
004 Septicemia;Hombres;33 Asturias;24
004 Septicemia;Hombres;05 Ávila;9
004 Septicemia;Hombres;06 Badajoz;18
004 Septicemia;Hombres;07 Balears, Illes;20
004 Septicemia;Hombres;08 Barcelona;138
004 Septicemia;Hombres;48 Bizkaia;46
004 Septicemia;Hombres;09 Burgos;19
004 Septicemia;Hombres;10 Cáceres;13
004 Septicemia;Hombres;11 Cádiz;52
004 Septicemia;Hombres;39 Cantabria;18
004 Septicemia;Hombres;12 Castellón/Castelló;18
004 Septicemia;Hombres;13 Ciudad Real;6
004 Septicemia;Hombres;14 Córdoba;29
004 Septicemia;Hombres;15 Coruña, A;33
004 Septicemia;Hombres;16 Cuenca;7
004 Septicemia;Hombres;20 Gipuzkoa;23
004 Septicemia;Hombres;17 Girona;18
004 Septicemia;Hombres;18 Granada;34
004 Septicemia;Hombres;19 Guadalajara;1
004 Septicemia;Hombres;21 Huelva;18
004 Septicemia;Hombres;22 Huesca;7
004 Septicemia;Hombres;23 Jaén;29
004 Septicemia;Hombres;24 León;20
004 Septicemia;Hombres;25 Lleida;19
004 Septicemia;Hombres;27 Lugo;22
004 Septicemia;Hombres;28 Madrid;119
004 Septicemia;Hombres;29 Málaga;42
004 Septicemia;Hombres;30 Murcia;33
004 Septicemia;Hombres;31 Navarra;16
004 Septicemia;Hombres;32 Ourense;16
004 Septicemia;Hombres;34 Palencia;7
004 Septicemia;Hombres;35 Palmas, Las;26
004 Septicemia;Hombres;36 Pontevedra;32
004 Septicemia;Hombres;26 Rioja, La;8
004 Septicemia;Hombres;37 Salamanca;10
004 Septicemia;Hombres;38 Santa Cruz de Tenerife;34
004 Septicemia;Hombres;40 Segovia;6
004 Septicemia;Hombres;41 Sevilla;46
004 Septicemia;Hombres;42 Soria;7
004 Septicemia;Hombres;43 Tarragona;26
004 Septicemia;Hombres;44 Teruel;6
004 Septicemia;Hombres;45 Toledo;8
004 Septicemia;Hombres;46 Valencia/València;83
004 Septicemia;Hombres;47 Valladolid;19
004 Septicemia;Hombres;49 Zamora;17
004 Septicemia;Hombres;50 Zaragoza;33
004 Septicemia;Hombres;51 Ceuta;2
004 Septicemia;Hombres;52 Melilla;3
004 Septicemia;Hombres;Extranjero;14
004 Septicemia;Mujeres;Total;1.529
004 Septicemia;Mujeres;02 Albacete;6
004 Septicemia;Mujeres;03 Alicante/Alacant;57
004 Septicemia;Mujeres;04 Almería;27
004 Septicemia;Mujeres;01 Araba/Álava;8
004 Septicemia;Mujeres;33 Asturias;43
004 Septicemia;Mujeres;05 Ávila;9
004 Septicemia;Mujeres;06 Badajoz;17
004 Septicemia;Mujeres;07 Balears, Illes;29
004 Septicemia;Mujeres;08 Barcelona;148
004 Septicemia;Mujeres;48 Bizkaia;43
004 Septicemia;Mujeres;09 Burgos;19
004 Septicemia;Mujeres;10 Cáceres;12
004 Septicemia;Mujeres;11 Cádiz;50
004 Septicemia;Mujeres;39 Cantabria;14
004 Septicemia;Mujeres;12 Castellón/Castelló;16
004 Septicemia;Mujeres;13 Ciudad Real;16
004 Septicemia;Mujeres;14 Córdoba;31
004 Septicemia;Mujeres;15 Coruña, A;44
004 Septicemia;Mujeres;16 Cuenca;8
004 Septicemia;Mujeres;20 Gipuzkoa;33
004 Septicemia;Mujeres;17 Girona;19
004 Septicemia;Mujeres;18 Granada;37
004 Septicemia;Mujeres;19 Guadalajara;2
004 Septicemia;Mujeres;21 Huelva;13
004 Septicemia;Mujeres;22 Huesca;13
004 Septicemia;Mujeres;23 Jaén;29
004 Septicemia;Mujeres;24 León;24
004 Septicemia;Mujeres;25 Lleida;20
004 Septicemia;Mujeres;27 Lugo;11
004 Septicemia;Mujeres;28 Madrid;150
004 Septicemia;Mujeres;29 Málaga;58
004 Septicemia;Mujeres;30 Murcia;42
004 Septicemia;Mujeres;31 Navarra;16
004 Septicemia;Mujeres;32 Ourense;15
004 Septicemia;Mujeres;34 Palencia;13
004 Septicemia;Mujeres;35 Palmas, Las;28
004 Septicemia;Mujeres;36 Pontevedra;31
004 Septicemia;Mujeres;26 Rioja, La;16
004 Septicemia;Mujeres;37 Salamanca;15
004 Septicemia;Mujeres;38 Santa Cruz de Tenerife;38
004 Septicemia;Mujeres;40 Segovia;8
004 Septicemia;Mujeres;41 Sevilla;63
004 Septicemia;Mujeres;42 Soria;7
004 Septicemia;Mujeres;43 Tarragona;28
004 Septicemia;Mujeres;44 Teruel;6
004 Septicemia;Mujeres;45 Toledo;14
004 Septicemia;Mujeres;46 Valencia/València;102
004 Septicemia;Mujeres;47 Valladolid;17
004 Septicemia;Mujeres;49 Zamora;12
004 Septicemia;Mujeres;50 Zaragoza;34
004 Septicemia;Mujeres;51 Ceuta;3
004 Septicemia;Mujeres;52 Melilla;7
004 Septicemia;Mujeres;Extranjero;8
005 Hepatitis vírica;Hombres;Total;262
005 Hepatitis vírica;Hombres;02 Albacete;1
005 Hepatitis vírica;Hombres;03 Alicante/Alacant;15
005 Hepatitis vírica;Hombres;04 Almería;1
005 Hepatitis vírica;Hombres;01 Araba/Álava;2
005 Hepatitis vírica;Hombres;33 Asturias;7
005 Hepatitis vírica;Hombres;05 Ávila;0
005 Hepatitis vírica;Hombres;06 Badajoz;2
005 Hepatitis vírica;Hombres;07 Balears, Illes;7
005 Hepatitis vírica;Hombres;08 Barcelona;29
005 Hepatitis vírica;Hombres;48 Bizkaia;6
005 Hepatitis vírica;Hombres;09 Burgos;2
005 Hepatitis vírica;Hombres;10 Cáceres;1
005 Hepatitis vírica;Hombres;11 Cádiz;11
005 Hepatitis vírica;Hombres;39 Cantabria;4
005 Hepatitis vírica;Hombres;12 Castellón/Castelló;1
005 Hepatitis vírica;Hombres;13 Ciudad Real;2
005 Hepatitis vírica;Hombres;14 Córdoba;6
005 Hepatitis vírica;Hombres;15 Coruña, A;7
005 Hepatitis vírica;Hombres;16 Cuenca;1
005 Hepatitis vírica;Hombres;20 Gipuzkoa;4
005 Hepatitis vírica;Hombres;17 Girona;5
005 Hepatitis vírica;Hombres;18 Granada;6
005 Hepatitis vírica;Hombres;19 Guadalajara;0
005 Hepatitis vírica;Hombres;21 Huelva;5
005 Hepatitis vírica;Hombres;22 Huesca;3
005 Hepatitis vírica;Hombres;23 Jaén;5
005 Hepatitis vírica;Hombres;24 León;2
005 Hepatitis vírica;Hombres;25 Lleida;0
005 Hepatitis vírica;Hombres;27 Lugo;5
005 Hepatitis vírica;Hombres;28 Madrid;29
005 Hepatitis vírica;Hombres;29 Málaga;7
005 Hepatitis vírica;Hombres;30 Murcia;8
005 Hepatitis vírica;Hombres;31 Navarra;1
005 Hepatitis vírica;Hombres;32 Ourense;1
005 Hepatitis vírica;Hombres;34 Palencia;1
005 Hepatitis vírica;Hombres;35 Palmas, Las;6
005 Hepatitis vírica;Hombres;36 Pontevedra;4
005 Hepatitis vírica;Hombres;26 Rioja, La;4
005 Hepatitis vírica;Hombres;37 Salamanca;0
005 Hepatitis vírica;Hombres;38 Santa Cruz de Tenerife;2
005 Hepatitis vírica;Hombres;40 Segovia;2
005 Hepatitis vírica;Hombres;41 Sevilla;12
005 Hepatitis vírica;Hombres;42 Soria;0
005 Hepatitis vírica;Hombres;43 Tarragona;4
005 Hepatitis vírica;Hombres;44 Teruel;0
005 Hepatitis vírica;Hombres;45 Toledo;6
005 Hepatitis vírica;Hombres;46 Valencia/València;30
005 Hepatitis vírica;Hombres;47 Valladolid;1
005 Hepatitis vírica;Hombres;49 Zamora;0
005 Hepatitis vírica;Hombres;50 Zaragoza;3
005 Hepatitis vírica;Hombres;51 Ceuta;0
005 Hepatitis vírica;Hombres;52 Melilla;0
005 Hepatitis vírica;Hombres;Extranjero;1
005 Hepatitis vírica;Mujeres;Total;220
005 Hepatitis vírica;Mujeres;02 Albacete;1
005 Hepatitis vírica;Mujeres;03 Alicante/Alacant;6
005 Hepatitis vírica;Mujeres;04 Almería;4
005 Hepatitis vírica;Mujeres;01 Araba/Álava;1
005 Hepatitis vírica;Mujeres;33 Asturias;4
005 Hepatitis vírica;Mujeres;05 Ávila;2
005 Hepatitis vírica;Mujeres;06 Badajoz;1
005 Hepatitis vírica;Mujeres;07 Balears, Illes;5
005 Hepatitis vírica;Mujeres;08 Barcelona;39
005 Hepatitis vírica;Mujeres;48 Bizkaia;9
005 Hepatitis vírica;Mujeres;09 Burgos;3
005 Hepatitis vírica;Mujeres;10 Cáceres;1
005 Hepatitis vírica;Mujeres;11 Cádiz;2
005 Hepatitis vírica;Mujeres;39 Cantabria;1
005 Hepatitis vírica;Mujeres;12 Castellón/Castelló;0
005 Hepatitis vírica;Mujeres;13 Ciudad Real;2
005 Hepatitis vírica;Mujeres;14 Córdoba;1
005 Hepatitis vírica;Mujeres;15 Coruña, A;7
005 Hepatitis vírica;Mujeres;16 Cuenca;2
005 Hepatitis vírica;Mujeres;20 Gipuzkoa;2
005 Hepatitis vírica;Mujeres;17 Girona;4
005 Hepatitis vírica;Mujeres;18 Granada;5
005 Hepatitis vírica;Mujeres;19 Guadalajara;2
005 Hepatitis vírica;Mujeres;21 Huelva;1
005 Hepatitis vírica;Mujeres;22 Huesca;1
005 Hepatitis vírica;Mujeres;23 Jaén;1
005 Hepatitis vírica;Mujeres;24 León;1
005 Hepatitis vírica;Mujeres;25 Lleida;2
005 Hepatitis vírica;Mujeres;27 Lugo;0
005 Hepatitis vírica;Mujeres;28 Madrid;27
005 Hepatitis vírica;Mujeres;29 Málaga;10
005 Hepatitis vírica;Mujeres;30 Murcia;6
005 Hepatitis vírica;Mujeres;31 Navarra;2
005 Hepatitis vírica;Mujeres;32 Ourense;1
005 Hepatitis vírica;Mujeres;34 Palencia;0
005 Hepatitis vírica;Mujeres;35 Palmas, Las;8
005 Hepatitis vírica;Mujeres;36 Pontevedra;4
005 Hepatitis vírica;Mujeres;26 Rioja, La;4
005 Hepatitis vírica;Mujeres;37 Salamanca;1
005 Hepatitis vírica;Mujeres;38 Santa Cruz de Tenerife;2
005 Hepatitis vírica;Mujeres;40 Segovia;2
005 Hepatitis vírica;Mujeres;41 Sevilla;15
005 Hepatitis vírica;Mujeres;42 Soria;0
005 Hepatitis vírica;Mujeres;43 Tarragona;5
005 Hepatitis vírica;Mujeres;44 Teruel;1
005 Hepatitis vírica;Mujeres;45 Toledo;2
005 Hepatitis vírica;Mujeres;46 Valencia/València;13
005 Hepatitis vírica;Mujeres;47 Valladolid;2
005 Hepatitis vírica;Mujeres;49 Zamora;0
005 Hepatitis vírica;Mujeres;50 Zaragoza;4
005 Hepatitis vírica;Mujeres;51 Ceuta;0
005 Hepatitis vírica;Mujeres;52 Melilla;1
005 Hepatitis vírica;Mujeres;Extranjero;0
006 SIDA;Hombres;Total;334
006 SIDA;Hombres;02 Albacete;0
006 SIDA;Hombres;03 Alicante/Alacant;12
006 SIDA;Hombres;04 Almería;4
006 SIDA;Hombres;01 Araba/Álava;2
006 SIDA;Hombres;33 Asturias;8
006 SIDA;Hombres;05 Ávila;0
006 SIDA;Hombres;06 Badajoz;4
006 SIDA;Hombres;07 Balears, Illes;11
006 SIDA;Hombres;08 Barcelona;37
006 SIDA;Hombres;48 Bizkaia;11
006 SIDA;Hombres;09 Burgos;0
006 SIDA;Hombres;10 Cáceres;8
006 SIDA;Hombres;11 Cádiz;29
006 SIDA;Hombres;39 Cantabria;3
006 SIDA;Hombres;12 Castellón/Castelló;3
006 SIDA;Hombres;13 Ciudad Real;2
006 SIDA;Hombres;14 Córdoba;5
006 SIDA;Hombres;15 Coruña, A;8
006 SIDA;Hombres;16 Cuenca;0
006 SIDA;Hombres;20 Gipuzkoa;2
006 SIDA;Hombres;17 Girona;6
006 SIDA;Hombres;18 Granada;4
006 SIDA;Hombres;19 Guadalajara;2
006 SIDA;Hombres;21 Huelva;2
006 SIDA;Hombres;22 Huesca;4
006 SIDA;Hombres;23 Jaén;6
006 SIDA;Hombres;24 León;1
006 SIDA;Hombres;25 Lleida;0
006 SIDA;Hombres;27 Lugo;0
006 SIDA;Hombres;28 Madrid;26
006 SIDA;Hombres;29 Málaga;18
006 SIDA;Hombres;30 Murcia;14
006 SIDA;Hombres;31 Navarra;0
006 SIDA;Hombres;32 Ourense;2
006 SIDA;Hombres;34 Palencia;2
006 SIDA;Hombres;35 Palmas, Las;9
006 SIDA;Hombres;36 Pontevedra;7
006 SIDA;Hombres;26 Rioja, La;2
006 SIDA;Hombres;37 Salamanca;1
006 SIDA;Hombres;38 Santa Cruz de Tenerife;7
006 SIDA;Hombres;40 Segovia;0
006 SIDA;Hombres;41 Sevilla;9
006 SIDA;Hombres;42 Soria;0
006 SIDA;Hombres;43 Tarragona;1
006 SIDA;Hombres;44 Teruel;1
006 SIDA;Hombres;45 Toledo;5
006 SIDA;Hombres;46 Valencia/València;32
006 SIDA;Hombres;47 Valladolid;1
006 SIDA;Hombres;49 Zamora;0
006 SIDA;Hombres;50 Zaragoza;18
006 SIDA;Hombres;51 Ceuta;0
006 SIDA;Hombres;52 Melilla;2
006 SIDA;Hombres;Extranjero;3
006 SIDA;Mujeres;Total;80
006 SIDA;Mujeres;02 Albacete;0
006 SIDA;Mujeres;03 Alicante/Alacant;8
006 SIDA;Mujeres;04 Almería;2
006 SIDA;Mujeres;01 Araba/Álava;1
006 SIDA;Mujeres;33 Asturias;4
006 SIDA;Mujeres;05 Ávila;1
006 SIDA;Mujeres;06 Badajoz;1
006 SIDA;Mujeres;07 Balears, Illes;2
006 SIDA;Mujeres;08 Barcelona;7
006 SIDA;Mujeres;48 Bizkaia;2
006 SIDA;Mujeres;09 Burgos;1
006 SIDA;Mujeres;10 Cáceres;0
006 SIDA;Mujeres;11 Cádiz;2
006 SIDA;Mujeres;39 Cantabria;1
006 SIDA;Mujeres;12 Castellón/Castelló;0
006 SIDA;Mujeres;13 Ciudad Real;2
006 SIDA;Mujeres;14 Córdoba;1
006 SIDA;Mujeres;15 Coruña, A;2
006 SIDA;Mujeres;16 Cuenca;0
006 SIDA;Mujeres;20 Gipuzkoa;0
006 SIDA;Mujeres;17 Girona;2
006 SIDA;Mujeres;18 Granada;1
006 SIDA;Mujeres;19 Guadalajara;0
006 SIDA;Mujeres;21 Huelva;2
006 SIDA;Mujeres;22 Huesca;0
006 SIDA;Mujeres;23 Jaén;0
006 SIDA;Mujeres;24 León;0
006 SIDA;Mujeres;25 Lleida;1
006 SIDA;Mujeres;27 Lugo;0
006 SIDA;Mujeres;28 Madrid;5
006 SIDA;Mujeres;29 Málaga;8
006 SIDA;Mujeres;30 Murcia;1
006 SIDA;Mujeres;31 Navarra;2
006 SIDA;Mujeres;32 Ourense;1
006 SIDA;Mujeres;34 Palencia;0
006 SIDA;Mujeres;35 Palmas, Las;3
006 SIDA;Mujeres;36 Pontevedra;3
006 SIDA;Mujeres;26 Rioja, La;0
006 SIDA;Mujeres;37 Salamanca;1
006 SIDA;Mujeres;38 Santa Cruz de Tenerife;1
006 SIDA;Mujeres;40 Segovia;0
006 SIDA;Mujeres;41 Sevilla;4
006 SIDA;Mujeres;42 Soria;0
006 SIDA;Mujeres;43 Tarragona;0
006 SIDA;Mujeres;44 Teruel;0
006 SIDA;Mujeres;45 Toledo;0
006 SIDA;Mujeres;46 Valencia/València;4
006 SIDA;Mujeres;47 Valladolid;0
006 SIDA;Mujeres;49 Zamora;0
006 SIDA;Mujeres;50 Zaragoza;1
006 SIDA;Mujeres;51 Ceuta;0
006 SIDA;Mujeres;52 Melilla;2
006 SIDA;Mujeres;Extranjero;1
007 VIH+ (portador, evidencias de laboratorio del VIH,...);Hombres;Total;0
007 VIH+ (portador, evidencias de laboratorio del VIH,...);Hombres;02 Albacete;0
007 VIH+ (portador, evidencias de laboratorio del VIH,...);Hombres;03 Alicante/Alacant;0
007 VIH+ (portador, evidencias de laboratorio del VIH,...);Hombres;04 Almería;0
007 VIH+ (portador, evidencias de laboratorio del VIH,...);Hombres;01 Araba/Álava;0
007 VIH+ (portador, evidencias de laboratorio del VIH,...);Hombres;33 Asturias;0
007 VIH+ (portador, evidencias de laboratorio del VIH,...);Hombres;05 Ávila;0
007 VIH+ (portador, evidencias de laboratorio del VIH,...);Hombres;06 Badajoz;0
007 VIH+ (portador, evidencias de laboratorio del VIH,...);Hombres;07 Balears, Illes;0
007 VIH+ (portador, evidencias de laboratorio del VIH,...);Hombres;08 Barcelona;0
007 VIH+ (portador, evidencias de laboratorio del VIH,...);Hombres;48 Bizkaia;0
007 VIH+ (portador, evidencias de laboratorio del VIH,...);Hombres;09 Burgos;0
007 VIH+ (portador, evidencias de laboratorio del VIH,...);Hombres;10 Cáceres;0
007 VIH+ (portador, evidencias de laboratorio del VIH,...);Hombres;11 Cádiz;0
007 VIH+ (portador, evidencias de laboratorio del VIH,...);Hombres;39 Cantabria;0
007 VIH+ (portador, evidencias de laboratorio del VIH,...);Hombres;12 Castellón/Castelló;0
007 VIH+ (portador, evidencias de laboratorio del VIH,...);Hombres;13 Ciudad Real;0
007 VIH+ (portador, evidencias de laboratorio del VIH,...);Hombres;14 Córdoba;0
007 VIH+ (portador, evidencias de laboratorio del VIH,...);Hombres;15 Coruña, A;0
007 VIH+ (portador, evidencias de laboratorio del VIH,...);Hombres;16 Cuenca;0
007 VIH+ (portador, evidencias de laboratorio del VIH,...);Hombres;20 Gipuzkoa;0
007 VIH+ (portador, evidencias de laboratorio del VIH,...);Hombres;17 Girona;0
007 VIH+ (portador, evidencias de laboratorio del VIH,...);Hombres;18 Granada;0
007 VIH+ (portador, evidencias de laboratorio del VIH,...);Hombres;19 Guadalajara;0
007 VIH+ (portador, evidencias de laboratorio del VIH,...);Hombres;21 Huelva;0
007 VIH+ (portador, evidencias de laboratorio del VIH,...);Hombres;22 Huesca;0
007 VIH+ (portador, evidencias de laboratorio del VIH,...);Hombres;23 Jaén;0
007 VIH+ (portador, evidencias de laboratorio del VIH,...);Hombres;24 León;0
007 VIH+ (portador, evidencias de laboratorio del VIH,...);Hombres;25 Lleida;0
007 VIH+ (portador, evidencias de laboratorio del VIH,...);Hombres;27 Lugo;0
007 VIH+ (portador, evidencias de laboratorio del VIH,...);Hombres;28 Madrid;0
007 VIH+ (portador, evidencias de laboratorio del VIH,...);Hombres;29 Málaga;0
007 VIH+ (portador, evidencias de laboratorio del VIH,...);Hombres;30 Murcia;0
007 VIH+ (portador, evidencias de laboratorio del VIH,...);Hombres;31 Navarra;0
007 VIH+ (portador, evidencias de laboratorio del VIH,...);Hombres;32 Ourense;0
007 VIH+ (portador, evidencias de laboratorio del VIH,...);Hombres;34 Palencia;0
007 VIH+ (portador, evidencias de laboratorio del VIH,...);Hombres;35 Palmas, Las;0
007 VIH+ (portador, evidencias de laboratorio del VIH,...);Hombres;36 Pontevedra;0
007 VIH+ (portador, evidencias de laboratorio del VIH,...);Hombres;26 Rioja, La;0
007 VIH+ (portador, evidencias de laboratorio del VIH,...);Hombres;37 Salamanca;0
007 VIH+ (portador, evidencias de laboratorio del VIH,...);Hombres;38 Santa Cruz de Tenerife;0
007 VIH+ (portador, evidencias de laboratorio del VIH,...);Hombres;40 Segovia;0
007 VIH+ (portador, evidencias de laboratorio del VIH,...);Hombres;41 Sevilla;0
007 VIH+ (portador, evidencias de laboratorio del VIH,...);Hombres;42 Soria;0
007 VIH+ (portador, evidencias de laboratorio del VIH,...);Hombres;43 Tarragona;0
007 VIH+ (portador, evidencias de laboratorio del VIH,...);Hombres;44 Teruel;0
007 VIH+ (portador, evidencias de laboratorio del VIH,...);Hombres;45 Toledo;0
007 VIH+ (portador, evidencias de laboratorio del VIH,...);Hombres;46 Valencia/València;0
007 VIH+ (portador, evidencias de laboratorio del VIH,...);Hombres;47 Valladolid;0
007 VIH+ (portador, evidencias de laboratorio del VIH,...);Hombres;49 Zamora;0
007 VIH+ (portador, evidencias de laboratorio del VIH,...);Hombres;50 Zaragoza;0
007 VIH+ (portador, evidencias de laboratorio del VIH,...);Hombres;51 Ceuta;0
007 VIH+ (portador, evidencias de laboratorio del VIH,...);Hombres;52 Melilla;0
007 VIH+ (portador, evidencias de laboratorio del VIH,...);Hombres;Extranjero;0
007 VIH+ (portador, evidencias de laboratorio del VIH,...);Mujeres;Total;0
007 VIH+ (portador, evidencias de laboratorio del VIH,...);Mujeres;02 Albacete;0
007 VIH+ (portador, evidencias de laboratorio del VIH,...);Mujeres;03 Alicante/Alacant;0
007 VIH+ (portador, evidencias de laboratorio del VIH,...);Mujeres;04 Almería;0
007 VIH+ (portador, evidencias de laboratorio del VIH,...);Mujeres;01 Araba/Álava;0
007 VIH+ (portador, evidencias de laboratorio del VIH,...);Mujeres;33 Asturias;0
007 VIH+ (portador, evidencias de laboratorio del VIH,...);Mujeres;05 Ávila;0
007 VIH+ (portador, evidencias de laboratorio del VIH,...);Mujeres;06 Badajoz;0
007 VIH+ (portador, evidencias de laboratorio del VIH,...);Mujeres;07 Balears, Illes;0
007 VIH+ (portador, evidencias de laboratorio del VIH,...);Mujeres;08 Barcelona;0
007 VIH+ (portador, evidencias de laboratorio del VIH,...);Mujeres;48 Bizkaia;0
007 VIH+ (portador, evidencias de laboratorio del VIH,...);Mujeres;09 Burgos;0
007 VIH+ (portador, evidencias de laboratorio del VIH,...);Mujeres;10 Cáceres;0
007 VIH+ (portador, evidencias de laboratorio del VIH,...);Mujeres;11 Cádiz;0
007 VIH+ (portador, evidencias de laboratorio del VIH,...);Mujeres;39 Cantabria;0
007 VIH+ (portador, evidencias de laboratorio del VIH,...);Mujeres;12 Castellón/Castelló;0
007 VIH+ (portador, evidencias de laboratorio del VIH,...);Mujeres;13 Ciudad Real;0
007 VIH+ (portador, evidencias de laboratorio del VIH,...);Mujeres;14 Córdoba;0
007 VIH+ (portador, evidencias de laboratorio del VIH,...);Mujeres;15 Coruña, A;0
007 VIH+ (portador, evidencias de laboratorio del VIH,...);Mujeres;16 Cuenca;0
007 VIH+ (portador, evidencias de laboratorio del VIH,...);Mujeres;20 Gipuzkoa;0
007 VIH+ (portador, evidencias de laboratorio del VIH,...);Mujeres;17 Girona;0
007 VIH+ (portador, evidencias de laboratorio del VIH,...);Mujeres;18 Granada;0
007 VIH+ (portador, evidencias de laboratorio del VIH,...);Mujeres;19 Guadalajara;0
007 VIH+ (portador, evidencias de laboratorio del VIH,...);Mujeres;21 Huelva;0
007 VIH+ (portador, evidencias de laboratorio del VIH,...);Mujeres;22 Huesca;0
007 VIH+ (portador, evidencias de laboratorio del VIH,...);Mujeres;23 Jaén;0
007 VIH+ (portador, evidencias de laboratorio del VIH,...);Mujeres;24 León;0
007 VIH+ (portador, evidencias de laboratorio del VIH,...);Mujeres;25 Lleida;0
007 VIH+ (portador, evidencias de laboratorio del VIH,...);Mujeres;27 Lugo;0
007 VIH+ (portador, evidencias de laboratorio del VIH,...);Mujeres;28 Madrid;0
007 VIH+ (portador, evidencias de laboratorio del VIH,...);Mujeres;29 Málaga;0
007 VIH+ (portador, evidencias de laboratorio del VIH,...);Mujeres;30 Murcia;0
007 VIH+ (portador, evidencias de laboratorio del VIH,...);Mujeres;31 Navarra;0
007 VIH+ (portador, evidencias de laboratorio del VIH,...);Mujeres;32 Ourense;0
007 VIH+ (portador, evidencias de laboratorio del VIH,...);Mujeres;34 Palencia;0
007 VIH+ (portador, evidencias de laboratorio del VIH,...);Mujeres;35 Palmas, Las;0
007 VIH+ (portador, evidencias de laboratorio del VIH,...);Mujeres;36 Pontevedra;0
007 VIH+ (portador, evidencias de laboratorio del VIH,...);Mujeres;26 Rioja, La;0
007 VIH+ (portador, evidencias de laboratorio del VIH,...);Mujeres;37 Salamanca;0
007 VIH+ (portador, evidencias de laboratorio del VIH,...);Mujeres;38 Santa Cruz de Tenerife;0
007 VIH+ (portador, evidencias de laboratorio del VIH,...);Mujeres;40 Segovia;0
007 VIH+ (portador, evidencias de laboratorio del VIH,...);Mujeres;41 Sevilla;0
007 VIH+ (portador, evidencias de laboratorio del VIH,...);Mujeres;42 Soria;0
007 VIH+ (portador, evidencias de laboratorio del VIH,...);Mujeres;43 Tarragona;0
007 VIH+ (portador, evidencias de laboratorio del VIH,...);Mujeres;44 Teruel;0
007 VIH+ (portador, evidencias de laboratorio del VIH,...);Mujeres;45 Toledo;0
007 VIH+ (portador, evidencias de laboratorio del VIH,...);Mujeres;46 Valencia/València;0
007 VIH+ (portador, evidencias de laboratorio del VIH,...);Mujeres;47 Valladolid;0
007 VIH+ (portador, evidencias de laboratorio del VIH,...);Mujeres;49 Zamora;0
007 VIH+ (portador, evidencias de laboratorio del VIH,...);Mujeres;50 Zaragoza;0
007 VIH+ (portador, evidencias de laboratorio del VIH,...);Mujeres;51 Ceuta;0
007 VIH+ (portador, evidencias de laboratorio del VIH,...);Mujeres;52 Melilla;0
007 VIH+ (portador, evidencias de laboratorio del VIH,...);Mujeres;Extranjero;0
008 Resto de enfermedades infecciosas y parasitarias y sus efectos tardíos;Hombres;Total;575
008 Resto de enfermedades infecciosas y parasitarias y sus efectos tardíos;Hombres;02 Albacete;4
008 Resto de enfermedades infecciosas y parasitarias y sus efectos tardíos;Hombres;03 Alicante/Alacant;22
008 Resto de enfermedades infecciosas y parasitarias y sus efectos tardíos;Hombres;04 Almería;8
008 Resto de enfermedades infecciosas y parasitarias y sus efectos tardíos;Hombres;01 Araba/Álava;5
008 Resto de enfermedades infecciosas y parasitarias y sus efectos tardíos;Hombres;33 Asturias;13
008 Resto de enfermedades infecciosas y parasitarias y sus efectos tardíos;Hombres;05 Ávila;5
008 Resto de enfermedades infecciosas y parasitarias y sus efectos tardíos;Hombres;06 Badajoz;7
008 Resto de enfermedades infecciosas y parasitarias y sus efectos tardíos;Hombres;07 Balears, Illes;6
008 Resto de enfermedades infecciosas y parasitarias y sus efectos tardíos;Hombres;08 Barcelona;63
008 Resto de enfermedades infecciosas y parasitarias y sus efectos tardíos;Hombres;48 Bizkaia;15
008 Resto de enfermedades infecciosas y parasitarias y sus efectos tardíos;Hombres;09 Burgos;9
008 Resto de enfermedades infecciosas y parasitarias y sus efectos tardíos;Hombres;10 Cáceres;5
008 Resto de enfermedades infecciosas y parasitarias y sus efectos tardíos;Hombres;11 Cádiz;15
008 Resto de enfermedades infecciosas y parasitarias y sus efectos tardíos;Hombres;39 Cantabria;9
008 Resto de enfermedades infecciosas y parasitarias y sus efectos tardíos;Hombres;12 Castellón/Castelló;7
008 Resto de enfermedades infecciosas y parasitarias y sus efectos tardíos;Hombres;13 Ciudad Real;6
008 Resto de enfermedades infecciosas y parasitarias y sus efectos tardíos;Hombres;14 Córdoba;7
008 Resto de enfermedades infecciosas y parasitarias y sus efectos tardíos;Hombres;15 Coruña, A;16
008 Resto de enfermedades infecciosas y parasitarias y sus efectos tardíos;Hombres;16 Cuenca;4
008 Resto de enfermedades infecciosas y parasitarias y sus efectos tardíos;Hombres;20 Gipuzkoa;7
008 Resto de enfermedades infecciosas y parasitarias y sus efectos tardíos;Hombres;17 Girona;13
008 Resto de enfermedades infecciosas y parasitarias y sus efectos tardíos;Hombres;18 Granada;15
008 Resto de enfermedades infecciosas y parasitarias y sus efectos tardíos;Hombres;19 Guadalajara;3
008 Resto de enfermedades infecciosas y parasitarias y sus efectos tardíos;Hombres;21 Huelva;8
008 Resto de enfermedades infecciosas y parasitarias y sus efectos tardíos;Hombres;22 Huesca;3
008 Resto de enfermedades infecciosas y parasitarias y sus efectos tardíos;Hombres;23 Jaén;5
008 Resto de enfermedades infecciosas y parasitarias y sus efectos tardíos;Hombres;24 León;8
008 Resto de enfermedades infecciosas y parasitarias y sus efectos tardíos;Hombres;25 Lleida;5
008 Resto de enfermedades infecciosas y parasitarias y sus efectos tardíos;Hombres;27 Lugo;2
008 Resto de enfermedades infecciosas y parasitarias y sus efectos tardíos;Hombres;28 Madrid;81
008 Resto de enfermedades infecciosas y parasitarias y sus efectos tardíos;Hombres;29 Málaga;16
008 Resto de enfermedades infecciosas y parasitarias y sus efectos tardíos;Hombres;30 Murcia;8
008 Resto de enfermedades infecciosas y parasitarias y sus efectos tardíos;Hombres;31 Navarra;14
008 Resto de enfermedades infecciosas y parasitarias y sus efectos tardíos;Hombres;32 Ourense;1
008 Resto de enfermedades infecciosas y parasitarias y sus efectos tardíos;Hombres;34 Palencia;3
008 Resto de enfermedades infecciosas y parasitarias y sus efectos tardíos;Hombres;35 Palmas, Las;12
008 Resto de enfermedades infecciosas y parasitarias y sus efectos tardíos;Hombres;36 Pontevedra;7
008 Resto de enfermedades infecciosas y parasitarias y sus efectos tardíos;Hombres;26 Rioja, La;9
008 Resto de enfermedades infecciosas y parasitarias y sus efectos tardíos;Hombres;37 Salamanca;8
008 Resto de enfermedades infecciosas y parasitarias y sus efectos tardíos;Hombres;38 Santa Cruz de Tenerife;11
008 Resto de enfermedades infecciosas y parasitarias y sus efectos tardíos;Hombres;40 Segovia;1
008 Resto de enfermedades infecciosas y parasitarias y sus efectos tardíos;Hombres;41 Sevilla;26
008 Resto de enfermedades infecciosas y parasitarias y sus efectos tardíos;Hombres;42 Soria;1
008 Resto de enfermedades infecciosas y parasitarias y sus efectos tardíos;Hombres;43 Tarragona;16
008 Resto de enfermedades infecciosas y parasitarias y sus efectos tardíos;Hombres;44 Teruel;1
008 Resto de enfermedades infecciosas y parasitarias y sus efectos tardíos;Hombres;45 Toledo;11
008 Resto de enfermedades infecciosas y parasitarias y sus efectos tardíos;Hombres;46 Valencia/València;32
008 Resto de enfermedades infecciosas y parasitarias y sus efectos tardíos;Hombres;47 Valladolid;4
008 Resto de enfermedades infecciosas y parasitarias y sus efectos tardíos;Hombres;49 Zamora;2
008 Resto de enfermedades infecciosas y parasitarias y sus efectos tardíos;Hombres;50 Zaragoza;8
008 Resto de enfermedades infecciosas y parasitarias y sus efectos tardíos;Hombres;51 Ceuta;1
008 Resto de enfermedades infecciosas y parasitarias y sus efectos tardíos;Hombres;52 Melilla;0
008 Resto de enfermedades infecciosas y parasitarias y sus efectos tardíos;Hombres;Extranjero;7
008 Resto de enfermedades infecciosas y parasitarias y sus efectos tardíos;Mujeres;Total;495
008 Resto de enfermedades infecciosas y parasitarias y sus efectos tardíos;Mujeres;02 Albacete;5
008 Resto de enfermedades infecciosas y parasitarias y sus efectos tardíos;Mujeres;03 Alicante/Alacant;17
008 Resto de enfermedades infecciosas y parasitarias y sus efectos tardíos;Mujeres;04 Almería;6
008 Resto de enfermedades infecciosas y parasitarias y sus efectos tardíos;Mujeres;01 Araba/Álava;2
008 Resto de enfermedades infecciosas y parasitarias y sus efectos tardíos;Mujeres;33 Asturias;22
008 Resto de enfermedades infecciosas y parasitarias y sus efectos tardíos;Mujeres;05 Ávila;3
008 Resto de enfermedades infecciosas y parasitarias y sus efectos tardíos;Mujeres;06 Badajoz;6
008 Resto de enfermedades infecciosas y parasitarias y sus efectos tardíos;Mujeres;07 Balears, Illes;11
008 Resto de enfermedades infecciosas y parasitarias y sus efectos tardíos;Mujeres;08 Barcelona;64
008 Resto de enfermedades infecciosas y parasitarias y sus efectos tardíos;Mujeres;48 Bizkaia;17
008 Resto de enfermedades infecciosas y parasitarias y sus efectos tardíos;Mujeres;09 Burgos;7
008 Resto de enfermedades infecciosas y parasitarias y sus efectos tardíos;Mujeres;10 Cáceres;3
008 Resto de enfermedades infecciosas y parasitarias y sus efectos tardíos;Mujeres;11 Cádiz;15
008 Resto de enfermedades infecciosas y parasitarias y sus efectos tardíos;Mujeres;39 Cantabria;10
008 Resto de enfermedades infecciosas y parasitarias y sus efectos tardíos;Mujeres;12 Castellón/Castelló;8
008 Resto de enfermedades infecciosas y parasitarias y sus efectos tardíos;Mujeres;13 Ciudad Real;5
008 Resto de enfermedades infecciosas y parasitarias y sus efectos tardíos;Mujeres;14 Córdoba;3
008 Resto de enfermedades infecciosas y parasitarias y sus efectos tardíos;Mujeres;15 Coruña, A;11
008 Resto de enfermedades infecciosas y parasitarias y sus efectos tardíos;Mujeres;16 Cuenca;3
008 Resto de enfermedades infecciosas y parasitarias y sus efectos tardíos;Mujeres;20 Gipuzkoa;9
008 Resto de enfermedades infecciosas y parasitarias y sus efectos tardíos;Mujeres;17 Girona;4
008 Resto de enfermedades infecciosas y parasitarias y sus efectos tardíos;Mujeres;18 Granada;10
008 Resto de enfermedades infecciosas y parasitarias y sus efectos tardíos;Mujeres;19 Guadalajara;3
008 Resto de enfermedades infecciosas y parasitarias y sus efectos tardíos;Mujeres;21 Huelva;4
008 Resto de enfermedades infecciosas y parasitarias y sus efectos tardíos;Mujeres;22 Huesca;0
008 Resto de enfermedades infecciosas y parasitarias y sus efectos tardíos;Mujeres;23 Jaén;8
008 Resto de enfermedades infecciosas y parasitarias y sus efectos tardíos;Mujeres;24 León;6
008 Resto de enfermedades infecciosas y parasitarias y sus efectos tardíos;Mujeres;25 Lleida;3
008 Resto de enfermedades infecciosas y parasitarias y sus efectos tardíos;Mujeres;27 Lugo;2
008 Resto de enfermedades infecciosas y parasitarias y sus efectos tardíos;Mujeres;28 Madrid;69
008 Resto de enfermedades infecciosas y parasitarias y sus efectos tardíos;Mujeres;29 Málaga;13
008 Resto de enfermedades infecciosas y parasitarias y sus efectos tardíos;Mujeres;30 Murcia;14
008 Resto de enfermedades infecciosas y parasitarias y sus efectos tardíos;Mujeres;31 Navarra;12
008 Resto de enfermedades infecciosas y parasitarias y sus efectos tardíos;Mujeres;32 Ourense;2
008 Resto de enfermedades infecciosas y parasitarias y sus efectos tardíos;Mujeres;34 Palencia;1
008 Resto de enfermedades infecciosas y parasitarias y sus efectos tardíos;Mujeres;35 Palmas, Las;10
008 Resto de enfermedades infecciosas y parasitarias y sus efectos tardíos;Mujeres;36 Pontevedra;5
008 Resto de enfermedades infecciosas y parasitarias y sus efectos tardíos;Mujeres;26 Rioja, La;2
008 Resto de enfermedades infecciosas y parasitarias y sus efectos tardíos;Mujeres;37 Salamanca;6
008 Resto de enfermedades infecciosas y parasitarias y sus efectos tardíos;Mujeres;38 Santa Cruz de Tenerife;7
008 Resto de enfermedades infecciosas y parasitarias y sus efectos tardíos;Mujeres;40 Segovia;3
008 Resto de enfermedades infecciosas y parasitarias y sus efectos tardíos;Mujeres;41 Sevilla;16
008 Resto de enfermedades infecciosas y parasitarias y sus efectos tardíos;Mujeres;42 Soria;1
008 Resto de enfermedades infecciosas y parasitarias y sus efectos tardíos;Mujeres;43 Tarragona;5
008 Resto de enfermedades infecciosas y parasitarias y sus efectos tardíos;Mujeres;44 Teruel;3
008 Resto de enfermedades infecciosas y parasitarias y sus efectos tardíos;Mujeres;45 Toledo;6
008 Resto de enfermedades infecciosas y parasitarias y sus efectos tardíos;Mujeres;46 Valencia/València;21
008 Resto de enfermedades infecciosas y parasitarias y sus efectos tardíos;Mujeres;47 Valladolid;9
008 Resto de enfermedades infecciosas y parasitarias y sus efectos tardíos;Mujeres;49 Zamora;4
008 Resto de enfermedades infecciosas y parasitarias y sus efectos tardíos;Mujeres;50 Zaragoza;16
008 Resto de enfermedades infecciosas y parasitarias y sus efectos tardíos;Mujeres;51 Ceuta;0
008 Resto de enfermedades infecciosas y parasitarias y sus efectos tardíos;Mujeres;52 Melilla;1
008 Resto de enfermedades infecciosas y parasitarias y sus efectos tardíos;Mujeres;Extranjero;2
009-041 II.Tumores;Hombres;Total;67.951
009-041 II.Tumores;Hombres;02 Albacete;560
009-041 II.Tumores;Hombres;03 Alicante/Alacant;2.607
009-041 II.Tumores;Hombres;04 Almería;902
009-041 II.Tumores;Hombres;01 Araba/Álava;521
009-041 II.Tumores;Hombres;33 Asturias;2.093
009-041 II.Tumores;Hombres;05 Ávila;303
009-041 II.Tumores;Hombres;06 Badajoz;1.168
009-041 II.Tumores;Hombres;07 Balears, Illes;1.349
009-041 II.Tumores;Hombres;08 Barcelona;7.742
009-041 II.Tumores;Hombres;48 Bizkaia;2.134
009-041 II.Tumores;Hombres;09 Burgos;632
009-041 II.Tumores;Hombres;10 Cáceres;738
009-041 II.Tumores;Hombres;11 Cádiz;1.719
009-041 II.Tumores;Hombres;39 Cantabria;1.003
009-041 II.Tumores;Hombres;12 Castellón/Castelló;896
009-041 II.Tumores;Hombres;13 Ciudad Real;776
009-041 II.Tumores;Hombres;14 Córdoba;1.105
009-041 II.Tumores;Hombres;15 Coruña, A;2.052
009-041 II.Tumores;Hombres;16 Cuenca;339
009-041 II.Tumores;Hombres;20 Gipuzkoa;1.118
009-041 II.Tumores;Hombres;17 Girona;1.091
009-041 II.Tumores;Hombres;18 Granada;1.243
009-041 II.Tumores;Hombres;19 Guadalajara;313
009-041 II.Tumores;Hombres;21 Huelva;709
009-041 II.Tumores;Hombres;22 Huesca;421
009-041 II.Tumores;Hombres;23 Jaén;848
009-041 II.Tumores;Hombres;24 León;996
009-041 II.Tumores;Hombres;25 Lleida;656
009-041 II.Tumores;Hombres;27 Lugo;666
009-041 II.Tumores;Hombres;28 Madrid;7.693
009-041 II.Tumores;Hombres;29 Málaga;2.052
009-041 II.Tumores;Hombres;30 Murcia;1.815
009-041 II.Tumores;Hombres;31 Navarra;920
009-041 II.Tumores;Hombres;32 Ourense;707
009-041 II.Tumores;Hombres;34 Palencia;325
009-041 II.Tumores;Hombres;35 Palmas, Las;1.348
009-041 II.Tumores;Hombres;36 Pontevedra;1.610
009-041 II.Tumores;Hombres;26 Rioja, La;507
009-041 II.Tumores;Hombres;37 Salamanca;675
009-041 II.Tumores;Hombres;38 Santa Cruz de Tenerife;1.285
009-041 II.Tumores;Hombres;40 Segovia;270
009-041 II.Tumores;Hombres;41 Sevilla;2.568
009-041 II.Tumores;Hombres;42 Soria;170
009-041 II.Tumores;Hombres;43 Tarragona;1.124
009-041 II.Tumores;Hombres;44 Teruel;235
009-041 II.Tumores;Hombres;45 Toledo;1.019
009-041 II.Tumores;Hombres;46 Valencia/València;3.744
009-041 II.Tumores;Hombres;47 Valladolid;932
009-041 II.Tumores;Hombres;49 Zamora;422
009-041 II.Tumores;Hombres;50 Zaragoza;1.527
009-041 II.Tumores;Hombres;51 Ceuta;74
009-041 II.Tumores;Hombres;52 Melilla;73
009-041 II.Tumores;Hombres;Extranjero;156
009-041 II.Tumores;Mujeres;Total;45.108
009-041 II.Tumores;Mujeres;02 Albacete;357
009-041 II.Tumores;Mujeres;03 Alicante/Alacant;1.661
009-041 II.Tumores;Mujeres;04 Almería;523
009-041 II.Tumores;Mujeres;01 Araba/Álava;322
009-041 II.Tumores;Mujeres;33 Asturias;1.474
009-041 II.Tumores;Mujeres;05 Ávila;178
009-041 II.Tumores;Mujeres;06 Badajoz;691
009-041 II.Tumores;Mujeres;07 Balears, Illes;932
009-041 II.Tumores;Mujeres;08 Barcelona;5.275
009-041 II.Tumores;Mujeres;48 Bizkaia;1.412
009-041 II.Tumores;Mujeres;09 Burgos;375
009-041 II.Tumores;Mujeres;10 Cáceres;432
009-041 II.Tumores;Mujeres;11 Cádiz;1.107
009-041 II.Tumores;Mujeres;39 Cantabria;690
009-041 II.Tumores;Mujeres;12 Castellón/Castelló;533
009-041 II.Tumores;Mujeres;13 Ciudad Real;486
009-041 II.Tumores;Mujeres;14 Córdoba;672
009-041 II.Tumores;Mujeres;15 Coruña, A;1.308
009-041 II.Tumores;Mujeres;16 Cuenca;196
009-041 II.Tumores;Mujeres;20 Gipuzkoa;803
009-041 II.Tumores;Mujeres;17 Girona;654
009-041 II.Tumores;Mujeres;18 Granada;805
009-041 II.Tumores;Mujeres;19 Guadalajara;236
009-041 II.Tumores;Mujeres;21 Huelva;415
009-041 II.Tumores;Mujeres;22 Huesca;220
009-041 II.Tumores;Mujeres;23 Jaén;553
009-041 II.Tumores;Mujeres;24 León;613
009-041 II.Tumores;Mujeres;25 Lleida;408
009-041 II.Tumores;Mujeres;27 Lugo;468
009-041 II.Tumores;Mujeres;28 Madrid;5.889
009-041 II.Tumores;Mujeres;29 Málaga;1.318
009-041 II.Tumores;Mujeres;30 Murcia;1.159
009-041 II.Tumores;Mujeres;31 Navarra;635
009-041 II.Tumores;Mujeres;32 Ourense;482
009-041 II.Tumores;Mujeres;34 Palencia;213
009-041 II.Tumores;Mujeres;35 Palmas, Las;905
009-041 II.Tumores;Mujeres;36 Pontevedra;1.069
009-041 II.Tumores;Mujeres;26 Rioja, La;347
009-041 II.Tumores;Mujeres;37 Salamanca;453
009-041 II.Tumores;Mujeres;38 Santa Cruz de Tenerife;952
009-041 II.Tumores;Mujeres;40 Segovia;174
009-041 II.Tumores;Mujeres;41 Sevilla;1.613
009-041 II.Tumores;Mujeres;42 Soria;124
009-041 II.Tumores;Mujeres;43 Tarragona;761
009-041 II.Tumores;Mujeres;44 Teruel;140
009-041 II.Tumores;Mujeres;45 Toledo;574
009-041 II.Tumores;Mujeres;46 Valencia/València;2.388
009-041 II.Tumores;Mujeres;47 Valladolid;582
009-041 II.Tumores;Mujeres;49 Zamora;235
009-041 II.Tumores;Mujeres;50 Zaragoza;1.054
009-041 II.Tumores;Mujeres;51 Ceuta;55
009-041 II.Tumores;Mujeres;52 Melilla;59
009-041 II.Tumores;Mujeres;Extranjero;128
009 Tumor maligno del labio, de la cavidad bucal y de la faringe;Hombres;Total;1.666
009 Tumor maligno del labio, de la cavidad bucal y de la faringe;Hombres;02 Albacete;11
009 Tumor maligno del labio, de la cavidad bucal y de la faringe;Hombres;03 Alicante/Alacant;67
009 Tumor maligno del labio, de la cavidad bucal y de la faringe;Hombres;04 Almería;19
009 Tumor maligno del labio, de la cavidad bucal y de la faringe;Hombres;01 Araba/Álava;9
009 Tumor maligno del labio, de la cavidad bucal y de la faringe;Hombres;33 Asturias;61
009 Tumor maligno del labio, de la cavidad bucal y de la faringe;Hombres;05 Ávila;3
009 Tumor maligno del labio, de la cavidad bucal y de la faringe;Hombres;06 Badajoz;29
009 Tumor maligno del labio, de la cavidad bucal y de la faringe;Hombres;07 Balears, Illes;46
009 Tumor maligno del labio, de la cavidad bucal y de la faringe;Hombres;08 Barcelona;184
009 Tumor maligno del labio, de la cavidad bucal y de la faringe;Hombres;48 Bizkaia;53
009 Tumor maligno del labio, de la cavidad bucal y de la faringe;Hombres;09 Burgos;20
009 Tumor maligno del labio, de la cavidad bucal y de la faringe;Hombres;10 Cáceres;12
009 Tumor maligno del labio, de la cavidad bucal y de la faringe;Hombres;11 Cádiz;44
009 Tumor maligno del labio, de la cavidad bucal y de la faringe;Hombres;39 Cantabria;31
009 Tumor maligno del labio, de la cavidad bucal y de la faringe;Hombres;12 Castellón/Castelló;16
009 Tumor maligno del labio, de la cavidad bucal y de la faringe;Hombres;13 Ciudad Real;16
009 Tumor maligno del labio, de la cavidad bucal y de la faringe;Hombres;14 Córdoba;30
009 Tumor maligno del labio, de la cavidad bucal y de la faringe;Hombres;15 Coruña, A;61
009 Tumor maligno del labio, de la cavidad bucal y de la faringe;Hombres;16 Cuenca;5
009 Tumor maligno del labio, de la cavidad bucal y de la faringe;Hombres;20 Gipuzkoa;33
009 Tumor maligno del labio, de la cavidad bucal y de la faringe;Hombres;17 Girona;31
009 Tumor maligno del labio, de la cavidad bucal y de la faringe;Hombres;18 Granada;26
009 Tumor maligno del labio, de la cavidad bucal y de la faringe;Hombres;19 Guadalajara;9
009 Tumor maligno del labio, de la cavidad bucal y de la faringe;Hombres;21 Huelva;23
009 Tumor maligno del labio, de la cavidad bucal y de la faringe;Hombres;22 Huesca;13
009 Tumor maligno del labio, de la cavidad bucal y de la faringe;Hombres;23 Jaén;23
009 Tumor maligno del labio, de la cavidad bucal y de la faringe;Hombres;24 León;17
009 Tumor maligno del labio, de la cavidad bucal y de la faringe;Hombres;25 Lleida;9
009 Tumor maligno del labio, de la cavidad bucal y de la faringe;Hombres;27 Lugo;19
009 Tumor maligno del labio, de la cavidad bucal y de la faringe;Hombres;28 Madrid;157
009 Tumor maligno del labio, de la cavidad bucal y de la faringe;Hombres;29 Málaga;47
009 Tumor maligno del labio, de la cavidad bucal y de la faringe;Hombres;30 Murcia;51
009 Tumor maligno del labio, de la cavidad bucal y de la faringe;Hombres;31 Navarra;19
009 Tumor maligno del labio, de la cavidad bucal y de la faringe;Hombres;32 Ourense;23
009 Tumor maligno del labio, de la cavidad bucal y de la faringe;Hombres;34 Palencia;8
009 Tumor maligno del labio, de la cavidad bucal y de la faringe;Hombres;35 Palmas, Las;61
009 Tumor maligno del labio, de la cavidad bucal y de la faringe;Hombres;36 Pontevedra;33
009 Tumor maligno del labio, de la cavidad bucal y de la faringe;Hombres;26 Rioja, La;15
009 Tumor maligno del labio, de la cavidad bucal y de la faringe;Hombres;37 Salamanca;11
009 Tumor maligno del labio, de la cavidad bucal y de la faringe;Hombres;38 Santa Cruz de Tenerife;47
009 Tumor maligno del labio, de la cavidad bucal y de la faringe;Hombres;40 Segovia;8
009 Tumor maligno del labio, de la cavidad bucal y de la faringe;Hombres;41 Sevilla;60
009 Tumor maligno del labio, de la cavidad bucal y de la faringe;Hombres;42 Soria;3
009 Tumor maligno del labio, de la cavidad bucal y de la faringe;Hombres;43 Tarragona;25
009 Tumor maligno del labio, de la cavidad bucal y de la faringe;Hombres;44 Teruel;3
009 Tumor maligno del labio, de la cavidad bucal y de la faringe;Hombres;45 Toledo;19
009 Tumor maligno del labio, de la cavidad bucal y de la faringe;Hombres;46 Valencia/València;95
009 Tumor maligno del labio, de la cavidad bucal y de la faringe;Hombres;47 Valladolid;17
009 Tumor maligno del labio, de la cavidad bucal y de la faringe;Hombres;49 Zamora;9
009 Tumor maligno del labio, de la cavidad bucal y de la faringe;Hombres;50 Zaragoza;24
009 Tumor maligno del labio, de la cavidad bucal y de la faringe;Hombres;51 Ceuta;4
009 Tumor maligno del labio, de la cavidad bucal y de la faringe;Hombres;52 Melilla;4
009 Tumor maligno del labio, de la cavidad bucal y de la faringe;Hombres;Extranjero;3
009 Tumor maligno del labio, de la cavidad bucal y de la faringe;Mujeres;Total;641
009 Tumor maligno del labio, de la cavidad bucal y de la faringe;Mujeres;02 Albacete;9
009 Tumor maligno del labio, de la cavidad bucal y de la faringe;Mujeres;03 Alicante/Alacant;33
009 Tumor maligno del labio, de la cavidad bucal y de la faringe;Mujeres;04 Almería;10
009 Tumor maligno del labio, de la cavidad bucal y de la faringe;Mujeres;01 Araba/Álava;6
009 Tumor maligno del labio, de la cavidad bucal y de la faringe;Mujeres;33 Asturias;17
009 Tumor maligno del labio, de la cavidad bucal y de la faringe;Mujeres;05 Ávila;5
009 Tumor maligno del labio, de la cavidad bucal y de la faringe;Mujeres;06 Badajoz;11
009 Tumor maligno del labio, de la cavidad bucal y de la faringe;Mujeres;07 Balears, Illes;12
009 Tumor maligno del labio, de la cavidad bucal y de la faringe;Mujeres;08 Barcelona;80
009 Tumor maligno del labio, de la cavidad bucal y de la faringe;Mujeres;48 Bizkaia;26
009 Tumor maligno del labio, de la cavidad bucal y de la faringe;Mujeres;09 Burgos;3
009 Tumor maligno del labio, de la cavidad bucal y de la faringe;Mujeres;10 Cáceres;6
009 Tumor maligno del labio, de la cavidad bucal y de la faringe;Mujeres;11 Cádiz;14
009 Tumor maligno del labio, de la cavidad bucal y de la faringe;Mujeres;39 Cantabria;12
009 Tumor maligno del labio, de la cavidad bucal y de la faringe;Mujeres;12 Castellón/Castelló;2
009 Tumor maligno del labio, de la cavidad bucal y de la faringe;Mujeres;13 Ciudad Real;5
009 Tumor maligno del labio, de la cavidad bucal y de la faringe;Mujeres;14 Córdoba;12
009 Tumor maligno del labio, de la cavidad bucal y de la faringe;Mujeres;15 Coruña, A;11
009 Tumor maligno del labio, de la cavidad bucal y de la faringe;Mujeres;16 Cuenca;1
009 Tumor maligno del labio, de la cavidad bucal y de la faringe;Mujeres;20 Gipuzkoa;14
009 Tumor maligno del labio, de la cavidad bucal y de la faringe;Mujeres;17 Girona;6
009 Tumor maligno del labio, de la cavidad bucal y de la faringe;Mujeres;18 Granada;5
009 Tumor maligno del labio, de la cavidad bucal y de la faringe;Mujeres;19 Guadalajara;5
009 Tumor maligno del labio, de la cavidad bucal y de la faringe;Mujeres;21 Huelva;8
009 Tumor maligno del labio, de la cavidad bucal y de la faringe;Mujeres;22 Huesca;1
009 Tumor maligno del labio, de la cavidad bucal y de la faringe;Mujeres;23 Jaén;4
009 Tumor maligno del labio, de la cavidad bucal y de la faringe;Mujeres;24 León;4
009 Tumor maligno del labio, de la cavidad bucal y de la faringe;Mujeres;25 Lleida;8
009 Tumor maligno del labio, de la cavidad bucal y de la faringe;Mujeres;27 Lugo;3
009 Tumor maligno del labio, de la cavidad bucal y de la faringe;Mujeres;28 Madrid;84
009 Tumor maligno del labio, de la cavidad bucal y de la faringe;Mujeres;29 Málaga;13
009 Tumor maligno del labio, de la cavidad bucal y de la faringe;Mujeres;30 Murcia;18
009 Tumor maligno del labio, de la cavidad bucal y de la faringe;Mujeres;31 Navarra;17
009 Tumor maligno del labio, de la cavidad bucal y de la faringe;Mujeres;32 Ourense;4
009 Tumor maligno del labio, de la cavidad bucal y de la faringe;Mujeres;34 Palencia;3
009 Tumor maligno del labio, de la cavidad bucal y de la faringe;Mujeres;35 Palmas, Las;12
009 Tumor maligno del labio, de la cavidad bucal y de la faringe;Mujeres;36 Pontevedra;15
009 Tumor maligno del labio, de la cavidad bucal y de la faringe;Mujeres;26 Rioja, La;4
009 Tumor maligno del labio, de la cavidad bucal y de la faringe;Mujeres;37 Salamanca;7
009 Tumor maligno del labio, de la cavidad bucal y de la faringe;Mujeres;38 Santa Cruz de Tenerife;14
009 Tumor maligno del labio, de la cavidad bucal y de la faringe;Mujeres;40 Segovia;4
009 Tumor maligno del labio, de la cavidad bucal y de la faringe;Mujeres;41 Sevilla;32
009 Tumor maligno del labio, de la cavidad bucal y de la faringe;Mujeres;42 Soria;3
009 Tumor maligno del labio, de la cavidad bucal y de la faringe;Mujeres;43 Tarragona;13
009 Tumor maligno del labio, de la cavidad bucal y de la faringe;Mujeres;44 Teruel;4
009 Tumor maligno del labio, de la cavidad bucal y de la faringe;Mujeres;45 Toledo;2
009 Tumor maligno del labio, de la cavidad bucal y de la faringe;Mujeres;46 Valencia/València;33
009 Tumor maligno del labio, de la cavidad bucal y de la faringe;Mujeres;47 Valladolid;2
009 Tumor maligno del labio, de la cavidad bucal y de la faringe;Mujeres;49 Zamora;2
009 Tumor maligno del labio, de la cavidad bucal y de la faringe;Mujeres;50 Zaragoza;15
009 Tumor maligno del labio, de la cavidad bucal y de la faringe;Mujeres;51 Ceuta;4
009 Tumor maligno del labio, de la cavidad bucal y de la faringe;Mujeres;52 Melilla;2
009 Tumor maligno del labio, de la cavidad bucal y de la faringe;Mujeres;Extranjero;1
010 Tumor maligno del esófago;Hombres;Total;1.515
010 Tumor maligno del esófago;Hombres;02 Albacete;5
010 Tumor maligno del esófago;Hombres;03 Alicante/Alacant;60
010 Tumor maligno del esófago;Hombres;04 Almería;12
010 Tumor maligno del esófago;Hombres;01 Araba/Álava;12
010 Tumor maligno del esófago;Hombres;33 Asturias;42
010 Tumor maligno del esófago;Hombres;05 Ávila;8
010 Tumor maligno del esófago;Hombres;06 Badajoz;32
010 Tumor maligno del esófago;Hombres;07 Balears, Illes;24
010 Tumor maligno del esófago;Hombres;08 Barcelona;173
010 Tumor maligno del esófago;Hombres;48 Bizkaia;69
010 Tumor maligno del esófago;Hombres;09 Burgos;14
010 Tumor maligno del esófago;Hombres;10 Cáceres;10
010 Tumor maligno del esófago;Hombres;11 Cádiz;39
010 Tumor maligno del esófago;Hombres;39 Cantabria;26
010 Tumor maligno del esófago;Hombres;12 Castellón/Castelló;26
010 Tumor maligno del esófago;Hombres;13 Ciudad Real;11
010 Tumor maligno del esófago;Hombres;14 Córdoba;18
010 Tumor maligno del esófago;Hombres;15 Coruña, A;51
010 Tumor maligno del esófago;Hombres;16 Cuenca;6
010 Tumor maligno del esófago;Hombres;20 Gipuzkoa;39
010 Tumor maligno del esófago;Hombres;17 Girona;38
010 Tumor maligno del esófago;Hombres;18 Granada;20
010 Tumor maligno del esófago;Hombres;19 Guadalajara;9
010 Tumor maligno del esófago;Hombres;21 Huelva;7
010 Tumor maligno del esófago;Hombres;22 Huesca;9
010 Tumor maligno del esófago;Hombres;23 Jaén;9
010 Tumor maligno del esófago;Hombres;24 León;23
010 Tumor maligno del esófago;Hombres;25 Lleida;16
010 Tumor maligno del esófago;Hombres;27 Lugo;13
010 Tumor maligno del esófago;Hombres;28 Madrid;144
010 Tumor maligno del esófago;Hombres;29 Málaga;53
010 Tumor maligno del esófago;Hombres;30 Murcia;38
010 Tumor maligno del esófago;Hombres;31 Navarra;17
010 Tumor maligno del esófago;Hombres;32 Ourense;15
010 Tumor maligno del esófago;Hombres;34 Palencia;7
010 Tumor maligno del esófago;Hombres;35 Palmas, Las;34
010 Tumor maligno del esófago;Hombres;36 Pontevedra;44
010 Tumor maligno del esófago;Hombres;26 Rioja, La;17
010 Tumor maligno del esófago;Hombres;37 Salamanca;13
010 Tumor maligno del esófago;Hombres;38 Santa Cruz de Tenerife;49
010 Tumor maligno del esófago;Hombres;40 Segovia;7
010 Tumor maligno del esófago;Hombres;41 Sevilla;48
010 Tumor maligno del esófago;Hombres;42 Soria;4
010 Tumor maligno del esófago;Hombres;43 Tarragona;28
010 Tumor maligno del esófago;Hombres;44 Teruel;5
010 Tumor maligno del esófago;Hombres;45 Toledo;27
010 Tumor maligno del esófago;Hombres;46 Valencia/València;82
010 Tumor maligno del esófago;Hombres;47 Valladolid;20
010 Tumor maligno del esófago;Hombres;49 Zamora;6
010 Tumor maligno del esófago;Hombres;50 Zaragoza;27
010 Tumor maligno del esófago;Hombres;51 Ceuta;4
010 Tumor maligno del esófago;Hombres;52 Melilla;1
010 Tumor maligno del esófago;Hombres;Extranjero;4
010 Tumor maligno del esófago;Mujeres;Total;299
010 Tumor maligno del esófago;Mujeres;02 Albacete;1
010 Tumor maligno del esófago;Mujeres;03 Alicante/Alacant;14
010 Tumor maligno del esófago;Mujeres;04 Almería;1
010 Tumor maligno del esófago;Mujeres;01 Araba/Álava;2
010 Tumor maligno del esófago;Mujeres;33 Asturias;10
010 Tumor maligno del esófago;Mujeres;05 Ávila;1
010 Tumor maligno del esófago;Mujeres;06 Badajoz;5
010 Tumor maligno del esófago;Mujeres;07 Balears, Illes;9
010 Tumor maligno del esófago;Mujeres;08 Barcelona;44
010 Tumor maligno del esófago;Mujeres;48 Bizkaia;10
010 Tumor maligno del esófago;Mujeres;09 Burgos;3
010 Tumor maligno del esófago;Mujeres;10 Cáceres;4
010 Tumor maligno del esófago;Mujeres;11 Cádiz;11
010 Tumor maligno del esófago;Mujeres;39 Cantabria;7
010 Tumor maligno del esófago;Mujeres;12 Castellón/Castelló;3
010 Tumor maligno del esófago;Mujeres;13 Ciudad Real;5
010 Tumor maligno del esófago;Mujeres;14 Córdoba;5
010 Tumor maligno del esófago;Mujeres;15 Coruña, A;7
010 Tumor maligno del esófago;Mujeres;16 Cuenca;1
010 Tumor maligno del esófago;Mujeres;20 Gipuzkoa;2
010 Tumor maligno del esófago;Mujeres;17 Girona;3
010 Tumor maligno del esófago;Mujeres;18 Granada;5
010 Tumor maligno del esófago;Mujeres;19 Guadalajara;1
010 Tumor maligno del esófago;Mujeres;21 Huelva;0
010 Tumor maligno del esófago;Mujeres;22 Huesca;0
010 Tumor maligno del esófago;Mujeres;23 Jaén;4
010 Tumor maligno del esófago;Mujeres;24 León;4
010 Tumor maligno del esófago;Mujeres;25 Lleida;6
010 Tumor maligno del esófago;Mujeres;27 Lugo;0
010 Tumor maligno del esófago;Mujeres;28 Madrid;19
010 Tumor maligno del esófago;Mujeres;29 Málaga;15
010 Tumor maligno del esófago;Mujeres;30 Murcia;6
010 Tumor maligno del esófago;Mujeres;31 Navarra;5
010 Tumor maligno del esófago;Mujeres;32 Ourense;1
010 Tumor maligno del esófago;Mujeres;34 Palencia;1
010 Tumor maligno del esófago;Mujeres;35 Palmas, Las;9
010 Tumor maligno del esófago;Mujeres;36 Pontevedra;6
010 Tumor maligno del esófago;Mujeres;26 Rioja, La;4
010 Tumor maligno del esófago;Mujeres;37 Salamanca;1
010 Tumor maligno del esófago;Mujeres;38 Santa Cruz de Tenerife;14
010 Tumor maligno del esófago;Mujeres;40 Segovia;0
010 Tumor maligno del esófago;Mujeres;41 Sevilla;12
010 Tumor maligno del esófago;Mujeres;42 Soria;0
010 Tumor maligno del esófago;Mujeres;43 Tarragona;2
010 Tumor maligno del esófago;Mujeres;44 Teruel;1
010 Tumor maligno del esófago;Mujeres;45 Toledo;2
010 Tumor maligno del esófago;Mujeres;46 Valencia/València;18
010 Tumor maligno del esófago;Mujeres;47 Valladolid;4
010 Tumor maligno del esófago;Mujeres;49 Zamora;2
010 Tumor maligno del esófago;Mujeres;50 Zaragoza;4
010 Tumor maligno del esófago;Mujeres;51 Ceuta;0
010 Tumor maligno del esófago;Mujeres;52 Melilla;2
010 Tumor maligno del esófago;Mujeres;Extranjero;3
011 Tumor maligno del estómago;Hombres;Total;3.008
011 Tumor maligno del estómago;Hombres;02 Albacete;23
011 Tumor maligno del estómago;Hombres;03 Alicante/Alacant;103
011 Tumor maligno del estómago;Hombres;04 Almería;37
011 Tumor maligno del estómago;Hombres;01 Araba/Álava;26
011 Tumor maligno del estómago;Hombres;33 Asturias;102
011 Tumor maligno del estómago;Hombres;05 Ávila;18
011 Tumor maligno del estómago;Hombres;06 Badajoz;61
011 Tumor maligno del estómago;Hombres;07 Balears, Illes;46
011 Tumor maligno del estómago;Hombres;08 Barcelona;324
011 Tumor maligno del estómago;Hombres;48 Bizkaia;100
011 Tumor maligno del estómago;Hombres;09 Burgos;45
011 Tumor maligno del estómago;Hombres;10 Cáceres;28
011 Tumor maligno del estómago;Hombres;11 Cádiz;66
011 Tumor maligno del estómago;Hombres;39 Cantabria;41
011 Tumor maligno del estómago;Hombres;12 Castellón/Castelló;44
011 Tumor maligno del estómago;Hombres;13 Ciudad Real;51
011 Tumor maligno del estómago;Hombres;14 Córdoba;44
011 Tumor maligno del estómago;Hombres;15 Coruña, A;106
011 Tumor maligno del estómago;Hombres;16 Cuenca;21
011 Tumor maligno del estómago;Hombres;20 Gipuzkoa;62
011 Tumor maligno del estómago;Hombres;17 Girona;44
011 Tumor maligno del estómago;Hombres;18 Granada;49
011 Tumor maligno del estómago;Hombres;19 Guadalajara;24
011 Tumor maligno del estómago;Hombres;21 Huelva;25
011 Tumor maligno del estómago;Hombres;22 Huesca;17
011 Tumor maligno del estómago;Hombres;23 Jaén;37
011 Tumor maligno del estómago;Hombres;24 León;58
011 Tumor maligno del estómago;Hombres;25 Lleida;37
011 Tumor maligno del estómago;Hombres;27 Lugo;31
011 Tumor maligno del estómago;Hombres;28 Madrid;381
011 Tumor maligno del estómago;Hombres;29 Málaga;56
011 Tumor maligno del estómago;Hombres;30 Murcia;69
011 Tumor maligno del estómago;Hombres;31 Navarra;51
011 Tumor maligno del estómago;Hombres;32 Ourense;36
011 Tumor maligno del estómago;Hombres;34 Palencia;12
011 Tumor maligno del estómago;Hombres;35 Palmas, Las;56
011 Tumor maligno del estómago;Hombres;36 Pontevedra;85
011 Tumor maligno del estómago;Hombres;26 Rioja, La;27
011 Tumor maligno del estómago;Hombres;37 Salamanca;36
011 Tumor maligno del estómago;Hombres;38 Santa Cruz de Tenerife;36
011 Tumor maligno del estómago;Hombres;40 Segovia;10
011 Tumor maligno del estómago;Hombres;41 Sevilla;74
011 Tumor maligno del estómago;Hombres;42 Soria;12
011 Tumor maligno del estómago;Hombres;43 Tarragona;44
011 Tumor maligno del estómago;Hombres;44 Teruel;13
011 Tumor maligno del estómago;Hombres;45 Toledo;44
011 Tumor maligno del estómago;Hombres;46 Valencia/València;153
011 Tumor maligno del estómago;Hombres;47 Valladolid;47
011 Tumor maligno del estómago;Hombres;49 Zamora;17
011 Tumor maligno del estómago;Hombres;50 Zaragoza;62
011 Tumor maligno del estómago;Hombres;51 Ceuta;4
011 Tumor maligno del estómago;Hombres;52 Melilla;4
011 Tumor maligno del estómago;Hombres;Extranjero;9
011 Tumor maligno del estómago;Mujeres;Total;2.003
011 Tumor maligno del estómago;Mujeres;02 Albacete;16
011 Tumor maligno del estómago;Mujeres;03 Alicante/Alacant;57
011 Tumor maligno del estómago;Mujeres;04 Almería;25
011 Tumor maligno del estómago;Mujeres;01 Araba/Álava;19
011 Tumor maligno del estómago;Mujeres;33 Asturias;45
011 Tumor maligno del estómago;Mujeres;05 Ávila;5
011 Tumor maligno del estómago;Mujeres;06 Badajoz;44
011 Tumor maligno del estómago;Mujeres;07 Balears, Illes;32
011 Tumor maligno del estómago;Mujeres;08 Barcelona;235
011 Tumor maligno del estómago;Mujeres;48 Bizkaia;57
011 Tumor maligno del estómago;Mujeres;09 Burgos;32
011 Tumor maligno del estómago;Mujeres;10 Cáceres;19
011 Tumor maligno del estómago;Mujeres;11 Cádiz;50
011 Tumor maligno del estómago;Mujeres;39 Cantabria;28
011 Tumor maligno del estómago;Mujeres;12 Castellón/Castelló;24
011 Tumor maligno del estómago;Mujeres;13 Ciudad Real;36
011 Tumor maligno del estómago;Mujeres;14 Córdoba;35
011 Tumor maligno del estómago;Mujeres;15 Coruña, A;55
011 Tumor maligno del estómago;Mujeres;16 Cuenca;12
011 Tumor maligno del estómago;Mujeres;20 Gipuzkoa;36
011 Tumor maligno del estómago;Mujeres;17 Girona;22
011 Tumor maligno del estómago;Mujeres;18 Granada;32
011 Tumor maligno del estómago;Mujeres;19 Guadalajara;8
011 Tumor maligno del estómago;Mujeres;21 Huelva;21
011 Tumor maligno del estómago;Mujeres;22 Huesca;13
011 Tumor maligno del estómago;Mujeres;23 Jaén;18
011 Tumor maligno del estómago;Mujeres;24 León;29
011 Tumor maligno del estómago;Mujeres;25 Lleida;20
011 Tumor maligno del estómago;Mujeres;27 Lugo;24
011 Tumor maligno del estómago;Mujeres;28 Madrid;269
011 Tumor maligno del estómago;Mujeres;29 Málaga;40
011 Tumor maligno del estómago;Mujeres;30 Murcia;44
011 Tumor maligno del estómago;Mujeres;31 Navarra;34
011 Tumor maligno del estómago;Mujeres;32 Ourense;35
011 Tumor maligno del estómago;Mujeres;34 Palencia;15
011 Tumor maligno del estómago;Mujeres;35 Palmas, Las;29
011 Tumor maligno del estómago;Mujeres;36 Pontevedra;55
011 Tumor maligno del estómago;Mujeres;26 Rioja, La;19
011 Tumor maligno del estómago;Mujeres;37 Salamanca;23
011 Tumor maligno del estómago;Mujeres;38 Santa Cruz de Tenerife;38
011 Tumor maligno del estómago;Mujeres;40 Segovia;9
011 Tumor maligno del estómago;Mujeres;41 Sevilla;67
011 Tumor maligno del estómago;Mujeres;42 Soria;8
011 Tumor maligno del estómago;Mujeres;43 Tarragona;19
011 Tumor maligno del estómago;Mujeres;44 Teruel;7
011 Tumor maligno del estómago;Mujeres;45 Toledo;38
011 Tumor maligno del estómago;Mujeres;46 Valencia/València;94
011 Tumor maligno del estómago;Mujeres;47 Valladolid;32
011 Tumor maligno del estómago;Mujeres;49 Zamora;17
011 Tumor maligno del estómago;Mujeres;50 Zaragoza;59
011 Tumor maligno del estómago;Mujeres;51 Ceuta;1
011 Tumor maligno del estómago;Mujeres;52 Melilla;0
011 Tumor maligno del estómago;Mujeres;Extranjero;2
012 Tumor maligno del colon;Hombres;Total;6.758
012 Tumor maligno del colon;Hombres;02 Albacete;49
012 Tumor maligno del colon;Hombres;03 Alicante/Alacant;265
012 Tumor maligno del colon;Hombres;04 Almería;103
012 Tumor maligno del colon;Hombres;01 Araba/Álava;46
012 Tumor maligno del colon;Hombres;33 Asturias;236
012 Tumor maligno del colon;Hombres;05 Ávila;36
012 Tumor maligno del colon;Hombres;06 Badajoz;113
012 Tumor maligno del colon;Hombres;07 Balears, Illes;117
012 Tumor maligno del colon;Hombres;08 Barcelona;720
012 Tumor maligno del colon;Hombres;48 Bizkaia;191
012 Tumor maligno del colon;Hombres;09 Burgos;69
012 Tumor maligno del colon;Hombres;10 Cáceres;79
012 Tumor maligno del colon;Hombres;11 Cádiz;171
012 Tumor maligno del colon;Hombres;39 Cantabria;86
012 Tumor maligno del colon;Hombres;12 Castellón/Castelló;93
012 Tumor maligno del colon;Hombres;13 Ciudad Real;83
012 Tumor maligno del colon;Hombres;14 Córdoba;145
012 Tumor maligno del colon;Hombres;15 Coruña, A;208
012 Tumor maligno del colon;Hombres;16 Cuenca;24
012 Tumor maligno del colon;Hombres;20 Gipuzkoa;100
012 Tumor maligno del colon;Hombres;17 Girona;116
012 Tumor maligno del colon;Hombres;18 Granada;140
012 Tumor maligno del colon;Hombres;19 Guadalajara;36
012 Tumor maligno del colon;Hombres;21 Huelva;68
012 Tumor maligno del colon;Hombres;22 Huesca;49
012 Tumor maligno del colon;Hombres;23 Jaén;81
012 Tumor maligno del colon;Hombres;24 León;98
012 Tumor maligno del colon;Hombres;25 Lleida;73
012 Tumor maligno del colon;Hombres;27 Lugo;72
012 Tumor maligno del colon;Hombres;28 Madrid;720
012 Tumor maligno del colon;Hombres;29 Málaga;191
012 Tumor maligno del colon;Hombres;30 Murcia;178
012 Tumor maligno del colon;Hombres;31 Navarra;91
012 Tumor maligno del colon;Hombres;32 Ourense;69
012 Tumor maligno del colon;Hombres;34 Palencia;33
012 Tumor maligno del colon;Hombres;35 Palmas, Las;104
012 Tumor maligno del colon;Hombres;36 Pontevedra;153
012 Tumor maligno del colon;Hombres;26 Rioja, La;52
012 Tumor maligno del colon;Hombres;37 Salamanca;90
012 Tumor maligno del colon;Hombres;38 Santa Cruz de Tenerife;133
012 Tumor maligno del colon;Hombres;40 Segovia;35
012 Tumor maligno del colon;Hombres;41 Sevilla;296
012 Tumor maligno del colon;Hombres;42 Soria;14
012 Tumor maligno del colon;Hombres;43 Tarragona;112
012 Tumor maligno del colon;Hombres;44 Teruel;27
012 Tumor maligno del colon;Hombres;45 Toledo;108
012 Tumor maligno del colon;Hombres;46 Valencia/València;352
012 Tumor maligno del colon;Hombres;47 Valladolid;102
012 Tumor maligno del colon;Hombres;49 Zamora;50
012 Tumor maligno del colon;Hombres;50 Zaragoza;158
012 Tumor maligno del colon;Hombres;51 Ceuta;10
012 Tumor maligno del colon;Hombres;52 Melilla;4
012 Tumor maligno del colon;Hombres;Extranjero;9
012 Tumor maligno del colon;Mujeres;Total;4.788
012 Tumor maligno del colon;Mujeres;02 Albacete;46
012 Tumor maligno del colon;Mujeres;03 Alicante/Alacant;166
012 Tumor maligno del colon;Mujeres;04 Almería;56
012 Tumor maligno del colon;Mujeres;01 Araba/Álava;28
012 Tumor maligno del colon;Mujeres;33 Asturias;154
012 Tumor maligno del colon;Mujeres;05 Ávila;15
012 Tumor maligno del colon;Mujeres;06 Badajoz;70
012 Tumor maligno del colon;Mujeres;07 Balears, Illes;96
012 Tumor maligno del colon;Mujeres;08 Barcelona;626
012 Tumor maligno del colon;Mujeres;48 Bizkaia;171
012 Tumor maligno del colon;Mujeres;09 Burgos;40
012 Tumor maligno del colon;Mujeres;10 Cáceres;53
012 Tumor maligno del colon;Mujeres;11 Cádiz;118
012 Tumor maligno del colon;Mujeres;39 Cantabria;62
012 Tumor maligno del colon;Mujeres;12 Castellón/Castelló;51
012 Tumor maligno del colon;Mujeres;13 Ciudad Real;68
012 Tumor maligno del colon;Mujeres;14 Córdoba;76
012 Tumor maligno del colon;Mujeres;15 Coruña, A;133
012 Tumor maligno del colon;Mujeres;16 Cuenca;20
012 Tumor maligno del colon;Mujeres;20 Gipuzkoa;96
012 Tumor maligno del colon;Mujeres;17 Girona;65
012 Tumor maligno del colon;Mujeres;18 Granada;74
012 Tumor maligno del colon;Mujeres;19 Guadalajara;24
012 Tumor maligno del colon;Mujeres;21 Huelva;39
012 Tumor maligno del colon;Mujeres;22 Huesca;21
012 Tumor maligno del colon;Mujeres;23 Jaén;73
012 Tumor maligno del colon;Mujeres;24 León;68
012 Tumor maligno del colon;Mujeres;25 Lleida;34
012 Tumor maligno del colon;Mujeres;27 Lugo;52
012 Tumor maligno del colon;Mujeres;28 Madrid;592
012 Tumor maligno del colon;Mujeres;29 Málaga;145
012 Tumor maligno del colon;Mujeres;30 Murcia;115
012 Tumor maligno del colon;Mujeres;31 Navarra;64
012 Tumor maligno del colon;Mujeres;32 Ourense;53
012 Tumor maligno del colon;Mujeres;34 Palencia;29
012 Tumor maligno del colon;Mujeres;35 Palmas, Las;76
012 Tumor maligno del colon;Mujeres;36 Pontevedra;103
012 Tumor maligno del colon;Mujeres;26 Rioja, La;36
012 Tumor maligno del colon;Mujeres;37 Salamanca;51
012 Tumor maligno del colon;Mujeres;38 Santa Cruz de Tenerife;76
012 Tumor maligno del colon;Mujeres;40 Segovia;23
012 Tumor maligno del colon;Mujeres;41 Sevilla;174
012 Tumor maligno del colon;Mujeres;42 Soria;8
012 Tumor maligno del colon;Mujeres;43 Tarragona;73
012 Tumor maligno del colon;Mujeres;44 Teruel;21
012 Tumor maligno del colon;Mujeres;45 Toledo;66
012 Tumor maligno del colon;Mujeres;46 Valencia/València;258
012 Tumor maligno del colon;Mujeres;47 Valladolid;61
012 Tumor maligno del colon;Mujeres;49 Zamora;24
012 Tumor maligno del colon;Mujeres;50 Zaragoza;124
012 Tumor maligno del colon;Mujeres;51 Ceuta;4
012 Tumor maligno del colon;Mujeres;52 Melilla;7
012 Tumor maligno del colon;Mujeres;Extranjero;10
013 Tumor maligno del recto, de la porción rectosigmoide y del ano;Hombres;Total;2.465
013 Tumor maligno del recto, de la porción rectosigmoide y del ano;Hombres;02 Albacete;23
013 Tumor maligno del recto, de la porción rectosigmoide y del ano;Hombres;03 Alicante/Alacant;94
013 Tumor maligno del recto, de la porción rectosigmoide y del ano;Hombres;04 Almería;30
013 Tumor maligno del recto, de la porción rectosigmoide y del ano;Hombres;01 Araba/Álava;14
013 Tumor maligno del recto, de la porción rectosigmoide y del ano;Hombres;33 Asturias;67
013 Tumor maligno del recto, de la porción rectosigmoide y del ano;Hombres;05 Ávila;10
013 Tumor maligno del recto, de la porción rectosigmoide y del ano;Hombres;06 Badajoz;57
013 Tumor maligno del recto, de la porción rectosigmoide y del ano;Hombres;07 Balears, Illes;56
013 Tumor maligno del recto, de la porción rectosigmoide y del ano;Hombres;08 Barcelona;253
013 Tumor maligno del recto, de la porción rectosigmoide y del ano;Hombres;48 Bizkaia;65
013 Tumor maligno del recto, de la porción rectosigmoide y del ano;Hombres;09 Burgos;28
013 Tumor maligno del recto, de la porción rectosigmoide y del ano;Hombres;10 Cáceres;41
013 Tumor maligno del recto, de la porción rectosigmoide y del ano;Hombres;11 Cádiz;65
013 Tumor maligno del recto, de la porción rectosigmoide y del ano;Hombres;39 Cantabria;30
013 Tumor maligno del recto, de la porción rectosigmoide y del ano;Hombres;12 Castellón/Castelló;32
013 Tumor maligno del recto, de la porción rectosigmoide y del ano;Hombres;13 Ciudad Real;34
013 Tumor maligno del recto, de la porción rectosigmoide y del ano;Hombres;14 Córdoba;46
013 Tumor maligno del recto, de la porción rectosigmoide y del ano;Hombres;15 Coruña, A;65
013 Tumor maligno del recto, de la porción rectosigmoide y del ano;Hombres;16 Cuenca;14
013 Tumor maligno del recto, de la porción rectosigmoide y del ano;Hombres;20 Gipuzkoa;33
013 Tumor maligno del recto, de la porción rectosigmoide y del ano;Hombres;17 Girona;35
013 Tumor maligno del recto, de la porción rectosigmoide y del ano;Hombres;18 Granada;44
013 Tumor maligno del recto, de la porción rectosigmoide y del ano;Hombres;19 Guadalajara;9
013 Tumor maligno del recto, de la porción rectosigmoide y del ano;Hombres;21 Huelva;23
013 Tumor maligno del recto, de la porción rectosigmoide y del ano;Hombres;22 Huesca;23
013 Tumor maligno del recto, de la porción rectosigmoide y del ano;Hombres;23 Jaén;49
013 Tumor maligno del recto, de la porción rectosigmoide y del ano;Hombres;24 León;37
013 Tumor maligno del recto, de la porción rectosigmoide y del ano;Hombres;25 Lleida;23
013 Tumor maligno del recto, de la porción rectosigmoide y del ano;Hombres;27 Lugo;23
013 Tumor maligno del recto, de la porción rectosigmoide y del ano;Hombres;28 Madrid;289
013 Tumor maligno del recto, de la porción rectosigmoide y del ano;Hombres;29 Málaga;66
013 Tumor maligno del recto, de la porción rectosigmoide y del ano;Hombres;30 Murcia;63
013 Tumor maligno del recto, de la porción rectosigmoide y del ano;Hombres;31 Navarra;33
013 Tumor maligno del recto, de la porción rectosigmoide y del ano;Hombres;32 Ourense;25
013 Tumor maligno del recto, de la porción rectosigmoide y del ano;Hombres;34 Palencia;14
013 Tumor maligno del recto, de la porción rectosigmoide y del ano;Hombres;35 Palmas, Las;50
013 Tumor maligno del recto, de la porción rectosigmoide y del ano;Hombres;36 Pontevedra;64
013 Tumor maligno del recto, de la porción rectosigmoide y del ano;Hombres;26 Rioja, La;24
013 Tumor maligno del recto, de la porción rectosigmoide y del ano;Hombres;37 Salamanca;36
013 Tumor maligno del recto, de la porción rectosigmoide y del ano;Hombres;38 Santa Cruz de Tenerife;41
013 Tumor maligno del recto, de la porción rectosigmoide y del ano;Hombres;40 Segovia;15
013 Tumor maligno del recto, de la porción rectosigmoide y del ano;Hombres;41 Sevilla;74
013 Tumor maligno del recto, de la porción rectosigmoide y del ano;Hombres;42 Soria;9
013 Tumor maligno del recto, de la porción rectosigmoide y del ano;Hombres;43 Tarragona;47
013 Tumor maligno del recto, de la porción rectosigmoide y del ano;Hombres;44 Teruel;10
013 Tumor maligno del recto, de la porción rectosigmoide y del ano;Hombres;45 Toledo;38
013 Tumor maligno del recto, de la porción rectosigmoide y del ano;Hombres;46 Valencia/València;130
013 Tumor maligno del recto, de la porción rectosigmoide y del ano;Hombres;47 Valladolid;29
013 Tumor maligno del recto, de la porción rectosigmoide y del ano;Hombres;49 Zamora;23
013 Tumor maligno del recto, de la porción rectosigmoide y del ano;Hombres;50 Zaragoza;51
013 Tumor maligno del recto, de la porción rectosigmoide y del ano;Hombres;51 Ceuta;3
013 Tumor maligno del recto, de la porción rectosigmoide y del ano;Hombres;52 Melilla;2
013 Tumor maligno del recto, de la porción rectosigmoide y del ano;Hombres;Extranjero;6
013 Tumor maligno del recto, de la porción rectosigmoide y del ano;Mujeres;Total;1.472
013 Tumor maligno del recto, de la porción rectosigmoide y del ano;Mujeres;02 Albacete;18
013 Tumor maligno del recto, de la porción rectosigmoide y del ano;Mujeres;03 Alicante/Alacant;61
013 Tumor maligno del recto, de la porción rectosigmoide y del ano;Mujeres;04 Almería;15
013 Tumor maligno del recto, de la porción rectosigmoide y del ano;Mujeres;01 Araba/Álava;9
013 Tumor maligno del recto, de la porción rectosigmoide y del ano;Mujeres;33 Asturias;58
013 Tumor maligno del recto, de la porción rectosigmoide y del ano;Mujeres;05 Ávila;8
013 Tumor maligno del recto, de la porción rectosigmoide y del ano;Mujeres;06 Badajoz;24
013 Tumor maligno del recto, de la porción rectosigmoide y del ano;Mujeres;07 Balears, Illes;34
013 Tumor maligno del recto, de la porción rectosigmoide y del ano;Mujeres;08 Barcelona;150
013 Tumor maligno del recto, de la porción rectosigmoide y del ano;Mujeres;48 Bizkaia;42
013 Tumor maligno del recto, de la porción rectosigmoide y del ano;Mujeres;09 Burgos;19
013 Tumor maligno del recto, de la porción rectosigmoide y del ano;Mujeres;10 Cáceres;11
013 Tumor maligno del recto, de la porción rectosigmoide y del ano;Mujeres;11 Cádiz;38
013 Tumor maligno del recto, de la porción rectosigmoide y del ano;Mujeres;39 Cantabria;17
013 Tumor maligno del recto, de la porción rectosigmoide y del ano;Mujeres;12 Castellón/Castelló;17
013 Tumor maligno del recto, de la porción rectosigmoide y del ano;Mujeres;13 Ciudad Real;13
013 Tumor maligno del recto, de la porción rectosigmoide y del ano;Mujeres;14 Córdoba;23
013 Tumor maligno del recto, de la porción rectosigmoide y del ano;Mujeres;15 Coruña, A;54
013 Tumor maligno del recto, de la porción rectosigmoide y del ano;Mujeres;16 Cuenca;4
013 Tumor maligno del recto, de la porción rectosigmoide y del ano;Mujeres;20 Gipuzkoa;17
013 Tumor maligno del recto, de la porción rectosigmoide y del ano;Mujeres;17 Girona;19
013 Tumor maligno del recto, de la porción rectosigmoide y del ano;Mujeres;18 Granada;26
013 Tumor maligno del recto, de la porción rectosigmoide y del ano;Mujeres;19 Guadalajara;7
013 Tumor maligno del recto, de la porción rectosigmoide y del ano;Mujeres;21 Huelva;15
013 Tumor maligno del recto, de la porción rectosigmoide y del ano;Mujeres;22 Huesca;7
013 Tumor maligno del recto, de la porción rectosigmoide y del ano;Mujeres;23 Jaén;23
013 Tumor maligno del recto, de la porción rectosigmoide y del ano;Mujeres;24 León;24
013 Tumor maligno del recto, de la porción rectosigmoide y del ano;Mujeres;25 Lleida;18
013 Tumor maligno del recto, de la porción rectosigmoide y del ano;Mujeres;27 Lugo;17
013 Tumor maligno del recto, de la porción rectosigmoide y del ano;Mujeres;28 Madrid;206
013 Tumor maligno del recto, de la porción rectosigmoide y del ano;Mujeres;29 Málaga;47
013 Tumor maligno del recto, de la porción rectosigmoide y del ano;Mujeres;30 Murcia;43
013 Tumor maligno del recto, de la porción rectosigmoide y del ano;Mujeres;31 Navarra;24
013 Tumor maligno del recto, de la porción rectosigmoide y del ano;Mujeres;32 Ourense;26
013 Tumor maligno del recto, de la porción rectosigmoide y del ano;Mujeres;34 Palencia;7
013 Tumor maligno del recto, de la porción rectosigmoide y del ano;Mujeres;35 Palmas, Las;17
013 Tumor maligno del recto, de la porción rectosigmoide y del ano;Mujeres;36 Pontevedra;38
013 Tumor maligno del recto, de la porción rectosigmoide y del ano;Mujeres;26 Rioja, La;9
013 Tumor maligno del recto, de la porción rectosigmoide y del ano;Mujeres;37 Salamanca;12
013 Tumor maligno del recto, de la porción rectosigmoide y del ano;Mujeres;38 Santa Cruz de Tenerife;23
013 Tumor maligno del recto, de la porción rectosigmoide y del ano;Mujeres;40 Segovia;5
013 Tumor maligno del recto, de la porción rectosigmoide y del ano;Mujeres;41 Sevilla;38
013 Tumor maligno del recto, de la porción rectosigmoide y del ano;Mujeres;42 Soria;5
013 Tumor maligno del recto, de la porción rectosigmoide y del ano;Mujeres;43 Tarragona;25
013 Tumor maligno del recto, de la porción rectosigmoide y del ano;Mujeres;44 Teruel;3
013 Tumor maligno del recto, de la porción rectosigmoide y del ano;Mujeres;45 Toledo;23
013 Tumor maligno del recto, de la porción rectosigmoide y del ano;Mujeres;46 Valencia/València;84
013 Tumor maligno del recto, de la porción rectosigmoide y del ano;Mujeres;47 Valladolid;13
013 Tumor maligno del recto, de la porción rectosigmoide y del ano;Mujeres;49 Zamora;8
013 Tumor maligno del recto, de la porción rectosigmoide y del ano;Mujeres;50 Zaragoza;26
013 Tumor maligno del recto, de la porción rectosigmoide y del ano;Mujeres;51 Ceuta;0
013 Tumor maligno del recto, de la porción rectosigmoide y del ano;Mujeres;52 Melilla;0
013 Tumor maligno del recto, de la porción rectosigmoide y del ano;Mujeres;Extranjero;2
014 Tumor maligno del hígado y vías biliares intrahepáticas;Hombres;Total;3.589
014 Tumor maligno del hígado y vías biliares intrahepáticas;Hombres;02 Albacete;24
014 Tumor maligno del hígado y vías biliares intrahepáticas;Hombres;03 Alicante/Alacant;140
014 Tumor maligno del hígado y vías biliares intrahepáticas;Hombres;04 Almería;37
014 Tumor maligno del hígado y vías biliares intrahepáticas;Hombres;01 Araba/Álava;34
014 Tumor maligno del hígado y vías biliares intrahepáticas;Hombres;33 Asturias;118
014 Tumor maligno del hígado y vías biliares intrahepáticas;Hombres;05 Ávila;12
014 Tumor maligno del hígado y vías biliares intrahepáticas;Hombres;06 Badajoz;39
014 Tumor maligno del hígado y vías biliares intrahepáticas;Hombres;07 Balears, Illes;88
014 Tumor maligno del hígado y vías biliares intrahepáticas;Hombres;08 Barcelona;442
014 Tumor maligno del hígado y vías biliares intrahepáticas;Hombres;48 Bizkaia;137
014 Tumor maligno del hígado y vías biliares intrahepáticas;Hombres;09 Burgos;41
014 Tumor maligno del hígado y vías biliares intrahepáticas;Hombres;10 Cáceres;29
014 Tumor maligno del hígado y vías biliares intrahepáticas;Hombres;11 Cádiz;100
014 Tumor maligno del hígado y vías biliares intrahepáticas;Hombres;39 Cantabria;64
014 Tumor maligno del hígado y vías biliares intrahepáticas;Hombres;12 Castellón/Castelló;40
014 Tumor maligno del hígado y vías biliares intrahepáticas;Hombres;13 Ciudad Real;38
014 Tumor maligno del hígado y vías biliares intrahepáticas;Hombres;14 Córdoba;51
014 Tumor maligno del hígado y vías biliares intrahepáticas;Hombres;15 Coruña, A;111
014 Tumor maligno del hígado y vías biliares intrahepáticas;Hombres;16 Cuenca;12
014 Tumor maligno del hígado y vías biliares intrahepáticas;Hombres;20 Gipuzkoa;57
014 Tumor maligno del hígado y vías biliares intrahepáticas;Hombres;17 Girona;43
014 Tumor maligno del hígado y vías biliares intrahepáticas;Hombres;18 Granada;64
014 Tumor maligno del hígado y vías biliares intrahepáticas;Hombres;19 Guadalajara;15
014 Tumor maligno del hígado y vías biliares intrahepáticas;Hombres;21 Huelva;39
014 Tumor maligno del hígado y vías biliares intrahepáticas;Hombres;22 Huesca;22
014 Tumor maligno del hígado y vías biliares intrahepáticas;Hombres;23 Jaén;33
014 Tumor maligno del hígado y vías biliares intrahepáticas;Hombres;24 León;38
014 Tumor maligno del hígado y vías biliares intrahepáticas;Hombres;25 Lleida;34
014 Tumor maligno del hígado y vías biliares intrahepáticas;Hombres;27 Lugo;46
014 Tumor maligno del hígado y vías biliares intrahepáticas;Hombres;28 Madrid;394
014 Tumor maligno del hígado y vías biliares intrahepáticas;Hombres;29 Málaga;108
014 Tumor maligno del hígado y vías biliares intrahepáticas;Hombres;30 Murcia;86
014 Tumor maligno del hígado y vías biliares intrahepáticas;Hombres;31 Navarra;46
014 Tumor maligno del hígado y vías biliares intrahepáticas;Hombres;32 Ourense;30
014 Tumor maligno del hígado y vías biliares intrahepáticas;Hombres;34 Palencia;18
014 Tumor maligno del hígado y vías biliares intrahepáticas;Hombres;35 Palmas, Las;73
014 Tumor maligno del hígado y vías biliares intrahepáticas;Hombres;36 Pontevedra;102
014 Tumor maligno del hígado y vías biliares intrahepáticas;Hombres;26 Rioja, La;21
014 Tumor maligno del hígado y vías biliares intrahepáticas;Hombres;37 Salamanca;24
014 Tumor maligno del hígado y vías biliares intrahepáticas;Hombres;38 Santa Cruz de Tenerife;75
014 Tumor maligno del hígado y vías biliares intrahepáticas;Hombres;40 Segovia;18
014 Tumor maligno del hígado y vías biliares intrahepáticas;Hombres;41 Sevilla;139
014 Tumor maligno del hígado y vías biliares intrahepáticas;Hombres;42 Soria;6
014 Tumor maligno del hígado y vías biliares intrahepáticas;Hombres;43 Tarragona;69
014 Tumor maligno del hígado y vías biliares intrahepáticas;Hombres;44 Teruel;12
014 Tumor maligno del hígado y vías biliares intrahepáticas;Hombres;45 Toledo;53
014 Tumor maligno del hígado y vías biliares intrahepáticas;Hombres;46 Valencia/València;213
014 Tumor maligno del hígado y vías biliares intrahepáticas;Hombres;47 Valladolid;48
014 Tumor maligno del hígado y vías biliares intrahepáticas;Hombres;49 Zamora;19
014 Tumor maligno del hígado y vías biliares intrahepáticas;Hombres;50 Zaragoza;72
014 Tumor maligno del hígado y vías biliares intrahepáticas;Hombres;51 Ceuta;0
014 Tumor maligno del hígado y vías biliares intrahepáticas;Hombres;52 Melilla;5
014 Tumor maligno del hígado y vías biliares intrahepáticas;Hombres;Extranjero;10
014 Tumor maligno del hígado y vías biliares intrahepáticas;Mujeres;Total;1.598
014 Tumor maligno del hígado y vías biliares intrahepáticas;Mujeres;02 Albacete;9
014 Tumor maligno del hígado y vías biliares intrahepáticas;Mujeres;03 Alicante/Alacant;51
014 Tumor maligno del hígado y vías biliares intrahepáticas;Mujeres;04 Almería;14
014 Tumor maligno del hígado y vías biliares intrahepáticas;Mujeres;01 Araba/Álava;18
014 Tumor maligno del hígado y vías biliares intrahepáticas;Mujeres;33 Asturias;38
014 Tumor maligno del hígado y vías biliares intrahepáticas;Mujeres;05 Ávila;8
014 Tumor maligno del hígado y vías biliares intrahepáticas;Mujeres;06 Badajoz;21
014 Tumor maligno del hígado y vías biliares intrahepáticas;Mujeres;07 Balears, Illes;32
014 Tumor maligno del hígado y vías biliares intrahepáticas;Mujeres;08 Barcelona;235
014 Tumor maligno del hígado y vías biliares intrahepáticas;Mujeres;48 Bizkaia;44
014 Tumor maligno del hígado y vías biliares intrahepáticas;Mujeres;09 Burgos;16
014 Tumor maligno del hígado y vías biliares intrahepáticas;Mujeres;10 Cáceres;13
014 Tumor maligno del hígado y vías biliares intrahepáticas;Mujeres;11 Cádiz;30
014 Tumor maligno del hígado y vías biliares intrahepáticas;Mujeres;39 Cantabria;14
014 Tumor maligno del hígado y vías biliares intrahepáticas;Mujeres;12 Castellón/Castelló;13
014 Tumor maligno del hígado y vías biliares intrahepáticas;Mujeres;13 Ciudad Real;19
014 Tumor maligno del hígado y vías biliares intrahepáticas;Mujeres;14 Córdoba;31
014 Tumor maligno del hígado y vías biliares intrahepáticas;Mujeres;15 Coruña, A;45
014 Tumor maligno del hígado y vías biliares intrahepáticas;Mujeres;16 Cuenca;5
014 Tumor maligno del hígado y vías biliares intrahepáticas;Mujeres;20 Gipuzkoa;30
014 Tumor maligno del hígado y vías biliares intrahepáticas;Mujeres;17 Girona;29
014 Tumor maligno del hígado y vías biliares intrahepáticas;Mujeres;18 Granada;34
014 Tumor maligno del hígado y vías biliares intrahepáticas;Mujeres;19 Guadalajara;9
014 Tumor maligno del hígado y vías biliares intrahepáticas;Mujeres;21 Huelva;17
014 Tumor maligno del hígado y vías biliares intrahepáticas;Mujeres;22 Huesca;6
014 Tumor maligno del hígado y vías biliares intrahepáticas;Mujeres;23 Jaén;16
014 Tumor maligno del hígado y vías biliares intrahepáticas;Mujeres;24 León;15
014 Tumor maligno del hígado y vías biliares intrahepáticas;Mujeres;25 Lleida;18
014 Tumor maligno del hígado y vías biliares intrahepáticas;Mujeres;27 Lugo;12
014 Tumor maligno del hígado y vías biliares intrahepáticas;Mujeres;28 Madrid;232
014 Tumor maligno del hígado y vías biliares intrahepáticas;Mujeres;29 Málaga;47
014 Tumor maligno del hígado y vías biliares intrahepáticas;Mujeres;30 Murcia;47
014 Tumor maligno del hígado y vías biliares intrahepáticas;Mujeres;31 Navarra;15
014 Tumor maligno del hígado y vías biliares intrahepáticas;Mujeres;32 Ourense;17
014 Tumor maligno del hígado y vías biliares intrahepáticas;Mujeres;34 Palencia;7
014 Tumor maligno del hígado y vías biliares intrahepáticas;Mujeres;35 Palmas, Las;27
014 Tumor maligno del hígado y vías biliares intrahepáticas;Mujeres;36 Pontevedra;30
014 Tumor maligno del hígado y vías biliares intrahepáticas;Mujeres;26 Rioja, La;7
014 Tumor maligno del hígado y vías biliares intrahepáticas;Mujeres;37 Salamanca;23
014 Tumor maligno del hígado y vías biliares intrahepáticas;Mujeres;38 Santa Cruz de Tenerife;40
014 Tumor maligno del hígado y vías biliares intrahepáticas;Mujeres;40 Segovia;4
014 Tumor maligno del hígado y vías biliares intrahepáticas;Mujeres;41 Sevilla;58
014 Tumor maligno del hígado y vías biliares intrahepáticas;Mujeres;42 Soria;2
014 Tumor maligno del hígado y vías biliares intrahepáticas;Mujeres;43 Tarragona;31
014 Tumor maligno del hígado y vías biliares intrahepáticas;Mujeres;44 Teruel;9
014 Tumor maligno del hígado y vías biliares intrahepáticas;Mujeres;45 Toledo;23
014 Tumor maligno del hígado y vías biliares intrahepáticas;Mujeres;46 Valencia/València;89
014 Tumor maligno del hígado y vías biliares intrahepáticas;Mujeres;47 Valladolid;13
014 Tumor maligno del hígado y vías biliares intrahepáticas;Mujeres;49 Zamora;1
014 Tumor maligno del hígado y vías biliares intrahepáticas;Mujeres;50 Zaragoza;27
014 Tumor maligno del hígado y vías biliares intrahepáticas;Mujeres;51 Ceuta;0
014 Tumor maligno del hígado y vías biliares intrahepáticas;Mujeres;52 Melilla;3
014 Tumor maligno del hígado y vías biliares intrahepáticas;Mujeres;Extranjero;4
015 Tumor maligno del páncreas;Hombres;Total;3.700
015 Tumor maligno del páncreas;Hombres;02 Albacete;27
015 Tumor maligno del páncreas;Hombres;03 Alicante/Alacant;170
015 Tumor maligno del páncreas;Hombres;04 Almería;29
015 Tumor maligno del páncreas;Hombres;01 Araba/Álava;24
015 Tumor maligno del páncreas;Hombres;33 Asturias;144
015 Tumor maligno del páncreas;Hombres;05 Ávila;12
015 Tumor maligno del páncreas;Hombres;06 Badajoz;62
015 Tumor maligno del páncreas;Hombres;07 Balears, Illes;85
015 Tumor maligno del páncreas;Hombres;08 Barcelona;429
015 Tumor maligno del páncreas;Hombres;48 Bizkaia;120
015 Tumor maligno del páncreas;Hombres;09 Burgos;37
015 Tumor maligno del páncreas;Hombres;10 Cáceres;27
015 Tumor maligno del páncreas;Hombres;11 Cádiz;94
015 Tumor maligno del páncreas;Hombres;39 Cantabria;50
015 Tumor maligno del páncreas;Hombres;12 Castellón/Castelló;46
015 Tumor maligno del páncreas;Hombres;13 Ciudad Real;47
015 Tumor maligno del páncreas;Hombres;14 Córdoba;59
015 Tumor maligno del páncreas;Hombres;15 Coruña, A;109
015 Tumor maligno del páncreas;Hombres;16 Cuenca;23
015 Tumor maligno del páncreas;Hombres;20 Gipuzkoa;54
015 Tumor maligno del páncreas;Hombres;17 Girona;54
015 Tumor maligno del páncreas;Hombres;18 Granada;67
015 Tumor maligno del páncreas;Hombres;19 Guadalajara;11
015 Tumor maligno del páncreas;Hombres;21 Huelva;34
015 Tumor maligno del páncreas;Hombres;22 Huesca;24
015 Tumor maligno del páncreas;Hombres;23 Jaén;46
015 Tumor maligno del páncreas;Hombres;24 León;48
015 Tumor maligno del páncreas;Hombres;25 Lleida;51
015 Tumor maligno del páncreas;Hombres;27 Lugo;26
015 Tumor maligno del páncreas;Hombres;28 Madrid;436
015 Tumor maligno del páncreas;Hombres;29 Málaga;110
015 Tumor maligno del páncreas;Hombres;30 Murcia;91
015 Tumor maligno del páncreas;Hombres;31 Navarra;45
015 Tumor maligno del páncreas;Hombres;32 Ourense;41
015 Tumor maligno del páncreas;Hombres;34 Palencia;15
015 Tumor maligno del páncreas;Hombres;35 Palmas, Las;75
015 Tumor maligno del páncreas;Hombres;36 Pontevedra;76
015 Tumor maligno del páncreas;Hombres;26 Rioja, La;29
015 Tumor maligno del páncreas;Hombres;37 Salamanca;41
015 Tumor maligno del páncreas;Hombres;38 Santa Cruz de Tenerife;78
015 Tumor maligno del páncreas;Hombres;40 Segovia;9
015 Tumor maligno del páncreas;Hombres;41 Sevilla;139
015 Tumor maligno del páncreas;Hombres;42 Soria;5
015 Tumor maligno del páncreas;Hombres;43 Tarragona;61
015 Tumor maligno del páncreas;Hombres;44 Teruel;14
015 Tumor maligno del páncreas;Hombres;45 Toledo;60
015 Tumor maligno del páncreas;Hombres;46 Valencia/València;199
015 Tumor maligno del páncreas;Hombres;47 Valladolid;43
015 Tumor maligno del páncreas;Hombres;49 Zamora;21
015 Tumor maligno del páncreas;Hombres;50 Zaragoza;86
015 Tumor maligno del páncreas;Hombres;51 Ceuta;0
015 Tumor maligno del páncreas;Hombres;52 Melilla;7
015 Tumor maligno del páncreas;Hombres;Extranjero;10
015 Tumor maligno del páncreas;Mujeres;Total;3.613
015 Tumor maligno del páncreas;Mujeres;02 Albacete;31
015 Tumor maligno del páncreas;Mujeres;03 Alicante/Alacant;142
015 Tumor maligno del páncreas;Mujeres;04 Almería;32
015 Tumor maligno del páncreas;Mujeres;01 Araba/Álava;31
015 Tumor maligno del páncreas;Mujeres;33 Asturias;123
015 Tumor maligno del páncreas;Mujeres;05 Ávila;14
015 Tumor maligno del páncreas;Mujeres;06 Badajoz;37
015 Tumor maligno del páncreas;Mujeres;07 Balears, Illes;70
015 Tumor maligno del páncreas;Mujeres;08 Barcelona;455
015 Tumor maligno del páncreas;Mujeres;48 Bizkaia;107
015 Tumor maligno del páncreas;Mujeres;09 Burgos;22
015 Tumor maligno del páncreas;Mujeres;10 Cáceres;30
015 Tumor maligno del páncreas;Mujeres;11 Cádiz;89
015 Tumor maligno del páncreas;Mujeres;39 Cantabria;60
015 Tumor maligno del páncreas;Mujeres;12 Castellón/Castelló;35
015 Tumor maligno del páncreas;Mujeres;13 Ciudad Real;43
015 Tumor maligno del páncreas;Mujeres;14 Córdoba;44
015 Tumor maligno del páncreas;Mujeres;15 Coruña, A;102
015 Tumor maligno del páncreas;Mujeres;16 Cuenca;21
015 Tumor maligno del páncreas;Mujeres;20 Gipuzkoa;67
015 Tumor maligno del páncreas;Mujeres;17 Girona;52
015 Tumor maligno del páncreas;Mujeres;18 Granada;72
015 Tumor maligno del páncreas;Mujeres;19 Guadalajara;21
015 Tumor maligno del páncreas;Mujeres;21 Huelva;36
015 Tumor maligno del páncreas;Mujeres;22 Huesca;18
015 Tumor maligno del páncreas;Mujeres;23 Jaén;44
015 Tumor maligno del páncreas;Mujeres;24 León;42
015 Tumor maligno del páncreas;Mujeres;25 Lleida;35
015 Tumor maligno del páncreas;Mujeres;27 Lugo;39
015 Tumor maligno del páncreas;Mujeres;28 Madrid;494
015 Tumor maligno del páncreas;Mujeres;29 Málaga;96
015 Tumor maligno del páncreas;Mujeres;30 Murcia;83
015 Tumor maligno del páncreas;Mujeres;31 Navarra;60
015 Tumor maligno del páncreas;Mujeres;32 Ourense;34
015 Tumor maligno del páncreas;Mujeres;34 Palencia;21
015 Tumor maligno del páncreas;Mujeres;35 Palmas, Las;80
015 Tumor maligno del páncreas;Mujeres;36 Pontevedra;77
015 Tumor maligno del páncreas;Mujeres;26 Rioja, La;27
015 Tumor maligno del páncreas;Mujeres;37 Salamanca;34
015 Tumor maligno del páncreas;Mujeres;38 Santa Cruz de Tenerife;78
015 Tumor maligno del páncreas;Mujeres;40 Segovia;7
015 Tumor maligno del páncreas;Mujeres;41 Sevilla;116
015 Tumor maligno del páncreas;Mujeres;42 Soria;9
015 Tumor maligno del páncreas;Mujeres;43 Tarragona;66
015 Tumor maligno del páncreas;Mujeres;44 Teruel;6
015 Tumor maligno del páncreas;Mujeres;45 Toledo;38
015 Tumor maligno del páncreas;Mujeres;46 Valencia/València;186
015 Tumor maligno del páncreas;Mujeres;47 Valladolid;43
015 Tumor maligno del páncreas;Mujeres;49 Zamora;16
015 Tumor maligno del páncreas;Mujeres;50 Zaragoza;109
015 Tumor maligno del páncreas;Mujeres;51 Ceuta;2
015 Tumor maligno del páncreas;Mujeres;52 Melilla;4
015 Tumor maligno del páncreas;Mujeres;Extranjero;13
016 Otros tumores malignos digestivos;Hombres;Total;1.186
016 Otros tumores malignos digestivos;Hombres;02 Albacete;7
016 Otros tumores malignos digestivos;Hombres;03 Alicante/Alacant;28
016 Otros tumores malignos digestivos;Hombres;04 Almería;24
016 Otros tumores malignos digestivos;Hombres;01 Araba/Álava;15
016 Otros tumores malignos digestivos;Hombres;33 Asturias;44
016 Otros tumores malignos digestivos;Hombres;05 Ávila;10
016 Otros tumores malignos digestivos;Hombres;06 Badajoz;10
016 Otros tumores malignos digestivos;Hombres;07 Balears, Illes;18
016 Otros tumores malignos digestivos;Hombres;08 Barcelona;136
016 Otros tumores malignos digestivos;Hombres;48 Bizkaia;31
016 Otros tumores malignos digestivos;Hombres;09 Burgos;11
016 Otros tumores malignos digestivos;Hombres;10 Cáceres;9
016 Otros tumores malignos digestivos;Hombres;11 Cádiz;28
016 Otros tumores malignos digestivos;Hombres;39 Cantabria;24
016 Otros tumores malignos digestivos;Hombres;12 Castellón/Castelló;16
016 Otros tumores malignos digestivos;Hombres;13 Ciudad Real;12
016 Otros tumores malignos digestivos;Hombres;14 Córdoba;14
016 Otros tumores malignos digestivos;Hombres;15 Coruña, A;23
016 Otros tumores malignos digestivos;Hombres;16 Cuenca;7
016 Otros tumores malignos digestivos;Hombres;20 Gipuzkoa;19
016 Otros tumores malignos digestivos;Hombres;17 Girona;25
016 Otros tumores malignos digestivos;Hombres;18 Granada;24
016 Otros tumores malignos digestivos;Hombres;19 Guadalajara;7
016 Otros tumores malignos digestivos;Hombres;21 Huelva;13
016 Otros tumores malignos digestivos;Hombres;22 Huesca;6
016 Otros tumores malignos digestivos;Hombres;23 Jaén;13
016 Otros tumores malignos digestivos;Hombres;24 León;16
016 Otros tumores malignos digestivos;Hombres;25 Lleida;9
016 Otros tumores malignos digestivos;Hombres;27 Lugo;7
016 Otros tumores malignos digestivos;Hombres;28 Madrid;134
016 Otros tumores malignos digestivos;Hombres;29 Málaga;53
016 Otros tumores malignos digestivos;Hombres;30 Murcia;28
016 Otros tumores malignos digestivos;Hombres;31 Navarra;22
016 Otros tumores malignos digestivos;Hombres;32 Ourense;13
016 Otros tumores malignos digestivos;Hombres;34 Palencia;2
016 Otros tumores malignos digestivos;Hombres;35 Palmas, Las;30
016 Otros tumores malignos digestivos;Hombres;36 Pontevedra;33
016 Otros tumores malignos digestivos;Hombres;26 Rioja, La;18
016 Otros tumores malignos digestivos;Hombres;37 Salamanca;8
016 Otros tumores malignos digestivos;Hombres;38 Santa Cruz de Tenerife;22
016 Otros tumores malignos digestivos;Hombres;40 Segovia;3
016 Otros tumores malignos digestivos;Hombres;41 Sevilla;45
016 Otros tumores malignos digestivos;Hombres;42 Soria;3
016 Otros tumores malignos digestivos;Hombres;43 Tarragona;14
016 Otros tumores malignos digestivos;Hombres;44 Teruel;8
016 Otros tumores malignos digestivos;Hombres;45 Toledo;20
016 Otros tumores malignos digestivos;Hombres;46 Valencia/València;68
016 Otros tumores malignos digestivos;Hombres;47 Valladolid;12
016 Otros tumores malignos digestivos;Hombres;49 Zamora;10
016 Otros tumores malignos digestivos;Hombres;50 Zaragoza;31
016 Otros tumores malignos digestivos;Hombres;51 Ceuta;1
016 Otros tumores malignos digestivos;Hombres;52 Melilla;0
016 Otros tumores malignos digestivos;Hombres;Extranjero;2
016 Otros tumores malignos digestivos;Mujeres;Total;1.237
016 Otros tumores malignos digestivos;Mujeres;02 Albacete;11
016 Otros tumores malignos digestivos;Mujeres;03 Alicante/Alacant;35
016 Otros tumores malignos digestivos;Mujeres;04 Almería;19
016 Otros tumores malignos digestivos;Mujeres;01 Araba/Álava;18
016 Otros tumores malignos digestivos;Mujeres;33 Asturias;47
016 Otros tumores malignos digestivos;Mujeres;05 Ávila;1
016 Otros tumores malignos digestivos;Mujeres;06 Badajoz;12
016 Otros tumores malignos digestivos;Mujeres;07 Balears, Illes;19
016 Otros tumores malignos digestivos;Mujeres;08 Barcelona;113
016 Otros tumores malignos digestivos;Mujeres;48 Bizkaia;45
016 Otros tumores malignos digestivos;Mujeres;09 Burgos;13
016 Otros tumores malignos digestivos;Mujeres;10 Cáceres;12
016 Otros tumores malignos digestivos;Mujeres;11 Cádiz;32
016 Otros tumores malignos digestivos;Mujeres;39 Cantabria;26
016 Otros tumores malignos digestivos;Mujeres;12 Castellón/Castelló;14
016 Otros tumores malignos digestivos;Mujeres;13 Ciudad Real;16
016 Otros tumores malignos digestivos;Mujeres;14 Córdoba;16
016 Otros tumores malignos digestivos;Mujeres;15 Coruña, A;50
016 Otros tumores malignos digestivos;Mujeres;16 Cuenca;4
016 Otros tumores malignos digestivos;Mujeres;20 Gipuzkoa;18
016 Otros tumores malignos digestivos;Mujeres;17 Girona;18
016 Otros tumores malignos digestivos;Mujeres;18 Granada;19
016 Otros tumores malignos digestivos;Mujeres;19 Guadalajara;12
016 Otros tumores malignos digestivos;Mujeres;21 Huelva;5
016 Otros tumores malignos digestivos;Mujeres;22 Huesca;9
016 Otros tumores malignos digestivos;Mujeres;23 Jaén;11
016 Otros tumores malignos digestivos;Mujeres;24 León;23
016 Otros tumores malignos digestivos;Mujeres;25 Lleida;19
016 Otros tumores malignos digestivos;Mujeres;27 Lugo;7
016 Otros tumores malignos digestivos;Mujeres;28 Madrid;164
016 Otros tumores malignos digestivos;Mujeres;29 Málaga;35
016 Otros tumores malignos digestivos;Mujeres;30 Murcia;22
016 Otros tumores malignos digestivos;Mujeres;31 Navarra;28
016 Otros tumores malignos digestivos;Mujeres;32 Ourense;22
016 Otros tumores malignos digestivos;Mujeres;34 Palencia;4
016 Otros tumores malignos digestivos;Mujeres;35 Palmas, Las;29
016 Otros tumores malignos digestivos;Mujeres;36 Pontevedra;37
016 Otros tumores malignos digestivos;Mujeres;26 Rioja, La;12
016 Otros tumores malignos digestivos;Mujeres;37 Salamanca;12
016 Otros tumores malignos digestivos;Mujeres;38 Santa Cruz de Tenerife;18
016 Otros tumores malignos digestivos;Mujeres;40 Segovia;12
016 Otros tumores malignos digestivos;Mujeres;41 Sevilla;37
016 Otros tumores malignos digestivos;Mujeres;42 Soria;6
016 Otros tumores malignos digestivos;Mujeres;43 Tarragona;25
016 Otros tumores malignos digestivos;Mujeres;44 Teruel;1
016 Otros tumores malignos digestivos;Mujeres;45 Toledo;17
016 Otros tumores malignos digestivos;Mujeres;46 Valencia/València;61
016 Otros tumores malignos digestivos;Mujeres;47 Valladolid;16
016 Otros tumores malignos digestivos;Mujeres;49 Zamora;8
016 Otros tumores malignos digestivos;Mujeres;50 Zaragoza;24
016 Otros tumores malignos digestivos;Mujeres;51 Ceuta;1
016 Otros tumores malignos digestivos;Mujeres;52 Melilla;0
016 Otros tumores malignos digestivos;Mujeres;Extranjero;2
017 Tumor maligno de la laringe;Hombres;Total;1.145
017 Tumor maligno de la laringe;Hombres;02 Albacete;15
017 Tumor maligno de la laringe;Hombres;03 Alicante/Alacant;53
017 Tumor maligno de la laringe;Hombres;04 Almería;17
017 Tumor maligno de la laringe;Hombres;01 Araba/Álava;12
017 Tumor maligno de la laringe;Hombres;33 Asturias;33
017 Tumor maligno de la laringe;Hombres;05 Ávila;7
017 Tumor maligno de la laringe;Hombres;06 Badajoz;14
017 Tumor maligno de la laringe;Hombres;07 Balears, Illes;16
017 Tumor maligno de la laringe;Hombres;08 Barcelona;116
017 Tumor maligno de la laringe;Hombres;48 Bizkaia;39
017 Tumor maligno de la laringe;Hombres;09 Burgos;10
017 Tumor maligno de la laringe;Hombres;10 Cáceres;13
017 Tumor maligno de la laringe;Hombres;11 Cádiz;36
017 Tumor maligno de la laringe;Hombres;39 Cantabria;25
017 Tumor maligno de la laringe;Hombres;12 Castellón/Castelló;15
017 Tumor maligno de la laringe;Hombres;13 Ciudad Real;10
017 Tumor maligno de la laringe;Hombres;14 Córdoba;13
017 Tumor maligno de la laringe;Hombres;15 Coruña, A;32
017 Tumor maligno de la laringe;Hombres;16 Cuenca;6
017 Tumor maligno de la laringe;Hombres;20 Gipuzkoa;8
017 Tumor maligno de la laringe;Hombres;17 Girona;26
017 Tumor maligno de la laringe;Hombres;18 Granada;17
017 Tumor maligno de la laringe;Hombres;19 Guadalajara;7
017 Tumor maligno de la laringe;Hombres;21 Huelva;11
017 Tumor maligno de la laringe;Hombres;22 Huesca;14
017 Tumor maligno de la laringe;Hombres;23 Jaén;24
017 Tumor maligno de la laringe;Hombres;24 León;13
017 Tumor maligno de la laringe;Hombres;25 Lleida;11
017 Tumor maligno de la laringe;Hombres;27 Lugo;8
017 Tumor maligno de la laringe;Hombres;28 Madrid;103
017 Tumor maligno de la laringe;Hombres;29 Málaga;44
017 Tumor maligno de la laringe;Hombres;30 Murcia;40
017 Tumor maligno de la laringe;Hombres;31 Navarra;23
017 Tumor maligno de la laringe;Hombres;32 Ourense;6
017 Tumor maligno de la laringe;Hombres;34 Palencia;8
017 Tumor maligno de la laringe;Hombres;35 Palmas, Las;27
017 Tumor maligno de la laringe;Hombres;36 Pontevedra;29
017 Tumor maligno de la laringe;Hombres;26 Rioja, La;14
017 Tumor maligno de la laringe;Hombres;37 Salamanca;11
017 Tumor maligno de la laringe;Hombres;38 Santa Cruz de Tenerife;30
017 Tumor maligno de la laringe;Hombres;40 Segovia;0
017 Tumor maligno de la laringe;Hombres;41 Sevilla;50
017 Tumor maligno de la laringe;Hombres;42 Soria;6
017 Tumor maligno de la laringe;Hombres;43 Tarragona;15
017 Tumor maligno de la laringe;Hombres;44 Teruel;4
017 Tumor maligno de la laringe;Hombres;45 Toledo;15
017 Tumor maligno de la laringe;Hombres;46 Valencia/València;57
017 Tumor maligno de la laringe;Hombres;47 Valladolid;17
017 Tumor maligno de la laringe;Hombres;49 Zamora;3
017 Tumor maligno de la laringe;Hombres;50 Zaragoza;22
017 Tumor maligno de la laringe;Hombres;51 Ceuta;0
017 Tumor maligno de la laringe;Hombres;52 Melilla;0
017 Tumor maligno de la laringe;Hombres;Extranjero;0
017 Tumor maligno de la laringe;Mujeres;Total;113
017 Tumor maligno de la laringe;Mujeres;02 Albacete;1
017 Tumor maligno de la laringe;Mujeres;03 Alicante/Alacant;3
017 Tumor maligno de la laringe;Mujeres;04 Almería;1
017 Tumor maligno de la laringe;Mujeres;01 Araba/Álava;0
017 Tumor maligno de la laringe;Mujeres;33 Asturias;8
017 Tumor maligno de la laringe;Mujeres;05 Ávila;0
017 Tumor maligno de la laringe;Mujeres;06 Badajoz;2
017 Tumor maligno de la laringe;Mujeres;07 Balears, Illes;7
017 Tumor maligno de la laringe;Mujeres;08 Barcelona;19
017 Tumor maligno de la laringe;Mujeres;48 Bizkaia;6
017 Tumor maligno de la laringe;Mujeres;09 Burgos;0
017 Tumor maligno de la laringe;Mujeres;10 Cáceres;1
017 Tumor maligno de la laringe;Mujeres;11 Cádiz;3
017 Tumor maligno de la laringe;Mujeres;39 Cantabria;3
017 Tumor maligno de la laringe;Mujeres;12 Castellón/Castelló;2
017 Tumor maligno de la laringe;Mujeres;13 Ciudad Real;0
017 Tumor maligno de la laringe;Mujeres;14 Córdoba;0
017 Tumor maligno de la laringe;Mujeres;15 Coruña, A;4
017 Tumor maligno de la laringe;Mujeres;16 Cuenca;0
017 Tumor maligno de la laringe;Mujeres;20 Gipuzkoa;1
017 Tumor maligno de la laringe;Mujeres;17 Girona;3
017 Tumor maligno de la laringe;Mujeres;18 Granada;2
017 Tumor maligno de la laringe;Mujeres;19 Guadalajara;1
017 Tumor maligno de la laringe;Mujeres;21 Huelva;0
017 Tumor maligno de la laringe;Mujeres;22 Huesca;0
017 Tumor maligno de la laringe;Mujeres;23 Jaén;1
017 Tumor maligno de la laringe;Mujeres;24 León;1
017 Tumor maligno de la laringe;Mujeres;25 Lleida;0
017 Tumor maligno de la laringe;Mujeres;27 Lugo;1
017 Tumor maligno de la laringe;Mujeres;28 Madrid;11
017 Tumor maligno de la laringe;Mujeres;29 Málaga;2
017 Tumor maligno de la laringe;Mujeres;30 Murcia;2
017 Tumor maligno de la laringe;Mujeres;31 Navarra;1
017 Tumor maligno de la laringe;Mujeres;32 Ourense;2
017 Tumor maligno de la laringe;Mujeres;34 Palencia;0
017 Tumor maligno de la laringe;Mujeres;35 Palmas, Las;3
017 Tumor maligno de la laringe;Mujeres;36 Pontevedra;1
017 Tumor maligno de la laringe;Mujeres;26 Rioja, La;0
017 Tumor maligno de la laringe;Mujeres;37 Salamanca;0
017 Tumor maligno de la laringe;Mujeres;38 Santa Cruz de Tenerife;2
017 Tumor maligno de la laringe;Mujeres;40 Segovia;0
017 Tumor maligno de la laringe;Mujeres;41 Sevilla;4
017 Tumor maligno de la laringe;Mujeres;42 Soria;2
017 Tumor maligno de la laringe;Mujeres;43 Tarragona;1
017 Tumor maligno de la laringe;Mujeres;44 Teruel;0
017 Tumor maligno de la laringe;Mujeres;45 Toledo;0
017 Tumor maligno de la laringe;Mujeres;46 Valencia/València;7
017 Tumor maligno de la laringe;Mujeres;47 Valladolid;1
017 Tumor maligno de la laringe;Mujeres;49 Zamora;0
017 Tumor maligno de la laringe;Mujeres;50 Zaragoza;4
017 Tumor maligno de la laringe;Mujeres;51 Ceuta;0
017 Tumor maligno de la laringe;Mujeres;52 Melilla;0
017 Tumor maligno de la laringe;Mujeres;Extranjero;0
018 Tumor maligno de la tráquea, de los bronquios y del pulmón;Hombres;Total;16.935
018 Tumor maligno de la tráquea, de los bronquios y del pulmón;Hombres;02 Albacete;143
018 Tumor maligno de la tráquea, de los bronquios y del pulmón;Hombres;03 Alicante/Alacant;595
018 Tumor maligno de la tráquea, de los bronquios y del pulmón;Hombres;04 Almería;245
018 Tumor maligno de la tráquea, de los bronquios y del pulmón;Hombres;01 Araba/Álava;127
018 Tumor maligno de la tráquea, de los bronquios y del pulmón;Hombres;33 Asturias;502
018 Tumor maligno de la tráquea, de los bronquios y del pulmón;Hombres;05 Ávila;71
018 Tumor maligno de la tráquea, de los bronquios y del pulmón;Hombres;06 Badajoz;308
018 Tumor maligno de la tráquea, de los bronquios y del pulmón;Hombres;07 Balears, Illes;343
018 Tumor maligno de la tráquea, de los bronquios y del pulmón;Hombres;08 Barcelona;1.939
018 Tumor maligno de la tráquea, de los bronquios y del pulmón;Hombres;48 Bizkaia;553
018 Tumor maligno de la tráquea, de los bronquios y del pulmón;Hombres;09 Burgos;128
018 Tumor maligno de la tráquea, de los bronquios y del pulmón;Hombres;10 Cáceres;215
018 Tumor maligno de la tráquea, de los bronquios y del pulmón;Hombres;11 Cádiz;439
018 Tumor maligno de la tráquea, de los bronquios y del pulmón;Hombres;39 Cantabria;256
018 Tumor maligno de la tráquea, de los bronquios y del pulmón;Hombres;12 Castellón/Castelló;229
018 Tumor maligno de la tráquea, de los bronquios y del pulmón;Hombres;13 Ciudad Real;207
018 Tumor maligno de la tráquea, de los bronquios y del pulmón;Hombres;14 Córdoba;267
018 Tumor maligno de la tráquea, de los bronquios y del pulmón;Hombres;15 Coruña, A;504
018 Tumor maligno de la tráquea, de los bronquios y del pulmón;Hombres;16 Cuenca;76
018 Tumor maligno de la tráquea, de los bronquios y del pulmón;Hombres;20 Gipuzkoa;255
018 Tumor maligno de la tráquea, de los bronquios y del pulmón;Hombres;17 Girona;265
018 Tumor maligno de la tráquea, de los bronquios y del pulmón;Hombres;18 Granada;313
018 Tumor maligno de la tráquea, de los bronquios y del pulmón;Hombres;19 Guadalajara;79
018 Tumor maligno de la tráquea, de los bronquios y del pulmón;Hombres;21 Huelva;212
018 Tumor maligno de la tráquea, de los bronquios y del pulmón;Hombres;22 Huesca;88
018 Tumor maligno de la tráquea, de los bronquios y del pulmón;Hombres;23 Jaén;191
018 Tumor maligno de la tráquea, de los bronquios y del pulmón;Hombres;24 León;253
018 Tumor maligno de la tráquea, de los bronquios y del pulmón;Hombres;25 Lleida;146
018 Tumor maligno de la tráquea, de los bronquios y del pulmón;Hombres;27 Lugo;128
018 Tumor maligno de la tráquea, de los bronquios y del pulmón;Hombres;28 Madrid;1.909
018 Tumor maligno de la tráquea, de los bronquios y del pulmón;Hombres;29 Málaga;592
018 Tumor maligno de la tráquea, de los bronquios y del pulmón;Hombres;30 Murcia;452
018 Tumor maligno de la tráquea, de los bronquios y del pulmón;Hombres;31 Navarra;217
018 Tumor maligno de la tráquea, de los bronquios y del pulmón;Hombres;32 Ourense;161
018 Tumor maligno de la tráquea, de los bronquios y del pulmón;Hombres;34 Palencia;88
018 Tumor maligno de la tráquea, de los bronquios y del pulmón;Hombres;35 Palmas, Las;341
018 Tumor maligno de la tráquea, de los bronquios y del pulmón;Hombres;36 Pontevedra;368
018 Tumor maligno de la tráquea, de los bronquios y del pulmón;Hombres;26 Rioja, La;109
018 Tumor maligno de la tráquea, de los bronquios y del pulmón;Hombres;37 Salamanca;141
018 Tumor maligno de la tráquea, de los bronquios y del pulmón;Hombres;38 Santa Cruz de Tenerife;289
018 Tumor maligno de la tráquea, de los bronquios y del pulmón;Hombres;40 Segovia;62
018 Tumor maligno de la tráquea, de los bronquios y del pulmón;Hombres;41 Sevilla;722
018 Tumor maligno de la tráquea, de los bronquios y del pulmón;Hombres;42 Soria;37
018 Tumor maligno de la tráquea, de los bronquios y del pulmón;Hombres;43 Tarragona;281
018 Tumor maligno de la tráquea, de los bronquios y del pulmón;Hombres;44 Teruel;42
018 Tumor maligno de la tráquea, de los bronquios y del pulmón;Hombres;45 Toledo;238
018 Tumor maligno de la tráquea, de los bronquios y del pulmón;Hombres;46 Valencia/València;964
018 Tumor maligno de la tráquea, de los bronquios y del pulmón;Hombres;47 Valladolid;244
018 Tumor maligno de la tráquea, de los bronquios y del pulmón;Hombres;49 Zamora;94
018 Tumor maligno de la tráquea, de los bronquios y del pulmón;Hombres;50 Zaragoza;438
018 Tumor maligno de la tráquea, de los bronquios y del pulmón;Hombres;51 Ceuta;17
018 Tumor maligno de la tráquea, de los bronquios y del pulmón;Hombres;52 Melilla;21
018 Tumor maligno de la tráquea, de los bronquios y del pulmón;Hombres;Extranjero;31
018 Tumor maligno de la tráquea, de los bronquios y del pulmón;Mujeres;Total;5.072
018 Tumor maligno de la tráquea, de los bronquios y del pulmón;Mujeres;02 Albacete;22
018 Tumor maligno de la tráquea, de los bronquios y del pulmón;Mujeres;03 Alicante/Alacant;216
018 Tumor maligno de la tráquea, de los bronquios y del pulmón;Mujeres;04 Almería;51
018 Tumor maligno de la tráquea, de los bronquios y del pulmón;Mujeres;01 Araba/Álava;42
018 Tumor maligno de la tráquea, de los bronquios y del pulmón;Mujeres;33 Asturias;182
018 Tumor maligno de la tráquea, de los bronquios y del pulmón;Mujeres;05 Ávila;19
018 Tumor maligno de la tráquea, de los bronquios y del pulmón;Mujeres;06 Badajoz;65
018 Tumor maligno de la tráquea, de los bronquios y del pulmón;Mujeres;07 Balears, Illes;131
018 Tumor maligno de la tráquea, de los bronquios y del pulmón;Mujeres;08 Barcelona;584
018 Tumor maligno de la tráquea, de los bronquios y del pulmón;Mujeres;48 Bizkaia;191
018 Tumor maligno de la tráquea, de los bronquios y del pulmón;Mujeres;09 Burgos;34
018 Tumor maligno de la tráquea, de los bronquios y del pulmón;Mujeres;10 Cáceres;42
018 Tumor maligno de la tráquea, de los bronquios y del pulmón;Mujeres;11 Cádiz;89
018 Tumor maligno de la tráquea, de los bronquios y del pulmón;Mujeres;39 Cantabria;84
018 Tumor maligno de la tráquea, de los bronquios y del pulmón;Mujeres;12 Castellón/Castelló;73
018 Tumor maligno de la tráquea, de los bronquios y del pulmón;Mujeres;13 Ciudad Real;37
018 Tumor maligno de la tráquea, de los bronquios y del pulmón;Mujeres;14 Córdoba;56
018 Tumor maligno de la tráquea, de los bronquios y del pulmón;Mujeres;15 Coruña, A;132
018 Tumor maligno de la tráquea, de los bronquios y del pulmón;Mujeres;16 Cuenca;15
018 Tumor maligno de la tráquea, de los bronquios y del pulmón;Mujeres;20 Gipuzkoa;94
018 Tumor maligno de la tráquea, de los bronquios y del pulmón;Mujeres;17 Girona;74
018 Tumor maligno de la tráquea, de los bronquios y del pulmón;Mujeres;18 Granada;83
018 Tumor maligno de la tráquea, de los bronquios y del pulmón;Mujeres;19 Guadalajara;21
018 Tumor maligno de la tráquea, de los bronquios y del pulmón;Mujeres;21 Huelva;51
018 Tumor maligno de la tráquea, de los bronquios y del pulmón;Mujeres;22 Huesca;29
018 Tumor maligno de la tráquea, de los bronquios y del pulmón;Mujeres;23 Jaén;38
018 Tumor maligno de la tráquea, de los bronquios y del pulmón;Mujeres;24 León;73
018 Tumor maligno de la tráquea, de los bronquios y del pulmón;Mujeres;25 Lleida;29
018 Tumor maligno de la tráquea, de los bronquios y del pulmón;Mujeres;27 Lugo;49
018 Tumor maligno de la tráquea, de los bronquios y del pulmón;Mujeres;28 Madrid;740
018 Tumor maligno de la tráquea, de los bronquios y del pulmón;Mujeres;29 Málaga;164
018 Tumor maligno de la tráquea, de los bronquios y del pulmón;Mujeres;30 Murcia;125
018 Tumor maligno de la tráquea, de los bronquios y del pulmón;Mujeres;31 Navarra;66
018 Tumor maligno de la tráquea, de los bronquios y del pulmón;Mujeres;32 Ourense;35
018 Tumor maligno de la tráquea, de los bronquios y del pulmón;Mujeres;34 Palencia;16
018 Tumor maligno de la tráquea, de los bronquios y del pulmón;Mujeres;35 Palmas, Las;128
018 Tumor maligno de la tráquea, de los bronquios y del pulmón;Mujeres;36 Pontevedra;126
018 Tumor maligno de la tráquea, de los bronquios y del pulmón;Mujeres;26 Rioja, La;31
018 Tumor maligno de la tráquea, de los bronquios y del pulmón;Mujeres;37 Salamanca;35
018 Tumor maligno de la tráquea, de los bronquios y del pulmón;Mujeres;38 Santa Cruz de Tenerife;131
018 Tumor maligno de la tráquea, de los bronquios y del pulmón;Mujeres;40 Segovia;20
018 Tumor maligno de la tráquea, de los bronquios y del pulmón;Mujeres;41 Sevilla;152
018 Tumor maligno de la tráquea, de los bronquios y del pulmón;Mujeres;42 Soria;8
018 Tumor maligno de la tráquea, de los bronquios y del pulmón;Mujeres;43 Tarragona;88
018 Tumor maligno de la tráquea, de los bronquios y del pulmón;Mujeres;44 Teruel;10
018 Tumor maligno de la tráquea, de los bronquios y del pulmón;Mujeres;45 Toledo;57
018 Tumor maligno de la tráquea, de los bronquios y del pulmón;Mujeres;46 Valencia/València;288
018 Tumor maligno de la tráquea, de los bronquios y del pulmón;Mujeres;47 Valladolid;68
018 Tumor maligno de la tráquea, de los bronquios y del pulmón;Mujeres;49 Zamora;19
018 Tumor maligno de la tráquea, de los bronquios y del pulmón;Mujeres;50 Zaragoza;126
018 Tumor maligno de la tráquea, de los bronquios y del pulmón;Mujeres;51 Ceuta;6
018 Tumor maligno de la tráquea, de los bronquios y del pulmón;Mujeres;52 Melilla;8
018 Tumor maligno de la tráquea, de los bronquios y del pulmón;Mujeres;Extranjero;19
019 Otros tumores malignos respiratorios e intratorácicos;Hombres;Total;332
019 Otros tumores malignos respiratorios e intratorácicos;Hombres;02 Albacete;1
019 Otros tumores malignos respiratorios e intratorácicos;Hombres;03 Alicante/Alacant;14
019 Otros tumores malignos respiratorios e intratorácicos;Hombres;04 Almería;3
019 Otros tumores malignos respiratorios e intratorácicos;Hombres;01 Araba/Álava;5
019 Otros tumores malignos respiratorios e intratorácicos;Hombres;33 Asturias;12
019 Otros tumores malignos respiratorios e intratorácicos;Hombres;05 Ávila;2
019 Otros tumores malignos respiratorios e intratorácicos;Hombres;06 Badajoz;5
019 Otros tumores malignos respiratorios e intratorácicos;Hombres;07 Balears, Illes;1
019 Otros tumores malignos respiratorios e intratorácicos;Hombres;08 Barcelona;40
019 Otros tumores malignos respiratorios e intratorácicos;Hombres;48 Bizkaia;16
019 Otros tumores malignos respiratorios e intratorácicos;Hombres;09 Burgos;3
019 Otros tumores malignos respiratorios e intratorácicos;Hombres;10 Cáceres;3
019 Otros tumores malignos respiratorios e intratorácicos;Hombres;11 Cádiz;9
019 Otros tumores malignos respiratorios e intratorácicos;Hombres;39 Cantabria;3
019 Otros tumores malignos respiratorios e intratorácicos;Hombres;12 Castellón/Castelló;5
019 Otros tumores malignos respiratorios e intratorácicos;Hombres;13 Ciudad Real;3
019 Otros tumores malignos respiratorios e intratorácicos;Hombres;14 Córdoba;0
019 Otros tumores malignos respiratorios e intratorácicos;Hombres;15 Coruña, A;8
019 Otros tumores malignos respiratorios e intratorácicos;Hombres;16 Cuenca;2
019 Otros tumores malignos respiratorios e intratorácicos;Hombres;20 Gipuzkoa;9
019 Otros tumores malignos respiratorios e intratorácicos;Hombres;17 Girona;12
019 Otros tumores malignos respiratorios e intratorácicos;Hombres;18 Granada;8
019 Otros tumores malignos respiratorios e intratorácicos;Hombres;19 Guadalajara;2
019 Otros tumores malignos respiratorios e intratorácicos;Hombres;21 Huelva;2
019 Otros tumores malignos respiratorios e intratorácicos;Hombres;22 Huesca;2
019 Otros tumores malignos respiratorios e intratorácicos;Hombres;23 Jaén;0
019 Otros tumores malignos respiratorios e intratorácicos;Hombres;24 León;9
019 Otros tumores malignos respiratorios e intratorácicos;Hombres;25 Lleida;1
019 Otros tumores malignos respiratorios e intratorácicos;Hombres;27 Lugo;9
019 Otros tumores malignos respiratorios e intratorácicos;Hombres;28 Madrid;30
019 Otros tumores malignos respiratorios e intratorácicos;Hombres;29 Málaga;12
019 Otros tumores malignos respiratorios e intratorácicos;Hombres;30 Murcia;7
019 Otros tumores malignos respiratorios e intratorácicos;Hombres;31 Navarra;6
019 Otros tumores malignos respiratorios e intratorácicos;Hombres;32 Ourense;3
019 Otros tumores malignos respiratorios e intratorácicos;Hombres;34 Palencia;0
019 Otros tumores malignos respiratorios e intratorácicos;Hombres;35 Palmas, Las;2
019 Otros tumores malignos respiratorios e intratorácicos;Hombres;36 Pontevedra;13
019 Otros tumores malignos respiratorios e intratorácicos;Hombres;26 Rioja, La;2
019 Otros tumores malignos respiratorios e intratorácicos;Hombres;37 Salamanca;2
019 Otros tumores malignos respiratorios e intratorácicos;Hombres;38 Santa Cruz de Tenerife;4
019 Otros tumores malignos respiratorios e intratorácicos;Hombres;40 Segovia;1
019 Otros tumores malignos respiratorios e intratorácicos;Hombres;41 Sevilla;14
019 Otros tumores malignos respiratorios e intratorácicos;Hombres;42 Soria;2
019 Otros tumores malignos respiratorios e intratorácicos;Hombres;43 Tarragona;4
019 Otros tumores malignos respiratorios e intratorácicos;Hombres;44 Teruel;1
019 Otros tumores malignos respiratorios e intratorácicos;Hombres;45 Toledo;6
019 Otros tumores malignos respiratorios e intratorácicos;Hombres;46 Valencia/València;23
019 Otros tumores malignos respiratorios e intratorácicos;Hombres;47 Valladolid;5
019 Otros tumores malignos respiratorios e intratorácicos;Hombres;49 Zamora;1
019 Otros tumores malignos respiratorios e intratorácicos;Hombres;50 Zaragoza;5
019 Otros tumores malignos respiratorios e intratorácicos;Hombres;51 Ceuta;0
019 Otros tumores malignos respiratorios e intratorácicos;Hombres;52 Melilla;0
019 Otros tumores malignos respiratorios e intratorácicos;Hombres;Extranjero;0
019 Otros tumores malignos respiratorios e intratorácicos;Mujeres;Total;152
019 Otros tumores malignos respiratorios e intratorácicos;Mujeres;02 Albacete;2
019 Otros tumores malignos respiratorios e intratorácicos;Mujeres;03 Alicante/Alacant;7
019 Otros tumores malignos respiratorios e intratorácicos;Mujeres;04 Almería;1
019 Otros tumores malignos respiratorios e intratorácicos;Mujeres;01 Araba/Álava;0
019 Otros tumores malignos respiratorios e intratorácicos;Mujeres;33 Asturias;8
019 Otros tumores malignos respiratorios e intratorácicos;Mujeres;05 Ávila;0
019 Otros tumores malignos respiratorios e intratorácicos;Mujeres;06 Badajoz;3
019 Otros tumores malignos respiratorios e intratorácicos;Mujeres;07 Balears, Illes;2
019 Otros tumores malignos respiratorios e intratorácicos;Mujeres;08 Barcelona;16
019 Otros tumores malignos respiratorios e intratorácicos;Mujeres;48 Bizkaia;5
019 Otros tumores malignos respiratorios e intratorácicos;Mujeres;09 Burgos;1
019 Otros tumores malignos respiratorios e intratorácicos;Mujeres;10 Cáceres;1
019 Otros tumores malignos respiratorios e intratorácicos;Mujeres;11 Cádiz;5
019 Otros tumores malignos respiratorios e intratorácicos;Mujeres;39 Cantabria;3
019 Otros tumores malignos respiratorios e intratorácicos;Mujeres;12 Castellón/Castelló;0
019 Otros tumores malignos respiratorios e intratorácicos;Mujeres;13 Ciudad Real;4
019 Otros tumores malignos respiratorios e intratorácicos;Mujeres;14 Córdoba;2
019 Otros tumores malignos respiratorios e intratorácicos;Mujeres;15 Coruña, A;5
019 Otros tumores malignos respiratorios e intratorácicos;Mujeres;16 Cuenca;0
019 Otros tumores malignos respiratorios e intratorácicos;Mujeres;20 Gipuzkoa;1
019 Otros tumores malignos respiratorios e intratorácicos;Mujeres;17 Girona;3
019 Otros tumores malignos respiratorios e intratorácicos;Mujeres;18 Granada;3
019 Otros tumores malignos respiratorios e intratorácicos;Mujeres;19 Guadalajara;1
019 Otros tumores malignos respiratorios e intratorácicos;Mujeres;21 Huelva;1
019 Otros tumores malignos respiratorios e intratorácicos;Mujeres;22 Huesca;2
019 Otros tumores malignos respiratorios e intratorácicos;Mujeres;23 Jaén;1
019 Otros tumores malignos respiratorios e intratorácicos;Mujeres;24 León;4
019 Otros tumores malignos respiratorios e intratorácicos;Mujeres;25 Lleida;1
019 Otros tumores malignos respiratorios e intratorácicos;Mujeres;27 Lugo;0
019 Otros tumores malignos respiratorios e intratorácicos;Mujeres;28 Madrid;22
019 Otros tumores malignos respiratorios e intratorácicos;Mujeres;29 Málaga;4
019 Otros tumores malignos respiratorios e intratorácicos;Mujeres;30 Murcia;2
019 Otros tumores malignos respiratorios e intratorácicos;Mujeres;31 Navarra;1
019 Otros tumores malignos respiratorios e intratorácicos;Mujeres;32 Ourense;0
019 Otros tumores malignos respiratorios e intratorácicos;Mujeres;34 Palencia;1
019 Otros tumores malignos respiratorios e intratorácicos;Mujeres;35 Palmas, Las;1
019 Otros tumores malignos respiratorios e intratorácicos;Mujeres;36 Pontevedra;3
019 Otros tumores malignos respiratorios e intratorácicos;Mujeres;26 Rioja, La;1
019 Otros tumores malignos respiratorios e intratorácicos;Mujeres;37 Salamanca;0
019 Otros tumores malignos respiratorios e intratorácicos;Mujeres;38 Santa Cruz de Tenerife;0
019 Otros tumores malignos respiratorios e intratorácicos;Mujeres;40 Segovia;0
019 Otros tumores malignos respiratorios e intratorácicos;Mujeres;41 Sevilla;6
019 Otros tumores malignos respiratorios e intratorácicos;Mujeres;42 Soria;0
019 Otros tumores malignos respiratorios e intratorácicos;Mujeres;43 Tarragona;1
019 Otros tumores malignos respiratorios e intratorácicos;Mujeres;44 Teruel;2
019 Otros tumores malignos respiratorios e intratorácicos;Mujeres;45 Toledo;4
019 Otros tumores malignos respiratorios e intratorácicos;Mujeres;46 Valencia/València;13
019 Otros tumores malignos respiratorios e intratorácicos;Mujeres;47 Valladolid;5
019 Otros tumores malignos respiratorios e intratorácicos;Mujeres;49 Zamora;1
019 Otros tumores malignos respiratorios e intratorácicos;Mujeres;50 Zaragoza;2
019 Otros tumores malignos respiratorios e intratorácicos;Mujeres;51 Ceuta;0
019 Otros tumores malignos respiratorios e intratorácicos;Mujeres;52 Melilla;0
019 Otros tumores malignos respiratorios e intratorácicos;Mujeres;Extranjero;1
020 Tumores malignos del hueso y de los cartílagos articulares;Hombres;Total;164
020 Tumores malignos del hueso y de los cartílagos articulares;Hombres;02 Albacete;1
020 Tumores malignos del hueso y de los cartílagos articulares;Hombres;03 Alicante/Alacant;5
020 Tumores malignos del hueso y de los cartílagos articulares;Hombres;04 Almería;2
020 Tumores malignos del hueso y de los cartílagos articulares;Hombres;01 Araba/Álava;2
020 Tumores malignos del hueso y de los cartílagos articulares;Hombres;33 Asturias;2
020 Tumores malignos del hueso y de los cartílagos articulares;Hombres;05 Ávila;0
020 Tumores malignos del hueso y de los cartílagos articulares;Hombres;06 Badajoz;3
020 Tumores malignos del hueso y de los cartílagos articulares;Hombres;07 Balears, Illes;2
020 Tumores malignos del hueso y de los cartílagos articulares;Hombres;08 Barcelona;27
020 Tumores malignos del hueso y de los cartílagos articulares;Hombres;48 Bizkaia;2
020 Tumores malignos del hueso y de los cartílagos articulares;Hombres;09 Burgos;0
020 Tumores malignos del hueso y de los cartílagos articulares;Hombres;10 Cáceres;2
020 Tumores malignos del hueso y de los cartílagos articulares;Hombres;11 Cádiz;7
020 Tumores malignos del hueso y de los cartílagos articulares;Hombres;39 Cantabria;0
020 Tumores malignos del hueso y de los cartílagos articulares;Hombres;12 Castellón/Castelló;3
020 Tumores malignos del hueso y de los cartílagos articulares;Hombres;13 Ciudad Real;2
020 Tumores malignos del hueso y de los cartílagos articulares;Hombres;14 Córdoba;1
020 Tumores malignos del hueso y de los cartílagos articulares;Hombres;15 Coruña, A;2
020 Tumores malignos del hueso y de los cartílagos articulares;Hombres;16 Cuenca;1
020 Tumores malignos del hueso y de los cartílagos articulares;Hombres;20 Gipuzkoa;6
020 Tumores malignos del hueso y de los cartílagos articulares;Hombres;17 Girona;3
020 Tumores malignos del hueso y de los cartílagos articulares;Hombres;18 Granada;2
020 Tumores malignos del hueso y de los cartílagos articulares;Hombres;19 Guadalajara;0
020 Tumores malignos del hueso y de los cartílagos articulares;Hombres;21 Huelva;1
020 Tumores malignos del hueso y de los cartílagos articulares;Hombres;22 Huesca;1
020 Tumores malignos del hueso y de los cartílagos articulares;Hombres;23 Jaén;0
020 Tumores malignos del hueso y de los cartílagos articulares;Hombres;24 León;0
020 Tumores malignos del hueso y de los cartílagos articulares;Hombres;25 Lleida;2
020 Tumores malignos del hueso y de los cartílagos articulares;Hombres;27 Lugo;2
020 Tumores malignos del hueso y de los cartílagos articulares;Hombres;28 Madrid;28
020 Tumores malignos del hueso y de los cartílagos articulares;Hombres;29 Málaga;5
020 Tumores malignos del hueso y de los cartílagos articulares;Hombres;30 Murcia;7
020 Tumores malignos del hueso y de los cartílagos articulares;Hombres;31 Navarra;3
020 Tumores malignos del hueso y de los cartílagos articulares;Hombres;32 Ourense;0
020 Tumores malignos del hueso y de los cartílagos articulares;Hombres;34 Palencia;0
020 Tumores malignos del hueso y de los cartílagos articulares;Hombres;35 Palmas, Las;5
020 Tumores malignos del hueso y de los cartílagos articulares;Hombres;36 Pontevedra;3
020 Tumores malignos del hueso y de los cartílagos articulares;Hombres;26 Rioja, La;1
020 Tumores malignos del hueso y de los cartílagos articulares;Hombres;37 Salamanca;3
020 Tumores malignos del hueso y de los cartílagos articulares;Hombres;38 Santa Cruz de Tenerife;0
020 Tumores malignos del hueso y de los cartílagos articulares;Hombres;40 Segovia;0
020 Tumores malignos del hueso y de los cartílagos articulares;Hombres;41 Sevilla;4
020 Tumores malignos del hueso y de los cartílagos articulares;Hombres;42 Soria;1
020 Tumores malignos del hueso y de los cartílagos articulares;Hombres;43 Tarragona;2
020 Tumores malignos del hueso y de los cartílagos articulares;Hombres;44 Teruel;1
020 Tumores malignos del hueso y de los cartílagos articulares;Hombres;45 Toledo;5
020 Tumores malignos del hueso y de los cartílagos articulares;Hombres;46 Valencia/València;8
020 Tumores malignos del hueso y de los cartílagos articulares;Hombres;47 Valladolid;2
020 Tumores malignos del hueso y de los cartílagos articulares;Hombres;49 Zamora;0
020 Tumores malignos del hueso y de los cartílagos articulares;Hombres;50 Zaragoza;5
020 Tumores malignos del hueso y de los cartílagos articulares;Hombres;51 Ceuta;0
020 Tumores malignos del hueso y de los cartílagos articulares;Hombres;52 Melilla;0
020 Tumores malignos del hueso y de los cartílagos articulares;Hombres;Extranjero;0
020 Tumores malignos del hueso y de los cartílagos articulares;Mujeres;Total;150
020 Tumores malignos del hueso y de los cartílagos articulares;Mujeres;02 Albacete;0
020 Tumores malignos del hueso y de los cartílagos articulares;Mujeres;03 Alicante/Alacant;4
020 Tumores malignos del hueso y de los cartílagos articulares;Mujeres;04 Almería;0
020 Tumores malignos del hueso y de los cartílagos articulares;Mujeres;01 Araba/Álava;0
020 Tumores malignos del hueso y de los cartílagos articulares;Mujeres;33 Asturias;2
020 Tumores malignos del hueso y de los cartílagos articulares;Mujeres;05 Ávila;2
020 Tumores malignos del hueso y de los cartílagos articulares;Mujeres;06 Badajoz;3
020 Tumores malignos del hueso y de los cartílagos articulares;Mujeres;07 Balears, Illes;8
020 Tumores malignos del hueso y de los cartílagos articulares;Mujeres;08 Barcelona;15
020 Tumores malignos del hueso y de los cartílagos articulares;Mujeres;48 Bizkaia;1
020 Tumores malignos del hueso y de los cartílagos articulares;Mujeres;09 Burgos;0
020 Tumores malignos del hueso y de los cartílagos articulares;Mujeres;10 Cáceres;0
020 Tumores malignos del hueso y de los cartílagos articulares;Mujeres;11 Cádiz;5
020 Tumores malignos del hueso y de los cartílagos articulares;Mujeres;39 Cantabria;1
020 Tumores malignos del hueso y de los cartílagos articulares;Mujeres;12 Castellón/Castelló;2
020 Tumores malignos del hueso y de los cartílagos articulares;Mujeres;13 Ciudad Real;2
020 Tumores malignos del hueso y de los cartílagos articulares;Mujeres;14 Córdoba;4
020 Tumores malignos del hueso y de los cartílagos articulares;Mujeres;15 Coruña, A;8
020 Tumores malignos del hueso y de los cartílagos articulares;Mujeres;16 Cuenca;2
020 Tumores malignos del hueso y de los cartílagos articulares;Mujeres;20 Gipuzkoa;5
020 Tumores malignos del hueso y de los cartílagos articulares;Mujeres;17 Girona;1
020 Tumores malignos del hueso y de los cartílagos articulares;Mujeres;18 Granada;4
020 Tumores malignos del hueso y de los cartílagos articulares;Mujeres;19 Guadalajara;1
020 Tumores malignos del hueso y de los cartílagos articulares;Mujeres;21 Huelva;2
020 Tumores malignos del hueso y de los cartílagos articulares;Mujeres;22 Huesca;3
020 Tumores malignos del hueso y de los cartílagos articulares;Mujeres;23 Jaén;3
020 Tumores malignos del hueso y de los cartílagos articulares;Mujeres;24 León;1
020 Tumores malignos del hueso y de los cartílagos articulares;Mujeres;25 Lleida;2
020 Tumores malignos del hueso y de los cartílagos articulares;Mujeres;27 Lugo;1
020 Tumores malignos del hueso y de los cartílagos articulares;Mujeres;28 Madrid;15
020 Tumores malignos del hueso y de los cartílagos articulares;Mujeres;29 Málaga;8
020 Tumores malignos del hueso y de los cartílagos articulares;Mujeres;30 Murcia;4
020 Tumores malignos del hueso y de los cartílagos articulares;Mujeres;31 Navarra;3
020 Tumores malignos del hueso y de los cartílagos articulares;Mujeres;32 Ourense;2
020 Tumores malignos del hueso y de los cartílagos articulares;Mujeres;34 Palencia;3
020 Tumores malignos del hueso y de los cartílagos articulares;Mujeres;35 Palmas, Las;5
020 Tumores malignos del hueso y de los cartílagos articulares;Mujeres;36 Pontevedra;4
020 Tumores malignos del hueso y de los cartílagos articulares;Mujeres;26 Rioja, La;0
020 Tumores malignos del hueso y de los cartílagos articulares;Mujeres;37 Salamanca;1
020 Tumores malignos del hueso y de los cartílagos articulares;Mujeres;38 Santa Cruz de Tenerife;3
020 Tumores malignos del hueso y de los cartílagos articulares;Mujeres;40 Segovia;0
020 Tumores malignos del hueso y de los cartílagos articulares;Mujeres;41 Sevilla;5
020 Tumores malignos del hueso y de los cartílagos articulares;Mujeres;42 Soria;0
020 Tumores malignos del hueso y de los cartílagos articulares;Mujeres;43 Tarragona;1
020 Tumores malignos del hueso y de los cartílagos articulares;Mujeres;44 Teruel;1
020 Tumores malignos del hueso y de los cartílagos articulares;Mujeres;45 Toledo;0
020 Tumores malignos del hueso y de los cartílagos articulares;Mujeres;46 Valencia/València;7
020 Tumores malignos del hueso y de los cartílagos articulares;Mujeres;47 Valladolid;2
020 Tumores malignos del hueso y de los cartílagos articulares;Mujeres;49 Zamora;1
020 Tumores malignos del hueso y de los cartílagos articulares;Mujeres;50 Zaragoza;2
020 Tumores malignos del hueso y de los cartílagos articulares;Mujeres;51 Ceuta;0
020 Tumores malignos del hueso y de los cartílagos articulares;Mujeres;52 Melilla;0
020 Tumores malignos del hueso y de los cartílagos articulares;Mujeres;Extranjero;1
021 Melanoma maligno de la piel;Hombres;Total;588
021 Melanoma maligno de la piel;Hombres;02 Albacete;6
021 Melanoma maligno de la piel;Hombres;03 Alicante/Alacant;30
021 Melanoma maligno de la piel;Hombres;04 Almería;11
021 Melanoma maligno de la piel;Hombres;01 Araba/Álava;4
021 Melanoma maligno de la piel;Hombres;33 Asturias;13
021 Melanoma maligno de la piel;Hombres;05 Ávila;3
021 Melanoma maligno de la piel;Hombres;06 Badajoz;5
021 Melanoma maligno de la piel;Hombres;07 Balears, Illes;12
021 Melanoma maligno de la piel;Hombres;08 Barcelona;71
021 Melanoma maligno de la piel;Hombres;48 Bizkaia;18
021 Melanoma maligno de la piel;Hombres;09 Burgos;4
021 Melanoma maligno de la piel;Hombres;10 Cáceres;7
021 Melanoma maligno de la piel;Hombres;11 Cádiz;22
021 Melanoma maligno de la piel;Hombres;39 Cantabria;10
021 Melanoma maligno de la piel;Hombres;12 Castellón/Castelló;7
021 Melanoma maligno de la piel;Hombres;13 Ciudad Real;5
021 Melanoma maligno de la piel;Hombres;14 Córdoba;8
021 Melanoma maligno de la piel;Hombres;15 Coruña, A;14
021 Melanoma maligno de la piel;Hombres;16 Cuenca;3
021 Melanoma maligno de la piel;Hombres;20 Gipuzkoa;13
021 Melanoma maligno de la piel;Hombres;17 Girona;5
021 Melanoma maligno de la piel;Hombres;18 Granada;14
021 Melanoma maligno de la piel;Hombres;19 Guadalajara;2
021 Melanoma maligno de la piel;Hombres;21 Huelva;3
021 Melanoma maligno de la piel;Hombres;22 Huesca;1
021 Melanoma maligno de la piel;Hombres;23 Jaén;8
021 Melanoma maligno de la piel;Hombres;24 León;9
021 Melanoma maligno de la piel;Hombres;25 Lleida;7
021 Melanoma maligno de la piel;Hombres;27 Lugo;3
021 Melanoma maligno de la piel;Hombres;28 Madrid;72
021 Melanoma maligno de la piel;Hombres;29 Málaga;19
021 Melanoma maligno de la piel;Hombres;30 Murcia;25
021 Melanoma maligno de la piel;Hombres;31 Navarra;12
021 Melanoma maligno de la piel;Hombres;32 Ourense;5
021 Melanoma maligno de la piel;Hombres;34 Palencia;1
021 Melanoma maligno de la piel;Hombres;35 Palmas, Las;15
021 Melanoma maligno de la piel;Hombres;36 Pontevedra;12
021 Melanoma maligno de la piel;Hombres;26 Rioja, La;5
021 Melanoma maligno de la piel;Hombres;37 Salamanca;6
021 Melanoma maligno de la piel;Hombres;38 Santa Cruz de Tenerife;11
021 Melanoma maligno de la piel;Hombres;40 Segovia;2
021 Melanoma maligno de la piel;Hombres;41 Sevilla;17
021 Melanoma maligno de la piel;Hombres;42 Soria;2
021 Melanoma maligno de la piel;Hombres;43 Tarragona;9
021 Melanoma maligno de la piel;Hombres;44 Teruel;1
021 Melanoma maligno de la piel;Hombres;45 Toledo;5
021 Melanoma maligno de la piel;Hombres;46 Valencia/València;29
021 Melanoma maligno de la piel;Hombres;47 Valladolid;3
021 Melanoma maligno de la piel;Hombres;49 Zamora;1
021 Melanoma maligno de la piel;Hombres;50 Zaragoza;17
021 Melanoma maligno de la piel;Hombres;51 Ceuta;1
021 Melanoma maligno de la piel;Hombres;52 Melilla;0
021 Melanoma maligno de la piel;Hombres;Extranjero;0
021 Melanoma maligno de la piel;Mujeres;Total;448
021 Melanoma maligno de la piel;Mujeres;02 Albacete;2
021 Melanoma maligno de la piel;Mujeres;03 Alicante/Alacant;16
021 Melanoma maligno de la piel;Mujeres;04 Almería;4
021 Melanoma maligno de la piel;Mujeres;01 Araba/Álava;6
021 Melanoma maligno de la piel;Mujeres;33 Asturias;14
021 Melanoma maligno de la piel;Mujeres;05 Ávila;1
021 Melanoma maligno de la piel;Mujeres;06 Badajoz;3
021 Melanoma maligno de la piel;Mujeres;07 Balears, Illes;13
021 Melanoma maligno de la piel;Mujeres;08 Barcelona;52
021 Melanoma maligno de la piel;Mujeres;48 Bizkaia;19
021 Melanoma maligno de la piel;Mujeres;09 Burgos;3
021 Melanoma maligno de la piel;Mujeres;10 Cáceres;2
021 Melanoma maligno de la piel;Mujeres;11 Cádiz;9
021 Melanoma maligno de la piel;Mujeres;39 Cantabria;4
021 Melanoma maligno de la piel;Mujeres;12 Castellón/Castelló;3
021 Melanoma maligno de la piel;Mujeres;13 Ciudad Real;2
021 Melanoma maligno de la piel;Mujeres;14 Córdoba;9
021 Melanoma maligno de la piel;Mujeres;15 Coruña, A;14
021 Melanoma maligno de la piel;Mujeres;16 Cuenca;2
021 Melanoma maligno de la piel;Mujeres;20 Gipuzkoa;8
021 Melanoma maligno de la piel;Mujeres;17 Girona;8
021 Melanoma maligno de la piel;Mujeres;18 Granada;8
021 Melanoma maligno de la piel;Mujeres;19 Guadalajara;4
021 Melanoma maligno de la piel;Mujeres;21 Huelva;2
021 Melanoma maligno de la piel;Mujeres;22 Huesca;2
021 Melanoma maligno de la piel;Mujeres;23 Jaén;10
021 Melanoma maligno de la piel;Mujeres;24 León;9
021 Melanoma maligno de la piel;Mujeres;25 Lleida;3
021 Melanoma maligno de la piel;Mujeres;27 Lugo;6
021 Melanoma maligno de la piel;Mujeres;28 Madrid;64
021 Melanoma maligno de la piel;Mujeres;29 Málaga;12
021 Melanoma maligno de la piel;Mujeres;30 Murcia;15
021 Melanoma maligno de la piel;Mujeres;31 Navarra;13
021 Melanoma maligno de la piel;Mujeres;32 Ourense;2
021 Melanoma maligno de la piel;Mujeres;34 Palencia;4
021 Melanoma maligno de la piel;Mujeres;35 Palmas, Las;11
021 Melanoma maligno de la piel;Mujeres;36 Pontevedra;8
021 Melanoma maligno de la piel;Mujeres;26 Rioja, La;5
021 Melanoma maligno de la piel;Mujeres;37 Salamanca;3
021 Melanoma maligno de la piel;Mujeres;38 Santa Cruz de Tenerife;9
021 Melanoma maligno de la piel;Mujeres;40 Segovia;0
021 Melanoma maligno de la piel;Mujeres;41 Sevilla;15
021 Melanoma maligno de la piel;Mujeres;42 Soria;0
021 Melanoma maligno de la piel;Mujeres;43 Tarragona;7
021 Melanoma maligno de la piel;Mujeres;44 Teruel;4
021 Melanoma maligno de la piel;Mujeres;45 Toledo;8
021 Melanoma maligno de la piel;Mujeres;46 Valencia/València;11
021 Melanoma maligno de la piel;Mujeres;47 Valladolid;5
021 Melanoma maligno de la piel;Mujeres;49 Zamora;4
021 Melanoma maligno de la piel;Mujeres;50 Zaragoza;9
021 Melanoma maligno de la piel;Mujeres;51 Ceuta;1
021 Melanoma maligno de la piel;Mujeres;52 Melilla;0
021 Melanoma maligno de la piel;Mujeres;Extranjero;0
022 Otros tumores malignos de la piel y de los tejidos blandos;Hombres;Total;978
022 Otros tumores malignos de la piel y de los tejidos blandos;Hombres;02 Albacete;10
022 Otros tumores malignos de la piel y de los tejidos blandos;Hombres;03 Alicante/Alacant;56
022 Otros tumores malignos de la piel y de los tejidos blandos;Hombres;04 Almería;17
022 Otros tumores malignos de la piel y de los tejidos blandos;Hombres;01 Araba/Álava;11
022 Otros tumores malignos de la piel y de los tejidos blandos;Hombres;33 Asturias;26
022 Otros tumores malignos de la piel y de los tejidos blandos;Hombres;05 Ávila;5
022 Otros tumores malignos de la piel y de los tejidos blandos;Hombres;06 Badajoz;13
022 Otros tumores malignos de la piel y de los tejidos blandos;Hombres;07 Balears, Illes;22
022 Otros tumores malignos de la piel y de los tejidos blandos;Hombres;08 Barcelona;114
022 Otros tumores malignos de la piel y de los tejidos blandos;Hombres;48 Bizkaia;25
022 Otros tumores malignos de la piel y de los tejidos blandos;Hombres;09 Burgos;7
022 Otros tumores malignos de la piel y de los tejidos blandos;Hombres;10 Cáceres;7
022 Otros tumores malignos de la piel y de los tejidos blandos;Hombres;11 Cádiz;27
022 Otros tumores malignos de la piel y de los tejidos blandos;Hombres;39 Cantabria;16
022 Otros tumores malignos de la piel y de los tejidos blandos;Hombres;12 Castellón/Castelló;12
022 Otros tumores malignos de la piel y de los tejidos blandos;Hombres;13 Ciudad Real;10
022 Otros tumores malignos de la piel y de los tejidos blandos;Hombres;14 Córdoba;17
022 Otros tumores malignos de la piel y de los tejidos blandos;Hombres;15 Coruña, A;33
022 Otros tumores malignos de la piel y de los tejidos blandos;Hombres;16 Cuenca;3
022 Otros tumores malignos de la piel y de los tejidos blandos;Hombres;20 Gipuzkoa;18
022 Otros tumores malignos de la piel y de los tejidos blandos;Hombres;17 Girona;11
022 Otros tumores malignos de la piel y de los tejidos blandos;Hombres;18 Granada;21
022 Otros tumores malignos de la piel y de los tejidos blandos;Hombres;19 Guadalajara;5
022 Otros tumores malignos de la piel y de los tejidos blandos;Hombres;21 Huelva;10
022 Otros tumores malignos de la piel y de los tejidos blandos;Hombres;22 Huesca;8
022 Otros tumores malignos de la piel y de los tejidos blandos;Hombres;23 Jaén;13
022 Otros tumores malignos de la piel y de los tejidos blandos;Hombres;24 León;12
022 Otros tumores malignos de la piel y de los tejidos blandos;Hombres;25 Lleida;8
022 Otros tumores malignos de la piel y de los tejidos blandos;Hombres;27 Lugo;8
022 Otros tumores malignos de la piel y de los tejidos blandos;Hombres;28 Madrid;109
022 Otros tumores malignos de la piel y de los tejidos blandos;Hombres;29 Málaga;19
022 Otros tumores malignos de la piel y de los tejidos blandos;Hombres;30 Murcia;30
022 Otros tumores malignos de la piel y de los tejidos blandos;Hombres;31 Navarra;15
022 Otros tumores malignos de la piel y de los tejidos blandos;Hombres;32 Ourense;7
022 Otros tumores malignos de la piel y de los tejidos blandos;Hombres;34 Palencia;4
022 Otros tumores malignos de la piel y de los tejidos blandos;Hombres;35 Palmas, Las;16
022 Otros tumores malignos de la piel y de los tejidos blandos;Hombres;36 Pontevedra;15
022 Otros tumores malignos de la piel y de los tejidos blandos;Hombres;26 Rioja, La;6
022 Otros tumores malignos de la piel y de los tejidos blandos;Hombres;37 Salamanca;8
022 Otros tumores malignos de la piel y de los tejidos blandos;Hombres;38 Santa Cruz de Tenerife;23
022 Otros tumores malignos de la piel y de los tejidos blandos;Hombres;40 Segovia;3
022 Otros tumores malignos de la piel y de los tejidos blandos;Hombres;41 Sevilla;38
022 Otros tumores malignos de la piel y de los tejidos blandos;Hombres;42 Soria;2
022 Otros tumores malignos de la piel y de los tejidos blandos;Hombres;43 Tarragona;15
022 Otros tumores malignos de la piel y de los tejidos blandos;Hombres;44 Teruel;6
022 Otros tumores malignos de la piel y de los tejidos blandos;Hombres;45 Toledo;24
022 Otros tumores malignos de la piel y de los tejidos blandos;Hombres;46 Valencia/València;53
022 Otros tumores malignos de la piel y de los tejidos blandos;Hombres;47 Valladolid;14
022 Otros tumores malignos de la piel y de los tejidos blandos;Hombres;49 Zamora;5
022 Otros tumores malignos de la piel y de los tejidos blandos;Hombres;50 Zaragoza;18
022 Otros tumores malignos de la piel y de los tejidos blandos;Hombres;51 Ceuta;2
022 Otros tumores malignos de la piel y de los tejidos blandos;Hombres;52 Melilla;0
022 Otros tumores malignos de la piel y de los tejidos blandos;Hombres;Extranjero;1
022 Otros tumores malignos de la piel y de los tejidos blandos;Mujeres;Total;636
022 Otros tumores malignos de la piel y de los tejidos blandos;Mujeres;02 Albacete;8
022 Otros tumores malignos de la piel y de los tejidos blandos;Mujeres;03 Alicante/Alacant;18
022 Otros tumores malignos de la piel y de los tejidos blandos;Mujeres;04 Almería;6
022 Otros tumores malignos de la piel y de los tejidos blandos;Mujeres;01 Araba/Álava;5
022 Otros tumores malignos de la piel y de los tejidos blandos;Mujeres;33 Asturias;34
022 Otros tumores malignos de la piel y de los tejidos blandos;Mujeres;05 Ávila;4
022 Otros tumores malignos de la piel y de los tejidos blandos;Mujeres;06 Badajoz;13
022 Otros tumores malignos de la piel y de los tejidos blandos;Mujeres;07 Balears, Illes;14
022 Otros tumores malignos de la piel y de los tejidos blandos;Mujeres;08 Barcelona;57
022 Otros tumores malignos de la piel y de los tejidos blandos;Mujeres;48 Bizkaia;20
022 Otros tumores malignos de la piel y de los tejidos blandos;Mujeres;09 Burgos;4
022 Otros tumores malignos de la piel y de los tejidos blandos;Mujeres;10 Cáceres;5
022 Otros tumores malignos de la piel y de los tejidos blandos;Mujeres;11 Cádiz;13
022 Otros tumores malignos de la piel y de los tejidos blandos;Mujeres;39 Cantabria;13
022 Otros tumores malignos de la piel y de los tejidos blandos;Mujeres;12 Castellón/Castelló;3
022 Otros tumores malignos de la piel y de los tejidos blandos;Mujeres;13 Ciudad Real;14
022 Otros tumores malignos de la piel y de los tejidos blandos;Mujeres;14 Córdoba;13
022 Otros tumores malignos de la piel y de los tejidos blandos;Mujeres;15 Coruña, A;17
022 Otros tumores malignos de la piel y de los tejidos blandos;Mujeres;16 Cuenca;5
022 Otros tumores malignos de la piel y de los tejidos blandos;Mujeres;20 Gipuzkoa;20
022 Otros tumores malignos de la piel y de los tejidos blandos;Mujeres;17 Girona;8
022 Otros tumores malignos de la piel y de los tejidos blandos;Mujeres;18 Granada;10
022 Otros tumores malignos de la piel y de los tejidos blandos;Mujeres;19 Guadalajara;5
022 Otros tumores malignos de la piel y de los tejidos blandos;Mujeres;21 Huelva;4
022 Otros tumores malignos de la piel y de los tejidos blandos;Mujeres;22 Huesca;0
022 Otros tumores malignos de la piel y de los tejidos blandos;Mujeres;23 Jaén;5
022 Otros tumores malignos de la piel y de los tejidos blandos;Mujeres;24 León;6
022 Otros tumores malignos de la piel y de los tejidos blandos;Mujeres;25 Lleida;8
022 Otros tumores malignos de la piel y de los tejidos blandos;Mujeres;27 Lugo;11
022 Otros tumores malignos de la piel y de los tejidos blandos;Mujeres;28 Madrid;70
022 Otros tumores malignos de la piel y de los tejidos blandos;Mujeres;29 Málaga;21
022 Otros tumores malignos de la piel y de los tejidos blandos;Mujeres;30 Murcia;11
022 Otros tumores malignos de la piel y de los tejidos blandos;Mujeres;31 Navarra;10
022 Otros tumores malignos de la piel y de los tejidos blandos;Mujeres;32 Ourense;8
022 Otros tumores malignos de la piel y de los tejidos blandos;Mujeres;34 Palencia;1
022 Otros tumores malignos de la piel y de los tejidos blandos;Mujeres;35 Palmas, Las;17
022 Otros tumores malignos de la piel y de los tejidos blandos;Mujeres;36 Pontevedra;13
022 Otros tumores malignos de la piel y de los tejidos blandos;Mujeres;26 Rioja, La;9
022 Otros tumores malignos de la piel y de los tejidos blandos;Mujeres;37 Salamanca;16
022 Otros tumores malignos de la piel y de los tejidos blandos;Mujeres;38 Santa Cruz de Tenerife;15
022 Otros tumores malignos de la piel y de los tejidos blandos;Mujeres;40 Segovia;1
022 Otros tumores malignos de la piel y de los tejidos blandos;Mujeres;41 Sevilla;25
022 Otros tumores malignos de la piel y de los tejidos blandos;Mujeres;42 Soria;1
022 Otros tumores malignos de la piel y de los tejidos blandos;Mujeres;43 Tarragona;7
022 Otros tumores malignos de la piel y de los tejidos blandos;Mujeres;44 Teruel;0
022 Otros tumores malignos de la piel y de los tejidos blandos;Mujeres;45 Toledo;10
022 Otros tumores malignos de la piel y de los tejidos blandos;Mujeres;46 Valencia/València;28
022 Otros tumores malignos de la piel y de los tejidos blandos;Mujeres;47 Valladolid;8
022 Otros tumores malignos de la piel y de los tejidos blandos;Mujeres;49 Zamora;2
022 Otros tumores malignos de la piel y de los tejidos blandos;Mujeres;50 Zaragoza;18
022 Otros tumores malignos de la piel y de los tejidos blandos;Mujeres;51 Ceuta;0
022 Otros tumores malignos de la piel y de los tejidos blandos;Mujeres;52 Melilla;0
022 Otros tumores malignos de la piel y de los tejidos blandos;Mujeres;Extranjero;2
023 Tumor maligno de la mama;Hombres;Total;79
023 Tumor maligno de la mama;Hombres;02 Albacete;3
023 Tumor maligno de la mama;Hombres;03 Alicante/Alacant;6
023 Tumor maligno de la mama;Hombres;04 Almería;1
023 Tumor maligno de la mama;Hombres;01 Araba/Álava;0
023 Tumor maligno de la mama;Hombres;33 Asturias;0
023 Tumor maligno de la mama;Hombres;05 Ávila;0
023 Tumor maligno de la mama;Hombres;06 Badajoz;1
023 Tumor maligno de la mama;Hombres;07 Balears, Illes;2
023 Tumor maligno de la mama;Hombres;08 Barcelona;6
023 Tumor maligno de la mama;Hombres;48 Bizkaia;1
023 Tumor maligno de la mama;Hombres;09 Burgos;1
023 Tumor maligno de la mama;Hombres;10 Cáceres;1
023 Tumor maligno de la mama;Hombres;11 Cádiz;2
023 Tumor maligno de la mama;Hombres;39 Cantabria;3
023 Tumor maligno de la mama;Hombres;12 Castellón/Castelló;0
023 Tumor maligno de la mama;Hombres;13 Ciudad Real;0
023 Tumor maligno de la mama;Hombres;14 Córdoba;0
023 Tumor maligno de la mama;Hombres;15 Coruña, A;0
023 Tumor maligno de la mama;Hombres;16 Cuenca;0
023 Tumor maligno de la mama;Hombres;20 Gipuzkoa;3
023 Tumor maligno de la mama;Hombres;17 Girona;0
023 Tumor maligno de la mama;Hombres;18 Granada;2
023 Tumor maligno de la mama;Hombres;19 Guadalajara;1
023 Tumor maligno de la mama;Hombres;21 Huelva;1
023 Tumor maligno de la mama;Hombres;22 Huesca;0
023 Tumor maligno de la mama;Hombres;23 Jaén;2
023 Tumor maligno de la mama;Hombres;24 León;1
023 Tumor maligno de la mama;Hombres;25 Lleida;3
023 Tumor maligno de la mama;Hombres;27 Lugo;3
023 Tumor maligno de la mama;Hombres;28 Madrid;10
023 Tumor maligno de la mama;Hombres;29 Málaga;0
023 Tumor maligno de la mama;Hombres;30 Murcia;4
023 Tumor maligno de la mama;Hombres;31 Navarra;1
023 Tumor maligno de la mama;Hombres;32 Ourense;0
023 Tumor maligno de la mama;Hombres;34 Palencia;0
023 Tumor maligno de la mama;Hombres;35 Palmas, Las;2
023 Tumor maligno de la mama;Hombres;36 Pontevedra;1
023 Tumor maligno de la mama;Hombres;26 Rioja, La;0
023 Tumor maligno de la mama;Hombres;37 Salamanca;0
023 Tumor maligno de la mama;Hombres;38 Santa Cruz de Tenerife;4
023 Tumor maligno de la mama;Hombres;40 Segovia;0
023 Tumor maligno de la mama;Hombres;41 Sevilla;1
023 Tumor maligno de la mama;Hombres;42 Soria;0
023 Tumor maligno de la mama;Hombres;43 Tarragona;4
023 Tumor maligno de la mama;Hombres;44 Teruel;1
023 Tumor maligno de la mama;Hombres;45 Toledo;1
023 Tumor maligno de la mama;Hombres;46 Valencia/València;4
023 Tumor maligno de la mama;Hombres;47 Valladolid;1
023 Tumor maligno de la mama;Hombres;49 Zamora;0
023 Tumor maligno de la mama;Hombres;50 Zaragoza;1
023 Tumor maligno de la mama;Hombres;51 Ceuta;0
023 Tumor maligno de la mama;Hombres;52 Melilla;0
023 Tumor maligno de la mama;Hombres;Extranjero;1
023 Tumor maligno de la mama;Mujeres;Total;6.373
023 Tumor maligno de la mama;Mujeres;02 Albacete;43
023 Tumor maligno de la mama;Mujeres;03 Alicante/Alacant;244
023 Tumor maligno de la mama;Mujeres;04 Almería;80
023 Tumor maligno de la mama;Mujeres;01 Araba/Álava;40
023 Tumor maligno de la mama;Mujeres;33 Asturias;195
023 Tumor maligno de la mama;Mujeres;05 Ávila;24
023 Tumor maligno de la mama;Mujeres;06 Badajoz;109
023 Tumor maligno de la mama;Mujeres;07 Balears, Illes;135
023 Tumor maligno de la mama;Mujeres;08 Barcelona;771
023 Tumor maligno de la mama;Mujeres;48 Bizkaia;161
023 Tumor maligno de la mama;Mujeres;09 Burgos;52
023 Tumor maligno de la mama;Mujeres;10 Cáceres;57
023 Tumor maligno de la mama;Mujeres;11 Cádiz;181
023 Tumor maligno de la mama;Mujeres;39 Cantabria;102
023 Tumor maligno de la mama;Mujeres;12 Castellón/Castelló;80
023 Tumor maligno de la mama;Mujeres;13 Ciudad Real;56
023 Tumor maligno de la mama;Mujeres;14 Córdoba;101
023 Tumor maligno de la mama;Mujeres;15 Coruña, A;175
023 Tumor maligno de la mama;Mujeres;16 Cuenca;25
023 Tumor maligno de la mama;Mujeres;20 Gipuzkoa;97
023 Tumor maligno de la mama;Mujeres;17 Girona;104
023 Tumor maligno de la mama;Mujeres;18 Granada;109
023 Tumor maligno de la mama;Mujeres;19 Guadalajara;29
023 Tumor maligno de la mama;Mujeres;21 Huelva;49
023 Tumor maligno de la mama;Mujeres;22 Huesca;30
023 Tumor maligno de la mama;Mujeres;23 Jaén;93
023 Tumor maligno de la mama;Mujeres;24 León;80
023 Tumor maligno de la mama;Mujeres;25 Lleida;55
023 Tumor maligno de la mama;Mujeres;27 Lugo;57
023 Tumor maligno de la mama;Mujeres;28 Madrid;806
023 Tumor maligno de la mama;Mujeres;29 Málaga;180
023 Tumor maligno de la mama;Mujeres;30 Murcia;159
023 Tumor maligno de la mama;Mujeres;31 Navarra;83
023 Tumor maligno de la mama;Mujeres;32 Ourense;59
023 Tumor maligno de la mama;Mujeres;34 Palencia;31
023 Tumor maligno de la mama;Mujeres;35 Palmas, Las;148
023 Tumor maligno de la mama;Mujeres;36 Pontevedra;164
023 Tumor maligno de la mama;Mujeres;26 Rioja, La;50
023 Tumor maligno de la mama;Mujeres;37 Salamanca;69
023 Tumor maligno de la mama;Mujeres;38 Santa Cruz de Tenerife;145
023 Tumor maligno de la mama;Mujeres;40 Segovia;23
023 Tumor maligno de la mama;Mujeres;41 Sevilla;255
023 Tumor maligno de la mama;Mujeres;42 Soria;24
023 Tumor maligno de la mama;Mujeres;43 Tarragona;103
023 Tumor maligno de la mama;Mujeres;44 Teruel;17
023 Tumor maligno de la mama;Mujeres;45 Toledo;86
023 Tumor maligno de la mama;Mujeres;46 Valencia/València;359
023 Tumor maligno de la mama;Mujeres;47 Valladolid;76
023 Tumor maligno de la mama;Mujeres;49 Zamora;32
023 Tumor maligno de la mama;Mujeres;50 Zaragoza;135
023 Tumor maligno de la mama;Mujeres;51 Ceuta;5
023 Tumor maligno de la mama;Mujeres;52 Melilla;12
023 Tumor maligno de la mama;Mujeres;Extranjero;18
024 Tumor maligno del cuello del útero;Hombres;Total;0
024 Tumor maligno del cuello del útero;Hombres;02 Albacete;0
024 Tumor maligno del cuello del útero;Hombres;03 Alicante/Alacant;0
024 Tumor maligno del cuello del útero;Hombres;04 Almería;0
024 Tumor maligno del cuello del útero;Hombres;01 Araba/Álava;0
024 Tumor maligno del cuello del útero;Hombres;33 Asturias;0
024 Tumor maligno del cuello del útero;Hombres;05 Ávila;0
024 Tumor maligno del cuello del útero;Hombres;06 Badajoz;0
024 Tumor maligno del cuello del útero;Hombres;07 Balears, Illes;0
024 Tumor maligno del cuello del útero;Hombres;08 Barcelona;0
024 Tumor maligno del cuello del útero;Hombres;48 Bizkaia;0
024 Tumor maligno del cuello del útero;Hombres;09 Burgos;0
024 Tumor maligno del cuello del útero;Hombres;10 Cáceres;0
024 Tumor maligno del cuello del útero;Hombres;11 Cádiz;0
024 Tumor maligno del cuello del útero;Hombres;39 Cantabria;0
024 Tumor maligno del cuello del útero;Hombres;12 Castellón/Castelló;0
024 Tumor maligno del cuello del útero;Hombres;13 Ciudad Real;0
024 Tumor maligno del cuello del útero;Hombres;14 Córdoba;0
024 Tumor maligno del cuello del útero;Hombres;15 Coruña, A;0
024 Tumor maligno del cuello del útero;Hombres;16 Cuenca;0
024 Tumor maligno del cuello del útero;Hombres;20 Gipuzkoa;0
024 Tumor maligno del cuello del útero;Hombres;17 Girona;0
024 Tumor maligno del cuello del útero;Hombres;18 Granada;0
024 Tumor maligno del cuello del útero;Hombres;19 Guadalajara;0
024 Tumor maligno del cuello del útero;Hombres;21 Huelva;0
024 Tumor maligno del cuello del útero;Hombres;22 Huesca;0
024 Tumor maligno del cuello del útero;Hombres;23 Jaén;0
024 Tumor maligno del cuello del útero;Hombres;24 León;0
024 Tumor maligno del cuello del útero;Hombres;25 Lleida;0
024 Tumor maligno del cuello del útero;Hombres;27 Lugo;0
024 Tumor maligno del cuello del útero;Hombres;28 Madrid;0
024 Tumor maligno del cuello del útero;Hombres;29 Málaga;0
024 Tumor maligno del cuello del útero;Hombres;30 Murcia;0
024 Tumor maligno del cuello del útero;Hombres;31 Navarra;0
024 Tumor maligno del cuello del útero;Hombres;32 Ourense;0
024 Tumor maligno del cuello del útero;Hombres;34 Palencia;0
024 Tumor maligno del cuello del útero;Hombres;35 Palmas, Las;0
024 Tumor maligno del cuello del útero;Hombres;36 Pontevedra;0
024 Tumor maligno del cuello del útero;Hombres;26 Rioja, La;0
024 Tumor maligno del cuello del útero;Hombres;37 Salamanca;0
024 Tumor maligno del cuello del útero;Hombres;38 Santa Cruz de Tenerife;0
024 Tumor maligno del cuello del útero;Hombres;40 Segovia;0
024 Tumor maligno del cuello del útero;Hombres;41 Sevilla;0
024 Tumor maligno del cuello del útero;Hombres;42 Soria;0
024 Tumor maligno del cuello del útero;Hombres;43 Tarragona;0
024 Tumor maligno del cuello del útero;Hombres;44 Teruel;0
024 Tumor maligno del cuello del útero;Hombres;45 Toledo;0
024 Tumor maligno del cuello del útero;Hombres;46 Valencia/València;0
024 Tumor maligno del cuello del útero;Hombres;47 Valladolid;0
024 Tumor maligno del cuello del útero;Hombres;49 Zamora;0
024 Tumor maligno del cuello del útero;Hombres;50 Zaragoza;0
024 Tumor maligno del cuello del útero;Hombres;51 Ceuta;0
024 Tumor maligno del cuello del útero;Hombres;52 Melilla;0
024 Tumor maligno del cuello del útero;Hombres;Extranjero;0
024 Tumor maligno del cuello del útero;Mujeres;Total;658
024 Tumor maligno del cuello del útero;Mujeres;02 Albacete;4
024 Tumor maligno del cuello del útero;Mujeres;03 Alicante/Alacant;23
024 Tumor maligno del cuello del útero;Mujeres;04 Almería;12
024 Tumor maligno del cuello del útero;Mujeres;01 Araba/Álava;2
024 Tumor maligno del cuello del útero;Mujeres;33 Asturias;30
024 Tumor maligno del cuello del útero;Mujeres;05 Ávila;2
024 Tumor maligno del cuello del útero;Mujeres;06 Badajoz;6
024 Tumor maligno del cuello del útero;Mujeres;07 Balears, Illes;16
024 Tumor maligno del cuello del útero;Mujeres;08 Barcelona;68
024 Tumor maligno del cuello del útero;Mujeres;48 Bizkaia;24
024 Tumor maligno del cuello del útero;Mujeres;09 Burgos;2
024 Tumor maligno del cuello del útero;Mujeres;10 Cáceres;6
024 Tumor maligno del cuello del útero;Mujeres;11 Cádiz;14
024 Tumor maligno del cuello del útero;Mujeres;39 Cantabria;10
024 Tumor maligno del cuello del útero;Mujeres;12 Castellón/Castelló;10
024 Tumor maligno del cuello del útero;Mujeres;13 Ciudad Real;5
024 Tumor maligno del cuello del útero;Mujeres;14 Córdoba;9
024 Tumor maligno del cuello del útero;Mujeres;15 Coruña, A;31
024 Tumor maligno del cuello del útero;Mujeres;16 Cuenca;2
024 Tumor maligno del cuello del útero;Mujeres;20 Gipuzkoa;9
024 Tumor maligno del cuello del útero;Mujeres;17 Girona;10
024 Tumor maligno del cuello del útero;Mujeres;18 Granada;4
024 Tumor maligno del cuello del útero;Mujeres;19 Guadalajara;3
024 Tumor maligno del cuello del útero;Mujeres;21 Huelva;9
024 Tumor maligno del cuello del útero;Mujeres;22 Huesca;1
024 Tumor maligno del cuello del útero;Mujeres;23 Jaén;3
024 Tumor maligno del cuello del útero;Mujeres;24 León;12
024 Tumor maligno del cuello del útero;Mujeres;25 Lleida;8
024 Tumor maligno del cuello del útero;Mujeres;27 Lugo;2
024 Tumor maligno del cuello del útero;Mujeres;28 Madrid;74
024 Tumor maligno del cuello del útero;Mujeres;29 Málaga;23
024 Tumor maligno del cuello del útero;Mujeres;30 Murcia;26
024 Tumor maligno del cuello del útero;Mujeres;31 Navarra;3
024 Tumor maligno del cuello del útero;Mujeres;32 Ourense;4
024 Tumor maligno del cuello del útero;Mujeres;34 Palencia;2
024 Tumor maligno del cuello del útero;Mujeres;35 Palmas, Las;26
024 Tumor maligno del cuello del útero;Mujeres;36 Pontevedra;15
024 Tumor maligno del cuello del útero;Mujeres;26 Rioja, La;1
024 Tumor maligno del cuello del útero;Mujeres;37 Salamanca;1
024 Tumor maligno del cuello del útero;Mujeres;38 Santa Cruz de Tenerife;10
024 Tumor maligno del cuello del útero;Mujeres;40 Segovia;2
024 Tumor maligno del cuello del útero;Mujeres;41 Sevilla;24
024 Tumor maligno del cuello del útero;Mujeres;42 Soria;1
024 Tumor maligno del cuello del útero;Mujeres;43 Tarragona;13
024 Tumor maligno del cuello del útero;Mujeres;44 Teruel;0
024 Tumor maligno del cuello del útero;Mujeres;45 Toledo;13
024 Tumor maligno del cuello del útero;Mujeres;46 Valencia/València;41
024 Tumor maligno del cuello del útero;Mujeres;47 Valladolid;13
024 Tumor maligno del cuello del útero;Mujeres;49 Zamora;1
024 Tumor maligno del cuello del útero;Mujeres;50 Zaragoza;17
024 Tumor maligno del cuello del útero;Mujeres;51 Ceuta;5
024 Tumor maligno del cuello del útero;Mujeres;52 Melilla;3
024 Tumor maligno del cuello del útero;Mujeres;Extranjero;3
025 Tumor maligno de otras partes del útero;Hombres;Total;0
025 Tumor maligno de otras partes del útero;Hombres;02 Albacete;0
025 Tumor maligno de otras partes del útero;Hombres;03 Alicante/Alacant;0
025 Tumor maligno de otras partes del útero;Hombres;04 Almería;0
025 Tumor maligno de otras partes del útero;Hombres;01 Araba/Álava;0
025 Tumor maligno de otras partes del útero;Hombres;33 Asturias;0
025 Tumor maligno de otras partes del útero;Hombres;05 Ávila;0
025 Tumor maligno de otras partes del útero;Hombres;06 Badajoz;0
025 Tumor maligno de otras partes del útero;Hombres;07 Balears, Illes;0
025 Tumor maligno de otras partes del útero;Hombres;08 Barcelona;0
025 Tumor maligno de otras partes del útero;Hombres;48 Bizkaia;0
025 Tumor maligno de otras partes del útero;Hombres;09 Burgos;0
025 Tumor maligno de otras partes del útero;Hombres;10 Cáceres;0
025 Tumor maligno de otras partes del útero;Hombres;11 Cádiz;0
025 Tumor maligno de otras partes del útero;Hombres;39 Cantabria;0
025 Tumor maligno de otras partes del útero;Hombres;12 Castellón/Castelló;0
025 Tumor maligno de otras partes del útero;Hombres;13 Ciudad Real;0
025 Tumor maligno de otras partes del útero;Hombres;14 Córdoba;0
025 Tumor maligno de otras partes del útero;Hombres;15 Coruña, A;0
025 Tumor maligno de otras partes del útero;Hombres;16 Cuenca;0
025 Tumor maligno de otras partes del útero;Hombres;20 Gipuzkoa;0
025 Tumor maligno de otras partes del útero;Hombres;17 Girona;0
025 Tumor maligno de otras partes del útero;Hombres;18 Granada;0
025 Tumor maligno de otras partes del útero;Hombres;19 Guadalajara;0
025 Tumor maligno de otras partes del útero;Hombres;21 Huelva;0
025 Tumor maligno de otras partes del útero;Hombres;22 Huesca;0
025 Tumor maligno de otras partes del útero;Hombres;23 Jaén;0
025 Tumor maligno de otras partes del útero;Hombres;24 León;0
025 Tumor maligno de otras partes del útero;Hombres;25 Lleida;0
025 Tumor maligno de otras partes del útero;Hombres;27 Lugo;0
025 Tumor maligno de otras partes del útero;Hombres;28 Madrid;0
025 Tumor maligno de otras partes del útero;Hombres;29 Málaga;0
025 Tumor maligno de otras partes del útero;Hombres;30 Murcia;0
025 Tumor maligno de otras partes del útero;Hombres;31 Navarra;0
025 Tumor maligno de otras partes del útero;Hombres;32 Ourense;0
025 Tumor maligno de otras partes del útero;Hombres;34 Palencia;0
025 Tumor maligno de otras partes del útero;Hombres;35 Palmas, Las;0
025 Tumor maligno de otras partes del útero;Hombres;36 Pontevedra;0
025 Tumor maligno de otras partes del útero;Hombres;26 Rioja, La;0
025 Tumor maligno de otras partes del útero;Hombres;37 Salamanca;0
025 Tumor maligno de otras partes del útero;Hombres;38 Santa Cruz de Tenerife;0
025 Tumor maligno de otras partes del útero;Hombres;40 Segovia;0
025 Tumor maligno de otras partes del útero;Hombres;41 Sevilla;0
025 Tumor maligno de otras partes del útero;Hombres;42 Soria;0
025 Tumor maligno de otras partes del útero;Hombres;43 Tarragona;0
025 Tumor maligno de otras partes del útero;Hombres;44 Teruel;0
025 Tumor maligno de otras partes del útero;Hombres;45 Toledo;0
025 Tumor maligno de otras partes del útero;Hombres;46 Valencia/València;0
025 Tumor maligno de otras partes del útero;Hombres;47 Valladolid;0
025 Tumor maligno de otras partes del útero;Hombres;49 Zamora;0
025 Tumor maligno de otras partes del útero;Hombres;50 Zaragoza;0
025 Tumor maligno de otras partes del útero;Hombres;51 Ceuta;0
025 Tumor maligno de otras partes del útero;Hombres;52 Melilla;0
025 Tumor maligno de otras partes del útero;Hombres;Extranjero;0
025 Tumor maligno de otras partes del útero;Mujeres;Total;1.650
025 Tumor maligno de otras partes del útero;Mujeres;02 Albacete;16
025 Tumor maligno de otras partes del útero;Mujeres;03 Alicante/Alacant;62
025 Tumor maligno de otras partes del útero;Mujeres;04 Almería;16
025 Tumor maligno de otras partes del útero;Mujeres;01 Araba/Álava;13
025 Tumor maligno de otras partes del útero;Mujeres;33 Asturias;71
025 Tumor maligno de otras partes del útero;Mujeres;05 Ávila;8
025 Tumor maligno de otras partes del útero;Mujeres;06 Badajoz;23
025 Tumor maligno de otras partes del útero;Mujeres;07 Balears, Illes;39
025 Tumor maligno de otras partes del útero;Mujeres;08 Barcelona;176
025 Tumor maligno de otras partes del útero;Mujeres;48 Bizkaia;38
025 Tumor maligno de otras partes del útero;Mujeres;09 Burgos;16
025 Tumor maligno de otras partes del útero;Mujeres;10 Cáceres;15
025 Tumor maligno de otras partes del útero;Mujeres;11 Cádiz;47
025 Tumor maligno de otras partes del útero;Mujeres;39 Cantabria;38
025 Tumor maligno de otras partes del útero;Mujeres;12 Castellón/Castelló;28
025 Tumor maligno de otras partes del útero;Mujeres;13 Ciudad Real;20
025 Tumor maligno de otras partes del útero;Mujeres;14 Córdoba;44
025 Tumor maligno de otras partes del útero;Mujeres;15 Coruña, A;42
025 Tumor maligno de otras partes del útero;Mujeres;16 Cuenca;8
025 Tumor maligno de otras partes del útero;Mujeres;20 Gipuzkoa;26
025 Tumor maligno de otras partes del útero;Mujeres;17 Girona;18
025 Tumor maligno de otras partes del útero;Mujeres;18 Granada;37
025 Tumor maligno de otras partes del útero;Mujeres;19 Guadalajara;11
025 Tumor maligno de otras partes del útero;Mujeres;21 Huelva;14
025 Tumor maligno de otras partes del útero;Mujeres;22 Huesca;9
025 Tumor maligno de otras partes del útero;Mujeres;23 Jaén;20
025 Tumor maligno de otras partes del útero;Mujeres;24 León;30
025 Tumor maligno de otras partes del útero;Mujeres;25 Lleida;12
025 Tumor maligno de otras partes del útero;Mujeres;27 Lugo;18
025 Tumor maligno de otras partes del útero;Mujeres;28 Madrid;169
025 Tumor maligno de otras partes del útero;Mujeres;29 Málaga;37
025 Tumor maligno de otras partes del útero;Mujeres;30 Murcia;49
025 Tumor maligno de otras partes del útero;Mujeres;31 Navarra;17
025 Tumor maligno de otras partes del útero;Mujeres;32 Ourense;12
025 Tumor maligno de otras partes del útero;Mujeres;34 Palencia;2
025 Tumor maligno de otras partes del útero;Mujeres;35 Palmas, Las;33
025 Tumor maligno de otras partes del útero;Mujeres;36 Pontevedra;35
025 Tumor maligno de otras partes del útero;Mujeres;26 Rioja, La;14
025 Tumor maligno de otras partes del útero;Mujeres;37 Salamanca;16
025 Tumor maligno de otras partes del útero;Mujeres;38 Santa Cruz de Tenerife;36
025 Tumor maligno de otras partes del útero;Mujeres;40 Segovia;8
025 Tumor maligno de otras partes del útero;Mujeres;41 Sevilla;82
025 Tumor maligno de otras partes del útero;Mujeres;42 Soria;4
025 Tumor maligno de otras partes del útero;Mujeres;43 Tarragona;25
025 Tumor maligno de otras partes del útero;Mujeres;44 Teruel;3
025 Tumor maligno de otras partes del útero;Mujeres;45 Toledo;18
025 Tumor maligno de otras partes del útero;Mujeres;46 Valencia/València;88
025 Tumor maligno de otras partes del útero;Mujeres;47 Valladolid;21
025 Tumor maligno de otras partes del útero;Mujeres;49 Zamora;9
025 Tumor maligno de otras partes del útero;Mujeres;50 Zaragoza;47
025 Tumor maligno de otras partes del útero;Mujeres;51 Ceuta;4
025 Tumor maligno de otras partes del útero;Mujeres;52 Melilla;3
025 Tumor maligno de otras partes del útero;Mujeres;Extranjero;3
026 Tumor maligno del ovario;Hombres;Total;0
026 Tumor maligno del ovario;Hombres;02 Albacete;0
026 Tumor maligno del ovario;Hombres;03 Alicante/Alacant;0
026 Tumor maligno del ovario;Hombres;04 Almería;0
026 Tumor maligno del ovario;Hombres;01 Araba/Álava;0
026 Tumor maligno del ovario;Hombres;33 Asturias;0
026 Tumor maligno del ovario;Hombres;05 Ávila;0
026 Tumor maligno del ovario;Hombres;06 Badajoz;0
026 Tumor maligno del ovario;Hombres;07 Balears, Illes;0
026 Tumor maligno del ovario;Hombres;08 Barcelona;0
026 Tumor maligno del ovario;Hombres;48 Bizkaia;0
026 Tumor maligno del ovario;Hombres;09 Burgos;0
026 Tumor maligno del ovario;Hombres;10 Cáceres;0
026 Tumor maligno del ovario;Hombres;11 Cádiz;0
026 Tumor maligno del ovario;Hombres;39 Cantabria;0
026 Tumor maligno del ovario;Hombres;12 Castellón/Castelló;0
026 Tumor maligno del ovario;Hombres;13 Ciudad Real;0
026 Tumor maligno del ovario;Hombres;14 Córdoba;0
026 Tumor maligno del ovario;Hombres;15 Coruña, A;0
026 Tumor maligno del ovario;Hombres;16 Cuenca;0
026 Tumor maligno del ovario;Hombres;20 Gipuzkoa;0
026 Tumor maligno del ovario;Hombres;17 Girona;0
026 Tumor maligno del ovario;Hombres;18 Granada;0
026 Tumor maligno del ovario;Hombres;19 Guadalajara;0
026 Tumor maligno del ovario;Hombres;21 Huelva;0
026 Tumor maligno del ovario;Hombres;22 Huesca;0
026 Tumor maligno del ovario;Hombres;23 Jaén;0
026 Tumor maligno del ovario;Hombres;24 León;0
026 Tumor maligno del ovario;Hombres;25 Lleida;0
026 Tumor maligno del ovario;Hombres;27 Lugo;0
026 Tumor maligno del ovario;Hombres;28 Madrid;0
026 Tumor maligno del ovario;Hombres;29 Málaga;0
026 Tumor maligno del ovario;Hombres;30 Murcia;0
026 Tumor maligno del ovario;Hombres;31 Navarra;0
026 Tumor maligno del ovario;Hombres;32 Ourense;0
026 Tumor maligno del ovario;Hombres;34 Palencia;0
026 Tumor maligno del ovario;Hombres;35 Palmas, Las;0
026 Tumor maligno del ovario;Hombres;36 Pontevedra;0
026 Tumor maligno del ovario;Hombres;26 Rioja, La;0
026 Tumor maligno del ovario;Hombres;37 Salamanca;0
026 Tumor maligno del ovario;Hombres;38 Santa Cruz de Tenerife;0
026 Tumor maligno del ovario;Hombres;40 Segovia;0
026 Tumor maligno del ovario;Hombres;41 Sevilla;0
026 Tumor maligno del ovario;Hombres;42 Soria;0
026 Tumor maligno del ovario;Hombres;43 Tarragona;0
026 Tumor maligno del ovario;Hombres;44 Teruel;0
026 Tumor maligno del ovario;Hombres;45 Toledo;0
026 Tumor maligno del ovario;Hombres;46 Valencia/València;0
026 Tumor maligno del ovario;Hombres;47 Valladolid;0
026 Tumor maligno del ovario;Hombres;49 Zamora;0
026 Tumor maligno del ovario;Hombres;50 Zaragoza;0
026 Tumor maligno del ovario;Hombres;51 Ceuta;0
026 Tumor maligno del ovario;Hombres;52 Melilla;0
026 Tumor maligno del ovario;Hombres;Extranjero;0
026 Tumor maligno del ovario;Mujeres;Total;2.004
026 Tumor maligno del ovario;Mujeres;02 Albacete;19
026 Tumor maligno del ovario;Mujeres;03 Alicante/Alacant;65
026 Tumor maligno del ovario;Mujeres;04 Almería;11
026 Tumor maligno del ovario;Mujeres;01 Araba/Álava;17
026 Tumor maligno del ovario;Mujeres;33 Asturias;62
026 Tumor maligno del ovario;Mujeres;05 Ávila;5
026 Tumor maligno del ovario;Mujeres;06 Badajoz;36
026 Tumor maligno del ovario;Mujeres;07 Balears, Illes;37
026 Tumor maligno del ovario;Mujeres;08 Barcelona;214
026 Tumor maligno del ovario;Mujeres;48 Bizkaia;63
026 Tumor maligno del ovario;Mujeres;09 Burgos;14
026 Tumor maligno del ovario;Mujeres;10 Cáceres;16
026 Tumor maligno del ovario;Mujeres;11 Cádiz;52
026 Tumor maligno del ovario;Mujeres;39 Cantabria;33
026 Tumor maligno del ovario;Mujeres;12 Castellón/Castelló;31
026 Tumor maligno del ovario;Mujeres;13 Ciudad Real;24
026 Tumor maligno del ovario;Mujeres;14 Córdoba;19
026 Tumor maligno del ovario;Mujeres;15 Coruña, A;61
026 Tumor maligno del ovario;Mujeres;16 Cuenca;8
026 Tumor maligno del ovario;Mujeres;20 Gipuzkoa;34
026 Tumor maligno del ovario;Mujeres;17 Girona;26
026 Tumor maligno del ovario;Mujeres;18 Granada;41
026 Tumor maligno del ovario;Mujeres;19 Guadalajara;7
026 Tumor maligno del ovario;Mujeres;21 Huelva;15
026 Tumor maligno del ovario;Mujeres;22 Huesca;10
026 Tumor maligno del ovario;Mujeres;23 Jaén;24
026 Tumor maligno del ovario;Mujeres;24 León;21
026 Tumor maligno del ovario;Mujeres;25 Lleida;11
026 Tumor maligno del ovario;Mujeres;27 Lugo;19
026 Tumor maligno del ovario;Mujeres;28 Madrid;284
026 Tumor maligno del ovario;Mujeres;29 Málaga;79
026 Tumor maligno del ovario;Mujeres;30 Murcia;53
026 Tumor maligno del ovario;Mujeres;31 Navarra;25
026 Tumor maligno del ovario;Mujeres;32 Ourense;23
026 Tumor maligno del ovario;Mujeres;34 Palencia;10
026 Tumor maligno del ovario;Mujeres;35 Palmas, Las;35
026 Tumor maligno del ovario;Mujeres;36 Pontevedra;46
026 Tumor maligno del ovario;Mujeres;26 Rioja, La;13
026 Tumor maligno del ovario;Mujeres;37 Salamanca;20
026 Tumor maligno del ovario;Mujeres;38 Santa Cruz de Tenerife;39
026 Tumor maligno del ovario;Mujeres;40 Segovia;3
026 Tumor maligno del ovario;Mujeres;41 Sevilla;91
026 Tumor maligno del ovario;Mujeres;42 Soria;8
026 Tumor maligno del ovario;Mujeres;43 Tarragona;31
026 Tumor maligno del ovario;Mujeres;44 Teruel;6
026 Tumor maligno del ovario;Mujeres;45 Toledo;27
026 Tumor maligno del ovario;Mujeres;46 Valencia/València;116
026 Tumor maligno del ovario;Mujeres;47 Valladolid;29
026 Tumor maligno del ovario;Mujeres;49 Zamora;15
026 Tumor maligno del ovario;Mujeres;50 Zaragoza;44
026 Tumor maligno del ovario;Mujeres;51 Ceuta;3
026 Tumor maligno del ovario;Mujeres;52 Melilla;3
026 Tumor maligno del ovario;Mujeres;Extranjero;6
027 Tumores malignos de otros órganos genitales femeninos;Hombres;Total;0
027 Tumores malignos de otros órganos genitales femeninos;Hombres;02 Albacete;0
027 Tumores malignos de otros órganos genitales femeninos;Hombres;03 Alicante/Alacant;0
027 Tumores malignos de otros órganos genitales femeninos;Hombres;04 Almería;0
027 Tumores malignos de otros órganos genitales femeninos;Hombres;01 Araba/Álava;0
027 Tumores malignos de otros órganos genitales femeninos;Hombres;33 Asturias;0
027 Tumores malignos de otros órganos genitales femeninos;Hombres;05 Ávila;0
027 Tumores malignos de otros órganos genitales femeninos;Hombres;06 Badajoz;0
027 Tumores malignos de otros órganos genitales femeninos;Hombres;07 Balears, Illes;0
027 Tumores malignos de otros órganos genitales femeninos;Hombres;08 Barcelona;0
027 Tumores malignos de otros órganos genitales femeninos;Hombres;48 Bizkaia;0
027 Tumores malignos de otros órganos genitales femeninos;Hombres;09 Burgos;0
027 Tumores malignos de otros órganos genitales femeninos;Hombres;10 Cáceres;0
027 Tumores malignos de otros órganos genitales femeninos;Hombres;11 Cádiz;0
027 Tumores malignos de otros órganos genitales femeninos;Hombres;39 Cantabria;0
027 Tumores malignos de otros órganos genitales femeninos;Hombres;12 Castellón/Castelló;0
027 Tumores malignos de otros órganos genitales femeninos;Hombres;13 Ciudad Real;0
027 Tumores malignos de otros órganos genitales femeninos;Hombres;14 Córdoba;0
027 Tumores malignos de otros órganos genitales femeninos;Hombres;15 Coruña, A;0
027 Tumores malignos de otros órganos genitales femeninos;Hombres;16 Cuenca;0
027 Tumores malignos de otros órganos genitales femeninos;Hombres;20 Gipuzkoa;0
027 Tumores malignos de otros órganos genitales femeninos;Hombres;17 Girona;0
027 Tumores malignos de otros órganos genitales femeninos;Hombres;18 Granada;0
027 Tumores malignos de otros órganos genitales femeninos;Hombres;19 Guadalajara;0
027 Tumores malignos de otros órganos genitales femeninos;Hombres;21 Huelva;0
027 Tumores malignos de otros órganos genitales femeninos;Hombres;22 Huesca;0
027 Tumores malignos de otros órganos genitales femeninos;Hombres;23 Jaén;0
027 Tumores malignos de otros órganos genitales femeninos;Hombres;24 León;0
027 Tumores malignos de otros órganos genitales femeninos;Hombres;25 Lleida;0
027 Tumores malignos de otros órganos genitales femeninos;Hombres;27 Lugo;0
027 Tumores malignos de otros órganos genitales femeninos;Hombres;28 Madrid;0
027 Tumores malignos de otros órganos genitales femeninos;Hombres;29 Málaga;0
027 Tumores malignos de otros órganos genitales femeninos;Hombres;30 Murcia;0
027 Tumores malignos de otros órganos genitales femeninos;Hombres;31 Navarra;0
027 Tumores malignos de otros órganos genitales femeninos;Hombres;32 Ourense;0
027 Tumores malignos de otros órganos genitales femeninos;Hombres;34 Palencia;0
027 Tumores malignos de otros órganos genitales femeninos;Hombres;35 Palmas, Las;0
027 Tumores malignos de otros órganos genitales femeninos;Hombres;36 Pontevedra;0
027 Tumores malignos de otros órganos genitales femeninos;Hombres;26 Rioja, La;0
027 Tumores malignos de otros órganos genitales femeninos;Hombres;37 Salamanca;0
027 Tumores malignos de otros órganos genitales femeninos;Hombres;38 Santa Cruz de Tenerife;0
027 Tumores malignos de otros órganos genitales femeninos;Hombres;40 Segovia;0
027 Tumores malignos de otros órganos genitales femeninos;Hombres;41 Sevilla;0
027 Tumores malignos de otros órganos genitales femeninos;Hombres;42 Soria;0
027 Tumores malignos de otros órganos genitales femeninos;Hombres;43 Tarragona;0
027 Tumores malignos de otros órganos genitales femeninos;Hombres;44 Teruel;0
027 Tumores malignos de otros órganos genitales femeninos;Hombres;45 Toledo;0
027 Tumores malignos de otros órganos genitales femeninos;Hombres;46 Valencia/València;0
027 Tumores malignos de otros órganos genitales femeninos;Hombres;47 Valladolid;0
027 Tumores malignos de otros órganos genitales femeninos;Hombres;49 Zamora;0
027 Tumores malignos de otros órganos genitales femeninos;Hombres;50 Zaragoza;0
027 Tumores malignos de otros órganos genitales femeninos;Hombres;51 Ceuta;0
027 Tumores malignos de otros órganos genitales femeninos;Hombres;52 Melilla;0
027 Tumores malignos de otros órganos genitales femeninos;Hombres;Extranjero;0
027 Tumores malignos de otros órganos genitales femeninos;Mujeres;Total;563
027 Tumores malignos de otros órganos genitales femeninos;Mujeres;02 Albacete;6
027 Tumores malignos de otros órganos genitales femeninos;Mujeres;03 Alicante/Alacant;24
027 Tumores malignos de otros órganos genitales femeninos;Mujeres;04 Almería;4
027 Tumores malignos de otros órganos genitales femeninos;Mujeres;01 Araba/Álava;5
027 Tumores malignos de otros órganos genitales femeninos;Mujeres;33 Asturias;20
027 Tumores malignos de otros órganos genitales femeninos;Mujeres;05 Ávila;7
027 Tumores malignos de otros órganos genitales femeninos;Mujeres;06 Badajoz;10
027 Tumores malignos de otros órganos genitales femeninos;Mujeres;07 Balears, Illes;14
027 Tumores malignos de otros órganos genitales femeninos;Mujeres;08 Barcelona;44
027 Tumores malignos de otros órganos genitales femeninos;Mujeres;48 Bizkaia;25
027 Tumores malignos de otros órganos genitales femeninos;Mujeres;09 Burgos;6
027 Tumores malignos de otros órganos genitales femeninos;Mujeres;10 Cáceres;5
027 Tumores malignos de otros órganos genitales femeninos;Mujeres;11 Cádiz;14
027 Tumores malignos de otros órganos genitales femeninos;Mujeres;39 Cantabria;7
027 Tumores malignos de otros órganos genitales femeninos;Mujeres;12 Castellón/Castelló;6
027 Tumores malignos de otros órganos genitales femeninos;Mujeres;13 Ciudad Real;7
027 Tumores malignos de otros órganos genitales femeninos;Mujeres;14 Córdoba;8
027 Tumores malignos de otros órganos genitales femeninos;Mujeres;15 Coruña, A;17
027 Tumores malignos de otros órganos genitales femeninos;Mujeres;16 Cuenca;6
027 Tumores malignos de otros órganos genitales femeninos;Mujeres;20 Gipuzkoa;8
027 Tumores malignos de otros órganos genitales femeninos;Mujeres;17 Girona;8
027 Tumores malignos de otros órganos genitales femeninos;Mujeres;18 Granada;8
027 Tumores malignos de otros órganos genitales femeninos;Mujeres;19 Guadalajara;5
027 Tumores malignos de otros órganos genitales femeninos;Mujeres;21 Huelva;6
027 Tumores malignos de otros órganos genitales femeninos;Mujeres;22 Huesca;2
027 Tumores malignos de otros órganos genitales femeninos;Mujeres;23 Jaén;7
027 Tumores malignos de otros órganos genitales femeninos;Mujeres;24 León;7
027 Tumores malignos de otros órganos genitales femeninos;Mujeres;25 Lleida;9
027 Tumores malignos de otros órganos genitales femeninos;Mujeres;27 Lugo;10
027 Tumores malignos de otros órganos genitales femeninos;Mujeres;28 Madrid;69
027 Tumores malignos de otros órganos genitales femeninos;Mujeres;29 Málaga;23
027 Tumores malignos de otros órganos genitales femeninos;Mujeres;30 Murcia;19
027 Tumores malignos de otros órganos genitales femeninos;Mujeres;31 Navarra;7
027 Tumores malignos de otros órganos genitales femeninos;Mujeres;32 Ourense;7
027 Tumores malignos de otros órganos genitales femeninos;Mujeres;34 Palencia;1
027 Tumores malignos de otros órganos genitales femeninos;Mujeres;35 Palmas, Las;4
027 Tumores malignos de otros órganos genitales femeninos;Mujeres;36 Pontevedra;14
027 Tumores malignos de otros órganos genitales femeninos;Mujeres;26 Rioja, La;2
027 Tumores malignos de otros órganos genitales femeninos;Mujeres;37 Salamanca;3
027 Tumores malignos de otros órganos genitales femeninos;Mujeres;38 Santa Cruz de Tenerife;17
027 Tumores malignos de otros órganos genitales femeninos;Mujeres;40 Segovia;1
027 Tumores malignos de otros órganos genitales femeninos;Mujeres;41 Sevilla;21
027 Tumores malignos de otros órganos genitales femeninos;Mujeres;42 Soria;1
027 Tumores malignos de otros órganos genitales femeninos;Mujeres;43 Tarragona;10
027 Tumores malignos de otros órganos genitales femeninos;Mujeres;44 Teruel;2
027 Tumores malignos de otros órganos genitales femeninos;Mujeres;45 Toledo;8
027 Tumores malignos de otros órganos genitales femeninos;Mujeres;46 Valencia/València;20
027 Tumores malignos de otros órganos genitales femeninos;Mujeres;47 Valladolid;11
027 Tumores malignos de otros órganos genitales femeninos;Mujeres;49 Zamora;2
027 Tumores malignos de otros órganos genitales femeninos;Mujeres;50 Zaragoza;16
027 Tumores malignos de otros órganos genitales femeninos;Mujeres;51 Ceuta;0
027 Tumores malignos de otros órganos genitales femeninos;Mujeres;52 Melilla;0
027 Tumores malignos de otros órganos genitales femeninos;Mujeres;Extranjero;0
028 Tumor maligno de la próstata;Hombres;Total;5.787
028 Tumor maligno de la próstata;Hombres;02 Albacete;47
028 Tumor maligno de la próstata;Hombres;03 Alicante/Alacant;244
028 Tumor maligno de la próstata;Hombres;04 Almería;71
028 Tumor maligno de la próstata;Hombres;01 Araba/Álava;53
028 Tumor maligno de la próstata;Hombres;33 Asturias;170
028 Tumor maligno de la próstata;Hombres;05 Ávila;30
028 Tumor maligno de la próstata;Hombres;06 Badajoz;95
028 Tumor maligno de la próstata;Hombres;07 Balears, Illes;148
028 Tumor maligno de la próstata;Hombres;08 Barcelona;623
028 Tumor maligno de la próstata;Hombres;48 Bizkaia;189
028 Tumor maligno de la próstata;Hombres;09 Burgos;57
028 Tumor maligno de la próstata;Hombres;10 Cáceres;52
028 Tumor maligno de la próstata;Hombres;11 Cádiz;118
028 Tumor maligno de la próstata;Hombres;39 Cantabria;74
028 Tumor maligno de la próstata;Hombres;12 Castellón/Castelló;73
028 Tumor maligno de la próstata;Hombres;13 Ciudad Real;64
028 Tumor maligno de la próstata;Hombres;14 Córdoba;97
028 Tumor maligno de la próstata;Hombres;15 Coruña, A;178
028 Tumor maligno de la próstata;Hombres;16 Cuenca;40
028 Tumor maligno de la próstata;Hombres;20 Gipuzkoa;96
028 Tumor maligno de la próstata;Hombres;17 Girona;93
028 Tumor maligno de la próstata;Hombres;18 Granada;96
028 Tumor maligno de la próstata;Hombres;19 Guadalajara;29
028 Tumor maligno de la próstata;Hombres;21 Huelva;59
028 Tumor maligno de la próstata;Hombres;22 Huesca;44
028 Tumor maligno de la próstata;Hombres;23 Jaén;72
028 Tumor maligno de la próstata;Hombres;24 León;120
028 Tumor maligno de la próstata;Hombres;25 Lleida;54
028 Tumor maligno de la próstata;Hombres;27 Lugo;79
028 Tumor maligno de la próstata;Hombres;28 Madrid;662
028 Tumor maligno de la próstata;Hombres;29 Málaga;133
028 Tumor maligno de la próstata;Hombres;30 Murcia;149
028 Tumor maligno de la próstata;Hombres;31 Navarra;77
028 Tumor maligno de la próstata;Hombres;32 Ourense;84
028 Tumor maligno de la próstata;Hombres;34 Palencia;25
028 Tumor maligno de la próstata;Hombres;35 Palmas, Las;113
028 Tumor maligno de la próstata;Hombres;36 Pontevedra;162
028 Tumor maligno de la próstata;Hombres;26 Rioja, La;40
028 Tumor maligno de la próstata;Hombres;37 Salamanca;72
028 Tumor maligno de la próstata;Hombres;38 Santa Cruz de Tenerife;85
028 Tumor maligno de la próstata;Hombres;40 Segovia;27
028 Tumor maligno de la próstata;Hombres;41 Sevilla;179
028 Tumor maligno de la próstata;Hombres;42 Soria;17
028 Tumor maligno de la próstata;Hombres;43 Tarragona;98
028 Tumor maligno de la próstata;Hombres;44 Teruel;17
028 Tumor maligno de la próstata;Hombres;45 Toledo;96
028 Tumor maligno de la próstata;Hombres;46 Valencia/València;319
028 Tumor maligno de la próstata;Hombres;47 Valladolid;69
028 Tumor maligno de la próstata;Hombres;49 Zamora;40
028 Tumor maligno de la próstata;Hombres;50 Zaragoza;131
028 Tumor maligno de la próstata;Hombres;51 Ceuta;11
028 Tumor maligno de la próstata;Hombres;52 Melilla;8
028 Tumor maligno de la próstata;Hombres;Extranjero;8
028 Tumor maligno de la próstata;Mujeres;Total;0
028 Tumor maligno de la próstata;Mujeres;02 Albacete;0
028 Tumor maligno de la próstata;Mujeres;03 Alicante/Alacant;0
028 Tumor maligno de la próstata;Mujeres;04 Almería;0
028 Tumor maligno de la próstata;Mujeres;01 Araba/Álava;0
028 Tumor maligno de la próstata;Mujeres;33 Asturias;0
028 Tumor maligno de la próstata;Mujeres;05 Ávila;0
028 Tumor maligno de la próstata;Mujeres;06 Badajoz;0
028 Tumor maligno de la próstata;Mujeres;07 Balears, Illes;0
028 Tumor maligno de la próstata;Mujeres;08 Barcelona;0
028 Tumor maligno de la próstata;Mujeres;48 Bizkaia;0
028 Tumor maligno de la próstata;Mujeres;09 Burgos;0
028 Tumor maligno de la próstata;Mujeres;10 Cáceres;0
028 Tumor maligno de la próstata;Mujeres;11 Cádiz;0
028 Tumor maligno de la próstata;Mujeres;39 Cantabria;0
028 Tumor maligno de la próstata;Mujeres;12 Castellón/Castelló;0
028 Tumor maligno de la próstata;Mujeres;13 Ciudad Real;0
028 Tumor maligno de la próstata;Mujeres;14 Córdoba;0
028 Tumor maligno de la próstata;Mujeres;15 Coruña, A;0
028 Tumor maligno de la próstata;Mujeres;16 Cuenca;0
028 Tumor maligno de la próstata;Mujeres;20 Gipuzkoa;0
028 Tumor maligno de la próstata;Mujeres;17 Girona;0
028 Tumor maligno de la próstata;Mujeres;18 Granada;0
028 Tumor maligno de la próstata;Mujeres;19 Guadalajara;0
028 Tumor maligno de la próstata;Mujeres;21 Huelva;0
028 Tumor maligno de la próstata;Mujeres;22 Huesca;0
028 Tumor maligno de la próstata;Mujeres;23 Jaén;0
028 Tumor maligno de la próstata;Mujeres;24 León;0
028 Tumor maligno de la próstata;Mujeres;25 Lleida;0
028 Tumor maligno de la próstata;Mujeres;27 Lugo;0
028 Tumor maligno de la próstata;Mujeres;28 Madrid;0
028 Tumor maligno de la próstata;Mujeres;29 Málaga;0
028 Tumor maligno de la próstata;Mujeres;30 Murcia;0
028 Tumor maligno de la próstata;Mujeres;31 Navarra;0
028 Tumor maligno de la próstata;Mujeres;32 Ourense;0
028 Tumor maligno de la próstata;Mujeres;34 Palencia;0
028 Tumor maligno de la próstata;Mujeres;35 Palmas, Las;0
028 Tumor maligno de la próstata;Mujeres;36 Pontevedra;0
028 Tumor maligno de la próstata;Mujeres;26 Rioja, La;0
028 Tumor maligno de la próstata;Mujeres;37 Salamanca;0
028 Tumor maligno de la próstata;Mujeres;38 Santa Cruz de Tenerife;0
028 Tumor maligno de la próstata;Mujeres;40 Segovia;0
028 Tumor maligno de la próstata;Mujeres;41 Sevilla;0
028 Tumor maligno de la próstata;Mujeres;42 Soria;0
028 Tumor maligno de la próstata;Mujeres;43 Tarragona;0
028 Tumor maligno de la próstata;Mujeres;44 Teruel;0
028 Tumor maligno de la próstata;Mujeres;45 Toledo;0
028 Tumor maligno de la próstata;Mujeres;46 Valencia/València;0
028 Tumor maligno de la próstata;Mujeres;47 Valladolid;0
028 Tumor maligno de la próstata;Mujeres;49 Zamora;0
028 Tumor maligno de la próstata;Mujeres;50 Zaragoza;0
028 Tumor maligno de la próstata;Mujeres;51 Ceuta;0
028 Tumor maligno de la próstata;Mujeres;52 Melilla;0
028 Tumor maligno de la próstata;Mujeres;Extranjero;0
029 Tumores malignos de otros órganos genitales masculinos;Hombres;Total;178
029 Tumores malignos de otros órganos genitales masculinos;Hombres;02 Albacete;3
029 Tumores malignos de otros órganos genitales masculinos;Hombres;03 Alicante/Alacant;5
029 Tumores malignos de otros órganos genitales masculinos;Hombres;04 Almería;3
029 Tumores malignos de otros órganos genitales masculinos;Hombres;01 Araba/Álava;1
029 Tumores malignos de otros órganos genitales masculinos;Hombres;33 Asturias;9
029 Tumores malignos de otros órganos genitales masculinos;Hombres;05 Ávila;0
029 Tumores malignos de otros órganos genitales masculinos;Hombres;06 Badajoz;4
029 Tumores malignos de otros órganos genitales masculinos;Hombres;07 Balears, Illes;6
029 Tumores malignos de otros órganos genitales masculinos;Hombres;08 Barcelona;12
029 Tumores malignos de otros órganos genitales masculinos;Hombres;48 Bizkaia;5
029 Tumores malignos de otros órganos genitales masculinos;Hombres;09 Burgos;1
029 Tumores malignos de otros órganos genitales masculinos;Hombres;10 Cáceres;2
029 Tumores malignos de otros órganos genitales masculinos;Hombres;11 Cádiz;5
029 Tumores malignos de otros órganos genitales masculinos;Hombres;39 Cantabria;1
029 Tumores malignos de otros órganos genitales masculinos;Hombres;12 Castellón/Castelló;5
029 Tumores malignos de otros órganos genitales masculinos;Hombres;13 Ciudad Real;4
029 Tumores malignos de otros órganos genitales masculinos;Hombres;14 Córdoba;4
029 Tumores malignos de otros órganos genitales masculinos;Hombres;15 Coruña, A;4
029 Tumores malignos de otros órganos genitales masculinos;Hombres;16 Cuenca;2
029 Tumores malignos de otros órganos genitales masculinos;Hombres;20 Gipuzkoa;6
029 Tumores malignos de otros órganos genitales masculinos;Hombres;17 Girona;2
029 Tumores malignos de otros órganos genitales masculinos;Hombres;18 Granada;2
029 Tumores malignos de otros órganos genitales masculinos;Hombres;19 Guadalajara;0
029 Tumores malignos de otros órganos genitales masculinos;Hombres;21 Huelva;0
029 Tumores malignos de otros órganos genitales masculinos;Hombres;22 Huesca;2
029 Tumores malignos de otros órganos genitales masculinos;Hombres;23 Jaén;4
029 Tumores malignos de otros órganos genitales masculinos;Hombres;24 León;2
029 Tumores malignos de otros órganos genitales masculinos;Hombres;25 Lleida;0
029 Tumores malignos de otros órganos genitales masculinos;Hombres;27 Lugo;2
029 Tumores malignos de otros órganos genitales masculinos;Hombres;28 Madrid;17
029 Tumores malignos de otros órganos genitales masculinos;Hombres;29 Málaga;3
029 Tumores malignos de otros órganos genitales masculinos;Hombres;30 Murcia;4
029 Tumores malignos de otros órganos genitales masculinos;Hombres;31 Navarra;4
029 Tumores malignos de otros órganos genitales masculinos;Hombres;32 Ourense;2
029 Tumores malignos de otros órganos genitales masculinos;Hombres;34 Palencia;2
029 Tumores malignos de otros órganos genitales masculinos;Hombres;35 Palmas, Las;3
029 Tumores malignos de otros órganos genitales masculinos;Hombres;36 Pontevedra;5
029 Tumores malignos de otros órganos genitales masculinos;Hombres;26 Rioja, La;1
029 Tumores malignos de otros órganos genitales masculinos;Hombres;37 Salamanca;6
029 Tumores malignos de otros órganos genitales masculinos;Hombres;38 Santa Cruz de Tenerife;6
029 Tumores malignos de otros órganos genitales masculinos;Hombres;40 Segovia;3
029 Tumores malignos de otros órganos genitales masculinos;Hombres;41 Sevilla;8
029 Tumores malignos de otros órganos genitales masculinos;Hombres;42 Soria;0
029 Tumores malignos de otros órganos genitales masculinos;Hombres;43 Tarragona;3
029 Tumores malignos de otros órganos genitales masculinos;Hombres;44 Teruel;1
029 Tumores malignos de otros órganos genitales masculinos;Hombres;45 Toledo;3
029 Tumores malignos de otros órganos genitales masculinos;Hombres;46 Valencia/València;3
029 Tumores malignos de otros órganos genitales masculinos;Hombres;47 Valladolid;3
029 Tumores malignos de otros órganos genitales masculinos;Hombres;49 Zamora;1
029 Tumores malignos de otros órganos genitales masculinos;Hombres;50 Zaragoza;3
029 Tumores malignos de otros órganos genitales masculinos;Hombres;51 Ceuta;0
029 Tumores malignos de otros órganos genitales masculinos;Hombres;52 Melilla;0
029 Tumores malignos de otros órganos genitales masculinos;Hombres;Extranjero;1
029 Tumores malignos de otros órganos genitales masculinos;Mujeres;Total;0
029 Tumores malignos de otros órganos genitales masculinos;Mujeres;02 Albacete;0
029 Tumores malignos de otros órganos genitales masculinos;Mujeres;03 Alicante/Alacant;0
029 Tumores malignos de otros órganos genitales masculinos;Mujeres;04 Almería;0
029 Tumores malignos de otros órganos genitales masculinos;Mujeres;01 Araba/Álava;0
029 Tumores malignos de otros órganos genitales masculinos;Mujeres;33 Asturias;0
029 Tumores malignos de otros órganos genitales masculinos;Mujeres;05 Ávila;0
029 Tumores malignos de otros órganos genitales masculinos;Mujeres;06 Badajoz;0
029 Tumores malignos de otros órganos genitales masculinos;Mujeres;07 Balears, Illes;0
029 Tumores malignos de otros órganos genitales masculinos;Mujeres;08 Barcelona;0
029 Tumores malignos de otros órganos genitales masculinos;Mujeres;48 Bizkaia;0
029 Tumores malignos de otros órganos genitales masculinos;Mujeres;09 Burgos;0
029 Tumores malignos de otros órganos genitales masculinos;Mujeres;10 Cáceres;0
029 Tumores malignos de otros órganos genitales masculinos;Mujeres;11 Cádiz;0
029 Tumores malignos de otros órganos genitales masculinos;Mujeres;39 Cantabria;0
029 Tumores malignos de otros órganos genitales masculinos;Mujeres;12 Castellón/Castelló;0
029 Tumores malignos de otros órganos genitales masculinos;Mujeres;13 Ciudad Real;0
029 Tumores malignos de otros órganos genitales masculinos;Mujeres;14 Córdoba;0
029 Tumores malignos de otros órganos genitales masculinos;Mujeres;15 Coruña, A;0
029 Tumores malignos de otros órganos genitales masculinos;Mujeres;16 Cuenca;0
029 Tumores malignos de otros órganos genitales masculinos;Mujeres;20 Gipuzkoa;0
029 Tumores malignos de otros órganos genitales masculinos;Mujeres;17 Girona;0
029 Tumores malignos de otros órganos genitales masculinos;Mujeres;18 Granada;0
029 Tumores malignos de otros órganos genitales masculinos;Mujeres;19 Guadalajara;0
029 Tumores malignos de otros órganos genitales masculinos;Mujeres;21 Huelva;0
029 Tumores malignos de otros órganos genitales masculinos;Mujeres;22 Huesca;0
029 Tumores malignos de otros órganos genitales masculinos;Mujeres;23 Jaén;0
029 Tumores malignos de otros órganos genitales masculinos;Mujeres;24 León;0
029 Tumores malignos de otros órganos genitales masculinos;Mujeres;25 Lleida;0
029 Tumores malignos de otros órganos genitales masculinos;Mujeres;27 Lugo;0
029 Tumores malignos de otros órganos genitales masculinos;Mujeres;28 Madrid;0
029 Tumores malignos de otros órganos genitales masculinos;Mujeres;29 Málaga;0
029 Tumores malignos de otros órganos genitales masculinos;Mujeres;30 Murcia;0
029 Tumores malignos de otros órganos genitales masculinos;Mujeres;31 Navarra;0
029 Tumores malignos de otros órganos genitales masculinos;Mujeres;32 Ourense;0
029 Tumores malignos de otros órganos genitales masculinos;Mujeres;34 Palencia;0
029 Tumores malignos de otros órganos genitales masculinos;Mujeres;35 Palmas, Las;0
029 Tumores malignos de otros órganos genitales masculinos;Mujeres;36 Pontevedra;0
029 Tumores malignos de otros órganos genitales masculinos;Mujeres;26 Rioja, La;0
029 Tumores malignos de otros órganos genitales masculinos;Mujeres;37 Salamanca;0
029 Tumores malignos de otros órganos genitales masculinos;Mujeres;38 Santa Cruz de Tenerife;0
029 Tumores malignos de otros órganos genitales masculinos;Mujeres;40 Segovia;0
029 Tumores malignos de otros órganos genitales masculinos;Mujeres;41 Sevilla;0
029 Tumores malignos de otros órganos genitales masculinos;Mujeres;42 Soria;0
029 Tumores malignos de otros órganos genitales masculinos;Mujeres;43 Tarragona;0
029 Tumores malignos de otros órganos genitales masculinos;Mujeres;44 Teruel;0
029 Tumores malignos de otros órganos genitales masculinos;Mujeres;45 Toledo;0
029 Tumores malignos de otros órganos genitales masculinos;Mujeres;46 Valencia/València;0
029 Tumores malignos de otros órganos genitales masculinos;Mujeres;47 Valladolid;0
029 Tumores malignos de otros órganos genitales masculinos;Mujeres;49 Zamora;0
029 Tumores malignos de otros órganos genitales masculinos;Mujeres;50 Zaragoza;0
029 Tumores malignos de otros órganos genitales masculinos;Mujeres;51 Ceuta;0
029 Tumores malignos de otros órganos genitales masculinos;Mujeres;52 Melilla;0
029 Tumores malignos de otros órganos genitales masculinos;Mujeres;Extranjero;0
030 Tumor maligno del riñón, excepto pelvis renal;Hombres;Total;1.440
030 Tumor maligno del riñón, excepto pelvis renal;Hombres;02 Albacete;13
030 Tumor maligno del riñón, excepto pelvis renal;Hombres;03 Alicante/Alacant;59
030 Tumor maligno del riñón, excepto pelvis renal;Hombres;04 Almería;15
030 Tumor maligno del riñón, excepto pelvis renal;Hombres;01 Araba/Álava;9
030 Tumor maligno del riñón, excepto pelvis renal;Hombres;33 Asturias;57
030 Tumor maligno del riñón, excepto pelvis renal;Hombres;05 Ávila;4
030 Tumor maligno del riñón, excepto pelvis renal;Hombres;06 Badajoz;29
030 Tumor maligno del riñón, excepto pelvis renal;Hombres;07 Balears, Illes;19
030 Tumor maligno del riñón, excepto pelvis renal;Hombres;08 Barcelona;167
030 Tumor maligno del riñón, excepto pelvis renal;Hombres;48 Bizkaia;44
030 Tumor maligno del riñón, excepto pelvis renal;Hombres;09 Burgos;18
030 Tumor maligno del riñón, excepto pelvis renal;Hombres;10 Cáceres;18
030 Tumor maligno del riñón, excepto pelvis renal;Hombres;11 Cádiz;32
030 Tumor maligno del riñón, excepto pelvis renal;Hombres;39 Cantabria;26
030 Tumor maligno del riñón, excepto pelvis renal;Hombres;12 Castellón/Castelló;15
030 Tumor maligno del riñón, excepto pelvis renal;Hombres;13 Ciudad Real;19
030 Tumor maligno del riñón, excepto pelvis renal;Hombres;14 Córdoba;21
030 Tumor maligno del riñón, excepto pelvis renal;Hombres;15 Coruña, A;57
030 Tumor maligno del riñón, excepto pelvis renal;Hombres;16 Cuenca;4
030 Tumor maligno del riñón, excepto pelvis renal;Hombres;20 Gipuzkoa;41
030 Tumor maligno del riñón, excepto pelvis renal;Hombres;17 Girona;15
030 Tumor maligno del riñón, excepto pelvis renal;Hombres;18 Granada;23
030 Tumor maligno del riñón, excepto pelvis renal;Hombres;19 Guadalajara;4
030 Tumor maligno del riñón, excepto pelvis renal;Hombres;21 Huelva;15
030 Tumor maligno del riñón, excepto pelvis renal;Hombres;22 Huesca;14
030 Tumor maligno del riñón, excepto pelvis renal;Hombres;23 Jaén;21
030 Tumor maligno del riñón, excepto pelvis renal;Hombres;24 León;23
030 Tumor maligno del riñón, excepto pelvis renal;Hombres;25 Lleida;17
030 Tumor maligno del riñón, excepto pelvis renal;Hombres;27 Lugo;20
030 Tumor maligno del riñón, excepto pelvis renal;Hombres;28 Madrid;121
030 Tumor maligno del riñón, excepto pelvis renal;Hombres;29 Málaga;49
030 Tumor maligno del riñón, excepto pelvis renal;Hombres;30 Murcia;30
030 Tumor maligno del riñón, excepto pelvis renal;Hombres;31 Navarra;27
030 Tumor maligno del riñón, excepto pelvis renal;Hombres;32 Ourense;6
030 Tumor maligno del riñón, excepto pelvis renal;Hombres;34 Palencia;3
030 Tumor maligno del riñón, excepto pelvis renal;Hombres;35 Palmas, Las;19
030 Tumor maligno del riñón, excepto pelvis renal;Hombres;36 Pontevedra;35
030 Tumor maligno del riñón, excepto pelvis renal;Hombres;26 Rioja, La;7
030 Tumor maligno del riñón, excepto pelvis renal;Hombres;37 Salamanca;10
030 Tumor maligno del riñón, excepto pelvis renal;Hombres;38 Santa Cruz de Tenerife;18
030 Tumor maligno del riñón, excepto pelvis renal;Hombres;40 Segovia;4
030 Tumor maligno del riñón, excepto pelvis renal;Hombres;41 Sevilla;61
030 Tumor maligno del riñón, excepto pelvis renal;Hombres;42 Soria;9
030 Tumor maligno del riñón, excepto pelvis renal;Hombres;43 Tarragona;28
030 Tumor maligno del riñón, excepto pelvis renal;Hombres;44 Teruel;5
030 Tumor maligno del riñón, excepto pelvis renal;Hombres;45 Toledo;26
030 Tumor maligno del riñón, excepto pelvis renal;Hombres;46 Valencia/València;84
030 Tumor maligno del riñón, excepto pelvis renal;Hombres;47 Valladolid;26
030 Tumor maligno del riñón, excepto pelvis renal;Hombres;49 Zamora;9
030 Tumor maligno del riñón, excepto pelvis renal;Hombres;50 Zaragoza;32
030 Tumor maligno del riñón, excepto pelvis renal;Hombres;51 Ceuta;1
030 Tumor maligno del riñón, excepto pelvis renal;Hombres;52 Melilla;5
030 Tumor maligno del riñón, excepto pelvis renal;Hombres;Extranjero;6
030 Tumor maligno del riñón, excepto pelvis renal;Mujeres;Total;703
030 Tumor maligno del riñón, excepto pelvis renal;Mujeres;02 Albacete;4
030 Tumor maligno del riñón, excepto pelvis renal;Mujeres;03 Alicante/Alacant;19
030 Tumor maligno del riñón, excepto pelvis renal;Mujeres;04 Almería;8
030 Tumor maligno del riñón, excepto pelvis renal;Mujeres;01 Araba/Álava;4
030 Tumor maligno del riñón, excepto pelvis renal;Mujeres;33 Asturias;32
030 Tumor maligno del riñón, excepto pelvis renal;Mujeres;05 Ávila;2
030 Tumor maligno del riñón, excepto pelvis renal;Mujeres;06 Badajoz;11
030 Tumor maligno del riñón, excepto pelvis renal;Mujeres;07 Balears, Illes;12
030 Tumor maligno del riñón, excepto pelvis renal;Mujeres;08 Barcelona;74
030 Tumor maligno del riñón, excepto pelvis renal;Mujeres;48 Bizkaia;25
030 Tumor maligno del riñón, excepto pelvis renal;Mujeres;09 Burgos;9
030 Tumor maligno del riñón, excepto pelvis renal;Mujeres;10 Cáceres;7
030 Tumor maligno del riñón, excepto pelvis renal;Mujeres;11 Cádiz;25
030 Tumor maligno del riñón, excepto pelvis renal;Mujeres;39 Cantabria;14
030 Tumor maligno del riñón, excepto pelvis renal;Mujeres;12 Castellón/Castelló;5
030 Tumor maligno del riñón, excepto pelvis renal;Mujeres;13 Ciudad Real;10
030 Tumor maligno del riñón, excepto pelvis renal;Mujeres;14 Córdoba;12
030 Tumor maligno del riñón, excepto pelvis renal;Mujeres;15 Coruña, A;21
030 Tumor maligno del riñón, excepto pelvis renal;Mujeres;16 Cuenca;3
030 Tumor maligno del riñón, excepto pelvis renal;Mujeres;20 Gipuzkoa;16
030 Tumor maligno del riñón, excepto pelvis renal;Mujeres;17 Girona;9
030 Tumor maligno del riñón, excepto pelvis renal;Mujeres;18 Granada;14
030 Tumor maligno del riñón, excepto pelvis renal;Mujeres;19 Guadalajara;7
030 Tumor maligno del riñón, excepto pelvis renal;Mujeres;21 Huelva;13
030 Tumor maligno del riñón, excepto pelvis renal;Mujeres;22 Huesca;4
030 Tumor maligno del riñón, excepto pelvis renal;Mujeres;23 Jaén;8
030 Tumor maligno del riñón, excepto pelvis renal;Mujeres;24 León;11
030 Tumor maligno del riñón, excepto pelvis renal;Mujeres;25 Lleida;11
030 Tumor maligno del riñón, excepto pelvis renal;Mujeres;27 Lugo;5
030 Tumor maligno del riñón, excepto pelvis renal;Mujeres;28 Madrid;72
030 Tumor maligno del riñón, excepto pelvis renal;Mujeres;29 Málaga;15
030 Tumor maligno del riñón, excepto pelvis renal;Mujeres;30 Murcia;13
030 Tumor maligno del riñón, excepto pelvis renal;Mujeres;31 Navarra;11
030 Tumor maligno del riñón, excepto pelvis renal;Mujeres;32 Ourense;5
030 Tumor maligno del riñón, excepto pelvis renal;Mujeres;34 Palencia;6
030 Tumor maligno del riñón, excepto pelvis renal;Mujeres;35 Palmas, Las;13
030 Tumor maligno del riñón, excepto pelvis renal;Mujeres;36 Pontevedra;19
030 Tumor maligno del riñón, excepto pelvis renal;Mujeres;26 Rioja, La;6
030 Tumor maligno del riñón, excepto pelvis renal;Mujeres;37 Salamanca;10
030 Tumor maligno del riñón, excepto pelvis renal;Mujeres;38 Santa Cruz de Tenerife;14
030 Tumor maligno del riñón, excepto pelvis renal;Mujeres;40 Segovia;4
030 Tumor maligno del riñón, excepto pelvis renal;Mujeres;41 Sevilla;27
030 Tumor maligno del riñón, excepto pelvis renal;Mujeres;42 Soria;1
030 Tumor maligno del riñón, excepto pelvis renal;Mujeres;43 Tarragona;9
030 Tumor maligno del riñón, excepto pelvis renal;Mujeres;44 Teruel;4
030 Tumor maligno del riñón, excepto pelvis renal;Mujeres;45 Toledo;8
030 Tumor maligno del riñón, excepto pelvis renal;Mujeres;46 Valencia/València;38
030 Tumor maligno del riñón, excepto pelvis renal;Mujeres;47 Valladolid;8
030 Tumor maligno del riñón, excepto pelvis renal;Mujeres;49 Zamora;4
030 Tumor maligno del riñón, excepto pelvis renal;Mujeres;50 Zaragoza;19
030 Tumor maligno del riñón, excepto pelvis renal;Mujeres;51 Ceuta;0
030 Tumor maligno del riñón, excepto pelvis renal;Mujeres;52 Melilla;0
030 Tumor maligno del riñón, excepto pelvis renal;Mujeres;Extranjero;2
031 Tumor maligno de la vejiga;Hombres;Total;3.508
031 Tumor maligno de la vejiga;Hombres;02 Albacete;39
031 Tumor maligno de la vejiga;Hombres;03 Alicante/Alacant;142
031 Tumor maligno de la vejiga;Hombres;04 Almería;43
031 Tumor maligno de la vejiga;Hombres;01 Araba/Álava;24
031 Tumor maligno de la vejiga;Hombres;33 Asturias;112
031 Tumor maligno de la vejiga;Hombres;05 Ávila;9
031 Tumor maligno de la vejiga;Hombres;06 Badajoz;51
031 Tumor maligno de la vejiga;Hombres;07 Balears, Illes;79
031 Tumor maligno de la vejiga;Hombres;08 Barcelona;344
031 Tumor maligno de la vejiga;Hombres;48 Bizkaia;96
031 Tumor maligno de la vejiga;Hombres;09 Burgos;41
031 Tumor maligno de la vejiga;Hombres;10 Cáceres;38
031 Tumor maligno de la vejiga;Hombres;11 Cádiz;97
031 Tumor maligno de la vejiga;Hombres;39 Cantabria;68
031 Tumor maligno de la vejiga;Hombres;12 Castellón/Castelló;54
031 Tumor maligno de la vejiga;Hombres;13 Ciudad Real;52
031 Tumor maligno de la vejiga;Hombres;14 Córdoba;55
031 Tumor maligno de la vejiga;Hombres;15 Coruña, A;89
031 Tumor maligno de la vejiga;Hombres;16 Cuenca;28
031 Tumor maligno de la vejiga;Hombres;20 Gipuzkoa;65
031 Tumor maligno de la vejiga;Hombres;17 Girona;78
031 Tumor maligno de la vejiga;Hombres;18 Granada;55
031 Tumor maligno de la vejiga;Hombres;19 Guadalajara;26
031 Tumor maligno de la vejiga;Hombres;21 Huelva;37
031 Tumor maligno de la vejiga;Hombres;22 Huesca;25
031 Tumor maligno de la vejiga;Hombres;23 Jaén;40
031 Tumor maligno de la vejiga;Hombres;24 León;48
031 Tumor maligno de la vejiga;Hombres;25 Lleida;29
031 Tumor maligno de la vejiga;Hombres;27 Lugo;30
031 Tumor maligno de la vejiga;Hombres;28 Madrid;315
031 Tumor maligno de la vejiga;Hombres;29 Málaga;112
031 Tumor maligno de la vejiga;Hombres;30 Murcia;88
031 Tumor maligno de la vejiga;Hombres;31 Navarra;39
031 Tumor maligno de la vejiga;Hombres;32 Ourense;48
031 Tumor maligno de la vejiga;Hombres;34 Palencia;17
031 Tumor maligno de la vejiga;Hombres;35 Palmas, Las;64
031 Tumor maligno de la vejiga;Hombres;36 Pontevedra;64
031 Tumor maligno de la vejiga;Hombres;26 Rioja, La;27
031 Tumor maligno de la vejiga;Hombres;37 Salamanca;34
031 Tumor maligno de la vejiga;Hombres;38 Santa Cruz de Tenerife;64
031 Tumor maligno de la vejiga;Hombres;40 Segovia;12
031 Tumor maligno de la vejiga;Hombres;41 Sevilla;132
031 Tumor maligno de la vejiga;Hombres;42 Soria;12
031 Tumor maligno de la vejiga;Hombres;43 Tarragona;58
031 Tumor maligno de la vejiga;Hombres;44 Teruel;20
031 Tumor maligno de la vejiga;Hombres;45 Toledo;69
031 Tumor maligno de la vejiga;Hombres;46 Valencia/València;247
031 Tumor maligno de la vejiga;Hombres;47 Valladolid;58
031 Tumor maligno de la vejiga;Hombres;49 Zamora;31
031 Tumor maligno de la vejiga;Hombres;50 Zaragoza;92
031 Tumor maligno de la vejiga;Hombres;51 Ceuta;4
031 Tumor maligno de la vejiga;Hombres;52 Melilla;2
031 Tumor maligno de la vejiga;Hombres;Extranjero;5
031 Tumor maligno de la vejiga;Mujeres;Total;855
031 Tumor maligno de la vejiga;Mujeres;02 Albacete;8
031 Tumor maligno de la vejiga;Mujeres;03 Alicante/Alacant;36
031 Tumor maligno de la vejiga;Mujeres;04 Almería;7
031 Tumor maligno de la vejiga;Mujeres;01 Araba/Álava;5
031 Tumor maligno de la vejiga;Mujeres;33 Asturias;35
031 Tumor maligno de la vejiga;Mujeres;05 Ávila;2
031 Tumor maligno de la vejiga;Mujeres;06 Badajoz;13
031 Tumor maligno de la vejiga;Mujeres;07 Balears, Illes;15
031 Tumor maligno de la vejiga;Mujeres;08 Barcelona;107
031 Tumor maligno de la vejiga;Mujeres;48 Bizkaia;32
031 Tumor maligno de la vejiga;Mujeres;09 Burgos;7
031 Tumor maligno de la vejiga;Mujeres;10 Cáceres;5
031 Tumor maligno de la vejiga;Mujeres;11 Cádiz;22
031 Tumor maligno de la vejiga;Mujeres;39 Cantabria;20
031 Tumor maligno de la vejiga;Mujeres;12 Castellón/Castelló;4
031 Tumor maligno de la vejiga;Mujeres;13 Ciudad Real;9
031 Tumor maligno de la vejiga;Mujeres;14 Córdoba;7
031 Tumor maligno de la vejiga;Mujeres;15 Coruña, A;21
031 Tumor maligno de la vejiga;Mujeres;16 Cuenca;7
031 Tumor maligno de la vejiga;Mujeres;20 Gipuzkoa;17
031 Tumor maligno de la vejiga;Mujeres;17 Girona;18
031 Tumor maligno de la vejiga;Mujeres;18 Granada;10
031 Tumor maligno de la vejiga;Mujeres;19 Guadalajara;3
031 Tumor maligno de la vejiga;Mujeres;21 Huelva;10
031 Tumor maligno de la vejiga;Mujeres;22 Huesca;7
031 Tumor maligno de la vejiga;Mujeres;23 Jaén;10
031 Tumor maligno de la vejiga;Mujeres;24 León;11
031 Tumor maligno de la vejiga;Mujeres;25 Lleida;11
031 Tumor maligno de la vejiga;Mujeres;27 Lugo;19
031 Tumor maligno de la vejiga;Mujeres;28 Madrid;96
031 Tumor maligno de la vejiga;Mujeres;29 Málaga;19
031 Tumor maligno de la vejiga;Mujeres;30 Murcia;19
031 Tumor maligno de la vejiga;Mujeres;31 Navarra;7
031 Tumor maligno de la vejiga;Mujeres;32 Ourense;10
031 Tumor maligno de la vejiga;Mujeres;34 Palencia;11
031 Tumor maligno de la vejiga;Mujeres;35 Palmas, Las;18
031 Tumor maligno de la vejiga;Mujeres;36 Pontevedra;17
031 Tumor maligno de la vejiga;Mujeres;26 Rioja, La;9
031 Tumor maligno de la vejiga;Mujeres;37 Salamanca;6
031 Tumor maligno de la vejiga;Mujeres;38 Santa Cruz de Tenerife;11
031 Tumor maligno de la vejiga;Mujeres;40 Segovia;2
031 Tumor maligno de la vejiga;Mujeres;41 Sevilla;21
031 Tumor maligno de la vejiga;Mujeres;42 Soria;3
031 Tumor maligno de la vejiga;Mujeres;43 Tarragona;21
031 Tumor maligno de la vejiga;Mujeres;44 Teruel;3
031 Tumor maligno de la vejiga;Mujeres;45 Toledo;14
031 Tumor maligno de la vejiga;Mujeres;46 Valencia/València;49
031 Tumor maligno de la vejiga;Mujeres;47 Valladolid;12
031 Tumor maligno de la vejiga;Mujeres;49 Zamora;12
031 Tumor maligno de la vejiga;Mujeres;50 Zaragoza;14
031 Tumor maligno de la vejiga;Mujeres;51 Ceuta;0
031 Tumor maligno de la vejiga;Mujeres;52 Melilla;1
031 Tumor maligno de la vejiga;Mujeres;Extranjero;2
032 Otros tumores malignos de las vías urinarias;Hombres;Total;1.357
032 Otros tumores malignos de las vías urinarias;Hombres;02 Albacete;3
032 Otros tumores malignos de las vías urinarias;Hombres;03 Alicante/Alacant;58
032 Otros tumores malignos de las vías urinarias;Hombres;04 Almería;10
032 Otros tumores malignos de las vías urinarias;Hombres;01 Araba/Álava;9
032 Otros tumores malignos de las vías urinarias;Hombres;33 Asturias;23
032 Otros tumores malignos de las vías urinarias;Hombres;05 Ávila;7
032 Otros tumores malignos de las vías urinarias;Hombres;06 Badajoz;27
032 Otros tumores malignos de las vías urinarias;Hombres;07 Balears, Illes;24
032 Otros tumores malignos de las vías urinarias;Hombres;08 Barcelona;215
032 Otros tumores malignos de las vías urinarias;Hombres;48 Bizkaia;45
032 Otros tumores malignos de las vías urinarias;Hombres;09 Burgos;9
032 Otros tumores malignos de las vías urinarias;Hombres;10 Cáceres;14
032 Otros tumores malignos de las vías urinarias;Hombres;11 Cádiz;40
032 Otros tumores malignos de las vías urinarias;Hombres;39 Cantabria;16
032 Otros tumores malignos de las vías urinarias;Hombres;12 Castellón/Castelló;12
032 Otros tumores malignos de las vías urinarias;Hombres;13 Ciudad Real;7
032 Otros tumores malignos de las vías urinarias;Hombres;14 Córdoba;16
032 Otros tumores malignos de las vías urinarias;Hombres;15 Coruña, A;48
032 Otros tumores malignos de las vías urinarias;Hombres;16 Cuenca;2
032 Otros tumores malignos de las vías urinarias;Hombres;20 Gipuzkoa;17
032 Otros tumores malignos de las vías urinarias;Hombres;17 Girona;13
032 Otros tumores malignos de las vías urinarias;Hombres;18 Granada;18
032 Otros tumores malignos de las vías urinarias;Hombres;19 Guadalajara;1
032 Otros tumores malignos de las vías urinarias;Hombres;21 Huelva;10
032 Otros tumores malignos de las vías urinarias;Hombres;22 Huesca;2
032 Otros tumores malignos de las vías urinarias;Hombres;23 Jaén;12
032 Otros tumores malignos de las vías urinarias;Hombres;24 León;14
032 Otros tumores malignos de las vías urinarias;Hombres;25 Lleida;13
032 Otros tumores malignos de las vías urinarias;Hombres;27 Lugo;7
032 Otros tumores malignos de las vías urinarias;Hombres;28 Madrid;238
032 Otros tumores malignos de las vías urinarias;Hombres;29 Málaga;31
032 Otros tumores malignos de las vías urinarias;Hombres;30 Murcia;39
032 Otros tumores malignos de las vías urinarias;Hombres;31 Navarra;26
032 Otros tumores malignos de las vías urinarias;Hombres;32 Ourense;7
032 Otros tumores malignos de las vías urinarias;Hombres;34 Palencia;9
032 Otros tumores malignos de las vías urinarias;Hombres;35 Palmas, Las;25
032 Otros tumores malignos de las vías urinarias;Hombres;36 Pontevedra;25
032 Otros tumores malignos de las vías urinarias;Hombres;26 Rioja, La;9
032 Otros tumores malignos de las vías urinarias;Hombres;37 Salamanca;17
032 Otros tumores malignos de las vías urinarias;Hombres;38 Santa Cruz de Tenerife;26
032 Otros tumores malignos de las vías urinarias;Hombres;40 Segovia;6
032 Otros tumores malignos de las vías urinarias;Hombres;41 Sevilla;52
032 Otros tumores malignos de las vías urinarias;Hombres;42 Soria;2
032 Otros tumores malignos de las vías urinarias;Hombres;43 Tarragona;20
032 Otros tumores malignos de las vías urinarias;Hombres;44 Teruel;6
032 Otros tumores malignos de las vías urinarias;Hombres;45 Toledo;8
032 Otros tumores malignos de las vías urinarias;Hombres;46 Valencia/València;61
032 Otros tumores malignos de las vías urinarias;Hombres;47 Valladolid;10
032 Otros tumores malignos de las vías urinarias;Hombres;49 Zamora;6
032 Otros tumores malignos de las vías urinarias;Hombres;50 Zaragoza;37
032 Otros tumores malignos de las vías urinarias;Hombres;51 Ceuta;1
032 Otros tumores malignos de las vías urinarias;Hombres;52 Melilla;2
032 Otros tumores malignos de las vías urinarias;Hombres;Extranjero;2
032 Otros tumores malignos de las vías urinarias;Mujeres;Total;403
032 Otros tumores malignos de las vías urinarias;Mujeres;02 Albacete;0
032 Otros tumores malignos de las vías urinarias;Mujeres;03 Alicante/Alacant;14
032 Otros tumores malignos de las vías urinarias;Mujeres;04 Almería;4
032 Otros tumores malignos de las vías urinarias;Mujeres;01 Araba/Álava;2
032 Otros tumores malignos de las vías urinarias;Mujeres;33 Asturias;11
032 Otros tumores malignos de las vías urinarias;Mujeres;05 Ávila;4
032 Otros tumores malignos de las vías urinarias;Mujeres;06 Badajoz;4
032 Otros tumores malignos de las vías urinarias;Mujeres;07 Balears, Illes;4
032 Otros tumores malignos de las vías urinarias;Mujeres;08 Barcelona;55
032 Otros tumores malignos de las vías urinarias;Mujeres;48 Bizkaia;17
032 Otros tumores malignos de las vías urinarias;Mujeres;09 Burgos;2
032 Otros tumores malignos de las vías urinarias;Mujeres;10 Cáceres;3
032 Otros tumores malignos de las vías urinarias;Mujeres;11 Cádiz;7
032 Otros tumores malignos de las vías urinarias;Mujeres;39 Cantabria;4
032 Otros tumores malignos de las vías urinarias;Mujeres;12 Castellón/Castelló;4
032 Otros tumores malignos de las vías urinarias;Mujeres;13 Ciudad Real;2
032 Otros tumores malignos de las vías urinarias;Mujeres;14 Córdoba;3
032 Otros tumores malignos de las vías urinarias;Mujeres;15 Coruña, A;12
032 Otros tumores malignos de las vías urinarias;Mujeres;16 Cuenca;1
032 Otros tumores malignos de las vías urinarias;Mujeres;20 Gipuzkoa;8
032 Otros tumores malignos de las vías urinarias;Mujeres;17 Girona;5
032 Otros tumores malignos de las vías urinarias;Mujeres;18 Granada;6
032 Otros tumores malignos de las vías urinarias;Mujeres;19 Guadalajara;0
032 Otros tumores malignos de las vías urinarias;Mujeres;21 Huelva;5
032 Otros tumores malignos de las vías urinarias;Mujeres;22 Huesca;0
032 Otros tumores malignos de las vías urinarias;Mujeres;23 Jaén;1
032 Otros tumores malignos de las vías urinarias;Mujeres;24 León;7
032 Otros tumores malignos de las vías urinarias;Mujeres;25 Lleida;4
032 Otros tumores malignos de las vías urinarias;Mujeres;27 Lugo;7
032 Otros tumores malignos de las vías urinarias;Mujeres;28 Madrid;81
032 Otros tumores malignos de las vías urinarias;Mujeres;29 Málaga;7
032 Otros tumores malignos de las vías urinarias;Mujeres;30 Murcia;11
032 Otros tumores malignos de las vías urinarias;Mujeres;31 Navarra;12
032 Otros tumores malignos de las vías urinarias;Mujeres;32 Ourense;5
032 Otros tumores malignos de las vías urinarias;Mujeres;34 Palencia;0
032 Otros tumores malignos de las vías urinarias;Mujeres;35 Palmas, Las;3
032 Otros tumores malignos de las vías urinarias;Mujeres;36 Pontevedra;8
032 Otros tumores malignos de las vías urinarias;Mujeres;26 Rioja, La;3
032 Otros tumores malignos de las vías urinarias;Mujeres;37 Salamanca;5
032 Otros tumores malignos de las vías urinarias;Mujeres;38 Santa Cruz de Tenerife;8
032 Otros tumores malignos de las vías urinarias;Mujeres;40 Segovia;3
032 Otros tumores malignos de las vías urinarias;Mujeres;41 Sevilla;13
032 Otros tumores malignos de las vías urinarias;Mujeres;42 Soria;2
032 Otros tumores malignos de las vías urinarias;Mujeres;43 Tarragona;5
032 Otros tumores malignos de las vías urinarias;Mujeres;44 Teruel;3
032 Otros tumores malignos de las vías urinarias;Mujeres;45 Toledo;2
032 Otros tumores malignos de las vías urinarias;Mujeres;46 Valencia/València;17
032 Otros tumores malignos de las vías urinarias;Mujeres;47 Valladolid;9
032 Otros tumores malignos de las vías urinarias;Mujeres;49 Zamora;3
032 Otros tumores malignos de las vías urinarias;Mujeres;50 Zaragoza;6
032 Otros tumores malignos de las vías urinarias;Mujeres;51 Ceuta;1
032 Otros tumores malignos de las vías urinarias;Mujeres;52 Melilla;0
032 Otros tumores malignos de las vías urinarias;Mujeres;Extranjero;0
033 Tumor maligno del encéfalo;Hombres;Total;1.694
033 Tumor maligno del encéfalo;Hombres;02 Albacete;21
033 Tumor maligno del encéfalo;Hombres;03 Alicante/Alacant;52
033 Tumor maligno del encéfalo;Hombres;04 Almería;17
033 Tumor maligno del encéfalo;Hombres;01 Araba/Álava;18
033 Tumor maligno del encéfalo;Hombres;33 Asturias;51
033 Tumor maligno del encéfalo;Hombres;05 Ávila;7
033 Tumor maligno del encéfalo;Hombres;06 Badajoz;24
033 Tumor maligno del encéfalo;Hombres;07 Balears, Illes;33
033 Tumor maligno del encéfalo;Hombres;08 Barcelona;204
033 Tumor maligno del encéfalo;Hombres;48 Bizkaia;69
033 Tumor maligno del encéfalo;Hombres;09 Burgos;6
033 Tumor maligno del encéfalo;Hombres;10 Cáceres;14
033 Tumor maligno del encéfalo;Hombres;11 Cádiz;43
033 Tumor maligno del encéfalo;Hombres;39 Cantabria;24
033 Tumor maligno del encéfalo;Hombres;12 Castellón/Castelló;27
033 Tumor maligno del encéfalo;Hombres;13 Ciudad Real;14
033 Tumor maligno del encéfalo;Hombres;14 Córdoba;35
033 Tumor maligno del encéfalo;Hombres;15 Coruña, A;45
033 Tumor maligno del encéfalo;Hombres;16 Cuenca;9
033 Tumor maligno del encéfalo;Hombres;20 Gipuzkoa;28
033 Tumor maligno del encéfalo;Hombres;17 Girona;32
033 Tumor maligno del encéfalo;Hombres;18 Granada;34
033 Tumor maligno del encéfalo;Hombres;19 Guadalajara;5
033 Tumor maligno del encéfalo;Hombres;21 Huelva;20
033 Tumor maligno del encéfalo;Hombres;22 Huesca;14
033 Tumor maligno del encéfalo;Hombres;23 Jaén;21
033 Tumor maligno del encéfalo;Hombres;24 León;17
033 Tumor maligno del encéfalo;Hombres;25 Lleida;10
033 Tumor maligno del encéfalo;Hombres;27 Lugo;11
033 Tumor maligno del encéfalo;Hombres;28 Madrid;215
033 Tumor maligno del encéfalo;Hombres;29 Málaga;50
033 Tumor maligno del encéfalo;Hombres;30 Murcia;45
033 Tumor maligno del encéfalo;Hombres;31 Navarra;32
033 Tumor maligno del encéfalo;Hombres;32 Ourense;16
033 Tumor maligno del encéfalo;Hombres;34 Palencia;5
033 Tumor maligno del encéfalo;Hombres;35 Palmas, Las;42
033 Tumor maligno del encéfalo;Hombres;36 Pontevedra;44
033 Tumor maligno del encéfalo;Hombres;26 Rioja, La;13
033 Tumor maligno del encéfalo;Hombres;37 Salamanca;10
033 Tumor maligno del encéfalo;Hombres;38 Santa Cruz de Tenerife;35
033 Tumor maligno del encéfalo;Hombres;40 Segovia;12
033 Tumor maligno del encéfalo;Hombres;41 Sevilla;57
033 Tumor maligno del encéfalo;Hombres;42 Soria;2
033 Tumor maligno del encéfalo;Hombres;43 Tarragona;24
033 Tumor maligno del encéfalo;Hombres;44 Teruel;3
033 Tumor maligno del encéfalo;Hombres;45 Toledo;31
033 Tumor maligno del encéfalo;Hombres;46 Valencia/València;85
033 Tumor maligno del encéfalo;Hombres;47 Valladolid;24
033 Tumor maligno del encéfalo;Hombres;49 Zamora;6
033 Tumor maligno del encéfalo;Hombres;50 Zaragoza;32
033 Tumor maligno del encéfalo;Hombres;51 Ceuta;1
033 Tumor maligno del encéfalo;Hombres;52 Melilla;1
033 Tumor maligno del encéfalo;Hombres;Extranjero;4
033 Tumor maligno del encéfalo;Mujeres;Total;1.373
033 Tumor maligno del encéfalo;Mujeres;02 Albacete;13
033 Tumor maligno del encéfalo;Mujeres;03 Alicante/Alacant;46
033 Tumor maligno del encéfalo;Mujeres;04 Almería;18
033 Tumor maligno del encéfalo;Mujeres;01 Araba/Álava;6
033 Tumor maligno del encéfalo;Mujeres;33 Asturias;45
033 Tumor maligno del encéfalo;Mujeres;05 Ávila;6
033 Tumor maligno del encéfalo;Mujeres;06 Badajoz;17
033 Tumor maligno del encéfalo;Mujeres;07 Balears, Illes;25
033 Tumor maligno del encéfalo;Mujeres;08 Barcelona;161
033 Tumor maligno del encéfalo;Mujeres;48 Bizkaia;47
033 Tumor maligno del encéfalo;Mujeres;09 Burgos;13
033 Tumor maligno del encéfalo;Mujeres;10 Cáceres;18
033 Tumor maligno del encéfalo;Mujeres;11 Cádiz;31
033 Tumor maligno del encéfalo;Mujeres;39 Cantabria;20
033 Tumor maligno del encéfalo;Mujeres;12 Castellón/Castelló;18
033 Tumor maligno del encéfalo;Mujeres;13 Ciudad Real;16
033 Tumor maligno del encéfalo;Mujeres;14 Córdoba;8
033 Tumor maligno del encéfalo;Mujeres;15 Coruña, A;47
033 Tumor maligno del encéfalo;Mujeres;16 Cuenca;10
033 Tumor maligno del encéfalo;Mujeres;20 Gipuzkoa;30
033 Tumor maligno del encéfalo;Mujeres;17 Girona;21
033 Tumor maligno del encéfalo;Mujeres;18 Granada;27
033 Tumor maligno del encéfalo;Mujeres;19 Guadalajara;13
033 Tumor maligno del encéfalo;Mujeres;21 Huelva;14
033 Tumor maligno del encéfalo;Mujeres;22 Huesca;5
033 Tumor maligno del encéfalo;Mujeres;23 Jaén;17
033 Tumor maligno del encéfalo;Mujeres;24 León;19
033 Tumor maligno del encéfalo;Mujeres;25 Lleida;8
033 Tumor maligno del encéfalo;Mujeres;27 Lugo;13
033 Tumor maligno del encéfalo;Mujeres;28 Madrid;174
033 Tumor maligno del encéfalo;Mujeres;29 Málaga;32
033 Tumor maligno del encéfalo;Mujeres;30 Murcia;35
033 Tumor maligno del encéfalo;Mujeres;31 Navarra;32
033 Tumor maligno del encéfalo;Mujeres;32 Ourense;11
033 Tumor maligno del encéfalo;Mujeres;34 Palencia;5
033 Tumor maligno del encéfalo;Mujeres;35 Palmas, Las;18
033 Tumor maligno del encéfalo;Mujeres;36 Pontevedra;27
033 Tumor maligno del encéfalo;Mujeres;26 Rioja, La;13
033 Tumor maligno del encéfalo;Mujeres;37 Salamanca;25
033 Tumor maligno del encéfalo;Mujeres;38 Santa Cruz de Tenerife;32
033 Tumor maligno del encéfalo;Mujeres;40 Segovia;3
033 Tumor maligno del encéfalo;Mujeres;41 Sevilla;50
033 Tumor maligno del encéfalo;Mujeres;42 Soria;3
033 Tumor maligno del encéfalo;Mujeres;43 Tarragona;23
033 Tumor maligno del encéfalo;Mujeres;44 Teruel;4
033 Tumor maligno del encéfalo;Mujeres;45 Toledo;16
033 Tumor maligno del encéfalo;Mujeres;46 Valencia/València;81
033 Tumor maligno del encéfalo;Mujeres;47 Valladolid;15
033 Tumor maligno del encéfalo;Mujeres;49 Zamora;9
033 Tumor maligno del encéfalo;Mujeres;50 Zaragoza;29
033 Tumor maligno del encéfalo;Mujeres;51 Ceuta;2
033 Tumor maligno del encéfalo;Mujeres;52 Melilla;1
033 Tumor maligno del encéfalo;Mujeres;Extranjero;1
034 Otros tumores malignos neurológicos y endocrinos;Hombres;Total;263
034 Otros tumores malignos neurológicos y endocrinos;Hombres;02 Albacete;3
034 Otros tumores malignos neurológicos y endocrinos;Hombres;03 Alicante/Alacant;17
034 Otros tumores malignos neurológicos y endocrinos;Hombres;04 Almería;6
034 Otros tumores malignos neurológicos y endocrinos;Hombres;01 Araba/Álava;3
034 Otros tumores malignos neurológicos y endocrinos;Hombres;33 Asturias;6
034 Otros tumores malignos neurológicos y endocrinos;Hombres;05 Ávila;2
034 Otros tumores malignos neurológicos y endocrinos;Hombres;06 Badajoz;3
034 Otros tumores malignos neurológicos y endocrinos;Hombres;07 Balears, Illes;6
034 Otros tumores malignos neurológicos y endocrinos;Hombres;08 Barcelona;33
034 Otros tumores malignos neurológicos y endocrinos;Hombres;48 Bizkaia;7
034 Otros tumores malignos neurológicos y endocrinos;Hombres;09 Burgos;2
034 Otros tumores malignos neurológicos y endocrinos;Hombres;10 Cáceres;3
034 Otros tumores malignos neurológicos y endocrinos;Hombres;11 Cádiz;3
034 Otros tumores malignos neurológicos y endocrinos;Hombres;39 Cantabria;3
034 Otros tumores malignos neurológicos y endocrinos;Hombres;12 Castellón/Castelló;4
034 Otros tumores malignos neurológicos y endocrinos;Hombres;13 Ciudad Real;1
034 Otros tumores malignos neurológicos y endocrinos;Hombres;14 Córdoba;3
034 Otros tumores malignos neurológicos y endocrinos;Hombres;15 Coruña, A;6
034 Otros tumores malignos neurológicos y endocrinos;Hombres;16 Cuenca;1
034 Otros tumores malignos neurológicos y endocrinos;Hombres;20 Gipuzkoa;3
034 Otros tumores malignos neurológicos y endocrinos;Hombres;17 Girona;5
034 Otros tumores malignos neurológicos y endocrinos;Hombres;18 Granada;3
034 Otros tumores malignos neurológicos y endocrinos;Hombres;19 Guadalajara;2
034 Otros tumores malignos neurológicos y endocrinos;Hombres;21 Huelva;3
034 Otros tumores malignos neurológicos y endocrinos;Hombres;22 Huesca;1
034 Otros tumores malignos neurológicos y endocrinos;Hombres;23 Jaén;4
034 Otros tumores malignos neurológicos y endocrinos;Hombres;24 León;3
034 Otros tumores malignos neurológicos y endocrinos;Hombres;25 Lleida;4
034 Otros tumores malignos neurológicos y endocrinos;Hombres;27 Lugo;0
034 Otros tumores malignos neurológicos y endocrinos;Hombres;28 Madrid;33
034 Otros tumores malignos neurológicos y endocrinos;Hombres;29 Málaga;10
034 Otros tumores malignos neurológicos y endocrinos;Hombres;30 Murcia;4
034 Otros tumores malignos neurológicos y endocrinos;Hombres;31 Navarra;5
034 Otros tumores malignos neurológicos y endocrinos;Hombres;32 Ourense;6
034 Otros tumores malignos neurológicos y endocrinos;Hombres;34 Palencia;0
034 Otros tumores malignos neurológicos y endocrinos;Hombres;35 Palmas, Las;10
034 Otros tumores malignos neurológicos y endocrinos;Hombres;36 Pontevedra;3
034 Otros tumores malignos neurológicos y endocrinos;Hombres;26 Rioja, La;0
034 Otros tumores malignos neurológicos y endocrinos;Hombres;37 Salamanca;3
034 Otros tumores malignos neurológicos y endocrinos;Hombres;38 Santa Cruz de Tenerife;6
034 Otros tumores malignos neurológicos y endocrinos;Hombres;40 Segovia;0
034 Otros tumores malignos neurológicos y endocrinos;Hombres;41 Sevilla;10
034 Otros tumores malignos neurológicos y endocrinos;Hombres;42 Soria;0
034 Otros tumores malignos neurológicos y endocrinos;Hombres;43 Tarragona;5
034 Otros tumores malignos neurológicos y endocrinos;Hombres;44 Teruel;1
034 Otros tumores malignos neurológicos y endocrinos;Hombres;45 Toledo;3
034 Otros tumores malignos neurológicos y endocrinos;Hombres;46 Valencia/València;8
034 Otros tumores malignos neurológicos y endocrinos;Hombres;47 Valladolid;5
034 Otros tumores malignos neurológicos y endocrinos;Hombres;49 Zamora;1
034 Otros tumores malignos neurológicos y endocrinos;Hombres;50 Zaragoza;9
034 Otros tumores malignos neurológicos y endocrinos;Hombres;51 Ceuta;0
034 Otros tumores malignos neurológicos y endocrinos;Hombres;52 Melilla;0
034 Otros tumores malignos neurológicos y endocrinos;Hombres;Extranjero;1
034 Otros tumores malignos neurológicos y endocrinos;Mujeres;Total;334
034 Otros tumores malignos neurológicos y endocrinos;Mujeres;02 Albacete;6
034 Otros tumores malignos neurológicos y endocrinos;Mujeres;03 Alicante/Alacant;9
034 Otros tumores malignos neurológicos y endocrinos;Mujeres;04 Almería;3
034 Otros tumores malignos neurológicos y endocrinos;Mujeres;01 Araba/Álava;1
034 Otros tumores malignos neurológicos y endocrinos;Mujeres;33 Asturias;6
034 Otros tumores malignos neurológicos y endocrinos;Mujeres;05 Ávila;2
034 Otros tumores malignos neurológicos y endocrinos;Mujeres;06 Badajoz;5
034 Otros tumores malignos neurológicos y endocrinos;Mujeres;07 Balears, Illes;6
034 Otros tumores malignos neurológicos y endocrinos;Mujeres;08 Barcelona;31
034 Otros tumores malignos neurológicos y endocrinos;Mujeres;48 Bizkaia;13
034 Otros tumores malignos neurológicos y endocrinos;Mujeres;09 Burgos;1
034 Otros tumores malignos neurológicos y endocrinos;Mujeres;10 Cáceres;1
034 Otros tumores malignos neurológicos y endocrinos;Mujeres;11 Cádiz;12
034 Otros tumores malignos neurológicos y endocrinos;Mujeres;39 Cantabria;6
034 Otros tumores malignos neurológicos y endocrinos;Mujeres;12 Castellón/Castelló;5
034 Otros tumores malignos neurológicos y endocrinos;Mujeres;13 Ciudad Real;3
034 Otros tumores malignos neurológicos y endocrinos;Mujeres;14 Córdoba;2
034 Otros tumores malignos neurológicos y endocrinos;Mujeres;15 Coruña, A;15
034 Otros tumores malignos neurológicos y endocrinos;Mujeres;16 Cuenca;6
034 Otros tumores malignos neurológicos y endocrinos;Mujeres;20 Gipuzkoa;4
034 Otros tumores malignos neurológicos y endocrinos;Mujeres;17 Girona;5
034 Otros tumores malignos neurológicos y endocrinos;Mujeres;18 Granada;11
034 Otros tumores malignos neurológicos y endocrinos;Mujeres;19 Guadalajara;3
034 Otros tumores malignos neurológicos y endocrinos;Mujeres;21 Huelva;4
034 Otros tumores malignos neurológicos y endocrinos;Mujeres;22 Huesca;1
034 Otros tumores malignos neurológicos y endocrinos;Mujeres;23 Jaén;0
034 Otros tumores malignos neurológicos y endocrinos;Mujeres;24 León;2
034 Otros tumores malignos neurológicos y endocrinos;Mujeres;25 Lleida;4
034 Otros tumores malignos neurológicos y endocrinos;Mujeres;27 Lugo;4
034 Otros tumores malignos neurológicos y endocrinos;Mujeres;28 Madrid;38
034 Otros tumores malignos neurológicos y endocrinos;Mujeres;29 Málaga;3
034 Otros tumores malignos neurológicos y endocrinos;Mujeres;30 Murcia;11
034 Otros tumores malignos neurológicos y endocrinos;Mujeres;31 Navarra;4
034 Otros tumores malignos neurológicos y endocrinos;Mujeres;32 Ourense;8
034 Otros tumores malignos neurológicos y endocrinos;Mujeres;34 Palencia;0
034 Otros tumores malignos neurológicos y endocrinos;Mujeres;35 Palmas, Las;7
034 Otros tumores malignos neurológicos y endocrinos;Mujeres;36 Pontevedra;6
034 Otros tumores malignos neurológicos y endocrinos;Mujeres;26 Rioja, La;1
034 Otros tumores malignos neurológicos y endocrinos;Mujeres;37 Salamanca;3
034 Otros tumores malignos neurológicos y endocrinos;Mujeres;38 Santa Cruz de Tenerife;7
034 Otros tumores malignos neurológicos y endocrinos;Mujeres;40 Segovia;3
034 Otros tumores malignos neurológicos y endocrinos;Mujeres;41 Sevilla;18
034 Otros tumores malignos neurológicos y endocrinos;Mujeres;42 Soria;0
034 Otros tumores malignos neurológicos y endocrinos;Mujeres;43 Tarragona;8
034 Otros tumores malignos neurológicos y endocrinos;Mujeres;44 Teruel;0
034 Otros tumores malignos neurológicos y endocrinos;Mujeres;45 Toledo;3
034 Otros tumores malignos neurológicos y endocrinos;Mujeres;46 Valencia/València;20
034 Otros tumores malignos neurológicos y endocrinos;Mujeres;47 Valladolid;9
034 Otros tumores malignos neurológicos y endocrinos;Mujeres;49 Zamora;3
034 Otros tumores malignos neurológicos y endocrinos;Mujeres;50 Zaragoza;6
034 Otros tumores malignos neurológicos y endocrinos;Mujeres;51 Ceuta;1
034 Otros tumores malignos neurológicos y endocrinos;Mujeres;52 Melilla;1
034 Otros tumores malignos neurológicos y endocrinos;Mujeres;Extranjero;3
035 Tumor maligno de sitios mal definidos, secundarios y de sitios no especificados;Hombres;Total;2.658
035 Tumor maligno de sitios mal definidos, secundarios y de sitios no especificados;Hombres;02 Albacete;14
035 Tumor maligno de sitios mal definidos, secundarios y de sitios no especificados;Hombres;03 Alicante/Alacant;114
035 Tumor maligno de sitios mal definidos, secundarios y de sitios no especificados;Hombres;04 Almería;58
035 Tumor maligno de sitios mal definidos, secundarios y de sitios no especificados;Hombres;01 Araba/Álava;13
035 Tumor maligno de sitios mal definidos, secundarios y de sitios no especificados;Hombres;33 Asturias;55
035 Tumor maligno de sitios mal definidos, secundarios y de sitios no especificados;Hombres;05 Ávila;6
035 Tumor maligno de sitios mal definidos, secundarios y de sitios no especificados;Hombres;06 Badajoz;56
035 Tumor maligno de sitios mal definidos, secundarios y de sitios no especificados;Hombres;07 Balears, Illes;39
035 Tumor maligno de sitios mal definidos, secundarios y de sitios no especificados;Hombres;08 Barcelona;309
035 Tumor maligno de sitios mal definidos, secundarios y de sitios no especificados;Hombres;48 Bizkaia;44
035 Tumor maligno de sitios mal definidos, secundarios y de sitios no especificados;Hombres;09 Burgos;22
035 Tumor maligno de sitios mal definidos, secundarios y de sitios no especificados;Hombres;10 Cáceres;41
035 Tumor maligno de sitios mal definidos, secundarios y de sitios no especificados;Hombres;11 Cádiz;87
035 Tumor maligno de sitios mal definidos, secundarios y de sitios no especificados;Hombres;39 Cantabria;33
035 Tumor maligno de sitios mal definidos, secundarios y de sitios no especificados;Hombres;12 Castellón/Castelló;47
035 Tumor maligno de sitios mal definidos, secundarios y de sitios no especificados;Hombres;13 Ciudad Real;14
035 Tumor maligno de sitios mal definidos, secundarios y de sitios no especificados;Hombres;14 Córdoba;50
035 Tumor maligno de sitios mal definidos, secundarios y de sitios no especificados;Hombres;15 Coruña, A;92
035 Tumor maligno de sitios mal definidos, secundarios y de sitios no especificados;Hombres;16 Cuenca;6
035 Tumor maligno de sitios mal definidos, secundarios y de sitios no especificados;Hombres;20 Gipuzkoa;35
035 Tumor maligno de sitios mal definidos, secundarios y de sitios no especificados;Hombres;17 Girona;31
035 Tumor maligno de sitios mal definidos, secundarios y de sitios no especificados;Hombres;18 Granada;60
035 Tumor maligno de sitios mal definidos, secundarios y de sitios no especificados;Hombres;19 Guadalajara;4
035 Tumor maligno de sitios mal definidos, secundarios y de sitios no especificados;Hombres;21 Huelva;36
035 Tumor maligno de sitios mal definidos, secundarios y de sitios no especificados;Hombres;22 Huesca;8
035 Tumor maligno de sitios mal definidos, secundarios y de sitios no especificados;Hombres;23 Jaén;49
035 Tumor maligno de sitios mal definidos, secundarios y de sitios no especificados;Hombres;24 León;29
035 Tumor maligno de sitios mal definidos, secundarios y de sitios no especificados;Hombres;25 Lleida;25
035 Tumor maligno de sitios mal definidos, secundarios y de sitios no especificados;Hombres;27 Lugo;36
035 Tumor maligno de sitios mal definidos, secundarios y de sitios no especificados;Hombres;28 Madrid;317
035 Tumor maligno de sitios mal definidos, secundarios y de sitios no especificados;Hombres;29 Málaga;104
035 Tumor maligno de sitios mal definidos, secundarios y de sitios no especificados;Hombres;30 Murcia;99
035 Tumor maligno de sitios mal definidos, secundarios y de sitios no especificados;Hombres;31 Navarra;19
035 Tumor maligno de sitios mal definidos, secundarios y de sitios no especificados;Hombres;32 Ourense;31
035 Tumor maligno de sitios mal definidos, secundarios y de sitios no especificados;Hombres;34 Palencia;15
035 Tumor maligno de sitios mal definidos, secundarios y de sitios no especificados;Hombres;35 Palmas, Las;47
035 Tumor maligno de sitios mal definidos, secundarios y de sitios no especificados;Hombres;36 Pontevedra;82
035 Tumor maligno de sitios mal definidos, secundarios y de sitios no especificados;Hombres;26 Rioja, La;15
035 Tumor maligno de sitios mal definidos, secundarios y de sitios no especificados;Hombres;37 Salamanca;17
035 Tumor maligno de sitios mal definidos, secundarios y de sitios no especificados;Hombres;38 Santa Cruz de Tenerife;59
035 Tumor maligno de sitios mal definidos, secundarios y de sitios no especificados;Hombres;40 Segovia;11
035 Tumor maligno de sitios mal definidos, secundarios y de sitios no especificados;Hombres;41 Sevilla;120
035 Tumor maligno de sitios mal definidos, secundarios y de sitios no especificados;Hombres;42 Soria;4
035 Tumor maligno de sitios mal definidos, secundarios y de sitios no especificados;Hombres;43 Tarragona;38
035 Tumor maligno de sitios mal definidos, secundarios y de sitios no especificados;Hombres;44 Teruel;10
035 Tumor maligno de sitios mal definidos, secundarios y de sitios no especificados;Hombres;45 Toledo;24
035 Tumor maligno de sitios mal definidos, secundarios y de sitios no especificados;Hombres;46 Valencia/València;140
035 Tumor maligno de sitios mal definidos, secundarios y de sitios no especificados;Hombres;47 Valladolid;32
035 Tumor maligno de sitios mal definidos, secundarios y de sitios no especificados;Hombres;49 Zamora;8
035 Tumor maligno de sitios mal definidos, secundarios y de sitios no especificados;Hombres;50 Zaragoza;37
035 Tumor maligno de sitios mal definidos, secundarios y de sitios no especificados;Hombres;51 Ceuta;2
035 Tumor maligno de sitios mal definidos, secundarios y de sitios no especificados;Hombres;52 Melilla;2
035 Tumor maligno de sitios mal definidos, secundarios y de sitios no especificados;Hombres;Extranjero;12
035 Tumor maligno de sitios mal definidos, secundarios y de sitios no especificados;Mujeres;Total;2.213
035 Tumor maligno de sitios mal definidos, secundarios y de sitios no especificados;Mujeres;02 Albacete;19
035 Tumor maligno de sitios mal definidos, secundarios y de sitios no especificados;Mujeres;03 Alicante/Alacant;115
035 Tumor maligno de sitios mal definidos, secundarios y de sitios no especificados;Mujeres;04 Almería;43
035 Tumor maligno de sitios mal definidos, secundarios y de sitios no especificados;Mujeres;01 Araba/Álava;11
035 Tumor maligno de sitios mal definidos, secundarios y de sitios no especificados;Mujeres;33 Asturias;49
035 Tumor maligno de sitios mal definidos, secundarios y de sitios no especificados;Mujeres;05 Ávila;9
035 Tumor maligno de sitios mal definidos, secundarios y de sitios no especificados;Mujeres;06 Badajoz;49
035 Tumor maligno de sitios mal definidos, secundarios y de sitios no especificados;Mujeres;07 Balears, Illes;43
035 Tumor maligno de sitios mal definidos, secundarios y de sitios no especificados;Mujeres;08 Barcelona;180
035 Tumor maligno de sitios mal definidos, secundarios y de sitios no especificados;Mujeres;48 Bizkaia;39
035 Tumor maligno de sitios mal definidos, secundarios y de sitios no especificados;Mujeres;09 Burgos;13
035 Tumor maligno de sitios mal definidos, secundarios y de sitios no especificados;Mujeres;10 Cáceres;30
035 Tumor maligno de sitios mal definidos, secundarios y de sitios no especificados;Mujeres;11 Cádiz;64
035 Tumor maligno de sitios mal definidos, secundarios y de sitios no especificados;Mujeres;39 Cantabria;27
035 Tumor maligno de sitios mal definidos, secundarios y de sitios no especificados;Mujeres;12 Castellón/Castelló;30
035 Tumor maligno de sitios mal definidos, secundarios y de sitios no especificados;Mujeres;13 Ciudad Real;17
035 Tumor maligno de sitios mal definidos, secundarios y de sitios no especificados;Mujeres;14 Córdoba;43
035 Tumor maligno de sitios mal definidos, secundarios y de sitios no especificados;Mujeres;15 Coruña, A;70
035 Tumor maligno de sitios mal definidos, secundarios y de sitios no especificados;Mujeres;16 Cuenca;5
035 Tumor maligno de sitios mal definidos, secundarios y de sitios no especificados;Mujeres;20 Gipuzkoa;38
035 Tumor maligno de sitios mal definidos, secundarios y de sitios no especificados;Mujeres;17 Girona;24
035 Tumor maligno de sitios mal definidos, secundarios y de sitios no especificados;Mujeres;18 Granada;58
035 Tumor maligno de sitios mal definidos, secundarios y de sitios no especificados;Mujeres;19 Guadalajara;7
035 Tumor maligno de sitios mal definidos, secundarios y de sitios no especificados;Mujeres;21 Huelva;17
035 Tumor maligno de sitios mal definidos, secundarios y de sitios no especificados;Mujeres;22 Huesca;11
035 Tumor maligno de sitios mal definidos, secundarios y de sitios no especificados;Mujeres;23 Jaén;36
035 Tumor maligno de sitios mal definidos, secundarios y de sitios no especificados;Mujeres;24 León;25
035 Tumor maligno de sitios mal definidos, secundarios y de sitios no especificados;Mujeres;25 Lleida;19
035 Tumor maligno de sitios mal definidos, secundarios y de sitios no especificados;Mujeres;27 Lugo;31
035 Tumor maligno de sitios mal definidos, secundarios y de sitios no especificados;Mujeres;28 Madrid;276
035 Tumor maligno de sitios mal definidos, secundarios y de sitios no especificados;Mujeres;29 Málaga;86
035 Tumor maligno de sitios mal definidos, secundarios y de sitios no especificados;Mujeres;30 Murcia;73
035 Tumor maligno de sitios mal definidos, secundarios y de sitios no especificados;Mujeres;31 Navarra;21
035 Tumor maligno de sitios mal definidos, secundarios y de sitios no especificados;Mujeres;32 Ourense;35
035 Tumor maligno de sitios mal definidos, secundarios y de sitios no especificados;Mujeres;34 Palencia;13
035 Tumor maligno de sitios mal definidos, secundarios y de sitios no especificados;Mujeres;35 Palmas, Las;58
035 Tumor maligno de sitios mal definidos, secundarios y de sitios no especificados;Mujeres;36 Pontevedra;56
035 Tumor maligno de sitios mal definidos, secundarios y de sitios no especificados;Mujeres;26 Rioja, La;19
035 Tumor maligno de sitios mal definidos, secundarios y de sitios no especificados;Mujeres;37 Salamanca;19
035 Tumor maligno de sitios mal definidos, secundarios y de sitios no especificados;Mujeres;38 Santa Cruz de Tenerife;48
035 Tumor maligno de sitios mal definidos, secundarios y de sitios no especificados;Mujeres;40 Segovia;13
035 Tumor maligno de sitios mal definidos, secundarios y de sitios no especificados;Mujeres;41 Sevilla;88
035 Tumor maligno de sitios mal definidos, secundarios y de sitios no especificados;Mujeres;42 Soria;4
035 Tumor maligno de sitios mal definidos, secundarios y de sitios no especificados;Mujeres;43 Tarragona;47
035 Tumor maligno de sitios mal definidos, secundarios y de sitios no especificados;Mujeres;44 Teruel;10
035 Tumor maligno de sitios mal definidos, secundarios y de sitios no especificados;Mujeres;45 Toledo;21
035 Tumor maligno de sitios mal definidos, secundarios y de sitios no especificados;Mujeres;46 Valencia/València;123
035 Tumor maligno de sitios mal definidos, secundarios y de sitios no especificados;Mujeres;47 Valladolid;36
035 Tumor maligno de sitios mal definidos, secundarios y de sitios no especificados;Mujeres;49 Zamora;8
035 Tumor maligno de sitios mal definidos, secundarios y de sitios no especificados;Mujeres;50 Zaragoza;27
035 Tumor maligno de sitios mal definidos, secundarios y de sitios no especificados;Mujeres;51 Ceuta;5
035 Tumor maligno de sitios mal definidos, secundarios y de sitios no especificados;Mujeres;52 Melilla;2
035 Tumor maligno de sitios mal definidos, secundarios y de sitios no especificados;Mujeres;Extranjero;3
036 Tumores malignos del tejido linfático, de los órganos hematopoyéticos y de tejidos afines, excepto leucemia;Hombres;Total;2.786
036 Tumores malignos del tejido linfático, de los órganos hematopoyéticos y de tejidos afines, excepto leucemia;Hombres;02 Albacete;29
036 Tumores malignos del tejido linfático, de los órganos hematopoyéticos y de tejidos afines, excepto leucemia;Hombres;03 Alicante/Alacant;94
036 Tumores malignos del tejido linfático, de los órganos hematopoyéticos y de tejidos afines, excepto leucemia;Hombres;04 Almería;41
036 Tumores malignos del tejido linfático, de los órganos hematopoyéticos y de tejidos afines, excepto leucemia;Hombres;01 Araba/Álava;27
036 Tumores malignos del tejido linfático, de los órganos hematopoyéticos y de tejidos afines, excepto leucemia;Hombres;33 Asturias;96
036 Tumores malignos del tejido linfático, de los órganos hematopoyéticos y de tejidos afines, excepto leucemia;Hombres;05 Ávila;17
036 Tumores malignos del tejido linfático, de los órganos hematopoyéticos y de tejidos afines, excepto leucemia;Hombres;06 Badajoz;40
036 Tumores malignos del tejido linfático, de los órganos hematopoyéticos y de tejidos afines, excepto leucemia;Hombres;07 Balears, Illes;53
036 Tumores malignos del tejido linfático, de los órganos hematopoyéticos y de tejidos afines, excepto leucemia;Hombres;08 Barcelona;340
036 Tumores malignos del tejido linfático, de los órganos hematopoyéticos y de tejidos afines, excepto leucemia;Hombres;48 Bizkaia;89
036 Tumores malignos del tejido linfático, de los órganos hematopoyéticos y de tejidos afines, excepto leucemia;Hombres;09 Burgos;21
036 Tumores malignos del tejido linfático, de los órganos hematopoyéticos y de tejidos afines, excepto leucemia;Hombres;10 Cáceres;18
036 Tumores malignos del tejido linfático, de los órganos hematopoyéticos y de tejidos afines, excepto leucemia;Hombres;11 Cádiz;66
036 Tumores malignos del tejido linfático, de los órganos hematopoyéticos y de tejidos afines, excepto leucemia;Hombres;39 Cantabria;37
036 Tumores malignos del tejido linfático, de los órganos hematopoyéticos y de tejidos afines, excepto leucemia;Hombres;12 Castellón/Castelló;28
036 Tumores malignos del tejido linfático, de los órganos hematopoyéticos y de tejidos afines, excepto leucemia;Hombres;13 Ciudad Real;28
036 Tumores malignos del tejido linfático, de los órganos hematopoyéticos y de tejidos afines, excepto leucemia;Hombres;14 Córdoba;45
036 Tumores malignos del tejido linfático, de los órganos hematopoyéticos y de tejidos afines, excepto leucemia;Hombres;15 Coruña, A;96
036 Tumores malignos del tejido linfático, de los órganos hematopoyéticos y de tejidos afines, excepto leucemia;Hombres;16 Cuenca;11
036 Tumores malignos del tejido linfático, de los órganos hematopoyéticos y de tejidos afines, excepto leucemia;Hombres;20 Gipuzkoa;49
036 Tumores malignos del tejido linfático, de los órganos hematopoyéticos y de tejidos afines, excepto leucemia;Hombres;17 Girona;68
036 Tumores malignos del tejido linfático, de los órganos hematopoyéticos y de tejidos afines, excepto leucemia;Hombres;18 Granada;59
036 Tumores malignos del tejido linfático, de los órganos hematopoyéticos y de tejidos afines, excepto leucemia;Hombres;19 Guadalajara;10
036 Tumores malignos del tejido linfático, de los órganos hematopoyéticos y de tejidos afines, excepto leucemia;Hombres;21 Huelva;20
036 Tumores malignos del tejido linfático, de los órganos hematopoyéticos y de tejidos afines, excepto leucemia;Hombres;22 Huesca;12
036 Tumores malignos del tejido linfático, de los órganos hematopoyéticos y de tejidos afines, excepto leucemia;Hombres;23 Jaén;35
036 Tumores malignos del tejido linfático, de los órganos hematopoyéticos y de tejidos afines, excepto leucemia;Hombres;24 León;37
036 Tumores malignos del tejido linfático, de los órganos hematopoyéticos y de tejidos afines, excepto leucemia;Hombres;25 Lleida;23
036 Tumores malignos del tejido linfático, de los órganos hematopoyéticos y de tejidos afines, excepto leucemia;Hombres;27 Lugo;28
036 Tumores malignos del tejido linfático, de los órganos hematopoyéticos y de tejidos afines, excepto leucemia;Hombres;28 Madrid;339
036 Tumores malignos del tejido linfático, de los órganos hematopoyéticos y de tejidos afines, excepto leucemia;Hombres;29 Málaga;69
036 Tumores malignos del tejido linfático, de los órganos hematopoyéticos y de tejidos afines, excepto leucemia;Hombres;30 Murcia;81
036 Tumores malignos del tejido linfático, de los órganos hematopoyéticos y de tejidos afines, excepto leucemia;Hombres;31 Navarra;46
036 Tumores malignos del tejido linfático, de los órganos hematopoyéticos y de tejidos afines, excepto leucemia;Hombres;32 Ourense;27
036 Tumores malignos del tejido linfático, de los órganos hematopoyéticos y de tejidos afines, excepto leucemia;Hombres;34 Palencia;16
036 Tumores malignos del tejido linfático, de los órganos hematopoyéticos y de tejidos afines, excepto leucemia;Hombres;35 Palmas, Las;53
036 Tumores malignos del tejido linfático, de los órganos hematopoyéticos y de tejidos afines, excepto leucemia;Hombres;36 Pontevedra;77
036 Tumores malignos del tejido linfático, de los órganos hematopoyéticos y de tejidos afines, excepto leucemia;Hombres;26 Rioja, La;15
036 Tumores malignos del tejido linfático, de los órganos hematopoyéticos y de tejidos afines, excepto leucemia;Hombres;37 Salamanca;23
036 Tumores malignos del tejido linfático, de los órganos hematopoyéticos y de tejidos afines, excepto leucemia;Hombres;38 Santa Cruz de Tenerife;55
036 Tumores malignos del tejido linfático, de los órganos hematopoyéticos y de tejidos afines, excepto leucemia;Hombres;40 Segovia;10
036 Tumores malignos del tejido linfático, de los órganos hematopoyéticos y de tejidos afines, excepto leucemia;Hombres;41 Sevilla;101
036 Tumores malignos del tejido linfático, de los órganos hematopoyéticos y de tejidos afines, excepto leucemia;Hombres;42 Soria;8
036 Tumores malignos del tejido linfático, de los órganos hematopoyéticos y de tejidos afines, excepto leucemia;Hombres;43 Tarragona;47
036 Tumores malignos del tejido linfático, de los órganos hematopoyéticos y de tejidos afines, excepto leucemia;Hombres;44 Teruel;6
036 Tumores malignos del tejido linfático, de los órganos hematopoyéticos y de tejidos afines, excepto leucemia;Hombres;45 Toledo;42
036 Tumores malignos del tejido linfático, de los órganos hematopoyéticos y de tejidos afines, excepto leucemia;Hombres;46 Valencia/València;130
036 Tumores malignos del tejido linfático, de los órganos hematopoyéticos y de tejidos afines, excepto leucemia;Hombres;47 Valladolid;28
036 Tumores malignos del tejido linfático, de los órganos hematopoyéticos y de tejidos afines, excepto leucemia;Hombres;49 Zamora;23
036 Tumores malignos del tejido linfático, de los órganos hematopoyéticos y de tejidos afines, excepto leucemia;Hombres;50 Zaragoza;57
036 Tumores malignos del tejido linfático, de los órganos hematopoyéticos y de tejidos afines, excepto leucemia;Hombres;51 Ceuta;4
036 Tumores malignos del tejido linfático, de los órganos hematopoyéticos y de tejidos afines, excepto leucemia;Hombres;52 Melilla;2
036 Tumores malignos del tejido linfático, de los órganos hematopoyéticos y de tejidos afines, excepto leucemia;Hombres;Extranjero;10
036 Tumores malignos del tejido linfático, de los órganos hematopoyéticos y de tejidos afines, excepto leucemia;Mujeres;Total;2.338
036 Tumores malignos del tejido linfático, de los órganos hematopoyéticos y de tejidos afines, excepto leucemia;Mujeres;02 Albacete;17
036 Tumores malignos del tejido linfático, de los órganos hematopoyéticos y de tejidos afines, excepto leucemia;Mujeres;03 Alicante/Alacant;69
036 Tumores malignos del tejido linfático, de los órganos hematopoyéticos y de tejidos afines, excepto leucemia;Mujeres;04 Almería;41
036 Tumores malignos del tejido linfático, de los órganos hematopoyéticos y de tejidos afines, excepto leucemia;Mujeres;01 Araba/Álava;12
036 Tumores malignos del tejido linfático, de los órganos hematopoyéticos y de tejidos afines, excepto leucemia;Mujeres;33 Asturias;74
036 Tumores malignos del tejido linfático, de los órganos hematopoyéticos y de tejidos afines, excepto leucemia;Mujeres;05 Ávila;5
036 Tumores malignos del tejido linfático, de los órganos hematopoyéticos y de tejidos afines, excepto leucemia;Mujeres;06 Badajoz;24
036 Tumores malignos del tejido linfático, de los órganos hematopoyéticos y de tejidos afines, excepto leucemia;Mujeres;07 Balears, Illes;44
036 Tumores malignos del tejido linfático, de los órganos hematopoyéticos y de tejidos afines, excepto leucemia;Mujeres;08 Barcelona;293
036 Tumores malignos del tejido linfático, de los órganos hematopoyéticos y de tejidos afines, excepto leucemia;Mujeres;48 Bizkaia;83
036 Tumores malignos del tejido linfático, de los órganos hematopoyéticos y de tejidos afines, excepto leucemia;Mujeres;09 Burgos;21
036 Tumores malignos del tejido linfático, de los órganos hematopoyéticos y de tejidos afines, excepto leucemia;Mujeres;10 Cáceres;25
036 Tumores malignos del tejido linfático, de los órganos hematopoyéticos y de tejidos afines, excepto leucemia;Mujeres;11 Cádiz;62
036 Tumores malignos del tejido linfático, de los órganos hematopoyéticos y de tejidos afines, excepto leucemia;Mujeres;39 Cantabria;35
036 Tumores malignos del tejido linfático, de los órganos hematopoyéticos y de tejidos afines, excepto leucemia;Mujeres;12 Castellón/Castelló;21
036 Tumores malignos del tejido linfático, de los órganos hematopoyéticos y de tejidos afines, excepto leucemia;Mujeres;13 Ciudad Real;23
036 Tumores malignos del tejido linfático, de los órganos hematopoyéticos y de tejidos afines, excepto leucemia;Mujeres;14 Córdoba;34
036 Tumores malignos del tejido linfático, de los órganos hematopoyéticos y de tejidos afines, excepto leucemia;Mujeres;15 Coruña, A;68
036 Tumores malignos del tejido linfático, de los órganos hematopoyéticos y de tejidos afines, excepto leucemia;Mujeres;16 Cuenca;13
036 Tumores malignos del tejido linfático, de los órganos hematopoyéticos y de tejidos afines, excepto leucemia;Mujeres;20 Gipuzkoa;54
036 Tumores malignos del tejido linfático, de los órganos hematopoyéticos y de tejidos afines, excepto leucemia;Mujeres;17 Girona;45
036 Tumores malignos del tejido linfático, de los órganos hematopoyéticos y de tejidos afines, excepto leucemia;Mujeres;18 Granada;46
036 Tumores malignos del tejido linfático, de los órganos hematopoyéticos y de tejidos afines, excepto leucemia;Mujeres;19 Guadalajara;9
036 Tumores malignos del tejido linfático, de los órganos hematopoyéticos y de tejidos afines, excepto leucemia;Mujeres;21 Huelva;20
036 Tumores malignos del tejido linfático, de los órganos hematopoyéticos y de tejidos afines, excepto leucemia;Mujeres;22 Huesca;14
036 Tumores malignos del tejido linfático, de los órganos hematopoyéticos y de tejidos afines, excepto leucemia;Mujeres;23 Jaén;28
036 Tumores malignos del tejido linfático, de los órganos hematopoyéticos y de tejidos afines, excepto leucemia;Mujeres;24 León;35
036 Tumores malignos del tejido linfático, de los órganos hematopoyéticos y de tejidos afines, excepto leucemia;Mujeres;25 Lleida;20
036 Tumores malignos del tejido linfático, de los órganos hematopoyéticos y de tejidos afines, excepto leucemia;Mujeres;27 Lugo;26
036 Tumores malignos del tejido linfático, de los órganos hematopoyéticos y de tejidos afines, excepto leucemia;Mujeres;28 Madrid;310
036 Tumores malignos del tejido linfático, de los órganos hematopoyéticos y de tejidos afines, excepto leucemia;Mujeres;29 Málaga;62
036 Tumores malignos del tejido linfático, de los órganos hematopoyéticos y de tejidos afines, excepto leucemia;Mujeres;30 Murcia;69
036 Tumores malignos del tejido linfático, de los órganos hematopoyéticos y de tejidos afines, excepto leucemia;Mujeres;31 Navarra;28
036 Tumores malignos del tejido linfático, de los órganos hematopoyéticos y de tejidos afines, excepto leucemia;Mujeres;32 Ourense;30
036 Tumores malignos del tejido linfático, de los órganos hematopoyéticos y de tejidos afines, excepto leucemia;Mujeres;34 Palencia;8
036 Tumores malignos del tejido linfático, de los órganos hematopoyéticos y de tejidos afines, excepto leucemia;Mujeres;35 Palmas, Las;42
036 Tumores malignos del tejido linfático, de los órganos hematopoyéticos y de tejidos afines, excepto leucemia;Mujeres;36 Pontevedra;61
036 Tumores malignos del tejido linfático, de los órganos hematopoyéticos y de tejidos afines, excepto leucemia;Mujeres;26 Rioja, La;30
036 Tumores malignos del tejido linfático, de los órganos hematopoyéticos y de tejidos afines, excepto leucemia;Mujeres;37 Salamanca;23
036 Tumores malignos del tejido linfático, de los órganos hematopoyéticos y de tejidos afines, excepto leucemia;Mujeres;38 Santa Cruz de Tenerife;46
036 Tumores malignos del tejido linfático, de los órganos hematopoyéticos y de tejidos afines, excepto leucemia;Mujeres;40 Segovia;11
036 Tumores malignos del tejido linfático, de los órganos hematopoyéticos y de tejidos afines, excepto leucemia;Mujeres;41 Sevilla;61
036 Tumores malignos del tejido linfático, de los órganos hematopoyéticos y de tejidos afines, excepto leucemia;Mujeres;42 Soria;8
036 Tumores malignos del tejido linfático, de los órganos hematopoyéticos y de tejidos afines, excepto leucemia;Mujeres;43 Tarragona;49
036 Tumores malignos del tejido linfático, de los órganos hematopoyéticos y de tejidos afines, excepto leucemia;Mujeres;44 Teruel;7
036 Tumores malignos del tejido linfático, de los órganos hematopoyéticos y de tejidos afines, excepto leucemia;Mujeres;45 Toledo;33
036 Tumores malignos del tejido linfático, de los órganos hematopoyéticos y de tejidos afines, excepto leucemia;Mujeres;46 Valencia/València;107
036 Tumores malignos del tejido linfático, de los órganos hematopoyéticos y de tejidos afines, excepto leucemia;Mujeres;47 Valladolid;16
036 Tumores malignos del tejido linfático, de los órganos hematopoyéticos y de tejidos afines, excepto leucemia;Mujeres;49 Zamora;10
036 Tumores malignos del tejido linfático, de los órganos hematopoyéticos y de tejidos afines, excepto leucemia;Mujeres;50 Zaragoza;50
036 Tumores malignos del tejido linfático, de los órganos hematopoyéticos y de tejidos afines, excepto leucemia;Mujeres;51 Ceuta;2
036 Tumores malignos del tejido linfático, de los órganos hematopoyéticos y de tejidos afines, excepto leucemia;Mujeres;52 Melilla;3
036 Tumores malignos del tejido linfático, de los órganos hematopoyéticos y de tejidos afines, excepto leucemia;Mujeres;Extranjero;11
037 Leucemia;Hombres;Total;1.951
037 Leucemia;Hombres;02 Albacete;21
037 Leucemia;Hombres;03 Alicante/Alacant;48
037 Leucemia;Hombres;04 Almería;18
037 Leucemia;Hombres;01 Araba/Álava;12
037 Leucemia;Hombres;33 Asturias;61
037 Leucemia;Hombres;05 Ávila;10
037 Leucemia;Hombres;06 Badajoz;35
037 Leucemia;Hombres;07 Balears, Illes;34
037 Leucemia;Hombres;08 Barcelona;237
037 Leucemia;Hombres;48 Bizkaia;58
037 Leucemia;Hombres;09 Burgos;17
037 Leucemia;Hombres;10 Cáceres;22
037 Leucemia;Hombres;11 Cádiz;32
037 Leucemia;Hombres;39 Cantabria;24
037 Leucemia;Hombres;12 Castellón/Castelló;18
037 Leucemia;Hombres;13 Ciudad Real;28
037 Leucemia;Hombres;14 Córdoba;31
037 Leucemia;Hombres;15 Coruña, A;56
037 Leucemia;Hombres;16 Cuenca;14
037 Leucemia;Hombres;20 Gipuzkoa;33
037 Leucemia;Hombres;17 Girona;21
037 Leucemia;Hombres;18 Granada;39
037 Leucemia;Hombres;19 Guadalajara;10
037 Leucemia;Hombres;21 Huelva;12
037 Leucemia;Hombres;22 Huesca;13
037 Leucemia;Hombres;23 Jaén;26
037 Leucemia;Hombres;24 León;31
037 Leucemia;Hombres;25 Lleida;19
037 Leucemia;Hombres;27 Lugo;24
037 Leucemia;Hombres;28 Madrid;278
037 Leucemia;Hombres;29 Málaga;49
037 Leucemia;Hombres;30 Murcia;49
037 Leucemia;Hombres;31 Navarra;21
037 Leucemia;Hombres;32 Ourense;25
037 Leucemia;Hombres;34 Palencia;6
037 Leucemia;Hombres;35 Palmas, Las;43
037 Leucemia;Hombres;36 Pontevedra;33
037 Leucemia;Hombres;26 Rioja, La;18
037 Leucemia;Hombres;37 Salamanca;33
037 Leucemia;Hombres;38 Santa Cruz de Tenerife;44
037 Leucemia;Hombres;40 Segovia;2
037 Leucemia;Hombres;41 Sevilla;59
037 Leucemia;Hombres;42 Soria;2
037 Leucemia;Hombres;43 Tarragona;31
037 Leucemia;Hombres;44 Teruel;12
037 Leucemia;Hombres;45 Toledo;27
037 Leucemia;Hombres;46 Valencia/València;107
037 Leucemia;Hombres;47 Valladolid;40
037 Leucemia;Hombres;49 Zamora;17
037 Leucemia;Hombres;50 Zaragoza;37
037 Leucemia;Hombres;51 Ceuta;2
037 Leucemia;Hombres;52 Melilla;0
037 Leucemia;Hombres;Extranjero;12
037 Leucemia;Mujeres;Total;1.448
037 Leucemia;Mujeres;02 Albacete;12
037 Leucemia;Mujeres;03 Alicante/Alacant;47
037 Leucemia;Mujeres;04 Almería;21
037 Leucemia;Mujeres;01 Araba/Álava;12
037 Leucemia;Mujeres;33 Asturias;47
037 Leucemia;Mujeres;05 Ávila;10
037 Leucemia;Mujeres;06 Badajoz;25
037 Leucemia;Mujeres;07 Balears, Illes;35
037 Leucemia;Mujeres;08 Barcelona;158
037 Leucemia;Mujeres;48 Bizkaia;37
037 Leucemia;Mujeres;09 Burgos;9
037 Leucemia;Mujeres;10 Cáceres;15
037 Leucemia;Mujeres;11 Cádiz;32
037 Leucemia;Mujeres;39 Cantabria;15
037 Leucemia;Mujeres;12 Castellón/Castelló;26
037 Leucemia;Mujeres;13 Ciudad Real;13
037 Leucemia;Mujeres;14 Córdoba;15
037 Leucemia;Mujeres;15 Coruña, A;46
037 Leucemia;Mujeres;16 Cuenca;3
037 Leucemia;Mujeres;20 Gipuzkoa;22
037 Leucemia;Mujeres;17 Girona;23
037 Leucemia;Mujeres;18 Granada;17
037 Leucemia;Mujeres;19 Guadalajara;7
037 Leucemia;Mujeres;21 Huelva;24
037 Leucemia;Mujeres;22 Huesca;10
037 Leucemia;Mujeres;23 Jaén;15
037 Leucemia;Mujeres;24 León;22
037 Leucemia;Mujeres;25 Lleida;15
037 Leucemia;Mujeres;27 Lugo;21
037 Leucemia;Mujeres;28 Madrid;201
037 Leucemia;Mujeres;29 Málaga;49
037 Leucemia;Mujeres;30 Murcia;36
037 Leucemia;Mujeres;31 Navarra;18
037 Leucemia;Mujeres;32 Ourense;15
037 Leucemia;Mujeres;34 Palencia;3
037 Leucemia;Mujeres;35 Palmas, Las;21
037 Leucemia;Mujeres;36 Pontevedra;39
037 Leucemia;Mujeres;26 Rioja, La;7
037 Leucemia;Mujeres;37 Salamanca;11
037 Leucemia;Mujeres;38 Santa Cruz de Tenerife;34
037 Leucemia;Mujeres;40 Segovia;5
037 Leucemia;Mujeres;41 Sevilla;54
037 Leucemia;Mujeres;42 Soria;3
037 Leucemia;Mujeres;43 Tarragona;18
037 Leucemia;Mujeres;44 Teruel;4
037 Leucemia;Mujeres;45 Toledo;26
037 Leucemia;Mujeres;46 Valencia/València;67
037 Leucemia;Mujeres;47 Valladolid;18
037 Leucemia;Mujeres;49 Zamora;4
037 Leucemia;Mujeres;50 Zaragoza;48
037 Leucemia;Mujeres;51 Ceuta;1
037 Leucemia;Mujeres;52 Melilla;2
037 Leucemia;Mujeres;Extranjero;10
038 Tumores in situ;Hombres;Total;6
038 Tumores in situ;Hombres;02 Albacete;0
038 Tumores in situ;Hombres;03 Alicante/Alacant;0
038 Tumores in situ;Hombres;04 Almería;0
038 Tumores in situ;Hombres;01 Araba/Álava;0
038 Tumores in situ;Hombres;33 Asturias;0
038 Tumores in situ;Hombres;05 Ávila;0
038 Tumores in situ;Hombres;06 Badajoz;0
038 Tumores in situ;Hombres;07 Balears, Illes;0
038 Tumores in situ;Hombres;08 Barcelona;2
038 Tumores in situ;Hombres;48 Bizkaia;0
038 Tumores in situ;Hombres;09 Burgos;0
038 Tumores in situ;Hombres;10 Cáceres;0
038 Tumores in situ;Hombres;11 Cádiz;0
038 Tumores in situ;Hombres;39 Cantabria;0
038 Tumores in situ;Hombres;12 Castellón/Castelló;0
038 Tumores in situ;Hombres;13 Ciudad Real;0
038 Tumores in situ;Hombres;14 Córdoba;0
038 Tumores in situ;Hombres;15 Coruña, A;0
038 Tumores in situ;Hombres;16 Cuenca;1
038 Tumores in situ;Hombres;20 Gipuzkoa;0
038 Tumores in situ;Hombres;17 Girona;0
038 Tumores in situ;Hombres;18 Granada;0
038 Tumores in situ;Hombres;19 Guadalajara;0
038 Tumores in situ;Hombres;21 Huelva;0
038 Tumores in situ;Hombres;22 Huesca;0
038 Tumores in situ;Hombres;23 Jaén;0
038 Tumores in situ;Hombres;24 León;0
038 Tumores in situ;Hombres;25 Lleida;1
038 Tumores in situ;Hombres;27 Lugo;0
038 Tumores in situ;Hombres;28 Madrid;0
038 Tumores in situ;Hombres;29 Málaga;0
038 Tumores in situ;Hombres;30 Murcia;0
038 Tumores in situ;Hombres;31 Navarra;0
038 Tumores in situ;Hombres;32 Ourense;0
038 Tumores in situ;Hombres;34 Palencia;0
038 Tumores in situ;Hombres;35 Palmas, Las;1
038 Tumores in situ;Hombres;36 Pontevedra;0
038 Tumores in situ;Hombres;26 Rioja, La;0
038 Tumores in situ;Hombres;37 Salamanca;0
038 Tumores in situ;Hombres;38 Santa Cruz de Tenerife;0
038 Tumores in situ;Hombres;40 Segovia;0
038 Tumores in situ;Hombres;41 Sevilla;0
038 Tumores in situ;Hombres;42 Soria;0
038 Tumores in situ;Hombres;43 Tarragona;1
038 Tumores in situ;Hombres;44 Teruel;0
038 Tumores in situ;Hombres;45 Toledo;0
038 Tumores in situ;Hombres;46 Valencia/València;0
038 Tumores in situ;Hombres;47 Valladolid;0
038 Tumores in situ;Hombres;49 Zamora;0
038 Tumores in situ;Hombres;50 Zaragoza;0
038 Tumores in situ;Hombres;51 Ceuta;0
038 Tumores in situ;Hombres;52 Melilla;0
038 Tumores in situ;Hombres;Extranjero;0
038 Tumores in situ;Mujeres;Total;5
038 Tumores in situ;Mujeres;02 Albacete;0
038 Tumores in situ;Mujeres;03 Alicante/Alacant;1
038 Tumores in situ;Mujeres;04 Almería;0
038 Tumores in situ;Mujeres;01 Araba/Álava;0
038 Tumores in situ;Mujeres;33 Asturias;0
038 Tumores in situ;Mujeres;05 Ávila;0
038 Tumores in situ;Mujeres;06 Badajoz;0
038 Tumores in situ;Mujeres;07 Balears, Illes;0
038 Tumores in situ;Mujeres;08 Barcelona;1
038 Tumores in situ;Mujeres;48 Bizkaia;0
038 Tumores in situ;Mujeres;09 Burgos;0
038 Tumores in situ;Mujeres;10 Cáceres;0
038 Tumores in situ;Mujeres;11 Cádiz;0
038 Tumores in situ;Mujeres;39 Cantabria;0
038 Tumores in situ;Mujeres;12 Castellón/Castelló;0
038 Tumores in situ;Mujeres;13 Ciudad Real;0
038 Tumores in situ;Mujeres;14 Córdoba;0
038 Tumores in situ;Mujeres;15 Coruña, A;0
038 Tumores in situ;Mujeres;16 Cuenca;0
038 Tumores in situ;Mujeres;20 Gipuzkoa;0
038 Tumores in situ;Mujeres;17 Girona;1
038 Tumores in situ;Mujeres;18 Granada;0
038 Tumores in situ;Mujeres;19 Guadalajara;0
038 Tumores in situ;Mujeres;21 Huelva;0
038 Tumores in situ;Mujeres;22 Huesca;0
038 Tumores in situ;Mujeres;23 Jaén;0
038 Tumores in situ;Mujeres;24 León;0
038 Tumores in situ;Mujeres;25 Lleida;0
038 Tumores in situ;Mujeres;27 Lugo;0
038 Tumores in situ;Mujeres;28 Madrid;1
038 Tumores in situ;Mujeres;29 Málaga;0
038 Tumores in situ;Mujeres;30 Murcia;0
038 Tumores in situ;Mujeres;31 Navarra;0
038 Tumores in situ;Mujeres;32 Ourense;0
038 Tumores in situ;Mujeres;34 Palencia;0
038 Tumores in situ;Mujeres;35 Palmas, Las;0
038 Tumores in situ;Mujeres;36 Pontevedra;0
038 Tumores in situ;Mujeres;26 Rioja, La;0
038 Tumores in situ;Mujeres;37 Salamanca;1
038 Tumores in situ;Mujeres;38 Santa Cruz de Tenerife;0
038 Tumores in situ;Mujeres;40 Segovia;0
038 Tumores in situ;Mujeres;41 Sevilla;0
038 Tumores in situ;Mujeres;42 Soria;0
038 Tumores in situ;Mujeres;43 Tarragona;0
038 Tumores in situ;Mujeres;44 Teruel;0
038 Tumores in situ;Mujeres;45 Toledo;0
038 Tumores in situ;Mujeres;46 Valencia/València;0
038 Tumores in situ;Mujeres;47 Valladolid;0
038 Tumores in situ;Mujeres;49 Zamora;0
038 Tumores in situ;Mujeres;50 Zaragoza;0
038 Tumores in situ;Mujeres;51 Ceuta;0
038 Tumores in situ;Mujeres;52 Melilla;0
038 Tumores in situ;Mujeres;Extranjero;0
039 Tumores benignos;Hombres;Total;249
039 Tumores benignos;Hombres;02 Albacete;1
039 Tumores benignos;Hombres;03 Alicante/Alacant;9
039 Tumores benignos;Hombres;04 Almería;5
039 Tumores benignos;Hombres;01 Araba/Álava;4
039 Tumores benignos;Hombres;33 Asturias;12
039 Tumores benignos;Hombres;05 Ávila;2
039 Tumores benignos;Hombres;06 Badajoz;7
039 Tumores benignos;Hombres;07 Balears, Illes;5
039 Tumores benignos;Hombres;08 Barcelona;21
039 Tumores benignos;Hombres;48 Bizkaia;11
039 Tumores benignos;Hombres;09 Burgos;0
039 Tumores benignos;Hombres;10 Cáceres;3
039 Tumores benignos;Hombres;11 Cádiz;5
039 Tumores benignos;Hombres;39 Cantabria;4
039 Tumores benignos;Hombres;12 Castellón/Castelló;2
039 Tumores benignos;Hombres;13 Ciudad Real;5
039 Tumores benignos;Hombres;14 Córdoba;4
039 Tumores benignos;Hombres;15 Coruña, A;3
039 Tumores benignos;Hombres;16 Cuenca;0
039 Tumores benignos;Hombres;20 Gipuzkoa;4
039 Tumores benignos;Hombres;17 Girona;4
039 Tumores benignos;Hombres;18 Granada;0
039 Tumores benignos;Hombres;19 Guadalajara;1
039 Tumores benignos;Hombres;21 Huelva;4
039 Tumores benignos;Hombres;22 Huesca;2
039 Tumores benignos;Hombres;23 Jaén;3
039 Tumores benignos;Hombres;24 León;4
039 Tumores benignos;Hombres;25 Lleida;3
039 Tumores benignos;Hombres;27 Lugo;4
039 Tumores benignos;Hombres;28 Madrid;26
039 Tumores benignos;Hombres;29 Málaga;9
039 Tumores benignos;Hombres;30 Murcia;9
039 Tumores benignos;Hombres;31 Navarra;1
039 Tumores benignos;Hombres;32 Ourense;2
039 Tumores benignos;Hombres;34 Palencia;2
039 Tumores benignos;Hombres;35 Palmas, Las;4
039 Tumores benignos;Hombres;36 Pontevedra;8
039 Tumores benignos;Hombres;26 Rioja, La;3
039 Tumores benignos;Hombres;37 Salamanca;2
039 Tumores benignos;Hombres;38 Santa Cruz de Tenerife;4
039 Tumores benignos;Hombres;40 Segovia;3
039 Tumores benignos;Hombres;41 Sevilla;5
039 Tumores benignos;Hombres;42 Soria;2
039 Tumores benignos;Hombres;43 Tarragona;2
039 Tumores benignos;Hombres;44 Teruel;2
039 Tumores benignos;Hombres;45 Toledo;6
039 Tumores benignos;Hombres;46 Valencia/València;12
039 Tumores benignos;Hombres;47 Valladolid;4
039 Tumores benignos;Hombres;49 Zamora;3
039 Tumores benignos;Hombres;50 Zaragoza;8
039 Tumores benignos;Hombres;51 Ceuta;0
039 Tumores benignos;Hombres;52 Melilla;0
039 Tumores benignos;Hombres;Extranjero;0
039 Tumores benignos;Mujeres;Total;311
039 Tumores benignos;Mujeres;02 Albacete;2
039 Tumores benignos;Mujeres;03 Alicante/Alacant;10
039 Tumores benignos;Mujeres;04 Almería;2
039 Tumores benignos;Mujeres;01 Araba/Álava;1
039 Tumores benignos;Mujeres;33 Asturias;18
039 Tumores benignos;Mujeres;05 Ávila;1
039 Tumores benignos;Mujeres;06 Badajoz;8
039 Tumores benignos;Mujeres;07 Balears, Illes;7
039 Tumores benignos;Mujeres;08 Barcelona;29
039 Tumores benignos;Mujeres;48 Bizkaia;8
039 Tumores benignos;Mujeres;09 Burgos;3
039 Tumores benignos;Mujeres;10 Cáceres;2
039 Tumores benignos;Mujeres;11 Cádiz;9
039 Tumores benignos;Mujeres;39 Cantabria;6
039 Tumores benignos;Mujeres;12 Castellón/Castelló;3
039 Tumores benignos;Mujeres;13 Ciudad Real;1
039 Tumores benignos;Mujeres;14 Córdoba;3
039 Tumores benignos;Mujeres;15 Coruña, A;4
039 Tumores benignos;Mujeres;16 Cuenca;0
039 Tumores benignos;Mujeres;20 Gipuzkoa;5
039 Tumores benignos;Mujeres;17 Girona;3
039 Tumores benignos;Mujeres;18 Granada;5
039 Tumores benignos;Mujeres;19 Guadalajara;2
039 Tumores benignos;Mujeres;21 Huelva;2
039 Tumores benignos;Mujeres;22 Huesca;2
039 Tumores benignos;Mujeres;23 Jaén;11
039 Tumores benignos;Mujeres;24 León;5
039 Tumores benignos;Mujeres;25 Lleida;3
039 Tumores benignos;Mujeres;27 Lugo;2
039 Tumores benignos;Mujeres;28 Madrid;48
039 Tumores benignos;Mujeres;29 Málaga;4
039 Tumores benignos;Mujeres;30 Murcia;6
039 Tumores benignos;Mujeres;31 Navarra;8
039 Tumores benignos;Mujeres;32 Ourense;3
039 Tumores benignos;Mujeres;34 Palencia;2
039 Tumores benignos;Mujeres;35 Palmas, Las;9
039 Tumores benignos;Mujeres;36 Pontevedra;7
039 Tumores benignos;Mujeres;26 Rioja, La;3
039 Tumores benignos;Mujeres;37 Salamanca;3
039 Tumores benignos;Mujeres;38 Santa Cruz de Tenerife;11
039 Tumores benignos;Mujeres;40 Segovia;2
039 Tumores benignos;Mujeres;41 Sevilla;13
039 Tumores benignos;Mujeres;42 Soria;1
039 Tumores benignos;Mujeres;43 Tarragona;4
039 Tumores benignos;Mujeres;44 Teruel;1
039 Tumores benignos;Mujeres;45 Toledo;3
039 Tumores benignos;Mujeres;46 Valencia/València;10
039 Tumores benignos;Mujeres;47 Valladolid;4
039 Tumores benignos;Mujeres;49 Zamora;2
039 Tumores benignos;Mujeres;50 Zaragoza;7
039 Tumores benignos;Mujeres;51 Ceuta;2
039 Tumores benignos;Mujeres;52 Melilla;0
039 Tumores benignos;Mujeres;Extranjero;1
040 Síndrome mielodisplásico;Hombres;Total;619
040 Síndrome mielodisplásico;Hombres;02 Albacete;9
040 Síndrome mielodisplásico;Hombres;03 Alicante/Alacant;21
040 Síndrome mielodisplásico;Hombres;04 Almería;4
040 Síndrome mielodisplásico;Hombres;01 Araba/Álava;2
040 Síndrome mielodisplásico;Hombres;33 Asturias;16
040 Síndrome mielodisplásico;Hombres;05 Ávila;4
040 Síndrome mielodisplásico;Hombres;06 Badajoz;15
040 Síndrome mielodisplásico;Hombres;07 Balears, Illes;7
040 Síndrome mielodisplásico;Hombres;08 Barcelona;75
040 Síndrome mielodisplásico;Hombres;48 Bizkaia;19
040 Síndrome mielodisplásico;Hombres;09 Burgos;4
040 Síndrome mielodisplásico;Hombres;10 Cáceres;6
040 Síndrome mielodisplásico;Hombres;11 Cádiz;13
040 Síndrome mielodisplásico;Hombres;39 Cantabria;16
040 Síndrome mielodisplásico;Hombres;12 Castellón/Castelló;8
040 Síndrome mielodisplásico;Hombres;13 Ciudad Real;4
040 Síndrome mielodisplásico;Hombres;14 Córdoba;10
040 Síndrome mielodisplásico;Hombres;15 Coruña, A;18
040 Síndrome mielodisplásico;Hombres;16 Cuenca;9
040 Síndrome mielodisplásico;Hombres;20 Gipuzkoa;18
040 Síndrome mielodisplásico;Hombres;17 Girona;7
040 Síndrome mielodisplásico;Hombres;18 Granada;11
040 Síndrome mielodisplásico;Hombres;19 Guadalajara;2
040 Síndrome mielodisplásico;Hombres;21 Huelva;5
040 Síndrome mielodisplásico;Hombres;22 Huesca;3
040 Síndrome mielodisplásico;Hombres;23 Jaén;5
040 Síndrome mielodisplásico;Hombres;24 León;12
040 Síndrome mielodisplásico;Hombres;25 Lleida;4
040 Síndrome mielodisplásico;Hombres;27 Lugo;12
040 Síndrome mielodisplásico;Hombres;28 Madrid;81
040 Síndrome mielodisplásico;Hombres;29 Málaga;12
040 Síndrome mielodisplásico;Hombres;30 Murcia;11
040 Síndrome mielodisplásico;Hombres;31 Navarra;12
040 Síndrome mielodisplásico;Hombres;32 Ourense;7
040 Síndrome mielodisplásico;Hombres;34 Palencia;3
040 Síndrome mielodisplásico;Hombres;35 Palmas, Las;7
040 Síndrome mielodisplásico;Hombres;36 Pontevedra;15
040 Síndrome mielodisplásico;Hombres;26 Rioja, La;4
040 Síndrome mielodisplásico;Hombres;37 Salamanca;7
040 Síndrome mielodisplásico;Hombres;38 Santa Cruz de Tenerife;8
040 Síndrome mielodisplásico;Hombres;40 Segovia;3
040 Síndrome mielodisplásico;Hombres;41 Sevilla;21
040 Síndrome mielodisplásico;Hombres;42 Soria;3
040 Síndrome mielodisplásico;Hombres;43 Tarragona;13
040 Síndrome mielodisplásico;Hombres;44 Teruel;2
040 Síndrome mielodisplásico;Hombres;45 Toledo;9
040 Síndrome mielodisplásico;Hombres;46 Valencia/València;40
040 Síndrome mielodisplásico;Hombres;47 Valladolid;6
040 Síndrome mielodisplásico;Hombres;49 Zamora;2
040 Síndrome mielodisplásico;Hombres;50 Zaragoza;13
040 Síndrome mielodisplásico;Hombres;51 Ceuta;0
040 Síndrome mielodisplásico;Hombres;52 Melilla;0
040 Síndrome mielodisplásico;Hombres;Extranjero;1
040 Síndrome mielodisplásico;Mujeres;Total;511
040 Síndrome mielodisplásico;Mujeres;02 Albacete;5
040 Síndrome mielodisplásico;Mujeres;03 Alicante/Alacant;14
040 Síndrome mielodisplásico;Mujeres;04 Almería;2
040 Síndrome mielodisplásico;Mujeres;01 Araba/Álava;3
040 Síndrome mielodisplásico;Mujeres;33 Asturias;18
040 Síndrome mielodisplásico;Mujeres;05 Ávila;1
040 Síndrome mielodisplásico;Mujeres;06 Badajoz;12
040 Síndrome mielodisplásico;Mujeres;07 Balears, Illes;3
040 Síndrome mielodisplásico;Mujeres;08 Barcelona;73
040 Síndrome mielodisplásico;Mujeres;48 Bizkaia;21
040 Síndrome mielodisplásico;Mujeres;09 Burgos;4
040 Síndrome mielodisplásico;Mujeres;10 Cáceres;5
040 Síndrome mielodisplásico;Mujeres;11 Cádiz;5
040 Síndrome mielodisplásico;Mujeres;39 Cantabria;8
040 Síndrome mielodisplásico;Mujeres;12 Castellón/Castelló;10
040 Síndrome mielodisplásico;Mujeres;13 Ciudad Real;6
040 Síndrome mielodisplásico;Mujeres;14 Córdoba;11
040 Síndrome mielodisplásico;Mujeres;15 Coruña, A;8
040 Síndrome mielodisplásico;Mujeres;16 Cuenca;6
040 Síndrome mielodisplásico;Mujeres;20 Gipuzkoa;8
040 Síndrome mielodisplásico;Mujeres;17 Girona;4
040 Síndrome mielodisplásico;Mujeres;18 Granada;5
040 Síndrome mielodisplásico;Mujeres;19 Guadalajara;3
040 Síndrome mielodisplásico;Mujeres;21 Huelva;5
040 Síndrome mielodisplásico;Mujeres;22 Huesca;3
040 Síndrome mielodisplásico;Mujeres;23 Jaén;9
040 Síndrome mielodisplásico;Mujeres;24 León;5
040 Síndrome mielodisplásico;Mujeres;25 Lleida;4
040 Síndrome mielodisplásico;Mujeres;27 Lugo;1
040 Síndrome mielodisplásico;Mujeres;28 Madrid;79
040 Síndrome mielodisplásico;Mujeres;29 Málaga;10
040 Síndrome mielodisplásico;Mujeres;30 Murcia;13
040 Síndrome mielodisplásico;Mujeres;31 Navarra;6
040 Síndrome mielodisplásico;Mujeres;32 Ourense;7
040 Síndrome mielodisplásico;Mujeres;34 Palencia;2
040 Síndrome mielodisplásico;Mujeres;35 Palmas, Las;8
040 Síndrome mielodisplásico;Mujeres;36 Pontevedra;17
040 Síndrome mielodisplásico;Mujeres;26 Rioja, La;2
040 Síndrome mielodisplásico;Mujeres;37 Salamanca;8
040 Síndrome mielodisplásico;Mujeres;38 Santa Cruz de Tenerife;8
040 Síndrome mielodisplásico;Mujeres;40 Segovia;0
040 Síndrome mielodisplásico;Mujeres;41 Sevilla;14
040 Síndrome mielodisplásico;Mujeres;42 Soria;5
040 Síndrome mielodisplásico;Mujeres;43 Tarragona;5
040 Síndrome mielodisplásico;Mujeres;44 Teruel;5
040 Síndrome mielodisplásico;Mujeres;45 Toledo;2
040 Síndrome mielodisplásico;Mujeres;46 Valencia/València;28
040 Síndrome mielodisplásico;Mujeres;47 Valladolid;9
040 Síndrome mielodisplásico;Mujeres;49 Zamora;5
040 Síndrome mielodisplásico;Mujeres;50 Zaragoza;16
040 Síndrome mielodisplásico;Mujeres;51 Ceuta;0
040 Síndrome mielodisplásico;Mujeres;52 Melilla;0
040 Síndrome mielodisplásico;Mujeres;Extranjero;0
041 Otros tumores de comportamiento incierto o desconocido;Hombres;Total;1.347
041 Otros tumores de comportamiento incierto o desconocido;Hombres;02 Albacete;9
041 Otros tumores de comportamiento incierto o desconocido;Hombres;03 Alicante/Alacant;58
041 Otros tumores de comportamiento incierto o desconocido;Hombres;04 Almería;24
041 Otros tumores de comportamiento incierto o desconocido;Hombres;01 Araba/Álava;5
041 Otros tumores de comportamiento incierto o desconocido;Hombres;33 Asturias;23
041 Otros tumores de comportamiento incierto o desconocido;Hombres;05 Ávila;8
041 Otros tumores de comportamiento incierto o desconocido;Hombres;06 Badajoz;30
041 Otros tumores de comportamiento incierto o desconocido;Hombres;07 Balears, Illes;18
041 Otros tumores de comportamiento incierto o desconocido;Hombres;08 Barcelona;186
041 Otros tumores de comportamiento incierto o desconocido;Hombres;48 Bizkaia;38
041 Otros tumores de comportamiento incierto o desconocido;Hombres;09 Burgos;16
041 Otros tumores de comportamiento incierto o desconocido;Hombres;10 Cáceres;24
041 Otros tumores de comportamiento incierto o desconocido;Hombres;11 Cádiz;29
041 Otros tumores de comportamiento incierto o desconocido;Hombres;39 Cantabria;12
041 Otros tumores de comportamiento incierto o desconocido;Hombres;12 Castellón/Castelló;19
041 Otros tumores de comportamiento incierto o desconocido;Hombres;13 Ciudad Real;7
041 Otros tumores de comportamiento incierto o desconocido;Hombres;14 Córdoba;21
041 Otros tumores de comportamiento incierto o desconocido;Hombres;15 Coruña, A;33
041 Otros tumores de comportamiento incierto o desconocido;Hombres;16 Cuenca;9
041 Otros tumores de comportamiento incierto o desconocido;Hombres;20 Gipuzkoa;14
041 Otros tumores de comportamiento incierto o desconocido;Hombres;17 Girona;14
041 Otros tumores de comportamiento incierto o desconocido;Hombres;18 Granada;32
041 Otros tumores de comportamiento incierto o desconocido;Hombres;19 Guadalajara;3
041 Otros tumores de comportamiento incierto o desconocido;Hombres;21 Huelva;16
041 Otros tumores de comportamiento incierto o desconocido;Hombres;22 Huesca;4
041 Otros tumores de comportamiento incierto o desconocido;Hombres;23 Jaén;27
041 Otros tumores de comportamiento incierto o desconocido;Hombres;24 León;24
041 Otros tumores de comportamiento incierto o desconocido;Hombres;25 Lleida;24
041 Otros tumores de comportamiento incierto o desconocido;Hombres;27 Lugo;15
041 Otros tumores de comportamiento incierto o desconocido;Hombres;28 Madrid;135
041 Otros tumores de comportamiento incierto o desconocido;Hombres;29 Málaga;46
041 Otros tumores de comportamiento incierto o desconocido;Hombres;30 Murcia;38
041 Otros tumores de comportamiento incierto o desconocido;Hombres;31 Navarra;10
041 Otros tumores de comportamiento incierto o desconocido;Hombres;32 Ourense;12
041 Otros tumores de comportamiento incierto o desconocido;Hombres;34 Palencia;12
041 Otros tumores de comportamiento incierto o desconocido;Hombres;35 Palmas, Las;26
041 Otros tumores de comportamiento incierto o desconocido;Hombres;36 Pontevedra;26
041 Otros tumores de comportamiento incierto o desconocido;Hombres;26 Rioja, La;15
041 Otros tumores de comportamiento incierto o desconocido;Hombres;37 Salamanca;11
041 Otros tumores de comportamiento incierto o desconocido;Hombres;38 Santa Cruz de Tenerife;33
041 Otros tumores de comportamiento incierto o desconocido;Hombres;40 Segovia;4
041 Otros tumores de comportamiento incierto o desconocido;Hombres;41 Sevilla;42
041 Otros tumores de comportamiento incierto o desconocido;Hombres;42 Soria;3
041 Otros tumores de comportamiento incierto o desconocido;Hombres;43 Tarragona;26
041 Otros tumores de comportamiento incierto o desconocido;Hombres;44 Teruel;2
041 Otros tumores de comportamiento incierto o desconocido;Hombres;45 Toledo;12
041 Otros tumores de comportamiento incierto o desconocido;Hombres;46 Valencia/València;78
041 Otros tumores de comportamiento incierto o desconocido;Hombres;47 Valladolid;23
041 Otros tumores de comportamiento incierto o desconocido;Hombres;49 Zamora;16
041 Otros tumores de comportamiento incierto o desconocido;Hombres;50 Zaragoza;22
041 Otros tumores de comportamiento incierto o desconocido;Hombres;51 Ceuta;2
041 Otros tumores de comportamiento incierto o desconocido;Hombres;52 Melilla;3
041 Otros tumores de comportamiento incierto o desconocido;Hombres;Extranjero;8
041 Otros tumores de comportamiento incierto o desconocido;Mujeres;Total;1.144
041 Otros tumores de comportamiento incierto o desconocido;Mujeres;02 Albacete;7
041 Otros tumores de comportamiento incierto o desconocido;Mujeres;03 Alicante/Alacant;40
041 Otros tumores de comportamiento incierto o desconocido;Mujeres;04 Almería;16
041 Otros tumores de comportamiento incierto o desconocido;Mujeres;01 Araba/Álava;4
041 Otros tumores de comportamiento incierto o desconocido;Mujeres;33 Asturias;21
041 Otros tumores de comportamiento incierto o desconocido;Mujeres;05 Ávila;7
041 Otros tumores de comportamiento incierto o desconocido;Mujeres;06 Badajoz;26
041 Otros tumores de comportamiento incierto o desconocido;Mujeres;07 Balears, Illes;18
041 Otros tumores de comportamiento incierto o desconocido;Mujeres;08 Barcelona;159
041 Otros tumores de comportamiento incierto o desconocido;Mujeres;48 Bizkaia;35
041 Otros tumores de comportamiento incierto o desconocido;Mujeres;09 Burgos;13
041 Otros tumores de comportamiento incierto o desconocido;Mujeres;10 Cáceres;23
041 Otros tumores de comportamiento incierto o desconocido;Mujeres;11 Cádiz;24
041 Otros tumores de comportamiento incierto o desconocido;Mujeres;39 Cantabria;11
041 Otros tumores de comportamiento incierto o desconocido;Mujeres;12 Castellón/Castelló;10
041 Otros tumores de comportamiento incierto o desconocido;Mujeres;13 Ciudad Real;10
041 Otros tumores de comportamiento incierto o desconocido;Mujeres;14 Córdoba;27
041 Otros tumores de comportamiento incierto o desconocido;Mujeres;15 Coruña, A;33
041 Otros tumores de comportamiento incierto o desconocido;Mujeres;16 Cuenca;1
041 Otros tumores de comportamiento incierto o desconocido;Mujeres;20 Gipuzkoa;18
041 Otros tumores de comportamiento incierto o desconocido;Mujeres;17 Girona;19
041 Otros tumores de comportamiento incierto o desconocido;Mujeres;18 Granada;30
041 Otros tumores de comportamiento incierto o desconocido;Mujeres;19 Guadalajara;7
041 Otros tumores de comportamiento incierto o desconocido;Mujeres;21 Huelva;7
041 Otros tumores de comportamiento incierto o desconocido;Mujeres;22 Huesca;0
041 Otros tumores de comportamiento incierto o desconocido;Mujeres;23 Jaén;20
041 Otros tumores de comportamiento incierto o desconocido;Mujeres;24 León;18
041 Otros tumores de comportamiento incierto o desconocido;Mujeres;25 Lleida;13
041 Otros tumores de comportamiento incierto o desconocido;Mujeres;27 Lugo;11
041 Otros tumores de comportamiento incierto o desconocido;Mujeres;28 Madrid;129
041 Otros tumores de comportamiento incierto o desconocido;Mujeres;29 Málaga;40
041 Otros tumores de comportamiento incierto o desconocido;Mujeres;30 Murcia;30
041 Otros tumores de comportamiento incierto o desconocido;Mujeres;31 Navarra;12
041 Otros tumores de comportamiento incierto o desconocido;Mujeres;32 Ourense;7
041 Otros tumores de comportamiento incierto o desconocido;Mujeres;34 Palencia;5
041 Otros tumores de comportamiento incierto o desconocido;Mujeres;35 Palmas, Las;18
041 Otros tumores de comportamiento incierto o desconocido;Mujeres;36 Pontevedra;22
041 Otros tumores de comportamiento incierto o desconocido;Mujeres;26 Rioja, La;10
041 Otros tumores de comportamiento incierto o desconocido;Mujeres;37 Salamanca;12
041 Otros tumores de comportamiento incierto o desconocido;Mujeres;38 Santa Cruz de Tenerife;25
041 Otros tumores de comportamiento incierto o desconocido;Mujeres;40 Segovia;6
041 Otros tumores de comportamiento incierto o desconocido;Mujeres;41 Sevilla;40
041 Otros tumores de comportamiento incierto o desconocido;Mujeres;42 Soria;4
041 Otros tumores de comportamiento incierto o desconocido;Mujeres;43 Tarragona;31
041 Otros tumores de comportamiento incierto o desconocido;Mujeres;44 Teruel;2
041 Otros tumores de comportamiento incierto o desconocido;Mujeres;45 Toledo;6
041 Otros tumores de comportamiento incierto o desconocido;Mujeres;46 Valencia/València;47
041 Otros tumores de comportamiento incierto o desconocido;Mujeres;47 Valladolid;23
041 Otros tumores de comportamiento incierto o desconocido;Mujeres;49 Zamora;11
041 Otros tumores de comportamiento incierto o desconocido;Mujeres;50 Zaragoza;24
041 Otros tumores de comportamiento incierto o desconocido;Mujeres;51 Ceuta;5
041 Otros tumores de comportamiento incierto o desconocido;Mujeres;52 Melilla;2
041 Otros tumores de comportamiento incierto o desconocido;Mujeres;Extranjero;5
042-043 III.Enfermedades de la sangre y de los órganos hematopoyéticos, y ciertos trastornos que afectan al mecanismo de la inmunidad;Hombres;Total;878
042-043 III.Enfermedades de la sangre y de los órganos hematopoyéticos, y ciertos trastornos que afectan al mecanismo de la inmunidad;Hombres;02 Albacete;6
042-043 III.Enfermedades de la sangre y de los órganos hematopoyéticos, y ciertos trastornos que afectan al mecanismo de la inmunidad;Hombres;03 Alicante/Alacant;38
042-043 III.Enfermedades de la sangre y de los órganos hematopoyéticos, y ciertos trastornos que afectan al mecanismo de la inmunidad;Hombres;04 Almería;13
042-043 III.Enfermedades de la sangre y de los órganos hematopoyéticos, y ciertos trastornos que afectan al mecanismo de la inmunidad;Hombres;01 Araba/Álava;3
042-043 III.Enfermedades de la sangre y de los órganos hematopoyéticos, y ciertos trastornos que afectan al mecanismo de la inmunidad;Hombres;33 Asturias;17
042-043 III.Enfermedades de la sangre y de los órganos hematopoyéticos, y ciertos trastornos que afectan al mecanismo de la inmunidad;Hombres;05 Ávila;11
042-043 III.Enfermedades de la sangre y de los órganos hematopoyéticos, y ciertos trastornos que afectan al mecanismo de la inmunidad;Hombres;06 Badajoz;11
042-043 III.Enfermedades de la sangre y de los órganos hematopoyéticos, y ciertos trastornos que afectan al mecanismo de la inmunidad;Hombres;07 Balears, Illes;13
042-043 III.Enfermedades de la sangre y de los órganos hematopoyéticos, y ciertos trastornos que afectan al mecanismo de la inmunidad;Hombres;08 Barcelona;119
042-043 III.Enfermedades de la sangre y de los órganos hematopoyéticos, y ciertos trastornos que afectan al mecanismo de la inmunidad;Hombres;48 Bizkaia;25
042-043 III.Enfermedades de la sangre y de los órganos hematopoyéticos, y ciertos trastornos que afectan al mecanismo de la inmunidad;Hombres;09 Burgos;13
042-043 III.Enfermedades de la sangre y de los órganos hematopoyéticos, y ciertos trastornos que afectan al mecanismo de la inmunidad;Hombres;10 Cáceres;6
042-043 III.Enfermedades de la sangre y de los órganos hematopoyéticos, y ciertos trastornos que afectan al mecanismo de la inmunidad;Hombres;11 Cádiz;23
042-043 III.Enfermedades de la sangre y de los órganos hematopoyéticos, y ciertos trastornos que afectan al mecanismo de la inmunidad;Hombres;39 Cantabria;9
042-043 III.Enfermedades de la sangre y de los órganos hematopoyéticos, y ciertos trastornos que afectan al mecanismo de la inmunidad;Hombres;12 Castellón/Castelló;12
042-043 III.Enfermedades de la sangre y de los órganos hematopoyéticos, y ciertos trastornos que afectan al mecanismo de la inmunidad;Hombres;13 Ciudad Real;11
042-043 III.Enfermedades de la sangre y de los órganos hematopoyéticos, y ciertos trastornos que afectan al mecanismo de la inmunidad;Hombres;14 Córdoba;19
042-043 III.Enfermedades de la sangre y de los órganos hematopoyéticos, y ciertos trastornos que afectan al mecanismo de la inmunidad;Hombres;15 Coruña, A;18
042-043 III.Enfermedades de la sangre y de los órganos hematopoyéticos, y ciertos trastornos que afectan al mecanismo de la inmunidad;Hombres;16 Cuenca;1
042-043 III.Enfermedades de la sangre y de los órganos hematopoyéticos, y ciertos trastornos que afectan al mecanismo de la inmunidad;Hombres;20 Gipuzkoa;13
042-043 III.Enfermedades de la sangre y de los órganos hematopoyéticos, y ciertos trastornos que afectan al mecanismo de la inmunidad;Hombres;17 Girona;14
042-043 III.Enfermedades de la sangre y de los órganos hematopoyéticos, y ciertos trastornos que afectan al mecanismo de la inmunidad;Hombres;18 Granada;21
042-043 III.Enfermedades de la sangre y de los órganos hematopoyéticos, y ciertos trastornos que afectan al mecanismo de la inmunidad;Hombres;19 Guadalajara;2
042-043 III.Enfermedades de la sangre y de los órganos hematopoyéticos, y ciertos trastornos que afectan al mecanismo de la inmunidad;Hombres;21 Huelva;25
042-043 III.Enfermedades de la sangre y de los órganos hematopoyéticos, y ciertos trastornos que afectan al mecanismo de la inmunidad;Hombres;22 Huesca;4
042-043 III.Enfermedades de la sangre y de los órganos hematopoyéticos, y ciertos trastornos que afectan al mecanismo de la inmunidad;Hombres;23 Jaén;19
042-043 III.Enfermedades de la sangre y de los órganos hematopoyéticos, y ciertos trastornos que afectan al mecanismo de la inmunidad;Hombres;24 León;13
042-043 III.Enfermedades de la sangre y de los órganos hematopoyéticos, y ciertos trastornos que afectan al mecanismo de la inmunidad;Hombres;25 Lleida;10
042-043 III.Enfermedades de la sangre y de los órganos hematopoyéticos, y ciertos trastornos que afectan al mecanismo de la inmunidad;Hombres;27 Lugo;10
042-043 III.Enfermedades de la sangre y de los órganos hematopoyéticos, y ciertos trastornos que afectan al mecanismo de la inmunidad;Hombres;28 Madrid;68
042-043 III.Enfermedades de la sangre y de los órganos hematopoyéticos, y ciertos trastornos que afectan al mecanismo de la inmunidad;Hombres;29 Málaga;28
042-043 III.Enfermedades de la sangre y de los órganos hematopoyéticos, y ciertos trastornos que afectan al mecanismo de la inmunidad;Hombres;30 Murcia;29
042-043 III.Enfermedades de la sangre y de los órganos hematopoyéticos, y ciertos trastornos que afectan al mecanismo de la inmunidad;Hombres;31 Navarra;26
042-043 III.Enfermedades de la sangre y de los órganos hematopoyéticos, y ciertos trastornos que afectan al mecanismo de la inmunidad;Hombres;32 Ourense;10
042-043 III.Enfermedades de la sangre y de los órganos hematopoyéticos, y ciertos trastornos que afectan al mecanismo de la inmunidad;Hombres;34 Palencia;1
042-043 III.Enfermedades de la sangre y de los órganos hematopoyéticos, y ciertos trastornos que afectan al mecanismo de la inmunidad;Hombres;35 Palmas, Las;9
042-043 III.Enfermedades de la sangre y de los órganos hematopoyéticos, y ciertos trastornos que afectan al mecanismo de la inmunidad;Hombres;36 Pontevedra;13
042-043 III.Enfermedades de la sangre y de los órganos hematopoyéticos, y ciertos trastornos que afectan al mecanismo de la inmunidad;Hombres;26 Rioja, La;7
042-043 III.Enfermedades de la sangre y de los órganos hematopoyéticos, y ciertos trastornos que afectan al mecanismo de la inmunidad;Hombres;37 Salamanca;12
042-043 III.Enfermedades de la sangre y de los órganos hematopoyéticos, y ciertos trastornos que afectan al mecanismo de la inmunidad;Hombres;38 Santa Cruz de Tenerife;14
042-043 III.Enfermedades de la sangre y de los órganos hematopoyéticos, y ciertos trastornos que afectan al mecanismo de la inmunidad;Hombres;40 Segovia;3
042-043 III.Enfermedades de la sangre y de los órganos hematopoyéticos, y ciertos trastornos que afectan al mecanismo de la inmunidad;Hombres;41 Sevilla;32
042-043 III.Enfermedades de la sangre y de los órganos hematopoyéticos, y ciertos trastornos que afectan al mecanismo de la inmunidad;Hombres;42 Soria;1
042-043 III.Enfermedades de la sangre y de los órganos hematopoyéticos, y ciertos trastornos que afectan al mecanismo de la inmunidad;Hombres;43 Tarragona;23
042-043 III.Enfermedades de la sangre y de los órganos hematopoyéticos, y ciertos trastornos que afectan al mecanismo de la inmunidad;Hombres;44 Teruel;2
042-043 III.Enfermedades de la sangre y de los órganos hematopoyéticos, y ciertos trastornos que afectan al mecanismo de la inmunidad;Hombres;45 Toledo;20
042-043 III.Enfermedades de la sangre y de los órganos hematopoyéticos, y ciertos trastornos que afectan al mecanismo de la inmunidad;Hombres;46 Valencia/València;38
042-043 III.Enfermedades de la sangre y de los órganos hematopoyéticos, y ciertos trastornos que afectan al mecanismo de la inmunidad;Hombres;47 Valladolid;11
042-043 III.Enfermedades de la sangre y de los órganos hematopoyéticos, y ciertos trastornos que afectan al mecanismo de la inmunidad;Hombres;49 Zamora;4
042-043 III.Enfermedades de la sangre y de los órganos hematopoyéticos, y ciertos trastornos que afectan al mecanismo de la inmunidad;Hombres;50 Zaragoza;15
042-043 III.Enfermedades de la sangre y de los órganos hematopoyéticos, y ciertos trastornos que afectan al mecanismo de la inmunidad;Hombres;51 Ceuta;1
042-043 III.Enfermedades de la sangre y de los órganos hematopoyéticos, y ciertos trastornos que afectan al mecanismo de la inmunidad;Hombres;52 Melilla;2
042-043 III.Enfermedades de la sangre y de los órganos hematopoyéticos, y ciertos trastornos que afectan al mecanismo de la inmunidad;Hombres;Extranjero;10
042-043 III.Enfermedades de la sangre y de los órganos hematopoyéticos, y ciertos trastornos que afectan al mecanismo de la inmunidad;Mujeres;Total;1.134
042-043 III.Enfermedades de la sangre y de los órganos hematopoyéticos, y ciertos trastornos que afectan al mecanismo de la inmunidad;Mujeres;02 Albacete;8
042-043 III.Enfermedades de la sangre y de los órganos hematopoyéticos, y ciertos trastornos que afectan al mecanismo de la inmunidad;Mujeres;03 Alicante/Alacant;38
042-043 III.Enfermedades de la sangre y de los órganos hematopoyéticos, y ciertos trastornos que afectan al mecanismo de la inmunidad;Mujeres;04 Almería;13
042-043 III.Enfermedades de la sangre y de los órganos hematopoyéticos, y ciertos trastornos que afectan al mecanismo de la inmunidad;Mujeres;01 Araba/Álava;8
042-043 III.Enfermedades de la sangre y de los órganos hematopoyéticos, y ciertos trastornos que afectan al mecanismo de la inmunidad;Mujeres;33 Asturias;35
042-043 III.Enfermedades de la sangre y de los órganos hematopoyéticos, y ciertos trastornos que afectan al mecanismo de la inmunidad;Mujeres;05 Ávila;8
042-043 III.Enfermedades de la sangre y de los órganos hematopoyéticos, y ciertos trastornos que afectan al mecanismo de la inmunidad;Mujeres;06 Badajoz;23
042-043 III.Enfermedades de la sangre y de los órganos hematopoyéticos, y ciertos trastornos que afectan al mecanismo de la inmunidad;Mujeres;07 Balears, Illes;24
042-043 III.Enfermedades de la sangre y de los órganos hematopoyéticos, y ciertos trastornos que afectan al mecanismo de la inmunidad;Mujeres;08 Barcelona;147
042-043 III.Enfermedades de la sangre y de los órganos hematopoyéticos, y ciertos trastornos que afectan al mecanismo de la inmunidad;Mujeres;48 Bizkaia;44
042-043 III.Enfermedades de la sangre y de los órganos hematopoyéticos, y ciertos trastornos que afectan al mecanismo de la inmunidad;Mujeres;09 Burgos;10
042-043 III.Enfermedades de la sangre y de los órganos hematopoyéticos, y ciertos trastornos que afectan al mecanismo de la inmunidad;Mujeres;10 Cáceres;14
042-043 III.Enfermedades de la sangre y de los órganos hematopoyéticos, y ciertos trastornos que afectan al mecanismo de la inmunidad;Mujeres;11 Cádiz;31
042-043 III.Enfermedades de la sangre y de los órganos hematopoyéticos, y ciertos trastornos que afectan al mecanismo de la inmunidad;Mujeres;39 Cantabria;11
042-043 III.Enfermedades de la sangre y de los órganos hematopoyéticos, y ciertos trastornos que afectan al mecanismo de la inmunidad;Mujeres;12 Castellón/Castelló;12
042-043 III.Enfermedades de la sangre y de los órganos hematopoyéticos, y ciertos trastornos que afectan al mecanismo de la inmunidad;Mujeres;13 Ciudad Real;11
042-043 III.Enfermedades de la sangre y de los órganos hematopoyéticos, y ciertos trastornos que afectan al mecanismo de la inmunidad;Mujeres;14 Córdoba;31
042-043 III.Enfermedades de la sangre y de los órganos hematopoyéticos, y ciertos trastornos que afectan al mecanismo de la inmunidad;Mujeres;15 Coruña, A;47
042-043 III.Enfermedades de la sangre y de los órganos hematopoyéticos, y ciertos trastornos que afectan al mecanismo de la inmunidad;Mujeres;16 Cuenca;13
042-043 III.Enfermedades de la sangre y de los órganos hematopoyéticos, y ciertos trastornos que afectan al mecanismo de la inmunidad;Mujeres;20 Gipuzkoa;25
042-043 III.Enfermedades de la sangre y de los órganos hematopoyéticos, y ciertos trastornos que afectan al mecanismo de la inmunidad;Mujeres;17 Girona;19
042-043 III.Enfermedades de la sangre y de los órganos hematopoyéticos, y ciertos trastornos que afectan al mecanismo de la inmunidad;Mujeres;18 Granada;15
042-043 III.Enfermedades de la sangre y de los órganos hematopoyéticos, y ciertos trastornos que afectan al mecanismo de la inmunidad;Mujeres;19 Guadalajara;3
042-043 III.Enfermedades de la sangre y de los órganos hematopoyéticos, y ciertos trastornos que afectan al mecanismo de la inmunidad;Mujeres;21 Huelva;10
042-043 III.Enfermedades de la sangre y de los órganos hematopoyéticos, y ciertos trastornos que afectan al mecanismo de la inmunidad;Mujeres;22 Huesca;6
042-043 III.Enfermedades de la sangre y de los órganos hematopoyéticos, y ciertos trastornos que afectan al mecanismo de la inmunidad;Mujeres;23 Jaén;12
042-043 III.Enfermedades de la sangre y de los órganos hematopoyéticos, y ciertos trastornos que afectan al mecanismo de la inmunidad;Mujeres;24 León;20
042-043 III.Enfermedades de la sangre y de los órganos hematopoyéticos, y ciertos trastornos que afectan al mecanismo de la inmunidad;Mujeres;25 Lleida;14
042-043 III.Enfermedades de la sangre y de los órganos hematopoyéticos, y ciertos trastornos que afectan al mecanismo de la inmunidad;Mujeres;27 Lugo;17
042-043 III.Enfermedades de la sangre y de los órganos hematopoyéticos, y ciertos trastornos que afectan al mecanismo de la inmunidad;Mujeres;28 Madrid;113
042-043 III.Enfermedades de la sangre y de los órganos hematopoyéticos, y ciertos trastornos que afectan al mecanismo de la inmunidad;Mujeres;29 Málaga;25
042-043 III.Enfermedades de la sangre y de los órganos hematopoyéticos, y ciertos trastornos que afectan al mecanismo de la inmunidad;Mujeres;30 Murcia;26
042-043 III.Enfermedades de la sangre y de los órganos hematopoyéticos, y ciertos trastornos que afectan al mecanismo de la inmunidad;Mujeres;31 Navarra;24
042-043 III.Enfermedades de la sangre y de los órganos hematopoyéticos, y ciertos trastornos que afectan al mecanismo de la inmunidad;Mujeres;32 Ourense;21
042-043 III.Enfermedades de la sangre y de los órganos hematopoyéticos, y ciertos trastornos que afectan al mecanismo de la inmunidad;Mujeres;34 Palencia;2
042-043 III.Enfermedades de la sangre y de los órganos hematopoyéticos, y ciertos trastornos que afectan al mecanismo de la inmunidad;Mujeres;35 Palmas, Las;15
042-043 III.Enfermedades de la sangre y de los órganos hematopoyéticos, y ciertos trastornos que afectan al mecanismo de la inmunidad;Mujeres;36 Pontevedra;22
042-043 III.Enfermedades de la sangre y de los órganos hematopoyéticos, y ciertos trastornos que afectan al mecanismo de la inmunidad;Mujeres;26 Rioja, La;7
042-043 III.Enfermedades de la sangre y de los órganos hematopoyéticos, y ciertos trastornos que afectan al mecanismo de la inmunidad;Mujeres;37 Salamanca;12
042-043 III.Enfermedades de la sangre y de los órganos hematopoyéticos, y ciertos trastornos que afectan al mecanismo de la inmunidad;Mujeres;38 Santa Cruz de Tenerife;21
042-043 III.Enfermedades de la sangre y de los órganos hematopoyéticos, y ciertos trastornos que afectan al mecanismo de la inmunidad;Mujeres;40 Segovia;4
042-043 III.Enfermedades de la sangre y de los órganos hematopoyéticos, y ciertos trastornos que afectan al mecanismo de la inmunidad;Mujeres;41 Sevilla;31
042-043 III.Enfermedades de la sangre y de los órganos hematopoyéticos, y ciertos trastornos que afectan al mecanismo de la inmunidad;Mujeres;42 Soria;6
042-043 III.Enfermedades de la sangre y de los órganos hematopoyéticos, y ciertos trastornos que afectan al mecanismo de la inmunidad;Mujeres;43 Tarragona;25
042-043 III.Enfermedades de la sangre y de los órganos hematopoyéticos, y ciertos trastornos que afectan al mecanismo de la inmunidad;Mujeres;44 Teruel;1
042-043 III.Enfermedades de la sangre y de los órganos hematopoyéticos, y ciertos trastornos que afectan al mecanismo de la inmunidad;Mujeres;45 Toledo;19
042-043 III.Enfermedades de la sangre y de los órganos hematopoyéticos, y ciertos trastornos que afectan al mecanismo de la inmunidad;Mujeres;46 Valencia/València;48
042-043 III.Enfermedades de la sangre y de los órganos hematopoyéticos, y ciertos trastornos que afectan al mecanismo de la inmunidad;Mujeres;47 Valladolid;13
042-043 III.Enfermedades de la sangre y de los órganos hematopoyéticos, y ciertos trastornos que afectan al mecanismo de la inmunidad;Mujeres;49 Zamora;16
042-043 III.Enfermedades de la sangre y de los órganos hematopoyéticos, y ciertos trastornos que afectan al mecanismo de la inmunidad;Mujeres;50 Zaragoza;11
042-043 III.Enfermedades de la sangre y de los órganos hematopoyéticos, y ciertos trastornos que afectan al mecanismo de la inmunidad;Mujeres;51 Ceuta;1
042-043 III.Enfermedades de la sangre y de los órganos hematopoyéticos, y ciertos trastornos que afectan al mecanismo de la inmunidad;Mujeres;52 Melilla;1
042-043 III.Enfermedades de la sangre y de los órganos hematopoyéticos, y ciertos trastornos que afectan al mecanismo de la inmunidad;Mujeres;Extranjero;1
042 Enfermedades de la sangre y de los órganos hematopoyéticos;Hombres;Total;770
042 Enfermedades de la sangre y de los órganos hematopoyéticos;Hombres;02 Albacete;6
042 Enfermedades de la sangre y de los órganos hematopoyéticos;Hombres;03 Alicante/Alacant;34
042 Enfermedades de la sangre y de los órganos hematopoyéticos;Hombres;04 Almería;12
042 Enfermedades de la sangre y de los órganos hematopoyéticos;Hombres;01 Araba/Álava;2
042 Enfermedades de la sangre y de los órganos hematopoyéticos;Hombres;33 Asturias;15
042 Enfermedades de la sangre y de los órganos hematopoyéticos;Hombres;05 Ávila;10
042 Enfermedades de la sangre y de los órganos hematopoyéticos;Hombres;06 Badajoz;7
042 Enfermedades de la sangre y de los órganos hematopoyéticos;Hombres;07 Balears, Illes;11
042 Enfermedades de la sangre y de los órganos hematopoyéticos;Hombres;08 Barcelona;111
042 Enfermedades de la sangre y de los órganos hematopoyéticos;Hombres;48 Bizkaia;25
042 Enfermedades de la sangre y de los órganos hematopoyéticos;Hombres;09 Burgos;11
042 Enfermedades de la sangre y de los órganos hematopoyéticos;Hombres;10 Cáceres;5
042 Enfermedades de la sangre y de los órganos hematopoyéticos;Hombres;11 Cádiz;20
042 Enfermedades de la sangre y de los órganos hematopoyéticos;Hombres;39 Cantabria;8
042 Enfermedades de la sangre y de los órganos hematopoyéticos;Hombres;12 Castellón/Castelló;10
042 Enfermedades de la sangre y de los órganos hematopoyéticos;Hombres;13 Ciudad Real;11
042 Enfermedades de la sangre y de los órganos hematopoyéticos;Hombres;14 Córdoba;19
042 Enfermedades de la sangre y de los órganos hematopoyéticos;Hombres;15 Coruña, A;16
042 Enfermedades de la sangre y de los órganos hematopoyéticos;Hombres;16 Cuenca;1
042 Enfermedades de la sangre y de los órganos hematopoyéticos;Hombres;20 Gipuzkoa;10
042 Enfermedades de la sangre y de los órganos hematopoyéticos;Hombres;17 Girona;12
042 Enfermedades de la sangre y de los órganos hematopoyéticos;Hombres;18 Granada;17
042 Enfermedades de la sangre y de los órganos hematopoyéticos;Hombres;19 Guadalajara;2
042 Enfermedades de la sangre y de los órganos hematopoyéticos;Hombres;21 Huelva;22
042 Enfermedades de la sangre y de los órganos hematopoyéticos;Hombres;22 Huesca;4
042 Enfermedades de la sangre y de los órganos hematopoyéticos;Hombres;23 Jaén;18
042 Enfermedades de la sangre y de los órganos hematopoyéticos;Hombres;24 León;12
042 Enfermedades de la sangre y de los órganos hematopoyéticos;Hombres;25 Lleida;6
042 Enfermedades de la sangre y de los órganos hematopoyéticos;Hombres;27 Lugo;8
042 Enfermedades de la sangre y de los órganos hematopoyéticos;Hombres;28 Madrid;58
042 Enfermedades de la sangre y de los órganos hematopoyéticos;Hombres;29 Málaga;25
042 Enfermedades de la sangre y de los órganos hematopoyéticos;Hombres;30 Murcia;25
042 Enfermedades de la sangre y de los órganos hematopoyéticos;Hombres;31 Navarra;24
042 Enfermedades de la sangre y de los órganos hematopoyéticos;Hombres;32 Ourense;6
042 Enfermedades de la sangre y de los órganos hematopoyéticos;Hombres;34 Palencia;0
042 Enfermedades de la sangre y de los órganos hematopoyéticos;Hombres;35 Palmas, Las;8
042 Enfermedades de la sangre y de los órganos hematopoyéticos;Hombres;36 Pontevedra;12
042 Enfermedades de la sangre y de los órganos hematopoyéticos;Hombres;26 Rioja, La;7
042 Enfermedades de la sangre y de los órganos hematopoyéticos;Hombres;37 Salamanca;12
042 Enfermedades de la sangre y de los órganos hematopoyéticos;Hombres;38 Santa Cruz de Tenerife;12
042 Enfermedades de la sangre y de los órganos hematopoyéticos;Hombres;40 Segovia;2
042 Enfermedades de la sangre y de los órganos hematopoyéticos;Hombres;41 Sevilla;25
042 Enfermedades de la sangre y de los órganos hematopoyéticos;Hombres;42 Soria;1
042 Enfermedades de la sangre y de los órganos hematopoyéticos;Hombres;43 Tarragona;22
042 Enfermedades de la sangre y de los órganos hematopoyéticos;Hombres;44 Teruel;1
042 Enfermedades de la sangre y de los órganos hematopoyéticos;Hombres;45 Toledo;18
042 Enfermedades de la sangre y de los órganos hematopoyéticos;Hombres;46 Valencia/València;34
042 Enfermedades de la sangre y de los órganos hematopoyéticos;Hombres;47 Valladolid;7
042 Enfermedades de la sangre y de los órganos hematopoyéticos;Hombres;49 Zamora;3
042 Enfermedades de la sangre y de los órganos hematopoyéticos;Hombres;50 Zaragoza;15
042 Enfermedades de la sangre y de los órganos hematopoyéticos;Hombres;51 Ceuta;1
042 Enfermedades de la sangre y de los órganos hematopoyéticos;Hombres;52 Melilla;1
042 Enfermedades de la sangre y de los órganos hematopoyéticos;Hombres;Extranjero;6
042 Enfermedades de la sangre y de los órganos hematopoyéticos;Mujeres;Total;1.034
042 Enfermedades de la sangre y de los órganos hematopoyéticos;Mujeres;02 Albacete;8
042 Enfermedades de la sangre y de los órganos hematopoyéticos;Mujeres;03 Alicante/Alacant;35
042 Enfermedades de la sangre y de los órganos hematopoyéticos;Mujeres;04 Almería;12
042 Enfermedades de la sangre y de los órganos hematopoyéticos;Mujeres;01 Araba/Álava;7
042 Enfermedades de la sangre y de los órganos hematopoyéticos;Mujeres;33 Asturias;33
042 Enfermedades de la sangre y de los órganos hematopoyéticos;Mujeres;05 Ávila;7
042 Enfermedades de la sangre y de los órganos hematopoyéticos;Mujeres;06 Badajoz;22
042 Enfermedades de la sangre y de los órganos hematopoyéticos;Mujeres;07 Balears, Illes;18
042 Enfermedades de la sangre y de los órganos hematopoyéticos;Mujeres;08 Barcelona;130
042 Enfermedades de la sangre y de los órganos hematopoyéticos;Mujeres;48 Bizkaia;41
042 Enfermedades de la sangre y de los órganos hematopoyéticos;Mujeres;09 Burgos;10
042 Enfermedades de la sangre y de los órganos hematopoyéticos;Mujeres;10 Cáceres;13
042 Enfermedades de la sangre y de los órganos hematopoyéticos;Mujeres;11 Cádiz;27
042 Enfermedades de la sangre y de los órganos hematopoyéticos;Mujeres;39 Cantabria;10
042 Enfermedades de la sangre y de los órganos hematopoyéticos;Mujeres;12 Castellón/Castelló;11
042 Enfermedades de la sangre y de los órganos hematopoyéticos;Mujeres;13 Ciudad Real;11
042 Enfermedades de la sangre y de los órganos hematopoyéticos;Mujeres;14 Córdoba;27
042 Enfermedades de la sangre y de los órganos hematopoyéticos;Mujeres;15 Coruña, A;46
042 Enfermedades de la sangre y de los órganos hematopoyéticos;Mujeres;16 Cuenca;13
042 Enfermedades de la sangre y de los órganos hematopoyéticos;Mujeres;20 Gipuzkoa;25
042 Enfermedades de la sangre y de los órganos hematopoyéticos;Mujeres;17 Girona;16
042 Enfermedades de la sangre y de los órganos hematopoyéticos;Mujeres;18 Granada;14
042 Enfermedades de la sangre y de los órganos hematopoyéticos;Mujeres;19 Guadalajara;3
042 Enfermedades de la sangre y de los órganos hematopoyéticos;Mujeres;21 Huelva;8
042 Enfermedades de la sangre y de los órganos hematopoyéticos;Mujeres;22 Huesca;6
042 Enfermedades de la sangre y de los órganos hematopoyéticos;Mujeres;23 Jaén;12
042 Enfermedades de la sangre y de los órganos hematopoyéticos;Mujeres;24 León;20
042 Enfermedades de la sangre y de los órganos hematopoyéticos;Mujeres;25 Lleida;13
042 Enfermedades de la sangre y de los órganos hematopoyéticos;Mujeres;27 Lugo;17
042 Enfermedades de la sangre y de los órganos hematopoyéticos;Mujeres;28 Madrid;99
042 Enfermedades de la sangre y de los órganos hematopoyéticos;Mujeres;29 Málaga;23
042 Enfermedades de la sangre y de los órganos hematopoyéticos;Mujeres;30 Murcia;25
042 Enfermedades de la sangre y de los órganos hematopoyéticos;Mujeres;31 Navarra;22
042 Enfermedades de la sangre y de los órganos hematopoyéticos;Mujeres;32 Ourense;20
042 Enfermedades de la sangre y de los órganos hematopoyéticos;Mujeres;34 Palencia;2
042 Enfermedades de la sangre y de los órganos hematopoyéticos;Mujeres;35 Palmas, Las;14
042 Enfermedades de la sangre y de los órganos hematopoyéticos;Mujeres;36 Pontevedra;21
042 Enfermedades de la sangre y de los órganos hematopoyéticos;Mujeres;26 Rioja, La;6
042 Enfermedades de la sangre y de los órganos hematopoyéticos;Mujeres;37 Salamanca;8
042 Enfermedades de la sangre y de los órganos hematopoyéticos;Mujeres;38 Santa Cruz de Tenerife;18
042 Enfermedades de la sangre y de los órganos hematopoyéticos;Mujeres;40 Segovia;4
042 Enfermedades de la sangre y de los órganos hematopoyéticos;Mujeres;41 Sevilla;28
042 Enfermedades de la sangre y de los órganos hematopoyéticos;Mujeres;42 Soria;6
042 Enfermedades de la sangre y de los órganos hematopoyéticos;Mujeres;43 Tarragona;21
042 Enfermedades de la sangre y de los órganos hematopoyéticos;Mujeres;44 Teruel;1
042 Enfermedades de la sangre y de los órganos hematopoyéticos;Mujeres;45 Toledo;15
042 Enfermedades de la sangre y de los órganos hematopoyéticos;Mujeres;46 Valencia/València;46
042 Enfermedades de la sangre y de los órganos hematopoyéticos;Mujeres;47 Valladolid;13
042 Enfermedades de la sangre y de los órganos hematopoyéticos;Mujeres;49 Zamora;14
042 Enfermedades de la sangre y de los órganos hematopoyéticos;Mujeres;50 Zaragoza;11
042 Enfermedades de la sangre y de los órganos hematopoyéticos;Mujeres;51 Ceuta;1
042 Enfermedades de la sangre y de los órganos hematopoyéticos;Mujeres;52 Melilla;0
042 Enfermedades de la sangre y de los órganos hematopoyéticos;Mujeres;Extranjero;1
043 Ciertos trastornos que afectan al mecanismo de la inmunidad;Hombres;Total;108
043 Ciertos trastornos que afectan al mecanismo de la inmunidad;Hombres;02 Albacete;0
043 Ciertos trastornos que afectan al mecanismo de la inmunidad;Hombres;03 Alicante/Alacant;4
043 Ciertos trastornos que afectan al mecanismo de la inmunidad;Hombres;04 Almería;1
043 Ciertos trastornos que afectan al mecanismo de la inmunidad;Hombres;01 Araba/Álava;1
043 Ciertos trastornos que afectan al mecanismo de la inmunidad;Hombres;33 Asturias;2
043 Ciertos trastornos que afectan al mecanismo de la inmunidad;Hombres;05 Ávila;1
043 Ciertos trastornos que afectan al mecanismo de la inmunidad;Hombres;06 Badajoz;4
043 Ciertos trastornos que afectan al mecanismo de la inmunidad;Hombres;07 Balears, Illes;2
043 Ciertos trastornos que afectan al mecanismo de la inmunidad;Hombres;08 Barcelona;8
043 Ciertos trastornos que afectan al mecanismo de la inmunidad;Hombres;48 Bizkaia;0
043 Ciertos trastornos que afectan al mecanismo de la inmunidad;Hombres;09 Burgos;2
043 Ciertos trastornos que afectan al mecanismo de la inmunidad;Hombres;10 Cáceres;1
043 Ciertos trastornos que afectan al mecanismo de la inmunidad;Hombres;11 Cádiz;3
043 Ciertos trastornos que afectan al mecanismo de la inmunidad;Hombres;39 Cantabria;1
043 Ciertos trastornos que afectan al mecanismo de la inmunidad;Hombres;12 Castellón/Castelló;2
043 Ciertos trastornos que afectan al mecanismo de la inmunidad;Hombres;13 Ciudad Real;0
043 Ciertos trastornos que afectan al mecanismo de la inmunidad;Hombres;14 Córdoba;0
043 Ciertos trastornos que afectan al mecanismo de la inmunidad;Hombres;15 Coruña, A;2
043 Ciertos trastornos que afectan al mecanismo de la inmunidad;Hombres;16 Cuenca;0
043 Ciertos trastornos que afectan al mecanismo de la inmunidad;Hombres;20 Gipuzkoa;3
043 Ciertos trastornos que afectan al mecanismo de la inmunidad;Hombres;17 Girona;2
043 Ciertos trastornos que afectan al mecanismo de la inmunidad;Hombres;18 Granada;4
043 Ciertos trastornos que afectan al mecanismo de la inmunidad;Hombres;19 Guadalajara;0
043 Ciertos trastornos que afectan al mecanismo de la inmunidad;Hombres;21 Huelva;3
043 Ciertos trastornos que afectan al mecanismo de la inmunidad;Hombres;22 Huesca;0
043 Ciertos trastornos que afectan al mecanismo de la inmunidad;Hombres;23 Jaén;1
043 Ciertos trastornos que afectan al mecanismo de la inmunidad;Hombres;24 León;1
043 Ciertos trastornos que afectan al mecanismo de la inmunidad;Hombres;25 Lleida;4
043 Ciertos trastornos que afectan al mecanismo de la inmunidad;Hombres;27 Lugo;2
043 Ciertos trastornos que afectan al mecanismo de la inmunidad;Hombres;28 Madrid;10
043 Ciertos trastornos que afectan al mecanismo de la inmunidad;Hombres;29 Málaga;3
043 Ciertos trastornos que afectan al mecanismo de la inmunidad;Hombres;30 Murcia;4
043 Ciertos trastornos que afectan al mecanismo de la inmunidad;Hombres;31 Navarra;2
043 Ciertos trastornos que afectan al mecanismo de la inmunidad;Hombres;32 Ourense;4
043 Ciertos trastornos que afectan al mecanismo de la inmunidad;Hombres;34 Palencia;1
043 Ciertos trastornos que afectan al mecanismo de la inmunidad;Hombres;35 Palmas, Las;1
043 Ciertos trastornos que afectan al mecanismo de la inmunidad;Hombres;36 Pontevedra;1
043 Ciertos trastornos que afectan al mecanismo de la inmunidad;Hombres;26 Rioja, La;0
043 Ciertos trastornos que afectan al mecanismo de la inmunidad;Hombres;37 Salamanca;0
043 Ciertos trastornos que afectan al mecanismo de la inmunidad;Hombres;38 Santa Cruz de Tenerife;2
043 Ciertos trastornos que afectan al mecanismo de la inmunidad;Hombres;40 Segovia;1
043 Ciertos trastornos que afectan al mecanismo de la inmunidad;Hombres;41 Sevilla;7
043 Ciertos trastornos que afectan al mecanismo de la inmunidad;Hombres;42 Soria;0
043 Ciertos trastornos que afectan al mecanismo de la inmunidad;Hombres;43 Tarragona;1
043 Ciertos trastornos que afectan al mecanismo de la inmunidad;Hombres;44 Teruel;1
043 Ciertos trastornos que afectan al mecanismo de la inmunidad;Hombres;45 Toledo;2
043 Ciertos trastornos que afectan al mecanismo de la inmunidad;Hombres;46 Valencia/València;4
043 Ciertos trastornos que afectan al mecanismo de la inmunidad;Hombres;47 Valladolid;4
043 Ciertos trastornos que afectan al mecanismo de la inmunidad;Hombres;49 Zamora;1
043 Ciertos trastornos que afectan al mecanismo de la inmunidad;Hombres;50 Zaragoza;0
043 Ciertos trastornos que afectan al mecanismo de la inmunidad;Hombres;51 Ceuta;0
043 Ciertos trastornos que afectan al mecanismo de la inmunidad;Hombres;52 Melilla;1
043 Ciertos trastornos que afectan al mecanismo de la inmunidad;Hombres;Extranjero;4
043 Ciertos trastornos que afectan al mecanismo de la inmunidad;Mujeres;Total;100
043 Ciertos trastornos que afectan al mecanismo de la inmunidad;Mujeres;02 Albacete;0
043 Ciertos trastornos que afectan al mecanismo de la inmunidad;Mujeres;03 Alicante/Alacant;3
043 Ciertos trastornos que afectan al mecanismo de la inmunidad;Mujeres;04 Almería;1
043 Ciertos trastornos que afectan al mecanismo de la inmunidad;Mujeres;01 Araba/Álava;1
043 Ciertos trastornos que afectan al mecanismo de la inmunidad;Mujeres;33 Asturias;2
043 Ciertos trastornos que afectan al mecanismo de la inmunidad;Mujeres;05 Ávila;1
043 Ciertos trastornos que afectan al mecanismo de la inmunidad;Mujeres;06 Badajoz;1
043 Ciertos trastornos que afectan al mecanismo de la inmunidad;Mujeres;07 Balears, Illes;6
043 Ciertos trastornos que afectan al mecanismo de la inmunidad;Mujeres;08 Barcelona;17
043 Ciertos trastornos que afectan al mecanismo de la inmunidad;Mujeres;48 Bizkaia;3
043 Ciertos trastornos que afectan al mecanismo de la inmunidad;Mujeres;09 Burgos;0
043 Ciertos trastornos que afectan al mecanismo de la inmunidad;Mujeres;10 Cáceres;1
043 Ciertos trastornos que afectan al mecanismo de la inmunidad;Mujeres;11 Cádiz;4
043 Ciertos trastornos que afectan al mecanismo de la inmunidad;Mujeres;39 Cantabria;1
043 Ciertos trastornos que afectan al mecanismo de la inmunidad;Mujeres;12 Castellón/Castelló;1
043 Ciertos trastornos que afectan al mecanismo de la inmunidad;Mujeres;13 Ciudad Real;0
043 Ciertos trastornos que afectan al mecanismo de la inmunidad;Mujeres;14 Córdoba;4
043 Ciertos trastornos que afectan al mecanismo de la inmunidad;Mujeres;15 Coruña, A;1
043 Ciertos trastornos que afectan al mecanismo de la inmunidad;Mujeres;16 Cuenca;0
043 Ciertos trastornos que afectan al mecanismo de la inmunidad;Mujeres;20 Gipuzkoa;0
043 Ciertos trastornos que afectan al mecanismo de la inmunidad;Mujeres;17 Girona;3
043 Ciertos trastornos que afectan al mecanismo de la inmunidad;Mujeres;18 Granada;1
043 Ciertos trastornos que afectan al mecanismo de la inmunidad;Mujeres;19 Guadalajara;0
043 Ciertos trastornos que afectan al mecanismo de la inmunidad;Mujeres;21 Huelva;2
043 Ciertos trastornos que afectan al mecanismo de la inmunidad;Mujeres;22 Huesca;0
043 Ciertos trastornos que afectan al mecanismo de la inmunidad;Mujeres;23 Jaén;0
043 Ciertos trastornos que afectan al mecanismo de la inmunidad;Mujeres;24 León;0
043 Ciertos trastornos que afectan al mecanismo de la inmunidad;Mujeres;25 Lleida;1
043 Ciertos trastornos que afectan al mecanismo de la inmunidad;Mujeres;27 Lugo;0
043 Ciertos trastornos que afectan al mecanismo de la inmunidad;Mujeres;28 Madrid;14
043 Ciertos trastornos que afectan al mecanismo de la inmunidad;Mujeres;29 Málaga;2
043 Ciertos trastornos que afectan al mecanismo de la inmunidad;Mujeres;30 Murcia;1
043 Ciertos trastornos que afectan al mecanismo de la inmunidad;Mujeres;31 Navarra;2
043 Ciertos trastornos que afectan al mecanismo de la inmunidad;Mujeres;32 Ourense;1
043 Ciertos trastornos que afectan al mecanismo de la inmunidad;Mujeres;34 Palencia;0
043 Ciertos trastornos que afectan al mecanismo de la inmunidad;Mujeres;35 Palmas, Las;1
043 Ciertos trastornos que afectan al mecanismo de la inmunidad;Mujeres;36 Pontevedra;1
043 Ciertos trastornos que afectan al mecanismo de la inmunidad;Mujeres;26 Rioja, La;1
043 Ciertos trastornos que afectan al mecanismo de la inmunidad;Mujeres;37 Salamanca;4
043 Ciertos trastornos que afectan al mecanismo de la inmunidad;Mujeres;38 Santa Cruz de Tenerife;3
043 Ciertos trastornos que afectan al mecanismo de la inmunidad;Mujeres;40 Segovia;0
043 Ciertos trastornos que afectan al mecanismo de la inmunidad;Mujeres;41 Sevilla;3
043 Ciertos trastornos que afectan al mecanismo de la inmunidad;Mujeres;42 Soria;0
043 Ciertos trastornos que afectan al mecanismo de la inmunidad;Mujeres;43 Tarragona;4
043 Ciertos trastornos que afectan al mecanismo de la inmunidad;Mujeres;44 Teruel;0
043 Ciertos trastornos que afectan al mecanismo de la inmunidad;Mujeres;45 Toledo;4
043 Ciertos trastornos que afectan al mecanismo de la inmunidad;Mujeres;46 Valencia/València;2
043 Ciertos trastornos que afectan al mecanismo de la inmunidad;Mujeres;47 Valladolid;0
043 Ciertos trastornos que afectan al mecanismo de la inmunidad;Mujeres;49 Zamora;2
043 Ciertos trastornos que afectan al mecanismo de la inmunidad;Mujeres;50 Zaragoza;0
043 Ciertos trastornos que afectan al mecanismo de la inmunidad;Mujeres;51 Ceuta;0
043 Ciertos trastornos que afectan al mecanismo de la inmunidad;Mujeres;52 Melilla;1
043 Ciertos trastornos que afectan al mecanismo de la inmunidad;Mujeres;Extranjero;0
044-045 IV.Enfermedades endocrinas, nutricionales y metabólicas;Hombres;Total;5.868
044-045 IV.Enfermedades endocrinas, nutricionales y metabólicas;Hombres;02 Albacete;42
044-045 IV.Enfermedades endocrinas, nutricionales y metabólicas;Hombres;03 Alicante/Alacant;277
044-045 IV.Enfermedades endocrinas, nutricionales y metabólicas;Hombres;04 Almería;91
044-045 IV.Enfermedades endocrinas, nutricionales y metabólicas;Hombres;01 Araba/Álava;33
044-045 IV.Enfermedades endocrinas, nutricionales y metabólicas;Hombres;33 Asturias;164
044-045 IV.Enfermedades endocrinas, nutricionales y metabólicas;Hombres;05 Ávila;43
044-045 IV.Enfermedades endocrinas, nutricionales y metabólicas;Hombres;06 Badajoz;74
044-045 IV.Enfermedades endocrinas, nutricionales y metabólicas;Hombres;07 Balears, Illes;156
044-045 IV.Enfermedades endocrinas, nutricionales y metabólicas;Hombres;08 Barcelona;684
044-045 IV.Enfermedades endocrinas, nutricionales y metabólicas;Hombres;48 Bizkaia;155
044-045 IV.Enfermedades endocrinas, nutricionales y metabólicas;Hombres;09 Burgos;65
044-045 IV.Enfermedades endocrinas, nutricionales y metabólicas;Hombres;10 Cáceres;62
044-045 IV.Enfermedades endocrinas, nutricionales y metabólicas;Hombres;11 Cádiz;139
044-045 IV.Enfermedades endocrinas, nutricionales y metabólicas;Hombres;39 Cantabria;75
044-045 IV.Enfermedades endocrinas, nutricionales y metabólicas;Hombres;12 Castellón/Castelló;103
044-045 IV.Enfermedades endocrinas, nutricionales y metabólicas;Hombres;13 Ciudad Real;65
044-045 IV.Enfermedades endocrinas, nutricionales y metabólicas;Hombres;14 Córdoba;155
044-045 IV.Enfermedades endocrinas, nutricionales y metabólicas;Hombres;15 Coruña, A;110
044-045 IV.Enfermedades endocrinas, nutricionales y metabólicas;Hombres;16 Cuenca;27
044-045 IV.Enfermedades endocrinas, nutricionales y metabólicas;Hombres;20 Gipuzkoa;87
044-045 IV.Enfermedades endocrinas, nutricionales y metabólicas;Hombres;17 Girona;123
044-045 IV.Enfermedades endocrinas, nutricionales y metabólicas;Hombres;18 Granada;97
044-045 IV.Enfermedades endocrinas, nutricionales y metabólicas;Hombres;19 Guadalajara;34
044-045 IV.Enfermedades endocrinas, nutricionales y metabólicas;Hombres;21 Huelva;71
044-045 IV.Enfermedades endocrinas, nutricionales y metabólicas;Hombres;22 Huesca;41
044-045 IV.Enfermedades endocrinas, nutricionales y metabólicas;Hombres;23 Jaén;100
044-045 IV.Enfermedades endocrinas, nutricionales y metabólicas;Hombres;24 León;102
044-045 IV.Enfermedades endocrinas, nutricionales y metabólicas;Hombres;25 Lleida;60
044-045 IV.Enfermedades endocrinas, nutricionales y metabólicas;Hombres;27 Lugo;55
044-045 IV.Enfermedades endocrinas, nutricionales y metabólicas;Hombres;28 Madrid;432
044-045 IV.Enfermedades endocrinas, nutricionales y metabólicas;Hombres;29 Málaga;151
044-045 IV.Enfermedades endocrinas, nutricionales y metabólicas;Hombres;30 Murcia;207
044-045 IV.Enfermedades endocrinas, nutricionales y metabólicas;Hombres;31 Navarra;70
044-045 IV.Enfermedades endocrinas, nutricionales y metabólicas;Hombres;32 Ourense;48
044-045 IV.Enfermedades endocrinas, nutricionales y metabólicas;Hombres;34 Palencia;24
044-045 IV.Enfermedades endocrinas, nutricionales y metabólicas;Hombres;35 Palmas, Las;114
044-045 IV.Enfermedades endocrinas, nutricionales y metabólicas;Hombres;36 Pontevedra;59
044-045 IV.Enfermedades endocrinas, nutricionales y metabólicas;Hombres;26 Rioja, La;56
044-045 IV.Enfermedades endocrinas, nutricionales y metabólicas;Hombres;37 Salamanca;63
044-045 IV.Enfermedades endocrinas, nutricionales y metabólicas;Hombres;38 Santa Cruz de Tenerife;111
044-045 IV.Enfermedades endocrinas, nutricionales y metabólicas;Hombres;40 Segovia;27
044-045 IV.Enfermedades endocrinas, nutricionales y metabólicas;Hombres;41 Sevilla;195
044-045 IV.Enfermedades endocrinas, nutricionales y metabólicas;Hombres;42 Soria;20
044-045 IV.Enfermedades endocrinas, nutricionales y metabólicas;Hombres;43 Tarragona;142
044-045 IV.Enfermedades endocrinas, nutricionales y metabólicas;Hombres;44 Teruel;31
044-045 IV.Enfermedades endocrinas, nutricionales y metabólicas;Hombres;45 Toledo;85
044-045 IV.Enfermedades endocrinas, nutricionales y metabólicas;Hombres;46 Valencia/València;442
044-045 IV.Enfermedades endocrinas, nutricionales y metabólicas;Hombres;47 Valladolid;85
044-045 IV.Enfermedades endocrinas, nutricionales y metabólicas;Hombres;49 Zamora;43
044-045 IV.Enfermedades endocrinas, nutricionales y metabólicas;Hombres;50 Zaragoza;140
044-045 IV.Enfermedades endocrinas, nutricionales y metabólicas;Hombres;51 Ceuta;7
044-045 IV.Enfermedades endocrinas, nutricionales y metabólicas;Hombres;52 Melilla;11
044-045 IV.Enfermedades endocrinas, nutricionales y metabólicas;Hombres;Extranjero;15
044-045 IV.Enfermedades endocrinas, nutricionales y metabólicas;Mujeres;Total;7.483
044-045 IV.Enfermedades endocrinas, nutricionales y metabólicas;Mujeres;02 Albacete;52
044-045 IV.Enfermedades endocrinas, nutricionales y metabólicas;Mujeres;03 Alicante/Alacant;297
044-045 IV.Enfermedades endocrinas, nutricionales y metabólicas;Mujeres;04 Almería;103
044-045 IV.Enfermedades endocrinas, nutricionales y metabólicas;Mujeres;01 Araba/Álava;43
044-045 IV.Enfermedades endocrinas, nutricionales y metabólicas;Mujeres;33 Asturias;228
044-045 IV.Enfermedades endocrinas, nutricionales y metabólicas;Mujeres;05 Ávila;35
044-045 IV.Enfermedades endocrinas, nutricionales y metabólicas;Mujeres;06 Badajoz;113
044-045 IV.Enfermedades endocrinas, nutricionales y metabólicas;Mujeres;07 Balears, Illes;176
044-045 IV.Enfermedades endocrinas, nutricionales y metabólicas;Mujeres;08 Barcelona;874
044-045 IV.Enfermedades endocrinas, nutricionales y metabólicas;Mujeres;48 Bizkaia;215
044-045 IV.Enfermedades endocrinas, nutricionales y metabólicas;Mujeres;09 Burgos;91
044-045 IV.Enfermedades endocrinas, nutricionales y metabólicas;Mujeres;10 Cáceres;74
044-045 IV.Enfermedades endocrinas, nutricionales y metabólicas;Mujeres;11 Cádiz;171
044-045 IV.Enfermedades endocrinas, nutricionales y metabólicas;Mujeres;39 Cantabria;100
044-045 IV.Enfermedades endocrinas, nutricionales y metabólicas;Mujeres;12 Castellón/Castelló;131
044-045 IV.Enfermedades endocrinas, nutricionales y metabólicas;Mujeres;13 Ciudad Real;103
044-045 IV.Enfermedades endocrinas, nutricionales y metabólicas;Mujeres;14 Córdoba;201
044-045 IV.Enfermedades endocrinas, nutricionales y metabólicas;Mujeres;15 Coruña, A;140
044-045 IV.Enfermedades endocrinas, nutricionales y metabólicas;Mujeres;16 Cuenca;46
044-045 IV.Enfermedades endocrinas, nutricionales y metabólicas;Mujeres;20 Gipuzkoa;117
044-045 IV.Enfermedades endocrinas, nutricionales y metabólicas;Mujeres;17 Girona;142
044-045 IV.Enfermedades endocrinas, nutricionales y metabólicas;Mujeres;18 Granada;138
044-045 IV.Enfermedades endocrinas, nutricionales y metabólicas;Mujeres;19 Guadalajara;38
044-045 IV.Enfermedades endocrinas, nutricionales y metabólicas;Mujeres;21 Huelva;102
044-045 IV.Enfermedades endocrinas, nutricionales y metabólicas;Mujeres;22 Huesca;42
044-045 IV.Enfermedades endocrinas, nutricionales y metabólicas;Mujeres;23 Jaén;147
044-045 IV.Enfermedades endocrinas, nutricionales y metabólicas;Mujeres;24 León;128
044-045 IV.Enfermedades endocrinas, nutricionales y metabólicas;Mujeres;25 Lleida;78
044-045 IV.Enfermedades endocrinas, nutricionales y metabólicas;Mujeres;27 Lugo;53
044-045 IV.Enfermedades endocrinas, nutricionales y metabólicas;Mujeres;28 Madrid;607
044-045 IV.Enfermedades endocrinas, nutricionales y metabólicas;Mujeres;29 Málaga;188
044-045 IV.Enfermedades endocrinas, nutricionales y metabólicas;Mujeres;30 Murcia;209
044-045 IV.Enfermedades endocrinas, nutricionales y metabólicas;Mujeres;31 Navarra;97
044-045 IV.Enfermedades endocrinas, nutricionales y metabólicas;Mujeres;32 Ourense;72
044-045 IV.Enfermedades endocrinas, nutricionales y metabólicas;Mujeres;34 Palencia;60
044-045 IV.Enfermedades endocrinas, nutricionales y metabólicas;Mujeres;35 Palmas, Las;131
044-045 IV.Enfermedades endocrinas, nutricionales y metabólicas;Mujeres;36 Pontevedra;98
044-045 IV.Enfermedades endocrinas, nutricionales y metabólicas;Mujeres;26 Rioja, La;48
044-045 IV.Enfermedades endocrinas, nutricionales y metabólicas;Mujeres;37 Salamanca;103
044-045 IV.Enfermedades endocrinas, nutricionales y metabólicas;Mujeres;38 Santa Cruz de Tenerife;132
044-045 IV.Enfermedades endocrinas, nutricionales y metabólicas;Mujeres;40 Segovia;26
044-045 IV.Enfermedades endocrinas, nutricionales y metabólicas;Mujeres;41 Sevilla;219
044-045 IV.Enfermedades endocrinas, nutricionales y metabólicas;Mujeres;42 Soria;15
044-045 IV.Enfermedades endocrinas, nutricionales y metabólicas;Mujeres;43 Tarragona;137
044-045 IV.Enfermedades endocrinas, nutricionales y metabólicas;Mujeres;44 Teruel;33
044-045 IV.Enfermedades endocrinas, nutricionales y metabólicas;Mujeres;45 Toledo;112
044-045 IV.Enfermedades endocrinas, nutricionales y metabólicas;Mujeres;46 Valencia/València;612
044-045 IV.Enfermedades endocrinas, nutricionales y metabólicas;Mujeres;47 Valladolid;104
044-045 IV.Enfermedades endocrinas, nutricionales y metabólicas;Mujeres;49 Zamora;71
044-045 IV.Enfermedades endocrinas, nutricionales y metabólicas;Mujeres;50 Zaragoza;181
044-045 IV.Enfermedades endocrinas, nutricionales y metabólicas;Mujeres;51 Ceuta;10
044-045 IV.Enfermedades endocrinas, nutricionales y metabólicas;Mujeres;52 Melilla;16
044-045 IV.Enfermedades endocrinas, nutricionales y metabólicas;Mujeres;Extranjero;24
044 Diabetes mellitus;Hombres;Total;4.329
044 Diabetes mellitus;Hombres;02 Albacete;32
044 Diabetes mellitus;Hombres;03 Alicante/Alacant;196
044 Diabetes mellitus;Hombres;04 Almería;60
044 Diabetes mellitus;Hombres;01 Araba/Álava;21
044 Diabetes mellitus;Hombres;33 Asturias;124
044 Diabetes mellitus;Hombres;05 Ávila;32
044 Diabetes mellitus;Hombres;06 Badajoz;58
044 Diabetes mellitus;Hombres;07 Balears, Illes;122
044 Diabetes mellitus;Hombres;08 Barcelona;505
044 Diabetes mellitus;Hombres;48 Bizkaia;112
044 Diabetes mellitus;Hombres;09 Burgos;43
044 Diabetes mellitus;Hombres;10 Cáceres;35
044 Diabetes mellitus;Hombres;11 Cádiz;106
044 Diabetes mellitus;Hombres;39 Cantabria;57
044 Diabetes mellitus;Hombres;12 Castellón/Castelló;75
044 Diabetes mellitus;Hombres;13 Ciudad Real;50
044 Diabetes mellitus;Hombres;14 Córdoba;119
044 Diabetes mellitus;Hombres;15 Coruña, A;88
044 Diabetes mellitus;Hombres;16 Cuenca;21
044 Diabetes mellitus;Hombres;20 Gipuzkoa;63
044 Diabetes mellitus;Hombres;17 Girona;86
044 Diabetes mellitus;Hombres;18 Granada;70
044 Diabetes mellitus;Hombres;19 Guadalajara;23
044 Diabetes mellitus;Hombres;21 Huelva;50
044 Diabetes mellitus;Hombres;22 Huesca;34
044 Diabetes mellitus;Hombres;23 Jaén;79
044 Diabetes mellitus;Hombres;24 León;75
044 Diabetes mellitus;Hombres;25 Lleida;47
044 Diabetes mellitus;Hombres;27 Lugo;47
044 Diabetes mellitus;Hombres;28 Madrid;257
044 Diabetes mellitus;Hombres;29 Málaga;102
044 Diabetes mellitus;Hombres;30 Murcia;157
044 Diabetes mellitus;Hombres;31 Navarra;50
044 Diabetes mellitus;Hombres;32 Ourense;37
044 Diabetes mellitus;Hombres;34 Palencia;15
044 Diabetes mellitus;Hombres;35 Palmas, Las;89
044 Diabetes mellitus;Hombres;36 Pontevedra;41
044 Diabetes mellitus;Hombres;26 Rioja, La;33
044 Diabetes mellitus;Hombres;37 Salamanca;49
044 Diabetes mellitus;Hombres;38 Santa Cruz de Tenerife;84
044 Diabetes mellitus;Hombres;40 Segovia;21
044 Diabetes mellitus;Hombres;41 Sevilla;141
044 Diabetes mellitus;Hombres;42 Soria;15
044 Diabetes mellitus;Hombres;43 Tarragona;112
044 Diabetes mellitus;Hombres;44 Teruel;30
044 Diabetes mellitus;Hombres;45 Toledo;63
044 Diabetes mellitus;Hombres;46 Valencia/València;364
044 Diabetes mellitus;Hombres;47 Valladolid;65
044 Diabetes mellitus;Hombres;49 Zamora;31
044 Diabetes mellitus;Hombres;50 Zaragoza;124
044 Diabetes mellitus;Hombres;51 Ceuta;5
044 Diabetes mellitus;Hombres;52 Melilla;5
044 Diabetes mellitus;Hombres;Extranjero;9
044 Diabetes mellitus;Mujeres;Total;5.315
044 Diabetes mellitus;Mujeres;02 Albacete;34
044 Diabetes mellitus;Mujeres;03 Alicante/Alacant;201
044 Diabetes mellitus;Mujeres;04 Almería;69
044 Diabetes mellitus;Mujeres;01 Araba/Álava;25
044 Diabetes mellitus;Mujeres;33 Asturias;167
044 Diabetes mellitus;Mujeres;05 Ávila;20
044 Diabetes mellitus;Mujeres;06 Badajoz;94
044 Diabetes mellitus;Mujeres;07 Balears, Illes;130
044 Diabetes mellitus;Mujeres;08 Barcelona;600
044 Diabetes mellitus;Mujeres;48 Bizkaia;155
044 Diabetes mellitus;Mujeres;09 Burgos;72
044 Diabetes mellitus;Mujeres;10 Cáceres;52
044 Diabetes mellitus;Mujeres;11 Cádiz;129
044 Diabetes mellitus;Mujeres;39 Cantabria;66
044 Diabetes mellitus;Mujeres;12 Castellón/Castelló;102
044 Diabetes mellitus;Mujeres;13 Ciudad Real;81
044 Diabetes mellitus;Mujeres;14 Córdoba;154
044 Diabetes mellitus;Mujeres;15 Coruña, A;102
044 Diabetes mellitus;Mujeres;16 Cuenca;36
044 Diabetes mellitus;Mujeres;20 Gipuzkoa;78
044 Diabetes mellitus;Mujeres;17 Girona;96
044 Diabetes mellitus;Mujeres;18 Granada;109
044 Diabetes mellitus;Mujeres;19 Guadalajara;18
044 Diabetes mellitus;Mujeres;21 Huelva;77
044 Diabetes mellitus;Mujeres;22 Huesca;38
044 Diabetes mellitus;Mujeres;23 Jaén;104
044 Diabetes mellitus;Mujeres;24 León;82
044 Diabetes mellitus;Mujeres;25 Lleida;60
044 Diabetes mellitus;Mujeres;27 Lugo;40
044 Diabetes mellitus;Mujeres;28 Madrid;338
044 Diabetes mellitus;Mujeres;29 Málaga;136
044 Diabetes mellitus;Mujeres;30 Murcia;142
044 Diabetes mellitus;Mujeres;31 Navarra;76
044 Diabetes mellitus;Mujeres;32 Ourense;53
044 Diabetes mellitus;Mujeres;34 Palencia;47
044 Diabetes mellitus;Mujeres;35 Palmas, Las;101
044 Diabetes mellitus;Mujeres;36 Pontevedra;65
044 Diabetes mellitus;Mujeres;26 Rioja, La;34
044 Diabetes mellitus;Mujeres;37 Salamanca;77
044 Diabetes mellitus;Mujeres;38 Santa Cruz de Tenerife;92
044 Diabetes mellitus;Mujeres;40 Segovia;22
044 Diabetes mellitus;Mujeres;41 Sevilla;156
044 Diabetes mellitus;Mujeres;42 Soria;12
044 Diabetes mellitus;Mujeres;43 Tarragona;101
044 Diabetes mellitus;Mujeres;44 Teruel;32
044 Diabetes mellitus;Mujeres;45 Toledo;85
044 Diabetes mellitus;Mujeres;46 Valencia/València;450
044 Diabetes mellitus;Mujeres;47 Valladolid;75
044 Diabetes mellitus;Mujeres;49 Zamora;56
044 Diabetes mellitus;Mujeres;50 Zaragoza;145
044 Diabetes mellitus;Mujeres;51 Ceuta;6
044 Diabetes mellitus;Mujeres;52 Melilla;12
044 Diabetes mellitus;Mujeres;Extranjero;11
045 Otras enfermedades endocrinas, nutricionales y metabólicas;Hombres;Total;1.539
045 Otras enfermedades endocrinas, nutricionales y metabólicas;Hombres;02 Albacete;10
045 Otras enfermedades endocrinas, nutricionales y metabólicas;Hombres;03 Alicante/Alacant;81
045 Otras enfermedades endocrinas, nutricionales y metabólicas;Hombres;04 Almería;31
045 Otras enfermedades endocrinas, nutricionales y metabólicas;Hombres;01 Araba/Álava;12
045 Otras enfermedades endocrinas, nutricionales y metabólicas;Hombres;33 Asturias;40
045 Otras enfermedades endocrinas, nutricionales y metabólicas;Hombres;05 Ávila;11
045 Otras enfermedades endocrinas, nutricionales y metabólicas;Hombres;06 Badajoz;16
045 Otras enfermedades endocrinas, nutricionales y metabólicas;Hombres;07 Balears, Illes;34
045 Otras enfermedades endocrinas, nutricionales y metabólicas;Hombres;08 Barcelona;179
045 Otras enfermedades endocrinas, nutricionales y metabólicas;Hombres;48 Bizkaia;43
045 Otras enfermedades endocrinas, nutricionales y metabólicas;Hombres;09 Burgos;22
045 Otras enfermedades endocrinas, nutricionales y metabólicas;Hombres;10 Cáceres;27
045 Otras enfermedades endocrinas, nutricionales y metabólicas;Hombres;11 Cádiz;33
045 Otras enfermedades endocrinas, nutricionales y metabólicas;Hombres;39 Cantabria;18
045 Otras enfermedades endocrinas, nutricionales y metabólicas;Hombres;12 Castellón/Castelló;28
045 Otras enfermedades endocrinas, nutricionales y metabólicas;Hombres;13 Ciudad Real;15
045 Otras enfermedades endocrinas, nutricionales y metabólicas;Hombres;14 Córdoba;36
045 Otras enfermedades endocrinas, nutricionales y metabólicas;Hombres;15 Coruña, A;22
045 Otras enfermedades endocrinas, nutricionales y metabólicas;Hombres;16 Cuenca;6
045 Otras enfermedades endocrinas, nutricionales y metabólicas;Hombres;20 Gipuzkoa;24
045 Otras enfermedades endocrinas, nutricionales y metabólicas;Hombres;17 Girona;37
045 Otras enfermedades endocrinas, nutricionales y metabólicas;Hombres;18 Granada;27
045 Otras enfermedades endocrinas, nutricionales y metabólicas;Hombres;19 Guadalajara;11
045 Otras enfermedades endocrinas, nutricionales y metabólicas;Hombres;21 Huelva;21
045 Otras enfermedades endocrinas, nutricionales y metabólicas;Hombres;22 Huesca;7
045 Otras enfermedades endocrinas, nutricionales y metabólicas;Hombres;23 Jaén;21
045 Otras enfermedades endocrinas, nutricionales y metabólicas;Hombres;24 León;27
045 Otras enfermedades endocrinas, nutricionales y metabólicas;Hombres;25 Lleida;13
045 Otras enfermedades endocrinas, nutricionales y metabólicas;Hombres;27 Lugo;8
045 Otras enfermedades endocrinas, nutricionales y metabólicas;Hombres;28 Madrid;175
045 Otras enfermedades endocrinas, nutricionales y metabólicas;Hombres;29 Málaga;49
045 Otras enfermedades endocrinas, nutricionales y metabólicas;Hombres;30 Murcia;50
045 Otras enfermedades endocrinas, nutricionales y metabólicas;Hombres;31 Navarra;20
045 Otras enfermedades endocrinas, nutricionales y metabólicas;Hombres;32 Ourense;11
045 Otras enfermedades endocrinas, nutricionales y metabólicas;Hombres;34 Palencia;9
045 Otras enfermedades endocrinas, nutricionales y metabólicas;Hombres;35 Palmas, Las;25
045 Otras enfermedades endocrinas, nutricionales y metabólicas;Hombres;36 Pontevedra;18
045 Otras enfermedades endocrinas, nutricionales y metabólicas;Hombres;26 Rioja, La;23
045 Otras enfermedades endocrinas, nutricionales y metabólicas;Hombres;37 Salamanca;14
045 Otras enfermedades endocrinas, nutricionales y metabólicas;Hombres;38 Santa Cruz de Tenerife;27
045 Otras enfermedades endocrinas, nutricionales y metabólicas;Hombres;40 Segovia;6
045 Otras enfermedades endocrinas, nutricionales y metabólicas;Hombres;41 Sevilla;54
045 Otras enfermedades endocrinas, nutricionales y metabólicas;Hombres;42 Soria;5
045 Otras enfermedades endocrinas, nutricionales y metabólicas;Hombres;43 Tarragona;30
045 Otras enfermedades endocrinas, nutricionales y metabólicas;Hombres;44 Teruel;1
045 Otras enfermedades endocrinas, nutricionales y metabólicas;Hombres;45 Toledo;22
045 Otras enfermedades endocrinas, nutricionales y metabólicas;Hombres;46 Valencia/València;78
045 Otras enfermedades endocrinas, nutricionales y metabólicas;Hombres;47 Valladolid;20
045 Otras enfermedades endocrinas, nutricionales y metabólicas;Hombres;49 Zamora;12
045 Otras enfermedades endocrinas, nutricionales y metabólicas;Hombres;50 Zaragoza;16
045 Otras enfermedades endocrinas, nutricionales y metabólicas;Hombres;51 Ceuta;2
045 Otras enfermedades endocrinas, nutricionales y metabólicas;Hombres;52 Melilla;6
045 Otras enfermedades endocrinas, nutricionales y metabólicas;Hombres;Extranjero;6
045 Otras enfermedades endocrinas, nutricionales y metabólicas;Mujeres;Total;2.168
045 Otras enfermedades endocrinas, nutricionales y metabólicas;Mujeres;02 Albacete;18
045 Otras enfermedades endocrinas, nutricionales y metabólicas;Mujeres;03 Alicante/Alacant;96
045 Otras enfermedades endocrinas, nutricionales y metabólicas;Mujeres;04 Almería;34
045 Otras enfermedades endocrinas, nutricionales y metabólicas;Mujeres;01 Araba/Álava;18
045 Otras enfermedades endocrinas, nutricionales y metabólicas;Mujeres;33 Asturias;61
045 Otras enfermedades endocrinas, nutricionales y metabólicas;Mujeres;05 Ávila;15
045 Otras enfermedades endocrinas, nutricionales y metabólicas;Mujeres;06 Badajoz;19
045 Otras enfermedades endocrinas, nutricionales y metabólicas;Mujeres;07 Balears, Illes;46
045 Otras enfermedades endocrinas, nutricionales y metabólicas;Mujeres;08 Barcelona;274
045 Otras enfermedades endocrinas, nutricionales y metabólicas;Mujeres;48 Bizkaia;60
045 Otras enfermedades endocrinas, nutricionales y metabólicas;Mujeres;09 Burgos;19
045 Otras enfermedades endocrinas, nutricionales y metabólicas;Mujeres;10 Cáceres;22
045 Otras enfermedades endocrinas, nutricionales y metabólicas;Mujeres;11 Cádiz;42
045 Otras enfermedades endocrinas, nutricionales y metabólicas;Mujeres;39 Cantabria;34
045 Otras enfermedades endocrinas, nutricionales y metabólicas;Mujeres;12 Castellón/Castelló;29
045 Otras enfermedades endocrinas, nutricionales y metabólicas;Mujeres;13 Ciudad Real;22
045 Otras enfermedades endocrinas, nutricionales y metabólicas;Mujeres;14 Córdoba;47
045 Otras enfermedades endocrinas, nutricionales y metabólicas;Mujeres;15 Coruña, A;38
045 Otras enfermedades endocrinas, nutricionales y metabólicas;Mujeres;16 Cuenca;10
045 Otras enfermedades endocrinas, nutricionales y metabólicas;Mujeres;20 Gipuzkoa;39
045 Otras enfermedades endocrinas, nutricionales y metabólicas;Mujeres;17 Girona;46
045 Otras enfermedades endocrinas, nutricionales y metabólicas;Mujeres;18 Granada;29
045 Otras enfermedades endocrinas, nutricionales y metabólicas;Mujeres;19 Guadalajara;20
045 Otras enfermedades endocrinas, nutricionales y metabólicas;Mujeres;21 Huelva;25
045 Otras enfermedades endocrinas, nutricionales y metabólicas;Mujeres;22 Huesca;4
045 Otras enfermedades endocrinas, nutricionales y metabólicas;Mujeres;23 Jaén;43
045 Otras enfermedades endocrinas, nutricionales y metabólicas;Mujeres;24 León;46
045 Otras enfermedades endocrinas, nutricionales y metabólicas;Mujeres;25 Lleida;18
045 Otras enfermedades endocrinas, nutricionales y metabólicas;Mujeres;27 Lugo;13
045 Otras enfermedades endocrinas, nutricionales y metabólicas;Mujeres;28 Madrid;269
045 Otras enfermedades endocrinas, nutricionales y metabólicas;Mujeres;29 Málaga;52
045 Otras enfermedades endocrinas, nutricionales y metabólicas;Mujeres;30 Murcia;67
045 Otras enfermedades endocrinas, nutricionales y metabólicas;Mujeres;31 Navarra;21
045 Otras enfermedades endocrinas, nutricionales y metabólicas;Mujeres;32 Ourense;19
045 Otras enfermedades endocrinas, nutricionales y metabólicas;Mujeres;34 Palencia;13
045 Otras enfermedades endocrinas, nutricionales y metabólicas;Mujeres;35 Palmas, Las;30
045 Otras enfermedades endocrinas, nutricionales y metabólicas;Mujeres;36 Pontevedra;33
045 Otras enfermedades endocrinas, nutricionales y metabólicas;Mujeres;26 Rioja, La;14
045 Otras enfermedades endocrinas, nutricionales y metabólicas;Mujeres;37 Salamanca;26
045 Otras enfermedades endocrinas, nutricionales y metabólicas;Mujeres;38 Santa Cruz de Tenerife;40
045 Otras enfermedades endocrinas, nutricionales y metabólicas;Mujeres;40 Segovia;4
045 Otras enfermedades endocrinas, nutricionales y metabólicas;Mujeres;41 Sevilla;63
045 Otras enfermedades endocrinas, nutricionales y metabólicas;Mujeres;42 Soria;3
045 Otras enfermedades endocrinas, nutricionales y metabólicas;Mujeres;43 Tarragona;36
045 Otras enfermedades endocrinas, nutricionales y metabólicas;Mujeres;44 Teruel;1
045 Otras enfermedades endocrinas, nutricionales y metabólicas;Mujeres;45 Toledo;27
045 Otras enfermedades endocrinas, nutricionales y metabólicas;Mujeres;46 Valencia/València;162
045 Otras enfermedades endocrinas, nutricionales y metabólicas;Mujeres;47 Valladolid;29
045 Otras enfermedades endocrinas, nutricionales y metabólicas;Mujeres;49 Zamora;15
045 Otras enfermedades endocrinas, nutricionales y metabólicas;Mujeres;50 Zaragoza;36
045 Otras enfermedades endocrinas, nutricionales y metabólicas;Mujeres;51 Ceuta;4
045 Otras enfermedades endocrinas, nutricionales y metabólicas;Mujeres;52 Melilla;4
045 Otras enfermedades endocrinas, nutricionales y metabólicas;Mujeres;Extranjero;13
046-049 V.Trastornos mentales y del comportamiento;Hombres;Total;7.875
046-049 V.Trastornos mentales y del comportamiento;Hombres;02 Albacete;82
046-049 V.Trastornos mentales y del comportamiento;Hombres;03 Alicante/Alacant;283
046-049 V.Trastornos mentales y del comportamiento;Hombres;04 Almería;91
046-049 V.Trastornos mentales y del comportamiento;Hombres;01 Araba/Álava;78
046-049 V.Trastornos mentales y del comportamiento;Hombres;33 Asturias;278
046-049 V.Trastornos mentales y del comportamiento;Hombres;05 Ávila;37
046-049 V.Trastornos mentales y del comportamiento;Hombres;06 Badajoz;108
046-049 V.Trastornos mentales y del comportamiento;Hombres;07 Balears, Illes;153
046-049 V.Trastornos mentales y del comportamiento;Hombres;08 Barcelona;1.056
046-049 V.Trastornos mentales y del comportamiento;Hombres;48 Bizkaia;296
046-049 V.Trastornos mentales y del comportamiento;Hombres;09 Burgos;87
046-049 V.Trastornos mentales y del comportamiento;Hombres;10 Cáceres;106
046-049 V.Trastornos mentales y del comportamiento;Hombres;11 Cádiz;128
046-049 V.Trastornos mentales y del comportamiento;Hombres;39 Cantabria;197
046-049 V.Trastornos mentales y del comportamiento;Hombres;12 Castellón/Castelló;81
046-049 V.Trastornos mentales y del comportamiento;Hombres;13 Ciudad Real;87
046-049 V.Trastornos mentales y del comportamiento;Hombres;14 Córdoba;136
046-049 V.Trastornos mentales y del comportamiento;Hombres;15 Coruña, A;295
046-049 V.Trastornos mentales y del comportamiento;Hombres;16 Cuenca;64
046-049 V.Trastornos mentales y del comportamiento;Hombres;20 Gipuzkoa;165
046-049 V.Trastornos mentales y del comportamiento;Hombres;17 Girona;112
046-049 V.Trastornos mentales y del comportamiento;Hombres;18 Granada;65
046-049 V.Trastornos mentales y del comportamiento;Hombres;19 Guadalajara;53
046-049 V.Trastornos mentales y del comportamiento;Hombres;21 Huelva;40
046-049 V.Trastornos mentales y del comportamiento;Hombres;22 Huesca;49
046-049 V.Trastornos mentales y del comportamiento;Hombres;23 Jaén;112
046-049 V.Trastornos mentales y del comportamiento;Hombres;24 León;135
046-049 V.Trastornos mentales y del comportamiento;Hombres;25 Lleida;60
046-049 V.Trastornos mentales y del comportamiento;Hombres;27 Lugo;135
046-049 V.Trastornos mentales y del comportamiento;Hombres;28 Madrid;796
046-049 V.Trastornos mentales y del comportamiento;Hombres;29 Málaga;177
046-049 V.Trastornos mentales y del comportamiento;Hombres;30 Murcia;187
046-049 V.Trastornos mentales y del comportamiento;Hombres;31 Navarra;147
046-049 V.Trastornos mentales y del comportamiento;Hombres;32 Ourense;136
046-049 V.Trastornos mentales y del comportamiento;Hombres;34 Palencia;26
046-049 V.Trastornos mentales y del comportamiento;Hombres;35 Palmas, Las;99
046-049 V.Trastornos mentales y del comportamiento;Hombres;36 Pontevedra;197
046-049 V.Trastornos mentales y del comportamiento;Hombres;26 Rioja, La;83
046-049 V.Trastornos mentales y del comportamiento;Hombres;37 Salamanca;44
046-049 V.Trastornos mentales y del comportamiento;Hombres;38 Santa Cruz de Tenerife;154
046-049 V.Trastornos mentales y del comportamiento;Hombres;40 Segovia;28
046-049 V.Trastornos mentales y del comportamiento;Hombres;41 Sevilla;183
046-049 V.Trastornos mentales y del comportamiento;Hombres;42 Soria;22
046-049 V.Trastornos mentales y del comportamiento;Hombres;43 Tarragona;143
046-049 V.Trastornos mentales y del comportamiento;Hombres;44 Teruel;41
046-049 V.Trastornos mentales y del comportamiento;Hombres;45 Toledo;87
046-049 V.Trastornos mentales y del comportamiento;Hombres;46 Valencia/València;398
046-049 V.Trastornos mentales y del comportamiento;Hombres;47 Valladolid;90
046-049 V.Trastornos mentales y del comportamiento;Hombres;49 Zamora;50
046-049 V.Trastornos mentales y del comportamiento;Hombres;50 Zaragoza;199
046-049 V.Trastornos mentales y del comportamiento;Hombres;51 Ceuta;7
046-049 V.Trastornos mentales y del comportamiento;Hombres;52 Melilla;4
046-049 V.Trastornos mentales y del comportamiento;Hombres;Extranjero;8
046-049 V.Trastornos mentales y del comportamiento;Mujeres;Total;15.021
046-049 V.Trastornos mentales y del comportamiento;Mujeres;02 Albacete;133
046-049 V.Trastornos mentales y del comportamiento;Mujeres;03 Alicante/Alacant;437
046-049 V.Trastornos mentales y del comportamiento;Mujeres;04 Almería;130
046-049 V.Trastornos mentales y del comportamiento;Mujeres;01 Araba/Álava;138
046-049 V.Trastornos mentales y del comportamiento;Mujeres;33 Asturias;550
046-049 V.Trastornos mentales y del comportamiento;Mujeres;05 Ávila;70
046-049 V.Trastornos mentales y del comportamiento;Mujeres;06 Badajoz;175
046-049 V.Trastornos mentales y del comportamiento;Mujeres;07 Balears, Illes;258
046-049 V.Trastornos mentales y del comportamiento;Mujeres;08 Barcelona;2.109
046-049 V.Trastornos mentales y del comportamiento;Mujeres;48 Bizkaia;635
046-049 V.Trastornos mentales y del comportamiento;Mujeres;09 Burgos;156
046-049 V.Trastornos mentales y del comportamiento;Mujeres;10 Cáceres;181
046-049 V.Trastornos mentales y del comportamiento;Mujeres;11 Cádiz;223
046-049 V.Trastornos mentales y del comportamiento;Mujeres;39 Cantabria;346
046-049 V.Trastornos mentales y del comportamiento;Mujeres;12 Castellón/Castelló;141
046-049 V.Trastornos mentales y del comportamiento;Mujeres;13 Ciudad Real;142
046-049 V.Trastornos mentales y del comportamiento;Mujeres;14 Córdoba;235
046-049 V.Trastornos mentales y del comportamiento;Mujeres;15 Coruña, A;642
046-049 V.Trastornos mentales y del comportamiento;Mujeres;16 Cuenca;74
046-049 V.Trastornos mentales y del comportamiento;Mujeres;20 Gipuzkoa;363
046-049 V.Trastornos mentales y del comportamiento;Mujeres;17 Girona;195
046-049 V.Trastornos mentales y del comportamiento;Mujeres;18 Granada;170
046-049 V.Trastornos mentales y del comportamiento;Mujeres;19 Guadalajara;103
046-049 V.Trastornos mentales y del comportamiento;Mujeres;21 Huelva;67
046-049 V.Trastornos mentales y del comportamiento;Mujeres;22 Huesca;83
046-049 V.Trastornos mentales y del comportamiento;Mujeres;23 Jaén;164
046-049 V.Trastornos mentales y del comportamiento;Mujeres;24 León;180
046-049 V.Trastornos mentales y del comportamiento;Mujeres;25 Lleida;145
046-049 V.Trastornos mentales y del comportamiento;Mujeres;27 Lugo;299
046-049 V.Trastornos mentales y del comportamiento;Mujeres;28 Madrid;1.750
046-049 V.Trastornos mentales y del comportamiento;Mujeres;29 Málaga;344
046-049 V.Trastornos mentales y del comportamiento;Mujeres;30 Murcia;327
046-049 V.Trastornos mentales y del comportamiento;Mujeres;31 Navarra;248
046-049 V.Trastornos mentales y del comportamiento;Mujeres;32 Ourense;281
046-049 V.Trastornos mentales y del comportamiento;Mujeres;34 Palencia;57
046-049 V.Trastornos mentales y del comportamiento;Mujeres;35 Palmas, Las;161
046-049 V.Trastornos mentales y del comportamiento;Mujeres;36 Pontevedra;509
046-049 V.Trastornos mentales y del comportamiento;Mujeres;26 Rioja, La;106
046-049 V.Trastornos mentales y del comportamiento;Mujeres;37 Salamanca;134
046-049 V.Trastornos mentales y del comportamiento;Mujeres;38 Santa Cruz de Tenerife;223
046-049 V.Trastornos mentales y del comportamiento;Mujeres;40 Segovia;44
046-049 V.Trastornos mentales y del comportamiento;Mujeres;41 Sevilla;308
046-049 V.Trastornos mentales y del comportamiento;Mujeres;42 Soria;31
046-049 V.Trastornos mentales y del comportamiento;Mujeres;43 Tarragona;291
046-049 V.Trastornos mentales y del comportamiento;Mujeres;44 Teruel;90
046-049 V.Trastornos mentales y del comportamiento;Mujeres;45 Toledo;197
046-049 V.Trastornos mentales y del comportamiento;Mujeres;46 Valencia/València;713
046-049 V.Trastornos mentales y del comportamiento;Mujeres;47 Valladolid;163
046-049 V.Trastornos mentales y del comportamiento;Mujeres;49 Zamora;91
046-049 V.Trastornos mentales y del comportamiento;Mujeres;50 Zaragoza;380
046-049 V.Trastornos mentales y del comportamiento;Mujeres;51 Ceuta;15
046-049 V.Trastornos mentales y del comportamiento;Mujeres;52 Melilla;7
046-049 V.Trastornos mentales y del comportamiento;Mujeres;Extranjero;7
046 Trastornos mentales orgánicos, senil y presenil;Hombres;Total;7.412
046 Trastornos mentales orgánicos, senil y presenil;Hombres;02 Albacete;77
046 Trastornos mentales orgánicos, senil y presenil;Hombres;03 Alicante/Alacant;267
046 Trastornos mentales orgánicos, senil y presenil;Hombres;04 Almería;83
046 Trastornos mentales orgánicos, senil y presenil;Hombres;01 Araba/Álava;77
046 Trastornos mentales orgánicos, senil y presenil;Hombres;33 Asturias;261
046 Trastornos mentales orgánicos, senil y presenil;Hombres;05 Ávila;32
046 Trastornos mentales orgánicos, senil y presenil;Hombres;06 Badajoz;101
046 Trastornos mentales orgánicos, senil y presenil;Hombres;07 Balears, Illes;143
046 Trastornos mentales orgánicos, senil y presenil;Hombres;08 Barcelona;1.015
046 Trastornos mentales orgánicos, senil y presenil;Hombres;48 Bizkaia;288
046 Trastornos mentales orgánicos, senil y presenil;Hombres;09 Burgos;82
046 Trastornos mentales orgánicos, senil y presenil;Hombres;10 Cáceres;100
046 Trastornos mentales orgánicos, senil y presenil;Hombres;11 Cádiz;109
046 Trastornos mentales orgánicos, senil y presenil;Hombres;39 Cantabria;190
046 Trastornos mentales orgánicos, senil y presenil;Hombres;12 Castellón/Castelló;72
046 Trastornos mentales orgánicos, senil y presenil;Hombres;13 Ciudad Real;77
046 Trastornos mentales orgánicos, senil y presenil;Hombres;14 Córdoba;127
046 Trastornos mentales orgánicos, senil y presenil;Hombres;15 Coruña, A;273
046 Trastornos mentales orgánicos, senil y presenil;Hombres;16 Cuenca;62
046 Trastornos mentales orgánicos, senil y presenil;Hombres;20 Gipuzkoa;155
046 Trastornos mentales orgánicos, senil y presenil;Hombres;17 Girona;109
046 Trastornos mentales orgánicos, senil y presenil;Hombres;18 Granada;61
046 Trastornos mentales orgánicos, senil y presenil;Hombres;19 Guadalajara;51
046 Trastornos mentales orgánicos, senil y presenil;Hombres;21 Huelva;36
046 Trastornos mentales orgánicos, senil y presenil;Hombres;22 Huesca;46
046 Trastornos mentales orgánicos, senil y presenil;Hombres;23 Jaén;103
046 Trastornos mentales orgánicos, senil y presenil;Hombres;24 León;125
046 Trastornos mentales orgánicos, senil y presenil;Hombres;25 Lleida;57
046 Trastornos mentales orgánicos, senil y presenil;Hombres;27 Lugo;128
046 Trastornos mentales orgánicos, senil y presenil;Hombres;28 Madrid;760
046 Trastornos mentales orgánicos, senil y presenil;Hombres;29 Málaga;163
046 Trastornos mentales orgánicos, senil y presenil;Hombres;30 Murcia;172
046 Trastornos mentales orgánicos, senil y presenil;Hombres;31 Navarra;138
046 Trastornos mentales orgánicos, senil y presenil;Hombres;32 Ourense;125
046 Trastornos mentales orgánicos, senil y presenil;Hombres;34 Palencia;24
046 Trastornos mentales orgánicos, senil y presenil;Hombres;35 Palmas, Las;90
046 Trastornos mentales orgánicos, senil y presenil;Hombres;36 Pontevedra;187
046 Trastornos mentales orgánicos, senil y presenil;Hombres;26 Rioja, La;77
046 Trastornos mentales orgánicos, senil y presenil;Hombres;37 Salamanca;40
046 Trastornos mentales orgánicos, senil y presenil;Hombres;38 Santa Cruz de Tenerife;141
046 Trastornos mentales orgánicos, senil y presenil;Hombres;40 Segovia;28
046 Trastornos mentales orgánicos, senil y presenil;Hombres;41 Sevilla;166
046 Trastornos mentales orgánicos, senil y presenil;Hombres;42 Soria;21
046 Trastornos mentales orgánicos, senil y presenil;Hombres;43 Tarragona;132
046 Trastornos mentales orgánicos, senil y presenil;Hombres;44 Teruel;41
046 Trastornos mentales orgánicos, senil y presenil;Hombres;45 Toledo;85
046 Trastornos mentales orgánicos, senil y presenil;Hombres;46 Valencia/València;366
046 Trastornos mentales orgánicos, senil y presenil;Hombres;47 Valladolid;88
046 Trastornos mentales orgánicos, senil y presenil;Hombres;49 Zamora;49
046 Trastornos mentales orgánicos, senil y presenil;Hombres;50 Zaragoza;197
046 Trastornos mentales orgánicos, senil y presenil;Hombres;51 Ceuta;7
046 Trastornos mentales orgánicos, senil y presenil;Hombres;52 Melilla;4
046 Trastornos mentales orgánicos, senil y presenil;Hombres;Extranjero;4
046 Trastornos mentales orgánicos, senil y presenil;Mujeres;Total;14.748
046 Trastornos mentales orgánicos, senil y presenil;Mujeres;02 Albacete;133
046 Trastornos mentales orgánicos, senil y presenil;Mujeres;03 Alicante/Alacant;428
046 Trastornos mentales orgánicos, senil y presenil;Mujeres;04 Almería;127
046 Trastornos mentales orgánicos, senil y presenil;Mujeres;01 Araba/Álava;135
046 Trastornos mentales orgánicos, senil y presenil;Mujeres;33 Asturias;540
046 Trastornos mentales orgánicos, senil y presenil;Mujeres;05 Ávila;69
046 Trastornos mentales orgánicos, senil y presenil;Mujeres;06 Badajoz;174
046 Trastornos mentales orgánicos, senil y presenil;Mujeres;07 Balears, Illes;249
046 Trastornos mentales orgánicos, senil y presenil;Mujeres;08 Barcelona;2.058
046 Trastornos mentales orgánicos, senil y presenil;Mujeres;48 Bizkaia;627
046 Trastornos mentales orgánicos, senil y presenil;Mujeres;09 Burgos;152
046 Trastornos mentales orgánicos, senil y presenil;Mujeres;10 Cáceres;180
046 Trastornos mentales orgánicos, senil y presenil;Mujeres;11 Cádiz;220
046 Trastornos mentales orgánicos, senil y presenil;Mujeres;39 Cantabria;343
046 Trastornos mentales orgánicos, senil y presenil;Mujeres;12 Castellón/Castelló;138
046 Trastornos mentales orgánicos, senil y presenil;Mujeres;13 Ciudad Real;140
046 Trastornos mentales orgánicos, senil y presenil;Mujeres;14 Córdoba;230
046 Trastornos mentales orgánicos, senil y presenil;Mujeres;15 Coruña, A;632
046 Trastornos mentales orgánicos, senil y presenil;Mujeres;16 Cuenca;72
046 Trastornos mentales orgánicos, senil y presenil;Mujeres;20 Gipuzkoa;354
046 Trastornos mentales orgánicos, senil y presenil;Mujeres;17 Girona;188
046 Trastornos mentales orgánicos, senil y presenil;Mujeres;18 Granada;168
046 Trastornos mentales orgánicos, senil y presenil;Mujeres;19 Guadalajara;101
046 Trastornos mentales orgánicos, senil y presenil;Mujeres;21 Huelva;67
046 Trastornos mentales orgánicos, senil y presenil;Mujeres;22 Huesca;82
046 Trastornos mentales orgánicos, senil y presenil;Mujeres;23 Jaén;160
046 Trastornos mentales orgánicos, senil y presenil;Mujeres;24 León;179
046 Trastornos mentales orgánicos, senil y presenil;Mujeres;25 Lleida;143
046 Trastornos mentales orgánicos, senil y presenil;Mujeres;27 Lugo;294
046 Trastornos mentales orgánicos, senil y presenil;Mujeres;28 Madrid;1.728
046 Trastornos mentales orgánicos, senil y presenil;Mujeres;29 Málaga;336
046 Trastornos mentales orgánicos, senil y presenil;Mujeres;30 Murcia;324
046 Trastornos mentales orgánicos, senil y presenil;Mujeres;31 Navarra;239
046 Trastornos mentales orgánicos, senil y presenil;Mujeres;32 Ourense;277
046 Trastornos mentales orgánicos, senil y presenil;Mujeres;34 Palencia;57
046 Trastornos mentales orgánicos, senil y presenil;Mujeres;35 Palmas, Las;156
046 Trastornos mentales orgánicos, senil y presenil;Mujeres;36 Pontevedra;500
046 Trastornos mentales orgánicos, senil y presenil;Mujeres;26 Rioja, La;104
046 Trastornos mentales orgánicos, senil y presenil;Mujeres;37 Salamanca;129
046 Trastornos mentales orgánicos, senil y presenil;Mujeres;38 Santa Cruz de Tenerife;217
046 Trastornos mentales orgánicos, senil y presenil;Mujeres;40 Segovia;44
046 Trastornos mentales orgánicos, senil y presenil;Mujeres;41 Sevilla;301
046 Trastornos mentales orgánicos, senil y presenil;Mujeres;42 Soria;29
046 Trastornos mentales orgánicos, senil y presenil;Mujeres;43 Tarragona;285
046 Trastornos mentales orgánicos, senil y presenil;Mujeres;44 Teruel;90
046 Trastornos mentales orgánicos, senil y presenil;Mujeres;45 Toledo;196
046 Trastornos mentales orgánicos, senil y presenil;Mujeres;46 Valencia/València;697
046 Trastornos mentales orgánicos, senil y presenil;Mujeres;47 Valladolid;160
046 Trastornos mentales orgánicos, senil y presenil;Mujeres;49 Zamora;90
046 Trastornos mentales orgánicos, senil y presenil;Mujeres;50 Zaragoza;379
046 Trastornos mentales orgánicos, senil y presenil;Mujeres;51 Ceuta;14
046 Trastornos mentales orgánicos, senil y presenil;Mujeres;52 Melilla;6
046 Trastornos mentales orgánicos, senil y presenil;Mujeres;Extranjero;7
047 Trastornos mentales debidos al uso de alcohol;Hombres;Total;204
047 Trastornos mentales debidos al uso de alcohol;Hombres;02 Albacete;4
047 Trastornos mentales debidos al uso de alcohol;Hombres;03 Alicante/Alacant;4
047 Trastornos mentales debidos al uso de alcohol;Hombres;04 Almería;6
047 Trastornos mentales debidos al uso de alcohol;Hombres;01 Araba/Álava;1
047 Trastornos mentales debidos al uso de alcohol;Hombres;33 Asturias;11
047 Trastornos mentales debidos al uso de alcohol;Hombres;05 Ávila;3
047 Trastornos mentales debidos al uso de alcohol;Hombres;06 Badajoz;5
047 Trastornos mentales debidos al uso de alcohol;Hombres;07 Balears, Illes;5
047 Trastornos mentales debidos al uso de alcohol;Hombres;08 Barcelona;13
047 Trastornos mentales debidos al uso de alcohol;Hombres;48 Bizkaia;5
047 Trastornos mentales debidos al uso de alcohol;Hombres;09 Burgos;0
047 Trastornos mentales debidos al uso de alcohol;Hombres;10 Cáceres;2
047 Trastornos mentales debidos al uso de alcohol;Hombres;11 Cádiz;4
047 Trastornos mentales debidos al uso de alcohol;Hombres;39 Cantabria;2
047 Trastornos mentales debidos al uso de alcohol;Hombres;12 Castellón/Castelló;5
047 Trastornos mentales debidos al uso de alcohol;Hombres;13 Ciudad Real;5
047 Trastornos mentales debidos al uso de alcohol;Hombres;14 Córdoba;4
047 Trastornos mentales debidos al uso de alcohol;Hombres;15 Coruña, A;9
047 Trastornos mentales debidos al uso de alcohol;Hombres;16 Cuenca;2
047 Trastornos mentales debidos al uso de alcohol;Hombres;20 Gipuzkoa;6
047 Trastornos mentales debidos al uso de alcohol;Hombres;17 Girona;1
047 Trastornos mentales debidos al uso de alcohol;Hombres;18 Granada;1
047 Trastornos mentales debidos al uso de alcohol;Hombres;19 Guadalajara;0
047 Trastornos mentales debidos al uso de alcohol;Hombres;21 Huelva;2
047 Trastornos mentales debidos al uso de alcohol;Hombres;22 Huesca;2
047 Trastornos mentales debidos al uso de alcohol;Hombres;23 Jaén;4
047 Trastornos mentales debidos al uso de alcohol;Hombres;24 León;4
047 Trastornos mentales debidos al uso de alcohol;Hombres;25 Lleida;0
047 Trastornos mentales debidos al uso de alcohol;Hombres;27 Lugo;6
047 Trastornos mentales debidos al uso de alcohol;Hombres;28 Madrid;18
047 Trastornos mentales debidos al uso de alcohol;Hombres;29 Málaga;3
047 Trastornos mentales debidos al uso de alcohol;Hombres;30 Murcia;8
047 Trastornos mentales debidos al uso de alcohol;Hombres;31 Navarra;1
047 Trastornos mentales debidos al uso de alcohol;Hombres;32 Ourense;5
047 Trastornos mentales debidos al uso de alcohol;Hombres;34 Palencia;1
047 Trastornos mentales debidos al uso de alcohol;Hombres;35 Palmas, Las;7
047 Trastornos mentales debidos al uso de alcohol;Hombres;36 Pontevedra;6
047 Trastornos mentales debidos al uso de alcohol;Hombres;26 Rioja, La;1
047 Trastornos mentales debidos al uso de alcohol;Hombres;37 Salamanca;1
047 Trastornos mentales debidos al uso de alcohol;Hombres;38 Santa Cruz de Tenerife;5
047 Trastornos mentales debidos al uso de alcohol;Hombres;40 Segovia;0
047 Trastornos mentales debidos al uso de alcohol;Hombres;41 Sevilla;4
047 Trastornos mentales debidos al uso de alcohol;Hombres;42 Soria;0
047 Trastornos mentales debidos al uso de alcohol;Hombres;43 Tarragona;6
047 Trastornos mentales debidos al uso de alcohol;Hombres;44 Teruel;0
047 Trastornos mentales debidos al uso de alcohol;Hombres;45 Toledo;0
047 Trastornos mentales debidos al uso de alcohol;Hombres;46 Valencia/València;15
047 Trastornos mentales debidos al uso de alcohol;Hombres;47 Valladolid;1
047 Trastornos mentales debidos al uso de alcohol;Hombres;49 Zamora;0
047 Trastornos mentales debidos al uso de alcohol;Hombres;50 Zaragoza;2
047 Trastornos mentales debidos al uso de alcohol;Hombres;51 Ceuta;0
047 Trastornos mentales debidos al uso de alcohol;Hombres;52 Melilla;0
047 Trastornos mentales debidos al uso de alcohol;Hombres;Extranjero;4
047 Trastornos mentales debidos al uso de alcohol;Mujeres;Total;18
047 Trastornos mentales debidos al uso de alcohol;Mujeres;02 Albacete;0
047 Trastornos mentales debidos al uso de alcohol;Mujeres;03 Alicante/Alacant;1
047 Trastornos mentales debidos al uso de alcohol;Mujeres;04 Almería;0
047 Trastornos mentales debidos al uso de alcohol;Mujeres;01 Araba/Álava;0
047 Trastornos mentales debidos al uso de alcohol;Mujeres;33 Asturias;2
047 Trastornos mentales debidos al uso de alcohol;Mujeres;05 Ávila;0
047 Trastornos mentales debidos al uso de alcohol;Mujeres;06 Badajoz;0
047 Trastornos mentales debidos al uso de alcohol;Mujeres;07 Balears, Illes;1
047 Trastornos mentales debidos al uso de alcohol;Mujeres;08 Barcelona;2
047 Trastornos mentales debidos al uso de alcohol;Mujeres;48 Bizkaia;0
047 Trastornos mentales debidos al uso de alcohol;Mujeres;09 Burgos;0
047 Trastornos mentales debidos al uso de alcohol;Mujeres;10 Cáceres;0
047 Trastornos mentales debidos al uso de alcohol;Mujeres;11 Cádiz;0
047 Trastornos mentales debidos al uso de alcohol;Mujeres;39 Cantabria;0
047 Trastornos mentales debidos al uso de alcohol;Mujeres;12 Castellón/Castelló;0
047 Trastornos mentales debidos al uso de alcohol;Mujeres;13 Ciudad Real;0
047 Trastornos mentales debidos al uso de alcohol;Mujeres;14 Córdoba;0
047 Trastornos mentales debidos al uso de alcohol;Mujeres;15 Coruña, A;2
047 Trastornos mentales debidos al uso de alcohol;Mujeres;16 Cuenca;0
047 Trastornos mentales debidos al uso de alcohol;Mujeres;20 Gipuzkoa;0
047 Trastornos mentales debidos al uso de alcohol;Mujeres;17 Girona;0
047 Trastornos mentales debidos al uso de alcohol;Mujeres;18 Granada;0
047 Trastornos mentales debidos al uso de alcohol;Mujeres;19 Guadalajara;0
047 Trastornos mentales debidos al uso de alcohol;Mujeres;21 Huelva;0
047 Trastornos mentales debidos al uso de alcohol;Mujeres;22 Huesca;0
047 Trastornos mentales debidos al uso de alcohol;Mujeres;23 Jaén;0
047 Trastornos mentales debidos al uso de alcohol;Mujeres;24 León;0
047 Trastornos mentales debidos al uso de alcohol;Mujeres;25 Lleida;0
047 Trastornos mentales debidos al uso de alcohol;Mujeres;27 Lugo;2
047 Trastornos mentales debidos al uso de alcohol;Mujeres;28 Madrid;1
047 Trastornos mentales debidos al uso de alcohol;Mujeres;29 Málaga;1
047 Trastornos mentales debidos al uso de alcohol;Mujeres;30 Murcia;0
047 Trastornos mentales debidos al uso de alcohol;Mujeres;31 Navarra;3
047 Trastornos mentales debidos al uso de alcohol;Mujeres;32 Ourense;2
047 Trastornos mentales debidos al uso de alcohol;Mujeres;34 Palencia;0
047 Trastornos mentales debidos al uso de alcohol;Mujeres;35 Palmas, Las;0
047 Trastornos mentales debidos al uso de alcohol;Mujeres;36 Pontevedra;0
047 Trastornos mentales debidos al uso de alcohol;Mujeres;26 Rioja, La;0
047 Trastornos mentales debidos al uso de alcohol;Mujeres;37 Salamanca;0
047 Trastornos mentales debidos al uso de alcohol;Mujeres;38 Santa Cruz de Tenerife;0
047 Trastornos mentales debidos al uso de alcohol;Mujeres;40 Segovia;0
047 Trastornos mentales debidos al uso de alcohol;Mujeres;41 Sevilla;1
047 Trastornos mentales debidos al uso de alcohol;Mujeres;42 Soria;0
047 Trastornos mentales debidos al uso de alcohol;Mujeres;43 Tarragona;0
047 Trastornos mentales debidos al uso de alcohol;Mujeres;44 Teruel;0
047 Trastornos mentales debidos al uso de alcohol;Mujeres;45 Toledo;0
047 Trastornos mentales debidos al uso de alcohol;Mujeres;46 Valencia/València;0
047 Trastornos mentales debidos al uso de alcohol;Mujeres;47 Valladolid;0
047 Trastornos mentales debidos al uso de alcohol;Mujeres;49 Zamora;0
047 Trastornos mentales debidos al uso de alcohol;Mujeres;50 Zaragoza;0
047 Trastornos mentales debidos al uso de alcohol;Mujeres;51 Ceuta;0
047 Trastornos mentales debidos al uso de alcohol;Mujeres;52 Melilla;0
047 Trastornos mentales debidos al uso de alcohol;Mujeres;Extranjero;0
048 Trastornos mentales debidos al uso de drogas (drogodependencia, toxicomanía);Hombres;Total;24
048 Trastornos mentales debidos al uso de drogas (drogodependencia, toxicomanía);Hombres;02 Albacete;0
048 Trastornos mentales debidos al uso de drogas (drogodependencia, toxicomanía);Hombres;03 Alicante/Alacant;2
048 Trastornos mentales debidos al uso de drogas (drogodependencia, toxicomanía);Hombres;04 Almería;0
048 Trastornos mentales debidos al uso de drogas (drogodependencia, toxicomanía);Hombres;01 Araba/Álava;0
048 Trastornos mentales debidos al uso de drogas (drogodependencia, toxicomanía);Hombres;33 Asturias;0
048 Trastornos mentales debidos al uso de drogas (drogodependencia, toxicomanía);Hombres;05 Ávila;0
048 Trastornos mentales debidos al uso de drogas (drogodependencia, toxicomanía);Hombres;06 Badajoz;1
048 Trastornos mentales debidos al uso de drogas (drogodependencia, toxicomanía);Hombres;07 Balears, Illes;0
048 Trastornos mentales debidos al uso de drogas (drogodependencia, toxicomanía);Hombres;08 Barcelona;2
048 Trastornos mentales debidos al uso de drogas (drogodependencia, toxicomanía);Hombres;48 Bizkaia;0
048 Trastornos mentales debidos al uso de drogas (drogodependencia, toxicomanía);Hombres;09 Burgos;0
048 Trastornos mentales debidos al uso de drogas (drogodependencia, toxicomanía);Hombres;10 Cáceres;2
048 Trastornos mentales debidos al uso de drogas (drogodependencia, toxicomanía);Hombres;11 Cádiz;3
048 Trastornos mentales debidos al uso de drogas (drogodependencia, toxicomanía);Hombres;39 Cantabria;1
048 Trastornos mentales debidos al uso de drogas (drogodependencia, toxicomanía);Hombres;12 Castellón/Castelló;0
048 Trastornos mentales debidos al uso de drogas (drogodependencia, toxicomanía);Hombres;13 Ciudad Real;1
048 Trastornos mentales debidos al uso de drogas (drogodependencia, toxicomanía);Hombres;14 Córdoba;0
048 Trastornos mentales debidos al uso de drogas (drogodependencia, toxicomanía);Hombres;15 Coruña, A;1
048 Trastornos mentales debidos al uso de drogas (drogodependencia, toxicomanía);Hombres;16 Cuenca;0
048 Trastornos mentales debidos al uso de drogas (drogodependencia, toxicomanía);Hombres;20 Gipuzkoa;0
048 Trastornos mentales debidos al uso de drogas (drogodependencia, toxicomanía);Hombres;17 Girona;0
048 Trastornos mentales debidos al uso de drogas (drogodependencia, toxicomanía);Hombres;18 Granada;0
048 Trastornos mentales debidos al uso de drogas (drogodependencia, toxicomanía);Hombres;19 Guadalajara;0
048 Trastornos mentales debidos al uso de drogas (drogodependencia, toxicomanía);Hombres;21 Huelva;0
048 Trastornos mentales debidos al uso de drogas (drogodependencia, toxicomanía);Hombres;22 Huesca;1
048 Trastornos mentales debidos al uso de drogas (drogodependencia, toxicomanía);Hombres;23 Jaén;2
048 Trastornos mentales debidos al uso de drogas (drogodependencia, toxicomanía);Hombres;24 León;1
048 Trastornos mentales debidos al uso de drogas (drogodependencia, toxicomanía);Hombres;25 Lleida;0
048 Trastornos mentales debidos al uso de drogas (drogodependencia, toxicomanía);Hombres;27 Lugo;0
048 Trastornos mentales debidos al uso de drogas (drogodependencia, toxicomanía);Hombres;28 Madrid;1
048 Trastornos mentales debidos al uso de drogas (drogodependencia, toxicomanía);Hombres;29 Málaga;2
048 Trastornos mentales debidos al uso de drogas (drogodependencia, toxicomanía);Hombres;30 Murcia;0
048 Trastornos mentales debidos al uso de drogas (drogodependencia, toxicomanía);Hombres;31 Navarra;1
048 Trastornos mentales debidos al uso de drogas (drogodependencia, toxicomanía);Hombres;32 Ourense;1
048 Trastornos mentales debidos al uso de drogas (drogodependencia, toxicomanía);Hombres;34 Palencia;0
048 Trastornos mentales debidos al uso de drogas (drogodependencia, toxicomanía);Hombres;35 Palmas, Las;0
048 Trastornos mentales debidos al uso de drogas (drogodependencia, toxicomanía);Hombres;36 Pontevedra;2
048 Trastornos mentales debidos al uso de drogas (drogodependencia, toxicomanía);Hombres;26 Rioja, La;0
048 Trastornos mentales debidos al uso de drogas (drogodependencia, toxicomanía);Hombres;37 Salamanca;0
048 Trastornos mentales debidos al uso de drogas (drogodependencia, toxicomanía);Hombres;38 Santa Cruz de Tenerife;0
048 Trastornos mentales debidos al uso de drogas (drogodependencia, toxicomanía);Hombres;40 Segovia;0
048 Trastornos mentales debidos al uso de drogas (drogodependencia, toxicomanía);Hombres;41 Sevilla;0
048 Trastornos mentales debidos al uso de drogas (drogodependencia, toxicomanía);Hombres;42 Soria;0
048 Trastornos mentales debidos al uso de drogas (drogodependencia, toxicomanía);Hombres;43 Tarragona;0
048 Trastornos mentales debidos al uso de drogas (drogodependencia, toxicomanía);Hombres;44 Teruel;0
048 Trastornos mentales debidos al uso de drogas (drogodependencia, toxicomanía);Hombres;45 Toledo;0
048 Trastornos mentales debidos al uso de drogas (drogodependencia, toxicomanía);Hombres;46 Valencia/València;0
048 Trastornos mentales debidos al uso de drogas (drogodependencia, toxicomanía);Hombres;47 Valladolid;0
048 Trastornos mentales debidos al uso de drogas (drogodependencia, toxicomanía);Hombres;49 Zamora;0
048 Trastornos mentales debidos al uso de drogas (drogodependencia, toxicomanía);Hombres;50 Zaragoza;0
048 Trastornos mentales debidos al uso de drogas (drogodependencia, toxicomanía);Hombres;51 Ceuta;0
048 Trastornos mentales debidos al uso de drogas (drogodependencia, toxicomanía);Hombres;52 Melilla;0
048 Trastornos mentales debidos al uso de drogas (drogodependencia, toxicomanía);Hombres;Extranjero;0
048 Trastornos mentales debidos al uso de drogas (drogodependencia, toxicomanía);Mujeres;Total;3
048 Trastornos mentales debidos al uso de drogas (drogodependencia, toxicomanía);Mujeres;02 Albacete;0
048 Trastornos mentales debidos al uso de drogas (drogodependencia, toxicomanía);Mujeres;03 Alicante/Alacant;0
048 Trastornos mentales debidos al uso de drogas (drogodependencia, toxicomanía);Mujeres;04 Almería;0
048 Trastornos mentales debidos al uso de drogas (drogodependencia, toxicomanía);Mujeres;01 Araba/Álava;0
048 Trastornos mentales debidos al uso de drogas (drogodependencia, toxicomanía);Mujeres;33 Asturias;1
048 Trastornos mentales debidos al uso de drogas (drogodependencia, toxicomanía);Mujeres;05 Ávila;0
048 Trastornos mentales debidos al uso de drogas (drogodependencia, toxicomanía);Mujeres;06 Badajoz;0
048 Trastornos mentales debidos al uso de drogas (drogodependencia, toxicomanía);Mujeres;07 Balears, Illes;0
048 Trastornos mentales debidos al uso de drogas (drogodependencia, toxicomanía);Mujeres;08 Barcelona;1
048 Trastornos mentales debidos al uso de drogas (drogodependencia, toxicomanía);Mujeres;48 Bizkaia;0
048 Trastornos mentales debidos al uso de drogas (drogodependencia, toxicomanía);Mujeres;09 Burgos;0
048 Trastornos mentales debidos al uso de drogas (drogodependencia, toxicomanía);Mujeres;10 Cáceres;0
048 Trastornos mentales debidos al uso de drogas (drogodependencia, toxicomanía);Mujeres;11 Cádiz;0
048 Trastornos mentales debidos al uso de drogas (drogodependencia, toxicomanía);Mujeres;39 Cantabria;0
048 Trastornos mentales debidos al uso de drogas (drogodependencia, toxicomanía);Mujeres;12 Castellón/Castelló;0
048 Trastornos mentales debidos al uso de drogas (drogodependencia, toxicomanía);Mujeres;13 Ciudad Real;0
048 Trastornos mentales debidos al uso de drogas (drogodependencia, toxicomanía);Mujeres;14 Córdoba;0
048 Trastornos mentales debidos al uso de drogas (drogodependencia, toxicomanía);Mujeres;15 Coruña, A;0
048 Trastornos mentales debidos al uso de drogas (drogodependencia, toxicomanía);Mujeres;16 Cuenca;0
048 Trastornos mentales debidos al uso de drogas (drogodependencia, toxicomanía);Mujeres;20 Gipuzkoa;0
048 Trastornos mentales debidos al uso de drogas (drogodependencia, toxicomanía);Mujeres;17 Girona;0
048 Trastornos mentales debidos al uso de drogas (drogodependencia, toxicomanía);Mujeres;18 Granada;0
048 Trastornos mentales debidos al uso de drogas (drogodependencia, toxicomanía);Mujeres;19 Guadalajara;0
048 Trastornos mentales debidos al uso de drogas (drogodependencia, toxicomanía);Mujeres;21 Huelva;0
048 Trastornos mentales debidos al uso de drogas (drogodependencia, toxicomanía);Mujeres;22 Huesca;0
048 Trastornos mentales debidos al uso de drogas (drogodependencia, toxicomanía);Mujeres;23 Jaén;0
048 Trastornos mentales debidos al uso de drogas (drogodependencia, toxicomanía);Mujeres;24 León;0
048 Trastornos mentales debidos al uso de drogas (drogodependencia, toxicomanía);Mujeres;25 Lleida;0
048 Trastornos mentales debidos al uso de drogas (drogodependencia, toxicomanía);Mujeres;27 Lugo;0
048 Trastornos mentales debidos al uso de drogas (drogodependencia, toxicomanía);Mujeres;28 Madrid;0
048 Trastornos mentales debidos al uso de drogas (drogodependencia, toxicomanía);Mujeres;29 Málaga;0
048 Trastornos mentales debidos al uso de drogas (drogodependencia, toxicomanía);Mujeres;30 Murcia;0
048 Trastornos mentales debidos al uso de drogas (drogodependencia, toxicomanía);Mujeres;31 Navarra;0
048 Trastornos mentales debidos al uso de drogas (drogodependencia, toxicomanía);Mujeres;32 Ourense;0
048 Trastornos mentales debidos al uso de drogas (drogodependencia, toxicomanía);Mujeres;34 Palencia;0
048 Trastornos mentales debidos al uso de drogas (drogodependencia, toxicomanía);Mujeres;35 Palmas, Las;0
048 Trastornos mentales debidos al uso de drogas (drogodependencia, toxicomanía);Mujeres;36 Pontevedra;1
048 Trastornos mentales debidos al uso de drogas (drogodependencia, toxicomanía);Mujeres;26 Rioja, La;0
048 Trastornos mentales debidos al uso de drogas (drogodependencia, toxicomanía);Mujeres;37 Salamanca;0
048 Trastornos mentales debidos al uso de drogas (drogodependencia, toxicomanía);Mujeres;38 Santa Cruz de Tenerife;0
048 Trastornos mentales debidos al uso de drogas (drogodependencia, toxicomanía);Mujeres;40 Segovia;0
048 Trastornos mentales debidos al uso de drogas (drogodependencia, toxicomanía);Mujeres;41 Sevilla;0
048 Trastornos mentales debidos al uso de drogas (drogodependencia, toxicomanía);Mujeres;42 Soria;0
048 Trastornos mentales debidos al uso de drogas (drogodependencia, toxicomanía);Mujeres;43 Tarragona;0
048 Trastornos mentales debidos al uso de drogas (drogodependencia, toxicomanía);Mujeres;44 Teruel;0
048 Trastornos mentales debidos al uso de drogas (drogodependencia, toxicomanía);Mujeres;45 Toledo;0
048 Trastornos mentales debidos al uso de drogas (drogodependencia, toxicomanía);Mujeres;46 Valencia/València;0
048 Trastornos mentales debidos al uso de drogas (drogodependencia, toxicomanía);Mujeres;47 Valladolid;0
048 Trastornos mentales debidos al uso de drogas (drogodependencia, toxicomanía);Mujeres;49 Zamora;0
048 Trastornos mentales debidos al uso de drogas (drogodependencia, toxicomanía);Mujeres;50 Zaragoza;0
048 Trastornos mentales debidos al uso de drogas (drogodependencia, toxicomanía);Mujeres;51 Ceuta;0
048 Trastornos mentales debidos al uso de drogas (drogodependencia, toxicomanía);Mujeres;52 Melilla;0
048 Trastornos mentales debidos al uso de drogas (drogodependencia, toxicomanía);Mujeres;Extranjero;0
049 Otros trastornos mentales y del comportamiento;Hombres;Total;235
049 Otros trastornos mentales y del comportamiento;Hombres;02 Albacete;1
049 Otros trastornos mentales y del comportamiento;Hombres;03 Alicante/Alacant;10
049 Otros trastornos mentales y del comportamiento;Hombres;04 Almería;2
049 Otros trastornos mentales y del comportamiento;Hombres;01 Araba/Álava;0
049 Otros trastornos mentales y del comportamiento;Hombres;33 Asturias;6
049 Otros trastornos mentales y del comportamiento;Hombres;05 Ávila;2
049 Otros trastornos mentales y del comportamiento;Hombres;06 Badajoz;1
049 Otros trastornos mentales y del comportamiento;Hombres;07 Balears, Illes;5
049 Otros trastornos mentales y del comportamiento;Hombres;08 Barcelona;26
049 Otros trastornos mentales y del comportamiento;Hombres;48 Bizkaia;3
049 Otros trastornos mentales y del comportamiento;Hombres;09 Burgos;5
049 Otros trastornos mentales y del comportamiento;Hombres;10 Cáceres;2
049 Otros trastornos mentales y del comportamiento;Hombres;11 Cádiz;12
049 Otros trastornos mentales y del comportamiento;Hombres;39 Cantabria;4
049 Otros trastornos mentales y del comportamiento;Hombres;12 Castellón/Castelló;4
049 Otros trastornos mentales y del comportamiento;Hombres;13 Ciudad Real;4
049 Otros trastornos mentales y del comportamiento;Hombres;14 Córdoba;5
049 Otros trastornos mentales y del comportamiento;Hombres;15 Coruña, A;12
049 Otros trastornos mentales y del comportamiento;Hombres;16 Cuenca;0
049 Otros trastornos mentales y del comportamiento;Hombres;20 Gipuzkoa;4
049 Otros trastornos mentales y del comportamiento;Hombres;17 Girona;2
049 Otros trastornos mentales y del comportamiento;Hombres;18 Granada;3
049 Otros trastornos mentales y del comportamiento;Hombres;19 Guadalajara;2
049 Otros trastornos mentales y del comportamiento;Hombres;21 Huelva;2
049 Otros trastornos mentales y del comportamiento;Hombres;22 Huesca;0
049 Otros trastornos mentales y del comportamiento;Hombres;23 Jaén;3
049 Otros trastornos mentales y del comportamiento;Hombres;24 León;5
049 Otros trastornos mentales y del comportamiento;Hombres;25 Lleida;3
049 Otros trastornos mentales y del comportamiento;Hombres;27 Lugo;1
049 Otros trastornos mentales y del comportamiento;Hombres;28 Madrid;17
049 Otros trastornos mentales y del comportamiento;Hombres;29 Málaga;9
049 Otros trastornos mentales y del comportamiento;Hombres;30 Murcia;7
049 Otros trastornos mentales y del comportamiento;Hombres;31 Navarra;7
049 Otros trastornos mentales y del comportamiento;Hombres;32 Ourense;5
049 Otros trastornos mentales y del comportamiento;Hombres;34 Palencia;1
049 Otros trastornos mentales y del comportamiento;Hombres;35 Palmas, Las;2
049 Otros trastornos mentales y del comportamiento;Hombres;36 Pontevedra;2
049 Otros trastornos mentales y del comportamiento;Hombres;26 Rioja, La;5
049 Otros trastornos mentales y del comportamiento;Hombres;37 Salamanca;3
049 Otros trastornos mentales y del comportamiento;Hombres;38 Santa Cruz de Tenerife;8
049 Otros trastornos mentales y del comportamiento;Hombres;40 Segovia;0
049 Otros trastornos mentales y del comportamiento;Hombres;41 Sevilla;13
049 Otros trastornos mentales y del comportamiento;Hombres;42 Soria;1
049 Otros trastornos mentales y del comportamiento;Hombres;43 Tarragona;5
049 Otros trastornos mentales y del comportamiento;Hombres;44 Teruel;0
049 Otros trastornos mentales y del comportamiento;Hombres;45 Toledo;2
049 Otros trastornos mentales y del comportamiento;Hombres;46 Valencia/València;17
049 Otros trastornos mentales y del comportamiento;Hombres;47 Valladolid;1
049 Otros trastornos mentales y del comportamiento;Hombres;49 Zamora;1
049 Otros trastornos mentales y del comportamiento;Hombres;50 Zaragoza;0
049 Otros trastornos mentales y del comportamiento;Hombres;51 Ceuta;0
049 Otros trastornos mentales y del comportamiento;Hombres;52 Melilla;0
049 Otros trastornos mentales y del comportamiento;Hombres;Extranjero;0
049 Otros trastornos mentales y del comportamiento;Mujeres;Total;252
049 Otros trastornos mentales y del comportamiento;Mujeres;02 Albacete;0
049 Otros trastornos mentales y del comportamiento;Mujeres;03 Alicante/Alacant;8
049 Otros trastornos mentales y del comportamiento;Mujeres;04 Almería;3
049 Otros trastornos mentales y del comportamiento;Mujeres;01 Araba/Álava;3
049 Otros trastornos mentales y del comportamiento;Mujeres;33 Asturias;7
049 Otros trastornos mentales y del comportamiento;Mujeres;05 Ávila;1
049 Otros trastornos mentales y del comportamiento;Mujeres;06 Badajoz;1
049 Otros trastornos mentales y del comportamiento;Mujeres;07 Balears, Illes;8
049 Otros trastornos mentales y del comportamiento;Mujeres;08 Barcelona;48
049 Otros trastornos mentales y del comportamiento;Mujeres;48 Bizkaia;8
049 Otros trastornos mentales y del comportamiento;Mujeres;09 Burgos;4
049 Otros trastornos mentales y del comportamiento;Mujeres;10 Cáceres;1
049 Otros trastornos mentales y del comportamiento;Mujeres;11 Cádiz;3
049 Otros trastornos mentales y del comportamiento;Mujeres;39 Cantabria;3
049 Otros trastornos mentales y del comportamiento;Mujeres;12 Castellón/Castelló;3
049 Otros trastornos mentales y del comportamiento;Mujeres;13 Ciudad Real;2
049 Otros trastornos mentales y del comportamiento;Mujeres;14 Córdoba;5
049 Otros trastornos mentales y del comportamiento;Mujeres;15 Coruña, A;8
049 Otros trastornos mentales y del comportamiento;Mujeres;16 Cuenca;2
049 Otros trastornos mentales y del comportamiento;Mujeres;20 Gipuzkoa;9
049 Otros trastornos mentales y del comportamiento;Mujeres;17 Girona;7
049 Otros trastornos mentales y del comportamiento;Mujeres;18 Granada;2
049 Otros trastornos mentales y del comportamiento;Mujeres;19 Guadalajara;2
049 Otros trastornos mentales y del comportamiento;Mujeres;21 Huelva;0
049 Otros trastornos mentales y del comportamiento;Mujeres;22 Huesca;1
049 Otros trastornos mentales y del comportamiento;Mujeres;23 Jaén;4
049 Otros trastornos mentales y del comportamiento;Mujeres;24 León;1
049 Otros trastornos mentales y del comportamiento;Mujeres;25 Lleida;2
049 Otros trastornos mentales y del comportamiento;Mujeres;27 Lugo;3
049 Otros trastornos mentales y del comportamiento;Mujeres;28 Madrid;21
049 Otros trastornos mentales y del comportamiento;Mujeres;29 Málaga;7
049 Otros trastornos mentales y del comportamiento;Mujeres;30 Murcia;3
049 Otros trastornos mentales y del comportamiento;Mujeres;31 Navarra;6
049 Otros trastornos mentales y del comportamiento;Mujeres;32 Ourense;2
049 Otros trastornos mentales y del comportamiento;Mujeres;34 Palencia;0
049 Otros trastornos mentales y del comportamiento;Mujeres;35 Palmas, Las;5
049 Otros trastornos mentales y del comportamiento;Mujeres;36 Pontevedra;8
049 Otros trastornos mentales y del comportamiento;Mujeres;26 Rioja, La;2
049 Otros trastornos mentales y del comportamiento;Mujeres;37 Salamanca;5
049 Otros trastornos mentales y del comportamiento;Mujeres;38 Santa Cruz de Tenerife;6
049 Otros trastornos mentales y del comportamiento;Mujeres;40 Segovia;0
049 Otros trastornos mentales y del comportamiento;Mujeres;41 Sevilla;6
049 Otros trastornos mentales y del comportamiento;Mujeres;42 Soria;2
049 Otros trastornos mentales y del comportamiento;Mujeres;43 Tarragona;6
049 Otros trastornos mentales y del comportamiento;Mujeres;44 Teruel;0
049 Otros trastornos mentales y del comportamiento;Mujeres;45 Toledo;1
049 Otros trastornos mentales y del comportamiento;Mujeres;46 Valencia/València;16
049 Otros trastornos mentales y del comportamiento;Mujeres;47 Valladolid;3
049 Otros trastornos mentales y del comportamiento;Mujeres;49 Zamora;1
049 Otros trastornos mentales y del comportamiento;Mujeres;50 Zaragoza;1
049 Otros trastornos mentales y del comportamiento;Mujeres;51 Ceuta;1
049 Otros trastornos mentales y del comportamiento;Mujeres;52 Melilla;1
049 Otros trastornos mentales y del comportamiento;Mujeres;Extranjero;0
050-052 VI-VIII.Enfermedades del sistema nervioso y de los órganos de los sentidos;Hombres;Total;10.288
050-052 VI-VIII.Enfermedades del sistema nervioso y de los órganos de los sentidos;Hombres;02 Albacete;102
050-052 VI-VIII.Enfermedades del sistema nervioso y de los órganos de los sentidos;Hombres;03 Alicante/Alacant;456
050-052 VI-VIII.Enfermedades del sistema nervioso y de los órganos de los sentidos;Hombres;04 Almería;142
050-052 VI-VIII.Enfermedades del sistema nervioso y de los órganos de los sentidos;Hombres;01 Araba/Álava;67
050-052 VI-VIII.Enfermedades del sistema nervioso y de los órganos de los sentidos;Hombres;33 Asturias;229
050-052 VI-VIII.Enfermedades del sistema nervioso y de los órganos de los sentidos;Hombres;05 Ávila;50
050-052 VI-VIII.Enfermedades del sistema nervioso y de los órganos de los sentidos;Hombres;06 Badajoz;147
050-052 VI-VIII.Enfermedades del sistema nervioso y de los órganos de los sentidos;Hombres;07 Balears, Illes;228
050-052 VI-VIII.Enfermedades del sistema nervioso y de los órganos de los sentidos;Hombres;08 Barcelona;1.268
050-052 VI-VIII.Enfermedades del sistema nervioso y de los órganos de los sentidos;Hombres;48 Bizkaia;296
050-052 VI-VIII.Enfermedades del sistema nervioso y de los órganos de los sentidos;Hombres;09 Burgos;73
050-052 VI-VIII.Enfermedades del sistema nervioso y de los órganos de los sentidos;Hombres;10 Cáceres;78
050-052 VI-VIII.Enfermedades del sistema nervioso y de los órganos de los sentidos;Hombres;11 Cádiz;230
050-052 VI-VIII.Enfermedades del sistema nervioso y de los órganos de los sentidos;Hombres;39 Cantabria;150
050-052 VI-VIII.Enfermedades del sistema nervioso y de los órganos de los sentidos;Hombres;12 Castellón/Castelló;168
050-052 VI-VIII.Enfermedades del sistema nervioso y de los órganos de los sentidos;Hombres;13 Ciudad Real;111
050-052 VI-VIII.Enfermedades del sistema nervioso y de los órganos de los sentidos;Hombres;14 Córdoba;139
050-052 VI-VIII.Enfermedades del sistema nervioso y de los órganos de los sentidos;Hombres;15 Coruña, A;284
050-052 VI-VIII.Enfermedades del sistema nervioso y de los órganos de los sentidos;Hombres;16 Cuenca;67
050-052 VI-VIII.Enfermedades del sistema nervioso y de los órganos de los sentidos;Hombres;20 Gipuzkoa;186
050-052 VI-VIII.Enfermedades del sistema nervioso y de los órganos de los sentidos;Hombres;17 Girona;191
050-052 VI-VIII.Enfermedades del sistema nervioso y de los órganos de los sentidos;Hombres;18 Granada;174
050-052 VI-VIII.Enfermedades del sistema nervioso y de los órganos de los sentidos;Hombres;19 Guadalajara;45
050-052 VI-VIII.Enfermedades del sistema nervioso y de los órganos de los sentidos;Hombres;21 Huelva;111
050-052 VI-VIII.Enfermedades del sistema nervioso y de los órganos de los sentidos;Hombres;22 Huesca;69
050-052 VI-VIII.Enfermedades del sistema nervioso y de los órganos de los sentidos;Hombres;23 Jaén;134
050-052 VI-VIII.Enfermedades del sistema nervioso y de los órganos de los sentidos;Hombres;24 León;131
050-052 VI-VIII.Enfermedades del sistema nervioso y de los órganos de los sentidos;Hombres;25 Lleida;104
050-052 VI-VIII.Enfermedades del sistema nervioso y de los órganos de los sentidos;Hombres;27 Lugo;110
050-052 VI-VIII.Enfermedades del sistema nervioso y de los órganos de los sentidos;Hombres;28 Madrid;1.095
050-052 VI-VIII.Enfermedades del sistema nervioso y de los órganos de los sentidos;Hombres;29 Málaga;318
050-052 VI-VIII.Enfermedades del sistema nervioso y de los órganos de los sentidos;Hombres;30 Murcia;316
050-052 VI-VIII.Enfermedades del sistema nervioso y de los órganos de los sentidos;Hombres;31 Navarra;176
050-052 VI-VIII.Enfermedades del sistema nervioso y de los órganos de los sentidos;Hombres;32 Ourense;78
050-052 VI-VIII.Enfermedades del sistema nervioso y de los órganos de los sentidos;Hombres;34 Palencia;54
050-052 VI-VIII.Enfermedades del sistema nervioso y de los órganos de los sentidos;Hombres;35 Palmas, Las;154
050-052 VI-VIII.Enfermedades del sistema nervioso y de los órganos de los sentidos;Hombres;36 Pontevedra;227
050-052 VI-VIII.Enfermedades del sistema nervioso y de los órganos de los sentidos;Hombres;26 Rioja, La;117
050-052 VI-VIII.Enfermedades del sistema nervioso y de los órganos de los sentidos;Hombres;37 Salamanca;112
050-052 VI-VIII.Enfermedades del sistema nervioso y de los órganos de los sentidos;Hombres;38 Santa Cruz de Tenerife;180
050-052 VI-VIII.Enfermedades del sistema nervioso y de los órganos de los sentidos;Hombres;40 Segovia;41
050-052 VI-VIII.Enfermedades del sistema nervioso y de los órganos de los sentidos;Hombres;41 Sevilla;365
050-052 VI-VIII.Enfermedades del sistema nervioso y de los órganos de los sentidos;Hombres;42 Soria;30
050-052 VI-VIII.Enfermedades del sistema nervioso y de los órganos de los sentidos;Hombres;43 Tarragona;169
050-052 VI-VIII.Enfermedades del sistema nervioso y de los órganos de los sentidos;Hombres;44 Teruel;37
050-052 VI-VIII.Enfermedades del sistema nervioso y de los órganos de los sentidos;Hombres;45 Toledo;150
050-052 VI-VIII.Enfermedades del sistema nervioso y de los órganos de los sentidos;Hombres;46 Valencia/València;661
050-052 VI-VIII.Enfermedades del sistema nervioso y de los órganos de los sentidos;Hombres;47 Valladolid;120
050-052 VI-VIII.Enfermedades del sistema nervioso y de los órganos de los sentidos;Hombres;49 Zamora;54
050-052 VI-VIII.Enfermedades del sistema nervioso y de los órganos de los sentidos;Hombres;50 Zaragoza;230
050-052 VI-VIII.Enfermedades del sistema nervioso y de los órganos de los sentidos;Hombres;51 Ceuta;14
050-052 VI-VIII.Enfermedades del sistema nervioso y de los órganos de los sentidos;Hombres;52 Melilla;10
050-052 VI-VIII.Enfermedades del sistema nervioso y de los órganos de los sentidos;Hombres;Extranjero;40
050-052 VI-VIII.Enfermedades del sistema nervioso y de los órganos de los sentidos;Mujeres;Total;15.832
050-052 VI-VIII.Enfermedades del sistema nervioso y de los órganos de los sentidos;Mujeres;02 Albacete;132
050-052 VI-VIII.Enfermedades del sistema nervioso y de los órganos de los sentidos;Mujeres;03 Alicante/Alacant;711
050-052 VI-VIII.Enfermedades del sistema nervioso y de los órganos de los sentidos;Mujeres;04 Almería;155
050-052 VI-VIII.Enfermedades del sistema nervioso y de los órganos de los sentidos;Mujeres;01 Araba/Álava;83
050-052 VI-VIII.Enfermedades del sistema nervioso y de los órganos de los sentidos;Mujeres;33 Asturias;404
050-052 VI-VIII.Enfermedades del sistema nervioso y de los órganos de los sentidos;Mujeres;05 Ávila;63
050-052 VI-VIII.Enfermedades del sistema nervioso y de los órganos de los sentidos;Mujeres;06 Badajoz;213
050-052 VI-VIII.Enfermedades del sistema nervioso y de los órganos de los sentidos;Mujeres;07 Balears, Illes;321
050-052 VI-VIII.Enfermedades del sistema nervioso y de los órganos de los sentidos;Mujeres;08 Barcelona;2.030
050-052 VI-VIII.Enfermedades del sistema nervioso y de los órganos de los sentidos;Mujeres;48 Bizkaia;456
050-052 VI-VIII.Enfermedades del sistema nervioso y de los órganos de los sentidos;Mujeres;09 Burgos;113
050-052 VI-VIII.Enfermedades del sistema nervioso y de los órganos de los sentidos;Mujeres;10 Cáceres;136
050-052 VI-VIII.Enfermedades del sistema nervioso y de los órganos de los sentidos;Mujeres;11 Cádiz;332
050-052 VI-VIII.Enfermedades del sistema nervioso y de los órganos de los sentidos;Mujeres;39 Cantabria;219
050-052 VI-VIII.Enfermedades del sistema nervioso y de los órganos de los sentidos;Mujeres;12 Castellón/Castelló;256
050-052 VI-VIII.Enfermedades del sistema nervioso y de los órganos de los sentidos;Mujeres;13 Ciudad Real;166
050-052 VI-VIII.Enfermedades del sistema nervioso y de los órganos de los sentidos;Mujeres;14 Córdoba;236
050-052 VI-VIII.Enfermedades del sistema nervioso y de los órganos de los sentidos;Mujeres;15 Coruña, A;398
050-052 VI-VIII.Enfermedades del sistema nervioso y de los órganos de los sentidos;Mujeres;16 Cuenca;84
050-052 VI-VIII.Enfermedades del sistema nervioso y de los órganos de los sentidos;Mujeres;20 Gipuzkoa;315
050-052 VI-VIII.Enfermedades del sistema nervioso y de los órganos de los sentidos;Mujeres;17 Girona;298
050-052 VI-VIII.Enfermedades del sistema nervioso y de los órganos de los sentidos;Mujeres;18 Granada;314
050-052 VI-VIII.Enfermedades del sistema nervioso y de los órganos de los sentidos;Mujeres;19 Guadalajara;56
050-052 VI-VIII.Enfermedades del sistema nervioso y de los órganos de los sentidos;Mujeres;21 Huelva;153
050-052 VI-VIII.Enfermedades del sistema nervioso y de los órganos de los sentidos;Mujeres;22 Huesca;87
050-052 VI-VIII.Enfermedades del sistema nervioso y de los órganos de los sentidos;Mujeres;23 Jaén;201
050-052 VI-VIII.Enfermedades del sistema nervioso y de los órganos de los sentidos;Mujeres;24 León;217
050-052 VI-VIII.Enfermedades del sistema nervioso y de los órganos de los sentidos;Mujeres;25 Lleida;184
050-052 VI-VIII.Enfermedades del sistema nervioso y de los órganos de los sentidos;Mujeres;27 Lugo;142
050-052 VI-VIII.Enfermedades del sistema nervioso y de los órganos de los sentidos;Mujeres;28 Madrid;1.879
050-052 VI-VIII.Enfermedades del sistema nervioso y de los órganos de los sentidos;Mujeres;29 Málaga;499
050-052 VI-VIII.Enfermedades del sistema nervioso y de los órganos de los sentidos;Mujeres;30 Murcia;576
050-052 VI-VIII.Enfermedades del sistema nervioso y de los órganos de los sentidos;Mujeres;31 Navarra;311
050-052 VI-VIII.Enfermedades del sistema nervioso y de los órganos de los sentidos;Mujeres;32 Ourense;126
050-052 VI-VIII.Enfermedades del sistema nervioso y de los órganos de los sentidos;Mujeres;34 Palencia;72
050-052 VI-VIII.Enfermedades del sistema nervioso y de los órganos de los sentidos;Mujeres;35 Palmas, Las;183
050-052 VI-VIII.Enfermedades del sistema nervioso y de los órganos de los sentidos;Mujeres;36 Pontevedra;332
050-052 VI-VIII.Enfermedades del sistema nervioso y de los órganos de los sentidos;Mujeres;26 Rioja, La;139
050-052 VI-VIII.Enfermedades del sistema nervioso y de los órganos de los sentidos;Mujeres;37 Salamanca;112
050-052 VI-VIII.Enfermedades del sistema nervioso y de los órganos de los sentidos;Mujeres;38 Santa Cruz de Tenerife;250
050-052 VI-VIII.Enfermedades del sistema nervioso y de los órganos de los sentidos;Mujeres;40 Segovia;73
050-052 VI-VIII.Enfermedades del sistema nervioso y de los órganos de los sentidos;Mujeres;41 Sevilla;581
050-052 VI-VIII.Enfermedades del sistema nervioso y de los órganos de los sentidos;Mujeres;42 Soria;42
050-052 VI-VIII.Enfermedades del sistema nervioso y de los órganos de los sentidos;Mujeres;43 Tarragona;234
050-052 VI-VIII.Enfermedades del sistema nervioso y de los órganos de los sentidos;Mujeres;44 Teruel;66
050-052 VI-VIII.Enfermedades del sistema nervioso y de los órganos de los sentidos;Mujeres;45 Toledo;216
050-052 VI-VIII.Enfermedades del sistema nervioso y de los órganos de los sentidos;Mujeres;46 Valencia/València;988
050-052 VI-VIII.Enfermedades del sistema nervioso y de los órganos de los sentidos;Mujeres;47 Valladolid;177
050-052 VI-VIII.Enfermedades del sistema nervioso y de los órganos de los sentidos;Mujeres;49 Zamora;83
050-052 VI-VIII.Enfermedades del sistema nervioso y de los órganos de los sentidos;Mujeres;50 Zaragoza;357
050-052 VI-VIII.Enfermedades del sistema nervioso y de los órganos de los sentidos;Mujeres;51 Ceuta;21
050-052 VI-VIII.Enfermedades del sistema nervioso y de los órganos de los sentidos;Mujeres;52 Melilla;20
050-052 VI-VIII.Enfermedades del sistema nervioso y de los órganos de los sentidos;Mujeres;Extranjero;20
050 Meningitis (otras en 003);Hombres;Total;57
050 Meningitis (otras en 003);Hombres;02 Albacete;0
050 Meningitis (otras en 003);Hombres;03 Alicante/Alacant;3
050 Meningitis (otras en 003);Hombres;04 Almería;0
050 Meningitis (otras en 003);Hombres;01 Araba/Álava;1
050 Meningitis (otras en 003);Hombres;33 Asturias;0
050 Meningitis (otras en 003);Hombres;05 Ávila;0
050 Meningitis (otras en 003);Hombres;06 Badajoz;0
050 Meningitis (otras en 003);Hombres;07 Balears, Illes;1
050 Meningitis (otras en 003);Hombres;08 Barcelona;6
050 Meningitis (otras en 003);Hombres;48 Bizkaia;4
050 Meningitis (otras en 003);Hombres;09 Burgos;0
050 Meningitis (otras en 003);Hombres;10 Cáceres;0
050 Meningitis (otras en 003);Hombres;11 Cádiz;2
050 Meningitis (otras en 003);Hombres;39 Cantabria;1
050 Meningitis (otras en 003);Hombres;12 Castellón/Castelló;1
050 Meningitis (otras en 003);Hombres;13 Ciudad Real;1
050 Meningitis (otras en 003);Hombres;14 Córdoba;1
050 Meningitis (otras en 003);Hombres;15 Coruña, A;1
050 Meningitis (otras en 003);Hombres;16 Cuenca;0
050 Meningitis (otras en 003);Hombres;20 Gipuzkoa;1
050 Meningitis (otras en 003);Hombres;17 Girona;0
050 Meningitis (otras en 003);Hombres;18 Granada;0
050 Meningitis (otras en 003);Hombres;19 Guadalajara;0
050 Meningitis (otras en 003);Hombres;21 Huelva;1
050 Meningitis (otras en 003);Hombres;22 Huesca;0
050 Meningitis (otras en 003);Hombres;23 Jaén;1
050 Meningitis (otras en 003);Hombres;24 León;1
050 Meningitis (otras en 003);Hombres;25 Lleida;1
050 Meningitis (otras en 003);Hombres;27 Lugo;0
050 Meningitis (otras en 003);Hombres;28 Madrid;5
050 Meningitis (otras en 003);Hombres;29 Málaga;1
050 Meningitis (otras en 003);Hombres;30 Murcia;3
050 Meningitis (otras en 003);Hombres;31 Navarra;2
050 Meningitis (otras en 003);Hombres;32 Ourense;1
050 Meningitis (otras en 003);Hombres;34 Palencia;1
050 Meningitis (otras en 003);Hombres;35 Palmas, Las;1
050 Meningitis (otras en 003);Hombres;36 Pontevedra;2
050 Meningitis (otras en 003);Hombres;26 Rioja, La;0
050 Meningitis (otras en 003);Hombres;37 Salamanca;1
050 Meningitis (otras en 003);Hombres;38 Santa Cruz de Tenerife;1
050 Meningitis (otras en 003);Hombres;40 Segovia;0
050 Meningitis (otras en 003);Hombres;41 Sevilla;1
050 Meningitis (otras en 003);Hombres;42 Soria;0
050 Meningitis (otras en 003);Hombres;43 Tarragona;1
050 Meningitis (otras en 003);Hombres;44 Teruel;1
050 Meningitis (otras en 003);Hombres;45 Toledo;3
050 Meningitis (otras en 003);Hombres;46 Valencia/València;5
050 Meningitis (otras en 003);Hombres;47 Valladolid;0
050 Meningitis (otras en 003);Hombres;49 Zamora;0
050 Meningitis (otras en 003);Hombres;50 Zaragoza;0
050 Meningitis (otras en 003);Hombres;51 Ceuta;1
050 Meningitis (otras en 003);Hombres;52 Melilla;0
050 Meningitis (otras en 003);Hombres;Extranjero;0
050 Meningitis (otras en 003);Mujeres;Total;47
050 Meningitis (otras en 003);Mujeres;02 Albacete;1
050 Meningitis (otras en 003);Mujeres;03 Alicante/Alacant;1
050 Meningitis (otras en 003);Mujeres;04 Almería;0
050 Meningitis (otras en 003);Mujeres;01 Araba/Álava;0
050 Meningitis (otras en 003);Mujeres;33 Asturias;1
050 Meningitis (otras en 003);Mujeres;05 Ávila;0
050 Meningitis (otras en 003);Mujeres;06 Badajoz;1
050 Meningitis (otras en 003);Mujeres;07 Balears, Illes;1
050 Meningitis (otras en 003);Mujeres;08 Barcelona;5
050 Meningitis (otras en 003);Mujeres;48 Bizkaia;3
050 Meningitis (otras en 003);Mujeres;09 Burgos;0
050 Meningitis (otras en 003);Mujeres;10 Cáceres;0
050 Meningitis (otras en 003);Mujeres;11 Cádiz;1
050 Meningitis (otras en 003);Mujeres;39 Cantabria;0
050 Meningitis (otras en 003);Mujeres;12 Castellón/Castelló;1
050 Meningitis (otras en 003);Mujeres;13 Ciudad Real;2
050 Meningitis (otras en 003);Mujeres;14 Córdoba;3
050 Meningitis (otras en 003);Mujeres;15 Coruña, A;1
050 Meningitis (otras en 003);Mujeres;16 Cuenca;0
050 Meningitis (otras en 003);Mujeres;20 Gipuzkoa;0
050 Meningitis (otras en 003);Mujeres;17 Girona;0
050 Meningitis (otras en 003);Mujeres;18 Granada;1
050 Meningitis (otras en 003);Mujeres;19 Guadalajara;0
050 Meningitis (otras en 003);Mujeres;21 Huelva;0
050 Meningitis (otras en 003);Mujeres;22 Huesca;0
050 Meningitis (otras en 003);Mujeres;23 Jaén;0
050 Meningitis (otras en 003);Mujeres;24 León;0
050 Meningitis (otras en 003);Mujeres;25 Lleida;0
050 Meningitis (otras en 003);Mujeres;27 Lugo;0
050 Meningitis (otras en 003);Mujeres;28 Madrid;9
050 Meningitis (otras en 003);Mujeres;29 Málaga;3
050 Meningitis (otras en 003);Mujeres;30 Murcia;3
050 Meningitis (otras en 003);Mujeres;31 Navarra;0
050 Meningitis (otras en 003);Mujeres;32 Ourense;0
050 Meningitis (otras en 003);Mujeres;34 Palencia;1
050 Meningitis (otras en 003);Mujeres;35 Palmas, Las;1
050 Meningitis (otras en 003);Mujeres;36 Pontevedra;0
050 Meningitis (otras en 003);Mujeres;26 Rioja, La;0
050 Meningitis (otras en 003);Mujeres;37 Salamanca;0
050 Meningitis (otras en 003);Mujeres;38 Santa Cruz de Tenerife;2
050 Meningitis (otras en 003);Mujeres;40 Segovia;0
050 Meningitis (otras en 003);Mujeres;41 Sevilla;3
050 Meningitis (otras en 003);Mujeres;42 Soria;0
050 Meningitis (otras en 003);Mujeres;43 Tarragona;0
050 Meningitis (otras en 003);Mujeres;44 Teruel;0
050 Meningitis (otras en 003);Mujeres;45 Toledo;0
050 Meningitis (otras en 003);Mujeres;46 Valencia/València;1
050 Meningitis (otras en 003);Mujeres;47 Valladolid;0
050 Meningitis (otras en 003);Mujeres;49 Zamora;0
050 Meningitis (otras en 003);Mujeres;50 Zaragoza;2
050 Meningitis (otras en 003);Mujeres;51 Ceuta;0
050 Meningitis (otras en 003);Mujeres;52 Melilla;0
050 Meningitis (otras en 003);Mujeres;Extranjero;0
051 Enfermedad de Alzheimer;Hombres;Total;4.344
051 Enfermedad de Alzheimer;Hombres;02 Albacete;34
051 Enfermedad de Alzheimer;Hombres;03 Alicante/Alacant;244
051 Enfermedad de Alzheimer;Hombres;04 Almería;73
051 Enfermedad de Alzheimer;Hombres;01 Araba/Álava;18
051 Enfermedad de Alzheimer;Hombres;33 Asturias;70
051 Enfermedad de Alzheimer;Hombres;05 Ávila;21
051 Enfermedad de Alzheimer;Hombres;06 Badajoz;56
051 Enfermedad de Alzheimer;Hombres;07 Balears, Illes;105
051 Enfermedad de Alzheimer;Hombres;08 Barcelona;497
051 Enfermedad de Alzheimer;Hombres;48 Bizkaia;93
051 Enfermedad de Alzheimer;Hombres;09 Burgos;18
051 Enfermedad de Alzheimer;Hombres;10 Cáceres;31
051 Enfermedad de Alzheimer;Hombres;11 Cádiz;93
051 Enfermedad de Alzheimer;Hombres;39 Cantabria;61
051 Enfermedad de Alzheimer;Hombres;12 Castellón/Castelló;100
051 Enfermedad de Alzheimer;Hombres;13 Ciudad Real;46
051 Enfermedad de Alzheimer;Hombres;14 Córdoba;60
051 Enfermedad de Alzheimer;Hombres;15 Coruña, A;81
051 Enfermedad de Alzheimer;Hombres;16 Cuenca;25
051 Enfermedad de Alzheimer;Hombres;20 Gipuzkoa;70
051 Enfermedad de Alzheimer;Hombres;17 Girona;97
051 Enfermedad de Alzheimer;Hombres;18 Granada;87
051 Enfermedad de Alzheimer;Hombres;19 Guadalajara;14
051 Enfermedad de Alzheimer;Hombres;21 Huelva;53
051 Enfermedad de Alzheimer;Hombres;22 Huesca;33
051 Enfermedad de Alzheimer;Hombres;23 Jaén;64
051 Enfermedad de Alzheimer;Hombres;24 León;62
051 Enfermedad de Alzheimer;Hombres;25 Lleida;52
051 Enfermedad de Alzheimer;Hombres;27 Lugo;27
051 Enfermedad de Alzheimer;Hombres;28 Madrid;412
051 Enfermedad de Alzheimer;Hombres;29 Málaga;169
051 Enfermedad de Alzheimer;Hombres;30 Murcia;173
051 Enfermedad de Alzheimer;Hombres;31 Navarra;78
051 Enfermedad de Alzheimer;Hombres;32 Ourense;27
051 Enfermedad de Alzheimer;Hombres;34 Palencia;22
051 Enfermedad de Alzheimer;Hombres;35 Palmas, Las;57
051 Enfermedad de Alzheimer;Hombres;36 Pontevedra;82
051 Enfermedad de Alzheimer;Hombres;26 Rioja, La;45
051 Enfermedad de Alzheimer;Hombres;37 Salamanca;44
051 Enfermedad de Alzheimer;Hombres;38 Santa Cruz de Tenerife;66
051 Enfermedad de Alzheimer;Hombres;40 Segovia;17
051 Enfermedad de Alzheimer;Hombres;41 Sevilla;150
051 Enfermedad de Alzheimer;Hombres;42 Soria;10
051 Enfermedad de Alzheimer;Hombres;43 Tarragona;66
051 Enfermedad de Alzheimer;Hombres;44 Teruel;19
051 Enfermedad de Alzheimer;Hombres;45 Toledo;68
051 Enfermedad de Alzheimer;Hombres;46 Valencia/València;355
051 Enfermedad de Alzheimer;Hombres;47 Valladolid;53
051 Enfermedad de Alzheimer;Hombres;49 Zamora;26
051 Enfermedad de Alzheimer;Hombres;50 Zaragoza;107
051 Enfermedad de Alzheimer;Hombres;51 Ceuta;5
051 Enfermedad de Alzheimer;Hombres;52 Melilla;5
051 Enfermedad de Alzheimer;Hombres;Extranjero;3
051 Enfermedad de Alzheimer;Mujeres;Total;10.290
051 Enfermedad de Alzheimer;Mujeres;02 Albacete;84
051 Enfermedad de Alzheimer;Mujeres;03 Alicante/Alacant;520
051 Enfermedad de Alzheimer;Mujeres;04 Almería;110
051 Enfermedad de Alzheimer;Mujeres;01 Araba/Álava;51
051 Enfermedad de Alzheimer;Mujeres;33 Asturias;210
051 Enfermedad de Alzheimer;Mujeres;05 Ávila;44
051 Enfermedad de Alzheimer;Mujeres;06 Badajoz;128
051 Enfermedad de Alzheimer;Mujeres;07 Balears, Illes;208
051 Enfermedad de Alzheimer;Mujeres;08 Barcelona;1.310
051 Enfermedad de Alzheimer;Mujeres;48 Bizkaia;254
051 Enfermedad de Alzheimer;Mujeres;09 Burgos;61
051 Enfermedad de Alzheimer;Mujeres;10 Cáceres;93
051 Enfermedad de Alzheimer;Mujeres;11 Cádiz;219
051 Enfermedad de Alzheimer;Mujeres;39 Cantabria;123
051 Enfermedad de Alzheimer;Mujeres;12 Castellón/Castelló;211
051 Enfermedad de Alzheimer;Mujeres;13 Ciudad Real;115
051 Enfermedad de Alzheimer;Mujeres;14 Córdoba;134
051 Enfermedad de Alzheimer;Mujeres;15 Coruña, A;224
051 Enfermedad de Alzheimer;Mujeres;16 Cuenca;60
051 Enfermedad de Alzheimer;Mujeres;20 Gipuzkoa;189
051 Enfermedad de Alzheimer;Mujeres;17 Girona;194
051 Enfermedad de Alzheimer;Mujeres;18 Granada;224
051 Enfermedad de Alzheimer;Mujeres;19 Guadalajara;34
051 Enfermedad de Alzheimer;Mujeres;21 Huelva;113
051 Enfermedad de Alzheimer;Mujeres;22 Huesca;64
051 Enfermedad de Alzheimer;Mujeres;23 Jaén;130
051 Enfermedad de Alzheimer;Mujeres;24 León;149
051 Enfermedad de Alzheimer;Mujeres;25 Lleida;136
051 Enfermedad de Alzheimer;Mujeres;27 Lugo;76
051 Enfermedad de Alzheimer;Mujeres;28 Madrid;1.156
051 Enfermedad de Alzheimer;Mujeres;29 Málaga;363
051 Enfermedad de Alzheimer;Mujeres;30 Murcia;430
051 Enfermedad de Alzheimer;Mujeres;31 Navarra;233
051 Enfermedad de Alzheimer;Mujeres;32 Ourense;78
051 Enfermedad de Alzheimer;Mujeres;34 Palencia;48
051 Enfermedad de Alzheimer;Mujeres;35 Palmas, Las;103
051 Enfermedad de Alzheimer;Mujeres;36 Pontevedra;205
051 Enfermedad de Alzheimer;Mujeres;26 Rioja, La;99
051 Enfermedad de Alzheimer;Mujeres;37 Salamanca;73
051 Enfermedad de Alzheimer;Mujeres;38 Santa Cruz de Tenerife;140
051 Enfermedad de Alzheimer;Mujeres;40 Segovia;42
051 Enfermedad de Alzheimer;Mujeres;41 Sevilla;363
051 Enfermedad de Alzheimer;Mujeres;42 Soria;27
051 Enfermedad de Alzheimer;Mujeres;43 Tarragona;146
051 Enfermedad de Alzheimer;Mujeres;44 Teruel;46
051 Enfermedad de Alzheimer;Mujeres;45 Toledo;138
051 Enfermedad de Alzheimer;Mujeres;46 Valencia/València;681
051 Enfermedad de Alzheimer;Mujeres;47 Valladolid;117
051 Enfermedad de Alzheimer;Mujeres;49 Zamora;60
051 Enfermedad de Alzheimer;Mujeres;50 Zaragoza;240
051 Enfermedad de Alzheimer;Mujeres;51 Ceuta;15
051 Enfermedad de Alzheimer;Mujeres;52 Melilla;16
051 Enfermedad de Alzheimer;Mujeres;Extranjero;3
052 Otras enfermedades del sistema nervioso y de los órganos de los sentidos;Hombres;Total;5.887
052 Otras enfermedades del sistema nervioso y de los órganos de los sentidos;Hombres;02 Albacete;68
052 Otras enfermedades del sistema nervioso y de los órganos de los sentidos;Hombres;03 Alicante/Alacant;209
052 Otras enfermedades del sistema nervioso y de los órganos de los sentidos;Hombres;04 Almería;69
052 Otras enfermedades del sistema nervioso y de los órganos de los sentidos;Hombres;01 Araba/Álava;48
052 Otras enfermedades del sistema nervioso y de los órganos de los sentidos;Hombres;33 Asturias;159
052 Otras enfermedades del sistema nervioso y de los órganos de los sentidos;Hombres;05 Ávila;29
052 Otras enfermedades del sistema nervioso y de los órganos de los sentidos;Hombres;06 Badajoz;91
052 Otras enfermedades del sistema nervioso y de los órganos de los sentidos;Hombres;07 Balears, Illes;122
052 Otras enfermedades del sistema nervioso y de los órganos de los sentidos;Hombres;08 Barcelona;765
052 Otras enfermedades del sistema nervioso y de los órganos de los sentidos;Hombres;48 Bizkaia;199
052 Otras enfermedades del sistema nervioso y de los órganos de los sentidos;Hombres;09 Burgos;55
052 Otras enfermedades del sistema nervioso y de los órganos de los sentidos;Hombres;10 Cáceres;47
052 Otras enfermedades del sistema nervioso y de los órganos de los sentidos;Hombres;11 Cádiz;135
052 Otras enfermedades del sistema nervioso y de los órganos de los sentidos;Hombres;39 Cantabria;88
052 Otras enfermedades del sistema nervioso y de los órganos de los sentidos;Hombres;12 Castellón/Castelló;67
052 Otras enfermedades del sistema nervioso y de los órganos de los sentidos;Hombres;13 Ciudad Real;64
052 Otras enfermedades del sistema nervioso y de los órganos de los sentidos;Hombres;14 Córdoba;78
052 Otras enfermedades del sistema nervioso y de los órganos de los sentidos;Hombres;15 Coruña, A;202
052 Otras enfermedades del sistema nervioso y de los órganos de los sentidos;Hombres;16 Cuenca;42
052 Otras enfermedades del sistema nervioso y de los órganos de los sentidos;Hombres;20 Gipuzkoa;115
052 Otras enfermedades del sistema nervioso y de los órganos de los sentidos;Hombres;17 Girona;94
052 Otras enfermedades del sistema nervioso y de los órganos de los sentidos;Hombres;18 Granada;87
052 Otras enfermedades del sistema nervioso y de los órganos de los sentidos;Hombres;19 Guadalajara;31
052 Otras enfermedades del sistema nervioso y de los órganos de los sentidos;Hombres;21 Huelva;57
052 Otras enfermedades del sistema nervioso y de los órganos de los sentidos;Hombres;22 Huesca;36
052 Otras enfermedades del sistema nervioso y de los órganos de los sentidos;Hombres;23 Jaén;69
052 Otras enfermedades del sistema nervioso y de los órganos de los sentidos;Hombres;24 León;68
052 Otras enfermedades del sistema nervioso y de los órganos de los sentidos;Hombres;25 Lleida;51
052 Otras enfermedades del sistema nervioso y de los órganos de los sentidos;Hombres;27 Lugo;83
052 Otras enfermedades del sistema nervioso y de los órganos de los sentidos;Hombres;28 Madrid;678
052 Otras enfermedades del sistema nervioso y de los órganos de los sentidos;Hombres;29 Málaga;148
052 Otras enfermedades del sistema nervioso y de los órganos de los sentidos;Hombres;30 Murcia;140
052 Otras enfermedades del sistema nervioso y de los órganos de los sentidos;Hombres;31 Navarra;96
052 Otras enfermedades del sistema nervioso y de los órganos de los sentidos;Hombres;32 Ourense;50
052 Otras enfermedades del sistema nervioso y de los órganos de los sentidos;Hombres;34 Palencia;31
052 Otras enfermedades del sistema nervioso y de los órganos de los sentidos;Hombres;35 Palmas, Las;96
052 Otras enfermedades del sistema nervioso y de los órganos de los sentidos;Hombres;36 Pontevedra;143
052 Otras enfermedades del sistema nervioso y de los órganos de los sentidos;Hombres;26 Rioja, La;72
052 Otras enfermedades del sistema nervioso y de los órganos de los sentidos;Hombres;37 Salamanca;67
052 Otras enfermedades del sistema nervioso y de los órganos de los sentidos;Hombres;38 Santa Cruz de Tenerife;113
052 Otras enfermedades del sistema nervioso y de los órganos de los sentidos;Hombres;40 Segovia;24
052 Otras enfermedades del sistema nervioso y de los órganos de los sentidos;Hombres;41 Sevilla;214
052 Otras enfermedades del sistema nervioso y de los órganos de los sentidos;Hombres;42 Soria;20
052 Otras enfermedades del sistema nervioso y de los órganos de los sentidos;Hombres;43 Tarragona;102
052 Otras enfermedades del sistema nervioso y de los órganos de los sentidos;Hombres;44 Teruel;17
052 Otras enfermedades del sistema nervioso y de los órganos de los sentidos;Hombres;45 Toledo;79
052 Otras enfermedades del sistema nervioso y de los órganos de los sentidos;Hombres;46 Valencia/València;301
052 Otras enfermedades del sistema nervioso y de los órganos de los sentidos;Hombres;47 Valladolid;67
052 Otras enfermedades del sistema nervioso y de los órganos de los sentidos;Hombres;49 Zamora;28
052 Otras enfermedades del sistema nervioso y de los órganos de los sentidos;Hombres;50 Zaragoza;123
052 Otras enfermedades del sistema nervioso y de los órganos de los sentidos;Hombres;51 Ceuta;8
052 Otras enfermedades del sistema nervioso y de los órganos de los sentidos;Hombres;52 Melilla;5
052 Otras enfermedades del sistema nervioso y de los órganos de los sentidos;Hombres;Extranjero;37
052 Otras enfermedades del sistema nervioso y de los órganos de los sentidos;Mujeres;Total;5.495
052 Otras enfermedades del sistema nervioso y de los órganos de los sentidos;Mujeres;02 Albacete;47
052 Otras enfermedades del sistema nervioso y de los órganos de los sentidos;Mujeres;03 Alicante/Alacant;190
052 Otras enfermedades del sistema nervioso y de los órganos de los sentidos;Mujeres;04 Almería;45
052 Otras enfermedades del sistema nervioso y de los órganos de los sentidos;Mujeres;01 Araba/Álava;32
052 Otras enfermedades del sistema nervioso y de los órganos de los sentidos;Mujeres;33 Asturias;193
052 Otras enfermedades del sistema nervioso y de los órganos de los sentidos;Mujeres;05 Ávila;19
052 Otras enfermedades del sistema nervioso y de los órganos de los sentidos;Mujeres;06 Badajoz;84
052 Otras enfermedades del sistema nervioso y de los órganos de los sentidos;Mujeres;07 Balears, Illes;112
052 Otras enfermedades del sistema nervioso y de los órganos de los sentidos;Mujeres;08 Barcelona;715
052 Otras enfermedades del sistema nervioso y de los órganos de los sentidos;Mujeres;48 Bizkaia;199
052 Otras enfermedades del sistema nervioso y de los órganos de los sentidos;Mujeres;09 Burgos;52
052 Otras enfermedades del sistema nervioso y de los órganos de los sentidos;Mujeres;10 Cáceres;43
052 Otras enfermedades del sistema nervioso y de los órganos de los sentidos;Mujeres;11 Cádiz;112
052 Otras enfermedades del sistema nervioso y de los órganos de los sentidos;Mujeres;39 Cantabria;96
052 Otras enfermedades del sistema nervioso y de los órganos de los sentidos;Mujeres;12 Castellón/Castelló;44
052 Otras enfermedades del sistema nervioso y de los órganos de los sentidos;Mujeres;13 Ciudad Real;49
052 Otras enfermedades del sistema nervioso y de los órganos de los sentidos;Mujeres;14 Córdoba;99
052 Otras enfermedades del sistema nervioso y de los órganos de los sentidos;Mujeres;15 Coruña, A;173
052 Otras enfermedades del sistema nervioso y de los órganos de los sentidos;Mujeres;16 Cuenca;24
052 Otras enfermedades del sistema nervioso y de los órganos de los sentidos;Mujeres;20 Gipuzkoa;126
052 Otras enfermedades del sistema nervioso y de los órganos de los sentidos;Mujeres;17 Girona;104
052 Otras enfermedades del sistema nervioso y de los órganos de los sentidos;Mujeres;18 Granada;89
052 Otras enfermedades del sistema nervioso y de los órganos de los sentidos;Mujeres;19 Guadalajara;22
052 Otras enfermedades del sistema nervioso y de los órganos de los sentidos;Mujeres;21 Huelva;40
052 Otras enfermedades del sistema nervioso y de los órganos de los sentidos;Mujeres;22 Huesca;23
052 Otras enfermedades del sistema nervioso y de los órganos de los sentidos;Mujeres;23 Jaén;71
052 Otras enfermedades del sistema nervioso y de los órganos de los sentidos;Mujeres;24 León;68
052 Otras enfermedades del sistema nervioso y de los órganos de los sentidos;Mujeres;25 Lleida;48
052 Otras enfermedades del sistema nervioso y de los órganos de los sentidos;Mujeres;27 Lugo;66
052 Otras enfermedades del sistema nervioso y de los órganos de los sentidos;Mujeres;28 Madrid;714
052 Otras enfermedades del sistema nervioso y de los órganos de los sentidos;Mujeres;29 Málaga;133
052 Otras enfermedades del sistema nervioso y de los órganos de los sentidos;Mujeres;30 Murcia;143
052 Otras enfermedades del sistema nervioso y de los órganos de los sentidos;Mujeres;31 Navarra;78
052 Otras enfermedades del sistema nervioso y de los órganos de los sentidos;Mujeres;32 Ourense;48
052 Otras enfermedades del sistema nervioso y de los órganos de los sentidos;Mujeres;34 Palencia;23
052 Otras enfermedades del sistema nervioso y de los órganos de los sentidos;Mujeres;35 Palmas, Las;79
052 Otras enfermedades del sistema nervioso y de los órganos de los sentidos;Mujeres;36 Pontevedra;127
052 Otras enfermedades del sistema nervioso y de los órganos de los sentidos;Mujeres;26 Rioja, La;40
052 Otras enfermedades del sistema nervioso y de los órganos de los sentidos;Mujeres;37 Salamanca;39
052 Otras enfermedades del sistema nervioso y de los órganos de los sentidos;Mujeres;38 Santa Cruz de Tenerife;108
052 Otras enfermedades del sistema nervioso y de los órganos de los sentidos;Mujeres;40 Segovia;31
052 Otras enfermedades del sistema nervioso y de los órganos de los sentidos;Mujeres;41 Sevilla;215
052 Otras enfermedades del sistema nervioso y de los órganos de los sentidos;Mujeres;42 Soria;15
052 Otras enfermedades del sistema nervioso y de los órganos de los sentidos;Mujeres;43 Tarragona;88
052 Otras enfermedades del sistema nervioso y de los órganos de los sentidos;Mujeres;44 Teruel;20
052 Otras enfermedades del sistema nervioso y de los órganos de los sentidos;Mujeres;45 Toledo;78
052 Otras enfermedades del sistema nervioso y de los órganos de los sentidos;Mujeres;46 Valencia/València;306
052 Otras enfermedades del sistema nervioso y de los órganos de los sentidos;Mujeres;47 Valladolid;60
052 Otras enfermedades del sistema nervioso y de los órganos de los sentidos;Mujeres;49 Zamora;23
052 Otras enfermedades del sistema nervioso y de los órganos de los sentidos;Mujeres;50 Zaragoza;115
052 Otras enfermedades del sistema nervioso y de los órganos de los sentidos;Mujeres;51 Ceuta;6
052 Otras enfermedades del sistema nervioso y de los órganos de los sentidos;Mujeres;52 Melilla;4
052 Otras enfermedades del sistema nervioso y de los órganos de los sentidos;Mujeres;Extranjero;17
053-061 IX.Enfermedades del sistema circulatorio;Hombres;Total;54.511
053-061 IX.Enfermedades del sistema circulatorio;Hombres;02 Albacete;491
053-061 IX.Enfermedades del sistema circulatorio;Hombres;03 Alicante/Alacant;2.295
053-061 IX.Enfermedades del sistema circulatorio;Hombres;04 Almería;616
053-061 IX.Enfermedades del sistema circulatorio;Hombres;01 Araba/Álava;323
053-061 IX.Enfermedades del sistema circulatorio;Hombres;33 Asturias;1.700
053-061 IX.Enfermedades del sistema circulatorio;Hombres;05 Ávila;283
053-061 IX.Enfermedades del sistema circulatorio;Hombres;06 Badajoz;848
053-061 IX.Enfermedades del sistema circulatorio;Hombres;07 Balears, Illes;1.025
053-061 IX.Enfermedades del sistema circulatorio;Hombres;08 Barcelona;5.552
053-061 IX.Enfermedades del sistema circulatorio;Hombres;48 Bizkaia;1.507
053-061 IX.Enfermedades del sistema circulatorio;Hombres;09 Burgos;494
053-061 IX.Enfermedades del sistema circulatorio;Hombres;10 Cáceres;547
053-061 IX.Enfermedades del sistema circulatorio;Hombres;11 Cádiz;1.390
053-061 IX.Enfermedades del sistema circulatorio;Hombres;39 Cantabria;762
053-061 IX.Enfermedades del sistema circulatorio;Hombres;12 Castellón/Castelló;699
053-061 IX.Enfermedades del sistema circulatorio;Hombres;13 Ciudad Real;621
053-061 IX.Enfermedades del sistema circulatorio;Hombres;14 Córdoba;1.084
053-061 IX.Enfermedades del sistema circulatorio;Hombres;15 Coruña, A;1.691
053-061 IX.Enfermedades del sistema circulatorio;Hombres;16 Cuenca;298
053-061 IX.Enfermedades del sistema circulatorio;Hombres;20 Gipuzkoa;845
053-061 IX.Enfermedades del sistema circulatorio;Hombres;17 Girona;805
053-061 IX.Enfermedades del sistema circulatorio;Hombres;18 Granada;1.078
053-061 IX.Enfermedades del sistema circulatorio;Hombres;19 Guadalajara;265
053-061 IX.Enfermedades del sistema circulatorio;Hombres;21 Huelva;631
053-061 IX.Enfermedades del sistema circulatorio;Hombres;22 Huesca;323
053-061 IX.Enfermedades del sistema circulatorio;Hombres;23 Jaén;826
053-061 IX.Enfermedades del sistema circulatorio;Hombres;24 León;801
053-061 IX.Enfermedades del sistema circulatorio;Hombres;25 Lleida;551
053-061 IX.Enfermedades del sistema circulatorio;Hombres;27 Lugo;717
053-061 IX.Enfermedades del sistema circulatorio;Hombres;28 Madrid;5.222
053-061 IX.Enfermedades del sistema circulatorio;Hombres;29 Málaga;1.858
053-061 IX.Enfermedades del sistema circulatorio;Hombres;30 Murcia;1.569
053-061 IX.Enfermedades del sistema circulatorio;Hombres;31 Navarra;670
053-061 IX.Enfermedades del sistema circulatorio;Hombres;32 Ourense;610
053-061 IX.Enfermedades del sistema circulatorio;Hombres;34 Palencia;295
053-061 IX.Enfermedades del sistema circulatorio;Hombres;35 Palmas, Las;1.174
053-061 IX.Enfermedades del sistema circulatorio;Hombres;36 Pontevedra;1.197
053-061 IX.Enfermedades del sistema circulatorio;Hombres;26 Rioja, La;423
053-061 IX.Enfermedades del sistema circulatorio;Hombres;37 Salamanca;496
053-061 IX.Enfermedades del sistema circulatorio;Hombres;38 Santa Cruz de Tenerife;950
053-061 IX.Enfermedades del sistema circulatorio;Hombres;40 Segovia;197
053-061 IX.Enfermedades del sistema circulatorio;Hombres;41 Sevilla;2.409
053-061 IX.Enfermedades del sistema circulatorio;Hombres;42 Soria;162
053-061 IX.Enfermedades del sistema circulatorio;Hombres;43 Tarragona;870
053-061 IX.Enfermedades del sistema circulatorio;Hombres;44 Teruel;275
053-061 IX.Enfermedades del sistema circulatorio;Hombres;45 Toledo;738
053-061 IX.Enfermedades del sistema circulatorio;Hombres;46 Valencia/València;3.089
053-061 IX.Enfermedades del sistema circulatorio;Hombres;47 Valladolid;608
053-061 IX.Enfermedades del sistema circulatorio;Hombres;49 Zamora;377
053-061 IX.Enfermedades del sistema circulatorio;Hombres;50 Zaragoza;1.294
053-061 IX.Enfermedades del sistema circulatorio;Hombres;51 Ceuta;73
053-061 IX.Enfermedades del sistema circulatorio;Hombres;52 Melilla;69
053-061 IX.Enfermedades del sistema circulatorio;Hombres;Extranjero;818
053-061 IX.Enfermedades del sistema circulatorio;Mujeres;Total;62.104
053-061 IX.Enfermedades del sistema circulatorio;Mujeres;02 Albacete;603
053-061 IX.Enfermedades del sistema circulatorio;Mujeres;03 Alicante/Alacant;2.281
053-061 IX.Enfermedades del sistema circulatorio;Mujeres;04 Almería;593
053-061 IX.Enfermedades del sistema circulatorio;Mujeres;01 Araba/Álava;341
053-061 IX.Enfermedades del sistema circulatorio;Mujeres;33 Asturias;2.088
053-061 IX.Enfermedades del sistema circulatorio;Mujeres;05 Ávila;307
053-061 IX.Enfermedades del sistema circulatorio;Mujeres;06 Badajoz;1.085
053-061 IX.Enfermedades del sistema circulatorio;Mujeres;07 Balears, Illes;1.177
053-061 IX.Enfermedades del sistema circulatorio;Mujeres;08 Barcelona;6.389
053-061 IX.Enfermedades del sistema circulatorio;Mujeres;48 Bizkaia;1.652
053-061 IX.Enfermedades del sistema circulatorio;Mujeres;09 Burgos;587
053-061 IX.Enfermedades del sistema circulatorio;Mujeres;10 Cáceres;616
053-061 IX.Enfermedades del sistema circulatorio;Mujeres;11 Cádiz;1.474
053-061 IX.Enfermedades del sistema circulatorio;Mujeres;39 Cantabria;878
053-061 IX.Enfermedades del sistema circulatorio;Mujeres;12 Castellón/Castelló;769
053-061 IX.Enfermedades del sistema circulatorio;Mujeres;13 Ciudad Real;787
053-061 IX.Enfermedades del sistema circulatorio;Mujeres;14 Córdoba;1.348
053-061 IX.Enfermedades del sistema circulatorio;Mujeres;15 Coruña, A;1.978
053-061 IX.Enfermedades del sistema circulatorio;Mujeres;16 Cuenca;355
053-061 IX.Enfermedades del sistema circulatorio;Mujeres;20 Gipuzkoa;954
053-061 IX.Enfermedades del sistema circulatorio;Mujeres;17 Girona;962
053-061 IX.Enfermedades del sistema circulatorio;Mujeres;18 Granada;1.243
053-061 IX.Enfermedades del sistema circulatorio;Mujeres;19 Guadalajara;291
053-061 IX.Enfermedades del sistema circulatorio;Mujeres;21 Huelva;670
053-061 IX.Enfermedades del sistema circulatorio;Mujeres;22 Huesca;414
053-061 IX.Enfermedades del sistema circulatorio;Mujeres;23 Jaén;958
053-061 IX.Enfermedades del sistema circulatorio;Mujeres;24 León;923
053-061 IX.Enfermedades del sistema circulatorio;Mujeres;25 Lleida;586
053-061 IX.Enfermedades del sistema circulatorio;Mujeres;27 Lugo;873
053-061 IX.Enfermedades del sistema circulatorio;Mujeres;28 Madrid;6.510
053-061 IX.Enfermedades del sistema circulatorio;Mujeres;29 Málaga;1.975
053-061 IX.Enfermedades del sistema circulatorio;Mujeres;30 Murcia;1.814
053-061 IX.Enfermedades del sistema circulatorio;Mujeres;31 Navarra;785
053-061 IX.Enfermedades del sistema circulatorio;Mujeres;32 Ourense;749
053-061 IX.Enfermedades del sistema circulatorio;Mujeres;34 Palencia;324
053-061 IX.Enfermedades del sistema circulatorio;Mujeres;35 Palmas, Las;1.123
053-061 IX.Enfermedades del sistema circulatorio;Mujeres;36 Pontevedra;1.400
053-061 IX.Enfermedades del sistema circulatorio;Mujeres;26 Rioja, La;491
053-061 IX.Enfermedades del sistema circulatorio;Mujeres;37 Salamanca;627
053-061 IX.Enfermedades del sistema circulatorio;Mujeres;38 Santa Cruz de Tenerife;1.027
053-061 IX.Enfermedades del sistema circulatorio;Mujeres;40 Segovia;255
053-061 IX.Enfermedades del sistema circulatorio;Mujeres;41 Sevilla;3.060
053-061 IX.Enfermedades del sistema circulatorio;Mujeres;42 Soria;167
053-061 IX.Enfermedades del sistema circulatorio;Mujeres;43 Tarragona;911
053-061 IX.Enfermedades del sistema circulatorio;Mujeres;44 Teruel;252
053-061 IX.Enfermedades del sistema circulatorio;Mujeres;45 Toledo;864
053-061 IX.Enfermedades del sistema circulatorio;Mujeres;46 Valencia/València;3.482
053-061 IX.Enfermedades del sistema circulatorio;Mujeres;47 Valladolid;703
053-061 IX.Enfermedades del sistema circulatorio;Mujeres;49 Zamora;453
053-061 IX.Enfermedades del sistema circulatorio;Mujeres;50 Zaragoza;1.502
053-061 IX.Enfermedades del sistema circulatorio;Mujeres;51 Ceuta;84
053-061 IX.Enfermedades del sistema circulatorio;Mujeres;52 Melilla;60
053-061 IX.Enfermedades del sistema circulatorio;Mujeres;Extranjero;304
053 Enfermedades cardíacas reumáticas crónicas;Hombres;Total;483
053 Enfermedades cardíacas reumáticas crónicas;Hombres;02 Albacete;10
053 Enfermedades cardíacas reumáticas crónicas;Hombres;03 Alicante/Alacant;21
053 Enfermedades cardíacas reumáticas crónicas;Hombres;04 Almería;7
053 Enfermedades cardíacas reumáticas crónicas;Hombres;01 Araba/Álava;3
053 Enfermedades cardíacas reumáticas crónicas;Hombres;33 Asturias;19
053 Enfermedades cardíacas reumáticas crónicas;Hombres;05 Ávila;5
053 Enfermedades cardíacas reumáticas crónicas;Hombres;06 Badajoz;11
053 Enfermedades cardíacas reumáticas crónicas;Hombres;07 Balears, Illes;8
053 Enfermedades cardíacas reumáticas crónicas;Hombres;08 Barcelona;43
053 Enfermedades cardíacas reumáticas crónicas;Hombres;48 Bizkaia;16
053 Enfermedades cardíacas reumáticas crónicas;Hombres;09 Burgos;7
053 Enfermedades cardíacas reumáticas crónicas;Hombres;10 Cáceres;7
053 Enfermedades cardíacas reumáticas crónicas;Hombres;11 Cádiz;12
053 Enfermedades cardíacas reumáticas crónicas;Hombres;39 Cantabria;11
053 Enfermedades cardíacas reumáticas crónicas;Hombres;12 Castellón/Castelló;3
053 Enfermedades cardíacas reumáticas crónicas;Hombres;13 Ciudad Real;7
053 Enfermedades cardíacas reumáticas crónicas;Hombres;14 Córdoba;9
053 Enfermedades cardíacas reumáticas crónicas;Hombres;15 Coruña, A;11
053 Enfermedades cardíacas reumáticas crónicas;Hombres;16 Cuenca;5
053 Enfermedades cardíacas reumáticas crónicas;Hombres;20 Gipuzkoa;6
053 Enfermedades cardíacas reumáticas crónicas;Hombres;17 Girona;8
053 Enfermedades cardíacas reumáticas crónicas;Hombres;18 Granada;5
053 Enfermedades cardíacas reumáticas crónicas;Hombres;19 Guadalajara;7
053 Enfermedades cardíacas reumáticas crónicas;Hombres;21 Huelva;6
053 Enfermedades cardíacas reumáticas crónicas;Hombres;22 Huesca;3
053 Enfermedades cardíacas reumáticas crónicas;Hombres;23 Jaén;6
053 Enfermedades cardíacas reumáticas crónicas;Hombres;24 León;5
053 Enfermedades cardíacas reumáticas crónicas;Hombres;25 Lleida;8
053 Enfermedades cardíacas reumáticas crónicas;Hombres;27 Lugo;14
053 Enfermedades cardíacas reumáticas crónicas;Hombres;28 Madrid;44
053 Enfermedades cardíacas reumáticas crónicas;Hombres;29 Málaga;11
053 Enfermedades cardíacas reumáticas crónicas;Hombres;30 Murcia;5
053 Enfermedades cardíacas reumáticas crónicas;Hombres;31 Navarra;7
053 Enfermedades cardíacas reumáticas crónicas;Hombres;32 Ourense;5
053 Enfermedades cardíacas reumáticas crónicas;Hombres;34 Palencia;4
053 Enfermedades cardíacas reumáticas crónicas;Hombres;35 Palmas, Las;8
053 Enfermedades cardíacas reumáticas crónicas;Hombres;36 Pontevedra;9
053 Enfermedades cardíacas reumáticas crónicas;Hombres;26 Rioja, La;2
053 Enfermedades cardíacas reumáticas crónicas;Hombres;37 Salamanca;2
053 Enfermedades cardíacas reumáticas crónicas;Hombres;38 Santa Cruz de Tenerife;4
053 Enfermedades cardíacas reumáticas crónicas;Hombres;40 Segovia;1
053 Enfermedades cardíacas reumáticas crónicas;Hombres;41 Sevilla;21
053 Enfermedades cardíacas reumáticas crónicas;Hombres;42 Soria;0
053 Enfermedades cardíacas reumáticas crónicas;Hombres;43 Tarragona;4
053 Enfermedades cardíacas reumáticas crónicas;Hombres;44 Teruel;3
053 Enfermedades cardíacas reumáticas crónicas;Hombres;45 Toledo;11
053 Enfermedades cardíacas reumáticas crónicas;Hombres;46 Valencia/València;30
053 Enfermedades cardíacas reumáticas crónicas;Hombres;47 Valladolid;3
053 Enfermedades cardíacas reumáticas crónicas;Hombres;49 Zamora;5
053 Enfermedades cardíacas reumáticas crónicas;Hombres;50 Zaragoza;15
053 Enfermedades cardíacas reumáticas crónicas;Hombres;51 Ceuta;2
053 Enfermedades cardíacas reumáticas crónicas;Hombres;52 Melilla;0
053 Enfermedades cardíacas reumáticas crónicas;Hombres;Extranjero;4
053 Enfermedades cardíacas reumáticas crónicas;Mujeres;Total;1.016
053 Enfermedades cardíacas reumáticas crónicas;Mujeres;02 Albacete;15
053 Enfermedades cardíacas reumáticas crónicas;Mujeres;03 Alicante/Alacant;31
053 Enfermedades cardíacas reumáticas crónicas;Mujeres;04 Almería;18
053 Enfermedades cardíacas reumáticas crónicas;Mujeres;01 Araba/Álava;4
053 Enfermedades cardíacas reumáticas crónicas;Mujeres;33 Asturias;29
053 Enfermedades cardíacas reumáticas crónicas;Mujeres;05 Ávila;4
053 Enfermedades cardíacas reumáticas crónicas;Mujeres;06 Badajoz;12
053 Enfermedades cardíacas reumáticas crónicas;Mujeres;07 Balears, Illes;16
053 Enfermedades cardíacas reumáticas crónicas;Mujeres;08 Barcelona;105
053 Enfermedades cardíacas reumáticas crónicas;Mujeres;48 Bizkaia;35
053 Enfermedades cardíacas reumáticas crónicas;Mujeres;09 Burgos;13
053 Enfermedades cardíacas reumáticas crónicas;Mujeres;10 Cáceres;17
053 Enfermedades cardíacas reumáticas crónicas;Mujeres;11 Cádiz;17
053 Enfermedades cardíacas reumáticas crónicas;Mujeres;39 Cantabria;11
053 Enfermedades cardíacas reumáticas crónicas;Mujeres;12 Castellón/Castelló;11
053 Enfermedades cardíacas reumáticas crónicas;Mujeres;13 Ciudad Real;22
053 Enfermedades cardíacas reumáticas crónicas;Mujeres;14 Córdoba;30
053 Enfermedades cardíacas reumáticas crónicas;Mujeres;15 Coruña, A;26
053 Enfermedades cardíacas reumáticas crónicas;Mujeres;16 Cuenca;8
053 Enfermedades cardíacas reumáticas crónicas;Mujeres;20 Gipuzkoa;11
053 Enfermedades cardíacas reumáticas crónicas;Mujeres;17 Girona;20
053 Enfermedades cardíacas reumáticas crónicas;Mujeres;18 Granada;13
053 Enfermedades cardíacas reumáticas crónicas;Mujeres;19 Guadalajara;5
053 Enfermedades cardíacas reumáticas crónicas;Mujeres;21 Huelva;11
053 Enfermedades cardíacas reumáticas crónicas;Mujeres;22 Huesca;3
053 Enfermedades cardíacas reumáticas crónicas;Mujeres;23 Jaén;27
053 Enfermedades cardíacas reumáticas crónicas;Mujeres;24 León;11
053 Enfermedades cardíacas reumáticas crónicas;Mujeres;25 Lleida;6
053 Enfermedades cardíacas reumáticas crónicas;Mujeres;27 Lugo;12
053 Enfermedades cardíacas reumáticas crónicas;Mujeres;28 Madrid;108
053 Enfermedades cardíacas reumáticas crónicas;Mujeres;29 Málaga;35
053 Enfermedades cardíacas reumáticas crónicas;Mujeres;30 Murcia;21
053 Enfermedades cardíacas reumáticas crónicas;Mujeres;31 Navarra;6
053 Enfermedades cardíacas reumáticas crónicas;Mujeres;32 Ourense;11
053 Enfermedades cardíacas reumáticas crónicas;Mujeres;34 Palencia;8
053 Enfermedades cardíacas reumáticas crónicas;Mujeres;35 Palmas, Las;17
053 Enfermedades cardíacas reumáticas crónicas;Mujeres;36 Pontevedra;10
053 Enfermedades cardíacas reumáticas crónicas;Mujeres;26 Rioja, La;7
053 Enfermedades cardíacas reumáticas crónicas;Mujeres;37 Salamanca;8
053 Enfermedades cardíacas reumáticas crónicas;Mujeres;38 Santa Cruz de Tenerife;17
053 Enfermedades cardíacas reumáticas crónicas;Mujeres;40 Segovia;4
053 Enfermedades cardíacas reumáticas crónicas;Mujeres;41 Sevilla;37
053 Enfermedades cardíacas reumáticas crónicas;Mujeres;42 Soria;4
053 Enfermedades cardíacas reumáticas crónicas;Mujeres;43 Tarragona;15
053 Enfermedades cardíacas reumáticas crónicas;Mujeres;44 Teruel;7
053 Enfermedades cardíacas reumáticas crónicas;Mujeres;45 Toledo;31
053 Enfermedades cardíacas reumáticas crónicas;Mujeres;46 Valencia/València;69
053 Enfermedades cardíacas reumáticas crónicas;Mujeres;47 Valladolid;20
053 Enfermedades cardíacas reumáticas crónicas;Mujeres;49 Zamora;14
053 Enfermedades cardíacas reumáticas crónicas;Mujeres;50 Zaragoza;19
053 Enfermedades cardíacas reumáticas crónicas;Mujeres;51 Ceuta;1
053 Enfermedades cardíacas reumáticas crónicas;Mujeres;52 Melilla;1
053 Enfermedades cardíacas reumáticas crónicas;Mujeres;Extranjero;3
054 Enfermedades hipertensivas;Hombres;Total;3.831
054 Enfermedades hipertensivas;Hombres;02 Albacete;23
054 Enfermedades hipertensivas;Hombres;03 Alicante/Alacant;211
054 Enfermedades hipertensivas;Hombres;04 Almería;46
054 Enfermedades hipertensivas;Hombres;01 Araba/Álava;26
054 Enfermedades hipertensivas;Hombres;33 Asturias;112
054 Enfermedades hipertensivas;Hombres;05 Ávila;22
054 Enfermedades hipertensivas;Hombres;06 Badajoz;46
054 Enfermedades hipertensivas;Hombres;07 Balears, Illes;102
054 Enfermedades hipertensivas;Hombres;08 Barcelona;444
054 Enfermedades hipertensivas;Hombres;48 Bizkaia;119
054 Enfermedades hipertensivas;Hombres;09 Burgos;46
054 Enfermedades hipertensivas;Hombres;10 Cáceres;35
054 Enfermedades hipertensivas;Hombres;11 Cádiz;77
054 Enfermedades hipertensivas;Hombres;39 Cantabria;60
054 Enfermedades hipertensivas;Hombres;12 Castellón/Castelló;68
054 Enfermedades hipertensivas;Hombres;13 Ciudad Real;53
054 Enfermedades hipertensivas;Hombres;14 Córdoba;99
054 Enfermedades hipertensivas;Hombres;15 Coruña, A;105
054 Enfermedades hipertensivas;Hombres;16 Cuenca;15
054 Enfermedades hipertensivas;Hombres;20 Gipuzkoa;77
054 Enfermedades hipertensivas;Hombres;17 Girona;56
054 Enfermedades hipertensivas;Hombres;18 Granada;59
054 Enfermedades hipertensivas;Hombres;19 Guadalajara;20
054 Enfermedades hipertensivas;Hombres;21 Huelva;53
054 Enfermedades hipertensivas;Hombres;22 Huesca;23
054 Enfermedades hipertensivas;Hombres;23 Jaén;79
054 Enfermedades hipertensivas;Hombres;24 León;66
054 Enfermedades hipertensivas;Hombres;25 Lleida;47
054 Enfermedades hipertensivas;Hombres;27 Lugo;56
054 Enfermedades hipertensivas;Hombres;28 Madrid;303
054 Enfermedades hipertensivas;Hombres;29 Málaga;131
054 Enfermedades hipertensivas;Hombres;30 Murcia;102
054 Enfermedades hipertensivas;Hombres;31 Navarra;62
054 Enfermedades hipertensivas;Hombres;32 Ourense;38
054 Enfermedades hipertensivas;Hombres;34 Palencia;16
054 Enfermedades hipertensivas;Hombres;35 Palmas, Las;94
054 Enfermedades hipertensivas;Hombres;36 Pontevedra;58
054 Enfermedades hipertensivas;Hombres;26 Rioja, La;29
054 Enfermedades hipertensivas;Hombres;37 Salamanca;44
054 Enfermedades hipertensivas;Hombres;38 Santa Cruz de Tenerife;78
054 Enfermedades hipertensivas;Hombres;40 Segovia;11
054 Enfermedades hipertensivas;Hombres;41 Sevilla;96
054 Enfermedades hipertensivas;Hombres;42 Soria;9
054 Enfermedades hipertensivas;Hombres;43 Tarragona;65
054 Enfermedades hipertensivas;Hombres;44 Teruel;20
054 Enfermedades hipertensivas;Hombres;45 Toledo;52
054 Enfermedades hipertensivas;Hombres;46 Valencia/València;219
054 Enfermedades hipertensivas;Hombres;47 Valladolid;43
054 Enfermedades hipertensivas;Hombres;49 Zamora;28
054 Enfermedades hipertensivas;Hombres;50 Zaragoza;67
054 Enfermedades hipertensivas;Hombres;51 Ceuta;2
054 Enfermedades hipertensivas;Hombres;52 Melilla;8
054 Enfermedades hipertensivas;Hombres;Extranjero;11
054 Enfermedades hipertensivas;Mujeres;Total;8.023
054 Enfermedades hipertensivas;Mujeres;02 Albacete;72
054 Enfermedades hipertensivas;Mujeres;03 Alicante/Alacant;313
054 Enfermedades hipertensivas;Mujeres;04 Almería;69
054 Enfermedades hipertensivas;Mujeres;01 Araba/Álava;41
054 Enfermedades hipertensivas;Mujeres;33 Asturias;272
054 Enfermedades hipertensivas;Mujeres;05 Ávila;50
054 Enfermedades hipertensivas;Mujeres;06 Badajoz;140
054 Enfermedades hipertensivas;Mujeres;07 Balears, Illes;190
054 Enfermedades hipertensivas;Mujeres;08 Barcelona;956
054 Enfermedades hipertensivas;Mujeres;48 Bizkaia;194
054 Enfermedades hipertensivas;Mujeres;09 Burgos;89
054 Enfermedades hipertensivas;Mujeres;10 Cáceres;67
054 Enfermedades hipertensivas;Mujeres;11 Cádiz;176
054 Enfermedades hipertensivas;Mujeres;39 Cantabria;125
054 Enfermedades hipertensivas;Mujeres;12 Castellón/Castelló;104
054 Enfermedades hipertensivas;Mujeres;13 Ciudad Real;95
054 Enfermedades hipertensivas;Mujeres;14 Córdoba;217
054 Enfermedades hipertensivas;Mujeres;15 Coruña, A;195
054 Enfermedades hipertensivas;Mujeres;16 Cuenca;29
054 Enfermedades hipertensivas;Mujeres;20 Gipuzkoa;174
054 Enfermedades hipertensivas;Mujeres;17 Girona;158
054 Enfermedades hipertensivas;Mujeres;18 Granada;127
054 Enfermedades hipertensivas;Mujeres;19 Guadalajara;48
054 Enfermedades hipertensivas;Mujeres;21 Huelva;113
054 Enfermedades hipertensivas;Mujeres;22 Huesca;59
054 Enfermedades hipertensivas;Mujeres;23 Jaén;165
054 Enfermedades hipertensivas;Mujeres;24 León;153
054 Enfermedades hipertensivas;Mujeres;25 Lleida;88
054 Enfermedades hipertensivas;Mujeres;27 Lugo;120
054 Enfermedades hipertensivas;Mujeres;28 Madrid;744
054 Enfermedades hipertensivas;Mujeres;29 Málaga;227
054 Enfermedades hipertensivas;Mujeres;30 Murcia;223
054 Enfermedades hipertensivas;Mujeres;31 Navarra;102
054 Enfermedades hipertensivas;Mujeres;32 Ourense;96
054 Enfermedades hipertensivas;Mujeres;34 Palencia;52
054 Enfermedades hipertensivas;Mujeres;35 Palmas, Las;145
054 Enfermedades hipertensivas;Mujeres;36 Pontevedra;137
054 Enfermedades hipertensivas;Mujeres;26 Rioja, La;69
054 Enfermedades hipertensivas;Mujeres;37 Salamanca;77
054 Enfermedades hipertensivas;Mujeres;38 Santa Cruz de Tenerife;118
054 Enfermedades hipertensivas;Mujeres;40 Segovia;16
054 Enfermedades hipertensivas;Mujeres;41 Sevilla;279
054 Enfermedades hipertensivas;Mujeres;42 Soria;26
054 Enfermedades hipertensivas;Mujeres;43 Tarragona;127
054 Enfermedades hipertensivas;Mujeres;44 Teruel;40
054 Enfermedades hipertensivas;Mujeres;45 Toledo;100
054 Enfermedades hipertensivas;Mujeres;46 Valencia/València;481
054 Enfermedades hipertensivas;Mujeres;47 Valladolid;144
054 Enfermedades hipertensivas;Mujeres;49 Zamora;54
054 Enfermedades hipertensivas;Mujeres;50 Zaragoza;146
054 Enfermedades hipertensivas;Mujeres;51 Ceuta;9
054 Enfermedades hipertensivas;Mujeres;52 Melilla;7
054 Enfermedades hipertensivas;Mujeres;Extranjero;5
055 Infarto agudo de miocardio;Hombres;Total;8.317
055 Infarto agudo de miocardio;Hombres;02 Albacete;70
055 Infarto agudo de miocardio;Hombres;03 Alicante/Alacant;320
055 Infarto agudo de miocardio;Hombres;04 Almería;110
055 Infarto agudo de miocardio;Hombres;01 Araba/Álava;27
055 Infarto agudo de miocardio;Hombres;33 Asturias;365
055 Infarto agudo de miocardio;Hombres;05 Ávila;45
055 Infarto agudo de miocardio;Hombres;06 Badajoz;128
055 Infarto agudo de miocardio;Hombres;07 Balears, Illes;130
055 Infarto agudo de miocardio;Hombres;08 Barcelona;614
055 Infarto agudo de miocardio;Hombres;48 Bizkaia;155
055 Infarto agudo de miocardio;Hombres;09 Burgos;84
055 Infarto agudo de miocardio;Hombres;10 Cáceres;111
055 Infarto agudo de miocardio;Hombres;11 Cádiz;236
055 Infarto agudo de miocardio;Hombres;39 Cantabria;76
055 Infarto agudo de miocardio;Hombres;12 Castellón/Castelló;93
055 Infarto agudo de miocardio;Hombres;13 Ciudad Real;118
055 Infarto agudo de miocardio;Hombres;14 Córdoba;150
055 Infarto agudo de miocardio;Hombres;15 Coruña, A;206
055 Infarto agudo de miocardio;Hombres;16 Cuenca;39
055 Infarto agudo de miocardio;Hombres;20 Gipuzkoa;66
055 Infarto agudo de miocardio;Hombres;17 Girona;131
055 Infarto agudo de miocardio;Hombres;18 Granada;279
055 Infarto agudo de miocardio;Hombres;19 Guadalajara;55
055 Infarto agudo de miocardio;Hombres;21 Huelva;86
055 Infarto agudo de miocardio;Hombres;22 Huesca;40
055 Infarto agudo de miocardio;Hombres;23 Jaén;141
055 Infarto agudo de miocardio;Hombres;24 León;121
055 Infarto agudo de miocardio;Hombres;25 Lleida;74
055 Infarto agudo de miocardio;Hombres;27 Lugo;89
055 Infarto agudo de miocardio;Hombres;28 Madrid;874
055 Infarto agudo de miocardio;Hombres;29 Málaga;229
055 Infarto agudo de miocardio;Hombres;30 Murcia;208
055 Infarto agudo de miocardio;Hombres;31 Navarra;106
055 Infarto agudo de miocardio;Hombres;32 Ourense;98
055 Infarto agudo de miocardio;Hombres;34 Palencia;58
055 Infarto agudo de miocardio;Hombres;35 Palmas, Las;261
055 Infarto agudo de miocardio;Hombres;36 Pontevedra;142
055 Infarto agudo de miocardio;Hombres;26 Rioja, La;61
055 Infarto agudo de miocardio;Hombres;37 Salamanca;93
055 Infarto agudo de miocardio;Hombres;38 Santa Cruz de Tenerife;226
055 Infarto agudo de miocardio;Hombres;40 Segovia;31
055 Infarto agudo de miocardio;Hombres;41 Sevilla;474
055 Infarto agudo de miocardio;Hombres;42 Soria;25
055 Infarto agudo de miocardio;Hombres;43 Tarragona;100
055 Infarto agudo de miocardio;Hombres;44 Teruel;32
055 Infarto agudo de miocardio;Hombres;45 Toledo;123
055 Infarto agudo de miocardio;Hombres;46 Valencia/València;399
055 Infarto agudo de miocardio;Hombres;47 Valladolid;133
055 Infarto agudo de miocardio;Hombres;49 Zamora;62
055 Infarto agudo de miocardio;Hombres;50 Zaragoza;184
055 Infarto agudo de miocardio;Hombres;51 Ceuta;9
055 Infarto agudo de miocardio;Hombres;52 Melilla;8
055 Infarto agudo de miocardio;Hombres;Extranjero;222
055 Infarto agudo de miocardio;Mujeres;Total;5.356
055 Infarto agudo de miocardio;Mujeres;02 Albacete;56
055 Infarto agudo de miocardio;Mujeres;03 Alicante/Alacant;190
055 Infarto agudo de miocardio;Mujeres;04 Almería;53
055 Infarto agudo de miocardio;Mujeres;01 Araba/Álava;25
055 Infarto agudo de miocardio;Mujeres;33 Asturias;207
055 Infarto agudo de miocardio;Mujeres;05 Ávila;18
055 Infarto agudo de miocardio;Mujeres;06 Badajoz;120
055 Infarto agudo de miocardio;Mujeres;07 Balears, Illes;76
055 Infarto agudo de miocardio;Mujeres;08 Barcelona;412
055 Infarto agudo de miocardio;Mujeres;48 Bizkaia;115
055 Infarto agudo de miocardio;Mujeres;09 Burgos;54
055 Infarto agudo de miocardio;Mujeres;10 Cáceres;74
055 Infarto agudo de miocardio;Mujeres;11 Cádiz;138
055 Infarto agudo de miocardio;Mujeres;39 Cantabria;44
055 Infarto agudo de miocardio;Mujeres;12 Castellón/Castelló;57
055 Infarto agudo de miocardio;Mujeres;13 Ciudad Real;62
055 Infarto agudo de miocardio;Mujeres;14 Córdoba;116
055 Infarto agudo de miocardio;Mujeres;15 Coruña, A;136
055 Infarto agudo de miocardio;Mujeres;16 Cuenca;28
055 Infarto agudo de miocardio;Mujeres;20 Gipuzkoa;54
055 Infarto agudo de miocardio;Mujeres;17 Girona;80
055 Infarto agudo de miocardio;Mujeres;18 Granada;241
055 Infarto agudo de miocardio;Mujeres;19 Guadalajara;23
055 Infarto agudo de miocardio;Mujeres;21 Huelva;50
055 Infarto agudo de miocardio;Mujeres;22 Huesca;33
055 Infarto agudo de miocardio;Mujeres;23 Jaén;87
055 Infarto agudo de miocardio;Mujeres;24 León;77
055 Infarto agudo de miocardio;Mujeres;25 Lleida;32
055 Infarto agudo de miocardio;Mujeres;27 Lugo;57
055 Infarto agudo de miocardio;Mujeres;28 Madrid;680
055 Infarto agudo de miocardio;Mujeres;29 Málaga;150
055 Infarto agudo de miocardio;Mujeres;30 Murcia;116
055 Infarto agudo de miocardio;Mujeres;31 Navarra;68
055 Infarto agudo de miocardio;Mujeres;32 Ourense;54
055 Infarto agudo de miocardio;Mujeres;34 Palencia;19
055 Infarto agudo de miocardio;Mujeres;35 Palmas, Las;161
055 Infarto agudo de miocardio;Mujeres;36 Pontevedra;94
055 Infarto agudo de miocardio;Mujeres;26 Rioja, La;47
055 Infarto agudo de miocardio;Mujeres;37 Salamanca;68
055 Infarto agudo de miocardio;Mujeres;38 Santa Cruz de Tenerife;132
055 Infarto agudo de miocardio;Mujeres;40 Segovia;20
055 Infarto agudo de miocardio;Mujeres;41 Sevilla;350
055 Infarto agudo de miocardio;Mujeres;42 Soria;13
055 Infarto agudo de miocardio;Mujeres;43 Tarragona;52
055 Infarto agudo de miocardio;Mujeres;44 Teruel;11
055 Infarto agudo de miocardio;Mujeres;45 Toledo;71
055 Infarto agudo de miocardio;Mujeres;46 Valencia/València;252
055 Infarto agudo de miocardio;Mujeres;47 Valladolid;47
055 Infarto agudo de miocardio;Mujeres;49 Zamora;47
055 Infarto agudo de miocardio;Mujeres;50 Zaragoza;106
055 Infarto agudo de miocardio;Mujeres;51 Ceuta;8
055 Infarto agudo de miocardio;Mujeres;52 Melilla;5
055 Infarto agudo de miocardio;Mujeres;Extranjero;70
056 Otras enfermedades isquémicas del corazón;Hombres;Total;9.392
056 Otras enfermedades isquémicas del corazón;Hombres;02 Albacete;85
056 Otras enfermedades isquémicas del corazón;Hombres;03 Alicante/Alacant;511
056 Otras enfermedades isquémicas del corazón;Hombres;04 Almería;102
056 Otras enfermedades isquémicas del corazón;Hombres;01 Araba/Álava;46
056 Otras enfermedades isquémicas del corazón;Hombres;33 Asturias;258
056 Otras enfermedades isquémicas del corazón;Hombres;05 Ávila;39
056 Otras enfermedades isquémicas del corazón;Hombres;06 Badajoz;137
056 Otras enfermedades isquémicas del corazón;Hombres;07 Balears, Illes;219
056 Otras enfermedades isquémicas del corazón;Hombres;08 Barcelona;1.039
056 Otras enfermedades isquémicas del corazón;Hombres;48 Bizkaia;297
056 Otras enfermedades isquémicas del corazón;Hombres;09 Burgos;62
056 Otras enfermedades isquémicas del corazón;Hombres;10 Cáceres;65
056 Otras enfermedades isquémicas del corazón;Hombres;11 Cádiz;267
056 Otras enfermedades isquémicas del corazón;Hombres;39 Cantabria;140
056 Otras enfermedades isquémicas del corazón;Hombres;12 Castellón/Castelló;106
056 Otras enfermedades isquémicas del corazón;Hombres;13 Ciudad Real;73
056 Otras enfermedades isquémicas del corazón;Hombres;14 Córdoba;141
056 Otras enfermedades isquémicas del corazón;Hombres;15 Coruña, A;317
056 Otras enfermedades isquémicas del corazón;Hombres;16 Cuenca;35
056 Otras enfermedades isquémicas del corazón;Hombres;20 Gipuzkoa;115
056 Otras enfermedades isquémicas del corazón;Hombres;17 Girona;123
056 Otras enfermedades isquémicas del corazón;Hombres;18 Granada;143
056 Otras enfermedades isquémicas del corazón;Hombres;19 Guadalajara;35
056 Otras enfermedades isquémicas del corazón;Hombres;21 Huelva;100
056 Otras enfermedades isquémicas del corazón;Hombres;22 Huesca;49
056 Otras enfermedades isquémicas del corazón;Hombres;23 Jaén;99
056 Otras enfermedades isquémicas del corazón;Hombres;24 León;119
056 Otras enfermedades isquémicas del corazón;Hombres;25 Lleida;53
056 Otras enfermedades isquémicas del corazón;Hombres;27 Lugo;119
056 Otras enfermedades isquémicas del corazón;Hombres;28 Madrid;905
056 Otras enfermedades isquémicas del corazón;Hombres;29 Málaga;393
056 Otras enfermedades isquémicas del corazón;Hombres;30 Murcia;312
056 Otras enfermedades isquémicas del corazón;Hombres;31 Navarra;107
056 Otras enfermedades isquémicas del corazón;Hombres;32 Ourense;86
056 Otras enfermedades isquémicas del corazón;Hombres;34 Palencia;39
056 Otras enfermedades isquémicas del corazón;Hombres;35 Palmas, Las;270
056 Otras enfermedades isquémicas del corazón;Hombres;36 Pontevedra;210
056 Otras enfermedades isquémicas del corazón;Hombres;26 Rioja, La;55
056 Otras enfermedades isquémicas del corazón;Hombres;37 Salamanca;71
056 Otras enfermedades isquémicas del corazón;Hombres;38 Santa Cruz de Tenerife;152
056 Otras enfermedades isquémicas del corazón;Hombres;40 Segovia;32
056 Otras enfermedades isquémicas del corazón;Hombres;41 Sevilla;395
056 Otras enfermedades isquémicas del corazón;Hombres;42 Soria;25
056 Otras enfermedades isquémicas del corazón;Hombres;43 Tarragona;149
056 Otras enfermedades isquémicas del corazón;Hombres;44 Teruel;42
056 Otras enfermedades isquémicas del corazón;Hombres;45 Toledo;109
056 Otras enfermedades isquémicas del corazón;Hombres;46 Valencia/València;530
056 Otras enfermedades isquémicas del corazón;Hombres;47 Valladolid;114
056 Otras enfermedades isquémicas del corazón;Hombres;49 Zamora;45
056 Otras enfermedades isquémicas del corazón;Hombres;50 Zaragoza;205
056 Otras enfermedades isquémicas del corazón;Hombres;51 Ceuta;12
056 Otras enfermedades isquémicas del corazón;Hombres;52 Melilla;10
056 Otras enfermedades isquémicas del corazón;Hombres;Extranjero;230
056 Otras enfermedades isquémicas del corazón;Mujeres;Total;6.182
056 Otras enfermedades isquémicas del corazón;Mujeres;02 Albacete;67
056 Otras enfermedades isquémicas del corazón;Mujeres;03 Alicante/Alacant;370
056 Otras enfermedades isquémicas del corazón;Mujeres;04 Almería;60
056 Otras enfermedades isquémicas del corazón;Mujeres;01 Araba/Álava;30
056 Otras enfermedades isquémicas del corazón;Mujeres;33 Asturias;253
056 Otras enfermedades isquémicas del corazón;Mujeres;05 Ávila;28
056 Otras enfermedades isquémicas del corazón;Mujeres;06 Badajoz;109
056 Otras enfermedades isquémicas del corazón;Mujeres;07 Balears, Illes;130
056 Otras enfermedades isquémicas del corazón;Mujeres;08 Barcelona;625
056 Otras enfermedades isquémicas del corazón;Mujeres;48 Bizkaia;139
056 Otras enfermedades isquémicas del corazón;Mujeres;09 Burgos;35
056 Otras enfermedades isquémicas del corazón;Mujeres;10 Cáceres;50
056 Otras enfermedades isquémicas del corazón;Mujeres;11 Cádiz;192
056 Otras enfermedades isquémicas del corazón;Mujeres;39 Cantabria;88
056 Otras enfermedades isquémicas del corazón;Mujeres;12 Castellón/Castelló;67
056 Otras enfermedades isquémicas del corazón;Mujeres;13 Ciudad Real;56
056 Otras enfermedades isquémicas del corazón;Mujeres;14 Córdoba;119
056 Otras enfermedades isquémicas del corazón;Mujeres;15 Coruña, A;199
056 Otras enfermedades isquémicas del corazón;Mujeres;16 Cuenca;29
056 Otras enfermedades isquémicas del corazón;Mujeres;20 Gipuzkoa;58
056 Otras enfermedades isquémicas del corazón;Mujeres;17 Girona;85
056 Otras enfermedades isquémicas del corazón;Mujeres;18 Granada;115
056 Otras enfermedades isquémicas del corazón;Mujeres;19 Guadalajara;26
056 Otras enfermedades isquémicas del corazón;Mujeres;21 Huelva;66
056 Otras enfermedades isquémicas del corazón;Mujeres;22 Huesca;39
056 Otras enfermedades isquémicas del corazón;Mujeres;23 Jaén;64
056 Otras enfermedades isquémicas del corazón;Mujeres;24 León;63
056 Otras enfermedades isquémicas del corazón;Mujeres;25 Lleida;41
056 Otras enfermedades isquémicas del corazón;Mujeres;27 Lugo;73
056 Otras enfermedades isquémicas del corazón;Mujeres;28 Madrid;585
056 Otras enfermedades isquémicas del corazón;Mujeres;29 Málaga;218
056 Otras enfermedades isquémicas del corazón;Mujeres;30 Murcia;187
056 Otras enfermedades isquémicas del corazón;Mujeres;31 Navarra;55
056 Otras enfermedades isquémicas del corazón;Mujeres;32 Ourense;84
056 Otras enfermedades isquémicas del corazón;Mujeres;34 Palencia;16
056 Otras enfermedades isquémicas del corazón;Mujeres;35 Palmas, Las;176
056 Otras enfermedades isquémicas del corazón;Mujeres;36 Pontevedra;137
056 Otras enfermedades isquémicas del corazón;Mujeres;26 Rioja, La;44
056 Otras enfermedades isquémicas del corazón;Mujeres;37 Salamanca;48
056 Otras enfermedades isquémicas del corazón;Mujeres;38 Santa Cruz de Tenerife;84
056 Otras enfermedades isquémicas del corazón;Mujeres;40 Segovia;19
056 Otras enfermedades isquémicas del corazón;Mujeres;41 Sevilla;336
056 Otras enfermedades isquémicas del corazón;Mujeres;42 Soria;17
056 Otras enfermedades isquémicas del corazón;Mujeres;43 Tarragona;103
056 Otras enfermedades isquémicas del corazón;Mujeres;44 Teruel;18
056 Otras enfermedades isquémicas del corazón;Mujeres;45 Toledo;81
056 Otras enfermedades isquémicas del corazón;Mujeres;46 Valencia/València;355
056 Otras enfermedades isquémicas del corazón;Mujeres;47 Valladolid;80
056 Otras enfermedades isquémicas del corazón;Mujeres;49 Zamora;37
056 Otras enfermedades isquémicas del corazón;Mujeres;50 Zaragoza;165
056 Otras enfermedades isquémicas del corazón;Mujeres;51 Ceuta;6
056 Otras enfermedades isquémicas del corazón;Mujeres;52 Melilla;9
056 Otras enfermedades isquémicas del corazón;Mujeres;Extranjero;46
057 Insuficiencia cardíaca;Hombres;Total;7.387
057 Insuficiencia cardíaca;Hombres;02 Albacete;59
057 Insuficiencia cardíaca;Hombres;03 Alicante/Alacant;279
057 Insuficiencia cardíaca;Hombres;04 Almería;61
057 Insuficiencia cardíaca;Hombres;01 Araba/Álava;43
057 Insuficiencia cardíaca;Hombres;33 Asturias;199
057 Insuficiencia cardíaca;Hombres;05 Ávila;41
057 Insuficiencia cardíaca;Hombres;06 Badajoz;96
057 Insuficiencia cardíaca;Hombres;07 Balears, Illes;150
057 Insuficiencia cardíaca;Hombres;08 Barcelona;772
057 Insuficiencia cardíaca;Hombres;48 Bizkaia;147
057 Insuficiencia cardíaca;Hombres;09 Burgos;74
057 Insuficiencia cardíaca;Hombres;10 Cáceres;62
057 Insuficiencia cardíaca;Hombres;11 Cádiz;142
057 Insuficiencia cardíaca;Hombres;39 Cantabria;92
057 Insuficiencia cardíaca;Hombres;12 Castellón/Castelló;132
057 Insuficiencia cardíaca;Hombres;13 Ciudad Real;75
057 Insuficiencia cardíaca;Hombres;14 Córdoba;136
057 Insuficiencia cardíaca;Hombres;15 Coruña, A;230
057 Insuficiencia cardíaca;Hombres;16 Cuenca;46
057 Insuficiencia cardíaca;Hombres;20 Gipuzkoa;143
057 Insuficiencia cardíaca;Hombres;17 Girona;103
057 Insuficiencia cardíaca;Hombres;18 Granada;144
057 Insuficiencia cardíaca;Hombres;19 Guadalajara;30
057 Insuficiencia cardíaca;Hombres;21 Huelva;81
057 Insuficiencia cardíaca;Hombres;22 Huesca;48
057 Insuficiencia cardíaca;Hombres;23 Jaén;101
057 Insuficiencia cardíaca;Hombres;24 León;122
057 Insuficiencia cardíaca;Hombres;25 Lleida;129
057 Insuficiencia cardíaca;Hombres;27 Lugo;90
057 Insuficiencia cardíaca;Hombres;28 Madrid;784
057 Insuficiencia cardíaca;Hombres;29 Málaga;209
057 Insuficiencia cardíaca;Hombres;30 Murcia;196
057 Insuficiencia cardíaca;Hombres;31 Navarra;69
057 Insuficiencia cardíaca;Hombres;32 Ourense;73
057 Insuficiencia cardíaca;Hombres;34 Palencia;57
057 Insuficiencia cardíaca;Hombres;35 Palmas, Las;146
057 Insuficiencia cardíaca;Hombres;36 Pontevedra;191
057 Insuficiencia cardíaca;Hombres;26 Rioja, La;48
057 Insuficiencia cardíaca;Hombres;37 Salamanca;66
057 Insuficiencia cardíaca;Hombres;38 Santa Cruz de Tenerife;99
057 Insuficiencia cardíaca;Hombres;40 Segovia;30
057 Insuficiencia cardíaca;Hombres;41 Sevilla;372
057 Insuficiencia cardíaca;Hombres;42 Soria;20
057 Insuficiencia cardíaca;Hombres;43 Tarragona;94
057 Insuficiencia cardíaca;Hombres;44 Teruel;38
057 Insuficiencia cardíaca;Hombres;45 Toledo;98
057 Insuficiencia cardíaca;Hombres;46 Valencia/València;538
057 Insuficiencia cardíaca;Hombres;47 Valladolid;66
057 Insuficiencia cardíaca;Hombres;49 Zamora;70
057 Insuficiencia cardíaca;Hombres;50 Zaragoza;207
057 Insuficiencia cardíaca;Hombres;51 Ceuta;15
057 Insuficiencia cardíaca;Hombres;52 Melilla;12
057 Insuficiencia cardíaca;Hombres;Extranjero;62
057 Insuficiencia cardíaca;Mujeres;Total;11.653
057 Insuficiencia cardíaca;Mujeres;02 Albacete;94
057 Insuficiencia cardíaca;Mujeres;03 Alicante/Alacant;363
057 Insuficiencia cardíaca;Mujeres;04 Almería;86
057 Insuficiencia cardíaca;Mujeres;01 Araba/Álava;67
057 Insuficiencia cardíaca;Mujeres;33 Asturias;303
057 Insuficiencia cardíaca;Mujeres;05 Ávila;52
057 Insuficiencia cardíaca;Mujeres;06 Badajoz;166
057 Insuficiencia cardíaca;Mujeres;07 Balears, Illes;227
057 Insuficiencia cardíaca;Mujeres;08 Barcelona;1.286
057 Insuficiencia cardíaca;Mujeres;48 Bizkaia;281
057 Insuficiencia cardíaca;Mujeres;09 Burgos;94
057 Insuficiencia cardíaca;Mujeres;10 Cáceres;115
057 Insuficiencia cardíaca;Mujeres;11 Cádiz;265
057 Insuficiencia cardíaca;Mujeres;39 Cantabria;163
057 Insuficiencia cardíaca;Mujeres;12 Castellón/Castelló;173
057 Insuficiencia cardíaca;Mujeres;13 Ciudad Real;129
057 Insuficiencia cardíaca;Mujeres;14 Córdoba;246
057 Insuficiencia cardíaca;Mujeres;15 Coruña, A;383
057 Insuficiencia cardíaca;Mujeres;16 Cuenca;61
057 Insuficiencia cardíaca;Mujeres;20 Gipuzkoa;176
057 Insuficiencia cardíaca;Mujeres;17 Girona;156
057 Insuficiencia cardíaca;Mujeres;18 Granada;219
057 Insuficiencia cardíaca;Mujeres;19 Guadalajara;50
057 Insuficiencia cardíaca;Mujeres;21 Huelva;127
057 Insuficiencia cardíaca;Mujeres;22 Huesca;66
057 Insuficiencia cardíaca;Mujeres;23 Jaén;183
057 Insuficiencia cardíaca;Mujeres;24 León;186
057 Insuficiencia cardíaca;Mujeres;25 Lleida;145
057 Insuficiencia cardíaca;Mujeres;27 Lugo;153
057 Insuficiencia cardíaca;Mujeres;28 Madrid;1.326
057 Insuficiencia cardíaca;Mujeres;29 Málaga;346
057 Insuficiencia cardíaca;Mujeres;30 Murcia;310
057 Insuficiencia cardíaca;Mujeres;31 Navarra;124
057 Insuficiencia cardíaca;Mujeres;32 Ourense;128
057 Insuficiencia cardíaca;Mujeres;34 Palencia;79
057 Insuficiencia cardíaca;Mujeres;35 Palmas, Las;200
057 Insuficiencia cardíaca;Mujeres;36 Pontevedra;274
057 Insuficiencia cardíaca;Mujeres;26 Rioja, La;72
057 Insuficiencia cardíaca;Mujeres;37 Salamanca;112
057 Insuficiencia cardíaca;Mujeres;38 Santa Cruz de Tenerife;163
057 Insuficiencia cardíaca;Mujeres;40 Segovia;54
057 Insuficiencia cardíaca;Mujeres;41 Sevilla;697
057 Insuficiencia cardíaca;Mujeres;42 Soria;35
057 Insuficiencia cardíaca;Mujeres;43 Tarragona;164
057 Insuficiencia cardíaca;Mujeres;44 Teruel;39
057 Insuficiencia cardíaca;Mujeres;45 Toledo;174
057 Insuficiencia cardíaca;Mujeres;46 Valencia/València;753
057 Insuficiencia cardíaca;Mujeres;47 Valladolid;106
057 Insuficiencia cardíaca;Mujeres;49 Zamora;93
057 Insuficiencia cardíaca;Mujeres;50 Zaragoza;322
057 Insuficiencia cardíaca;Mujeres;51 Ceuta;26
057 Insuficiencia cardíaca;Mujeres;52 Melilla;16
057 Insuficiencia cardíaca;Mujeres;Extranjero;25
058 Otras enfermedades del corazón;Hombres;Total;10.749
058 Otras enfermedades del corazón;Hombres;02 Albacete;96
058 Otras enfermedades del corazón;Hombres;03 Alicante/Alacant;410
058 Otras enfermedades del corazón;Hombres;04 Almería;122
058 Otras enfermedades del corazón;Hombres;01 Araba/Álava;85
058 Otras enfermedades del corazón;Hombres;33 Asturias;357
058 Otras enfermedades del corazón;Hombres;05 Ávila;55
058 Otras enfermedades del corazón;Hombres;06 Badajoz;197
058 Otras enfermedades del corazón;Hombres;07 Balears, Illes;173
058 Otras enfermedades del corazón;Hombres;08 Barcelona;1.188
058 Otras enfermedades del corazón;Hombres;48 Bizkaia;378
058 Otras enfermedades del corazón;Hombres;09 Burgos;106
058 Otras enfermedades del corazón;Hombres;10 Cáceres;119
058 Otras enfermedades del corazón;Hombres;11 Cádiz;231
058 Otras enfermedades del corazón;Hombres;39 Cantabria;171
058 Otras enfermedades del corazón;Hombres;12 Castellón/Castelló;106
058 Otras enfermedades del corazón;Hombres;13 Ciudad Real;130
058 Otras enfermedades del corazón;Hombres;14 Córdoba;239
058 Otras enfermedades del corazón;Hombres;15 Coruña, A;381
058 Otras enfermedades del corazón;Hombres;16 Cuenca;58
058 Otras enfermedades del corazón;Hombres;20 Gipuzkoa;207
058 Otras enfermedades del corazón;Hombres;17 Girona;180
058 Otras enfermedades del corazón;Hombres;18 Granada;147
058 Otras enfermedades del corazón;Hombres;19 Guadalajara;56
058 Otras enfermedades del corazón;Hombres;21 Huelva;112
058 Otras enfermedades del corazón;Hombres;22 Huesca;69
058 Otras enfermedades del corazón;Hombres;23 Jaén;169
058 Otras enfermedades del corazón;Hombres;24 León;183
058 Otras enfermedades del corazón;Hombres;25 Lleida;90
058 Otras enfermedades del corazón;Hombres;27 Lugo;183
058 Otras enfermedades del corazón;Hombres;28 Madrid;1.001
058 Otras enfermedades del corazón;Hombres;29 Málaga;352
058 Otras enfermedades del corazón;Hombres;30 Murcia;288
058 Otras enfermedades del corazón;Hombres;31 Navarra;140
058 Otras enfermedades del corazón;Hombres;32 Ourense;141
058 Otras enfermedades del corazón;Hombres;34 Palencia;48
058 Otras enfermedades del corazón;Hombres;35 Palmas, Las;154
058 Otras enfermedades del corazón;Hombres;36 Pontevedra;268
058 Otras enfermedades del corazón;Hombres;26 Rioja, La;104
058 Otras enfermedades del corazón;Hombres;37 Salamanca;94
058 Otras enfermedades del corazón;Hombres;38 Santa Cruz de Tenerife;164
058 Otras enfermedades del corazón;Hombres;40 Segovia;43
058 Otras enfermedades del corazón;Hombres;41 Sevilla;391
058 Otras enfermedades del corazón;Hombres;42 Soria;40
058 Otras enfermedades del corazón;Hombres;43 Tarragona;198
058 Otras enfermedades del corazón;Hombres;44 Teruel;54
058 Otras enfermedades del corazón;Hombres;45 Toledo;155
058 Otras enfermedades del corazón;Hombres;46 Valencia/València;541
058 Otras enfermedades del corazón;Hombres;47 Valladolid;89
058 Otras enfermedades del corazón;Hombres;49 Zamora;66
058 Otras enfermedades del corazón;Hombres;50 Zaragoza;240
058 Otras enfermedades del corazón;Hombres;51 Ceuta;17
058 Otras enfermedades del corazón;Hombres;52 Melilla;11
058 Otras enfermedades del corazón;Hombres;Extranjero;152
058 Otras enfermedades del corazón;Mujeres;Total;12.967
058 Otras enfermedades del corazón;Mujeres;02 Albacete;118
058 Otras enfermedades del corazón;Mujeres;03 Alicante/Alacant;446
058 Otras enfermedades del corazón;Mujeres;04 Almería;125
058 Otras enfermedades del corazón;Mujeres;01 Araba/Álava;76
058 Otras enfermedades del corazón;Mujeres;33 Asturias;475
058 Otras enfermedades del corazón;Mujeres;05 Ávila;79
058 Otras enfermedades del corazón;Mujeres;06 Badajoz;235
058 Otras enfermedades del corazón;Mujeres;07 Balears, Illes;258
058 Otras enfermedades del corazón;Mujeres;08 Barcelona;1.380
058 Otras enfermedades del corazón;Mujeres;48 Bizkaia;391
058 Otras enfermedades del corazón;Mujeres;09 Burgos;152
058 Otras enfermedades del corazón;Mujeres;10 Cáceres;127
058 Otras enfermedades del corazón;Mujeres;11 Cádiz;248
058 Otras enfermedades del corazón;Mujeres;39 Cantabria;204
058 Otras enfermedades del corazón;Mujeres;12 Castellón/Castelló;142
058 Otras enfermedades del corazón;Mujeres;13 Ciudad Real;185
058 Otras enfermedades del corazón;Mujeres;14 Córdoba;259
058 Otras enfermedades del corazón;Mujeres;15 Coruña, A;471
058 Otras enfermedades del corazón;Mujeres;16 Cuenca;88
058 Otras enfermedades del corazón;Mujeres;20 Gipuzkoa;207
058 Otras enfermedades del corazón;Mujeres;17 Girona;214
058 Otras enfermedades del corazón;Mujeres;18 Granada;187
058 Otras enfermedades del corazón;Mujeres;19 Guadalajara;60
058 Otras enfermedades del corazón;Mujeres;21 Huelva;119
058 Otras enfermedades del corazón;Mujeres;22 Huesca;89
058 Otras enfermedades del corazón;Mujeres;23 Jaén;197
058 Otras enfermedades del corazón;Mujeres;24 León;197
058 Otras enfermedades del corazón;Mujeres;25 Lleida;139
058 Otras enfermedades del corazón;Mujeres;27 Lugo;209
058 Otras enfermedades del corazón;Mujeres;28 Madrid;1.363
058 Otras enfermedades del corazón;Mujeres;29 Málaga;397
058 Otras enfermedades del corazón;Mujeres;30 Murcia;435
058 Otras enfermedades del corazón;Mujeres;31 Navarra;189
058 Otras enfermedades del corazón;Mujeres;32 Ourense;160
058 Otras enfermedades del corazón;Mujeres;34 Palencia;63
058 Otras enfermedades del corazón;Mujeres;35 Palmas, Las;186
058 Otras enfermedades del corazón;Mujeres;36 Pontevedra;333
058 Otras enfermedades del corazón;Mujeres;26 Rioja, La;99
058 Otras enfermedades del corazón;Mujeres;37 Salamanca;136
058 Otras enfermedades del corazón;Mujeres;38 Santa Cruz de Tenerife;219
058 Otras enfermedades del corazón;Mujeres;40 Segovia;68
058 Otras enfermedades del corazón;Mujeres;41 Sevilla;503
058 Otras enfermedades del corazón;Mujeres;42 Soria;34
058 Otras enfermedades del corazón;Mujeres;43 Tarragona;198
058 Otras enfermedades del corazón;Mujeres;44 Teruel;56
058 Otras enfermedades del corazón;Mujeres;45 Toledo;181
058 Otras enfermedades del corazón;Mujeres;46 Valencia/València;658
058 Otras enfermedades del corazón;Mujeres;47 Valladolid;128
058 Otras enfermedades del corazón;Mujeres;49 Zamora;86
058 Otras enfermedades del corazón;Mujeres;50 Zaragoza;312
058 Otras enfermedades del corazón;Mujeres;51 Ceuta;12
058 Otras enfermedades del corazón;Mujeres;52 Melilla;8
058 Otras enfermedades del corazón;Mujeres;Extranjero;66
059 Enfermedades cerebrovasculares;Hombres;Total;11.086
059 Enfermedades cerebrovasculares;Hombres;02 Albacete;116
059 Enfermedades cerebrovasculares;Hombres;03 Alicante/Alacant;424
059 Enfermedades cerebrovasculares;Hombres;04 Almería;144
059 Enfermedades cerebrovasculares;Hombres;01 Araba/Álava;66
059 Enfermedades cerebrovasculares;Hombres;33 Asturias;308
059 Enfermedades cerebrovasculares;Hombres;05 Ávila;61
059 Enfermedades cerebrovasculares;Hombres;06 Badajoz;188
059 Enfermedades cerebrovasculares;Hombres;07 Balears, Illes;202
059 Enfermedades cerebrovasculares;Hombres;08 Barcelona;1.074
059 Enfermedades cerebrovasculares;Hombres;48 Bizkaia;289
059 Enfermedades cerebrovasculares;Hombres;09 Burgos;90
059 Enfermedades cerebrovasculares;Hombres;10 Cáceres;107
059 Enfermedades cerebrovasculares;Hombres;11 Cádiz;352
059 Enfermedades cerebrovasculares;Hombres;39 Cantabria;146
059 Enfermedades cerebrovasculares;Hombres;12 Castellón/Castelló;151
059 Enfermedades cerebrovasculares;Hombres;13 Ciudad Real;140
059 Enfermedades cerebrovasculares;Hombres;14 Córdoba;246
059 Enfermedades cerebrovasculares;Hombres;15 Coruña, A;344
059 Enfermedades cerebrovasculares;Hombres;16 Cuenca;79
059 Enfermedades cerebrovasculares;Hombres;20 Gipuzkoa;183
059 Enfermedades cerebrovasculares;Hombres;17 Girona;145
059 Enfermedades cerebrovasculares;Hombres;18 Granada;243
059 Enfermedades cerebrovasculares;Hombres;19 Guadalajara;43
059 Enfermedades cerebrovasculares;Hombres;21 Huelva;139
059 Enfermedades cerebrovasculares;Hombres;22 Huesca;70
059 Enfermedades cerebrovasculares;Hombres;23 Jaén;184
059 Enfermedades cerebrovasculares;Hombres;24 León;149
059 Enfermedades cerebrovasculares;Hombres;25 Lleida;120
059 Enfermedades cerebrovasculares;Hombres;27 Lugo;127
059 Enfermedades cerebrovasculares;Hombres;28 Madrid;985
059 Enfermedades cerebrovasculares;Hombres;29 Málaga;406
059 Enfermedades cerebrovasculares;Hombres;30 Murcia;379
059 Enfermedades cerebrovasculares;Hombres;31 Navarra;136
059 Enfermedades cerebrovasculares;Hombres;32 Ourense;149
059 Enfermedades cerebrovasculares;Hombres;34 Palencia;58
059 Enfermedades cerebrovasculares;Hombres;35 Palmas, Las;171
059 Enfermedades cerebrovasculares;Hombres;36 Pontevedra;242
059 Enfermedades cerebrovasculares;Hombres;26 Rioja, La;96
059 Enfermedades cerebrovasculares;Hombres;37 Salamanca;98
059 Enfermedades cerebrovasculares;Hombres;38 Santa Cruz de Tenerife;164
059 Enfermedades cerebrovasculares;Hombres;40 Segovia;36
059 Enfermedades cerebrovasculares;Hombres;41 Sevilla;552
059 Enfermedades cerebrovasculares;Hombres;42 Soria;33
059 Enfermedades cerebrovasculares;Hombres;43 Tarragona;189
059 Enfermedades cerebrovasculares;Hombres;44 Teruel;79
059 Enfermedades cerebrovasculares;Hombres;45 Toledo;145
059 Enfermedades cerebrovasculares;Hombres;46 Valencia/València;639
059 Enfermedades cerebrovasculares;Hombres;47 Valladolid;106
059 Enfermedades cerebrovasculares;Hombres;49 Zamora;75
059 Enfermedades cerebrovasculares;Hombres;50 Zaragoza;294
059 Enfermedades cerebrovasculares;Hombres;51 Ceuta;12
059 Enfermedades cerebrovasculares;Hombres;52 Melilla;16
059 Enfermedades cerebrovasculares;Hombres;Extranjero;96
059 Enfermedades cerebrovasculares;Mujeres;Total;14.626
059 Enfermedades cerebrovasculares;Mujeres;02 Albacete;153
059 Enfermedades cerebrovasculares;Mujeres;03 Alicante/Alacant;500
059 Enfermedades cerebrovasculares;Mujeres;04 Almería;157
059 Enfermedades cerebrovasculares;Mujeres;01 Araba/Álava;80
059 Enfermedades cerebrovasculares;Mujeres;33 Asturias;488
059 Enfermedades cerebrovasculares;Mujeres;05 Ávila;68
059 Enfermedades cerebrovasculares;Mujeres;06 Badajoz;261
059 Enfermedades cerebrovasculares;Mujeres;07 Balears, Illes;241
059 Enfermedades cerebrovasculares;Mujeres;08 Barcelona;1.389
059 Enfermedades cerebrovasculares;Mujeres;48 Bizkaia;410
059 Enfermedades cerebrovasculares;Mujeres;09 Burgos;128
059 Enfermedades cerebrovasculares;Mujeres;10 Cáceres;148
059 Enfermedades cerebrovasculares;Mujeres;11 Cádiz;397
059 Enfermedades cerebrovasculares;Mujeres;39 Cantabria;204
059 Enfermedades cerebrovasculares;Mujeres;12 Castellón/Castelló;187
059 Enfermedades cerebrovasculares;Mujeres;13 Ciudad Real;210
059 Enfermedades cerebrovasculares;Mujeres;14 Córdoba;330
059 Enfermedades cerebrovasculares;Mujeres;15 Coruña, A;507
059 Enfermedades cerebrovasculares;Mujeres;16 Cuenca;96
059 Enfermedades cerebrovasculares;Mujeres;20 Gipuzkoa;228
059 Enfermedades cerebrovasculares;Mujeres;17 Girona;217
059 Enfermedades cerebrovasculares;Mujeres;18 Granada;303
059 Enfermedades cerebrovasculares;Mujeres;19 Guadalajara;73
059 Enfermedades cerebrovasculares;Mujeres;21 Huelva;157
059 Enfermedades cerebrovasculares;Mujeres;22 Huesca;111
059 Enfermedades cerebrovasculares;Mujeres;23 Jaén;206
059 Enfermedades cerebrovasculares;Mujeres;24 León;206
059 Enfermedades cerebrovasculares;Mujeres;25 Lleida;120
059 Enfermedades cerebrovasculares;Mujeres;27 Lugo;219
059 Enfermedades cerebrovasculares;Mujeres;28 Madrid;1.433
059 Enfermedades cerebrovasculares;Mujeres;29 Málaga;490
059 Enfermedades cerebrovasculares;Mujeres;30 Murcia;463
059 Enfermedades cerebrovasculares;Mujeres;31 Navarra;203
059 Enfermedades cerebrovasculares;Mujeres;32 Ourense;190
059 Enfermedades cerebrovasculares;Mujeres;34 Palencia;72
059 Enfermedades cerebrovasculares;Mujeres;35 Palmas, Las;207
059 Enfermedades cerebrovasculares;Mujeres;36 Pontevedra;363
059 Enfermedades cerebrovasculares;Mujeres;26 Rioja, La;138
059 Enfermedades cerebrovasculares;Mujeres;37 Salamanca;158
059 Enfermedades cerebrovasculares;Mujeres;38 Santa Cruz de Tenerife;254
059 Enfermedades cerebrovasculares;Mujeres;40 Segovia;63
059 Enfermedades cerebrovasculares;Mujeres;41 Sevilla;784
059 Enfermedades cerebrovasculares;Mujeres;42 Soria;32
059 Enfermedades cerebrovasculares;Mujeres;43 Tarragona;201
059 Enfermedades cerebrovasculares;Mujeres;44 Teruel;70
059 Enfermedades cerebrovasculares;Mujeres;45 Toledo;197
059 Enfermedades cerebrovasculares;Mujeres;46 Valencia/València;780
059 Enfermedades cerebrovasculares;Mujeres;47 Valladolid;150
059 Enfermedades cerebrovasculares;Mujeres;49 Zamora;107
059 Enfermedades cerebrovasculares;Mujeres;50 Zaragoza;377
059 Enfermedades cerebrovasculares;Mujeres;51 Ceuta;22
059 Enfermedades cerebrovasculares;Mujeres;52 Melilla;12
059 Enfermedades cerebrovasculares;Mujeres;Extranjero;66
060 Aterosclerosis;Hombres;Total;574
060 Aterosclerosis;Hombres;02 Albacete;11
060 Aterosclerosis;Hombres;03 Alicante/Alacant;15
060 Aterosclerosis;Hombres;04 Almería;7
060 Aterosclerosis;Hombres;01 Araba/Álava;8
060 Aterosclerosis;Hombres;33 Asturias;24
060 Aterosclerosis;Hombres;05 Ávila;4
060 Aterosclerosis;Hombres;06 Badajoz;5
060 Aterosclerosis;Hombres;07 Balears, Illes;9
060 Aterosclerosis;Hombres;08 Barcelona;43
060 Aterosclerosis;Hombres;48 Bizkaia;26
060 Aterosclerosis;Hombres;09 Burgos;3
060 Aterosclerosis;Hombres;10 Cáceres;7
060 Aterosclerosis;Hombres;11 Cádiz;11
060 Aterosclerosis;Hombres;39 Cantabria;7
060 Aterosclerosis;Hombres;12 Castellón/Castelló;7
060 Aterosclerosis;Hombres;13 Ciudad Real;5
060 Aterosclerosis;Hombres;14 Córdoba;9
060 Aterosclerosis;Hombres;15 Coruña, A;27
060 Aterosclerosis;Hombres;16 Cuenca;4
060 Aterosclerosis;Hombres;20 Gipuzkoa;10
060 Aterosclerosis;Hombres;17 Girona;5
060 Aterosclerosis;Hombres;18 Granada;15
060 Aterosclerosis;Hombres;19 Guadalajara;5
060 Aterosclerosis;Hombres;21 Huelva;16
060 Aterosclerosis;Hombres;22 Huesca;3
060 Aterosclerosis;Hombres;23 Jaén;6
060 Aterosclerosis;Hombres;24 León;7
060 Aterosclerosis;Hombres;25 Lleida;4
060 Aterosclerosis;Hombres;27 Lugo;9
060 Aterosclerosis;Hombres;28 Madrid;42
060 Aterosclerosis;Hombres;29 Málaga;34
060 Aterosclerosis;Hombres;30 Murcia;14
060 Aterosclerosis;Hombres;31 Navarra;4
060 Aterosclerosis;Hombres;32 Ourense;4
060 Aterosclerosis;Hombres;34 Palencia;2
060 Aterosclerosis;Hombres;35 Palmas, Las;9
060 Aterosclerosis;Hombres;36 Pontevedra;12
060 Aterosclerosis;Hombres;26 Rioja, La;7
060 Aterosclerosis;Hombres;37 Salamanca;5
060 Aterosclerosis;Hombres;38 Santa Cruz de Tenerife;12
060 Aterosclerosis;Hombres;40 Segovia;2
060 Aterosclerosis;Hombres;41 Sevilla;18
060 Aterosclerosis;Hombres;42 Soria;1
060 Aterosclerosis;Hombres;43 Tarragona;15
060 Aterosclerosis;Hombres;44 Teruel;0
060 Aterosclerosis;Hombres;45 Toledo;9
060 Aterosclerosis;Hombres;46 Valencia/València;41
060 Aterosclerosis;Hombres;47 Valladolid;8
060 Aterosclerosis;Hombres;49 Zamora;7
060 Aterosclerosis;Hombres;50 Zaragoza;13
060 Aterosclerosis;Hombres;51 Ceuta;0
060 Aterosclerosis;Hombres;52 Melilla;0
060 Aterosclerosis;Hombres;Extranjero;3
060 Aterosclerosis;Mujeres;Total;774
060 Aterosclerosis;Mujeres;02 Albacete;10
060 Aterosclerosis;Mujeres;03 Alicante/Alacant;23
060 Aterosclerosis;Mujeres;04 Almería;10
060 Aterosclerosis;Mujeres;01 Araba/Álava;6
060 Aterosclerosis;Mujeres;33 Asturias;22
060 Aterosclerosis;Mujeres;05 Ávila;3
060 Aterosclerosis;Mujeres;06 Badajoz;7
060 Aterosclerosis;Mujeres;07 Balears, Illes;12
060 Aterosclerosis;Mujeres;08 Barcelona;48
060 Aterosclerosis;Mujeres;48 Bizkaia;33
060 Aterosclerosis;Mujeres;09 Burgos;7
060 Aterosclerosis;Mujeres;10 Cáceres;4
060 Aterosclerosis;Mujeres;11 Cádiz;9
060 Aterosclerosis;Mujeres;39 Cantabria;14
060 Aterosclerosis;Mujeres;12 Castellón/Castelló;9
060 Aterosclerosis;Mujeres;13 Ciudad Real;8
060 Aterosclerosis;Mujeres;14 Córdoba;8
060 Aterosclerosis;Mujeres;15 Coruña, A;29
060 Aterosclerosis;Mujeres;16 Cuenca;7
060 Aterosclerosis;Mujeres;20 Gipuzkoa;17
060 Aterosclerosis;Mujeres;17 Girona;8
060 Aterosclerosis;Mujeres;18 Granada;13
060 Aterosclerosis;Mujeres;19 Guadalajara;3
060 Aterosclerosis;Mujeres;21 Huelva;13
060 Aterosclerosis;Mujeres;22 Huesca;6
060 Aterosclerosis;Mujeres;23 Jaén;7
060 Aterosclerosis;Mujeres;24 León;9
060 Aterosclerosis;Mujeres;25 Lleida;6
060 Aterosclerosis;Mujeres;27 Lugo;15
060 Aterosclerosis;Mujeres;28 Madrid;74
060 Aterosclerosis;Mujeres;29 Málaga;66
060 Aterosclerosis;Mujeres;30 Murcia;19
060 Aterosclerosis;Mujeres;31 Navarra;10
060 Aterosclerosis;Mujeres;32 Ourense;13
060 Aterosclerosis;Mujeres;34 Palencia;6
060 Aterosclerosis;Mujeres;35 Palmas, Las;6
060 Aterosclerosis;Mujeres;36 Pontevedra;28
060 Aterosclerosis;Mujeres;26 Rioja, La;2
060 Aterosclerosis;Mujeres;37 Salamanca;5
060 Aterosclerosis;Mujeres;38 Santa Cruz de Tenerife;14
060 Aterosclerosis;Mujeres;40 Segovia;2
060 Aterosclerosis;Mujeres;41 Sevilla;28
060 Aterosclerosis;Mujeres;42 Soria;2
060 Aterosclerosis;Mujeres;43 Tarragona;29
060 Aterosclerosis;Mujeres;44 Teruel;1
060 Aterosclerosis;Mujeres;45 Toledo;18
060 Aterosclerosis;Mujeres;46 Valencia/València;58
060 Aterosclerosis;Mujeres;47 Valladolid;4
060 Aterosclerosis;Mujeres;49 Zamora;8
060 Aterosclerosis;Mujeres;50 Zaragoza;13
060 Aterosclerosis;Mujeres;51 Ceuta;0
060 Aterosclerosis;Mujeres;52 Melilla;0
060 Aterosclerosis;Mujeres;Extranjero;2
061 Otras enfermedades de los vasos sanguíneos;Hombres;Total;2.692
061 Otras enfermedades de los vasos sanguíneos;Hombres;02 Albacete;21
061 Otras enfermedades de los vasos sanguíneos;Hombres;03 Alicante/Alacant;104
061 Otras enfermedades de los vasos sanguíneos;Hombres;04 Almería;17
061 Otras enfermedades de los vasos sanguíneos;Hombres;01 Araba/Álava;19
061 Otras enfermedades de los vasos sanguíneos;Hombres;33 Asturias;58
061 Otras enfermedades de los vasos sanguíneos;Hombres;05 Ávila;11
061 Otras enfermedades de los vasos sanguíneos;Hombres;06 Badajoz;40
061 Otras enfermedades de los vasos sanguíneos;Hombres;07 Balears, Illes;32
061 Otras enfermedades de los vasos sanguíneos;Hombres;08 Barcelona;335
061 Otras enfermedades de los vasos sanguíneos;Hombres;48 Bizkaia;80
061 Otras enfermedades de los vasos sanguíneos;Hombres;09 Burgos;22
061 Otras enfermedades de los vasos sanguíneos;Hombres;10 Cáceres;34
061 Otras enfermedades de los vasos sanguíneos;Hombres;11 Cádiz;62
061 Otras enfermedades de los vasos sanguíneos;Hombres;39 Cantabria;59
061 Otras enfermedades de los vasos sanguíneos;Hombres;12 Castellón/Castelló;33
061 Otras enfermedades de los vasos sanguíneos;Hombres;13 Ciudad Real;20
061 Otras enfermedades de los vasos sanguíneos;Hombres;14 Córdoba;55
061 Otras enfermedades de los vasos sanguíneos;Hombres;15 Coruña, A;70
061 Otras enfermedades de los vasos sanguíneos;Hombres;16 Cuenca;17
061 Otras enfermedades de los vasos sanguíneos;Hombres;20 Gipuzkoa;38
061 Otras enfermedades de los vasos sanguíneos;Hombres;17 Girona;54
061 Otras enfermedades de los vasos sanguíneos;Hombres;18 Granada;43
061 Otras enfermedades de los vasos sanguíneos;Hombres;19 Guadalajara;14
061 Otras enfermedades de los vasos sanguíneos;Hombres;21 Huelva;38
061 Otras enfermedades de los vasos sanguíneos;Hombres;22 Huesca;18
061 Otras enfermedades de los vasos sanguíneos;Hombres;23 Jaén;41
061 Otras enfermedades de los vasos sanguíneos;Hombres;24 León;29
061 Otras enfermedades de los vasos sanguíneos;Hombres;25 Lleida;26
061 Otras enfermedades de los vasos sanguíneos;Hombres;27 Lugo;30
061 Otras enfermedades de los vasos sanguíneos;Hombres;28 Madrid;284
061 Otras enfermedades de los vasos sanguíneos;Hombres;29 Málaga;93
061 Otras enfermedades de los vasos sanguíneos;Hombres;30 Murcia;65
061 Otras enfermedades de los vasos sanguíneos;Hombres;31 Navarra;39
061 Otras enfermedades de los vasos sanguíneos;Hombres;32 Ourense;16
061 Otras enfermedades de los vasos sanguíneos;Hombres;34 Palencia;13
061 Otras enfermedades de los vasos sanguíneos;Hombres;35 Palmas, Las;61
061 Otras enfermedades de los vasos sanguíneos;Hombres;36 Pontevedra;65
061 Otras enfermedades de los vasos sanguíneos;Hombres;26 Rioja, La;21
061 Otras enfermedades de los vasos sanguíneos;Hombres;37 Salamanca;23
061 Otras enfermedades de los vasos sanguíneos;Hombres;38 Santa Cruz de Tenerife;51
061 Otras enfermedades de los vasos sanguíneos;Hombres;40 Segovia;11
061 Otras enfermedades de los vasos sanguíneos;Hombres;41 Sevilla;90
061 Otras enfermedades de los vasos sanguíneos;Hombres;42 Soria;9
061 Otras enfermedades de los vasos sanguíneos;Hombres;43 Tarragona;56
061 Otras enfermedades de los vasos sanguíneos;Hombres;44 Teruel;7
061 Otras enfermedades de los vasos sanguíneos;Hombres;45 Toledo;36
061 Otras enfermedades de los vasos sanguíneos;Hombres;46 Valencia/València;152
061 Otras enfermedades de los vasos sanguíneos;Hombres;47 Valladolid;46
061 Otras enfermedades de los vasos sanguíneos;Hombres;49 Zamora;19
061 Otras enfermedades de los vasos sanguíneos;Hombres;50 Zaragoza;69
061 Otras enfermedades de los vasos sanguíneos;Hombres;51 Ceuta;4
061 Otras enfermedades de los vasos sanguíneos;Hombres;52 Melilla;4
061 Otras enfermedades de los vasos sanguíneos;Hombres;Extranjero;38
061 Otras enfermedades de los vasos sanguíneos;Mujeres;Total;1.507
061 Otras enfermedades de los vasos sanguíneos;Mujeres;02 Albacete;18
061 Otras enfermedades de los vasos sanguíneos;Mujeres;03 Alicante/Alacant;45
061 Otras enfermedades de los vasos sanguíneos;Mujeres;04 Almería;15
061 Otras enfermedades de los vasos sanguíneos;Mujeres;01 Araba/Álava;12
061 Otras enfermedades de los vasos sanguíneos;Mujeres;33 Asturias;39
061 Otras enfermedades de los vasos sanguíneos;Mujeres;05 Ávila;5
061 Otras enfermedades de los vasos sanguíneos;Mujeres;06 Badajoz;35
061 Otras enfermedades de los vasos sanguíneos;Mujeres;07 Balears, Illes;27
061 Otras enfermedades de los vasos sanguíneos;Mujeres;08 Barcelona;188
061 Otras enfermedades de los vasos sanguíneos;Mujeres;48 Bizkaia;54
061 Otras enfermedades de los vasos sanguíneos;Mujeres;09 Burgos;15
061 Otras enfermedades de los vasos sanguíneos;Mujeres;10 Cáceres;14
061 Otras enfermedades de los vasos sanguíneos;Mujeres;11 Cádiz;32
061 Otras enfermedades de los vasos sanguíneos;Mujeres;39 Cantabria;25
061 Otras enfermedades de los vasos sanguíneos;Mujeres;12 Castellón/Castelló;19
061 Otras enfermedades de los vasos sanguíneos;Mujeres;13 Ciudad Real;20
061 Otras enfermedades de los vasos sanguíneos;Mujeres;14 Córdoba;23
061 Otras enfermedades de los vasos sanguíneos;Mujeres;15 Coruña, A;32
061 Otras enfermedades de los vasos sanguíneos;Mujeres;16 Cuenca;9
061 Otras enfermedades de los vasos sanguíneos;Mujeres;20 Gipuzkoa;29
061 Otras enfermedades de los vasos sanguíneos;Mujeres;17 Girona;24
061 Otras enfermedades de los vasos sanguíneos;Mujeres;18 Granada;25
061 Otras enfermedades de los vasos sanguíneos;Mujeres;19 Guadalajara;3
061 Otras enfermedades de los vasos sanguíneos;Mujeres;21 Huelva;14
061 Otras enfermedades de los vasos sanguíneos;Mujeres;22 Huesca;8
061 Otras enfermedades de los vasos sanguíneos;Mujeres;23 Jaén;22
061 Otras enfermedades de los vasos sanguíneos;Mujeres;24 León;21
061 Otras enfermedades de los vasos sanguíneos;Mujeres;25 Lleida;9
061 Otras enfermedades de los vasos sanguíneos;Mujeres;27 Lugo;15
061 Otras enfermedades de los vasos sanguíneos;Mujeres;28 Madrid;197
061 Otras enfermedades de los vasos sanguíneos;Mujeres;29 Málaga;46
061 Otras enfermedades de los vasos sanguíneos;Mujeres;30 Murcia;40
061 Otras enfermedades de los vasos sanguíneos;Mujeres;31 Navarra;28
061 Otras enfermedades de los vasos sanguíneos;Mujeres;32 Ourense;13
061 Otras enfermedades de los vasos sanguíneos;Mujeres;34 Palencia;9
061 Otras enfermedades de los vasos sanguíneos;Mujeres;35 Palmas, Las;25
061 Otras enfermedades de los vasos sanguíneos;Mujeres;36 Pontevedra;24
061 Otras enfermedades de los vasos sanguíneos;Mujeres;26 Rioja, La;13
061 Otras enfermedades de los vasos sanguíneos;Mujeres;37 Salamanca;15
061 Otras enfermedades de los vasos sanguíneos;Mujeres;38 Santa Cruz de Tenerife;26
061 Otras enfermedades de los vasos sanguíneos;Mujeres;40 Segovia;9
061 Otras enfermedades de los vasos sanguíneos;Mujeres;41 Sevilla;46
061 Otras enfermedades de los vasos sanguíneos;Mujeres;42 Soria;4
061 Otras enfermedades de los vasos sanguíneos;Mujeres;43 Tarragona;22
061 Otras enfermedades de los vasos sanguíneos;Mujeres;44 Teruel;10
061 Otras enfermedades de los vasos sanguíneos;Mujeres;45 Toledo;11
061 Otras enfermedades de los vasos sanguíneos;Mujeres;46 Valencia/València;76
061 Otras enfermedades de los vasos sanguíneos;Mujeres;47 Valladolid;24
061 Otras enfermedades de los vasos sanguíneos;Mujeres;49 Zamora;7
061 Otras enfermedades de los vasos sanguíneos;Mujeres;50 Zaragoza;42
061 Otras enfermedades de los vasos sanguíneos;Mujeres;51 Ceuta;0
061 Otras enfermedades de los vasos sanguíneos;Mujeres;52 Melilla;2
061 Otras enfermedades de los vasos sanguíneos;Mujeres;Extranjero;21
062-067 X.Enfermedades del sistema respiratorio;Hombres;Total;26.310
062-067 X.Enfermedades del sistema respiratorio;Hombres;02 Albacete;248
062-067 X.Enfermedades del sistema respiratorio;Hombres;03 Alicante/Alacant;907
062-067 X.Enfermedades del sistema respiratorio;Hombres;04 Almería;319
062-067 X.Enfermedades del sistema respiratorio;Hombres;01 Araba/Álava;189
062-067 X.Enfermedades del sistema respiratorio;Hombres;33 Asturias;782
062-067 X.Enfermedades del sistema respiratorio;Hombres;05 Ávila;160
062-067 X.Enfermedades del sistema respiratorio;Hombres;06 Badajoz;509
062-067 X.Enfermedades del sistema respiratorio;Hombres;07 Balears, Illes;425
062-067 X.Enfermedades del sistema respiratorio;Hombres;08 Barcelona;2.753
062-067 X.Enfermedades del sistema respiratorio;Hombres;48 Bizkaia;623
062-067 X.Enfermedades del sistema respiratorio;Hombres;09 Burgos;245
062-067 X.Enfermedades del sistema respiratorio;Hombres;10 Cáceres;330
062-067 X.Enfermedades del sistema respiratorio;Hombres;11 Cádiz;605
062-067 X.Enfermedades del sistema respiratorio;Hombres;39 Cantabria;276
062-067 X.Enfermedades del sistema respiratorio;Hombres;12 Castellón/Castelló;295
062-067 X.Enfermedades del sistema respiratorio;Hombres;13 Ciudad Real;437
062-067 X.Enfermedades del sistema respiratorio;Hombres;14 Córdoba;503
062-067 X.Enfermedades del sistema respiratorio;Hombres;15 Coruña, A;706
062-067 X.Enfermedades del sistema respiratorio;Hombres;16 Cuenca;194
062-067 X.Enfermedades del sistema respiratorio;Hombres;20 Gipuzkoa;341
062-067 X.Enfermedades del sistema respiratorio;Hombres;17 Girona;357
062-067 X.Enfermedades del sistema respiratorio;Hombres;18 Granada;509
062-067 X.Enfermedades del sistema respiratorio;Hombres;19 Guadalajara;113
062-067 X.Enfermedades del sistema respiratorio;Hombres;21 Huelva;241
062-067 X.Enfermedades del sistema respiratorio;Hombres;22 Huesca;126
062-067 X.Enfermedades del sistema respiratorio;Hombres;23 Jaén;477
062-067 X.Enfermedades del sistema respiratorio;Hombres;24 León;423
062-067 X.Enfermedades del sistema respiratorio;Hombres;25 Lleida;271
062-067 X.Enfermedades del sistema respiratorio;Hombres;27 Lugo;277
062-067 X.Enfermedades del sistema respiratorio;Hombres;28 Madrid;3.362
062-067 X.Enfermedades del sistema respiratorio;Hombres;29 Málaga;735
062-067 X.Enfermedades del sistema respiratorio;Hombres;30 Murcia;799
062-067 X.Enfermedades del sistema respiratorio;Hombres;31 Navarra;269
062-067 X.Enfermedades del sistema respiratorio;Hombres;32 Ourense;301
062-067 X.Enfermedades del sistema respiratorio;Hombres;34 Palencia;153
062-067 X.Enfermedades del sistema respiratorio;Hombres;35 Palmas, Las;599
062-067 X.Enfermedades del sistema respiratorio;Hombres;36 Pontevedra;575
062-067 X.Enfermedades del sistema respiratorio;Hombres;26 Rioja, La;174
062-067 X.Enfermedades del sistema respiratorio;Hombres;37 Salamanca;286
062-067 X.Enfermedades del sistema respiratorio;Hombres;38 Santa Cruz de Tenerife;701
062-067 X.Enfermedades del sistema respiratorio;Hombres;40 Segovia;129
062-067 X.Enfermedades del sistema respiratorio;Hombres;41 Sevilla;934
062-067 X.Enfermedades del sistema respiratorio;Hombres;42 Soria;63
062-067 X.Enfermedades del sistema respiratorio;Hombres;43 Tarragona;460
062-067 X.Enfermedades del sistema respiratorio;Hombres;44 Teruel;118
062-067 X.Enfermedades del sistema respiratorio;Hombres;45 Toledo;430
062-067 X.Enfermedades del sistema respiratorio;Hombres;46 Valencia/València;1.361
062-067 X.Enfermedades del sistema respiratorio;Hombres;47 Valladolid;260
062-067 X.Enfermedades del sistema respiratorio;Hombres;49 Zamora;178
062-067 X.Enfermedades del sistema respiratorio;Hombres;50 Zaragoza;567
062-067 X.Enfermedades del sistema respiratorio;Hombres;51 Ceuta;33
062-067 X.Enfermedades del sistema respiratorio;Hombres;52 Melilla;34
062-067 X.Enfermedades del sistema respiratorio;Hombres;Extranjero;148
062-067 X.Enfermedades del sistema respiratorio;Mujeres;Total;21.371
062-067 X.Enfermedades del sistema respiratorio;Mujeres;02 Albacete;196
062-067 X.Enfermedades del sistema respiratorio;Mujeres;03 Alicante/Alacant;686
062-067 X.Enfermedades del sistema respiratorio;Mujeres;04 Almería;222
062-067 X.Enfermedades del sistema respiratorio;Mujeres;01 Araba/Álava;145
062-067 X.Enfermedades del sistema respiratorio;Mujeres;33 Asturias;664
062-067 X.Enfermedades del sistema respiratorio;Mujeres;05 Ávila;112
062-067 X.Enfermedades del sistema respiratorio;Mujeres;06 Badajoz;389
062-067 X.Enfermedades del sistema respiratorio;Mujeres;07 Balears, Illes;320
062-067 X.Enfermedades del sistema respiratorio;Mujeres;08 Barcelona;2.215
062-067 X.Enfermedades del sistema respiratorio;Mujeres;48 Bizkaia;557
062-067 X.Enfermedades del sistema respiratorio;Mujeres;09 Burgos;228
062-067 X.Enfermedades del sistema respiratorio;Mujeres;10 Cáceres;248
062-067 X.Enfermedades del sistema respiratorio;Mujeres;11 Cádiz;373
062-067 X.Enfermedades del sistema respiratorio;Mujeres;39 Cantabria;287
062-067 X.Enfermedades del sistema respiratorio;Mujeres;12 Castellón/Castelló;230
062-067 X.Enfermedades del sistema respiratorio;Mujeres;13 Ciudad Real;357
062-067 X.Enfermedades del sistema respiratorio;Mujeres;14 Córdoba;432
062-067 X.Enfermedades del sistema respiratorio;Mujeres;15 Coruña, A;702
062-067 X.Enfermedades del sistema respiratorio;Mujeres;16 Cuenca;145
062-067 X.Enfermedades del sistema respiratorio;Mujeres;20 Gipuzkoa;303
062-067 X.Enfermedades del sistema respiratorio;Mujeres;17 Girona;272
062-067 X.Enfermedades del sistema respiratorio;Mujeres;18 Granada;374
062-067 X.Enfermedades del sistema respiratorio;Mujeres;19 Guadalajara;104
062-067 X.Enfermedades del sistema respiratorio;Mujeres;21 Huelva;174
062-067 X.Enfermedades del sistema respiratorio;Mujeres;22 Huesca;90
062-067 X.Enfermedades del sistema respiratorio;Mujeres;23 Jaén;352
062-067 X.Enfermedades del sistema respiratorio;Mujeres;24 León;337
062-067 X.Enfermedades del sistema respiratorio;Mujeres;25 Lleida;238
062-067 X.Enfermedades del sistema respiratorio;Mujeres;27 Lugo;221
062-067 X.Enfermedades del sistema respiratorio;Mujeres;28 Madrid;3.308
062-067 X.Enfermedades del sistema respiratorio;Mujeres;29 Málaga;502
062-067 X.Enfermedades del sistema respiratorio;Mujeres;30 Murcia;545
062-067 X.Enfermedades del sistema respiratorio;Mujeres;31 Navarra;260
062-067 X.Enfermedades del sistema respiratorio;Mujeres;32 Ourense;270
062-067 X.Enfermedades del sistema respiratorio;Mujeres;34 Palencia;126
062-067 X.Enfermedades del sistema respiratorio;Mujeres;35 Palmas, Las;471
062-067 X.Enfermedades del sistema respiratorio;Mujeres;36 Pontevedra;496
062-067 X.Enfermedades del sistema respiratorio;Mujeres;26 Rioja, La;138
062-067 X.Enfermedades del sistema respiratorio;Mujeres;37 Salamanca;255
062-067 X.Enfermedades del sistema respiratorio;Mujeres;38 Santa Cruz de Tenerife;469
062-067 X.Enfermedades del sistema respiratorio;Mujeres;40 Segovia;96
062-067 X.Enfermedades del sistema respiratorio;Mujeres;41 Sevilla;685
062-067 X.Enfermedades del sistema respiratorio;Mujeres;42 Soria;63
062-067 X.Enfermedades del sistema respiratorio;Mujeres;43 Tarragona;297
062-067 X.Enfermedades del sistema respiratorio;Mujeres;44 Teruel;72
062-067 X.Enfermedades del sistema respiratorio;Mujeres;45 Toledo;361
062-067 X.Enfermedades del sistema respiratorio;Mujeres;46 Valencia/València;1.038
062-067 X.Enfermedades del sistema respiratorio;Mujeres;47 Valladolid;241
062-067 X.Enfermedades del sistema respiratorio;Mujeres;49 Zamora;144
062-067 X.Enfermedades del sistema respiratorio;Mujeres;50 Zaragoza;441
062-067 X.Enfermedades del sistema respiratorio;Mujeres;51 Ceuta;24
062-067 X.Enfermedades del sistema respiratorio;Mujeres;52 Melilla;20
062-067 X.Enfermedades del sistema respiratorio;Mujeres;Extranjero;76
062 Influenza (gripe) (incluye gripe por virus de la influenza pandémica o zoonótica identificados);Hombres;Total;680
062 Influenza (gripe) (incluye gripe por virus de la influenza pandémica o zoonótica identificados);Hombres;02 Albacete;11
062 Influenza (gripe) (incluye gripe por virus de la influenza pandémica o zoonótica identificados);Hombres;03 Alicante/Alacant;27
062 Influenza (gripe) (incluye gripe por virus de la influenza pandémica o zoonótica identificados);Hombres;04 Almería;3
062 Influenza (gripe) (incluye gripe por virus de la influenza pandémica o zoonótica identificados);Hombres;01 Araba/Álava;3
062 Influenza (gripe) (incluye gripe por virus de la influenza pandémica o zoonótica identificados);Hombres;33 Asturias;21
062 Influenza (gripe) (incluye gripe por virus de la influenza pandémica o zoonótica identificados);Hombres;05 Ávila;2
062 Influenza (gripe) (incluye gripe por virus de la influenza pandémica o zoonótica identificados);Hombres;06 Badajoz;4
062 Influenza (gripe) (incluye gripe por virus de la influenza pandémica o zoonótica identificados);Hombres;07 Balears, Illes;16
062 Influenza (gripe) (incluye gripe por virus de la influenza pandémica o zoonótica identificados);Hombres;08 Barcelona;88
062 Influenza (gripe) (incluye gripe por virus de la influenza pandémica o zoonótica identificados);Hombres;48 Bizkaia;37
062 Influenza (gripe) (incluye gripe por virus de la influenza pandémica o zoonótica identificados);Hombres;09 Burgos;5
062 Influenza (gripe) (incluye gripe por virus de la influenza pandémica o zoonótica identificados);Hombres;10 Cáceres;4
062 Influenza (gripe) (incluye gripe por virus de la influenza pandémica o zoonótica identificados);Hombres;11 Cádiz;7
062 Influenza (gripe) (incluye gripe por virus de la influenza pandémica o zoonótica identificados);Hombres;39 Cantabria;13
062 Influenza (gripe) (incluye gripe por virus de la influenza pandémica o zoonótica identificados);Hombres;12 Castellón/Castelló;9
062 Influenza (gripe) (incluye gripe por virus de la influenza pandémica o zoonótica identificados);Hombres;13 Ciudad Real;11
062 Influenza (gripe) (incluye gripe por virus de la influenza pandémica o zoonótica identificados);Hombres;14 Córdoba;2
062 Influenza (gripe) (incluye gripe por virus de la influenza pandémica o zoonótica identificados);Hombres;15 Coruña, A;14
062 Influenza (gripe) (incluye gripe por virus de la influenza pandémica o zoonótica identificados);Hombres;16 Cuenca;3
062 Influenza (gripe) (incluye gripe por virus de la influenza pandémica o zoonótica identificados);Hombres;20 Gipuzkoa;14
062 Influenza (gripe) (incluye gripe por virus de la influenza pandémica o zoonótica identificados);Hombres;17 Girona;10
062 Influenza (gripe) (incluye gripe por virus de la influenza pandémica o zoonótica identificados);Hombres;18 Granada;14
062 Influenza (gripe) (incluye gripe por virus de la influenza pandémica o zoonótica identificados);Hombres;19 Guadalajara;3
062 Influenza (gripe) (incluye gripe por virus de la influenza pandémica o zoonótica identificados);Hombres;21 Huelva;7
062 Influenza (gripe) (incluye gripe por virus de la influenza pandémica o zoonótica identificados);Hombres;22 Huesca;0
062 Influenza (gripe) (incluye gripe por virus de la influenza pandémica o zoonótica identificados);Hombres;23 Jaén;12
062 Influenza (gripe) (incluye gripe por virus de la influenza pandémica o zoonótica identificados);Hombres;24 León;9
062 Influenza (gripe) (incluye gripe por virus de la influenza pandémica o zoonótica identificados);Hombres;25 Lleida;13
062 Influenza (gripe) (incluye gripe por virus de la influenza pandémica o zoonótica identificados);Hombres;27 Lugo;6
062 Influenza (gripe) (incluye gripe por virus de la influenza pandémica o zoonótica identificados);Hombres;28 Madrid;53
062 Influenza (gripe) (incluye gripe por virus de la influenza pandémica o zoonótica identificados);Hombres;29 Málaga;15
062 Influenza (gripe) (incluye gripe por virus de la influenza pandémica o zoonótica identificados);Hombres;30 Murcia;32
062 Influenza (gripe) (incluye gripe por virus de la influenza pandémica o zoonótica identificados);Hombres;31 Navarra;9
062 Influenza (gripe) (incluye gripe por virus de la influenza pandémica o zoonótica identificados);Hombres;32 Ourense;1
062 Influenza (gripe) (incluye gripe por virus de la influenza pandémica o zoonótica identificados);Hombres;34 Palencia;4
062 Influenza (gripe) (incluye gripe por virus de la influenza pandémica o zoonótica identificados);Hombres;35 Palmas, Las;17
062 Influenza (gripe) (incluye gripe por virus de la influenza pandémica o zoonótica identificados);Hombres;36 Pontevedra;7
062 Influenza (gripe) (incluye gripe por virus de la influenza pandémica o zoonótica identificados);Hombres;26 Rioja, La;4
062 Influenza (gripe) (incluye gripe por virus de la influenza pandémica o zoonótica identificados);Hombres;37 Salamanca;10
062 Influenza (gripe) (incluye gripe por virus de la influenza pandémica o zoonótica identificados);Hombres;38 Santa Cruz de Tenerife;22
062 Influenza (gripe) (incluye gripe por virus de la influenza pandémica o zoonótica identificados);Hombres;40 Segovia;3
062 Influenza (gripe) (incluye gripe por virus de la influenza pandémica o zoonótica identificados);Hombres;41 Sevilla;28
062 Influenza (gripe) (incluye gripe por virus de la influenza pandémica o zoonótica identificados);Hombres;42 Soria;1
062 Influenza (gripe) (incluye gripe por virus de la influenza pandémica o zoonótica identificados);Hombres;43 Tarragona;12
062 Influenza (gripe) (incluye gripe por virus de la influenza pandémica o zoonótica identificados);Hombres;44 Teruel;3
062 Influenza (gripe) (incluye gripe por virus de la influenza pandémica o zoonótica identificados);Hombres;45 Toledo;1
062 Influenza (gripe) (incluye gripe por virus de la influenza pandémica o zoonótica identificados);Hombres;46 Valencia/València;44
062 Influenza (gripe) (incluye gripe por virus de la influenza pandémica o zoonótica identificados);Hombres;47 Valladolid;15
062 Influenza (gripe) (incluye gripe por virus de la influenza pandémica o zoonótica identificados);Hombres;49 Zamora;3
062 Influenza (gripe) (incluye gripe por virus de la influenza pandémica o zoonótica identificados);Hombres;50 Zaragoza;20
062 Influenza (gripe) (incluye gripe por virus de la influenza pandémica o zoonótica identificados);Hombres;51 Ceuta;2
062 Influenza (gripe) (incluye gripe por virus de la influenza pandémica o zoonótica identificados);Hombres;52 Melilla;0
062 Influenza (gripe) (incluye gripe por virus de la influenza pandémica o zoonótica identificados);Hombres;Extranjero;6
062 Influenza (gripe) (incluye gripe por virus de la influenza pandémica o zoonótica identificados);Mujeres;Total;779
062 Influenza (gripe) (incluye gripe por virus de la influenza pandémica o zoonótica identificados);Mujeres;02 Albacete;12
062 Influenza (gripe) (incluye gripe por virus de la influenza pandémica o zoonótica identificados);Mujeres;03 Alicante/Alacant;22
062 Influenza (gripe) (incluye gripe por virus de la influenza pandémica o zoonótica identificados);Mujeres;04 Almería;6
062 Influenza (gripe) (incluye gripe por virus de la influenza pandémica o zoonótica identificados);Mujeres;01 Araba/Álava;11
062 Influenza (gripe) (incluye gripe por virus de la influenza pandémica o zoonótica identificados);Mujeres;33 Asturias;24
062 Influenza (gripe) (incluye gripe por virus de la influenza pandémica o zoonótica identificados);Mujeres;05 Ávila;8
062 Influenza (gripe) (incluye gripe por virus de la influenza pandémica o zoonótica identificados);Mujeres;06 Badajoz;6
062 Influenza (gripe) (incluye gripe por virus de la influenza pandémica o zoonótica identificados);Mujeres;07 Balears, Illes;16
062 Influenza (gripe) (incluye gripe por virus de la influenza pandémica o zoonótica identificados);Mujeres;08 Barcelona;129
062 Influenza (gripe) (incluye gripe por virus de la influenza pandémica o zoonótica identificados);Mujeres;48 Bizkaia;37
062 Influenza (gripe) (incluye gripe por virus de la influenza pandémica o zoonótica identificados);Mujeres;09 Burgos;9
062 Influenza (gripe) (incluye gripe por virus de la influenza pandémica o zoonótica identificados);Mujeres;10 Cáceres;4
062 Influenza (gripe) (incluye gripe por virus de la influenza pandémica o zoonótica identificados);Mujeres;11 Cádiz;5
062 Influenza (gripe) (incluye gripe por virus de la influenza pandémica o zoonótica identificados);Mujeres;39 Cantabria;26
062 Influenza (gripe) (incluye gripe por virus de la influenza pandémica o zoonótica identificados);Mujeres;12 Castellón/Castelló;4
062 Influenza (gripe) (incluye gripe por virus de la influenza pandémica o zoonótica identificados);Mujeres;13 Ciudad Real;10
062 Influenza (gripe) (incluye gripe por virus de la influenza pandémica o zoonótica identificados);Mujeres;14 Córdoba;1
062 Influenza (gripe) (incluye gripe por virus de la influenza pandémica o zoonótica identificados);Mujeres;15 Coruña, A;11
062 Influenza (gripe) (incluye gripe por virus de la influenza pandémica o zoonótica identificados);Mujeres;16 Cuenca;3
062 Influenza (gripe) (incluye gripe por virus de la influenza pandémica o zoonótica identificados);Mujeres;20 Gipuzkoa;15
062 Influenza (gripe) (incluye gripe por virus de la influenza pandémica o zoonótica identificados);Mujeres;17 Girona;19
062 Influenza (gripe) (incluye gripe por virus de la influenza pandémica o zoonótica identificados);Mujeres;18 Granada;14
062 Influenza (gripe) (incluye gripe por virus de la influenza pandémica o zoonótica identificados);Mujeres;19 Guadalajara;6
062 Influenza (gripe) (incluye gripe por virus de la influenza pandémica o zoonótica identificados);Mujeres;21 Huelva;7
062 Influenza (gripe) (incluye gripe por virus de la influenza pandémica o zoonótica identificados);Mujeres;22 Huesca;2
062 Influenza (gripe) (incluye gripe por virus de la influenza pandémica o zoonótica identificados);Mujeres;23 Jaén;9
062 Influenza (gripe) (incluye gripe por virus de la influenza pandémica o zoonótica identificados);Mujeres;24 León;5
062 Influenza (gripe) (incluye gripe por virus de la influenza pandémica o zoonótica identificados);Mujeres;25 Lleida;12
062 Influenza (gripe) (incluye gripe por virus de la influenza pandémica o zoonótica identificados);Mujeres;27 Lugo;8
062 Influenza (gripe) (incluye gripe por virus de la influenza pandémica o zoonótica identificados);Mujeres;28 Madrid;83
062 Influenza (gripe) (incluye gripe por virus de la influenza pandémica o zoonótica identificados);Mujeres;29 Málaga;13
062 Influenza (gripe) (incluye gripe por virus de la influenza pandémica o zoonótica identificados);Mujeres;30 Murcia;25
062 Influenza (gripe) (incluye gripe por virus de la influenza pandémica o zoonótica identificados);Mujeres;31 Navarra;5
062 Influenza (gripe) (incluye gripe por virus de la influenza pandémica o zoonótica identificados);Mujeres;32 Ourense;3
062 Influenza (gripe) (incluye gripe por virus de la influenza pandémica o zoonótica identificados);Mujeres;34 Palencia;1
062 Influenza (gripe) (incluye gripe por virus de la influenza pandémica o zoonótica identificados);Mujeres;35 Palmas, Las;17
062 Influenza (gripe) (incluye gripe por virus de la influenza pandémica o zoonótica identificados);Mujeres;36 Pontevedra;14
062 Influenza (gripe) (incluye gripe por virus de la influenza pandémica o zoonótica identificados);Mujeres;26 Rioja, La;4
062 Influenza (gripe) (incluye gripe por virus de la influenza pandémica o zoonótica identificados);Mujeres;37 Salamanca;22
062 Influenza (gripe) (incluye gripe por virus de la influenza pandémica o zoonótica identificados);Mujeres;38 Santa Cruz de Tenerife;19
062 Influenza (gripe) (incluye gripe por virus de la influenza pandémica o zoonótica identificados);Mujeres;40 Segovia;2
062 Influenza (gripe) (incluye gripe por virus de la influenza pandémica o zoonótica identificados);Mujeres;41 Sevilla;22
062 Influenza (gripe) (incluye gripe por virus de la influenza pandémica o zoonótica identificados);Mujeres;42 Soria;0
062 Influenza (gripe) (incluye gripe por virus de la influenza pandémica o zoonótica identificados);Mujeres;43 Tarragona;12
062 Influenza (gripe) (incluye gripe por virus de la influenza pandémica o zoonótica identificados);Mujeres;44 Teruel;3
062 Influenza (gripe) (incluye gripe por virus de la influenza pandémica o zoonótica identificados);Mujeres;45 Toledo;6
062 Influenza (gripe) (incluye gripe por virus de la influenza pandémica o zoonótica identificados);Mujeres;46 Valencia/València;44
062 Influenza (gripe) (incluye gripe por virus de la influenza pandémica o zoonótica identificados);Mujeres;47 Valladolid;12
062 Influenza (gripe) (incluye gripe por virus de la influenza pandémica o zoonótica identificados);Mujeres;49 Zamora;6
062 Influenza (gripe) (incluye gripe por virus de la influenza pandémica o zoonótica identificados);Mujeres;50 Zaragoza;18
062 Influenza (gripe) (incluye gripe por virus de la influenza pandémica o zoonótica identificados);Mujeres;51 Ceuta;2
062 Influenza (gripe) (incluye gripe por virus de la influenza pandémica o zoonótica identificados);Mujeres;52 Melilla;0
062 Influenza (gripe) (incluye gripe por virus de la influenza pandémica o zoonótica identificados);Mujeres;Extranjero;5
063 Neumonía;Hombres;Total;4.837
063 Neumonía;Hombres;02 Albacete;48
063 Neumonía;Hombres;03 Alicante/Alacant;164
063 Neumonía;Hombres;04 Almería;60
063 Neumonía;Hombres;01 Araba/Álava;28
063 Neumonía;Hombres;33 Asturias;119
063 Neumonía;Hombres;05 Ávila;28
063 Neumonía;Hombres;06 Badajoz;117
063 Neumonía;Hombres;07 Balears, Illes;71
063 Neumonía;Hombres;08 Barcelona;419
063 Neumonía;Hombres;48 Bizkaia;89
063 Neumonía;Hombres;09 Burgos;52
063 Neumonía;Hombres;10 Cáceres;72
063 Neumonía;Hombres;11 Cádiz;70
063 Neumonía;Hombres;39 Cantabria;74
063 Neumonía;Hombres;12 Castellón/Castelló;59
063 Neumonía;Hombres;13 Ciudad Real;83
063 Neumonía;Hombres;14 Córdoba;79
063 Neumonía;Hombres;15 Coruña, A;106
063 Neumonía;Hombres;16 Cuenca;43
063 Neumonía;Hombres;20 Gipuzkoa;42
063 Neumonía;Hombres;17 Girona;54
063 Neumonía;Hombres;18 Granada;63
063 Neumonía;Hombres;19 Guadalajara;25
063 Neumonía;Hombres;21 Huelva;38
063 Neumonía;Hombres;22 Huesca;23
063 Neumonía;Hombres;23 Jaén;79
063 Neumonía;Hombres;24 León;69
063 Neumonía;Hombres;25 Lleida;41
063 Neumonía;Hombres;27 Lugo;49
063 Neumonía;Hombres;28 Madrid;732
063 Neumonía;Hombres;29 Málaga;133
063 Neumonía;Hombres;30 Murcia;153
063 Neumonía;Hombres;31 Navarra;25
063 Neumonía;Hombres;32 Ourense;66
063 Neumonía;Hombres;34 Palencia;16
063 Neumonía;Hombres;35 Palmas, Las;129
063 Neumonía;Hombres;36 Pontevedra;101
063 Neumonía;Hombres;26 Rioja, La;25
063 Neumonía;Hombres;37 Salamanca;32
063 Neumonía;Hombres;38 Santa Cruz de Tenerife;113
063 Neumonía;Hombres;40 Segovia;22
063 Neumonía;Hombres;41 Sevilla;188
063 Neumonía;Hombres;42 Soria;16
063 Neumonía;Hombres;43 Tarragona;83
063 Neumonía;Hombres;44 Teruel;31
063 Neumonía;Hombres;45 Toledo;96
063 Neumonía;Hombres;46 Valencia/València;305
063 Neumonía;Hombres;47 Valladolid;50
063 Neumonía;Hombres;49 Zamora;38
063 Neumonía;Hombres;50 Zaragoza;169
063 Neumonía;Hombres;51 Ceuta;8
063 Neumonía;Hombres;52 Melilla;11
063 Neumonía;Hombres;Extranjero;31
063 Neumonía;Mujeres;Total;4.547
063 Neumonía;Mujeres;02 Albacete;51
063 Neumonía;Mujeres;03 Alicante/Alacant;149
063 Neumonía;Mujeres;04 Almería;41
063 Neumonía;Mujeres;01 Araba/Álava;21
063 Neumonía;Mujeres;33 Asturias;119
063 Neumonía;Mujeres;05 Ávila;20
063 Neumonía;Mujeres;06 Badajoz;111
063 Neumonía;Mujeres;07 Balears, Illes;71
063 Neumonía;Mujeres;08 Barcelona;392
063 Neumonía;Mujeres;48 Bizkaia;83
063 Neumonía;Mujeres;09 Burgos;53
063 Neumonía;Mujeres;10 Cáceres;67
063 Neumonía;Mujeres;11 Cádiz;74
063 Neumonía;Mujeres;39 Cantabria;50
063 Neumonía;Mujeres;12 Castellón/Castelló;52
063 Neumonía;Mujeres;13 Ciudad Real;104
063 Neumonía;Mujeres;14 Córdoba;94
063 Neumonía;Mujeres;15 Coruña, A;110
063 Neumonía;Mujeres;16 Cuenca;33
063 Neumonía;Mujeres;20 Gipuzkoa;40
063 Neumonía;Mujeres;17 Girona;47
063 Neumonía;Mujeres;18 Granada;70
063 Neumonía;Mujeres;19 Guadalajara;22
063 Neumonía;Mujeres;21 Huelva;48
063 Neumonía;Mujeres;22 Huesca;15
063 Neumonía;Mujeres;23 Jaén;69
063 Neumonía;Mujeres;24 León;75
063 Neumonía;Mujeres;25 Lleida;39
063 Neumonía;Mujeres;27 Lugo;38
063 Neumonía;Mujeres;28 Madrid;782
063 Neumonía;Mujeres;29 Málaga;109
063 Neumonía;Mujeres;30 Murcia;125
063 Neumonía;Mujeres;31 Navarra;48
063 Neumonía;Mujeres;32 Ourense;64
063 Neumonía;Mujeres;34 Palencia;33
063 Neumonía;Mujeres;35 Palmas, Las;142
063 Neumonía;Mujeres;36 Pontevedra;78
063 Neumonía;Mujeres;26 Rioja, La;23
063 Neumonía;Mujeres;37 Salamanca;46
063 Neumonía;Mujeres;38 Santa Cruz de Tenerife;73
063 Neumonía;Mujeres;40 Segovia;25
063 Neumonía;Mujeres;41 Sevilla;167
063 Neumonía;Mujeres;42 Soria;19
063 Neumonía;Mujeres;43 Tarragona;56
063 Neumonía;Mujeres;44 Teruel;18
063 Neumonía;Mujeres;45 Toledo;73
063 Neumonía;Mujeres;46 Valencia/València;300
063 Neumonía;Mujeres;47 Valladolid;49
063 Neumonía;Mujeres;49 Zamora;31
063 Neumonía;Mujeres;50 Zaragoza;99
063 Neumonía;Mujeres;51 Ceuta;8
063 Neumonía;Mujeres;52 Melilla;5
063 Neumonía;Mujeres;Extranjero;16
064 Enfermedades crónicas de las vías respiratorias inferiores (excepto asma);Hombres;Total;9.749
064 Enfermedades crónicas de las vías respiratorias inferiores (excepto asma);Hombres;02 Albacete;85
064 Enfermedades crónicas de las vías respiratorias inferiores (excepto asma);Hombres;03 Alicante/Alacant;360
064 Enfermedades crónicas de las vías respiratorias inferiores (excepto asma);Hombres;04 Almería;129
064 Enfermedades crónicas de las vías respiratorias inferiores (excepto asma);Hombres;01 Araba/Álava;69
064 Enfermedades crónicas de las vías respiratorias inferiores (excepto asma);Hombres;33 Asturias;293
064 Enfermedades crónicas de las vías respiratorias inferiores (excepto asma);Hombres;05 Ávila;57
064 Enfermedades crónicas de las vías respiratorias inferiores (excepto asma);Hombres;06 Badajoz;177
064 Enfermedades crónicas de las vías respiratorias inferiores (excepto asma);Hombres;07 Balears, Illes;203
064 Enfermedades crónicas de las vías respiratorias inferiores (excepto asma);Hombres;08 Barcelona;1.181
064 Enfermedades crónicas de las vías respiratorias inferiores (excepto asma);Hombres;48 Bizkaia;190
064 Enfermedades crónicas de las vías respiratorias inferiores (excepto asma);Hombres;09 Burgos;74
064 Enfermedades crónicas de las vías respiratorias inferiores (excepto asma);Hombres;10 Cáceres;123
064 Enfermedades crónicas de las vías respiratorias inferiores (excepto asma);Hombres;11 Cádiz;258
064 Enfermedades crónicas de las vías respiratorias inferiores (excepto asma);Hombres;39 Cantabria;113
064 Enfermedades crónicas de las vías respiratorias inferiores (excepto asma);Hombres;12 Castellón/Castelló;107
064 Enfermedades crónicas de las vías respiratorias inferiores (excepto asma);Hombres;13 Ciudad Real;173
064 Enfermedades crónicas de las vías respiratorias inferiores (excepto asma);Hombres;14 Córdoba;216
064 Enfermedades crónicas de las vías respiratorias inferiores (excepto asma);Hombres;15 Coruña, A;269
064 Enfermedades crónicas de las vías respiratorias inferiores (excepto asma);Hombres;16 Cuenca;70
064 Enfermedades crónicas de las vías respiratorias inferiores (excepto asma);Hombres;20 Gipuzkoa;141
064 Enfermedades crónicas de las vías respiratorias inferiores (excepto asma);Hombres;17 Girona;191
064 Enfermedades crónicas de las vías respiratorias inferiores (excepto asma);Hombres;18 Granada;185
064 Enfermedades crónicas de las vías respiratorias inferiores (excepto asma);Hombres;19 Guadalajara;41
064 Enfermedades crónicas de las vías respiratorias inferiores (excepto asma);Hombres;21 Huelva;98
064 Enfermedades crónicas de las vías respiratorias inferiores (excepto asma);Hombres;22 Huesca;44
064 Enfermedades crónicas de las vías respiratorias inferiores (excepto asma);Hombres;23 Jaén;199
064 Enfermedades crónicas de las vías respiratorias inferiores (excepto asma);Hombres;24 León;129
064 Enfermedades crónicas de las vías respiratorias inferiores (excepto asma);Hombres;25 Lleida;104
064 Enfermedades crónicas de las vías respiratorias inferiores (excepto asma);Hombres;27 Lugo;109
064 Enfermedades crónicas de las vías respiratorias inferiores (excepto asma);Hombres;28 Madrid;1.004
064 Enfermedades crónicas de las vías respiratorias inferiores (excepto asma);Hombres;29 Málaga;309
064 Enfermedades crónicas de las vías respiratorias inferiores (excepto asma);Hombres;30 Murcia;337
064 Enfermedades crónicas de las vías respiratorias inferiores (excepto asma);Hombres;31 Navarra;111
064 Enfermedades crónicas de las vías respiratorias inferiores (excepto asma);Hombres;32 Ourense;111
064 Enfermedades crónicas de las vías respiratorias inferiores (excepto asma);Hombres;34 Palencia;45
064 Enfermedades crónicas de las vías respiratorias inferiores (excepto asma);Hombres;35 Palmas, Las;182
064 Enfermedades crónicas de las vías respiratorias inferiores (excepto asma);Hombres;36 Pontevedra;198
064 Enfermedades crónicas de las vías respiratorias inferiores (excepto asma);Hombres;26 Rioja, La;63
064 Enfermedades crónicas de las vías respiratorias inferiores (excepto asma);Hombres;37 Salamanca;103
064 Enfermedades crónicas de las vías respiratorias inferiores (excepto asma);Hombres;38 Santa Cruz de Tenerife;184
064 Enfermedades crónicas de las vías respiratorias inferiores (excepto asma);Hombres;40 Segovia;39
064 Enfermedades crónicas de las vías respiratorias inferiores (excepto asma);Hombres;41 Sevilla;332
064 Enfermedades crónicas de las vías respiratorias inferiores (excepto asma);Hombres;42 Soria;16
064 Enfermedades crónicas de las vías respiratorias inferiores (excepto asma);Hombres;43 Tarragona;175
064 Enfermedades crónicas de las vías respiratorias inferiores (excepto asma);Hombres;44 Teruel;38
064 Enfermedades crónicas de las vías respiratorias inferiores (excepto asma);Hombres;45 Toledo;177
064 Enfermedades crónicas de las vías respiratorias inferiores (excepto asma);Hombres;46 Valencia/València;514
064 Enfermedades crónicas de las vías respiratorias inferiores (excepto asma);Hombres;47 Valladolid;97
064 Enfermedades crónicas de las vías respiratorias inferiores (excepto asma);Hombres;49 Zamora;59
064 Enfermedades crónicas de las vías respiratorias inferiores (excepto asma);Hombres;50 Zaragoza;216
064 Enfermedades crónicas de las vías respiratorias inferiores (excepto asma);Hombres;51 Ceuta;13
064 Enfermedades crónicas de las vías respiratorias inferiores (excepto asma);Hombres;52 Melilla;7
064 Enfermedades crónicas de las vías respiratorias inferiores (excepto asma);Hombres;Extranjero;31
064 Enfermedades crónicas de las vías respiratorias inferiores (excepto asma);Mujeres;Total;3.066
064 Enfermedades crónicas de las vías respiratorias inferiores (excepto asma);Mujeres;02 Albacete;27
064 Enfermedades crónicas de las vías respiratorias inferiores (excepto asma);Mujeres;03 Alicante/Alacant;129
064 Enfermedades crónicas de las vías respiratorias inferiores (excepto asma);Mujeres;04 Almería;31
064 Enfermedades crónicas de las vías respiratorias inferiores (excepto asma);Mujeres;01 Araba/Álava;28
064 Enfermedades crónicas de las vías respiratorias inferiores (excepto asma);Mujeres;33 Asturias;76
064 Enfermedades crónicas de las vías respiratorias inferiores (excepto asma);Mujeres;05 Ávila;12
064 Enfermedades crónicas de las vías respiratorias inferiores (excepto asma);Mujeres;06 Badajoz;30
064 Enfermedades crónicas de las vías respiratorias inferiores (excepto asma);Mujeres;07 Balears, Illes;69
064 Enfermedades crónicas de las vías respiratorias inferiores (excepto asma);Mujeres;08 Barcelona;377
064 Enfermedades crónicas de las vías respiratorias inferiores (excepto asma);Mujeres;48 Bizkaia;80
064 Enfermedades crónicas de las vías respiratorias inferiores (excepto asma);Mujeres;09 Burgos;34
064 Enfermedades crónicas de las vías respiratorias inferiores (excepto asma);Mujeres;10 Cáceres;17
064 Enfermedades crónicas de las vías respiratorias inferiores (excepto asma);Mujeres;11 Cádiz;51
064 Enfermedades crónicas de las vías respiratorias inferiores (excepto asma);Mujeres;39 Cantabria;57
064 Enfermedades crónicas de las vías respiratorias inferiores (excepto asma);Mujeres;12 Castellón/Castelló;31
064 Enfermedades crónicas de las vías respiratorias inferiores (excepto asma);Mujeres;13 Ciudad Real;40
064 Enfermedades crónicas de las vías respiratorias inferiores (excepto asma);Mujeres;14 Córdoba;59
064 Enfermedades crónicas de las vías respiratorias inferiores (excepto asma);Mujeres;15 Coruña, A;90
064 Enfermedades crónicas de las vías respiratorias inferiores (excepto asma);Mujeres;16 Cuenca;23
064 Enfermedades crónicas de las vías respiratorias inferiores (excepto asma);Mujeres;20 Gipuzkoa;66
064 Enfermedades crónicas de las vías respiratorias inferiores (excepto asma);Mujeres;17 Girona;67
064 Enfermedades crónicas de las vías respiratorias inferiores (excepto asma);Mujeres;18 Granada;31
064 Enfermedades crónicas de las vías respiratorias inferiores (excepto asma);Mujeres;19 Guadalajara;14
064 Enfermedades crónicas de las vías respiratorias inferiores (excepto asma);Mujeres;21 Huelva;16
064 Enfermedades crónicas de las vías respiratorias inferiores (excepto asma);Mujeres;22 Huesca;17
064 Enfermedades crónicas de las vías respiratorias inferiores (excepto asma);Mujeres;23 Jaén;27
064 Enfermedades crónicas de las vías respiratorias inferiores (excepto asma);Mujeres;24 León;28
064 Enfermedades crónicas de las vías respiratorias inferiores (excepto asma);Mujeres;25 Lleida;53
064 Enfermedades crónicas de las vías respiratorias inferiores (excepto asma);Mujeres;27 Lugo;41
064 Enfermedades crónicas de las vías respiratorias inferiores (excepto asma);Mujeres;28 Madrid;387
064 Enfermedades crónicas de las vías respiratorias inferiores (excepto asma);Mujeres;29 Málaga;91
064 Enfermedades crónicas de las vías respiratorias inferiores (excepto asma);Mujeres;30 Murcia;79
064 Enfermedades crónicas de las vías respiratorias inferiores (excepto asma);Mujeres;31 Navarra;47
064 Enfermedades crónicas de las vías respiratorias inferiores (excepto asma);Mujeres;32 Ourense;36
064 Enfermedades crónicas de las vías respiratorias inferiores (excepto asma);Mujeres;34 Palencia;9
064 Enfermedades crónicas de las vías respiratorias inferiores (excepto asma);Mujeres;35 Palmas, Las;59
064 Enfermedades crónicas de las vías respiratorias inferiores (excepto asma);Mujeres;36 Pontevedra;83
064 Enfermedades crónicas de las vías respiratorias inferiores (excepto asma);Mujeres;26 Rioja, La;21
064 Enfermedades crónicas de las vías respiratorias inferiores (excepto asma);Mujeres;37 Salamanca;35
064 Enfermedades crónicas de las vías respiratorias inferiores (excepto asma);Mujeres;38 Santa Cruz de Tenerife;67
064 Enfermedades crónicas de las vías respiratorias inferiores (excepto asma);Mujeres;40 Segovia;11
064 Enfermedades crónicas de las vías respiratorias inferiores (excepto asma);Mujeres;41 Sevilla;89
064 Enfermedades crónicas de las vías respiratorias inferiores (excepto asma);Mujeres;42 Soria;6
064 Enfermedades crónicas de las vías respiratorias inferiores (excepto asma);Mujeres;43 Tarragona;54
064 Enfermedades crónicas de las vías respiratorias inferiores (excepto asma);Mujeres;44 Teruel;18
064 Enfermedades crónicas de las vías respiratorias inferiores (excepto asma);Mujeres;45 Toledo;43
064 Enfermedades crónicas de las vías respiratorias inferiores (excepto asma);Mujeres;46 Valencia/València;158
064 Enfermedades crónicas de las vías respiratorias inferiores (excepto asma);Mujeres;47 Valladolid;33
064 Enfermedades crónicas de las vías respiratorias inferiores (excepto asma);Mujeres;49 Zamora;11
064 Enfermedades crónicas de las vías respiratorias inferiores (excepto asma);Mujeres;50 Zaragoza;90
064 Enfermedades crónicas de las vías respiratorias inferiores (excepto asma);Mujeres;51 Ceuta;4
064 Enfermedades crónicas de las vías respiratorias inferiores (excepto asma);Mujeres;52 Melilla;2
064 Enfermedades crónicas de las vías respiratorias inferiores (excepto asma);Mujeres;Extranjero;12
065 Asma;Hombres;Total;158
065 Asma;Hombres;02 Albacete;2
065 Asma;Hombres;03 Alicante/Alacant;5
065 Asma;Hombres;04 Almería;5
065 Asma;Hombres;01 Araba/Álava;3
065 Asma;Hombres;33 Asturias;12
065 Asma;Hombres;05 Ávila;1
065 Asma;Hombres;06 Badajoz;1
065 Asma;Hombres;07 Balears, Illes;2
065 Asma;Hombres;08 Barcelona;11
065 Asma;Hombres;48 Bizkaia;6
065 Asma;Hombres;09 Burgos;1
065 Asma;Hombres;10 Cáceres;1
065 Asma;Hombres;11 Cádiz;4
065 Asma;Hombres;39 Cantabria;3
065 Asma;Hombres;12 Castellón/Castelló;3
065 Asma;Hombres;13 Ciudad Real;3
065 Asma;Hombres;14 Córdoba;2
065 Asma;Hombres;15 Coruña, A;4
065 Asma;Hombres;16 Cuenca;1
065 Asma;Hombres;20 Gipuzkoa;6
065 Asma;Hombres;17 Girona;3
065 Asma;Hombres;18 Granada;4
065 Asma;Hombres;19 Guadalajara;2
065 Asma;Hombres;21 Huelva;1
065 Asma;Hombres;22 Huesca;1
065 Asma;Hombres;23 Jaén;5
065 Asma;Hombres;24 León;2
065 Asma;Hombres;25 Lleida;0
065 Asma;Hombres;27 Lugo;2
065 Asma;Hombres;28 Madrid;6
065 Asma;Hombres;29 Málaga;3
065 Asma;Hombres;30 Murcia;9
065 Asma;Hombres;31 Navarra;7
065 Asma;Hombres;32 Ourense;3
065 Asma;Hombres;34 Palencia;0
065 Asma;Hombres;35 Palmas, Las;2
065 Asma;Hombres;36 Pontevedra;3
065 Asma;Hombres;26 Rioja, La;0
065 Asma;Hombres;37 Salamanca;0
065 Asma;Hombres;38 Santa Cruz de Tenerife;5
065 Asma;Hombres;40 Segovia;1
065 Asma;Hombres;41 Sevilla;7
065 Asma;Hombres;42 Soria;1
065 Asma;Hombres;43 Tarragona;3
065 Asma;Hombres;44 Teruel;0
065 Asma;Hombres;45 Toledo;1
065 Asma;Hombres;46 Valencia/València;5
065 Asma;Hombres;47 Valladolid;0
065 Asma;Hombres;49 Zamora;0
065 Asma;Hombres;50 Zaragoza;3
065 Asma;Hombres;51 Ceuta;0
065 Asma;Hombres;52 Melilla;0
065 Asma;Hombres;Extranjero;3
065 Asma;Mujeres;Total;835
065 Asma;Mujeres;02 Albacete;8
065 Asma;Mujeres;03 Alicante/Alacant;19
065 Asma;Mujeres;04 Almería;8
065 Asma;Mujeres;01 Araba/Álava;12
065 Asma;Mujeres;33 Asturias;53
065 Asma;Mujeres;05 Ávila;2
065 Asma;Mujeres;06 Badajoz;7
065 Asma;Mujeres;07 Balears, Illes;13
065 Asma;Mujeres;08 Barcelona;101
065 Asma;Mujeres;48 Bizkaia;42
065 Asma;Mujeres;09 Burgos;11
065 Asma;Mujeres;10 Cáceres;9
065 Asma;Mujeres;11 Cádiz;10
065 Asma;Mujeres;39 Cantabria;10
065 Asma;Mujeres;12 Castellón/Castelló;8
065 Asma;Mujeres;13 Ciudad Real;10
065 Asma;Mujeres;14 Córdoba;19
065 Asma;Mujeres;15 Coruña, A;33
065 Asma;Mujeres;16 Cuenca;4
065 Asma;Mujeres;20 Gipuzkoa;14
065 Asma;Mujeres;17 Girona;11
065 Asma;Mujeres;18 Granada;13
065 Asma;Mujeres;19 Guadalajara;2
065 Asma;Mujeres;21 Huelva;5
065 Asma;Mujeres;22 Huesca;2
065 Asma;Mujeres;23 Jaén;14
065 Asma;Mujeres;24 León;19
065 Asma;Mujeres;25 Lleida;6
065 Asma;Mujeres;27 Lugo;15
065 Asma;Mujeres;28 Madrid;54
065 Asma;Mujeres;29 Málaga;25
065 Asma;Mujeres;30 Murcia;19
065 Asma;Mujeres;31 Navarra;11
065 Asma;Mujeres;32 Ourense;25
065 Asma;Mujeres;34 Palencia;3
065 Asma;Mujeres;35 Palmas, Las;10
065 Asma;Mujeres;36 Pontevedra;24
065 Asma;Mujeres;26 Rioja, La;6
065 Asma;Mujeres;37 Salamanca;12
065 Asma;Mujeres;38 Santa Cruz de Tenerife;12
065 Asma;Mujeres;40 Segovia;0
065 Asma;Mujeres;41 Sevilla;30
065 Asma;Mujeres;42 Soria;1
065 Asma;Mujeres;43 Tarragona;24
065 Asma;Mujeres;44 Teruel;2
065 Asma;Mujeres;45 Toledo;15
065 Asma;Mujeres;46 Valencia/València;43
065 Asma;Mujeres;47 Valladolid;6
065 Asma;Mujeres;49 Zamora;10
065 Asma;Mujeres;50 Zaragoza;19
065 Asma;Mujeres;51 Ceuta;0
065 Asma;Mujeres;52 Melilla;1
065 Asma;Mujeres;Extranjero;3
066 Insuficiencia respiratoria;Hombres;Total;903
066 Insuficiencia respiratoria;Hombres;02 Albacete;6
066 Insuficiencia respiratoria;Hombres;03 Alicante/Alacant;36
066 Insuficiencia respiratoria;Hombres;04 Almería;8
066 Insuficiencia respiratoria;Hombres;01 Araba/Álava;10
066 Insuficiencia respiratoria;Hombres;33 Asturias;16
066 Insuficiencia respiratoria;Hombres;05 Ávila;3
066 Insuficiencia respiratoria;Hombres;06 Badajoz;13
066 Insuficiencia respiratoria;Hombres;07 Balears, Illes;11
066 Insuficiencia respiratoria;Hombres;08 Barcelona;121
066 Insuficiencia respiratoria;Hombres;48 Bizkaia;17
066 Insuficiencia respiratoria;Hombres;09 Burgos;8
066 Insuficiencia respiratoria;Hombres;10 Cáceres;3
066 Insuficiencia respiratoria;Hombres;11 Cádiz;26
066 Insuficiencia respiratoria;Hombres;39 Cantabria;7
066 Insuficiencia respiratoria;Hombres;12 Castellón/Castelló;13
066 Insuficiencia respiratoria;Hombres;13 Ciudad Real;6
066 Insuficiencia respiratoria;Hombres;14 Córdoba;24
066 Insuficiencia respiratoria;Hombres;15 Coruña, A;8
066 Insuficiencia respiratoria;Hombres;16 Cuenca;7
066 Insuficiencia respiratoria;Hombres;20 Gipuzkoa;7
066 Insuficiencia respiratoria;Hombres;17 Girona;9
066 Insuficiencia respiratoria;Hombres;18 Granada;61
066 Insuficiencia respiratoria;Hombres;19 Guadalajara;0
066 Insuficiencia respiratoria;Hombres;21 Huelva;17
066 Insuficiencia respiratoria;Hombres;22 Huesca;0
066 Insuficiencia respiratoria;Hombres;23 Jaén;29
066 Insuficiencia respiratoria;Hombres;24 León;15
066 Insuficiencia respiratoria;Hombres;25 Lleida;12
066 Insuficiencia respiratoria;Hombres;27 Lugo;3
066 Insuficiencia respiratoria;Hombres;28 Madrid;181
066 Insuficiencia respiratoria;Hombres;29 Málaga;31
066 Insuficiencia respiratoria;Hombres;30 Murcia;7
066 Insuficiencia respiratoria;Hombres;31 Navarra;4
066 Insuficiencia respiratoria;Hombres;32 Ourense;2
066 Insuficiencia respiratoria;Hombres;34 Palencia;5
066 Insuficiencia respiratoria;Hombres;35 Palmas, Las;21
066 Insuficiencia respiratoria;Hombres;36 Pontevedra;4
066 Insuficiencia respiratoria;Hombres;26 Rioja, La;0
066 Insuficiencia respiratoria;Hombres;37 Salamanca;8
066 Insuficiencia respiratoria;Hombres;38 Santa Cruz de Tenerife;10
066 Insuficiencia respiratoria;Hombres;40 Segovia;4
066 Insuficiencia respiratoria;Hombres;41 Sevilla;23
066 Insuficiencia respiratoria;Hombres;42 Soria;1
066 Insuficiencia respiratoria;Hombres;43 Tarragona;19
066 Insuficiencia respiratoria;Hombres;44 Teruel;0
066 Insuficiencia respiratoria;Hombres;45 Toledo;7
066 Insuficiencia respiratoria;Hombres;46 Valencia/València;60
066 Insuficiencia respiratoria;Hombres;47 Valladolid;7
066 Insuficiencia respiratoria;Hombres;49 Zamora;5
066 Insuficiencia respiratoria;Hombres;50 Zaragoza;1
066 Insuficiencia respiratoria;Hombres;51 Ceuta;0
066 Insuficiencia respiratoria;Hombres;52 Melilla;1
066 Insuficiencia respiratoria;Hombres;Extranjero;6
066 Insuficiencia respiratoria;Mujeres;Total;1.268
066 Insuficiencia respiratoria;Mujeres;02 Albacete;6
066 Insuficiencia respiratoria;Mujeres;03 Alicante/Alacant;44
066 Insuficiencia respiratoria;Mujeres;04 Almería;17
066 Insuficiencia respiratoria;Mujeres;01 Araba/Álava;3
066 Insuficiencia respiratoria;Mujeres;33 Asturias;25
066 Insuficiencia respiratoria;Mujeres;05 Ávila;9
066 Insuficiencia respiratoria;Mujeres;06 Badajoz;19
066 Insuficiencia respiratoria;Mujeres;07 Balears, Illes;8
066 Insuficiencia respiratoria;Mujeres;08 Barcelona;189
066 Insuficiencia respiratoria;Mujeres;48 Bizkaia;25
066 Insuficiencia respiratoria;Mujeres;09 Burgos;13
066 Insuficiencia respiratoria;Mujeres;10 Cáceres;8
066 Insuficiencia respiratoria;Mujeres;11 Cádiz;22
066 Insuficiencia respiratoria;Mujeres;39 Cantabria;14
066 Insuficiencia respiratoria;Mujeres;12 Castellón/Castelló;13
066 Insuficiencia respiratoria;Mujeres;13 Ciudad Real;10
066 Insuficiencia respiratoria;Mujeres;14 Córdoba;32
066 Insuficiencia respiratoria;Mujeres;15 Coruña, A;13
066 Insuficiencia respiratoria;Mujeres;16 Cuenca;8
066 Insuficiencia respiratoria;Mujeres;20 Gipuzkoa;19
066 Insuficiencia respiratoria;Mujeres;17 Girona;20
066 Insuficiencia respiratoria;Mujeres;18 Granada;52
066 Insuficiencia respiratoria;Mujeres;19 Guadalajara;5
066 Insuficiencia respiratoria;Mujeres;21 Huelva;16
066 Insuficiencia respiratoria;Mujeres;22 Huesca;2
066 Insuficiencia respiratoria;Mujeres;23 Jaén;48
066 Insuficiencia respiratoria;Mujeres;24 León;16
066 Insuficiencia respiratoria;Mujeres;25 Lleida;15
066 Insuficiencia respiratoria;Mujeres;27 Lugo;4
066 Insuficiencia respiratoria;Mujeres;28 Madrid;252
066 Insuficiencia respiratoria;Mujeres;29 Málaga;38
066 Insuficiencia respiratoria;Mujeres;30 Murcia;17
066 Insuficiencia respiratoria;Mujeres;31 Navarra;8
066 Insuficiencia respiratoria;Mujeres;32 Ourense;3
066 Insuficiencia respiratoria;Mujeres;34 Palencia;12
066 Insuficiencia respiratoria;Mujeres;35 Palmas, Las;26
066 Insuficiencia respiratoria;Mujeres;36 Pontevedra;7
066 Insuficiencia respiratoria;Mujeres;26 Rioja, La;3
066 Insuficiencia respiratoria;Mujeres;37 Salamanca;9
066 Insuficiencia respiratoria;Mujeres;38 Santa Cruz de Tenerife;17
066 Insuficiencia respiratoria;Mujeres;40 Segovia;9
066 Insuficiencia respiratoria;Mujeres;41 Sevilla;37
066 Insuficiencia respiratoria;Mujeres;42 Soria;1
066 Insuficiencia respiratoria;Mujeres;43 Tarragona;11
066 Insuficiencia respiratoria;Mujeres;44 Teruel;0
066 Insuficiencia respiratoria;Mujeres;45 Toledo;21
066 Insuficiencia respiratoria;Mujeres;46 Valencia/València;82
066 Insuficiencia respiratoria;Mujeres;47 Valladolid;16
066 Insuficiencia respiratoria;Mujeres;49 Zamora;7
066 Insuficiencia respiratoria;Mujeres;50 Zaragoza;8
066 Insuficiencia respiratoria;Mujeres;51 Ceuta;0
066 Insuficiencia respiratoria;Mujeres;52 Melilla;2
066 Insuficiencia respiratoria;Mujeres;Extranjero;7
067 Otras enfermedades del sistema respiratorio;Hombres;Total;9.983
067 Otras enfermedades del sistema respiratorio;Hombres;02 Albacete;96
067 Otras enfermedades del sistema respiratorio;Hombres;03 Alicante/Alacant;315
067 Otras enfermedades del sistema respiratorio;Hombres;04 Almería;114
067 Otras enfermedades del sistema respiratorio;Hombres;01 Araba/Álava;76
067 Otras enfermedades del sistema respiratorio;Hombres;33 Asturias;321
067 Otras enfermedades del sistema respiratorio;Hombres;05 Ávila;69
067 Otras enfermedades del sistema respiratorio;Hombres;06 Badajoz;197
067 Otras enfermedades del sistema respiratorio;Hombres;07 Balears, Illes;122
067 Otras enfermedades del sistema respiratorio;Hombres;08 Barcelona;933
067 Otras enfermedades del sistema respiratorio;Hombres;48 Bizkaia;284
067 Otras enfermedades del sistema respiratorio;Hombres;09 Burgos;105
067 Otras enfermedades del sistema respiratorio;Hombres;10 Cáceres;127
067 Otras enfermedades del sistema respiratorio;Hombres;11 Cádiz;240
067 Otras enfermedades del sistema respiratorio;Hombres;39 Cantabria;66
067 Otras enfermedades del sistema respiratorio;Hombres;12 Castellón/Castelló;104
067 Otras enfermedades del sistema respiratorio;Hombres;13 Ciudad Real;161
067 Otras enfermedades del sistema respiratorio;Hombres;14 Córdoba;180
067 Otras enfermedades del sistema respiratorio;Hombres;15 Coruña, A;305
067 Otras enfermedades del sistema respiratorio;Hombres;16 Cuenca;70
067 Otras enfermedades del sistema respiratorio;Hombres;20 Gipuzkoa;131
067 Otras enfermedades del sistema respiratorio;Hombres;17 Girona;90
067 Otras enfermedades del sistema respiratorio;Hombres;18 Granada;182
067 Otras enfermedades del sistema respiratorio;Hombres;19 Guadalajara;42
067 Otras enfermedades del sistema respiratorio;Hombres;21 Huelva;80
067 Otras enfermedades del sistema respiratorio;Hombres;22 Huesca;58
067 Otras enfermedades del sistema respiratorio;Hombres;23 Jaén;153
067 Otras enfermedades del sistema respiratorio;Hombres;24 León;199
067 Otras enfermedades del sistema respiratorio;Hombres;25 Lleida;101
067 Otras enfermedades del sistema respiratorio;Hombres;27 Lugo;108
067 Otras enfermedades del sistema respiratorio;Hombres;28 Madrid;1.386
067 Otras enfermedades del sistema respiratorio;Hombres;29 Málaga;244
067 Otras enfermedades del sistema respiratorio;Hombres;30 Murcia;261
067 Otras enfermedades del sistema respiratorio;Hombres;31 Navarra;113
067 Otras enfermedades del sistema respiratorio;Hombres;32 Ourense;118
067 Otras enfermedades del sistema respiratorio;Hombres;34 Palencia;83
067 Otras enfermedades del sistema respiratorio;Hombres;35 Palmas, Las;248
067 Otras enfermedades del sistema respiratorio;Hombres;36 Pontevedra;262
067 Otras enfermedades del sistema respiratorio;Hombres;26 Rioja, La;82
067 Otras enfermedades del sistema respiratorio;Hombres;37 Salamanca;133
067 Otras enfermedades del sistema respiratorio;Hombres;38 Santa Cruz de Tenerife;367
067 Otras enfermedades del sistema respiratorio;Hombres;40 Segovia;60
067 Otras enfermedades del sistema respiratorio;Hombres;41 Sevilla;356
067 Otras enfermedades del sistema respiratorio;Hombres;42 Soria;28
067 Otras enfermedades del sistema respiratorio;Hombres;43 Tarragona;168
067 Otras enfermedades del sistema respiratorio;Hombres;44 Teruel;46
067 Otras enfermedades del sistema respiratorio;Hombres;45 Toledo;148
067 Otras enfermedades del sistema respiratorio;Hombres;46 Valencia/València;433
067 Otras enfermedades del sistema respiratorio;Hombres;47 Valladolid;91
067 Otras enfermedades del sistema respiratorio;Hombres;49 Zamora;73
067 Otras enfermedades del sistema respiratorio;Hombres;50 Zaragoza;158
067 Otras enfermedades del sistema respiratorio;Hombres;51 Ceuta;10
067 Otras enfermedades del sistema respiratorio;Hombres;52 Melilla;15
067 Otras enfermedades del sistema respiratorio;Hombres;Extranjero;71
067 Otras enfermedades del sistema respiratorio;Mujeres;Total;10.876
067 Otras enfermedades del sistema respiratorio;Mujeres;02 Albacete;92
067 Otras enfermedades del sistema respiratorio;Mujeres;03 Alicante/Alacant;323
067 Otras enfermedades del sistema respiratorio;Mujeres;04 Almería;119
067 Otras enfermedades del sistema respiratorio;Mujeres;01 Araba/Álava;70
067 Otras enfermedades del sistema respiratorio;Mujeres;33 Asturias;367
067 Otras enfermedades del sistema respiratorio;Mujeres;05 Ávila;61
067 Otras enfermedades del sistema respiratorio;Mujeres;06 Badajoz;216
067 Otras enfermedades del sistema respiratorio;Mujeres;07 Balears, Illes;143
067 Otras enfermedades del sistema respiratorio;Mujeres;08 Barcelona;1.027
067 Otras enfermedades del sistema respiratorio;Mujeres;48 Bizkaia;290
067 Otras enfermedades del sistema respiratorio;Mujeres;09 Burgos;108
067 Otras enfermedades del sistema respiratorio;Mujeres;10 Cáceres;143
067 Otras enfermedades del sistema respiratorio;Mujeres;11 Cádiz;211
067 Otras enfermedades del sistema respiratorio;Mujeres;39 Cantabria;130
067 Otras enfermedades del sistema respiratorio;Mujeres;12 Castellón/Castelló;122
067 Otras enfermedades del sistema respiratorio;Mujeres;13 Ciudad Real;183
067 Otras enfermedades del sistema respiratorio;Mujeres;14 Córdoba;227
067 Otras enfermedades del sistema respiratorio;Mujeres;15 Coruña, A;445
067 Otras enfermedades del sistema respiratorio;Mujeres;16 Cuenca;74
067 Otras enfermedades del sistema respiratorio;Mujeres;20 Gipuzkoa;149
067 Otras enfermedades del sistema respiratorio;Mujeres;17 Girona;108
067 Otras enfermedades del sistema respiratorio;Mujeres;18 Granada;194
067 Otras enfermedades del sistema respiratorio;Mujeres;19 Guadalajara;55
067 Otras enfermedades del sistema respiratorio;Mujeres;21 Huelva;82
067 Otras enfermedades del sistema respiratorio;Mujeres;22 Huesca;52
067 Otras enfermedades del sistema respiratorio;Mujeres;23 Jaén;185
067 Otras enfermedades del sistema respiratorio;Mujeres;24 León;194
067 Otras enfermedades del sistema respiratorio;Mujeres;25 Lleida;113
067 Otras enfermedades del sistema respiratorio;Mujeres;27 Lugo;115
067 Otras enfermedades del sistema respiratorio;Mujeres;28 Madrid;1.750
067 Otras enfermedades del sistema respiratorio;Mujeres;29 Málaga;226
067 Otras enfermedades del sistema respiratorio;Mujeres;30 Murcia;280
067 Otras enfermedades del sistema respiratorio;Mujeres;31 Navarra;141
067 Otras enfermedades del sistema respiratorio;Mujeres;32 Ourense;139
067 Otras enfermedades del sistema respiratorio;Mujeres;34 Palencia;68
067 Otras enfermedades del sistema respiratorio;Mujeres;35 Palmas, Las;217
067 Otras enfermedades del sistema respiratorio;Mujeres;36 Pontevedra;290
067 Otras enfermedades del sistema respiratorio;Mujeres;26 Rioja, La;81
067 Otras enfermedades del sistema respiratorio;Mujeres;37 Salamanca;131
067 Otras enfermedades del sistema respiratorio;Mujeres;38 Santa Cruz de Tenerife;281
067 Otras enfermedades del sistema respiratorio;Mujeres;40 Segovia;49
067 Otras enfermedades del sistema respiratorio;Mujeres;41 Sevilla;340
067 Otras enfermedades del sistema respiratorio;Mujeres;42 Soria;36
067 Otras enfermedades del sistema respiratorio;Mujeres;43 Tarragona;140
067 Otras enfermedades del sistema respiratorio;Mujeres;44 Teruel;31
067 Otras enfermedades del sistema respiratorio;Mujeres;45 Toledo;203
067 Otras enfermedades del sistema respiratorio;Mujeres;46 Valencia/València;411
067 Otras enfermedades del sistema respiratorio;Mujeres;47 Valladolid;125
067 Otras enfermedades del sistema respiratorio;Mujeres;49 Zamora;79
067 Otras enfermedades del sistema respiratorio;Mujeres;50 Zaragoza;207
067 Otras enfermedades del sistema respiratorio;Mujeres;51 Ceuta;10
067 Otras enfermedades del sistema respiratorio;Mujeres;52 Melilla;10
067 Otras enfermedades del sistema respiratorio;Mujeres;Extranjero;33
068-072 XI.Enfermedades del sistema digestivo;Hombres;Total;11.446
068-072 XI.Enfermedades del sistema digestivo;Hombres;02 Albacete;108
068-072 XI.Enfermedades del sistema digestivo;Hombres;03 Alicante/Alacant;464
068-072 XI.Enfermedades del sistema digestivo;Hombres;04 Almería;157
068-072 XI.Enfermedades del sistema digestivo;Hombres;01 Araba/Álava;59
068-072 XI.Enfermedades del sistema digestivo;Hombres;33 Asturias;308
068-072 XI.Enfermedades del sistema digestivo;Hombres;05 Ávila;53
068-072 XI.Enfermedades del sistema digestivo;Hombres;06 Badajoz;182
068-072 XI.Enfermedades del sistema digestivo;Hombres;07 Balears, Illes;224
068-072 XI.Enfermedades del sistema digestivo;Hombres;08 Barcelona;1.200
068-072 XI.Enfermedades del sistema digestivo;Hombres;48 Bizkaia;265
068-072 XI.Enfermedades del sistema digestivo;Hombres;09 Burgos;110
068-072 XI.Enfermedades del sistema digestivo;Hombres;10 Cáceres;114
068-072 XI.Enfermedades del sistema digestivo;Hombres;11 Cádiz;327
068-072 XI.Enfermedades del sistema digestivo;Hombres;39 Cantabria;142
068-072 XI.Enfermedades del sistema digestivo;Hombres;12 Castellón/Castelló;132
068-072 XI.Enfermedades del sistema digestivo;Hombres;13 Ciudad Real;167
068-072 XI.Enfermedades del sistema digestivo;Hombres;14 Córdoba;219
068-072 XI.Enfermedades del sistema digestivo;Hombres;15 Coruña, A;301
068-072 XI.Enfermedades del sistema digestivo;Hombres;16 Cuenca;86
068-072 XI.Enfermedades del sistema digestivo;Hombres;20 Gipuzkoa;153
068-072 XI.Enfermedades del sistema digestivo;Hombres;17 Girona;191
068-072 XI.Enfermedades del sistema digestivo;Hombres;18 Granada;218
068-072 XI.Enfermedades del sistema digestivo;Hombres;19 Guadalajara;56
068-072 XI.Enfermedades del sistema digestivo;Hombres;21 Huelva;122
068-072 XI.Enfermedades del sistema digestivo;Hombres;22 Huesca;60
068-072 XI.Enfermedades del sistema digestivo;Hombres;23 Jaén;241
068-072 XI.Enfermedades del sistema digestivo;Hombres;24 León;142
068-072 XI.Enfermedades del sistema digestivo;Hombres;25 Lleida;108
068-072 XI.Enfermedades del sistema digestivo;Hombres;27 Lugo;123
068-072 XI.Enfermedades del sistema digestivo;Hombres;28 Madrid;1.289
068-072 XI.Enfermedades del sistema digestivo;Hombres;29 Málaga;394
068-072 XI.Enfermedades del sistema digestivo;Hombres;30 Murcia;330
068-072 XI.Enfermedades del sistema digestivo;Hombres;31 Navarra;141
068-072 XI.Enfermedades del sistema digestivo;Hombres;32 Ourense;132
068-072 XI.Enfermedades del sistema digestivo;Hombres;34 Palencia;58
068-072 XI.Enfermedades del sistema digestivo;Hombres;35 Palmas, Las;226
068-072 XI.Enfermedades del sistema digestivo;Hombres;36 Pontevedra;242
068-072 XI.Enfermedades del sistema digestivo;Hombres;26 Rioja, La;66
068-072 XI.Enfermedades del sistema digestivo;Hombres;37 Salamanca;105
068-072 XI.Enfermedades del sistema digestivo;Hombres;38 Santa Cruz de Tenerife;224
068-072 XI.Enfermedades del sistema digestivo;Hombres;40 Segovia;57
068-072 XI.Enfermedades del sistema digestivo;Hombres;41 Sevilla;511
068-072 XI.Enfermedades del sistema digestivo;Hombres;42 Soria;25
068-072 XI.Enfermedades del sistema digestivo;Hombres;43 Tarragona;235
068-072 XI.Enfermedades del sistema digestivo;Hombres;44 Teruel;44
068-072 XI.Enfermedades del sistema digestivo;Hombres;45 Toledo;160
068-072 XI.Enfermedades del sistema digestivo;Hombres;46 Valencia/València;596
068-072 XI.Enfermedades del sistema digestivo;Hombres;47 Valladolid;114
068-072 XI.Enfermedades del sistema digestivo;Hombres;49 Zamora;75
068-072 XI.Enfermedades del sistema digestivo;Hombres;50 Zaragoza;266
068-072 XI.Enfermedades del sistema digestivo;Hombres;51 Ceuta;16
068-072 XI.Enfermedades del sistema digestivo;Hombres;52 Melilla;10
068-072 XI.Enfermedades del sistema digestivo;Hombres;Extranjero;98
068-072 XI.Enfermedades del sistema digestivo;Mujeres;Total;10.592
068-072 XI.Enfermedades del sistema digestivo;Mujeres;02 Albacete;116
068-072 XI.Enfermedades del sistema digestivo;Mujeres;03 Alicante/Alacant;364
068-072 XI.Enfermedades del sistema digestivo;Mujeres;04 Almería;125
068-072 XI.Enfermedades del sistema digestivo;Mujeres;01 Araba/Álava;54
068-072 XI.Enfermedades del sistema digestivo;Mujeres;33 Asturias;322
068-072 XI.Enfermedades del sistema digestivo;Mujeres;05 Ávila;45
068-072 XI.Enfermedades del sistema digestivo;Mujeres;06 Badajoz;160
068-072 XI.Enfermedades del sistema digestivo;Mujeres;07 Balears, Illes;174
068-072 XI.Enfermedades del sistema digestivo;Mujeres;08 Barcelona;1.154
068-072 XI.Enfermedades del sistema digestivo;Mujeres;48 Bizkaia;282
068-072 XI.Enfermedades del sistema digestivo;Mujeres;09 Burgos;128
068-072 XI.Enfermedades del sistema digestivo;Mujeres;10 Cáceres;111
068-072 XI.Enfermedades del sistema digestivo;Mujeres;11 Cádiz;264
068-072 XI.Enfermedades del sistema digestivo;Mujeres;39 Cantabria;157
068-072 XI.Enfermedades del sistema digestivo;Mujeres;12 Castellón/Castelló;113
068-072 XI.Enfermedades del sistema digestivo;Mujeres;13 Ciudad Real;148
068-072 XI.Enfermedades del sistema digestivo;Mujeres;14 Córdoba;229
068-072 XI.Enfermedades del sistema digestivo;Mujeres;15 Coruña, A;295
068-072 XI.Enfermedades del sistema digestivo;Mujeres;16 Cuenca;73
068-072 XI.Enfermedades del sistema digestivo;Mujeres;20 Gipuzkoa;138
068-072 XI.Enfermedades del sistema digestivo;Mujeres;17 Girona;131
068-072 XI.Enfermedades del sistema digestivo;Mujeres;18 Granada;232
068-072 XI.Enfermedades del sistema digestivo;Mujeres;19 Guadalajara;57
068-072 XI.Enfermedades del sistema digestivo;Mujeres;21 Huelva;126
068-072 XI.Enfermedades del sistema digestivo;Mujeres;22 Huesca;59
068-072 XI.Enfermedades del sistema digestivo;Mujeres;23 Jaén;197
068-072 XI.Enfermedades del sistema digestivo;Mujeres;24 León;154
068-072 XI.Enfermedades del sistema digestivo;Mujeres;25 Lleida;114
068-072 XI.Enfermedades del sistema digestivo;Mujeres;27 Lugo;115
068-072 XI.Enfermedades del sistema digestivo;Mujeres;28 Madrid;1.315
068-072 XI.Enfermedades del sistema digestivo;Mujeres;29 Málaga;313
068-072 XI.Enfermedades del sistema digestivo;Mujeres;30 Murcia;306
068-072 XI.Enfermedades del sistema digestivo;Mujeres;31 Navarra;139
068-072 XI.Enfermedades del sistema digestivo;Mujeres;32 Ourense;122
068-072 XI.Enfermedades del sistema digestivo;Mujeres;34 Palencia;41
068-072 XI.Enfermedades del sistema digestivo;Mujeres;35 Palmas, Las;157
068-072 XI.Enfermedades del sistema digestivo;Mujeres;36 Pontevedra;232
068-072 XI.Enfermedades del sistema digestivo;Mujeres;26 Rioja, La;82
068-072 XI.Enfermedades del sistema digestivo;Mujeres;37 Salamanca;116
068-072 XI.Enfermedades del sistema digestivo;Mujeres;38 Santa Cruz de Tenerife;174
068-072 XI.Enfermedades del sistema digestivo;Mujeres;40 Segovia;40
068-072 XI.Enfermedades del sistema digestivo;Mujeres;41 Sevilla;407
068-072 XI.Enfermedades del sistema digestivo;Mujeres;42 Soria;32
068-072 XI.Enfermedades del sistema digestivo;Mujeres;43 Tarragona;172
068-072 XI.Enfermedades del sistema digestivo;Mujeres;44 Teruel;48
068-072 XI.Enfermedades del sistema digestivo;Mujeres;45 Toledo;176
068-072 XI.Enfermedades del sistema digestivo;Mujeres;46 Valencia/València;483
068-072 XI.Enfermedades del sistema digestivo;Mujeres;47 Valladolid;126
068-072 XI.Enfermedades del sistema digestivo;Mujeres;49 Zamora;89
068-072 XI.Enfermedades del sistema digestivo;Mujeres;50 Zaragoza;285
068-072 XI.Enfermedades del sistema digestivo;Mujeres;51 Ceuta;17
068-072 XI.Enfermedades del sistema digestivo;Mujeres;52 Melilla;13
068-072 XI.Enfermedades del sistema digestivo;Mujeres;Extranjero;70
068 Úlcera de estómago, duodeno y yeyuno;Hombres;Total;287
068 Úlcera de estómago, duodeno y yeyuno;Hombres;02 Albacete;5
068 Úlcera de estómago, duodeno y yeyuno;Hombres;03 Alicante/Alacant;14
068 Úlcera de estómago, duodeno y yeyuno;Hombres;04 Almería;4
068 Úlcera de estómago, duodeno y yeyuno;Hombres;01 Araba/Álava;1
068 Úlcera de estómago, duodeno y yeyuno;Hombres;33 Asturias;3
068 Úlcera de estómago, duodeno y yeyuno;Hombres;05 Ávila;1
068 Úlcera de estómago, duodeno y yeyuno;Hombres;06 Badajoz;4
068 Úlcera de estómago, duodeno y yeyuno;Hombres;07 Balears, Illes;3
068 Úlcera de estómago, duodeno y yeyuno;Hombres;08 Barcelona;38
068 Úlcera de estómago, duodeno y yeyuno;Hombres;48 Bizkaia;7
068 Úlcera de estómago, duodeno y yeyuno;Hombres;09 Burgos;1
068 Úlcera de estómago, duodeno y yeyuno;Hombres;10 Cáceres;5
068 Úlcera de estómago, duodeno y yeyuno;Hombres;11 Cádiz;20
068 Úlcera de estómago, duodeno y yeyuno;Hombres;39 Cantabria;5
068 Úlcera de estómago, duodeno y yeyuno;Hombres;12 Castellón/Castelló;5
068 Úlcera de estómago, duodeno y yeyuno;Hombres;13 Ciudad Real;5
068 Úlcera de estómago, duodeno y yeyuno;Hombres;14 Córdoba;0
068 Úlcera de estómago, duodeno y yeyuno;Hombres;15 Coruña, A;5
068 Úlcera de estómago, duodeno y yeyuno;Hombres;16 Cuenca;2
068 Úlcera de estómago, duodeno y yeyuno;Hombres;20 Gipuzkoa;5
068 Úlcera de estómago, duodeno y yeyuno;Hombres;17 Girona;3
068 Úlcera de estómago, duodeno y yeyuno;Hombres;18 Granada;8
068 Úlcera de estómago, duodeno y yeyuno;Hombres;19 Guadalajara;0
068 Úlcera de estómago, duodeno y yeyuno;Hombres;21 Huelva;3
068 Úlcera de estómago, duodeno y yeyuno;Hombres;22 Huesca;2
068 Úlcera de estómago, duodeno y yeyuno;Hombres;23 Jaén;3
068 Úlcera de estómago, duodeno y yeyuno;Hombres;24 León;1
068 Úlcera de estómago, duodeno y yeyuno;Hombres;25 Lleida;1
068 Úlcera de estómago, duodeno y yeyuno;Hombres;27 Lugo;2
068 Úlcera de estómago, duodeno y yeyuno;Hombres;28 Madrid;30
068 Úlcera de estómago, duodeno y yeyuno;Hombres;29 Málaga;13
068 Úlcera de estómago, duodeno y yeyuno;Hombres;30 Murcia;12
068 Úlcera de estómago, duodeno y yeyuno;Hombres;31 Navarra;3
068 Úlcera de estómago, duodeno y yeyuno;Hombres;32 Ourense;2
068 Úlcera de estómago, duodeno y yeyuno;Hombres;34 Palencia;1
068 Úlcera de estómago, duodeno y yeyuno;Hombres;35 Palmas, Las;4
068 Úlcera de estómago, duodeno y yeyuno;Hombres;36 Pontevedra;0
068 Úlcera de estómago, duodeno y yeyuno;Hombres;26 Rioja, La;1
068 Úlcera de estómago, duodeno y yeyuno;Hombres;37 Salamanca;2
068 Úlcera de estómago, duodeno y yeyuno;Hombres;38 Santa Cruz de Tenerife;3
068 Úlcera de estómago, duodeno y yeyuno;Hombres;40 Segovia;1
068 Úlcera de estómago, duodeno y yeyuno;Hombres;41 Sevilla;7
068 Úlcera de estómago, duodeno y yeyuno;Hombres;42 Soria;2
068 Úlcera de estómago, duodeno y yeyuno;Hombres;43 Tarragona;5
068 Úlcera de estómago, duodeno y yeyuno;Hombres;44 Teruel;2
068 Úlcera de estómago, duodeno y yeyuno;Hombres;45 Toledo;4
068 Úlcera de estómago, duodeno y yeyuno;Hombres;46 Valencia/València;21
068 Úlcera de estómago, duodeno y yeyuno;Hombres;47 Valladolid;1
068 Úlcera de estómago, duodeno y yeyuno;Hombres;49 Zamora;2
068 Úlcera de estómago, duodeno y yeyuno;Hombres;50 Zaragoza;11
068 Úlcera de estómago, duodeno y yeyuno;Hombres;51 Ceuta;0
068 Úlcera de estómago, duodeno y yeyuno;Hombres;52 Melilla;0
068 Úlcera de estómago, duodeno y yeyuno;Hombres;Extranjero;4
068 Úlcera de estómago, duodeno y yeyuno;Mujeres;Total;225
068 Úlcera de estómago, duodeno y yeyuno;Mujeres;02 Albacete;5
068 Úlcera de estómago, duodeno y yeyuno;Mujeres;03 Alicante/Alacant;5
068 Úlcera de estómago, duodeno y yeyuno;Mujeres;04 Almería;1
068 Úlcera de estómago, duodeno y yeyuno;Mujeres;01 Araba/Álava;1
068 Úlcera de estómago, duodeno y yeyuno;Mujeres;33 Asturias;11
068 Úlcera de estómago, duodeno y yeyuno;Mujeres;05 Ávila;2
068 Úlcera de estómago, duodeno y yeyuno;Mujeres;06 Badajoz;3
068 Úlcera de estómago, duodeno y yeyuno;Mujeres;07 Balears, Illes;5
068 Úlcera de estómago, duodeno y yeyuno;Mujeres;08 Barcelona;26
068 Úlcera de estómago, duodeno y yeyuno;Mujeres;48 Bizkaia;7
068 Úlcera de estómago, duodeno y yeyuno;Mujeres;09 Burgos;2
068 Úlcera de estómago, duodeno y yeyuno;Mujeres;10 Cáceres;1
068 Úlcera de estómago, duodeno y yeyuno;Mujeres;11 Cádiz;6
068 Úlcera de estómago, duodeno y yeyuno;Mujeres;39 Cantabria;0
068 Úlcera de estómago, duodeno y yeyuno;Mujeres;12 Castellón/Castelló;5
068 Úlcera de estómago, duodeno y yeyuno;Mujeres;13 Ciudad Real;2
068 Úlcera de estómago, duodeno y yeyuno;Mujeres;14 Córdoba;3
068 Úlcera de estómago, duodeno y yeyuno;Mujeres;15 Coruña, A;4
068 Úlcera de estómago, duodeno y yeyuno;Mujeres;16 Cuenca;2
068 Úlcera de estómago, duodeno y yeyuno;Mujeres;20 Gipuzkoa;3
068 Úlcera de estómago, duodeno y yeyuno;Mujeres;17 Girona;4
068 Úlcera de estómago, duodeno y yeyuno;Mujeres;18 Granada;6
068 Úlcera de estómago, duodeno y yeyuno;Mujeres;19 Guadalajara;0
068 Úlcera de estómago, duodeno y yeyuno;Mujeres;21 Huelva;0
068 Úlcera de estómago, duodeno y yeyuno;Mujeres;22 Huesca;0
068 Úlcera de estómago, duodeno y yeyuno;Mujeres;23 Jaén;1
068 Úlcera de estómago, duodeno y yeyuno;Mujeres;24 León;5
068 Úlcera de estómago, duodeno y yeyuno;Mujeres;25 Lleida;3
068 Úlcera de estómago, duodeno y yeyuno;Mujeres;27 Lugo;0
068 Úlcera de estómago, duodeno y yeyuno;Mujeres;28 Madrid;26
068 Úlcera de estómago, duodeno y yeyuno;Mujeres;29 Málaga;13
068 Úlcera de estómago, duodeno y yeyuno;Mujeres;30 Murcia;5
068 Úlcera de estómago, duodeno y yeyuno;Mujeres;31 Navarra;6
068 Úlcera de estómago, duodeno y yeyuno;Mujeres;32 Ourense;1
068 Úlcera de estómago, duodeno y yeyuno;Mujeres;34 Palencia;1
068 Úlcera de estómago, duodeno y yeyuno;Mujeres;35 Palmas, Las;5
068 Úlcera de estómago, duodeno y yeyuno;Mujeres;36 Pontevedra;1
068 Úlcera de estómago, duodeno y yeyuno;Mujeres;26 Rioja, La;4
068 Úlcera de estómago, duodeno y yeyuno;Mujeres;37 Salamanca;0
068 Úlcera de estómago, duodeno y yeyuno;Mujeres;38 Santa Cruz de Tenerife;6
068 Úlcera de estómago, duodeno y yeyuno;Mujeres;40 Segovia;1
068 Úlcera de estómago, duodeno y yeyuno;Mujeres;41 Sevilla;3
068 Úlcera de estómago, duodeno y yeyuno;Mujeres;42 Soria;0
068 Úlcera de estómago, duodeno y yeyuno;Mujeres;43 Tarragona;3
068 Úlcera de estómago, duodeno y yeyuno;Mujeres;44 Teruel;1
068 Úlcera de estómago, duodeno y yeyuno;Mujeres;45 Toledo;4
068 Úlcera de estómago, duodeno y yeyuno;Mujeres;46 Valencia/València;17
068 Úlcera de estómago, duodeno y yeyuno;Mujeres;47 Valladolid;5
068 Úlcera de estómago, duodeno y yeyuno;Mujeres;49 Zamora;0
068 Úlcera de estómago, duodeno y yeyuno;Mujeres;50 Zaragoza;8
068 Úlcera de estómago, duodeno y yeyuno;Mujeres;51 Ceuta;0
068 Úlcera de estómago, duodeno y yeyuno;Mujeres;52 Melilla;0
068 Úlcera de estómago, duodeno y yeyuno;Mujeres;Extranjero;2
069 Enteritis y colitis no infecciosas;Hombres;Total;117
069 Enteritis y colitis no infecciosas;Hombres;02 Albacete;2
069 Enteritis y colitis no infecciosas;Hombres;03 Alicante/Alacant;8
069 Enteritis y colitis no infecciosas;Hombres;04 Almería;1
069 Enteritis y colitis no infecciosas;Hombres;01 Araba/Álava;1
069 Enteritis y colitis no infecciosas;Hombres;33 Asturias;2
069 Enteritis y colitis no infecciosas;Hombres;05 Ávila;0
069 Enteritis y colitis no infecciosas;Hombres;06 Badajoz;1
069 Enteritis y colitis no infecciosas;Hombres;07 Balears, Illes;2
069 Enteritis y colitis no infecciosas;Hombres;08 Barcelona;21
069 Enteritis y colitis no infecciosas;Hombres;48 Bizkaia;5
069 Enteritis y colitis no infecciosas;Hombres;09 Burgos;1
069 Enteritis y colitis no infecciosas;Hombres;10 Cáceres;0
069 Enteritis y colitis no infecciosas;Hombres;11 Cádiz;3
069 Enteritis y colitis no infecciosas;Hombres;39 Cantabria;0
069 Enteritis y colitis no infecciosas;Hombres;12 Castellón/Castelló;3
069 Enteritis y colitis no infecciosas;Hombres;13 Ciudad Real;3
069 Enteritis y colitis no infecciosas;Hombres;14 Córdoba;2
069 Enteritis y colitis no infecciosas;Hombres;15 Coruña, A;1
069 Enteritis y colitis no infecciosas;Hombres;16 Cuenca;0
069 Enteritis y colitis no infecciosas;Hombres;20 Gipuzkoa;1
069 Enteritis y colitis no infecciosas;Hombres;17 Girona;0
069 Enteritis y colitis no infecciosas;Hombres;18 Granada;3
069 Enteritis y colitis no infecciosas;Hombres;19 Guadalajara;0
069 Enteritis y colitis no infecciosas;Hombres;21 Huelva;1
069 Enteritis y colitis no infecciosas;Hombres;22 Huesca;0
069 Enteritis y colitis no infecciosas;Hombres;23 Jaén;1
069 Enteritis y colitis no infecciosas;Hombres;24 León;3
069 Enteritis y colitis no infecciosas;Hombres;25 Lleida;1
069 Enteritis y colitis no infecciosas;Hombres;27 Lugo;2
069 Enteritis y colitis no infecciosas;Hombres;28 Madrid;10
069 Enteritis y colitis no infecciosas;Hombres;29 Málaga;4
069 Enteritis y colitis no infecciosas;Hombres;30 Murcia;3
069 Enteritis y colitis no infecciosas;Hombres;31 Navarra;2
069 Enteritis y colitis no infecciosas;Hombres;32 Ourense;1
069 Enteritis y colitis no infecciosas;Hombres;34 Palencia;0
069 Enteritis y colitis no infecciosas;Hombres;35 Palmas, Las;3
069 Enteritis y colitis no infecciosas;Hombres;36 Pontevedra;3
069 Enteritis y colitis no infecciosas;Hombres;26 Rioja, La;0
069 Enteritis y colitis no infecciosas;Hombres;37 Salamanca;0
069 Enteritis y colitis no infecciosas;Hombres;38 Santa Cruz de Tenerife;1
069 Enteritis y colitis no infecciosas;Hombres;40 Segovia;2
069 Enteritis y colitis no infecciosas;Hombres;41 Sevilla;5
069 Enteritis y colitis no infecciosas;Hombres;42 Soria;1
069 Enteritis y colitis no infecciosas;Hombres;43 Tarragona;2
069 Enteritis y colitis no infecciosas;Hombres;44 Teruel;0
069 Enteritis y colitis no infecciosas;Hombres;45 Toledo;0
069 Enteritis y colitis no infecciosas;Hombres;46 Valencia/València;6
069 Enteritis y colitis no infecciosas;Hombres;47 Valladolid;4
069 Enteritis y colitis no infecciosas;Hombres;49 Zamora;1
069 Enteritis y colitis no infecciosas;Hombres;50 Zaragoza;0
069 Enteritis y colitis no infecciosas;Hombres;51 Ceuta;0
069 Enteritis y colitis no infecciosas;Hombres;52 Melilla;0
069 Enteritis y colitis no infecciosas;Hombres;Extranjero;1
069 Enteritis y colitis no infecciosas;Mujeres;Total;152
069 Enteritis y colitis no infecciosas;Mujeres;02 Albacete;3
069 Enteritis y colitis no infecciosas;Mujeres;03 Alicante/Alacant;6
069 Enteritis y colitis no infecciosas;Mujeres;04 Almería;2
069 Enteritis y colitis no infecciosas;Mujeres;01 Araba/Álava;2
069 Enteritis y colitis no infecciosas;Mujeres;33 Asturias;6
069 Enteritis y colitis no infecciosas;Mujeres;05 Ávila;1
069 Enteritis y colitis no infecciosas;Mujeres;06 Badajoz;2
069 Enteritis y colitis no infecciosas;Mujeres;07 Balears, Illes;2
069 Enteritis y colitis no infecciosas;Mujeres;08 Barcelona;27
069 Enteritis y colitis no infecciosas;Mujeres;48 Bizkaia;7
069 Enteritis y colitis no infecciosas;Mujeres;09 Burgos;4
069 Enteritis y colitis no infecciosas;Mujeres;10 Cáceres;1
069 Enteritis y colitis no infecciosas;Mujeres;11 Cádiz;7
069 Enteritis y colitis no infecciosas;Mujeres;39 Cantabria;2
069 Enteritis y colitis no infecciosas;Mujeres;12 Castellón/Castelló;2
069 Enteritis y colitis no infecciosas;Mujeres;13 Ciudad Real;1
069 Enteritis y colitis no infecciosas;Mujeres;14 Córdoba;4
069 Enteritis y colitis no infecciosas;Mujeres;15 Coruña, A;4
069 Enteritis y colitis no infecciosas;Mujeres;16 Cuenca;0
069 Enteritis y colitis no infecciosas;Mujeres;20 Gipuzkoa;4
069 Enteritis y colitis no infecciosas;Mujeres;17 Girona;3
069 Enteritis y colitis no infecciosas;Mujeres;18 Granada;0
069 Enteritis y colitis no infecciosas;Mujeres;19 Guadalajara;2
069 Enteritis y colitis no infecciosas;Mujeres;21 Huelva;1
069 Enteritis y colitis no infecciosas;Mujeres;22 Huesca;0
069 Enteritis y colitis no infecciosas;Mujeres;23 Jaén;0
069 Enteritis y colitis no infecciosas;Mujeres;24 León;3
069 Enteritis y colitis no infecciosas;Mujeres;25 Lleida;3
069 Enteritis y colitis no infecciosas;Mujeres;27 Lugo;1
069 Enteritis y colitis no infecciosas;Mujeres;28 Madrid;8
069 Enteritis y colitis no infecciosas;Mujeres;29 Málaga;3
069 Enteritis y colitis no infecciosas;Mujeres;30 Murcia;5
069 Enteritis y colitis no infecciosas;Mujeres;31 Navarra;2
069 Enteritis y colitis no infecciosas;Mujeres;32 Ourense;2
069 Enteritis y colitis no infecciosas;Mujeres;34 Palencia;0
069 Enteritis y colitis no infecciosas;Mujeres;35 Palmas, Las;2
069 Enteritis y colitis no infecciosas;Mujeres;36 Pontevedra;3
069 Enteritis y colitis no infecciosas;Mujeres;26 Rioja, La;1
069 Enteritis y colitis no infecciosas;Mujeres;37 Salamanca;1
069 Enteritis y colitis no infecciosas;Mujeres;38 Santa Cruz de Tenerife;3
069 Enteritis y colitis no infecciosas;Mujeres;40 Segovia;0
069 Enteritis y colitis no infecciosas;Mujeres;41 Sevilla;7
069 Enteritis y colitis no infecciosas;Mujeres;42 Soria;1
069 Enteritis y colitis no infecciosas;Mujeres;43 Tarragona;2
069 Enteritis y colitis no infecciosas;Mujeres;44 Teruel;0
069 Enteritis y colitis no infecciosas;Mujeres;45 Toledo;1
069 Enteritis y colitis no infecciosas;Mujeres;46 Valencia/València;4
069 Enteritis y colitis no infecciosas;Mujeres;47 Valladolid;1
069 Enteritis y colitis no infecciosas;Mujeres;49 Zamora;1
069 Enteritis y colitis no infecciosas;Mujeres;50 Zaragoza;5
069 Enteritis y colitis no infecciosas;Mujeres;51 Ceuta;0
069 Enteritis y colitis no infecciosas;Mujeres;52 Melilla;0
069 Enteritis y colitis no infecciosas;Mujeres;Extranjero;0
070 Enfermedad vascular intestinal;Hombres;Total;1.195
070 Enfermedad vascular intestinal;Hombres;02 Albacete;12
070 Enfermedad vascular intestinal;Hombres;03 Alicante/Alacant;27
070 Enfermedad vascular intestinal;Hombres;04 Almería;12
070 Enfermedad vascular intestinal;Hombres;01 Araba/Álava;6
070 Enfermedad vascular intestinal;Hombres;33 Asturias;43
070 Enfermedad vascular intestinal;Hombres;05 Ávila;6
070 Enfermedad vascular intestinal;Hombres;06 Badajoz;21
070 Enfermedad vascular intestinal;Hombres;07 Balears, Illes;19
070 Enfermedad vascular intestinal;Hombres;08 Barcelona;142
070 Enfermedad vascular intestinal;Hombres;48 Bizkaia;26
070 Enfermedad vascular intestinal;Hombres;09 Burgos;6
070 Enfermedad vascular intestinal;Hombres;10 Cáceres;12
070 Enfermedad vascular intestinal;Hombres;11 Cádiz;32
070 Enfermedad vascular intestinal;Hombres;39 Cantabria;16
070 Enfermedad vascular intestinal;Hombres;12 Castellón/Castelló;15
070 Enfermedad vascular intestinal;Hombres;13 Ciudad Real;18
070 Enfermedad vascular intestinal;Hombres;14 Córdoba;34
070 Enfermedad vascular intestinal;Hombres;15 Coruña, A;56
070 Enfermedad vascular intestinal;Hombres;16 Cuenca;6
070 Enfermedad vascular intestinal;Hombres;20 Gipuzkoa;13
070 Enfermedad vascular intestinal;Hombres;17 Girona;29
070 Enfermedad vascular intestinal;Hombres;18 Granada;20
070 Enfermedad vascular intestinal;Hombres;19 Guadalajara;8
070 Enfermedad vascular intestinal;Hombres;21 Huelva;10
070 Enfermedad vascular intestinal;Hombres;22 Huesca;12
070 Enfermedad vascular intestinal;Hombres;23 Jaén;23
070 Enfermedad vascular intestinal;Hombres;24 León;21
070 Enfermedad vascular intestinal;Hombres;25 Lleida;7
070 Enfermedad vascular intestinal;Hombres;27 Lugo;14
070 Enfermedad vascular intestinal;Hombres;28 Madrid;126
070 Enfermedad vascular intestinal;Hombres;29 Málaga;30
070 Enfermedad vascular intestinal;Hombres;30 Murcia;31
070 Enfermedad vascular intestinal;Hombres;31 Navarra;23
070 Enfermedad vascular intestinal;Hombres;32 Ourense;10
070 Enfermedad vascular intestinal;Hombres;34 Palencia;4
070 Enfermedad vascular intestinal;Hombres;35 Palmas, Las;30
070 Enfermedad vascular intestinal;Hombres;36 Pontevedra;21
070 Enfermedad vascular intestinal;Hombres;26 Rioja, La;7
070 Enfermedad vascular intestinal;Hombres;37 Salamanca;13
070 Enfermedad vascular intestinal;Hombres;38 Santa Cruz de Tenerife;24
070 Enfermedad vascular intestinal;Hombres;40 Segovia;11
070 Enfermedad vascular intestinal;Hombres;41 Sevilla;52
070 Enfermedad vascular intestinal;Hombres;42 Soria;1
070 Enfermedad vascular intestinal;Hombres;43 Tarragona;18
070 Enfermedad vascular intestinal;Hombres;44 Teruel;7
070 Enfermedad vascular intestinal;Hombres;45 Toledo;15
070 Enfermedad vascular intestinal;Hombres;46 Valencia/València;54
070 Enfermedad vascular intestinal;Hombres;47 Valladolid;15
070 Enfermedad vascular intestinal;Hombres;49 Zamora;9
070 Enfermedad vascular intestinal;Hombres;50 Zaragoza;20
070 Enfermedad vascular intestinal;Hombres;51 Ceuta;0
070 Enfermedad vascular intestinal;Hombres;52 Melilla;2
070 Enfermedad vascular intestinal;Hombres;Extranjero;6
070 Enfermedad vascular intestinal;Mujeres;Total;1.584
070 Enfermedad vascular intestinal;Mujeres;02 Albacete;13
070 Enfermedad vascular intestinal;Mujeres;03 Alicante/Alacant;52
070 Enfermedad vascular intestinal;Mujeres;04 Almería;8
070 Enfermedad vascular intestinal;Mujeres;01 Araba/Álava;2
070 Enfermedad vascular intestinal;Mujeres;33 Asturias;60
070 Enfermedad vascular intestinal;Mujeres;05 Ávila;6
070 Enfermedad vascular intestinal;Mujeres;06 Badajoz;25
070 Enfermedad vascular intestinal;Mujeres;07 Balears, Illes;21
070 Enfermedad vascular intestinal;Mujeres;08 Barcelona;175
070 Enfermedad vascular intestinal;Mujeres;48 Bizkaia;49
070 Enfermedad vascular intestinal;Mujeres;09 Burgos;13
070 Enfermedad vascular intestinal;Mujeres;10 Cáceres;20
070 Enfermedad vascular intestinal;Mujeres;11 Cádiz;37
070 Enfermedad vascular intestinal;Mujeres;39 Cantabria;25
070 Enfermedad vascular intestinal;Mujeres;12 Castellón/Castelló;13
070 Enfermedad vascular intestinal;Mujeres;13 Ciudad Real;21
070 Enfermedad vascular intestinal;Mujeres;14 Córdoba;49
070 Enfermedad vascular intestinal;Mujeres;15 Coruña, A;44
070 Enfermedad vascular intestinal;Mujeres;16 Cuenca;11
070 Enfermedad vascular intestinal;Mujeres;20 Gipuzkoa;15
070 Enfermedad vascular intestinal;Mujeres;17 Girona;17
070 Enfermedad vascular intestinal;Mujeres;18 Granada;26
070 Enfermedad vascular intestinal;Mujeres;19 Guadalajara;12
070 Enfermedad vascular intestinal;Mujeres;21 Huelva;23
070 Enfermedad vascular intestinal;Mujeres;22 Huesca;14
070 Enfermedad vascular intestinal;Mujeres;23 Jaén;18
070 Enfermedad vascular intestinal;Mujeres;24 León;24
070 Enfermedad vascular intestinal;Mujeres;25 Lleida;16
070 Enfermedad vascular intestinal;Mujeres;27 Lugo;18
070 Enfermedad vascular intestinal;Mujeres;28 Madrid;193
070 Enfermedad vascular intestinal;Mujeres;29 Málaga;38
070 Enfermedad vascular intestinal;Mujeres;30 Murcia;45
070 Enfermedad vascular intestinal;Mujeres;31 Navarra;27
070 Enfermedad vascular intestinal;Mujeres;32 Ourense;22
070 Enfermedad vascular intestinal;Mujeres;34 Palencia;3
070 Enfermedad vascular intestinal;Mujeres;35 Palmas, Las;28
070 Enfermedad vascular intestinal;Mujeres;36 Pontevedra;45
070 Enfermedad vascular intestinal;Mujeres;26 Rioja, La;6
070 Enfermedad vascular intestinal;Mujeres;37 Salamanca;12
070 Enfermedad vascular intestinal;Mujeres;38 Santa Cruz de Tenerife;31
070 Enfermedad vascular intestinal;Mujeres;40 Segovia;8
070 Enfermedad vascular intestinal;Mujeres;41 Sevilla;64
070 Enfermedad vascular intestinal;Mujeres;42 Soria;3
070 Enfermedad vascular intestinal;Mujeres;43 Tarragona;22
070 Enfermedad vascular intestinal;Mujeres;44 Teruel;11
070 Enfermedad vascular intestinal;Mujeres;45 Toledo;23
070 Enfermedad vascular intestinal;Mujeres;46 Valencia/València;82
070 Enfermedad vascular intestinal;Mujeres;47 Valladolid;17
070 Enfermedad vascular intestinal;Mujeres;49 Zamora;9
070 Enfermedad vascular intestinal;Mujeres;50 Zaragoza;51
070 Enfermedad vascular intestinal;Mujeres;51 Ceuta;4
070 Enfermedad vascular intestinal;Mujeres;52 Melilla;1
070 Enfermedad vascular intestinal;Mujeres;Extranjero;12
071 Cirrosis y otras enfermedades crónicas del hígado;Hombres;Total;3.269
071 Cirrosis y otras enfermedades crónicas del hígado;Hombres;02 Albacete;29
071 Cirrosis y otras enfermedades crónicas del hígado;Hombres;03 Alicante/Alacant;175
071 Cirrosis y otras enfermedades crónicas del hígado;Hombres;04 Almería;50
071 Cirrosis y otras enfermedades crónicas del hígado;Hombres;01 Araba/Álava;17
071 Cirrosis y otras enfermedades crónicas del hígado;Hombres;33 Asturias;106
071 Cirrosis y otras enfermedades crónicas del hígado;Hombres;05 Ávila;13
071 Cirrosis y otras enfermedades crónicas del hígado;Hombres;06 Badajoz;44
071 Cirrosis y otras enfermedades crónicas del hígado;Hombres;07 Balears, Illes;78
071 Cirrosis y otras enfermedades crónicas del hígado;Hombres;08 Barcelona;341
071 Cirrosis y otras enfermedades crónicas del hígado;Hombres;48 Bizkaia;68
071 Cirrosis y otras enfermedades crónicas del hígado;Hombres;09 Burgos;35
071 Cirrosis y otras enfermedades crónicas del hígado;Hombres;10 Cáceres;19
071 Cirrosis y otras enfermedades crónicas del hígado;Hombres;11 Cádiz;103
071 Cirrosis y otras enfermedades crónicas del hígado;Hombres;39 Cantabria;51
071 Cirrosis y otras enfermedades crónicas del hígado;Hombres;12 Castellón/Castelló;32
071 Cirrosis y otras enfermedades crónicas del hígado;Hombres;13 Ciudad Real;34
071 Cirrosis y otras enfermedades crónicas del hígado;Hombres;14 Córdoba;64
071 Cirrosis y otras enfermedades crónicas del hígado;Hombres;15 Coruña, A;83
071 Cirrosis y otras enfermedades crónicas del hígado;Hombres;16 Cuenca;26
071 Cirrosis y otras enfermedades crónicas del hígado;Hombres;20 Gipuzkoa;48
071 Cirrosis y otras enfermedades crónicas del hígado;Hombres;17 Girona;66
071 Cirrosis y otras enfermedades crónicas del hígado;Hombres;18 Granada;64
071 Cirrosis y otras enfermedades crónicas del hígado;Hombres;19 Guadalajara;13
071 Cirrosis y otras enfermedades crónicas del hígado;Hombres;21 Huelva;32
071 Cirrosis y otras enfermedades crónicas del hígado;Hombres;22 Huesca;11
071 Cirrosis y otras enfermedades crónicas del hígado;Hombres;23 Jaén;82
071 Cirrosis y otras enfermedades crónicas del hígado;Hombres;24 León;22
071 Cirrosis y otras enfermedades crónicas del hígado;Hombres;25 Lleida;24
071 Cirrosis y otras enfermedades crónicas del hígado;Hombres;27 Lugo;37
071 Cirrosis y otras enfermedades crónicas del hígado;Hombres;28 Madrid;313
071 Cirrosis y otras enfermedades crónicas del hígado;Hombres;29 Málaga;127
071 Cirrosis y otras enfermedades crónicas del hígado;Hombres;30 Murcia;101
071 Cirrosis y otras enfermedades crónicas del hígado;Hombres;31 Navarra;36
071 Cirrosis y otras enfermedades crónicas del hígado;Hombres;32 Ourense;35
071 Cirrosis y otras enfermedades crónicas del hígado;Hombres;34 Palencia;11
071 Cirrosis y otras enfermedades crónicas del hígado;Hombres;35 Palmas, Las;65
071 Cirrosis y otras enfermedades crónicas del hígado;Hombres;36 Pontevedra;80
071 Cirrosis y otras enfermedades crónicas del hígado;Hombres;26 Rioja, La;15
071 Cirrosis y otras enfermedades crónicas del hígado;Hombres;37 Salamanca;22
071 Cirrosis y otras enfermedades crónicas del hígado;Hombres;38 Santa Cruz de Tenerife;78
071 Cirrosis y otras enfermedades crónicas del hígado;Hombres;40 Segovia;10
071 Cirrosis y otras enfermedades crónicas del hígado;Hombres;41 Sevilla;164
071 Cirrosis y otras enfermedades crónicas del hígado;Hombres;42 Soria;2
071 Cirrosis y otras enfermedades crónicas del hígado;Hombres;43 Tarragona;72
071 Cirrosis y otras enfermedades crónicas del hígado;Hombres;44 Teruel;10
071 Cirrosis y otras enfermedades crónicas del hígado;Hombres;45 Toledo;40
071 Cirrosis y otras enfermedades crónicas del hígado;Hombres;46 Valencia/València;163
071 Cirrosis y otras enfermedades crónicas del hígado;Hombres;47 Valladolid;20
071 Cirrosis y otras enfermedades crónicas del hígado;Hombres;49 Zamora;18
071 Cirrosis y otras enfermedades crónicas del hígado;Hombres;50 Zaragoza;82
071 Cirrosis y otras enfermedades crónicas del hígado;Hombres;51 Ceuta;5
071 Cirrosis y otras enfermedades crónicas del hígado;Hombres;52 Melilla;2
071 Cirrosis y otras enfermedades crónicas del hígado;Hombres;Extranjero;31
071 Cirrosis y otras enfermedades crónicas del hígado;Mujeres;Total;1.195
071 Cirrosis y otras enfermedades crónicas del hígado;Mujeres;02 Albacete;9
071 Cirrosis y otras enfermedades crónicas del hígado;Mujeres;03 Alicante/Alacant;54
071 Cirrosis y otras enfermedades crónicas del hígado;Mujeres;04 Almería;20
071 Cirrosis y otras enfermedades crónicas del hígado;Mujeres;01 Araba/Álava;7
071 Cirrosis y otras enfermedades crónicas del hígado;Mujeres;33 Asturias;32
071 Cirrosis y otras enfermedades crónicas del hígado;Mujeres;05 Ávila;1
071 Cirrosis y otras enfermedades crónicas del hígado;Mujeres;06 Badajoz;11
071 Cirrosis y otras enfermedades crónicas del hígado;Mujeres;07 Balears, Illes;33
071 Cirrosis y otras enfermedades crónicas del hígado;Mujeres;08 Barcelona;156
071 Cirrosis y otras enfermedades crónicas del hígado;Mujeres;48 Bizkaia;34
071 Cirrosis y otras enfermedades crónicas del hígado;Mujeres;09 Burgos;14
071 Cirrosis y otras enfermedades crónicas del hígado;Mujeres;10 Cáceres;7
071 Cirrosis y otras enfermedades crónicas del hígado;Mujeres;11 Cádiz;30
071 Cirrosis y otras enfermedades crónicas del hígado;Mujeres;39 Cantabria;20
071 Cirrosis y otras enfermedades crónicas del hígado;Mujeres;12 Castellón/Castelló;15
071 Cirrosis y otras enfermedades crónicas del hígado;Mujeres;13 Ciudad Real;11
071 Cirrosis y otras enfermedades crónicas del hígado;Mujeres;14 Córdoba;28
071 Cirrosis y otras enfermedades crónicas del hígado;Mujeres;15 Coruña, A;48
071 Cirrosis y otras enfermedades crónicas del hígado;Mujeres;16 Cuenca;3
071 Cirrosis y otras enfermedades crónicas del hígado;Mujeres;20 Gipuzkoa;12
071 Cirrosis y otras enfermedades crónicas del hígado;Mujeres;17 Girona;17
071 Cirrosis y otras enfermedades crónicas del hígado;Mujeres;18 Granada;24
071 Cirrosis y otras enfermedades crónicas del hígado;Mujeres;19 Guadalajara;6
071 Cirrosis y otras enfermedades crónicas del hígado;Mujeres;21 Huelva;5
071 Cirrosis y otras enfermedades crónicas del hígado;Mujeres;22 Huesca;5
071 Cirrosis y otras enfermedades crónicas del hígado;Mujeres;23 Jaén;28
071 Cirrosis y otras enfermedades crónicas del hígado;Mujeres;24 León;12
071 Cirrosis y otras enfermedades crónicas del hígado;Mujeres;25 Lleida;15
071 Cirrosis y otras enfermedades crónicas del hígado;Mujeres;27 Lugo;11
071 Cirrosis y otras enfermedades crónicas del hígado;Mujeres;28 Madrid;126
071 Cirrosis y otras enfermedades crónicas del hígado;Mujeres;29 Málaga;40
071 Cirrosis y otras enfermedades crónicas del hígado;Mujeres;30 Murcia;42
071 Cirrosis y otras enfermedades crónicas del hígado;Mujeres;31 Navarra;13
071 Cirrosis y otras enfermedades crónicas del hígado;Mujeres;32 Ourense;9
071 Cirrosis y otras enfermedades crónicas del hígado;Mujeres;34 Palencia;2
071 Cirrosis y otras enfermedades crónicas del hígado;Mujeres;35 Palmas, Las;23
071 Cirrosis y otras enfermedades crónicas del hígado;Mujeres;36 Pontevedra;35
071 Cirrosis y otras enfermedades crónicas del hígado;Mujeres;26 Rioja, La;9
071 Cirrosis y otras enfermedades crónicas del hígado;Mujeres;37 Salamanca;7
071 Cirrosis y otras enfermedades crónicas del hígado;Mujeres;38 Santa Cruz de Tenerife;18
071 Cirrosis y otras enfermedades crónicas del hígado;Mujeres;40 Segovia;1
071 Cirrosis y otras enfermedades crónicas del hígado;Mujeres;41 Sevilla;60
071 Cirrosis y otras enfermedades crónicas del hígado;Mujeres;42 Soria;0
071 Cirrosis y otras enfermedades crónicas del hígado;Mujeres;43 Tarragona;14
071 Cirrosis y otras enfermedades crónicas del hígado;Mujeres;44 Teruel;4
071 Cirrosis y otras enfermedades crónicas del hígado;Mujeres;45 Toledo;14
071 Cirrosis y otras enfermedades crónicas del hígado;Mujeres;46 Valencia/València;57
071 Cirrosis y otras enfermedades crónicas del hígado;Mujeres;47 Valladolid;12
071 Cirrosis y otras enfermedades crónicas del hígado;Mujeres;49 Zamora;10
071 Cirrosis y otras enfermedades crónicas del hígado;Mujeres;50 Zaragoza;17
071 Cirrosis y otras enfermedades crónicas del hígado;Mujeres;51 Ceuta;1
071 Cirrosis y otras enfermedades crónicas del hígado;Mujeres;52 Melilla;0
071 Cirrosis y otras enfermedades crónicas del hígado;Mujeres;Extranjero;13
072 Otras enfermedades del sistema digestivo;Hombres;Total;6.578
072 Otras enfermedades del sistema digestivo;Hombres;02 Albacete;60
072 Otras enfermedades del sistema digestivo;Hombres;03 Alicante/Alacant;240
072 Otras enfermedades del sistema digestivo;Hombres;04 Almería;90
072 Otras enfermedades del sistema digestivo;Hombres;01 Araba/Álava;34
072 Otras enfermedades del sistema digestivo;Hombres;33 Asturias;154
072 Otras enfermedades del sistema digestivo;Hombres;05 Ávila;33
072 Otras enfermedades del sistema digestivo;Hombres;06 Badajoz;112
072 Otras enfermedades del sistema digestivo;Hombres;07 Balears, Illes;122
072 Otras enfermedades del sistema digestivo;Hombres;08 Barcelona;658
072 Otras enfermedades del sistema digestivo;Hombres;48 Bizkaia;159
072 Otras enfermedades del sistema digestivo;Hombres;09 Burgos;67
072 Otras enfermedades del sistema digestivo;Hombres;10 Cáceres;78
072 Otras enfermedades del sistema digestivo;Hombres;11 Cádiz;169
072 Otras enfermedades del sistema digestivo;Hombres;39 Cantabria;70
072 Otras enfermedades del sistema digestivo;Hombres;12 Castellón/Castelló;77
072 Otras enfermedades del sistema digestivo;Hombres;13 Ciudad Real;107
072 Otras enfermedades del sistema digestivo;Hombres;14 Córdoba;119
072 Otras enfermedades del sistema digestivo;Hombres;15 Coruña, A;156
072 Otras enfermedades del sistema digestivo;Hombres;16 Cuenca;52
072 Otras enfermedades del sistema digestivo;Hombres;20 Gipuzkoa;86
072 Otras enfermedades del sistema digestivo;Hombres;17 Girona;93
072 Otras enfermedades del sistema digestivo;Hombres;18 Granada;123
072 Otras enfermedades del sistema digestivo;Hombres;19 Guadalajara;35
072 Otras enfermedades del sistema digestivo;Hombres;21 Huelva;76
072 Otras enfermedades del sistema digestivo;Hombres;22 Huesca;35
072 Otras enfermedades del sistema digestivo;Hombres;23 Jaén;132
072 Otras enfermedades del sistema digestivo;Hombres;24 León;95
072 Otras enfermedades del sistema digestivo;Hombres;25 Lleida;75
072 Otras enfermedades del sistema digestivo;Hombres;27 Lugo;68
072 Otras enfermedades del sistema digestivo;Hombres;28 Madrid;810
072 Otras enfermedades del sistema digestivo;Hombres;29 Málaga;220
072 Otras enfermedades del sistema digestivo;Hombres;30 Murcia;183
072 Otras enfermedades del sistema digestivo;Hombres;31 Navarra;77
072 Otras enfermedades del sistema digestivo;Hombres;32 Ourense;84
072 Otras enfermedades del sistema digestivo;Hombres;34 Palencia;42
072 Otras enfermedades del sistema digestivo;Hombres;35 Palmas, Las;124
072 Otras enfermedades del sistema digestivo;Hombres;36 Pontevedra;138
072 Otras enfermedades del sistema digestivo;Hombres;26 Rioja, La;43
072 Otras enfermedades del sistema digestivo;Hombres;37 Salamanca;68
072 Otras enfermedades del sistema digestivo;Hombres;38 Santa Cruz de Tenerife;118
072 Otras enfermedades del sistema digestivo;Hombres;40 Segovia;33
072 Otras enfermedades del sistema digestivo;Hombres;41 Sevilla;283
072 Otras enfermedades del sistema digestivo;Hombres;42 Soria;19
072 Otras enfermedades del sistema digestivo;Hombres;43 Tarragona;138
072 Otras enfermedades del sistema digestivo;Hombres;44 Teruel;25
072 Otras enfermedades del sistema digestivo;Hombres;45 Toledo;101
072 Otras enfermedades del sistema digestivo;Hombres;46 Valencia/València;352
072 Otras enfermedades del sistema digestivo;Hombres;47 Valladolid;74
072 Otras enfermedades del sistema digestivo;Hombres;49 Zamora;45
072 Otras enfermedades del sistema digestivo;Hombres;50 Zaragoza;153
072 Otras enfermedades del sistema digestivo;Hombres;51 Ceuta;11
072 Otras enfermedades del sistema digestivo;Hombres;52 Melilla;6
072 Otras enfermedades del sistema digestivo;Hombres;Extranjero;56
072 Otras enfermedades del sistema digestivo;Mujeres;Total;7.436
072 Otras enfermedades del sistema digestivo;Mujeres;02 Albacete;86
072 Otras enfermedades del sistema digestivo;Mujeres;03 Alicante/Alacant;247
072 Otras enfermedades del sistema digestivo;Mujeres;04 Almería;94
072 Otras enfermedades del sistema digestivo;Mujeres;01 Araba/Álava;42
072 Otras enfermedades del sistema digestivo;Mujeres;33 Asturias;213
072 Otras enfermedades del sistema digestivo;Mujeres;05 Ávila;35
072 Otras enfermedades del sistema digestivo;Mujeres;06 Badajoz;119
072 Otras enfermedades del sistema digestivo;Mujeres;07 Balears, Illes;113
072 Otras enfermedades del sistema digestivo;Mujeres;08 Barcelona;770
072 Otras enfermedades del sistema digestivo;Mujeres;48 Bizkaia;185
072 Otras enfermedades del sistema digestivo;Mujeres;09 Burgos;95
072 Otras enfermedades del sistema digestivo;Mujeres;10 Cáceres;82
072 Otras enfermedades del sistema digestivo;Mujeres;11 Cádiz;184
072 Otras enfermedades del sistema digestivo;Mujeres;39 Cantabria;110
072 Otras enfermedades del sistema digestivo;Mujeres;12 Castellón/Castelló;78
072 Otras enfermedades del sistema digestivo;Mujeres;13 Ciudad Real;113
072 Otras enfermedades del sistema digestivo;Mujeres;14 Córdoba;145
072 Otras enfermedades del sistema digestivo;Mujeres;15 Coruña, A;195
072 Otras enfermedades del sistema digestivo;Mujeres;16 Cuenca;57
072 Otras enfermedades del sistema digestivo;Mujeres;20 Gipuzkoa;104
072 Otras enfermedades del sistema digestivo;Mujeres;17 Girona;90
072 Otras enfermedades del sistema digestivo;Mujeres;18 Granada;176
072 Otras enfermedades del sistema digestivo;Mujeres;19 Guadalajara;37
072 Otras enfermedades del sistema digestivo;Mujeres;21 Huelva;97
072 Otras enfermedades del sistema digestivo;Mujeres;22 Huesca;40
072 Otras enfermedades del sistema digestivo;Mujeres;23 Jaén;150
072 Otras enfermedades del sistema digestivo;Mujeres;24 León;110
072 Otras enfermedades del sistema digestivo;Mujeres;25 Lleida;77
072 Otras enfermedades del sistema digestivo;Mujeres;27 Lugo;85
072 Otras enfermedades del sistema digestivo;Mujeres;28 Madrid;962
072 Otras enfermedades del sistema digestivo;Mujeres;29 Málaga;219
072 Otras enfermedades del sistema digestivo;Mujeres;30 Murcia;209
072 Otras enfermedades del sistema digestivo;Mujeres;31 Navarra;91
072 Otras enfermedades del sistema digestivo;Mujeres;32 Ourense;88
072 Otras enfermedades del sistema digestivo;Mujeres;34 Palencia;35
072 Otras enfermedades del sistema digestivo;Mujeres;35 Palmas, Las;99
072 Otras enfermedades del sistema digestivo;Mujeres;36 Pontevedra;148
072 Otras enfermedades del sistema digestivo;Mujeres;26 Rioja, La;62
072 Otras enfermedades del sistema digestivo;Mujeres;37 Salamanca;96
072 Otras enfermedades del sistema digestivo;Mujeres;38 Santa Cruz de Tenerife;116
072 Otras enfermedades del sistema digestivo;Mujeres;40 Segovia;30
072 Otras enfermedades del sistema digestivo;Mujeres;41 Sevilla;273
072 Otras enfermedades del sistema digestivo;Mujeres;42 Soria;28
072 Otras enfermedades del sistema digestivo;Mujeres;43 Tarragona;131
072 Otras enfermedades del sistema digestivo;Mujeres;44 Teruel;32
072 Otras enfermedades del sistema digestivo;Mujeres;45 Toledo;134
072 Otras enfermedades del sistema digestivo;Mujeres;46 Valencia/València;323
072 Otras enfermedades del sistema digestivo;Mujeres;47 Valladolid;91
072 Otras enfermedades del sistema digestivo;Mujeres;49 Zamora;69
072 Otras enfermedades del sistema digestivo;Mujeres;50 Zaragoza;204
072 Otras enfermedades del sistema digestivo;Mujeres;51 Ceuta;12
072 Otras enfermedades del sistema digestivo;Mujeres;52 Melilla;12
072 Otras enfermedades del sistema digestivo;Mujeres;Extranjero;43
073 XII.Enfermedades de la piel y del tejido subcutáneo;Hombres;Total;629
073 XII.Enfermedades de la piel y del tejido subcutáneo;Hombres;02 Albacete;3
073 XII.Enfermedades de la piel y del tejido subcutáneo;Hombres;03 Alicante/Alacant;24
073 XII.Enfermedades de la piel y del tejido subcutáneo;Hombres;04 Almería;6
073 XII.Enfermedades de la piel y del tejido subcutáneo;Hombres;01 Araba/Álava;0
073 XII.Enfermedades de la piel y del tejido subcutáneo;Hombres;33 Asturias;15
073 XII.Enfermedades de la piel y del tejido subcutáneo;Hombres;05 Ávila;5
073 XII.Enfermedades de la piel y del tejido subcutáneo;Hombres;06 Badajoz;8
073 XII.Enfermedades de la piel y del tejido subcutáneo;Hombres;07 Balears, Illes;10
073 XII.Enfermedades de la piel y del tejido subcutáneo;Hombres;08 Barcelona;56
073 XII.Enfermedades de la piel y del tejido subcutáneo;Hombres;48 Bizkaia;15
073 XII.Enfermedades de la piel y del tejido subcutáneo;Hombres;09 Burgos;8
073 XII.Enfermedades de la piel y del tejido subcutáneo;Hombres;10 Cáceres;7
073 XII.Enfermedades de la piel y del tejido subcutáneo;Hombres;11 Cádiz;19
073 XII.Enfermedades de la piel y del tejido subcutáneo;Hombres;39 Cantabria;5
073 XII.Enfermedades de la piel y del tejido subcutáneo;Hombres;12 Castellón/Castelló;10
073 XII.Enfermedades de la piel y del tejido subcutáneo;Hombres;13 Ciudad Real;11
073 XII.Enfermedades de la piel y del tejido subcutáneo;Hombres;14 Córdoba;14
073 XII.Enfermedades de la piel y del tejido subcutáneo;Hombres;15 Coruña, A;14
073 XII.Enfermedades de la piel y del tejido subcutáneo;Hombres;16 Cuenca;6
073 XII.Enfermedades de la piel y del tejido subcutáneo;Hombres;20 Gipuzkoa;5
073 XII.Enfermedades de la piel y del tejido subcutáneo;Hombres;17 Girona;11
073 XII.Enfermedades de la piel y del tejido subcutáneo;Hombres;18 Granada;13
073 XII.Enfermedades de la piel y del tejido subcutáneo;Hombres;19 Guadalajara;4
073 XII.Enfermedades de la piel y del tejido subcutáneo;Hombres;21 Huelva;7
073 XII.Enfermedades de la piel y del tejido subcutáneo;Hombres;22 Huesca;3
073 XII.Enfermedades de la piel y del tejido subcutáneo;Hombres;23 Jaén;9
073 XII.Enfermedades de la piel y del tejido subcutáneo;Hombres;24 León;11
073 XII.Enfermedades de la piel y del tejido subcutáneo;Hombres;25 Lleida;4
073 XII.Enfermedades de la piel y del tejido subcutáneo;Hombres;27 Lugo;7
073 XII.Enfermedades de la piel y del tejido subcutáneo;Hombres;28 Madrid;69
073 XII.Enfermedades de la piel y del tejido subcutáneo;Hombres;29 Málaga;21
073 XII.Enfermedades de la piel y del tejido subcutáneo;Hombres;30 Murcia;15
073 XII.Enfermedades de la piel y del tejido subcutáneo;Hombres;31 Navarra;9
073 XII.Enfermedades de la piel y del tejido subcutáneo;Hombres;32 Ourense;11
073 XII.Enfermedades de la piel y del tejido subcutáneo;Hombres;34 Palencia;6
073 XII.Enfermedades de la piel y del tejido subcutáneo;Hombres;35 Palmas, Las;16
073 XII.Enfermedades de la piel y del tejido subcutáneo;Hombres;36 Pontevedra;12
073 XII.Enfermedades de la piel y del tejido subcutáneo;Hombres;26 Rioja, La;5
073 XII.Enfermedades de la piel y del tejido subcutáneo;Hombres;37 Salamanca;10
073 XII.Enfermedades de la piel y del tejido subcutáneo;Hombres;38 Santa Cruz de Tenerife;24
073 XII.Enfermedades de la piel y del tejido subcutáneo;Hombres;40 Segovia;6
073 XII.Enfermedades de la piel y del tejido subcutáneo;Hombres;41 Sevilla;24
073 XII.Enfermedades de la piel y del tejido subcutáneo;Hombres;42 Soria;7
073 XII.Enfermedades de la piel y del tejido subcutáneo;Hombres;43 Tarragona;8
073 XII.Enfermedades de la piel y del tejido subcutáneo;Hombres;44 Teruel;2
073 XII.Enfermedades de la piel y del tejido subcutáneo;Hombres;45 Toledo;16
073 XII.Enfermedades de la piel y del tejido subcutáneo;Hombres;46 Valencia/València;34
073 XII.Enfermedades de la piel y del tejido subcutáneo;Hombres;47 Valladolid;7
073 XII.Enfermedades de la piel y del tejido subcutáneo;Hombres;49 Zamora;4
073 XII.Enfermedades de la piel y del tejido subcutáneo;Hombres;50 Zaragoza;10
073 XII.Enfermedades de la piel y del tejido subcutáneo;Hombres;51 Ceuta;1
073 XII.Enfermedades de la piel y del tejido subcutáneo;Hombres;52 Melilla;0
073 XII.Enfermedades de la piel y del tejido subcutáneo;Hombres;Extranjero;2
073 XII.Enfermedades de la piel y del tejido subcutáneo;Mujeres;Total;1.146
073 XII.Enfermedades de la piel y del tejido subcutáneo;Mujeres;02 Albacete;7
073 XII.Enfermedades de la piel y del tejido subcutáneo;Mujeres;03 Alicante/Alacant;29
073 XII.Enfermedades de la piel y del tejido subcutáneo;Mujeres;04 Almería;6
073 XII.Enfermedades de la piel y del tejido subcutáneo;Mujeres;01 Araba/Álava;1
073 XII.Enfermedades de la piel y del tejido subcutáneo;Mujeres;33 Asturias;30
073 XII.Enfermedades de la piel y del tejido subcutáneo;Mujeres;05 Ávila;5
073 XII.Enfermedades de la piel y del tejido subcutáneo;Mujeres;06 Badajoz;15
073 XII.Enfermedades de la piel y del tejido subcutáneo;Mujeres;07 Balears, Illes;22
073 XII.Enfermedades de la piel y del tejido subcutáneo;Mujeres;08 Barcelona;81
073 XII.Enfermedades de la piel y del tejido subcutáneo;Mujeres;48 Bizkaia;37
073 XII.Enfermedades de la piel y del tejido subcutáneo;Mujeres;09 Burgos;12
073 XII.Enfermedades de la piel y del tejido subcutáneo;Mujeres;10 Cáceres;14
073 XII.Enfermedades de la piel y del tejido subcutáneo;Mujeres;11 Cádiz;48
073 XII.Enfermedades de la piel y del tejido subcutáneo;Mujeres;39 Cantabria;13
073 XII.Enfermedades de la piel y del tejido subcutáneo;Mujeres;12 Castellón/Castelló;15
073 XII.Enfermedades de la piel y del tejido subcutáneo;Mujeres;13 Ciudad Real;28
073 XII.Enfermedades de la piel y del tejido subcutáneo;Mujeres;14 Córdoba;18
073 XII.Enfermedades de la piel y del tejido subcutáneo;Mujeres;15 Coruña, A;32
073 XII.Enfermedades de la piel y del tejido subcutáneo;Mujeres;16 Cuenca;11
073 XII.Enfermedades de la piel y del tejido subcutáneo;Mujeres;20 Gipuzkoa;10
073 XII.Enfermedades de la piel y del tejido subcutáneo;Mujeres;17 Girona;14
073 XII.Enfermedades de la piel y del tejido subcutáneo;Mujeres;18 Granada;16
073 XII.Enfermedades de la piel y del tejido subcutáneo;Mujeres;19 Guadalajara;7
073 XII.Enfermedades de la piel y del tejido subcutáneo;Mujeres;21 Huelva;13
073 XII.Enfermedades de la piel y del tejido subcutáneo;Mujeres;22 Huesca;4
073 XII.Enfermedades de la piel y del tejido subcutáneo;Mujeres;23 Jaén;18
073 XII.Enfermedades de la piel y del tejido subcutáneo;Mujeres;24 León;28
073 XII.Enfermedades de la piel y del tejido subcutáneo;Mujeres;25 Lleida;8
073 XII.Enfermedades de la piel y del tejido subcutáneo;Mujeres;27 Lugo;14
073 XII.Enfermedades de la piel y del tejido subcutáneo;Mujeres;28 Madrid;164
073 XII.Enfermedades de la piel y del tejido subcutáneo;Mujeres;29 Málaga;22
073 XII.Enfermedades de la piel y del tejido subcutáneo;Mujeres;30 Murcia;39
073 XII.Enfermedades de la piel y del tejido subcutáneo;Mujeres;31 Navarra;19
073 XII.Enfermedades de la piel y del tejido subcutáneo;Mujeres;32 Ourense;13
073 XII.Enfermedades de la piel y del tejido subcutáneo;Mujeres;34 Palencia;6
073 XII.Enfermedades de la piel y del tejido subcutáneo;Mujeres;35 Palmas, Las;25
073 XII.Enfermedades de la piel y del tejido subcutáneo;Mujeres;36 Pontevedra;36
073 XII.Enfermedades de la piel y del tejido subcutáneo;Mujeres;26 Rioja, La;15
073 XII.Enfermedades de la piel y del tejido subcutáneo;Mujeres;37 Salamanca;12
073 XII.Enfermedades de la piel y del tejido subcutáneo;Mujeres;38 Santa Cruz de Tenerife;45
073 XII.Enfermedades de la piel y del tejido subcutáneo;Mujeres;40 Segovia;2
073 XII.Enfermedades de la piel y del tejido subcutáneo;Mujeres;41 Sevilla;31
073 XII.Enfermedades de la piel y del tejido subcutáneo;Mujeres;42 Soria;6
073 XII.Enfermedades de la piel y del tejido subcutáneo;Mujeres;43 Tarragona;12
073 XII.Enfermedades de la piel y del tejido subcutáneo;Mujeres;44 Teruel;4
073 XII.Enfermedades de la piel y del tejido subcutáneo;Mujeres;45 Toledo;27
073 XII.Enfermedades de la piel y del tejido subcutáneo;Mujeres;46 Valencia/València;69
073 XII.Enfermedades de la piel y del tejido subcutáneo;Mujeres;47 Valladolid;23
073 XII.Enfermedades de la piel y del tejido subcutáneo;Mujeres;49 Zamora;3
073 XII.Enfermedades de la piel y del tejido subcutáneo;Mujeres;50 Zaragoza;14
073 XII.Enfermedades de la piel y del tejido subcutáneo;Mujeres;51 Ceuta;1
073 XII.Enfermedades de la piel y del tejido subcutáneo;Mujeres;52 Melilla;1
073 XII.Enfermedades de la piel y del tejido subcutáneo;Mujeres;Extranjero;1
074-076 XIII.Enfermedades del sistema osteomuscular y del tejido conjuntivo;Hombres;Total;1.730
074-076 XIII.Enfermedades del sistema osteomuscular y del tejido conjuntivo;Hombres;02 Albacete;19
074-076 XIII.Enfermedades del sistema osteomuscular y del tejido conjuntivo;Hombres;03 Alicante/Alacant;54
074-076 XIII.Enfermedades del sistema osteomuscular y del tejido conjuntivo;Hombres;04 Almería;26
074-076 XIII.Enfermedades del sistema osteomuscular y del tejido conjuntivo;Hombres;01 Araba/Álava;11
074-076 XIII.Enfermedades del sistema osteomuscular y del tejido conjuntivo;Hombres;33 Asturias;58
074-076 XIII.Enfermedades del sistema osteomuscular y del tejido conjuntivo;Hombres;05 Ávila;13
074-076 XIII.Enfermedades del sistema osteomuscular y del tejido conjuntivo;Hombres;06 Badajoz;35
074-076 XIII.Enfermedades del sistema osteomuscular y del tejido conjuntivo;Hombres;07 Balears, Illes;39
074-076 XIII.Enfermedades del sistema osteomuscular y del tejido conjuntivo;Hombres;08 Barcelona;229
074-076 XIII.Enfermedades del sistema osteomuscular y del tejido conjuntivo;Hombres;48 Bizkaia;47
074-076 XIII.Enfermedades del sistema osteomuscular y del tejido conjuntivo;Hombres;09 Burgos;16
074-076 XIII.Enfermedades del sistema osteomuscular y del tejido conjuntivo;Hombres;10 Cáceres;11
074-076 XIII.Enfermedades del sistema osteomuscular y del tejido conjuntivo;Hombres;11 Cádiz;39
074-076 XIII.Enfermedades del sistema osteomuscular y del tejido conjuntivo;Hombres;39 Cantabria;34
074-076 XIII.Enfermedades del sistema osteomuscular y del tejido conjuntivo;Hombres;12 Castellón/Castelló;18
074-076 XIII.Enfermedades del sistema osteomuscular y del tejido conjuntivo;Hombres;13 Ciudad Real;29
074-076 XIII.Enfermedades del sistema osteomuscular y del tejido conjuntivo;Hombres;14 Córdoba;30
074-076 XIII.Enfermedades del sistema osteomuscular y del tejido conjuntivo;Hombres;15 Coruña, A;29
074-076 XIII.Enfermedades del sistema osteomuscular y del tejido conjuntivo;Hombres;16 Cuenca;9
074-076 XIII.Enfermedades del sistema osteomuscular y del tejido conjuntivo;Hombres;20 Gipuzkoa;25
074-076 XIII.Enfermedades del sistema osteomuscular y del tejido conjuntivo;Hombres;17 Girona;41
074-076 XIII.Enfermedades del sistema osteomuscular y del tejido conjuntivo;Hombres;18 Granada;32
074-076 XIII.Enfermedades del sistema osteomuscular y del tejido conjuntivo;Hombres;19 Guadalajara;11
074-076 XIII.Enfermedades del sistema osteomuscular y del tejido conjuntivo;Hombres;21 Huelva;15
074-076 XIII.Enfermedades del sistema osteomuscular y del tejido conjuntivo;Hombres;22 Huesca;23
074-076 XIII.Enfermedades del sistema osteomuscular y del tejido conjuntivo;Hombres;23 Jaén;39
074-076 XIII.Enfermedades del sistema osteomuscular y del tejido conjuntivo;Hombres;24 León;36
074-076 XIII.Enfermedades del sistema osteomuscular y del tejido conjuntivo;Hombres;25 Lleida;19
074-076 XIII.Enfermedades del sistema osteomuscular y del tejido conjuntivo;Hombres;27 Lugo;12
074-076 XIII.Enfermedades del sistema osteomuscular y del tejido conjuntivo;Hombres;28 Madrid;153
074-076 XIII.Enfermedades del sistema osteomuscular y del tejido conjuntivo;Hombres;29 Málaga;41
074-076 XIII.Enfermedades del sistema osteomuscular y del tejido conjuntivo;Hombres;30 Murcia;49
074-076 XIII.Enfermedades del sistema osteomuscular y del tejido conjuntivo;Hombres;31 Navarra;23
074-076 XIII.Enfermedades del sistema osteomuscular y del tejido conjuntivo;Hombres;32 Ourense;19
074-076 XIII.Enfermedades del sistema osteomuscular y del tejido conjuntivo;Hombres;34 Palencia;8
074-076 XIII.Enfermedades del sistema osteomuscular y del tejido conjuntivo;Hombres;35 Palmas, Las;19
074-076 XIII.Enfermedades del sistema osteomuscular y del tejido conjuntivo;Hombres;36 Pontevedra;13
074-076 XIII.Enfermedades del sistema osteomuscular y del tejido conjuntivo;Hombres;26 Rioja, La;16
074-076 XIII.Enfermedades del sistema osteomuscular y del tejido conjuntivo;Hombres;37 Salamanca;20
074-076 XIII.Enfermedades del sistema osteomuscular y del tejido conjuntivo;Hombres;38 Santa Cruz de Tenerife;23
074-076 XIII.Enfermedades del sistema osteomuscular y del tejido conjuntivo;Hombres;40 Segovia;7
074-076 XIII.Enfermedades del sistema osteomuscular y del tejido conjuntivo;Hombres;41 Sevilla;55
074-076 XIII.Enfermedades del sistema osteomuscular y del tejido conjuntivo;Hombres;42 Soria;11
074-076 XIII.Enfermedades del sistema osteomuscular y del tejido conjuntivo;Hombres;43 Tarragona;37
074-076 XIII.Enfermedades del sistema osteomuscular y del tejido conjuntivo;Hombres;44 Teruel;10
074-076 XIII.Enfermedades del sistema osteomuscular y del tejido conjuntivo;Hombres;45 Toledo;25
074-076 XIII.Enfermedades del sistema osteomuscular y del tejido conjuntivo;Hombres;46 Valencia/València;85
074-076 XIII.Enfermedades del sistema osteomuscular y del tejido conjuntivo;Hombres;47 Valladolid;14
074-076 XIII.Enfermedades del sistema osteomuscular y del tejido conjuntivo;Hombres;49 Zamora;14
074-076 XIII.Enfermedades del sistema osteomuscular y del tejido conjuntivo;Hombres;50 Zaragoza;77
074-076 XIII.Enfermedades del sistema osteomuscular y del tejido conjuntivo;Hombres;51 Ceuta;2
074-076 XIII.Enfermedades del sistema osteomuscular y del tejido conjuntivo;Hombres;52 Melilla;3
074-076 XIII.Enfermedades del sistema osteomuscular y del tejido conjuntivo;Hombres;Extranjero;7
074-076 XIII.Enfermedades del sistema osteomuscular y del tejido conjuntivo;Mujeres;Total;3.432
074-076 XIII.Enfermedades del sistema osteomuscular y del tejido conjuntivo;Mujeres;02 Albacete;37
074-076 XIII.Enfermedades del sistema osteomuscular y del tejido conjuntivo;Mujeres;03 Alicante/Alacant;96
074-076 XIII.Enfermedades del sistema osteomuscular y del tejido conjuntivo;Mujeres;04 Almería;39
074-076 XIII.Enfermedades del sistema osteomuscular y del tejido conjuntivo;Mujeres;01 Araba/Álava;27
074-076 XIII.Enfermedades del sistema osteomuscular y del tejido conjuntivo;Mujeres;33 Asturias;132
074-076 XIII.Enfermedades del sistema osteomuscular y del tejido conjuntivo;Mujeres;05 Ávila;20
074-076 XIII.Enfermedades del sistema osteomuscular y del tejido conjuntivo;Mujeres;06 Badajoz;56
074-076 XIII.Enfermedades del sistema osteomuscular y del tejido conjuntivo;Mujeres;07 Balears, Illes;56
074-076 XIII.Enfermedades del sistema osteomuscular y del tejido conjuntivo;Mujeres;08 Barcelona;638
074-076 XIII.Enfermedades del sistema osteomuscular y del tejido conjuntivo;Mujeres;48 Bizkaia;84
074-076 XIII.Enfermedades del sistema osteomuscular y del tejido conjuntivo;Mujeres;09 Burgos;28
074-076 XIII.Enfermedades del sistema osteomuscular y del tejido conjuntivo;Mujeres;10 Cáceres;43
074-076 XIII.Enfermedades del sistema osteomuscular y del tejido conjuntivo;Mujeres;11 Cádiz;78
074-076 XIII.Enfermedades del sistema osteomuscular y del tejido conjuntivo;Mujeres;39 Cantabria;44
074-076 XIII.Enfermedades del sistema osteomuscular y del tejido conjuntivo;Mujeres;12 Castellón/Castelló;39
074-076 XIII.Enfermedades del sistema osteomuscular y del tejido conjuntivo;Mujeres;13 Ciudad Real;43
074-076 XIII.Enfermedades del sistema osteomuscular y del tejido conjuntivo;Mujeres;14 Córdoba;64
074-076 XIII.Enfermedades del sistema osteomuscular y del tejido conjuntivo;Mujeres;15 Coruña, A;48
074-076 XIII.Enfermedades del sistema osteomuscular y del tejido conjuntivo;Mujeres;16 Cuenca;21
074-076 XIII.Enfermedades del sistema osteomuscular y del tejido conjuntivo;Mujeres;20 Gipuzkoa;65
074-076 XIII.Enfermedades del sistema osteomuscular y del tejido conjuntivo;Mujeres;17 Girona;83
074-076 XIII.Enfermedades del sistema osteomuscular y del tejido conjuntivo;Mujeres;18 Granada;69
074-076 XIII.Enfermedades del sistema osteomuscular y del tejido conjuntivo;Mujeres;19 Guadalajara;14
074-076 XIII.Enfermedades del sistema osteomuscular y del tejido conjuntivo;Mujeres;21 Huelva;49
074-076 XIII.Enfermedades del sistema osteomuscular y del tejido conjuntivo;Mujeres;22 Huesca;24
074-076 XIII.Enfermedades del sistema osteomuscular y del tejido conjuntivo;Mujeres;23 Jaén;68
074-076 XIII.Enfermedades del sistema osteomuscular y del tejido conjuntivo;Mujeres;24 León;55
074-076 XIII.Enfermedades del sistema osteomuscular y del tejido conjuntivo;Mujeres;25 Lleida;37
074-076 XIII.Enfermedades del sistema osteomuscular y del tejido conjuntivo;Mujeres;27 Lugo;8
074-076 XIII.Enfermedades del sistema osteomuscular y del tejido conjuntivo;Mujeres;28 Madrid;296
074-076 XIII.Enfermedades del sistema osteomuscular y del tejido conjuntivo;Mujeres;29 Málaga;79
074-076 XIII.Enfermedades del sistema osteomuscular y del tejido conjuntivo;Mujeres;30 Murcia;82
074-076 XIII.Enfermedades del sistema osteomuscular y del tejido conjuntivo;Mujeres;31 Navarra;55
074-076 XIII.Enfermedades del sistema osteomuscular y del tejido conjuntivo;Mujeres;32 Ourense;21
074-076 XIII.Enfermedades del sistema osteomuscular y del tejido conjuntivo;Mujeres;34 Palencia;21
074-076 XIII.Enfermedades del sistema osteomuscular y del tejido conjuntivo;Mujeres;35 Palmas, Las;39
074-076 XIII.Enfermedades del sistema osteomuscular y del tejido conjuntivo;Mujeres;36 Pontevedra;19
074-076 XIII.Enfermedades del sistema osteomuscular y del tejido conjuntivo;Mujeres;26 Rioja, La;30
074-076 XIII.Enfermedades del sistema osteomuscular y del tejido conjuntivo;Mujeres;37 Salamanca;29
074-076 XIII.Enfermedades del sistema osteomuscular y del tejido conjuntivo;Mujeres;38 Santa Cruz de Tenerife;41
074-076 XIII.Enfermedades del sistema osteomuscular y del tejido conjuntivo;Mujeres;40 Segovia;16
074-076 XIII.Enfermedades del sistema osteomuscular y del tejido conjuntivo;Mujeres;41 Sevilla;93
074-076 XIII.Enfermedades del sistema osteomuscular y del tejido conjuntivo;Mujeres;42 Soria;12
074-076 XIII.Enfermedades del sistema osteomuscular y del tejido conjuntivo;Mujeres;43 Tarragona;69
074-076 XIII.Enfermedades del sistema osteomuscular y del tejido conjuntivo;Mujeres;44 Teruel;22
074-076 XIII.Enfermedades del sistema osteomuscular y del tejido conjuntivo;Mujeres;45 Toledo;58
074-076 XIII.Enfermedades del sistema osteomuscular y del tejido conjuntivo;Mujeres;46 Valencia/València;161
074-076 XIII.Enfermedades del sistema osteomuscular y del tejido conjuntivo;Mujeres;47 Valladolid;51
074-076 XIII.Enfermedades del sistema osteomuscular y del tejido conjuntivo;Mujeres;49 Zamora;28
074-076 XIII.Enfermedades del sistema osteomuscular y del tejido conjuntivo;Mujeres;50 Zaragoza;134
074-076 XIII.Enfermedades del sistema osteomuscular y del tejido conjuntivo;Mujeres;51 Ceuta;3
074-076 XIII.Enfermedades del sistema osteomuscular y del tejido conjuntivo;Mujeres;52 Melilla;6
074-076 XIII.Enfermedades del sistema osteomuscular y del tejido conjuntivo;Mujeres;Extranjero;2
074 Artritis reumatoide y osteoartrosis;Hombres;Total;118
074 Artritis reumatoide y osteoartrosis;Hombres;02 Albacete;1
074 Artritis reumatoide y osteoartrosis;Hombres;03 Alicante/Alacant;1
074 Artritis reumatoide y osteoartrosis;Hombres;04 Almería;1
074 Artritis reumatoide y osteoartrosis;Hombres;01 Araba/Álava;0
074 Artritis reumatoide y osteoartrosis;Hombres;33 Asturias;1
074 Artritis reumatoide y osteoartrosis;Hombres;05 Ávila;2
074 Artritis reumatoide y osteoartrosis;Hombres;06 Badajoz;4
074 Artritis reumatoide y osteoartrosis;Hombres;07 Balears, Illes;2
074 Artritis reumatoide y osteoartrosis;Hombres;08 Barcelona;25
074 Artritis reumatoide y osteoartrosis;Hombres;48 Bizkaia;4
074 Artritis reumatoide y osteoartrosis;Hombres;09 Burgos;0
074 Artritis reumatoide y osteoartrosis;Hombres;10 Cáceres;0
074 Artritis reumatoide y osteoartrosis;Hombres;11 Cádiz;0
074 Artritis reumatoide y osteoartrosis;Hombres;39 Cantabria;3
074 Artritis reumatoide y osteoartrosis;Hombres;12 Castellón/Castelló;1
074 Artritis reumatoide y osteoartrosis;Hombres;13 Ciudad Real;5
074 Artritis reumatoide y osteoartrosis;Hombres;14 Córdoba;5
074 Artritis reumatoide y osteoartrosis;Hombres;15 Coruña, A;4
074 Artritis reumatoide y osteoartrosis;Hombres;16 Cuenca;0
074 Artritis reumatoide y osteoartrosis;Hombres;20 Gipuzkoa;3
074 Artritis reumatoide y osteoartrosis;Hombres;17 Girona;6
074 Artritis reumatoide y osteoartrosis;Hombres;18 Granada;0
074 Artritis reumatoide y osteoartrosis;Hombres;19 Guadalajara;2
074 Artritis reumatoide y osteoartrosis;Hombres;21 Huelva;2
074 Artritis reumatoide y osteoartrosis;Hombres;22 Huesca;1
074 Artritis reumatoide y osteoartrosis;Hombres;23 Jaén;2
074 Artritis reumatoide y osteoartrosis;Hombres;24 León;3
074 Artritis reumatoide y osteoartrosis;Hombres;25 Lleida;0
074 Artritis reumatoide y osteoartrosis;Hombres;27 Lugo;1
074 Artritis reumatoide y osteoartrosis;Hombres;28 Madrid;9
074 Artritis reumatoide y osteoartrosis;Hombres;29 Málaga;5
074 Artritis reumatoide y osteoartrosis;Hombres;30 Murcia;4
074 Artritis reumatoide y osteoartrosis;Hombres;31 Navarra;3
074 Artritis reumatoide y osteoartrosis;Hombres;32 Ourense;4
074 Artritis reumatoide y osteoartrosis;Hombres;34 Palencia;1
074 Artritis reumatoide y osteoartrosis;Hombres;35 Palmas, Las;2
074 Artritis reumatoide y osteoartrosis;Hombres;36 Pontevedra;1
074 Artritis reumatoide y osteoartrosis;Hombres;26 Rioja, La;0
074 Artritis reumatoide y osteoartrosis;Hombres;37 Salamanca;1
074 Artritis reumatoide y osteoartrosis;Hombres;38 Santa Cruz de Tenerife;0
074 Artritis reumatoide y osteoartrosis;Hombres;40 Segovia;0
074 Artritis reumatoide y osteoartrosis;Hombres;41 Sevilla;1
074 Artritis reumatoide y osteoartrosis;Hombres;42 Soria;0
074 Artritis reumatoide y osteoartrosis;Hombres;43 Tarragona;1
074 Artritis reumatoide y osteoartrosis;Hombres;44 Teruel;0
074 Artritis reumatoide y osteoartrosis;Hombres;45 Toledo;2
074 Artritis reumatoide y osteoartrosis;Hombres;46 Valencia/València;4
074 Artritis reumatoide y osteoartrosis;Hombres;47 Valladolid;0
074 Artritis reumatoide y osteoartrosis;Hombres;49 Zamora;0
074 Artritis reumatoide y osteoartrosis;Hombres;50 Zaragoza;1
074 Artritis reumatoide y osteoartrosis;Hombres;51 Ceuta;0
074 Artritis reumatoide y osteoartrosis;Hombres;52 Melilla;0
074 Artritis reumatoide y osteoartrosis;Hombres;Extranjero;0
074 Artritis reumatoide y osteoartrosis;Mujeres;Total;431
074 Artritis reumatoide y osteoartrosis;Mujeres;02 Albacete;1
074 Artritis reumatoide y osteoartrosis;Mujeres;03 Alicante/Alacant;3
074 Artritis reumatoide y osteoartrosis;Mujeres;04 Almería;5
074 Artritis reumatoide y osteoartrosis;Mujeres;01 Araba/Álava;4
074 Artritis reumatoide y osteoartrosis;Mujeres;33 Asturias;5
074 Artritis reumatoide y osteoartrosis;Mujeres;05 Ávila;1
074 Artritis reumatoide y osteoartrosis;Mujeres;06 Badajoz;6
074 Artritis reumatoide y osteoartrosis;Mujeres;07 Balears, Illes;6
074 Artritis reumatoide y osteoartrosis;Mujeres;08 Barcelona;190
074 Artritis reumatoide y osteoartrosis;Mujeres;48 Bizkaia;5
074 Artritis reumatoide y osteoartrosis;Mujeres;09 Burgos;2
074 Artritis reumatoide y osteoartrosis;Mujeres;10 Cáceres;1
074 Artritis reumatoide y osteoartrosis;Mujeres;11 Cádiz;10
074 Artritis reumatoide y osteoartrosis;Mujeres;39 Cantabria;3
074 Artritis reumatoide y osteoartrosis;Mujeres;12 Castellón/Castelló;3
074 Artritis reumatoide y osteoartrosis;Mujeres;13 Ciudad Real;3
074 Artritis reumatoide y osteoartrosis;Mujeres;14 Córdoba;7
074 Artritis reumatoide y osteoartrosis;Mujeres;15 Coruña, A;8
074 Artritis reumatoide y osteoartrosis;Mujeres;16 Cuenca;3
074 Artritis reumatoide y osteoartrosis;Mujeres;20 Gipuzkoa;6
074 Artritis reumatoide y osteoartrosis;Mujeres;17 Girona;9
074 Artritis reumatoide y osteoartrosis;Mujeres;18 Granada;7
074 Artritis reumatoide y osteoartrosis;Mujeres;19 Guadalajara;4
074 Artritis reumatoide y osteoartrosis;Mujeres;21 Huelva;7
074 Artritis reumatoide y osteoartrosis;Mujeres;22 Huesca;2
074 Artritis reumatoide y osteoartrosis;Mujeres;23 Jaén;2
074 Artritis reumatoide y osteoartrosis;Mujeres;24 León;2
074 Artritis reumatoide y osteoartrosis;Mujeres;25 Lleida;3
074 Artritis reumatoide y osteoartrosis;Mujeres;27 Lugo;2
074 Artritis reumatoide y osteoartrosis;Mujeres;28 Madrid;31
074 Artritis reumatoide y osteoartrosis;Mujeres;29 Málaga;6
074 Artritis reumatoide y osteoartrosis;Mujeres;30 Murcia;5
074 Artritis reumatoide y osteoartrosis;Mujeres;31 Navarra;4
074 Artritis reumatoide y osteoartrosis;Mujeres;32 Ourense;4
074 Artritis reumatoide y osteoartrosis;Mujeres;34 Palencia;0
074 Artritis reumatoide y osteoartrosis;Mujeres;35 Palmas, Las;0
074 Artritis reumatoide y osteoartrosis;Mujeres;36 Pontevedra;1
074 Artritis reumatoide y osteoartrosis;Mujeres;26 Rioja, La;1
074 Artritis reumatoide y osteoartrosis;Mujeres;37 Salamanca;1
074 Artritis reumatoide y osteoartrosis;Mujeres;38 Santa Cruz de Tenerife;5
074 Artritis reumatoide y osteoartrosis;Mujeres;40 Segovia;4
074 Artritis reumatoide y osteoartrosis;Mujeres;41 Sevilla;9
074 Artritis reumatoide y osteoartrosis;Mujeres;42 Soria;2
074 Artritis reumatoide y osteoartrosis;Mujeres;43 Tarragona;8
074 Artritis reumatoide y osteoartrosis;Mujeres;44 Teruel;3
074 Artritis reumatoide y osteoartrosis;Mujeres;45 Toledo;5
074 Artritis reumatoide y osteoartrosis;Mujeres;46 Valencia/València;20
074 Artritis reumatoide y osteoartrosis;Mujeres;47 Valladolid;3
074 Artritis reumatoide y osteoartrosis;Mujeres;49 Zamora;2
074 Artritis reumatoide y osteoartrosis;Mujeres;50 Zaragoza;6
074 Artritis reumatoide y osteoartrosis;Mujeres;51 Ceuta;0
074 Artritis reumatoide y osteoartrosis;Mujeres;52 Melilla;1
074 Artritis reumatoide y osteoartrosis;Mujeres;Extranjero;0
075 Osteoporosis y fractura patológica;Hombres;Total;987
075 Osteoporosis y fractura patológica;Hombres;02 Albacete;11
075 Osteoporosis y fractura patológica;Hombres;03 Alicante/Alacant;25
075 Osteoporosis y fractura patológica;Hombres;04 Almería;16
075 Osteoporosis y fractura patológica;Hombres;01 Araba/Álava;7
075 Osteoporosis y fractura patológica;Hombres;33 Asturias;32
075 Osteoporosis y fractura patológica;Hombres;05 Ávila;9
075 Osteoporosis y fractura patológica;Hombres;06 Badajoz;21
075 Osteoporosis y fractura patológica;Hombres;07 Balears, Illes;22
075 Osteoporosis y fractura patológica;Hombres;08 Barcelona;143
075 Osteoporosis y fractura patológica;Hombres;48 Bizkaia;29
075 Osteoporosis y fractura patológica;Hombres;09 Burgos;8
075 Osteoporosis y fractura patológica;Hombres;10 Cáceres;7
075 Osteoporosis y fractura patológica;Hombres;11 Cádiz;29
075 Osteoporosis y fractura patológica;Hombres;39 Cantabria;19
075 Osteoporosis y fractura patológica;Hombres;12 Castellón/Castelló;11
075 Osteoporosis y fractura patológica;Hombres;13 Ciudad Real;13
075 Osteoporosis y fractura patológica;Hombres;14 Córdoba;20
075 Osteoporosis y fractura patológica;Hombres;15 Coruña, A;11
075 Osteoporosis y fractura patológica;Hombres;16 Cuenca;2
075 Osteoporosis y fractura patológica;Hombres;20 Gipuzkoa;16
075 Osteoporosis y fractura patológica;Hombres;17 Girona;25
075 Osteoporosis y fractura patológica;Hombres;18 Granada;24
075 Osteoporosis y fractura patológica;Hombres;19 Guadalajara;7
075 Osteoporosis y fractura patológica;Hombres;21 Huelva;7
075 Osteoporosis y fractura patológica;Hombres;22 Huesca;16
075 Osteoporosis y fractura patológica;Hombres;23 Jaén;28
075 Osteoporosis y fractura patológica;Hombres;24 León;24
075 Osteoporosis y fractura patológica;Hombres;25 Lleida;13
075 Osteoporosis y fractura patológica;Hombres;27 Lugo;3
075 Osteoporosis y fractura patológica;Hombres;28 Madrid;69
075 Osteoporosis y fractura patológica;Hombres;29 Málaga;19
075 Osteoporosis y fractura patológica;Hombres;30 Murcia;30
075 Osteoporosis y fractura patológica;Hombres;31 Navarra;14
075 Osteoporosis y fractura patológica;Hombres;32 Ourense;8
075 Osteoporosis y fractura patológica;Hombres;34 Palencia;3
075 Osteoporosis y fractura patológica;Hombres;35 Palmas, Las;5
075 Osteoporosis y fractura patológica;Hombres;36 Pontevedra;4
075 Osteoporosis y fractura patológica;Hombres;26 Rioja, La;14
075 Osteoporosis y fractura patológica;Hombres;37 Salamanca;11
075 Osteoporosis y fractura patológica;Hombres;38 Santa Cruz de Tenerife;10
075 Osteoporosis y fractura patológica;Hombres;40 Segovia;3
075 Osteoporosis y fractura patológica;Hombres;41 Sevilla;32
075 Osteoporosis y fractura patológica;Hombres;42 Soria;6
075 Osteoporosis y fractura patológica;Hombres;43 Tarragona;19
075 Osteoporosis y fractura patológica;Hombres;44 Teruel;9
075 Osteoporosis y fractura patológica;Hombres;45 Toledo;13
075 Osteoporosis y fractura patológica;Hombres;46 Valencia/València;43
075 Osteoporosis y fractura patológica;Hombres;47 Valladolid;7
075 Osteoporosis y fractura patológica;Hombres;49 Zamora;12
075 Osteoporosis y fractura patológica;Hombres;50 Zaragoza;55
075 Osteoporosis y fractura patológica;Hombres;51 Ceuta;1
075 Osteoporosis y fractura patológica;Hombres;52 Melilla;0
075 Osteoporosis y fractura patológica;Hombres;Extranjero;2
075 Osteoporosis y fractura patológica;Mujeres;Total;2.149
075 Osteoporosis y fractura patológica;Mujeres;02 Albacete;26
075 Osteoporosis y fractura patológica;Mujeres;03 Alicante/Alacant;53
075 Osteoporosis y fractura patológica;Mujeres;04 Almería;24
075 Osteoporosis y fractura patológica;Mujeres;01 Araba/Álava;18
075 Osteoporosis y fractura patológica;Mujeres;33 Asturias;90
075 Osteoporosis y fractura patológica;Mujeres;05 Ávila;14
075 Osteoporosis y fractura patológica;Mujeres;06 Badajoz;38
075 Osteoporosis y fractura patológica;Mujeres;07 Balears, Illes;34
075 Osteoporosis y fractura patológica;Mujeres;08 Barcelona;349
075 Osteoporosis y fractura patológica;Mujeres;48 Bizkaia;61
075 Osteoporosis y fractura patológica;Mujeres;09 Burgos;23
075 Osteoporosis y fractura patológica;Mujeres;10 Cáceres;36
075 Osteoporosis y fractura patológica;Mujeres;11 Cádiz;41
075 Osteoporosis y fractura patológica;Mujeres;39 Cantabria;30
075 Osteoporosis y fractura patológica;Mujeres;12 Castellón/Castelló;22
075 Osteoporosis y fractura patológica;Mujeres;13 Ciudad Real;23
075 Osteoporosis y fractura patológica;Mujeres;14 Córdoba;46
075 Osteoporosis y fractura patológica;Mujeres;15 Coruña, A;20
075 Osteoporosis y fractura patológica;Mujeres;16 Cuenca;13
075 Osteoporosis y fractura patológica;Mujeres;20 Gipuzkoa;48
075 Osteoporosis y fractura patológica;Mujeres;17 Girona;62
075 Osteoporosis y fractura patológica;Mujeres;18 Granada;44
075 Osteoporosis y fractura patológica;Mujeres;19 Guadalajara;8
075 Osteoporosis y fractura patológica;Mujeres;21 Huelva;33
075 Osteoporosis y fractura patológica;Mujeres;22 Huesca;20
075 Osteoporosis y fractura patológica;Mujeres;23 Jaén;59
075 Osteoporosis y fractura patológica;Mujeres;24 León;36
075 Osteoporosis y fractura patológica;Mujeres;25 Lleida;28
075 Osteoporosis y fractura patológica;Mujeres;27 Lugo;3
075 Osteoporosis y fractura patológica;Mujeres;28 Madrid;166
075 Osteoporosis y fractura patológica;Mujeres;29 Málaga;38
075 Osteoporosis y fractura patológica;Mujeres;30 Murcia;58
075 Osteoporosis y fractura patológica;Mujeres;31 Navarra;34
075 Osteoporosis y fractura patológica;Mujeres;32 Ourense;13
075 Osteoporosis y fractura patológica;Mujeres;34 Palencia;15
075 Osteoporosis y fractura patológica;Mujeres;35 Palmas, Las;15
075 Osteoporosis y fractura patológica;Mujeres;36 Pontevedra;6
075 Osteoporosis y fractura patológica;Mujeres;26 Rioja, La;27
075 Osteoporosis y fractura patológica;Mujeres;37 Salamanca;21
075 Osteoporosis y fractura patológica;Mujeres;38 Santa Cruz de Tenerife;20
075 Osteoporosis y fractura patológica;Mujeres;40 Segovia;9
075 Osteoporosis y fractura patológica;Mujeres;41 Sevilla;40
075 Osteoporosis y fractura patológica;Mujeres;42 Soria;9
075 Osteoporosis y fractura patológica;Mujeres;43 Tarragona;47
075 Osteoporosis y fractura patológica;Mujeres;44 Teruel;18
075 Osteoporosis y fractura patológica;Mujeres;45 Toledo;36
075 Osteoporosis y fractura patológica;Mujeres;46 Valencia/València;102
075 Osteoporosis y fractura patológica;Mujeres;47 Valladolid;36
075 Osteoporosis y fractura patológica;Mujeres;49 Zamora;23
075 Osteoporosis y fractura patológica;Mujeres;50 Zaragoza;107
075 Osteoporosis y fractura patológica;Mujeres;51 Ceuta;2
075 Osteoporosis y fractura patológica;Mujeres;52 Melilla;4
075 Osteoporosis y fractura patológica;Mujeres;Extranjero;1
076 Otras enfermedades del sistema osteomuscular y del tejido conjuntivo;Hombres;Total;625
076 Otras enfermedades del sistema osteomuscular y del tejido conjuntivo;Hombres;02 Albacete;7
076 Otras enfermedades del sistema osteomuscular y del tejido conjuntivo;Hombres;03 Alicante/Alacant;28
076 Otras enfermedades del sistema osteomuscular y del tejido conjuntivo;Hombres;04 Almería;9
076 Otras enfermedades del sistema osteomuscular y del tejido conjuntivo;Hombres;01 Araba/Álava;4
076 Otras enfermedades del sistema osteomuscular y del tejido conjuntivo;Hombres;33 Asturias;25
076 Otras enfermedades del sistema osteomuscular y del tejido conjuntivo;Hombres;05 Ávila;2
076 Otras enfermedades del sistema osteomuscular y del tejido conjuntivo;Hombres;06 Badajoz;10
076 Otras enfermedades del sistema osteomuscular y del tejido conjuntivo;Hombres;07 Balears, Illes;15
076 Otras enfermedades del sistema osteomuscular y del tejido conjuntivo;Hombres;08 Barcelona;61
076 Otras enfermedades del sistema osteomuscular y del tejido conjuntivo;Hombres;48 Bizkaia;14
076 Otras enfermedades del sistema osteomuscular y del tejido conjuntivo;Hombres;09 Burgos;8
076 Otras enfermedades del sistema osteomuscular y del tejido conjuntivo;Hombres;10 Cáceres;4
076 Otras enfermedades del sistema osteomuscular y del tejido conjuntivo;Hombres;11 Cádiz;10
076 Otras enfermedades del sistema osteomuscular y del tejido conjuntivo;Hombres;39 Cantabria;12
076 Otras enfermedades del sistema osteomuscular y del tejido conjuntivo;Hombres;12 Castellón/Castelló;6
076 Otras enfermedades del sistema osteomuscular y del tejido conjuntivo;Hombres;13 Ciudad Real;11
076 Otras enfermedades del sistema osteomuscular y del tejido conjuntivo;Hombres;14 Córdoba;5
076 Otras enfermedades del sistema osteomuscular y del tejido conjuntivo;Hombres;15 Coruña, A;14
076 Otras enfermedades del sistema osteomuscular y del tejido conjuntivo;Hombres;16 Cuenca;7
076 Otras enfermedades del sistema osteomuscular y del tejido conjuntivo;Hombres;20 Gipuzkoa;6
076 Otras enfermedades del sistema osteomuscular y del tejido conjuntivo;Hombres;17 Girona;10
076 Otras enfermedades del sistema osteomuscular y del tejido conjuntivo;Hombres;18 Granada;8
076 Otras enfermedades del sistema osteomuscular y del tejido conjuntivo;Hombres;19 Guadalajara;2
076 Otras enfermedades del sistema osteomuscular y del tejido conjuntivo;Hombres;21 Huelva;6
076 Otras enfermedades del sistema osteomuscular y del tejido conjuntivo;Hombres;22 Huesca;6
076 Otras enfermedades del sistema osteomuscular y del tejido conjuntivo;Hombres;23 Jaén;9
076 Otras enfermedades del sistema osteomuscular y del tejido conjuntivo;Hombres;24 León;9
076 Otras enfermedades del sistema osteomuscular y del tejido conjuntivo;Hombres;25 Lleida;6
076 Otras enfermedades del sistema osteomuscular y del tejido conjuntivo;Hombres;27 Lugo;8
076 Otras enfermedades del sistema osteomuscular y del tejido conjuntivo;Hombres;28 Madrid;75
076 Otras enfermedades del sistema osteomuscular y del tejido conjuntivo;Hombres;29 Málaga;17
076 Otras enfermedades del sistema osteomuscular y del tejido conjuntivo;Hombres;30 Murcia;15
076 Otras enfermedades del sistema osteomuscular y del tejido conjuntivo;Hombres;31 Navarra;6
076 Otras enfermedades del sistema osteomuscular y del tejido conjuntivo;Hombres;32 Ourense;7
076 Otras enfermedades del sistema osteomuscular y del tejido conjuntivo;Hombres;34 Palencia;4
076 Otras enfermedades del sistema osteomuscular y del tejido conjuntivo;Hombres;35 Palmas, Las;12
076 Otras enfermedades del sistema osteomuscular y del tejido conjuntivo;Hombres;36 Pontevedra;8
076 Otras enfermedades del sistema osteomuscular y del tejido conjuntivo;Hombres;26 Rioja, La;2
076 Otras enfermedades del sistema osteomuscular y del tejido conjuntivo;Hombres;37 Salamanca;8
076 Otras enfermedades del sistema osteomuscular y del tejido conjuntivo;Hombres;38 Santa Cruz de Tenerife;13
076 Otras enfermedades del sistema osteomuscular y del tejido conjuntivo;Hombres;40 Segovia;4
076 Otras enfermedades del sistema osteomuscular y del tejido conjuntivo;Hombres;41 Sevilla;22
076 Otras enfermedades del sistema osteomuscular y del tejido conjuntivo;Hombres;42 Soria;5
076 Otras enfermedades del sistema osteomuscular y del tejido conjuntivo;Hombres;43 Tarragona;17
076 Otras enfermedades del sistema osteomuscular y del tejido conjuntivo;Hombres;44 Teruel;1
076 Otras enfermedades del sistema osteomuscular y del tejido conjuntivo;Hombres;45 Toledo;10
076 Otras enfermedades del sistema osteomuscular y del tejido conjuntivo;Hombres;46 Valencia/València;38
076 Otras enfermedades del sistema osteomuscular y del tejido conjuntivo;Hombres;47 Valladolid;7
076 Otras enfermedades del sistema osteomuscular y del tejido conjuntivo;Hombres;49 Zamora;2
076 Otras enfermedades del sistema osteomuscular y del tejido conjuntivo;Hombres;50 Zaragoza;21
076 Otras enfermedades del sistema osteomuscular y del tejido conjuntivo;Hombres;51 Ceuta;1
076 Otras enfermedades del sistema osteomuscular y del tejido conjuntivo;Hombres;52 Melilla;3
076 Otras enfermedades del sistema osteomuscular y del tejido conjuntivo;Hombres;Extranjero;5
076 Otras enfermedades del sistema osteomuscular y del tejido conjuntivo;Mujeres;Total;852
076 Otras enfermedades del sistema osteomuscular y del tejido conjuntivo;Mujeres;02 Albacete;10
076 Otras enfermedades del sistema osteomuscular y del tejido conjuntivo;Mujeres;03 Alicante/Alacant;40
076 Otras enfermedades del sistema osteomuscular y del tejido conjuntivo;Mujeres;04 Almería;10
076 Otras enfermedades del sistema osteomuscular y del tejido conjuntivo;Mujeres;01 Araba/Álava;5
076 Otras enfermedades del sistema osteomuscular y del tejido conjuntivo;Mujeres;33 Asturias;37
076 Otras enfermedades del sistema osteomuscular y del tejido conjuntivo;Mujeres;05 Ávila;5
076 Otras enfermedades del sistema osteomuscular y del tejido conjuntivo;Mujeres;06 Badajoz;12
076 Otras enfermedades del sistema osteomuscular y del tejido conjuntivo;Mujeres;07 Balears, Illes;16
076 Otras enfermedades del sistema osteomuscular y del tejido conjuntivo;Mujeres;08 Barcelona;99
076 Otras enfermedades del sistema osteomuscular y del tejido conjuntivo;Mujeres;48 Bizkaia;18
076 Otras enfermedades del sistema osteomuscular y del tejido conjuntivo;Mujeres;09 Burgos;3
076 Otras enfermedades del sistema osteomuscular y del tejido conjuntivo;Mujeres;10 Cáceres;6
076 Otras enfermedades del sistema osteomuscular y del tejido conjuntivo;Mujeres;11 Cádiz;27
076 Otras enfermedades del sistema osteomuscular y del tejido conjuntivo;Mujeres;39 Cantabria;11
076 Otras enfermedades del sistema osteomuscular y del tejido conjuntivo;Mujeres;12 Castellón/Castelló;14
076 Otras enfermedades del sistema osteomuscular y del tejido conjuntivo;Mujeres;13 Ciudad Real;17
076 Otras enfermedades del sistema osteomuscular y del tejido conjuntivo;Mujeres;14 Córdoba;11
076 Otras enfermedades del sistema osteomuscular y del tejido conjuntivo;Mujeres;15 Coruña, A;20
076 Otras enfermedades del sistema osteomuscular y del tejido conjuntivo;Mujeres;16 Cuenca;5
076 Otras enfermedades del sistema osteomuscular y del tejido conjuntivo;Mujeres;20 Gipuzkoa;11
076 Otras enfermedades del sistema osteomuscular y del tejido conjuntivo;Mujeres;17 Girona;12
076 Otras enfermedades del sistema osteomuscular y del tejido conjuntivo;Mujeres;18 Granada;18
076 Otras enfermedades del sistema osteomuscular y del tejido conjuntivo;Mujeres;19 Guadalajara;2
076 Otras enfermedades del sistema osteomuscular y del tejido conjuntivo;Mujeres;21 Huelva;9
076 Otras enfermedades del sistema osteomuscular y del tejido conjuntivo;Mujeres;22 Huesca;2
076 Otras enfermedades del sistema osteomuscular y del tejido conjuntivo;Mujeres;23 Jaén;7
076 Otras enfermedades del sistema osteomuscular y del tejido conjuntivo;Mujeres;24 León;17
076 Otras enfermedades del sistema osteomuscular y del tejido conjuntivo;Mujeres;25 Lleida;6
076 Otras enfermedades del sistema osteomuscular y del tejido conjuntivo;Mujeres;27 Lugo;3
076 Otras enfermedades del sistema osteomuscular y del tejido conjuntivo;Mujeres;28 Madrid;99
076 Otras enfermedades del sistema osteomuscular y del tejido conjuntivo;Mujeres;29 Málaga;35
076 Otras enfermedades del sistema osteomuscular y del tejido conjuntivo;Mujeres;30 Murcia;19
076 Otras enfermedades del sistema osteomuscular y del tejido conjuntivo;Mujeres;31 Navarra;17
076 Otras enfermedades del sistema osteomuscular y del tejido conjuntivo;Mujeres;32 Ourense;4
076 Otras enfermedades del sistema osteomuscular y del tejido conjuntivo;Mujeres;34 Palencia;6
076 Otras enfermedades del sistema osteomuscular y del tejido conjuntivo;Mujeres;35 Palmas, Las;24
076 Otras enfermedades del sistema osteomuscular y del tejido conjuntivo;Mujeres;36 Pontevedra;12
076 Otras enfermedades del sistema osteomuscular y del tejido conjuntivo;Mujeres;26 Rioja, La;2
076 Otras enfermedades del sistema osteomuscular y del tejido conjuntivo;Mujeres;37 Salamanca;7
076 Otras enfermedades del sistema osteomuscular y del tejido conjuntivo;Mujeres;38 Santa Cruz de Tenerife;16
076 Otras enfermedades del sistema osteomuscular y del tejido conjuntivo;Mujeres;40 Segovia;3
076 Otras enfermedades del sistema osteomuscular y del tejido conjuntivo;Mujeres;41 Sevilla;44
076 Otras enfermedades del sistema osteomuscular y del tejido conjuntivo;Mujeres;42 Soria;1
076 Otras enfermedades del sistema osteomuscular y del tejido conjuntivo;Mujeres;43 Tarragona;14
076 Otras enfermedades del sistema osteomuscular y del tejido conjuntivo;Mujeres;44 Teruel;1
076 Otras enfermedades del sistema osteomuscular y del tejido conjuntivo;Mujeres;45 Toledo;17
076 Otras enfermedades del sistema osteomuscular y del tejido conjuntivo;Mujeres;46 Valencia/València;39
076 Otras enfermedades del sistema osteomuscular y del tejido conjuntivo;Mujeres;47 Valladolid;12
076 Otras enfermedades del sistema osteomuscular y del tejido conjuntivo;Mujeres;49 Zamora;3
076 Otras enfermedades del sistema osteomuscular y del tejido conjuntivo;Mujeres;50 Zaragoza;21
076 Otras enfermedades del sistema osteomuscular y del tejido conjuntivo;Mujeres;51 Ceuta;1
076 Otras enfermedades del sistema osteomuscular y del tejido conjuntivo;Mujeres;52 Melilla;1
076 Otras enfermedades del sistema osteomuscular y del tejido conjuntivo;Mujeres;Extranjero;1
077-080 XIV.Enfermedades del sistema genitourinario;Hombres;Total;6.235
077-080 XIV.Enfermedades del sistema genitourinario;Hombres;02 Albacete;63
077-080 XIV.Enfermedades del sistema genitourinario;Hombres;03 Alicante/Alacant;277
077-080 XIV.Enfermedades del sistema genitourinario;Hombres;04 Almería;67
077-080 XIV.Enfermedades del sistema genitourinario;Hombres;01 Araba/Álava;32
077-080 XIV.Enfermedades del sistema genitourinario;Hombres;33 Asturias;182
077-080 XIV.Enfermedades del sistema genitourinario;Hombres;05 Ávila;29
077-080 XIV.Enfermedades del sistema genitourinario;Hombres;06 Badajoz;90
077-080 XIV.Enfermedades del sistema genitourinario;Hombres;07 Balears, Illes;110
077-080 XIV.Enfermedades del sistema genitourinario;Hombres;08 Barcelona;694
077-080 XIV.Enfermedades del sistema genitourinario;Hombres;48 Bizkaia;162
077-080 XIV.Enfermedades del sistema genitourinario;Hombres;09 Burgos;53
077-080 XIV.Enfermedades del sistema genitourinario;Hombres;10 Cáceres;67
077-080 XIV.Enfermedades del sistema genitourinario;Hombres;11 Cádiz;181
077-080 XIV.Enfermedades del sistema genitourinario;Hombres;39 Cantabria;89
077-080 XIV.Enfermedades del sistema genitourinario;Hombres;12 Castellón/Castelló;85
077-080 XIV.Enfermedades del sistema genitourinario;Hombres;13 Ciudad Real;76
077-080 XIV.Enfermedades del sistema genitourinario;Hombres;14 Córdoba;99
077-080 XIV.Enfermedades del sistema genitourinario;Hombres;15 Coruña, A;152
077-080 XIV.Enfermedades del sistema genitourinario;Hombres;16 Cuenca;44
077-080 XIV.Enfermedades del sistema genitourinario;Hombres;20 Gipuzkoa;92
077-080 XIV.Enfermedades del sistema genitourinario;Hombres;17 Girona;74
077-080 XIV.Enfermedades del sistema genitourinario;Hombres;18 Granada;138
077-080 XIV.Enfermedades del sistema genitourinario;Hombres;19 Guadalajara;39
077-080 XIV.Enfermedades del sistema genitourinario;Hombres;21 Huelva;59
077-080 XIV.Enfermedades del sistema genitourinario;Hombres;22 Huesca;45
077-080 XIV.Enfermedades del sistema genitourinario;Hombres;23 Jaén;95
077-080 XIV.Enfermedades del sistema genitourinario;Hombres;24 León;102
077-080 XIV.Enfermedades del sistema genitourinario;Hombres;25 Lleida;84
077-080 XIV.Enfermedades del sistema genitourinario;Hombres;27 Lugo;65
077-080 XIV.Enfermedades del sistema genitourinario;Hombres;28 Madrid;672
077-080 XIV.Enfermedades del sistema genitourinario;Hombres;29 Málaga;187
077-080 XIV.Enfermedades del sistema genitourinario;Hombres;30 Murcia;193
077-080 XIV.Enfermedades del sistema genitourinario;Hombres;31 Navarra;79
077-080 XIV.Enfermedades del sistema genitourinario;Hombres;32 Ourense;60
077-080 XIV.Enfermedades del sistema genitourinario;Hombres;34 Palencia;24
077-080 XIV.Enfermedades del sistema genitourinario;Hombres;35 Palmas, Las;105
077-080 XIV.Enfermedades del sistema genitourinario;Hombres;36 Pontevedra;121
077-080 XIV.Enfermedades del sistema genitourinario;Hombres;26 Rioja, La;45
077-080 XIV.Enfermedades del sistema genitourinario;Hombres;37 Salamanca;57
077-080 XIV.Enfermedades del sistema genitourinario;Hombres;38 Santa Cruz de Tenerife;91
077-080 XIV.Enfermedades del sistema genitourinario;Hombres;40 Segovia;28
077-080 XIV.Enfermedades del sistema genitourinario;Hombres;41 Sevilla;243
077-080 XIV.Enfermedades del sistema genitourinario;Hombres;42 Soria;22
077-080 XIV.Enfermedades del sistema genitourinario;Hombres;43 Tarragona;132
077-080 XIV.Enfermedades del sistema genitourinario;Hombres;44 Teruel;34
077-080 XIV.Enfermedades del sistema genitourinario;Hombres;45 Toledo;98
077-080 XIV.Enfermedades del sistema genitourinario;Hombres;46 Valencia/València;396
077-080 XIV.Enfermedades del sistema genitourinario;Hombres;47 Valladolid;75
077-080 XIV.Enfermedades del sistema genitourinario;Hombres;49 Zamora;38
077-080 XIV.Enfermedades del sistema genitourinario;Hombres;50 Zaragoza;154
077-080 XIV.Enfermedades del sistema genitourinario;Hombres;51 Ceuta;10
077-080 XIV.Enfermedades del sistema genitourinario;Hombres;52 Melilla;6
077-080 XIV.Enfermedades del sistema genitourinario;Hombres;Extranjero;20
077-080 XIV.Enfermedades del sistema genitourinario;Mujeres;Total;7.888
077-080 XIV.Enfermedades del sistema genitourinario;Mujeres;02 Albacete;81
077-080 XIV.Enfermedades del sistema genitourinario;Mujeres;03 Alicante/Alacant;287
077-080 XIV.Enfermedades del sistema genitourinario;Mujeres;04 Almería;102
077-080 XIV.Enfermedades del sistema genitourinario;Mujeres;01 Araba/Álava;30
077-080 XIV.Enfermedades del sistema genitourinario;Mujeres;33 Asturias;240
077-080 XIV.Enfermedades del sistema genitourinario;Mujeres;05 Ávila;29
077-080 XIV.Enfermedades del sistema genitourinario;Mujeres;06 Badajoz;146
077-080 XIV.Enfermedades del sistema genitourinario;Mujeres;07 Balears, Illes;162
077-080 XIV.Enfermedades del sistema genitourinario;Mujeres;08 Barcelona;888
077-080 XIV.Enfermedades del sistema genitourinario;Mujeres;48 Bizkaia;200
077-080 XIV.Enfermedades del sistema genitourinario;Mujeres;09 Burgos;81
077-080 XIV.Enfermedades del sistema genitourinario;Mujeres;10 Cáceres;92
077-080 XIV.Enfermedades del sistema genitourinario;Mujeres;11 Cádiz;208
077-080 XIV.Enfermedades del sistema genitourinario;Mujeres;39 Cantabria;99
077-080 XIV.Enfermedades del sistema genitourinario;Mujeres;12 Castellón/Castelló;111
077-080 XIV.Enfermedades del sistema genitourinario;Mujeres;13 Ciudad Real;132
077-080 XIV.Enfermedades del sistema genitourinario;Mujeres;14 Córdoba;145
077-080 XIV.Enfermedades del sistema genitourinario;Mujeres;15 Coruña, A;209
077-080 XIV.Enfermedades del sistema genitourinario;Mujeres;16 Cuenca;46
077-080 XIV.Enfermedades del sistema genitourinario;Mujeres;20 Gipuzkoa;103
077-080 XIV.Enfermedades del sistema genitourinario;Mujeres;17 Girona;101
077-080 XIV.Enfermedades del sistema genitourinario;Mujeres;18 Granada;144
077-080 XIV.Enfermedades del sistema genitourinario;Mujeres;19 Guadalajara;36
077-080 XIV.Enfermedades del sistema genitourinario;Mujeres;21 Huelva;64
077-080 XIV.Enfermedades del sistema genitourinario;Mujeres;22 Huesca;41
077-080 XIV.Enfermedades del sistema genitourinario;Mujeres;23 Jaén;142
077-080 XIV.Enfermedades del sistema genitourinario;Mujeres;24 León;120
077-080 XIV.Enfermedades del sistema genitourinario;Mujeres;25 Lleida;79
077-080 XIV.Enfermedades del sistema genitourinario;Mujeres;27 Lugo;71
077-080 XIV.Enfermedades del sistema genitourinario;Mujeres;28 Madrid;898
077-080 XIV.Enfermedades del sistema genitourinario;Mujeres;29 Málaga;187
077-080 XIV.Enfermedades del sistema genitourinario;Mujeres;30 Murcia;280
077-080 XIV.Enfermedades del sistema genitourinario;Mujeres;31 Navarra;89
077-080 XIV.Enfermedades del sistema genitourinario;Mujeres;32 Ourense;80
077-080 XIV.Enfermedades del sistema genitourinario;Mujeres;34 Palencia;37
077-080 XIV.Enfermedades del sistema genitourinario;Mujeres;35 Palmas, Las;132
077-080 XIV.Enfermedades del sistema genitourinario;Mujeres;36 Pontevedra;207
077-080 XIV.Enfermedades del sistema genitourinario;Mujeres;26 Rioja, La;50
077-080 XIV.Enfermedades del sistema genitourinario;Mujeres;37 Salamanca;71
077-080 XIV.Enfermedades del sistema genitourinario;Mujeres;38 Santa Cruz de Tenerife;140
077-080 XIV.Enfermedades del sistema genitourinario;Mujeres;40 Segovia;37
077-080 XIV.Enfermedades del sistema genitourinario;Mujeres;41 Sevilla;315
077-080 XIV.Enfermedades del sistema genitourinario;Mujeres;42 Soria;16
077-080 XIV.Enfermedades del sistema genitourinario;Mujeres;43 Tarragona;139
077-080 XIV.Enfermedades del sistema genitourinario;Mujeres;44 Teruel;32
077-080 XIV.Enfermedades del sistema genitourinario;Mujeres;45 Toledo;134
077-080 XIV.Enfermedades del sistema genitourinario;Mujeres;46 Valencia/València;480
077-080 XIV.Enfermedades del sistema genitourinario;Mujeres;47 Valladolid;106
077-080 XIV.Enfermedades del sistema genitourinario;Mujeres;49 Zamora;46
077-080 XIV.Enfermedades del sistema genitourinario;Mujeres;50 Zaragoza;191
077-080 XIV.Enfermedades del sistema genitourinario;Mujeres;51 Ceuta;12
077-080 XIV.Enfermedades del sistema genitourinario;Mujeres;52 Melilla;13
077-080 XIV.Enfermedades del sistema genitourinario;Mujeres;Extranjero;7
077 Enfermedades del riñón y del uréter;Hombres;Total;3.680
077 Enfermedades del riñón y del uréter;Hombres;02 Albacete;32
077 Enfermedades del riñón y del uréter;Hombres;03 Alicante/Alacant;165
077 Enfermedades del riñón y del uréter;Hombres;04 Almería;47
077 Enfermedades del riñón y del uréter;Hombres;01 Araba/Álava;24
077 Enfermedades del riñón y del uréter;Hombres;33 Asturias;100
077 Enfermedades del riñón y del uréter;Hombres;05 Ávila;14
077 Enfermedades del riñón y del uréter;Hombres;06 Badajoz;52
077 Enfermedades del riñón y del uréter;Hombres;07 Balears, Illes;70
077 Enfermedades del riñón y del uréter;Hombres;08 Barcelona;442
077 Enfermedades del riñón y del uréter;Hombres;48 Bizkaia;98
077 Enfermedades del riñón y del uréter;Hombres;09 Burgos;28
077 Enfermedades del riñón y del uréter;Hombres;10 Cáceres;31
077 Enfermedades del riñón y del uréter;Hombres;11 Cádiz;106
077 Enfermedades del riñón y del uréter;Hombres;39 Cantabria;64
077 Enfermedades del riñón y del uréter;Hombres;12 Castellón/Castelló;49
077 Enfermedades del riñón y del uréter;Hombres;13 Ciudad Real;41
077 Enfermedades del riñón y del uréter;Hombres;14 Córdoba;71
077 Enfermedades del riñón y del uréter;Hombres;15 Coruña, A;80
077 Enfermedades del riñón y del uréter;Hombres;16 Cuenca;26
077 Enfermedades del riñón y del uréter;Hombres;20 Gipuzkoa;65
077 Enfermedades del riñón y del uréter;Hombres;17 Girona;49
077 Enfermedades del riñón y del uréter;Hombres;18 Granada;82
077 Enfermedades del riñón y del uréter;Hombres;19 Guadalajara;21
077 Enfermedades del riñón y del uréter;Hombres;21 Huelva;45
077 Enfermedades del riñón y del uréter;Hombres;22 Huesca;23
077 Enfermedades del riñón y del uréter;Hombres;23 Jaén;61
077 Enfermedades del riñón y del uréter;Hombres;24 León;53
077 Enfermedades del riñón y del uréter;Hombres;25 Lleida;48
077 Enfermedades del riñón y del uréter;Hombres;27 Lugo;38
077 Enfermedades del riñón y del uréter;Hombres;28 Madrid;368
077 Enfermedades del riñón y del uréter;Hombres;29 Málaga;108
077 Enfermedades del riñón y del uréter;Hombres;30 Murcia;102
077 Enfermedades del riñón y del uréter;Hombres;31 Navarra;50
077 Enfermedades del riñón y del uréter;Hombres;32 Ourense;36
077 Enfermedades del riñón y del uréter;Hombres;34 Palencia;12
077 Enfermedades del riñón y del uréter;Hombres;35 Palmas, Las;60
077 Enfermedades del riñón y del uréter;Hombres;36 Pontevedra;72
077 Enfermedades del riñón y del uréter;Hombres;26 Rioja, La;29
077 Enfermedades del riñón y del uréter;Hombres;37 Salamanca;25
077 Enfermedades del riñón y del uréter;Hombres;38 Santa Cruz de Tenerife;44
077 Enfermedades del riñón y del uréter;Hombres;40 Segovia;18
077 Enfermedades del riñón y del uréter;Hombres;41 Sevilla;140
077 Enfermedades del riñón y del uréter;Hombres;42 Soria;12
077 Enfermedades del riñón y del uréter;Hombres;43 Tarragona;85
077 Enfermedades del riñón y del uréter;Hombres;44 Teruel;24
077 Enfermedades del riñón y del uréter;Hombres;45 Toledo;50
077 Enfermedades del riñón y del uréter;Hombres;46 Valencia/València;222
077 Enfermedades del riñón y del uréter;Hombres;47 Valladolid;43
077 Enfermedades del riñón y del uréter;Hombres;49 Zamora;24
077 Enfermedades del riñón y del uréter;Hombres;50 Zaragoza;112
077 Enfermedades del riñón y del uréter;Hombres;51 Ceuta;4
077 Enfermedades del riñón y del uréter;Hombres;52 Melilla;5
077 Enfermedades del riñón y del uréter;Hombres;Extranjero;10
077 Enfermedades del riñón y del uréter;Mujeres;Total;4.250
077 Enfermedades del riñón y del uréter;Mujeres;02 Albacete;46
077 Enfermedades del riñón y del uréter;Mujeres;03 Alicante/Alacant;174
077 Enfermedades del riñón y del uréter;Mujeres;04 Almería;60
077 Enfermedades del riñón y del uréter;Mujeres;01 Araba/Álava;14
077 Enfermedades del riñón y del uréter;Mujeres;33 Asturias;89
077 Enfermedades del riñón y del uréter;Mujeres;05 Ávila;11
077 Enfermedades del riñón y del uréter;Mujeres;06 Badajoz;73
077 Enfermedades del riñón y del uréter;Mujeres;07 Balears, Illes;83
077 Enfermedades del riñón y del uréter;Mujeres;08 Barcelona;574
077 Enfermedades del riñón y del uréter;Mujeres;48 Bizkaia;118
077 Enfermedades del riñón y del uréter;Mujeres;09 Burgos;44
077 Enfermedades del riñón y del uréter;Mujeres;10 Cáceres;46
077 Enfermedades del riñón y del uréter;Mujeres;11 Cádiz;108
077 Enfermedades del riñón y del uréter;Mujeres;39 Cantabria;54
077 Enfermedades del riñón y del uréter;Mujeres;12 Castellón/Castelló;64
077 Enfermedades del riñón y del uréter;Mujeres;13 Ciudad Real;56
077 Enfermedades del riñón y del uréter;Mujeres;14 Córdoba;97
077 Enfermedades del riñón y del uréter;Mujeres;15 Coruña, A;115
077 Enfermedades del riñón y del uréter;Mujeres;16 Cuenca;24
077 Enfermedades del riñón y del uréter;Mujeres;20 Gipuzkoa;71
077 Enfermedades del riñón y del uréter;Mujeres;17 Girona;64
077 Enfermedades del riñón y del uréter;Mujeres;18 Granada;77
077 Enfermedades del riñón y del uréter;Mujeres;19 Guadalajara;18
077 Enfermedades del riñón y del uréter;Mujeres;21 Huelva;36
077 Enfermedades del riñón y del uréter;Mujeres;22 Huesca;28
077 Enfermedades del riñón y del uréter;Mujeres;23 Jaén;98
077 Enfermedades del riñón y del uréter;Mujeres;24 León;59
077 Enfermedades del riñón y del uréter;Mujeres;25 Lleida;50
077 Enfermedades del riñón y del uréter;Mujeres;27 Lugo;38
077 Enfermedades del riñón y del uréter;Mujeres;28 Madrid;440
077 Enfermedades del riñón y del uréter;Mujeres;29 Málaga;95
077 Enfermedades del riñón y del uréter;Mujeres;30 Murcia;126
077 Enfermedades del riñón y del uréter;Mujeres;31 Navarra;52
077 Enfermedades del riñón y del uréter;Mujeres;32 Ourense;32
077 Enfermedades del riñón y del uréter;Mujeres;34 Palencia;19
077 Enfermedades del riñón y del uréter;Mujeres;35 Palmas, Las;64
077 Enfermedades del riñón y del uréter;Mujeres;36 Pontevedra;86
077 Enfermedades del riñón y del uréter;Mujeres;26 Rioja, La;30
077 Enfermedades del riñón y del uréter;Mujeres;37 Salamanca;31
077 Enfermedades del riñón y del uréter;Mujeres;38 Santa Cruz de Tenerife;46
077 Enfermedades del riñón y del uréter;Mujeres;40 Segovia;22
077 Enfermedades del riñón y del uréter;Mujeres;41 Sevilla;177
077 Enfermedades del riñón y del uréter;Mujeres;42 Soria;10
077 Enfermedades del riñón y del uréter;Mujeres;43 Tarragona;79
077 Enfermedades del riñón y del uréter;Mujeres;44 Teruel;16
077 Enfermedades del riñón y del uréter;Mujeres;45 Toledo;75
077 Enfermedades del riñón y del uréter;Mujeres;46 Valencia/València;250
077 Enfermedades del riñón y del uréter;Mujeres;47 Valladolid;37
077 Enfermedades del riñón y del uréter;Mujeres;49 Zamora;30
077 Enfermedades del riñón y del uréter;Mujeres;50 Zaragoza;127
077 Enfermedades del riñón y del uréter;Mujeres;51 Ceuta;7
077 Enfermedades del riñón y del uréter;Mujeres;52 Melilla;8
077 Enfermedades del riñón y del uréter;Mujeres;Extranjero;2
078 Enfermedades de los órganos genitales masculinos;Hombres;Total;300
078 Enfermedades de los órganos genitales masculinos;Hombres;02 Albacete;3
078 Enfermedades de los órganos genitales masculinos;Hombres;03 Alicante/Alacant;10
078 Enfermedades de los órganos genitales masculinos;Hombres;04 Almería;4
078 Enfermedades de los órganos genitales masculinos;Hombres;01 Araba/Álava;0
078 Enfermedades de los órganos genitales masculinos;Hombres;33 Asturias;7
078 Enfermedades de los órganos genitales masculinos;Hombres;05 Ávila;2
078 Enfermedades de los órganos genitales masculinos;Hombres;06 Badajoz;5
078 Enfermedades de los órganos genitales masculinos;Hombres;07 Balears, Illes;4
078 Enfermedades de los órganos genitales masculinos;Hombres;08 Barcelona;37
078 Enfermedades de los órganos genitales masculinos;Hombres;48 Bizkaia;12
078 Enfermedades de los órganos genitales masculinos;Hombres;09 Burgos;6
078 Enfermedades de los órganos genitales masculinos;Hombres;10 Cáceres;3
078 Enfermedades de los órganos genitales masculinos;Hombres;11 Cádiz;8
078 Enfermedades de los órganos genitales masculinos;Hombres;39 Cantabria;5
078 Enfermedades de los órganos genitales masculinos;Hombres;12 Castellón/Castelló;5
078 Enfermedades de los órganos genitales masculinos;Hombres;13 Ciudad Real;2
078 Enfermedades de los órganos genitales masculinos;Hombres;14 Córdoba;5
078 Enfermedades de los órganos genitales masculinos;Hombres;15 Coruña, A;7
078 Enfermedades de los órganos genitales masculinos;Hombres;16 Cuenca;2
078 Enfermedades de los órganos genitales masculinos;Hombres;20 Gipuzkoa;6
078 Enfermedades de los órganos genitales masculinos;Hombres;17 Girona;1
078 Enfermedades de los órganos genitales masculinos;Hombres;18 Granada;5
078 Enfermedades de los órganos genitales masculinos;Hombres;19 Guadalajara;2
078 Enfermedades de los órganos genitales masculinos;Hombres;21 Huelva;3
078 Enfermedades de los órganos genitales masculinos;Hombres;22 Huesca;2
078 Enfermedades de los órganos genitales masculinos;Hombres;23 Jaén;4
078 Enfermedades de los órganos genitales masculinos;Hombres;24 León;4
078 Enfermedades de los órganos genitales masculinos;Hombres;25 Lleida;6
078 Enfermedades de los órganos genitales masculinos;Hombres;27 Lugo;2
078 Enfermedades de los órganos genitales masculinos;Hombres;28 Madrid;38
078 Enfermedades de los órganos genitales masculinos;Hombres;29 Málaga;11
078 Enfermedades de los órganos genitales masculinos;Hombres;30 Murcia;8
078 Enfermedades de los órganos genitales masculinos;Hombres;31 Navarra;1
078 Enfermedades de los órganos genitales masculinos;Hombres;32 Ourense;3
078 Enfermedades de los órganos genitales masculinos;Hombres;34 Palencia;1
078 Enfermedades de los órganos genitales masculinos;Hombres;35 Palmas, Las;5
078 Enfermedades de los órganos genitales masculinos;Hombres;36 Pontevedra;4
078 Enfermedades de los órganos genitales masculinos;Hombres;26 Rioja, La;2
078 Enfermedades de los órganos genitales masculinos;Hombres;37 Salamanca;6
078 Enfermedades de los órganos genitales masculinos;Hombres;38 Santa Cruz de Tenerife;7
078 Enfermedades de los órganos genitales masculinos;Hombres;40 Segovia;1
078 Enfermedades de los órganos genitales masculinos;Hombres;41 Sevilla;12
078 Enfermedades de los órganos genitales masculinos;Hombres;42 Soria;0
078 Enfermedades de los órganos genitales masculinos;Hombres;43 Tarragona;9
078 Enfermedades de los órganos genitales masculinos;Hombres;44 Teruel;2
078 Enfermedades de los órganos genitales masculinos;Hombres;45 Toledo;4
078 Enfermedades de los órganos genitales masculinos;Hombres;46 Valencia/València;14
078 Enfermedades de los órganos genitales masculinos;Hombres;47 Valladolid;5
078 Enfermedades de los órganos genitales masculinos;Hombres;49 Zamora;1
078 Enfermedades de los órganos genitales masculinos;Hombres;50 Zaragoza;4
078 Enfermedades de los órganos genitales masculinos;Hombres;51 Ceuta;0
078 Enfermedades de los órganos genitales masculinos;Hombres;52 Melilla;0
078 Enfermedades de los órganos genitales masculinos;Hombres;Extranjero;0
078 Enfermedades de los órganos genitales masculinos;Mujeres;Total;0
078 Enfermedades de los órganos genitales masculinos;Mujeres;02 Albacete;0
078 Enfermedades de los órganos genitales masculinos;Mujeres;03 Alicante/Alacant;0
078 Enfermedades de los órganos genitales masculinos;Mujeres;04 Almería;0
078 Enfermedades de los órganos genitales masculinos;Mujeres;01 Araba/Álava;0
078 Enfermedades de los órganos genitales masculinos;Mujeres;33 Asturias;0
078 Enfermedades de los órganos genitales masculinos;Mujeres;05 Ávila;0
078 Enfermedades de los órganos genitales masculinos;Mujeres;06 Badajoz;0
078 Enfermedades de los órganos genitales masculinos;Mujeres;07 Balears, Illes;0
078 Enfermedades de los órganos genitales masculinos;Mujeres;08 Barcelona;0
078 Enfermedades de los órganos genitales masculinos;Mujeres;48 Bizkaia;0
078 Enfermedades de los órganos genitales masculinos;Mujeres;09 Burgos;0
078 Enfermedades de los órganos genitales masculinos;Mujeres;10 Cáceres;0
078 Enfermedades de los órganos genitales masculinos;Mujeres;11 Cádiz;0
078 Enfermedades de los órganos genitales masculinos;Mujeres;39 Cantabria;0
078 Enfermedades de los órganos genitales masculinos;Mujeres;12 Castellón/Castelló;0
078 Enfermedades de los órganos genitales masculinos;Mujeres;13 Ciudad Real;0
078 Enfermedades de los órganos genitales masculinos;Mujeres;14 Córdoba;0
078 Enfermedades de los órganos genitales masculinos;Mujeres;15 Coruña, A;0
078 Enfermedades de los órganos genitales masculinos;Mujeres;16 Cuenca;0
078 Enfermedades de los órganos genitales masculinos;Mujeres;20 Gipuzkoa;0
078 Enfermedades de los órganos genitales masculinos;Mujeres;17 Girona;0
078 Enfermedades de los órganos genitales masculinos;Mujeres;18 Granada;0
078 Enfermedades de los órganos genitales masculinos;Mujeres;19 Guadalajara;0
078 Enfermedades de los órganos genitales masculinos;Mujeres;21 Huelva;0
078 Enfermedades de los órganos genitales masculinos;Mujeres;22 Huesca;0
078 Enfermedades de los órganos genitales masculinos;Mujeres;23 Jaén;0
078 Enfermedades de los órganos genitales masculinos;Mujeres;24 León;0
078 Enfermedades de los órganos genitales masculinos;Mujeres;25 Lleida;0
078 Enfermedades de los órganos genitales masculinos;Mujeres;27 Lugo;0
078 Enfermedades de los órganos genitales masculinos;Mujeres;28 Madrid;0
078 Enfermedades de los órganos genitales masculinos;Mujeres;29 Málaga;0
078 Enfermedades de los órganos genitales masculinos;Mujeres;30 Murcia;0
078 Enfermedades de los órganos genitales masculinos;Mujeres;31 Navarra;0
078 Enfermedades de los órganos genitales masculinos;Mujeres;32 Ourense;0
078 Enfermedades de los órganos genitales masculinos;Mujeres;34 Palencia;0
078 Enfermedades de los órganos genitales masculinos;Mujeres;35 Palmas, Las;0
078 Enfermedades de los órganos genitales masculinos;Mujeres;36 Pontevedra;0
078 Enfermedades de los órganos genitales masculinos;Mujeres;26 Rioja, La;0
078 Enfermedades de los órganos genitales masculinos;Mujeres;37 Salamanca;0
078 Enfermedades de los órganos genitales masculinos;Mujeres;38 Santa Cruz de Tenerife;0
078 Enfermedades de los órganos genitales masculinos;Mujeres;40 Segovia;0
078 Enfermedades de los órganos genitales masculinos;Mujeres;41 Sevilla;0
078 Enfermedades de los órganos genitales masculinos;Mujeres;42 Soria;0
078 Enfermedades de los órganos genitales masculinos;Mujeres;43 Tarragona;0
078 Enfermedades de los órganos genitales masculinos;Mujeres;44 Teruel;0
078 Enfermedades de los órganos genitales masculinos;Mujeres;45 Toledo;0
078 Enfermedades de los órganos genitales masculinos;Mujeres;46 Valencia/València;0
078 Enfermedades de los órganos genitales masculinos;Mujeres;47 Valladolid;0
078 Enfermedades de los órganos genitales masculinos;Mujeres;49 Zamora;0
078 Enfermedades de los órganos genitales masculinos;Mujeres;50 Zaragoza;0
078 Enfermedades de los órganos genitales masculinos;Mujeres;51 Ceuta;0
078 Enfermedades de los órganos genitales masculinos;Mujeres;52 Melilla;0
078 Enfermedades de los órganos genitales masculinos;Mujeres;Extranjero;0
079 Enfermedades de los órganos genitales femeninos y trastornos de la mama;Hombres;Total;0
079 Enfermedades de los órganos genitales femeninos y trastornos de la mama;Hombres;02 Albacete;0
079 Enfermedades de los órganos genitales femeninos y trastornos de la mama;Hombres;03 Alicante/Alacant;0
079 Enfermedades de los órganos genitales femeninos y trastornos de la mama;Hombres;04 Almería;0
079 Enfermedades de los órganos genitales femeninos y trastornos de la mama;Hombres;01 Araba/Álava;0
079 Enfermedades de los órganos genitales femeninos y trastornos de la mama;Hombres;33 Asturias;0
079 Enfermedades de los órganos genitales femeninos y trastornos de la mama;Hombres;05 Ávila;0
079 Enfermedades de los órganos genitales femeninos y trastornos de la mama;Hombres;06 Badajoz;0
079 Enfermedades de los órganos genitales femeninos y trastornos de la mama;Hombres;07 Balears, Illes;0
079 Enfermedades de los órganos genitales femeninos y trastornos de la mama;Hombres;08 Barcelona;0
079 Enfermedades de los órganos genitales femeninos y trastornos de la mama;Hombres;48 Bizkaia;0
079 Enfermedades de los órganos genitales femeninos y trastornos de la mama;Hombres;09 Burgos;0
079 Enfermedades de los órganos genitales femeninos y trastornos de la mama;Hombres;10 Cáceres;0
079 Enfermedades de los órganos genitales femeninos y trastornos de la mama;Hombres;11 Cádiz;0
079 Enfermedades de los órganos genitales femeninos y trastornos de la mama;Hombres;39 Cantabria;0
079 Enfermedades de los órganos genitales femeninos y trastornos de la mama;Hombres;12 Castellón/Castelló;0
079 Enfermedades de los órganos genitales femeninos y trastornos de la mama;Hombres;13 Ciudad Real;0
079 Enfermedades de los órganos genitales femeninos y trastornos de la mama;Hombres;14 Córdoba;0
079 Enfermedades de los órganos genitales femeninos y trastornos de la mama;Hombres;15 Coruña, A;0
079 Enfermedades de los órganos genitales femeninos y trastornos de la mama;Hombres;16 Cuenca;0
079 Enfermedades de los órganos genitales femeninos y trastornos de la mama;Hombres;20 Gipuzkoa;0
079 Enfermedades de los órganos genitales femeninos y trastornos de la mama;Hombres;17 Girona;0
079 Enfermedades de los órganos genitales femeninos y trastornos de la mama;Hombres;18 Granada;0
079 Enfermedades de los órganos genitales femeninos y trastornos de la mama;Hombres;19 Guadalajara;0
079 Enfermedades de los órganos genitales femeninos y trastornos de la mama;Hombres;21 Huelva;0
079 Enfermedades de los órganos genitales femeninos y trastornos de la mama;Hombres;22 Huesca;0
079 Enfermedades de los órganos genitales femeninos y trastornos de la mama;Hombres;23 Jaén;0
079 Enfermedades de los órganos genitales femeninos y trastornos de la mama;Hombres;24 León;0
079 Enfermedades de los órganos genitales femeninos y trastornos de la mama;Hombres;25 Lleida;0
079 Enfermedades de los órganos genitales femeninos y trastornos de la mama;Hombres;27 Lugo;0
079 Enfermedades de los órganos genitales femeninos y trastornos de la mama;Hombres;28 Madrid;0
079 Enfermedades de los órganos genitales femeninos y trastornos de la mama;Hombres;29 Málaga;0
079 Enfermedades de los órganos genitales femeninos y trastornos de la mama;Hombres;30 Murcia;0
079 Enfermedades de los órganos genitales femeninos y trastornos de la mama;Hombres;31 Navarra;0
079 Enfermedades de los órganos genitales femeninos y trastornos de la mama;Hombres;32 Ourense;0
079 Enfermedades de los órganos genitales femeninos y trastornos de la mama;Hombres;34 Palencia;0
079 Enfermedades de los órganos genitales femeninos y trastornos de la mama;Hombres;35 Palmas, Las;0
079 Enfermedades de los órganos genitales femeninos y trastornos de la mama;Hombres;36 Pontevedra;0
079 Enfermedades de los órganos genitales femeninos y trastornos de la mama;Hombres;26 Rioja, La;0
079 Enfermedades de los órganos genitales femeninos y trastornos de la mama;Hombres;37 Salamanca;0
079 Enfermedades de los órganos genitales femeninos y trastornos de la mama;Hombres;38 Santa Cruz de Tenerife;0
079 Enfermedades de los órganos genitales femeninos y trastornos de la mama;Hombres;40 Segovia;0
079 Enfermedades de los órganos genitales femeninos y trastornos de la mama;Hombres;41 Sevilla;0
079 Enfermedades de los órganos genitales femeninos y trastornos de la mama;Hombres;42 Soria;0
079 Enfermedades de los órganos genitales femeninos y trastornos de la mama;Hombres;43 Tarragona;0
079 Enfermedades de los órganos genitales femeninos y trastornos de la mama;Hombres;44 Teruel;0
079 Enfermedades de los órganos genitales femeninos y trastornos de la mama;Hombres;45 Toledo;0
079 Enfermedades de los órganos genitales femeninos y trastornos de la mama;Hombres;46 Valencia/València;0
079 Enfermedades de los órganos genitales femeninos y trastornos de la mama;Hombres;47 Valladolid;0
079 Enfermedades de los órganos genitales femeninos y trastornos de la mama;Hombres;49 Zamora;0
079 Enfermedades de los órganos genitales femeninos y trastornos de la mama;Hombres;50 Zaragoza;0
079 Enfermedades de los órganos genitales femeninos y trastornos de la mama;Hombres;51 Ceuta;0
079 Enfermedades de los órganos genitales femeninos y trastornos de la mama;Hombres;52 Melilla;0
079 Enfermedades de los órganos genitales femeninos y trastornos de la mama;Hombres;Extranjero;0
079 Enfermedades de los órganos genitales femeninos y trastornos de la mama;Mujeres;Total;112
079 Enfermedades de los órganos genitales femeninos y trastornos de la mama;Mujeres;02 Albacete;2
079 Enfermedades de los órganos genitales femeninos y trastornos de la mama;Mujeres;03 Alicante/Alacant;5
079 Enfermedades de los órganos genitales femeninos y trastornos de la mama;Mujeres;04 Almería;1
079 Enfermedades de los órganos genitales femeninos y trastornos de la mama;Mujeres;01 Araba/Álava;1
079 Enfermedades de los órganos genitales femeninos y trastornos de la mama;Mujeres;33 Asturias;4
079 Enfermedades de los órganos genitales femeninos y trastornos de la mama;Mujeres;05 Ávila;2
079 Enfermedades de los órganos genitales femeninos y trastornos de la mama;Mujeres;06 Badajoz;1
079 Enfermedades de los órganos genitales femeninos y trastornos de la mama;Mujeres;07 Balears, Illes;1
079 Enfermedades de los órganos genitales femeninos y trastornos de la mama;Mujeres;08 Barcelona;16
079 Enfermedades de los órganos genitales femeninos y trastornos de la mama;Mujeres;48 Bizkaia;2
079 Enfermedades de los órganos genitales femeninos y trastornos de la mama;Mujeres;09 Burgos;2
079 Enfermedades de los órganos genitales femeninos y trastornos de la mama;Mujeres;10 Cáceres;0
079 Enfermedades de los órganos genitales femeninos y trastornos de la mama;Mujeres;11 Cádiz;3
079 Enfermedades de los órganos genitales femeninos y trastornos de la mama;Mujeres;39 Cantabria;4
079 Enfermedades de los órganos genitales femeninos y trastornos de la mama;Mujeres;12 Castellón/Castelló;1
079 Enfermedades de los órganos genitales femeninos y trastornos de la mama;Mujeres;13 Ciudad Real;1
079 Enfermedades de los órganos genitales femeninos y trastornos de la mama;Mujeres;14 Córdoba;1
079 Enfermedades de los órganos genitales femeninos y trastornos de la mama;Mujeres;15 Coruña, A;3
079 Enfermedades de los órganos genitales femeninos y trastornos de la mama;Mujeres;16 Cuenca;1
079 Enfermedades de los órganos genitales femeninos y trastornos de la mama;Mujeres;20 Gipuzkoa;1
079 Enfermedades de los órganos genitales femeninos y trastornos de la mama;Mujeres;17 Girona;0
079 Enfermedades de los órganos genitales femeninos y trastornos de la mama;Mujeres;18 Granada;0
079 Enfermedades de los órganos genitales femeninos y trastornos de la mama;Mujeres;19 Guadalajara;0
079 Enfermedades de los órganos genitales femeninos y trastornos de la mama;Mujeres;21 Huelva;0
079 Enfermedades de los órganos genitales femeninos y trastornos de la mama;Mujeres;22 Huesca;0
079 Enfermedades de los órganos genitales femeninos y trastornos de la mama;Mujeres;23 Jaén;2
079 Enfermedades de los órganos genitales femeninos y trastornos de la mama;Mujeres;24 León;1
079 Enfermedades de los órganos genitales femeninos y trastornos de la mama;Mujeres;25 Lleida;1
079 Enfermedades de los órganos genitales femeninos y trastornos de la mama;Mujeres;27 Lugo;0
079 Enfermedades de los órganos genitales femeninos y trastornos de la mama;Mujeres;28 Madrid;10
079 Enfermedades de los órganos genitales femeninos y trastornos de la mama;Mujeres;29 Málaga;2
079 Enfermedades de los órganos genitales femeninos y trastornos de la mama;Mujeres;30 Murcia;3
079 Enfermedades de los órganos genitales femeninos y trastornos de la mama;Mujeres;31 Navarra;3
079 Enfermedades de los órganos genitales femeninos y trastornos de la mama;Mujeres;32 Ourense;3
079 Enfermedades de los órganos genitales femeninos y trastornos de la mama;Mujeres;34 Palencia;1
079 Enfermedades de los órganos genitales femeninos y trastornos de la mama;Mujeres;35 Palmas, Las;1
079 Enfermedades de los órganos genitales femeninos y trastornos de la mama;Mujeres;36 Pontevedra;4
079 Enfermedades de los órganos genitales femeninos y trastornos de la mama;Mujeres;26 Rioja, La;0
079 Enfermedades de los órganos genitales femeninos y trastornos de la mama;Mujeres;37 Salamanca;0
079 Enfermedades de los órganos genitales femeninos y trastornos de la mama;Mujeres;38 Santa Cruz de Tenerife;3
079 Enfermedades de los órganos genitales femeninos y trastornos de la mama;Mujeres;40 Segovia;1
079 Enfermedades de los órganos genitales femeninos y trastornos de la mama;Mujeres;41 Sevilla;4
079 Enfermedades de los órganos genitales femeninos y trastornos de la mama;Mujeres;42 Soria;0
079 Enfermedades de los órganos genitales femeninos y trastornos de la mama;Mujeres;43 Tarragona;3
079 Enfermedades de los órganos genitales femeninos y trastornos de la mama;Mujeres;44 Teruel;0
079 Enfermedades de los órganos genitales femeninos y trastornos de la mama;Mujeres;45 Toledo;1
079 Enfermedades de los órganos genitales femeninos y trastornos de la mama;Mujeres;46 Valencia/València;8
079 Enfermedades de los órganos genitales femeninos y trastornos de la mama;Mujeres;47 Valladolid;6
079 Enfermedades de los órganos genitales femeninos y trastornos de la mama;Mujeres;49 Zamora;1
079 Enfermedades de los órganos genitales femeninos y trastornos de la mama;Mujeres;50 Zaragoza;1
079 Enfermedades de los órganos genitales femeninos y trastornos de la mama;Mujeres;51 Ceuta;0
079 Enfermedades de los órganos genitales femeninos y trastornos de la mama;Mujeres;52 Melilla;1
079 Enfermedades de los órganos genitales femeninos y trastornos de la mama;Mujeres;Extranjero;0
080 Otras enfermedades del sistema genitourinario;Hombres;Total;2.255
080 Otras enfermedades del sistema genitourinario;Hombres;02 Albacete;28
080 Otras enfermedades del sistema genitourinario;Hombres;03 Alicante/Alacant;102
080 Otras enfermedades del sistema genitourinario;Hombres;04 Almería;16
080 Otras enfermedades del sistema genitourinario;Hombres;01 Araba/Álava;8
080 Otras enfermedades del sistema genitourinario;Hombres;33 Asturias;75
080 Otras enfermedades del sistema genitourinario;Hombres;05 Ávila;13
080 Otras enfermedades del sistema genitourinario;Hombres;06 Badajoz;33
080 Otras enfermedades del sistema genitourinario;Hombres;07 Balears, Illes;36
080 Otras enfermedades del sistema genitourinario;Hombres;08 Barcelona;215
080 Otras enfermedades del sistema genitourinario;Hombres;48 Bizkaia;52
080 Otras enfermedades del sistema genitourinario;Hombres;09 Burgos;19
080 Otras enfermedades del sistema genitourinario;Hombres;10 Cáceres;33
080 Otras enfermedades del sistema genitourinario;Hombres;11 Cádiz;67
080 Otras enfermedades del sistema genitourinario;Hombres;39 Cantabria;20
080 Otras enfermedades del sistema genitourinario;Hombres;12 Castellón/Castelló;31
080 Otras enfermedades del sistema genitourinario;Hombres;13 Ciudad Real;33
080 Otras enfermedades del sistema genitourinario;Hombres;14 Córdoba;23
080 Otras enfermedades del sistema genitourinario;Hombres;15 Coruña, A;65
080 Otras enfermedades del sistema genitourinario;Hombres;16 Cuenca;16
080 Otras enfermedades del sistema genitourinario;Hombres;20 Gipuzkoa;21
080 Otras enfermedades del sistema genitourinario;Hombres;17 Girona;24
080 Otras enfermedades del sistema genitourinario;Hombres;18 Granada;51
080 Otras enfermedades del sistema genitourinario;Hombres;19 Guadalajara;16
080 Otras enfermedades del sistema genitourinario;Hombres;21 Huelva;11
080 Otras enfermedades del sistema genitourinario;Hombres;22 Huesca;20
080 Otras enfermedades del sistema genitourinario;Hombres;23 Jaén;30
080 Otras enfermedades del sistema genitourinario;Hombres;24 León;45
080 Otras enfermedades del sistema genitourinario;Hombres;25 Lleida;30
080 Otras enfermedades del sistema genitourinario;Hombres;27 Lugo;25
080 Otras enfermedades del sistema genitourinario;Hombres;28 Madrid;266
080 Otras enfermedades del sistema genitourinario;Hombres;29 Málaga;68
080 Otras enfermedades del sistema genitourinario;Hombres;30 Murcia;83
080 Otras enfermedades del sistema genitourinario;Hombres;31 Navarra;28
080 Otras enfermedades del sistema genitourinario;Hombres;32 Ourense;21
080 Otras enfermedades del sistema genitourinario;Hombres;34 Palencia;11
080 Otras enfermedades del sistema genitourinario;Hombres;35 Palmas, Las;40
080 Otras enfermedades del sistema genitourinario;Hombres;36 Pontevedra;45
080 Otras enfermedades del sistema genitourinario;Hombres;26 Rioja, La;14
080 Otras enfermedades del sistema genitourinario;Hombres;37 Salamanca;26
080 Otras enfermedades del sistema genitourinario;Hombres;38 Santa Cruz de Tenerife;40
080 Otras enfermedades del sistema genitourinario;Hombres;40 Segovia;9
080 Otras enfermedades del sistema genitourinario;Hombres;41 Sevilla;91
080 Otras enfermedades del sistema genitourinario;Hombres;42 Soria;10
080 Otras enfermedades del sistema genitourinario;Hombres;43 Tarragona;38
080 Otras enfermedades del sistema genitourinario;Hombres;44 Teruel;8
080 Otras enfermedades del sistema genitourinario;Hombres;45 Toledo;44
080 Otras enfermedades del sistema genitourinario;Hombres;46 Valencia/València;160
080 Otras enfermedades del sistema genitourinario;Hombres;47 Valladolid;27
080 Otras enfermedades del sistema genitourinario;Hombres;49 Zamora;13
080 Otras enfermedades del sistema genitourinario;Hombres;50 Zaragoza;38
080 Otras enfermedades del sistema genitourinario;Hombres;51 Ceuta;6
080 Otras enfermedades del sistema genitourinario;Hombres;52 Melilla;1
080 Otras enfermedades del sistema genitourinario;Hombres;Extranjero;10
080 Otras enfermedades del sistema genitourinario;Mujeres;Total;3.526
080 Otras enfermedades del sistema genitourinario;Mujeres;02 Albacete;33
080 Otras enfermedades del sistema genitourinario;Mujeres;03 Alicante/Alacant;108
080 Otras enfermedades del sistema genitourinario;Mujeres;04 Almería;41
080 Otras enfermedades del sistema genitourinario;Mujeres;01 Araba/Álava;15
080 Otras enfermedades del sistema genitourinario;Mujeres;33 Asturias;147
080 Otras enfermedades del sistema genitourinario;Mujeres;05 Ávila;16
080 Otras enfermedades del sistema genitourinario;Mujeres;06 Badajoz;72
080 Otras enfermedades del sistema genitourinario;Mujeres;07 Balears, Illes;78
080 Otras enfermedades del sistema genitourinario;Mujeres;08 Barcelona;298
080 Otras enfermedades del sistema genitourinario;Mujeres;48 Bizkaia;80
080 Otras enfermedades del sistema genitourinario;Mujeres;09 Burgos;35
080 Otras enfermedades del sistema genitourinario;Mujeres;10 Cáceres;46
080 Otras enfermedades del sistema genitourinario;Mujeres;11 Cádiz;97
080 Otras enfermedades del sistema genitourinario;Mujeres;39 Cantabria;41
080 Otras enfermedades del sistema genitourinario;Mujeres;12 Castellón/Castelló;46
080 Otras enfermedades del sistema genitourinario;Mujeres;13 Ciudad Real;75
080 Otras enfermedades del sistema genitourinario;Mujeres;14 Córdoba;47
080 Otras enfermedades del sistema genitourinario;Mujeres;15 Coruña, A;91
080 Otras enfermedades del sistema genitourinario;Mujeres;16 Cuenca;21
080 Otras enfermedades del sistema genitourinario;Mujeres;20 Gipuzkoa;31
080 Otras enfermedades del sistema genitourinario;Mujeres;17 Girona;37
080 Otras enfermedades del sistema genitourinario;Mujeres;18 Granada;67
080 Otras enfermedades del sistema genitourinario;Mujeres;19 Guadalajara;18
080 Otras enfermedades del sistema genitourinario;Mujeres;21 Huelva;28
080 Otras enfermedades del sistema genitourinario;Mujeres;22 Huesca;13
080 Otras enfermedades del sistema genitourinario;Mujeres;23 Jaén;42
080 Otras enfermedades del sistema genitourinario;Mujeres;24 León;60
080 Otras enfermedades del sistema genitourinario;Mujeres;25 Lleida;28
080 Otras enfermedades del sistema genitourinario;Mujeres;27 Lugo;33
080 Otras enfermedades del sistema genitourinario;Mujeres;28 Madrid;448
080 Otras enfermedades del sistema genitourinario;Mujeres;29 Málaga;90
080 Otras enfermedades del sistema genitourinario;Mujeres;30 Murcia;151
080 Otras enfermedades del sistema genitourinario;Mujeres;31 Navarra;34
080 Otras enfermedades del sistema genitourinario;Mujeres;32 Ourense;45
080 Otras enfermedades del sistema genitourinario;Mujeres;34 Palencia;17
080 Otras enfermedades del sistema genitourinario;Mujeres;35 Palmas, Las;67
080 Otras enfermedades del sistema genitourinario;Mujeres;36 Pontevedra;117
080 Otras enfermedades del sistema genitourinario;Mujeres;26 Rioja, La;20
080 Otras enfermedades del sistema genitourinario;Mujeres;37 Salamanca;40
080 Otras enfermedades del sistema genitourinario;Mujeres;38 Santa Cruz de Tenerife;91
080 Otras enfermedades del sistema genitourinario;Mujeres;40 Segovia;14
080 Otras enfermedades del sistema genitourinario;Mujeres;41 Sevilla;134
080 Otras enfermedades del sistema genitourinario;Mujeres;42 Soria;6
080 Otras enfermedades del sistema genitourinario;Mujeres;43 Tarragona;57
080 Otras enfermedades del sistema genitourinario;Mujeres;44 Teruel;16
080 Otras enfermedades del sistema genitourinario;Mujeres;45 Toledo;58
080 Otras enfermedades del sistema genitourinario;Mujeres;46 Valencia/València;222
080 Otras enfermedades del sistema genitourinario;Mujeres;47 Valladolid;63
080 Otras enfermedades del sistema genitourinario;Mujeres;49 Zamora;15
080 Otras enfermedades del sistema genitourinario;Mujeres;50 Zaragoza;63
080 Otras enfermedades del sistema genitourinario;Mujeres;51 Ceuta;5
080 Otras enfermedades del sistema genitourinario;Mujeres;52 Melilla;4
080 Otras enfermedades del sistema genitourinario;Mujeres;Extranjero;5
081 XV.Embarazo, parto y puerperio;Hombres;Total;0
081 XV.Embarazo, parto y puerperio;Hombres;02 Albacete;0
081 XV.Embarazo, parto y puerperio;Hombres;03 Alicante/Alacant;0
081 XV.Embarazo, parto y puerperio;Hombres;04 Almería;0
081 XV.Embarazo, parto y puerperio;Hombres;01 Araba/Álava;0
081 XV.Embarazo, parto y puerperio;Hombres;33 Asturias;0
081 XV.Embarazo, parto y puerperio;Hombres;05 Ávila;0
081 XV.Embarazo, parto y puerperio;Hombres;06 Badajoz;0
081 XV.Embarazo, parto y puerperio;Hombres;07 Balears, Illes;0
081 XV.Embarazo, parto y puerperio;Hombres;08 Barcelona;0
081 XV.Embarazo, parto y puerperio;Hombres;48 Bizkaia;0
081 XV.Embarazo, parto y puerperio;Hombres;09 Burgos;0
081 XV.Embarazo, parto y puerperio;Hombres;10 Cáceres;0
081 XV.Embarazo, parto y puerperio;Hombres;11 Cádiz;0
081 XV.Embarazo, parto y puerperio;Hombres;39 Cantabria;0
081 XV.Embarazo, parto y puerperio;Hombres;12 Castellón/Castelló;0
081 XV.Embarazo, parto y puerperio;Hombres;13 Ciudad Real;0
081 XV.Embarazo, parto y puerperio;Hombres;14 Córdoba;0
081 XV.Embarazo, parto y puerperio;Hombres;15 Coruña, A;0
081 XV.Embarazo, parto y puerperio;Hombres;16 Cuenca;0
081 XV.Embarazo, parto y puerperio;Hombres;20 Gipuzkoa;0
081 XV.Embarazo, parto y puerperio;Hombres;17 Girona;0
081 XV.Embarazo, parto y puerperio;Hombres;18 Granada;0
081 XV.Embarazo, parto y puerperio;Hombres;19 Guadalajara;0
081 XV.Embarazo, parto y puerperio;Hombres;21 Huelva;0
081 XV.Embarazo, parto y puerperio;Hombres;22 Huesca;0
081 XV.Embarazo, parto y puerperio;Hombres;23 Jaén;0
081 XV.Embarazo, parto y puerperio;Hombres;24 León;0
081 XV.Embarazo, parto y puerperio;Hombres;25 Lleida;0
081 XV.Embarazo, parto y puerperio;Hombres;27 Lugo;0
081 XV.Embarazo, parto y puerperio;Hombres;28 Madrid;0
081 XV.Embarazo, parto y puerperio;Hombres;29 Málaga;0
081 XV.Embarazo, parto y puerperio;Hombres;30 Murcia;0
081 XV.Embarazo, parto y puerperio;Hombres;31 Navarra;0
081 XV.Embarazo, parto y puerperio;Hombres;32 Ourense;0
081 XV.Embarazo, parto y puerperio;Hombres;34 Palencia;0
081 XV.Embarazo, parto y puerperio;Hombres;35 Palmas, Las;0
081 XV.Embarazo, parto y puerperio;Hombres;36 Pontevedra;0
081 XV.Embarazo, parto y puerperio;Hombres;26 Rioja, La;0
081 XV.Embarazo, parto y puerperio;Hombres;37 Salamanca;0
081 XV.Embarazo, parto y puerperio;Hombres;38 Santa Cruz de Tenerife;0
081 XV.Embarazo, parto y puerperio;Hombres;40 Segovia;0
081 XV.Embarazo, parto y puerperio;Hombres;41 Sevilla;0
081 XV.Embarazo, parto y puerperio;Hombres;42 Soria;0
081 XV.Embarazo, parto y puerperio;Hombres;43 Tarragona;0
081 XV.Embarazo, parto y puerperio;Hombres;44 Teruel;0
081 XV.Embarazo, parto y puerperio;Hombres;45 Toledo;0
081 XV.Embarazo, parto y puerperio;Hombres;46 Valencia/València;0
081 XV.Embarazo, parto y puerperio;Hombres;47 Valladolid;0
081 XV.Embarazo, parto y puerperio;Hombres;49 Zamora;0
081 XV.Embarazo, parto y puerperio;Hombres;50 Zaragoza;0
081 XV.Embarazo, parto y puerperio;Hombres;51 Ceuta;0
081 XV.Embarazo, parto y puerperio;Hombres;52 Melilla;0
081 XV.Embarazo, parto y puerperio;Hombres;Extranjero;0
081 XV.Embarazo, parto y puerperio;Mujeres;Total;6
081 XV.Embarazo, parto y puerperio;Mujeres;02 Albacete;0
081 XV.Embarazo, parto y puerperio;Mujeres;03 Alicante/Alacant;0
081 XV.Embarazo, parto y puerperio;Mujeres;04 Almería;0
081 XV.Embarazo, parto y puerperio;Mujeres;01 Araba/Álava;0
081 XV.Embarazo, parto y puerperio;Mujeres;33 Asturias;0
081 XV.Embarazo, parto y puerperio;Mujeres;05 Ávila;0
081 XV.Embarazo, parto y puerperio;Mujeres;06 Badajoz;0
081 XV.Embarazo, parto y puerperio;Mujeres;07 Balears, Illes;0
081 XV.Embarazo, parto y puerperio;Mujeres;08 Barcelona;1
081 XV.Embarazo, parto y puerperio;Mujeres;48 Bizkaia;0
081 XV.Embarazo, parto y puerperio;Mujeres;09 Burgos;0
081 XV.Embarazo, parto y puerperio;Mujeres;10 Cáceres;0
081 XV.Embarazo, parto y puerperio;Mujeres;11 Cádiz;0
081 XV.Embarazo, parto y puerperio;Mujeres;39 Cantabria;0
081 XV.Embarazo, parto y puerperio;Mujeres;12 Castellón/Castelló;0
081 XV.Embarazo, parto y puerperio;Mujeres;13 Ciudad Real;0
081 XV.Embarazo, parto y puerperio;Mujeres;14 Córdoba;0
081 XV.Embarazo, parto y puerperio;Mujeres;15 Coruña, A;0
081 XV.Embarazo, parto y puerperio;Mujeres;16 Cuenca;0
081 XV.Embarazo, parto y puerperio;Mujeres;20 Gipuzkoa;1
081 XV.Embarazo, parto y puerperio;Mujeres;17 Girona;0
081 XV.Embarazo, parto y puerperio;Mujeres;18 Granada;0
081 XV.Embarazo, parto y puerperio;Mujeres;19 Guadalajara;0
081 XV.Embarazo, parto y puerperio;Mujeres;21 Huelva;1
081 XV.Embarazo, parto y puerperio;Mujeres;22 Huesca;0
081 XV.Embarazo, parto y puerperio;Mujeres;23 Jaén;0
081 XV.Embarazo, parto y puerperio;Mujeres;24 León;0
081 XV.Embarazo, parto y puerperio;Mujeres;25 Lleida;0
081 XV.Embarazo, parto y puerperio;Mujeres;27 Lugo;0
081 XV.Embarazo, parto y puerperio;Mujeres;28 Madrid;0
081 XV.Embarazo, parto y puerperio;Mujeres;29 Málaga;0
081 XV.Embarazo, parto y puerperio;Mujeres;30 Murcia;0
081 XV.Embarazo, parto y puerperio;Mujeres;31 Navarra;0
081 XV.Embarazo, parto y puerperio;Mujeres;32 Ourense;0
081 XV.Embarazo, parto y puerperio;Mujeres;34 Palencia;0
081 XV.Embarazo, parto y puerperio;Mujeres;35 Palmas, Las;1
081 XV.Embarazo, parto y puerperio;Mujeres;36 Pontevedra;0
081 XV.Embarazo, parto y puerperio;Mujeres;26 Rioja, La;0
081 XV.Embarazo, parto y puerperio;Mujeres;37 Salamanca;0
081 XV.Embarazo, parto y puerperio;Mujeres;38 Santa Cruz de Tenerife;0
081 XV.Embarazo, parto y puerperio;Mujeres;40 Segovia;0
081 XV.Embarazo, parto y puerperio;Mujeres;41 Sevilla;1
081 XV.Embarazo, parto y puerperio;Mujeres;42 Soria;0
081 XV.Embarazo, parto y puerperio;Mujeres;43 Tarragona;0
081 XV.Embarazo, parto y puerperio;Mujeres;44 Teruel;0
081 XV.Embarazo, parto y puerperio;Mujeres;45 Toledo;1
081 XV.Embarazo, parto y puerperio;Mujeres;46 Valencia/València;0
081 XV.Embarazo, parto y puerperio;Mujeres;47 Valladolid;0
081 XV.Embarazo, parto y puerperio;Mujeres;49 Zamora;0
081 XV.Embarazo, parto y puerperio;Mujeres;50 Zaragoza;0
081 XV.Embarazo, parto y puerperio;Mujeres;51 Ceuta;0
081 XV.Embarazo, parto y puerperio;Mujeres;52 Melilla;0
081 XV.Embarazo, parto y puerperio;Mujeres;Extranjero;0
082 XVI.Afecciones originadas en el periodo perinatal;Hombres;Total;331
082 XVI.Afecciones originadas en el periodo perinatal;Hombres;02 Albacete;4
082 XVI.Afecciones originadas en el periodo perinatal;Hombres;03 Alicante/Alacant;9
082 XVI.Afecciones originadas en el periodo perinatal;Hombres;04 Almería;3
082 XVI.Afecciones originadas en el periodo perinatal;Hombres;01 Araba/Álava;2
082 XVI.Afecciones originadas en el periodo perinatal;Hombres;33 Asturias;7
082 XVI.Afecciones originadas en el periodo perinatal;Hombres;05 Ávila;0
082 XVI.Afecciones originadas en el periodo perinatal;Hombres;06 Badajoz;4
082 XVI.Afecciones originadas en el periodo perinatal;Hombres;07 Balears, Illes;10
082 XVI.Afecciones originadas en el periodo perinatal;Hombres;08 Barcelona;45
082 XVI.Afecciones originadas en el periodo perinatal;Hombres;48 Bizkaia;10
082 XVI.Afecciones originadas en el periodo perinatal;Hombres;09 Burgos;1
082 XVI.Afecciones originadas en el periodo perinatal;Hombres;10 Cáceres;1
082 XVI.Afecciones originadas en el periodo perinatal;Hombres;11 Cádiz;14
082 XVI.Afecciones originadas en el periodo perinatal;Hombres;39 Cantabria;2
082 XVI.Afecciones originadas en el periodo perinatal;Hombres;12 Castellón/Castelló;3
082 XVI.Afecciones originadas en el periodo perinatal;Hombres;13 Ciudad Real;1
082 XVI.Afecciones originadas en el periodo perinatal;Hombres;14 Córdoba;8
082 XVI.Afecciones originadas en el periodo perinatal;Hombres;15 Coruña, A;2
082 XVI.Afecciones originadas en el periodo perinatal;Hombres;16 Cuenca;1
082 XVI.Afecciones originadas en el periodo perinatal;Hombres;20 Gipuzkoa;3
082 XVI.Afecciones originadas en el periodo perinatal;Hombres;17 Girona;11
082 XVI.Afecciones originadas en el periodo perinatal;Hombres;18 Granada;13
082 XVI.Afecciones originadas en el periodo perinatal;Hombres;19 Guadalajara;2
082 XVI.Afecciones originadas en el periodo perinatal;Hombres;21 Huelva;5
082 XVI.Afecciones originadas en el periodo perinatal;Hombres;22 Huesca;0
082 XVI.Afecciones originadas en el periodo perinatal;Hombres;23 Jaén;5
082 XVI.Afecciones originadas en el periodo perinatal;Hombres;24 León;5
082 XVI.Afecciones originadas en el periodo perinatal;Hombres;25 Lleida;2
082 XVI.Afecciones originadas en el periodo perinatal;Hombres;27 Lugo;0
082 XVI.Afecciones originadas en el periodo perinatal;Hombres;28 Madrid;36
082 XVI.Afecciones originadas en el periodo perinatal;Hombres;29 Málaga;13
082 XVI.Afecciones originadas en el periodo perinatal;Hombres;30 Murcia;17
082 XVI.Afecciones originadas en el periodo perinatal;Hombres;31 Navarra;3
082 XVI.Afecciones originadas en el periodo perinatal;Hombres;32 Ourense;0
082 XVI.Afecciones originadas en el periodo perinatal;Hombres;34 Palencia;3
082 XVI.Afecciones originadas en el periodo perinatal;Hombres;35 Palmas, Las;9
082 XVI.Afecciones originadas en el periodo perinatal;Hombres;36 Pontevedra;5
082 XVI.Afecciones originadas en el periodo perinatal;Hombres;26 Rioja, La;2
082 XVI.Afecciones originadas en el periodo perinatal;Hombres;37 Salamanca;1
082 XVI.Afecciones originadas en el periodo perinatal;Hombres;38 Santa Cruz de Tenerife;7
082 XVI.Afecciones originadas en el periodo perinatal;Hombres;40 Segovia;3
082 XVI.Afecciones originadas en el periodo perinatal;Hombres;41 Sevilla;18
082 XVI.Afecciones originadas en el periodo perinatal;Hombres;42 Soria;0
082 XVI.Afecciones originadas en el periodo perinatal;Hombres;43 Tarragona;6
082 XVI.Afecciones originadas en el periodo perinatal;Hombres;44 Teruel;0
082 XVI.Afecciones originadas en el periodo perinatal;Hombres;45 Toledo;4
082 XVI.Afecciones originadas en el periodo perinatal;Hombres;46 Valencia/València;9
082 XVI.Afecciones originadas en el periodo perinatal;Hombres;47 Valladolid;3
082 XVI.Afecciones originadas en el periodo perinatal;Hombres;49 Zamora;0
082 XVI.Afecciones originadas en el periodo perinatal;Hombres;50 Zaragoza;4
082 XVI.Afecciones originadas en el periodo perinatal;Hombres;51 Ceuta;1
082 XVI.Afecciones originadas en el periodo perinatal;Hombres;52 Melilla;3
082 XVI.Afecciones originadas en el periodo perinatal;Hombres;Extranjero;11
082 XVI.Afecciones originadas en el periodo perinatal;Mujeres;Total;253
082 XVI.Afecciones originadas en el periodo perinatal;Mujeres;02 Albacete;3
082 XVI.Afecciones originadas en el periodo perinatal;Mujeres;03 Alicante/Alacant;10
082 XVI.Afecciones originadas en el periodo perinatal;Mujeres;04 Almería;5
082 XVI.Afecciones originadas en el periodo perinatal;Mujeres;01 Araba/Álava;3
082 XVI.Afecciones originadas en el periodo perinatal;Mujeres;33 Asturias;3
082 XVI.Afecciones originadas en el periodo perinatal;Mujeres;05 Ávila;0
082 XVI.Afecciones originadas en el periodo perinatal;Mujeres;06 Badajoz;2
082 XVI.Afecciones originadas en el periodo perinatal;Mujeres;07 Balears, Illes;9
082 XVI.Afecciones originadas en el periodo perinatal;Mujeres;08 Barcelona;27
082 XVI.Afecciones originadas en el periodo perinatal;Mujeres;48 Bizkaia;6
082 XVI.Afecciones originadas en el periodo perinatal;Mujeres;09 Burgos;1
082 XVI.Afecciones originadas en el periodo perinatal;Mujeres;10 Cáceres;1
082 XVI.Afecciones originadas en el periodo perinatal;Mujeres;11 Cádiz;3
082 XVI.Afecciones originadas en el periodo perinatal;Mujeres;39 Cantabria;0
082 XVI.Afecciones originadas en el periodo perinatal;Mujeres;12 Castellón/Castelló;3
082 XVI.Afecciones originadas en el periodo perinatal;Mujeres;13 Ciudad Real;6
082 XVI.Afecciones originadas en el periodo perinatal;Mujeres;14 Córdoba;3
082 XVI.Afecciones originadas en el periodo perinatal;Mujeres;15 Coruña, A;7
082 XVI.Afecciones originadas en el periodo perinatal;Mujeres;16 Cuenca;1
082 XVI.Afecciones originadas en el periodo perinatal;Mujeres;20 Gipuzkoa;2
082 XVI.Afecciones originadas en el periodo perinatal;Mujeres;17 Girona;2
082 XVI.Afecciones originadas en el periodo perinatal;Mujeres;18 Granada;10
082 XVI.Afecciones originadas en el periodo perinatal;Mujeres;19 Guadalajara;1
082 XVI.Afecciones originadas en el periodo perinatal;Mujeres;21 Huelva;3
082 XVI.Afecciones originadas en el periodo perinatal;Mujeres;22 Huesca;1
082 XVI.Afecciones originadas en el periodo perinatal;Mujeres;23 Jaén;7
082 XVI.Afecciones originadas en el periodo perinatal;Mujeres;24 León;1
082 XVI.Afecciones originadas en el periodo perinatal;Mujeres;25 Lleida;2
082 XVI.Afecciones originadas en el periodo perinatal;Mujeres;27 Lugo;0
082 XVI.Afecciones originadas en el periodo perinatal;Mujeres;28 Madrid;30
082 XVI.Afecciones originadas en el periodo perinatal;Mujeres;29 Málaga;12
082 XVI.Afecciones originadas en el periodo perinatal;Mujeres;30 Murcia;19
082 XVI.Afecciones originadas en el periodo perinatal;Mujeres;31 Navarra;4
082 XVI.Afecciones originadas en el periodo perinatal;Mujeres;32 Ourense;0
082 XVI.Afecciones originadas en el periodo perinatal;Mujeres;34 Palencia;0
082 XVI.Afecciones originadas en el periodo perinatal;Mujeres;35 Palmas, Las;6
082 XVI.Afecciones originadas en el periodo perinatal;Mujeres;36 Pontevedra;1
082 XVI.Afecciones originadas en el periodo perinatal;Mujeres;26 Rioja, La;1
082 XVI.Afecciones originadas en el periodo perinatal;Mujeres;37 Salamanca;1
082 XVI.Afecciones originadas en el periodo perinatal;Mujeres;38 Santa Cruz de Tenerife;11
082 XVI.Afecciones originadas en el periodo perinatal;Mujeres;40 Segovia;1
082 XVI.Afecciones originadas en el periodo perinatal;Mujeres;41 Sevilla;15
082 XVI.Afecciones originadas en el periodo perinatal;Mujeres;42 Soria;1
082 XVI.Afecciones originadas en el periodo perinatal;Mujeres;43 Tarragona;3
082 XVI.Afecciones originadas en el periodo perinatal;Mujeres;44 Teruel;0
082 XVI.Afecciones originadas en el periodo perinatal;Mujeres;45 Toledo;4
082 XVI.Afecciones originadas en el periodo perinatal;Mujeres;46 Valencia/València;9
082 XVI.Afecciones originadas en el periodo perinatal;Mujeres;47 Valladolid;3
082 XVI.Afecciones originadas en el periodo perinatal;Mujeres;49 Zamora;3
082 XVI.Afecciones originadas en el periodo perinatal;Mujeres;50 Zaragoza;4
082 XVI.Afecciones originadas en el periodo perinatal;Mujeres;51 Ceuta;1
082 XVI.Afecciones originadas en el periodo perinatal;Mujeres;52 Melilla;1
082 XVI.Afecciones originadas en el periodo perinatal;Mujeres;Extranjero;1
083-085 XVII.Malformaciones congénitas, deformidades y anomalías cromosómicas;Hombres;Total;412
083-085 XVII.Malformaciones congénitas, deformidades y anomalías cromosómicas;Hombres;02 Albacete;4
083-085 XVII.Malformaciones congénitas, deformidades y anomalías cromosómicas;Hombres;03 Alicante/Alacant;11
083-085 XVII.Malformaciones congénitas, deformidades y anomalías cromosómicas;Hombres;04 Almería;1
083-085 XVII.Malformaciones congénitas, deformidades y anomalías cromosómicas;Hombres;01 Araba/Álava;1
083-085 XVII.Malformaciones congénitas, deformidades y anomalías cromosómicas;Hombres;33 Asturias;9
083-085 XVII.Malformaciones congénitas, deformidades y anomalías cromosómicas;Hombres;05 Ávila;2
083-085 XVII.Malformaciones congénitas, deformidades y anomalías cromosómicas;Hombres;06 Badajoz;6
083-085 XVII.Malformaciones congénitas, deformidades y anomalías cromosómicas;Hombres;07 Balears, Illes;9
083-085 XVII.Malformaciones congénitas, deformidades y anomalías cromosómicas;Hombres;08 Barcelona;42
083-085 XVII.Malformaciones congénitas, deformidades y anomalías cromosómicas;Hombres;48 Bizkaia;10
083-085 XVII.Malformaciones congénitas, deformidades y anomalías cromosómicas;Hombres;09 Burgos;2
083-085 XVII.Malformaciones congénitas, deformidades y anomalías cromosómicas;Hombres;10 Cáceres;5
083-085 XVII.Malformaciones congénitas, deformidades y anomalías cromosómicas;Hombres;11 Cádiz;15
083-085 XVII.Malformaciones congénitas, deformidades y anomalías cromosómicas;Hombres;39 Cantabria;6
083-085 XVII.Malformaciones congénitas, deformidades y anomalías cromosómicas;Hombres;12 Castellón/Castelló;4
083-085 XVII.Malformaciones congénitas, deformidades y anomalías cromosómicas;Hombres;13 Ciudad Real;5
083-085 XVII.Malformaciones congénitas, deformidades y anomalías cromosómicas;Hombres;14 Córdoba;7
083-085 XVII.Malformaciones congénitas, deformidades y anomalías cromosómicas;Hombres;15 Coruña, A;9
083-085 XVII.Malformaciones congénitas, deformidades y anomalías cromosómicas;Hombres;16 Cuenca;2
083-085 XVII.Malformaciones congénitas, deformidades y anomalías cromosómicas;Hombres;20 Gipuzkoa;10
083-085 XVII.Malformaciones congénitas, deformidades y anomalías cromosómicas;Hombres;17 Girona;11
083-085 XVII.Malformaciones congénitas, deformidades y anomalías cromosómicas;Hombres;18 Granada;8
083-085 XVII.Malformaciones congénitas, deformidades y anomalías cromosómicas;Hombres;19 Guadalajara;4
083-085 XVII.Malformaciones congénitas, deformidades y anomalías cromosómicas;Hombres;21 Huelva;8
083-085 XVII.Malformaciones congénitas, deformidades y anomalías cromosómicas;Hombres;22 Huesca;1
083-085 XVII.Malformaciones congénitas, deformidades y anomalías cromosómicas;Hombres;23 Jaén;6
083-085 XVII.Malformaciones congénitas, deformidades y anomalías cromosómicas;Hombres;24 León;4
083-085 XVII.Malformaciones congénitas, deformidades y anomalías cromosómicas;Hombres;25 Lleida;7
083-085 XVII.Malformaciones congénitas, deformidades y anomalías cromosómicas;Hombres;27 Lugo;7
083-085 XVII.Malformaciones congénitas, deformidades y anomalías cromosómicas;Hombres;28 Madrid;41
083-085 XVII.Malformaciones congénitas, deformidades y anomalías cromosómicas;Hombres;29 Málaga;17
083-085 XVII.Malformaciones congénitas, deformidades y anomalías cromosómicas;Hombres;30 Murcia;16
083-085 XVII.Malformaciones congénitas, deformidades y anomalías cromosómicas;Hombres;31 Navarra;10
083-085 XVII.Malformaciones congénitas, deformidades y anomalías cromosómicas;Hombres;32 Ourense;6
083-085 XVII.Malformaciones congénitas, deformidades y anomalías cromosómicas;Hombres;34 Palencia;1
083-085 XVII.Malformaciones congénitas, deformidades y anomalías cromosómicas;Hombres;35 Palmas, Las;13
083-085 XVII.Malformaciones congénitas, deformidades y anomalías cromosómicas;Hombres;36 Pontevedra;6
083-085 XVII.Malformaciones congénitas, deformidades y anomalías cromosómicas;Hombres;26 Rioja, La;1
083-085 XVII.Malformaciones congénitas, deformidades y anomalías cromosómicas;Hombres;37 Salamanca;3
083-085 XVII.Malformaciones congénitas, deformidades y anomalías cromosómicas;Hombres;38 Santa Cruz de Tenerife;6
083-085 XVII.Malformaciones congénitas, deformidades y anomalías cromosómicas;Hombres;40 Segovia;1
083-085 XVII.Malformaciones congénitas, deformidades y anomalías cromosómicas;Hombres;41 Sevilla;17
083-085 XVII.Malformaciones congénitas, deformidades y anomalías cromosómicas;Hombres;42 Soria;2
083-085 XVII.Malformaciones congénitas, deformidades y anomalías cromosómicas;Hombres;43 Tarragona;5
083-085 XVII.Malformaciones congénitas, deformidades y anomalías cromosómicas;Hombres;44 Teruel;1
083-085 XVII.Malformaciones congénitas, deformidades y anomalías cromosómicas;Hombres;45 Toledo;9
083-085 XVII.Malformaciones congénitas, deformidades y anomalías cromosómicas;Hombres;46 Valencia/València;17
083-085 XVII.Malformaciones congénitas, deformidades y anomalías cromosómicas;Hombres;47 Valladolid;5
083-085 XVII.Malformaciones congénitas, deformidades y anomalías cromosómicas;Hombres;49 Zamora;1
083-085 XVII.Malformaciones congénitas, deformidades y anomalías cromosómicas;Hombres;50 Zaragoza;4
083-085 XVII.Malformaciones congénitas, deformidades y anomalías cromosómicas;Hombres;51 Ceuta;0
083-085 XVII.Malformaciones congénitas, deformidades y anomalías cromosómicas;Hombres;52 Melilla;2
083-085 XVII.Malformaciones congénitas, deformidades y anomalías cromosómicas;Hombres;Extranjero;12
083-085 XVII.Malformaciones congénitas, deformidades y anomalías cromosómicas;Mujeres;Total;403
083-085 XVII.Malformaciones congénitas, deformidades y anomalías cromosómicas;Mujeres;02 Albacete;2
083-085 XVII.Malformaciones congénitas, deformidades y anomalías cromosómicas;Mujeres;03 Alicante/Alacant;11
083-085 XVII.Malformaciones congénitas, deformidades y anomalías cromosómicas;Mujeres;04 Almería;5
083-085 XVII.Malformaciones congénitas, deformidades y anomalías cromosómicas;Mujeres;01 Araba/Álava;4
083-085 XVII.Malformaciones congénitas, deformidades y anomalías cromosómicas;Mujeres;33 Asturias;15
083-085 XVII.Malformaciones congénitas, deformidades y anomalías cromosómicas;Mujeres;05 Ávila;0
083-085 XVII.Malformaciones congénitas, deformidades y anomalías cromosómicas;Mujeres;06 Badajoz;3
083-085 XVII.Malformaciones congénitas, deformidades y anomalías cromosómicas;Mujeres;07 Balears, Illes;12
083-085 XVII.Malformaciones congénitas, deformidades y anomalías cromosómicas;Mujeres;08 Barcelona;40
083-085 XVII.Malformaciones congénitas, deformidades y anomalías cromosómicas;Mujeres;48 Bizkaia;10
083-085 XVII.Malformaciones congénitas, deformidades y anomalías cromosómicas;Mujeres;09 Burgos;4
083-085 XVII.Malformaciones congénitas, deformidades y anomalías cromosómicas;Mujeres;10 Cáceres;4
083-085 XVII.Malformaciones congénitas, deformidades y anomalías cromosómicas;Mujeres;11 Cádiz;14
083-085 XVII.Malformaciones congénitas, deformidades y anomalías cromosómicas;Mujeres;39 Cantabria;9
083-085 XVII.Malformaciones congénitas, deformidades y anomalías cromosómicas;Mujeres;12 Castellón/Castelló;8
083-085 XVII.Malformaciones congénitas, deformidades y anomalías cromosómicas;Mujeres;13 Ciudad Real;4
083-085 XVII.Malformaciones congénitas, deformidades y anomalías cromosómicas;Mujeres;14 Córdoba;13
083-085 XVII.Malformaciones congénitas, deformidades y anomalías cromosómicas;Mujeres;15 Coruña, A;7
083-085 XVII.Malformaciones congénitas, deformidades y anomalías cromosómicas;Mujeres;16 Cuenca;4
083-085 XVII.Malformaciones congénitas, deformidades y anomalías cromosómicas;Mujeres;20 Gipuzkoa;5
083-085 XVII.Malformaciones congénitas, deformidades y anomalías cromosómicas;Mujeres;17 Girona;13
083-085 XVII.Malformaciones congénitas, deformidades y anomalías cromosómicas;Mujeres;18 Granada;11
083-085 XVII.Malformaciones congénitas, deformidades y anomalías cromosómicas;Mujeres;19 Guadalajara;1
083-085 XVII.Malformaciones congénitas, deformidades y anomalías cromosómicas;Mujeres;21 Huelva;4
083-085 XVII.Malformaciones congénitas, deformidades y anomalías cromosómicas;Mujeres;22 Huesca;3
083-085 XVII.Malformaciones congénitas, deformidades y anomalías cromosómicas;Mujeres;23 Jaén;4
083-085 XVII.Malformaciones congénitas, deformidades y anomalías cromosómicas;Mujeres;24 León;1
083-085 XVII.Malformaciones congénitas, deformidades y anomalías cromosómicas;Mujeres;25 Lleida;3
083-085 XVII.Malformaciones congénitas, deformidades y anomalías cromosómicas;Mujeres;27 Lugo;0
083-085 XVII.Malformaciones congénitas, deformidades y anomalías cromosómicas;Mujeres;28 Madrid;49
083-085 XVII.Malformaciones congénitas, deformidades y anomalías cromosómicas;Mujeres;29 Málaga;8
083-085 XVII.Malformaciones congénitas, deformidades y anomalías cromosómicas;Mujeres;30 Murcia;19
083-085 XVII.Malformaciones congénitas, deformidades y anomalías cromosómicas;Mujeres;31 Navarra;4
083-085 XVII.Malformaciones congénitas, deformidades y anomalías cromosómicas;Mujeres;32 Ourense;6
083-085 XVII.Malformaciones congénitas, deformidades y anomalías cromosómicas;Mujeres;34 Palencia;1
083-085 XVII.Malformaciones congénitas, deformidades y anomalías cromosómicas;Mujeres;35 Palmas, Las;8
083-085 XVII.Malformaciones congénitas, deformidades y anomalías cromosómicas;Mujeres;36 Pontevedra;7
083-085 XVII.Malformaciones congénitas, deformidades y anomalías cromosómicas;Mujeres;26 Rioja, La;7
083-085 XVII.Malformaciones congénitas, deformidades y anomalías cromosómicas;Mujeres;37 Salamanca;4
083-085 XVII.Malformaciones congénitas, deformidades y anomalías cromosómicas;Mujeres;38 Santa Cruz de Tenerife;8
083-085 XVII.Malformaciones congénitas, deformidades y anomalías cromosómicas;Mujeres;40 Segovia;2
083-085 XVII.Malformaciones congénitas, deformidades y anomalías cromosómicas;Mujeres;41 Sevilla;20
083-085 XVII.Malformaciones congénitas, deformidades y anomalías cromosómicas;Mujeres;42 Soria;0
083-085 XVII.Malformaciones congénitas, deformidades y anomalías cromosómicas;Mujeres;43 Tarragona;5
083-085 XVII.Malformaciones congénitas, deformidades y anomalías cromosómicas;Mujeres;44 Teruel;1
083-085 XVII.Malformaciones congénitas, deformidades y anomalías cromosómicas;Mujeres;45 Toledo;2
083-085 XVII.Malformaciones congénitas, deformidades y anomalías cromosómicas;Mujeres;46 Valencia/València;24
083-085 XVII.Malformaciones congénitas, deformidades y anomalías cromosómicas;Mujeres;47 Valladolid;3
083-085 XVII.Malformaciones congénitas, deformidades y anomalías cromosómicas;Mujeres;49 Zamora;2
083-085 XVII.Malformaciones congénitas, deformidades y anomalías cromosómicas;Mujeres;50 Zaragoza;3
083-085 XVII.Malformaciones congénitas, deformidades y anomalías cromosómicas;Mujeres;51 Ceuta;0
083-085 XVII.Malformaciones congénitas, deformidades y anomalías cromosómicas;Mujeres;52 Melilla;0
083-085 XVII.Malformaciones congénitas, deformidades y anomalías cromosómicas;Mujeres;Extranjero;6
083 Malformaciones congénitas del sistema nervioso;Hombres;Total;30
083 Malformaciones congénitas del sistema nervioso;Hombres;02 Albacete;0
083 Malformaciones congénitas del sistema nervioso;Hombres;03 Alicante/Alacant;1
083 Malformaciones congénitas del sistema nervioso;Hombres;04 Almería;0
083 Malformaciones congénitas del sistema nervioso;Hombres;01 Araba/Álava;0
083 Malformaciones congénitas del sistema nervioso;Hombres;33 Asturias;1
083 Malformaciones congénitas del sistema nervioso;Hombres;05 Ávila;0
083 Malformaciones congénitas del sistema nervioso;Hombres;06 Badajoz;0
083 Malformaciones congénitas del sistema nervioso;Hombres;07 Balears, Illes;3
083 Malformaciones congénitas del sistema nervioso;Hombres;08 Barcelona;4
083 Malformaciones congénitas del sistema nervioso;Hombres;48 Bizkaia;2
083 Malformaciones congénitas del sistema nervioso;Hombres;09 Burgos;0
083 Malformaciones congénitas del sistema nervioso;Hombres;10 Cáceres;0
083 Malformaciones congénitas del sistema nervioso;Hombres;11 Cádiz;0
083 Malformaciones congénitas del sistema nervioso;Hombres;39 Cantabria;1
083 Malformaciones congénitas del sistema nervioso;Hombres;12 Castellón/Castelló;0
083 Malformaciones congénitas del sistema nervioso;Hombres;13 Ciudad Real;0
083 Malformaciones congénitas del sistema nervioso;Hombres;14 Córdoba;0
083 Malformaciones congénitas del sistema nervioso;Hombres;15 Coruña, A;2
083 Malformaciones congénitas del sistema nervioso;Hombres;16 Cuenca;1
083 Malformaciones congénitas del sistema nervioso;Hombres;20 Gipuzkoa;0
083 Malformaciones congénitas del sistema nervioso;Hombres;17 Girona;1
083 Malformaciones congénitas del sistema nervioso;Hombres;18 Granada;1
083 Malformaciones congénitas del sistema nervioso;Hombres;19 Guadalajara;0
083 Malformaciones congénitas del sistema nervioso;Hombres;21 Huelva;0
083 Malformaciones congénitas del sistema nervioso;Hombres;22 Huesca;0
083 Malformaciones congénitas del sistema nervioso;Hombres;23 Jaén;0
083 Malformaciones congénitas del sistema nervioso;Hombres;24 León;0
083 Malformaciones congénitas del sistema nervioso;Hombres;25 Lleida;0
083 Malformaciones congénitas del sistema nervioso;Hombres;27 Lugo;0
083 Malformaciones congénitas del sistema nervioso;Hombres;28 Madrid;2
083 Malformaciones congénitas del sistema nervioso;Hombres;29 Málaga;0
083 Malformaciones congénitas del sistema nervioso;Hombres;30 Murcia;2
083 Malformaciones congénitas del sistema nervioso;Hombres;31 Navarra;0
083 Malformaciones congénitas del sistema nervioso;Hombres;32 Ourense;1
083 Malformaciones congénitas del sistema nervioso;Hombres;34 Palencia;0
083 Malformaciones congénitas del sistema nervioso;Hombres;35 Palmas, Las;1
083 Malformaciones congénitas del sistema nervioso;Hombres;36 Pontevedra;0
083 Malformaciones congénitas del sistema nervioso;Hombres;26 Rioja, La;0
083 Malformaciones congénitas del sistema nervioso;Hombres;37 Salamanca;0
083 Malformaciones congénitas del sistema nervioso;Hombres;38 Santa Cruz de Tenerife;0
083 Malformaciones congénitas del sistema nervioso;Hombres;40 Segovia;0
083 Malformaciones congénitas del sistema nervioso;Hombres;41 Sevilla;2
083 Malformaciones congénitas del sistema nervioso;Hombres;42 Soria;0
083 Malformaciones congénitas del sistema nervioso;Hombres;43 Tarragona;0
083 Malformaciones congénitas del sistema nervioso;Hombres;44 Teruel;0
083 Malformaciones congénitas del sistema nervioso;Hombres;45 Toledo;0
083 Malformaciones congénitas del sistema nervioso;Hombres;46 Valencia/València;3
083 Malformaciones congénitas del sistema nervioso;Hombres;47 Valladolid;0
083 Malformaciones congénitas del sistema nervioso;Hombres;49 Zamora;0
083 Malformaciones congénitas del sistema nervioso;Hombres;50 Zaragoza;1
083 Malformaciones congénitas del sistema nervioso;Hombres;51 Ceuta;0
083 Malformaciones congénitas del sistema nervioso;Hombres;52 Melilla;0
083 Malformaciones congénitas del sistema nervioso;Hombres;Extranjero;1
083 Malformaciones congénitas del sistema nervioso;Mujeres;Total;44
083 Malformaciones congénitas del sistema nervioso;Mujeres;02 Albacete;0
083 Malformaciones congénitas del sistema nervioso;Mujeres;03 Alicante/Alacant;1
083 Malformaciones congénitas del sistema nervioso;Mujeres;04 Almería;1
083 Malformaciones congénitas del sistema nervioso;Mujeres;01 Araba/Álava;0
083 Malformaciones congénitas del sistema nervioso;Mujeres;33 Asturias;1
083 Malformaciones congénitas del sistema nervioso;Mujeres;05 Ávila;0
083 Malformaciones congénitas del sistema nervioso;Mujeres;06 Badajoz;0
083 Malformaciones congénitas del sistema nervioso;Mujeres;07 Balears, Illes;1
083 Malformaciones congénitas del sistema nervioso;Mujeres;08 Barcelona;4
083 Malformaciones congénitas del sistema nervioso;Mujeres;48 Bizkaia;2
083 Malformaciones congénitas del sistema nervioso;Mujeres;09 Burgos;0
083 Malformaciones congénitas del sistema nervioso;Mujeres;10 Cáceres;1
083 Malformaciones congénitas del sistema nervioso;Mujeres;11 Cádiz;3
083 Malformaciones congénitas del sistema nervioso;Mujeres;39 Cantabria;1
083 Malformaciones congénitas del sistema nervioso;Mujeres;12 Castellón/Castelló;1
083 Malformaciones congénitas del sistema nervioso;Mujeres;13 Ciudad Real;1
083 Malformaciones congénitas del sistema nervioso;Mujeres;14 Córdoba;0
083 Malformaciones congénitas del sistema nervioso;Mujeres;15 Coruña, A;0
083 Malformaciones congénitas del sistema nervioso;Mujeres;16 Cuenca;0
083 Malformaciones congénitas del sistema nervioso;Mujeres;20 Gipuzkoa;0
083 Malformaciones congénitas del sistema nervioso;Mujeres;17 Girona;3
083 Malformaciones congénitas del sistema nervioso;Mujeres;18 Granada;1
083 Malformaciones congénitas del sistema nervioso;Mujeres;19 Guadalajara;0
083 Malformaciones congénitas del sistema nervioso;Mujeres;21 Huelva;0
083 Malformaciones congénitas del sistema nervioso;Mujeres;22 Huesca;0
083 Malformaciones congénitas del sistema nervioso;Mujeres;23 Jaén;0
083 Malformaciones congénitas del sistema nervioso;Mujeres;24 León;0
083 Malformaciones congénitas del sistema nervioso;Mujeres;25 Lleida;0
083 Malformaciones congénitas del sistema nervioso;Mujeres;27 Lugo;0
083 Malformaciones congénitas del sistema nervioso;Mujeres;28 Madrid;5
083 Malformaciones congénitas del sistema nervioso;Mujeres;29 Málaga;0
083 Malformaciones congénitas del sistema nervioso;Mujeres;30 Murcia;2
083 Malformaciones congénitas del sistema nervioso;Mujeres;31 Navarra;0
083 Malformaciones congénitas del sistema nervioso;Mujeres;32 Ourense;1
083 Malformaciones congénitas del sistema nervioso;Mujeres;34 Palencia;0
083 Malformaciones congénitas del sistema nervioso;Mujeres;35 Palmas, Las;3
083 Malformaciones congénitas del sistema nervioso;Mujeres;36 Pontevedra;0
083 Malformaciones congénitas del sistema nervioso;Mujeres;26 Rioja, La;1
083 Malformaciones congénitas del sistema nervioso;Mujeres;37 Salamanca;0
083 Malformaciones congénitas del sistema nervioso;Mujeres;38 Santa Cruz de Tenerife;1
083 Malformaciones congénitas del sistema nervioso;Mujeres;40 Segovia;1
083 Malformaciones congénitas del sistema nervioso;Mujeres;41 Sevilla;4
083 Malformaciones congénitas del sistema nervioso;Mujeres;42 Soria;0
083 Malformaciones congénitas del sistema nervioso;Mujeres;43 Tarragona;0
083 Malformaciones congénitas del sistema nervioso;Mujeres;44 Teruel;0
083 Malformaciones congénitas del sistema nervioso;Mujeres;45 Toledo;0
083 Malformaciones congénitas del sistema nervioso;Mujeres;46 Valencia/València;3
083 Malformaciones congénitas del sistema nervioso;Mujeres;47 Valladolid;0
083 Malformaciones congénitas del sistema nervioso;Mujeres;49 Zamora;0
083 Malformaciones congénitas del sistema nervioso;Mujeres;50 Zaragoza;1
083 Malformaciones congénitas del sistema nervioso;Mujeres;51 Ceuta;0
083 Malformaciones congénitas del sistema nervioso;Mujeres;52 Melilla;0
083 Malformaciones congénitas del sistema nervioso;Mujeres;Extranjero;1
084 Malformaciones congénitas del sistema circulatorio;Hombres;Total;123
084 Malformaciones congénitas del sistema circulatorio;Hombres;02 Albacete;1
084 Malformaciones congénitas del sistema circulatorio;Hombres;03 Alicante/Alacant;6
084 Malformaciones congénitas del sistema circulatorio;Hombres;04 Almería;0
084 Malformaciones congénitas del sistema circulatorio;Hombres;01 Araba/Álava;0
084 Malformaciones congénitas del sistema circulatorio;Hombres;33 Asturias;3
084 Malformaciones congénitas del sistema circulatorio;Hombres;05 Ávila;0
084 Malformaciones congénitas del sistema circulatorio;Hombres;06 Badajoz;1
084 Malformaciones congénitas del sistema circulatorio;Hombres;07 Balears, Illes;0
084 Malformaciones congénitas del sistema circulatorio;Hombres;08 Barcelona;10
084 Malformaciones congénitas del sistema circulatorio;Hombres;48 Bizkaia;2
084 Malformaciones congénitas del sistema circulatorio;Hombres;09 Burgos;0
084 Malformaciones congénitas del sistema circulatorio;Hombres;10 Cáceres;0
084 Malformaciones congénitas del sistema circulatorio;Hombres;11 Cádiz;5
084 Malformaciones congénitas del sistema circulatorio;Hombres;39 Cantabria;1
084 Malformaciones congénitas del sistema circulatorio;Hombres;12 Castellón/Castelló;3
084 Malformaciones congénitas del sistema circulatorio;Hombres;13 Ciudad Real;2
084 Malformaciones congénitas del sistema circulatorio;Hombres;14 Córdoba;4
084 Malformaciones congénitas del sistema circulatorio;Hombres;15 Coruña, A;1
084 Malformaciones congénitas del sistema circulatorio;Hombres;16 Cuenca;1
084 Malformaciones congénitas del sistema circulatorio;Hombres;20 Gipuzkoa;5
084 Malformaciones congénitas del sistema circulatorio;Hombres;17 Girona;4
084 Malformaciones congénitas del sistema circulatorio;Hombres;18 Granada;3
084 Malformaciones congénitas del sistema circulatorio;Hombres;19 Guadalajara;1
084 Malformaciones congénitas del sistema circulatorio;Hombres;21 Huelva;3
084 Malformaciones congénitas del sistema circulatorio;Hombres;22 Huesca;1
084 Malformaciones congénitas del sistema circulatorio;Hombres;23 Jaén;3
084 Malformaciones congénitas del sistema circulatorio;Hombres;24 León;2
084 Malformaciones congénitas del sistema circulatorio;Hombres;25 Lleida;2
084 Malformaciones congénitas del sistema circulatorio;Hombres;27 Lugo;1
084 Malformaciones congénitas del sistema circulatorio;Hombres;28 Madrid;12
084 Malformaciones congénitas del sistema circulatorio;Hombres;29 Málaga;3
084 Malformaciones congénitas del sistema circulatorio;Hombres;30 Murcia;4
084 Malformaciones congénitas del sistema circulatorio;Hombres;31 Navarra;1
084 Malformaciones congénitas del sistema circulatorio;Hombres;32 Ourense;1
084 Malformaciones congénitas del sistema circulatorio;Hombres;34 Palencia;0
084 Malformaciones congénitas del sistema circulatorio;Hombres;35 Palmas, Las;3
084 Malformaciones congénitas del sistema circulatorio;Hombres;36 Pontevedra;2
084 Malformaciones congénitas del sistema circulatorio;Hombres;26 Rioja, La;1
084 Malformaciones congénitas del sistema circulatorio;Hombres;37 Salamanca;2
084 Malformaciones congénitas del sistema circulatorio;Hombres;38 Santa Cruz de Tenerife;1
084 Malformaciones congénitas del sistema circulatorio;Hombres;40 Segovia;1
084 Malformaciones congénitas del sistema circulatorio;Hombres;41 Sevilla;3
084 Malformaciones congénitas del sistema circulatorio;Hombres;42 Soria;0
084 Malformaciones congénitas del sistema circulatorio;Hombres;43 Tarragona;2
084 Malformaciones congénitas del sistema circulatorio;Hombres;44 Teruel;0
084 Malformaciones congénitas del sistema circulatorio;Hombres;45 Toledo;2
084 Malformaciones congénitas del sistema circulatorio;Hombres;46 Valencia/València;6
084 Malformaciones congénitas del sistema circulatorio;Hombres;47 Valladolid;2
084 Malformaciones congénitas del sistema circulatorio;Hombres;49 Zamora;0
084 Malformaciones congénitas del sistema circulatorio;Hombres;50 Zaragoza;2
084 Malformaciones congénitas del sistema circulatorio;Hombres;51 Ceuta;0
084 Malformaciones congénitas del sistema circulatorio;Hombres;52 Melilla;0
084 Malformaciones congénitas del sistema circulatorio;Hombres;Extranjero;10
084 Malformaciones congénitas del sistema circulatorio;Mujeres;Total;125
084 Malformaciones congénitas del sistema circulatorio;Mujeres;02 Albacete;0
084 Malformaciones congénitas del sistema circulatorio;Mujeres;03 Alicante/Alacant;3
084 Malformaciones congénitas del sistema circulatorio;Mujeres;04 Almería;0
084 Malformaciones congénitas del sistema circulatorio;Mujeres;01 Araba/Álava;2
084 Malformaciones congénitas del sistema circulatorio;Mujeres;33 Asturias;6
084 Malformaciones congénitas del sistema circulatorio;Mujeres;05 Ávila;0
084 Malformaciones congénitas del sistema circulatorio;Mujeres;06 Badajoz;0
084 Malformaciones congénitas del sistema circulatorio;Mujeres;07 Balears, Illes;4
084 Malformaciones congénitas del sistema circulatorio;Mujeres;08 Barcelona;11
084 Malformaciones congénitas del sistema circulatorio;Mujeres;48 Bizkaia;3
084 Malformaciones congénitas del sistema circulatorio;Mujeres;09 Burgos;2
084 Malformaciones congénitas del sistema circulatorio;Mujeres;10 Cáceres;2
084 Malformaciones congénitas del sistema circulatorio;Mujeres;11 Cádiz;2
084 Malformaciones congénitas del sistema circulatorio;Mujeres;39 Cantabria;0
084 Malformaciones congénitas del sistema circulatorio;Mujeres;12 Castellón/Castelló;3
084 Malformaciones congénitas del sistema circulatorio;Mujeres;13 Ciudad Real;2
084 Malformaciones congénitas del sistema circulatorio;Mujeres;14 Córdoba;7
084 Malformaciones congénitas del sistema circulatorio;Mujeres;15 Coruña, A;3
084 Malformaciones congénitas del sistema circulatorio;Mujeres;16 Cuenca;0
084 Malformaciones congénitas del sistema circulatorio;Mujeres;20 Gipuzkoa;2
084 Malformaciones congénitas del sistema circulatorio;Mujeres;17 Girona;3
084 Malformaciones congénitas del sistema circulatorio;Mujeres;18 Granada;4
084 Malformaciones congénitas del sistema circulatorio;Mujeres;19 Guadalajara;0
084 Malformaciones congénitas del sistema circulatorio;Mujeres;21 Huelva;1
084 Malformaciones congénitas del sistema circulatorio;Mujeres;22 Huesca;2
084 Malformaciones congénitas del sistema circulatorio;Mujeres;23 Jaén;2
084 Malformaciones congénitas del sistema circulatorio;Mujeres;24 León;0
084 Malformaciones congénitas del sistema circulatorio;Mujeres;25 Lleida;0
084 Malformaciones congénitas del sistema circulatorio;Mujeres;27 Lugo;0
084 Malformaciones congénitas del sistema circulatorio;Mujeres;28 Madrid;21
084 Malformaciones congénitas del sistema circulatorio;Mujeres;29 Málaga;2
084 Malformaciones congénitas del sistema circulatorio;Mujeres;30 Murcia;3
084 Malformaciones congénitas del sistema circulatorio;Mujeres;31 Navarra;0
084 Malformaciones congénitas del sistema circulatorio;Mujeres;32 Ourense;1
084 Malformaciones congénitas del sistema circulatorio;Mujeres;34 Palencia;0
084 Malformaciones congénitas del sistema circulatorio;Mujeres;35 Palmas, Las;2
084 Malformaciones congénitas del sistema circulatorio;Mujeres;36 Pontevedra;5
084 Malformaciones congénitas del sistema circulatorio;Mujeres;26 Rioja, La;2
084 Malformaciones congénitas del sistema circulatorio;Mujeres;37 Salamanca;1
084 Malformaciones congénitas del sistema circulatorio;Mujeres;38 Santa Cruz de Tenerife;4
084 Malformaciones congénitas del sistema circulatorio;Mujeres;40 Segovia;0
084 Malformaciones congénitas del sistema circulatorio;Mujeres;41 Sevilla;4
084 Malformaciones congénitas del sistema circulatorio;Mujeres;42 Soria;0
084 Malformaciones congénitas del sistema circulatorio;Mujeres;43 Tarragona;3
084 Malformaciones congénitas del sistema circulatorio;Mujeres;44 Teruel;1
084 Malformaciones congénitas del sistema circulatorio;Mujeres;45 Toledo;1
084 Malformaciones congénitas del sistema circulatorio;Mujeres;46 Valencia/València;5
084 Malformaciones congénitas del sistema circulatorio;Mujeres;47 Valladolid;1
084 Malformaciones congénitas del sistema circulatorio;Mujeres;49 Zamora;1
084 Malformaciones congénitas del sistema circulatorio;Mujeres;50 Zaragoza;1
084 Malformaciones congénitas del sistema circulatorio;Mujeres;51 Ceuta;0
084 Malformaciones congénitas del sistema circulatorio;Mujeres;52 Melilla;0
084 Malformaciones congénitas del sistema circulatorio;Mujeres;Extranjero;3
085 Otras malformaciones congénitas, deformidades y anomalías cromosómicas;Hombres;Total;259
085 Otras malformaciones congénitas, deformidades y anomalías cromosómicas;Hombres;02 Albacete;3
085 Otras malformaciones congénitas, deformidades y anomalías cromosómicas;Hombres;03 Alicante/Alacant;4
085 Otras malformaciones congénitas, deformidades y anomalías cromosómicas;Hombres;04 Almería;1
085 Otras malformaciones congénitas, deformidades y anomalías cromosómicas;Hombres;01 Araba/Álava;1
085 Otras malformaciones congénitas, deformidades y anomalías cromosómicas;Hombres;33 Asturias;5
085 Otras malformaciones congénitas, deformidades y anomalías cromosómicas;Hombres;05 Ávila;2
085 Otras malformaciones congénitas, deformidades y anomalías cromosómicas;Hombres;06 Badajoz;5
085 Otras malformaciones congénitas, deformidades y anomalías cromosómicas;Hombres;07 Balears, Illes;6
085 Otras malformaciones congénitas, deformidades y anomalías cromosómicas;Hombres;08 Barcelona;28
085 Otras malformaciones congénitas, deformidades y anomalías cromosómicas;Hombres;48 Bizkaia;6
085 Otras malformaciones congénitas, deformidades y anomalías cromosómicas;Hombres;09 Burgos;2
085 Otras malformaciones congénitas, deformidades y anomalías cromosómicas;Hombres;10 Cáceres;5
085 Otras malformaciones congénitas, deformidades y anomalías cromosómicas;Hombres;11 Cádiz;10
085 Otras malformaciones congénitas, deformidades y anomalías cromosómicas;Hombres;39 Cantabria;4
085 Otras malformaciones congénitas, deformidades y anomalías cromosómicas;Hombres;12 Castellón/Castelló;1
085 Otras malformaciones congénitas, deformidades y anomalías cromosómicas;Hombres;13 Ciudad Real;3
085 Otras malformaciones congénitas, deformidades y anomalías cromosómicas;Hombres;14 Córdoba;3
085 Otras malformaciones congénitas, deformidades y anomalías cromosómicas;Hombres;15 Coruña, A;6
085 Otras malformaciones congénitas, deformidades y anomalías cromosómicas;Hombres;16 Cuenca;0
085 Otras malformaciones congénitas, deformidades y anomalías cromosómicas;Hombres;20 Gipuzkoa;5
085 Otras malformaciones congénitas, deformidades y anomalías cromosómicas;Hombres;17 Girona;6
085 Otras malformaciones congénitas, deformidades y anomalías cromosómicas;Hombres;18 Granada;4
085 Otras malformaciones congénitas, deformidades y anomalías cromosómicas;Hombres;19 Guadalajara;3
085 Otras malformaciones congénitas, deformidades y anomalías cromosómicas;Hombres;21 Huelva;5
085 Otras malformaciones congénitas, deformidades y anomalías cromosómicas;Hombres;22 Huesca;0
085 Otras malformaciones congénitas, deformidades y anomalías cromosómicas;Hombres;23 Jaén;3
085 Otras malformaciones congénitas, deformidades y anomalías cromosómicas;Hombres;24 León;2
085 Otras malformaciones congénitas, deformidades y anomalías cromosómicas;Hombres;25 Lleida;5
085 Otras malformaciones congénitas, deformidades y anomalías cromosómicas;Hombres;27 Lugo;6
085 Otras malformaciones congénitas, deformidades y anomalías cromosómicas;Hombres;28 Madrid;27
085 Otras malformaciones congénitas, deformidades y anomalías cromosómicas;Hombres;29 Málaga;14
085 Otras malformaciones congénitas, deformidades y anomalías cromosómicas;Hombres;30 Murcia;10
085 Otras malformaciones congénitas, deformidades y anomalías cromosómicas;Hombres;31 Navarra;9
085 Otras malformaciones congénitas, deformidades y anomalías cromosómicas;Hombres;32 Ourense;4
085 Otras malformaciones congénitas, deformidades y anomalías cromosómicas;Hombres;34 Palencia;1
085 Otras malformaciones congénitas, deformidades y anomalías cromosómicas;Hombres;35 Palmas, Las;9
085 Otras malformaciones congénitas, deformidades y anomalías cromosómicas;Hombres;36 Pontevedra;4
085 Otras malformaciones congénitas, deformidades y anomalías cromosómicas;Hombres;26 Rioja, La;0
085 Otras malformaciones congénitas, deformidades y anomalías cromosómicas;Hombres;37 Salamanca;1
085 Otras malformaciones congénitas, deformidades y anomalías cromosómicas;Hombres;38 Santa Cruz de Tenerife;5
085 Otras malformaciones congénitas, deformidades y anomalías cromosómicas;Hombres;40 Segovia;0
085 Otras malformaciones congénitas, deformidades y anomalías cromosómicas;Hombres;41 Sevilla;12
085 Otras malformaciones congénitas, deformidades y anomalías cromosómicas;Hombres;42 Soria;2
085 Otras malformaciones congénitas, deformidades y anomalías cromosómicas;Hombres;43 Tarragona;3
085 Otras malformaciones congénitas, deformidades y anomalías cromosómicas;Hombres;44 Teruel;1
085 Otras malformaciones congénitas, deformidades y anomalías cromosómicas;Hombres;45 Toledo;7
085 Otras malformaciones congénitas, deformidades y anomalías cromosómicas;Hombres;46 Valencia/València;8
085 Otras malformaciones congénitas, deformidades y anomalías cromosómicas;Hombres;47 Valladolid;3
085 Otras malformaciones congénitas, deformidades y anomalías cromosómicas;Hombres;49 Zamora;1
085 Otras malformaciones congénitas, deformidades y anomalías cromosómicas;Hombres;50 Zaragoza;1
085 Otras malformaciones congénitas, deformidades y anomalías cromosómicas;Hombres;51 Ceuta;0
085 Otras malformaciones congénitas, deformidades y anomalías cromosómicas;Hombres;52 Melilla;2
085 Otras malformaciones congénitas, deformidades y anomalías cromosómicas;Hombres;Extranjero;1
085 Otras malformaciones congénitas, deformidades y anomalías cromosómicas;Mujeres;Total;234
085 Otras malformaciones congénitas, deformidades y anomalías cromosómicas;Mujeres;02 Albacete;2
085 Otras malformaciones congénitas, deformidades y anomalías cromosómicas;Mujeres;03 Alicante/Alacant;7
085 Otras malformaciones congénitas, deformidades y anomalías cromosómicas;Mujeres;04 Almería;4
085 Otras malformaciones congénitas, deformidades y anomalías cromosómicas;Mujeres;01 Araba/Álava;2
085 Otras malformaciones congénitas, deformidades y anomalías cromosómicas;Mujeres;33 Asturias;8
085 Otras malformaciones congénitas, deformidades y anomalías cromosómicas;Mujeres;05 Ávila;0
085 Otras malformaciones congénitas, deformidades y anomalías cromosómicas;Mujeres;06 Badajoz;3
085 Otras malformaciones congénitas, deformidades y anomalías cromosómicas;Mujeres;07 Balears, Illes;7
085 Otras malformaciones congénitas, deformidades y anomalías cromosómicas;Mujeres;08 Barcelona;25
085 Otras malformaciones congénitas, deformidades y anomalías cromosómicas;Mujeres;48 Bizkaia;5
085 Otras malformaciones congénitas, deformidades y anomalías cromosómicas;Mujeres;09 Burgos;2
085 Otras malformaciones congénitas, deformidades y anomalías cromosómicas;Mujeres;10 Cáceres;1
085 Otras malformaciones congénitas, deformidades y anomalías cromosómicas;Mujeres;11 Cádiz;9
085 Otras malformaciones congénitas, deformidades y anomalías cromosómicas;Mujeres;39 Cantabria;8
085 Otras malformaciones congénitas, deformidades y anomalías cromosómicas;Mujeres;12 Castellón/Castelló;4
085 Otras malformaciones congénitas, deformidades y anomalías cromosómicas;Mujeres;13 Ciudad Real;1
085 Otras malformaciones congénitas, deformidades y anomalías cromosómicas;Mujeres;14 Córdoba;6
085 Otras malformaciones congénitas, deformidades y anomalías cromosómicas;Mujeres;15 Coruña, A;4
085 Otras malformaciones congénitas, deformidades y anomalías cromosómicas;Mujeres;16 Cuenca;4
085 Otras malformaciones congénitas, deformidades y anomalías cromosómicas;Mujeres;20 Gipuzkoa;3
085 Otras malformaciones congénitas, deformidades y anomalías cromosómicas;Mujeres;17 Girona;7
085 Otras malformaciones congénitas, deformidades y anomalías cromosómicas;Mujeres;18 Granada;6
085 Otras malformaciones congénitas, deformidades y anomalías cromosómicas;Mujeres;19 Guadalajara;1
085 Otras malformaciones congénitas, deformidades y anomalías cromosómicas;Mujeres;21 Huelva;3
085 Otras malformaciones congénitas, deformidades y anomalías cromosómicas;Mujeres;22 Huesca;1
085 Otras malformaciones congénitas, deformidades y anomalías cromosómicas;Mujeres;23 Jaén;2
085 Otras malformaciones congénitas, deformidades y anomalías cromosómicas;Mujeres;24 León;1
085 Otras malformaciones congénitas, deformidades y anomalías cromosómicas;Mujeres;25 Lleida;3
085 Otras malformaciones congénitas, deformidades y anomalías cromosómicas;Mujeres;27 Lugo;0
085 Otras malformaciones congénitas, deformidades y anomalías cromosómicas;Mujeres;28 Madrid;23
085 Otras malformaciones congénitas, deformidades y anomalías cromosómicas;Mujeres;29 Málaga;6
085 Otras malformaciones congénitas, deformidades y anomalías cromosómicas;Mujeres;30 Murcia;14
085 Otras malformaciones congénitas, deformidades y anomalías cromosómicas;Mujeres;31 Navarra;4
085 Otras malformaciones congénitas, deformidades y anomalías cromosómicas;Mujeres;32 Ourense;4
085 Otras malformaciones congénitas, deformidades y anomalías cromosómicas;Mujeres;34 Palencia;1
085 Otras malformaciones congénitas, deformidades y anomalías cromosómicas;Mujeres;35 Palmas, Las;3
085 Otras malformaciones congénitas, deformidades y anomalías cromosómicas;Mujeres;36 Pontevedra;2
085 Otras malformaciones congénitas, deformidades y anomalías cromosómicas;Mujeres;26 Rioja, La;4
085 Otras malformaciones congénitas, deformidades y anomalías cromosómicas;Mujeres;37 Salamanca;3
085 Otras malformaciones congénitas, deformidades y anomalías cromosómicas;Mujeres;38 Santa Cruz de Tenerife;3
085 Otras malformaciones congénitas, deformidades y anomalías cromosómicas;Mujeres;40 Segovia;1
085 Otras malformaciones congénitas, deformidades y anomalías cromosómicas;Mujeres;41 Sevilla;12
085 Otras malformaciones congénitas, deformidades y anomalías cromosómicas;Mujeres;42 Soria;0
085 Otras malformaciones congénitas, deformidades y anomalías cromosómicas;Mujeres;43 Tarragona;2
085 Otras malformaciones congénitas, deformidades y anomalías cromosómicas;Mujeres;44 Teruel;0
085 Otras malformaciones congénitas, deformidades y anomalías cromosómicas;Mujeres;45 Toledo;1
085 Otras malformaciones congénitas, deformidades y anomalías cromosómicas;Mujeres;46 Valencia/València;16
085 Otras malformaciones congénitas, deformidades y anomalías cromosómicas;Mujeres;47 Valladolid;2
085 Otras malformaciones congénitas, deformidades y anomalías cromosómicas;Mujeres;49 Zamora;1
085 Otras malformaciones congénitas, deformidades y anomalías cromosómicas;Mujeres;50 Zaragoza;1
085 Otras malformaciones congénitas, deformidades y anomalías cromosómicas;Mujeres;51 Ceuta;0
085 Otras malformaciones congénitas, deformidades y anomalías cromosómicas;Mujeres;52 Melilla;0
085 Otras malformaciones congénitas, deformidades y anomalías cromosómicas;Mujeres;Extranjero;2
086-089 XVIII.Síntomas, signos y hallazgos anormales clínicos y de laboratorio, no clasificados en otra parte (2);Hombres;Total;4.922
086-089 XVIII.Síntomas, signos y hallazgos anormales clínicos y de laboratorio, no clasificados en otra parte (2);Hombres;02 Albacete;37
086-089 XVIII.Síntomas, signos y hallazgos anormales clínicos y de laboratorio, no clasificados en otra parte (2);Hombres;03 Alicante/Alacant;227
086-089 XVIII.Síntomas, signos y hallazgos anormales clínicos y de laboratorio, no clasificados en otra parte (2);Hombres;04 Almería;219
086-089 XVIII.Síntomas, signos y hallazgos anormales clínicos y de laboratorio, no clasificados en otra parte (2);Hombres;01 Araba/Álava;31
086-089 XVIII.Síntomas, signos y hallazgos anormales clínicos y de laboratorio, no clasificados en otra parte (2);Hombres;33 Asturias;51
086-089 XVIII.Síntomas, signos y hallazgos anormales clínicos y de laboratorio, no clasificados en otra parte (2);Hombres;05 Ávila;26
086-089 XVIII.Síntomas, signos y hallazgos anormales clínicos y de laboratorio, no clasificados en otra parte (2);Hombres;06 Badajoz;124
086-089 XVIII.Síntomas, signos y hallazgos anormales clínicos y de laboratorio, no clasificados en otra parte (2);Hombres;07 Balears, Illes;63
086-089 XVIII.Síntomas, signos y hallazgos anormales clínicos y de laboratorio, no clasificados en otra parte (2);Hombres;08 Barcelona;359
086-089 XVIII.Síntomas, signos y hallazgos anormales clínicos y de laboratorio, no clasificados en otra parte (2);Hombres;48 Bizkaia;103
086-089 XVIII.Síntomas, signos y hallazgos anormales clínicos y de laboratorio, no clasificados en otra parte (2);Hombres;09 Burgos;28
086-089 XVIII.Síntomas, signos y hallazgos anormales clínicos y de laboratorio, no clasificados en otra parte (2);Hombres;10 Cáceres;104
086-089 XVIII.Síntomas, signos y hallazgos anormales clínicos y de laboratorio, no clasificados en otra parte (2);Hombres;11 Cádiz;190
086-089 XVIII.Síntomas, signos y hallazgos anormales clínicos y de laboratorio, no clasificados en otra parte (2);Hombres;39 Cantabria;81
086-089 XVIII.Síntomas, signos y hallazgos anormales clínicos y de laboratorio, no clasificados en otra parte (2);Hombres;12 Castellón/Castelló;96
086-089 XVIII.Síntomas, signos y hallazgos anormales clínicos y de laboratorio, no clasificados en otra parte (2);Hombres;13 Ciudad Real;85
086-089 XVIII.Síntomas, signos y hallazgos anormales clínicos y de laboratorio, no clasificados en otra parte (2);Hombres;14 Córdoba;71
086-089 XVIII.Síntomas, signos y hallazgos anormales clínicos y de laboratorio, no clasificados en otra parte (2);Hombres;15 Coruña, A;113
086-089 XVIII.Síntomas, signos y hallazgos anormales clínicos y de laboratorio, no clasificados en otra parte (2);Hombres;16 Cuenca;52
086-089 XVIII.Síntomas, signos y hallazgos anormales clínicos y de laboratorio, no clasificados en otra parte (2);Hombres;20 Gipuzkoa;98
086-089 XVIII.Síntomas, signos y hallazgos anormales clínicos y de laboratorio, no clasificados en otra parte (2);Hombres;17 Girona;80
086-089 XVIII.Síntomas, signos y hallazgos anormales clínicos y de laboratorio, no clasificados en otra parte (2);Hombres;18 Granada;214
086-089 XVIII.Síntomas, signos y hallazgos anormales clínicos y de laboratorio, no clasificados en otra parte (2);Hombres;19 Guadalajara;13
086-089 XVIII.Síntomas, signos y hallazgos anormales clínicos y de laboratorio, no clasificados en otra parte (2);Hombres;21 Huelva;111
086-089 XVIII.Síntomas, signos y hallazgos anormales clínicos y de laboratorio, no clasificados en otra parte (2);Hombres;22 Huesca;6
086-089 XVIII.Síntomas, signos y hallazgos anormales clínicos y de laboratorio, no clasificados en otra parte (2);Hombres;23 Jaén;165
086-089 XVIII.Síntomas, signos y hallazgos anormales clínicos y de laboratorio, no clasificados en otra parte (2);Hombres;24 León;48
086-089 XVIII.Síntomas, signos y hallazgos anormales clínicos y de laboratorio, no clasificados en otra parte (2);Hombres;25 Lleida;48
086-089 XVIII.Síntomas, signos y hallazgos anormales clínicos y de laboratorio, no clasificados en otra parte (2);Hombres;27 Lugo;42
086-089 XVIII.Síntomas, signos y hallazgos anormales clínicos y de laboratorio, no clasificados en otra parte (2);Hombres;28 Madrid;639
086-089 XVIII.Síntomas, signos y hallazgos anormales clínicos y de laboratorio, no clasificados en otra parte (2);Hombres;29 Málaga;292
086-089 XVIII.Síntomas, signos y hallazgos anormales clínicos y de laboratorio, no clasificados en otra parte (2);Hombres;30 Murcia;23
086-089 XVIII.Síntomas, signos y hallazgos anormales clínicos y de laboratorio, no clasificados en otra parte (2);Hombres;31 Navarra;10
086-089 XVIII.Síntomas, signos y hallazgos anormales clínicos y de laboratorio, no clasificados en otra parte (2);Hombres;32 Ourense;84
086-089 XVIII.Síntomas, signos y hallazgos anormales clínicos y de laboratorio, no clasificados en otra parte (2);Hombres;34 Palencia;21
086-089 XVIII.Síntomas, signos y hallazgos anormales clínicos y de laboratorio, no clasificados en otra parte (2);Hombres;35 Palmas, Las;103
086-089 XVIII.Síntomas, signos y hallazgos anormales clínicos y de laboratorio, no clasificados en otra parte (2);Hombres;36 Pontevedra;114
086-089 XVIII.Síntomas, signos y hallazgos anormales clínicos y de laboratorio, no clasificados en otra parte (2);Hombres;26 Rioja, La;11
086-089 XVIII.Síntomas, signos y hallazgos anormales clínicos y de laboratorio, no clasificados en otra parte (2);Hombres;37 Salamanca;12
086-089 XVIII.Síntomas, signos y hallazgos anormales clínicos y de laboratorio, no clasificados en otra parte (2);Hombres;38 Santa Cruz de Tenerife;76
086-089 XVIII.Síntomas, signos y hallazgos anormales clínicos y de laboratorio, no clasificados en otra parte (2);Hombres;40 Segovia;22
086-089 XVIII.Síntomas, signos y hallazgos anormales clínicos y de laboratorio, no clasificados en otra parte (2);Hombres;41 Sevilla;130
086-089 XVIII.Síntomas, signos y hallazgos anormales clínicos y de laboratorio, no clasificados en otra parte (2);Hombres;42 Soria;21
086-089 XVIII.Síntomas, signos y hallazgos anormales clínicos y de laboratorio, no clasificados en otra parte (2);Hombres;43 Tarragona;92
086-089 XVIII.Síntomas, signos y hallazgos anormales clínicos y de laboratorio, no clasificados en otra parte (2);Hombres;44 Teruel;6
086-089 XVIII.Síntomas, signos y hallazgos anormales clínicos y de laboratorio, no clasificados en otra parte (2);Hombres;45 Toledo;61
086-089 XVIII.Síntomas, signos y hallazgos anormales clínicos y de laboratorio, no clasificados en otra parte (2);Hombres;46 Valencia/València;120
086-089 XVIII.Síntomas, signos y hallazgos anormales clínicos y de laboratorio, no clasificados en otra parte (2);Hombres;47 Valladolid;40
086-089 XVIII.Síntomas, signos y hallazgos anormales clínicos y de laboratorio, no clasificados en otra parte (2);Hombres;49 Zamora;19
086-089 XVIII.Síntomas, signos y hallazgos anormales clínicos y de laboratorio, no clasificados en otra parte (2);Hombres;50 Zaragoza;28
086-089 XVIII.Síntomas, signos y hallazgos anormales clínicos y de laboratorio, no clasificados en otra parte (2);Hombres;51 Ceuta;8
086-089 XVIII.Síntomas, signos y hallazgos anormales clínicos y de laboratorio, no clasificados en otra parte (2);Hombres;52 Melilla;10
086-089 XVIII.Síntomas, signos y hallazgos anormales clínicos y de laboratorio, no clasificados en otra parte (2);Hombres;Extranjero;95
086-089 XVIII.Síntomas, signos y hallazgos anormales clínicos y de laboratorio, no clasificados en otra parte (2);Mujeres;Total;5.284
086-089 XVIII.Síntomas, signos y hallazgos anormales clínicos y de laboratorio, no clasificados en otra parte (2);Mujeres;02 Albacete;35
086-089 XVIII.Síntomas, signos y hallazgos anormales clínicos y de laboratorio, no clasificados en otra parte (2);Mujeres;03 Alicante/Alacant;218
086-089 XVIII.Síntomas, signos y hallazgos anormales clínicos y de laboratorio, no clasificados en otra parte (2);Mujeres;04 Almería;265
086-089 XVIII.Síntomas, signos y hallazgos anormales clínicos y de laboratorio, no clasificados en otra parte (2);Mujeres;01 Araba/Álava;35
086-089 XVIII.Síntomas, signos y hallazgos anormales clínicos y de laboratorio, no clasificados en otra parte (2);Mujeres;33 Asturias;128
086-089 XVIII.Síntomas, signos y hallazgos anormales clínicos y de laboratorio, no clasificados en otra parte (2);Mujeres;05 Ávila;32
086-089 XVIII.Síntomas, signos y hallazgos anormales clínicos y de laboratorio, no clasificados en otra parte (2);Mujeres;06 Badajoz;135
086-089 XVIII.Síntomas, signos y hallazgos anormales clínicos y de laboratorio, no clasificados en otra parte (2);Mujeres;07 Balears, Illes;46
086-089 XVIII.Síntomas, signos y hallazgos anormales clínicos y de laboratorio, no clasificados en otra parte (2);Mujeres;08 Barcelona;432
086-089 XVIII.Síntomas, signos y hallazgos anormales clínicos y de laboratorio, no clasificados en otra parte (2);Mujeres;48 Bizkaia;179
086-089 XVIII.Síntomas, signos y hallazgos anormales clínicos y de laboratorio, no clasificados en otra parte (2);Mujeres;09 Burgos;18
086-089 XVIII.Síntomas, signos y hallazgos anormales clínicos y de laboratorio, no clasificados en otra parte (2);Mujeres;10 Cáceres;128
086-089 XVIII.Síntomas, signos y hallazgos anormales clínicos y de laboratorio, no clasificados en otra parte (2);Mujeres;11 Cádiz;192
086-089 XVIII.Síntomas, signos y hallazgos anormales clínicos y de laboratorio, no clasificados en otra parte (2);Mujeres;39 Cantabria;32
086-089 XVIII.Síntomas, signos y hallazgos anormales clínicos y de laboratorio, no clasificados en otra parte (2);Mujeres;12 Castellón/Castelló;57
086-089 XVIII.Síntomas, signos y hallazgos anormales clínicos y de laboratorio, no clasificados en otra parte (2);Mujeres;13 Ciudad Real;82
086-089 XVIII.Síntomas, signos y hallazgos anormales clínicos y de laboratorio, no clasificados en otra parte (2);Mujeres;14 Córdoba;124
086-089 XVIII.Síntomas, signos y hallazgos anormales clínicos y de laboratorio, no clasificados en otra parte (2);Mujeres;15 Coruña, A;118
086-089 XVIII.Síntomas, signos y hallazgos anormales clínicos y de laboratorio, no clasificados en otra parte (2);Mujeres;16 Cuenca;52
086-089 XVIII.Síntomas, signos y hallazgos anormales clínicos y de laboratorio, no clasificados en otra parte (2);Mujeres;20 Gipuzkoa;172
086-089 XVIII.Síntomas, signos y hallazgos anormales clínicos y de laboratorio, no clasificados en otra parte (2);Mujeres;17 Girona;100
086-089 XVIII.Síntomas, signos y hallazgos anormales clínicos y de laboratorio, no clasificados en otra parte (2);Mujeres;18 Granada;237
086-089 XVIII.Síntomas, signos y hallazgos anormales clínicos y de laboratorio, no clasificados en otra parte (2);Mujeres;19 Guadalajara;11
086-089 XVIII.Síntomas, signos y hallazgos anormales clínicos y de laboratorio, no clasificados en otra parte (2);Mujeres;21 Huelva;138
086-089 XVIII.Síntomas, signos y hallazgos anormales clínicos y de laboratorio, no clasificados en otra parte (2);Mujeres;22 Huesca;4
086-089 XVIII.Síntomas, signos y hallazgos anormales clínicos y de laboratorio, no clasificados en otra parte (2);Mujeres;23 Jaén;268
086-089 XVIII.Síntomas, signos y hallazgos anormales clínicos y de laboratorio, no clasificados en otra parte (2);Mujeres;24 León;91
086-089 XVIII.Síntomas, signos y hallazgos anormales clínicos y de laboratorio, no clasificados en otra parte (2);Mujeres;25 Lleida;61
086-089 XVIII.Síntomas, signos y hallazgos anormales clínicos y de laboratorio, no clasificados en otra parte (2);Mujeres;27 Lugo;31
086-089 XVIII.Síntomas, signos y hallazgos anormales clínicos y de laboratorio, no clasificados en otra parte (2);Mujeres;28 Madrid;475
086-089 XVIII.Síntomas, signos y hallazgos anormales clínicos y de laboratorio, no clasificados en otra parte (2);Mujeres;29 Málaga;343
086-089 XVIII.Síntomas, signos y hallazgos anormales clínicos y de laboratorio, no clasificados en otra parte (2);Mujeres;30 Murcia;33
086-089 XVIII.Síntomas, signos y hallazgos anormales clínicos y de laboratorio, no clasificados en otra parte (2);Mujeres;31 Navarra;11
086-089 XVIII.Síntomas, signos y hallazgos anormales clínicos y de laboratorio, no clasificados en otra parte (2);Mujeres;32 Ourense;52
086-089 XVIII.Síntomas, signos y hallazgos anormales clínicos y de laboratorio, no clasificados en otra parte (2);Mujeres;34 Palencia;34
086-089 XVIII.Síntomas, signos y hallazgos anormales clínicos y de laboratorio, no clasificados en otra parte (2);Mujeres;35 Palmas, Las;87
086-089 XVIII.Síntomas, signos y hallazgos anormales clínicos y de laboratorio, no clasificados en otra parte (2);Mujeres;36 Pontevedra;60
086-089 XVIII.Síntomas, signos y hallazgos anormales clínicos y de laboratorio, no clasificados en otra parte (2);Mujeres;26 Rioja, La;16
086-089 XVIII.Síntomas, signos y hallazgos anormales clínicos y de laboratorio, no clasificados en otra parte (2);Mujeres;37 Salamanca;18
086-089 XVIII.Síntomas, signos y hallazgos anormales clínicos y de laboratorio, no clasificados en otra parte (2);Mujeres;38 Santa Cruz de Tenerife;52
086-089 XVIII.Síntomas, signos y hallazgos anormales clínicos y de laboratorio, no clasificados en otra parte (2);Mujeres;40 Segovia;31
086-089 XVIII.Síntomas, signos y hallazgos anormales clínicos y de laboratorio, no clasificados en otra parte (2);Mujeres;41 Sevilla;121
086-089 XVIII.Síntomas, signos y hallazgos anormales clínicos y de laboratorio, no clasificados en otra parte (2);Mujeres;42 Soria;20
086-089 XVIII.Síntomas, signos y hallazgos anormales clínicos y de laboratorio, no clasificados en otra parte (2);Mujeres;43 Tarragona;130
086-089 XVIII.Síntomas, signos y hallazgos anormales clínicos y de laboratorio, no clasificados en otra parte (2);Mujeres;44 Teruel;6
086-089 XVIII.Síntomas, signos y hallazgos anormales clínicos y de laboratorio, no clasificados en otra parte (2);Mujeres;45 Toledo;84
086-089 XVIII.Síntomas, signos y hallazgos anormales clínicos y de laboratorio, no clasificados en otra parte (2);Mujeres;46 Valencia/València;142
086-089 XVIII.Síntomas, signos y hallazgos anormales clínicos y de laboratorio, no clasificados en otra parte (2);Mujeres;47 Valladolid;29
086-089 XVIII.Síntomas, signos y hallazgos anormales clínicos y de laboratorio, no clasificados en otra parte (2);Mujeres;49 Zamora;29
086-089 XVIII.Síntomas, signos y hallazgos anormales clínicos y de laboratorio, no clasificados en otra parte (2);Mujeres;50 Zaragoza;22
086-089 XVIII.Síntomas, signos y hallazgos anormales clínicos y de laboratorio, no clasificados en otra parte (2);Mujeres;51 Ceuta;17
086-089 XVIII.Síntomas, signos y hallazgos anormales clínicos y de laboratorio, no clasificados en otra parte (2);Mujeres;52 Melilla;8
086-089 XVIII.Síntomas, signos y hallazgos anormales clínicos y de laboratorio, no clasificados en otra parte (2);Mujeres;Extranjero;43
086 Paro cardíaco, muerte sin asistencia y otra causa desconocida de mortalidad;Hombres;Total;2.658
086 Paro cardíaco, muerte sin asistencia y otra causa desconocida de mortalidad;Hombres;02 Albacete;16
086 Paro cardíaco, muerte sin asistencia y otra causa desconocida de mortalidad;Hombres;03 Alicante/Alacant;85
086 Paro cardíaco, muerte sin asistencia y otra causa desconocida de mortalidad;Hombres;04 Almería;123
086 Paro cardíaco, muerte sin asistencia y otra causa desconocida de mortalidad;Hombres;01 Araba/Álava;24
086 Paro cardíaco, muerte sin asistencia y otra causa desconocida de mortalidad;Hombres;33 Asturias;16
086 Paro cardíaco, muerte sin asistencia y otra causa desconocida de mortalidad;Hombres;05 Ávila;13
086 Paro cardíaco, muerte sin asistencia y otra causa desconocida de mortalidad;Hombres;06 Badajoz;71
086 Paro cardíaco, muerte sin asistencia y otra causa desconocida de mortalidad;Hombres;07 Balears, Illes;45
086 Paro cardíaco, muerte sin asistencia y otra causa desconocida de mortalidad;Hombres;08 Barcelona;219
086 Paro cardíaco, muerte sin asistencia y otra causa desconocida de mortalidad;Hombres;48 Bizkaia;12
086 Paro cardíaco, muerte sin asistencia y otra causa desconocida de mortalidad;Hombres;09 Burgos;10
086 Paro cardíaco, muerte sin asistencia y otra causa desconocida de mortalidad;Hombres;10 Cáceres;74
086 Paro cardíaco, muerte sin asistencia y otra causa desconocida de mortalidad;Hombres;11 Cádiz;98
086 Paro cardíaco, muerte sin asistencia y otra causa desconocida de mortalidad;Hombres;39 Cantabria;66
086 Paro cardíaco, muerte sin asistencia y otra causa desconocida de mortalidad;Hombres;12 Castellón/Castelló;16
086 Paro cardíaco, muerte sin asistencia y otra causa desconocida de mortalidad;Hombres;13 Ciudad Real;67
086 Paro cardíaco, muerte sin asistencia y otra causa desconocida de mortalidad;Hombres;14 Córdoba;21
086 Paro cardíaco, muerte sin asistencia y otra causa desconocida de mortalidad;Hombres;15 Coruña, A;68
086 Paro cardíaco, muerte sin asistencia y otra causa desconocida de mortalidad;Hombres;16 Cuenca;36
086 Paro cardíaco, muerte sin asistencia y otra causa desconocida de mortalidad;Hombres;20 Gipuzkoa;15
086 Paro cardíaco, muerte sin asistencia y otra causa desconocida de mortalidad;Hombres;17 Girona;28
086 Paro cardíaco, muerte sin asistencia y otra causa desconocida de mortalidad;Hombres;18 Granada;84
086 Paro cardíaco, muerte sin asistencia y otra causa desconocida de mortalidad;Hombres;19 Guadalajara;3
086 Paro cardíaco, muerte sin asistencia y otra causa desconocida de mortalidad;Hombres;21 Huelva;80
086 Paro cardíaco, muerte sin asistencia y otra causa desconocida de mortalidad;Hombres;22 Huesca;3
086 Paro cardíaco, muerte sin asistencia y otra causa desconocida de mortalidad;Hombres;23 Jaén;56
086 Paro cardíaco, muerte sin asistencia y otra causa desconocida de mortalidad;Hombres;24 León;20
086 Paro cardíaco, muerte sin asistencia y otra causa desconocida de mortalidad;Hombres;25 Lleida;23
086 Paro cardíaco, muerte sin asistencia y otra causa desconocida de mortalidad;Hombres;27 Lugo;27
086 Paro cardíaco, muerte sin asistencia y otra causa desconocida de mortalidad;Hombres;28 Madrid;483
086 Paro cardíaco, muerte sin asistencia y otra causa desconocida de mortalidad;Hombres;29 Málaga;130
086 Paro cardíaco, muerte sin asistencia y otra causa desconocida de mortalidad;Hombres;30 Murcia;9
086 Paro cardíaco, muerte sin asistencia y otra causa desconocida de mortalidad;Hombres;31 Navarra;4
086 Paro cardíaco, muerte sin asistencia y otra causa desconocida de mortalidad;Hombres;32 Ourense;80
086 Paro cardíaco, muerte sin asistencia y otra causa desconocida de mortalidad;Hombres;34 Palencia;8
086 Paro cardíaco, muerte sin asistencia y otra causa desconocida de mortalidad;Hombres;35 Palmas, Las;64
086 Paro cardíaco, muerte sin asistencia y otra causa desconocida de mortalidad;Hombres;36 Pontevedra;69
086 Paro cardíaco, muerte sin asistencia y otra causa desconocida de mortalidad;Hombres;26 Rioja, La;6
086 Paro cardíaco, muerte sin asistencia y otra causa desconocida de mortalidad;Hombres;37 Salamanca;5
086 Paro cardíaco, muerte sin asistencia y otra causa desconocida de mortalidad;Hombres;38 Santa Cruz de Tenerife;40
086 Paro cardíaco, muerte sin asistencia y otra causa desconocida de mortalidad;Hombres;40 Segovia;16
086 Paro cardíaco, muerte sin asistencia y otra causa desconocida de mortalidad;Hombres;41 Sevilla;67
086 Paro cardíaco, muerte sin asistencia y otra causa desconocida de mortalidad;Hombres;42 Soria;9
086 Paro cardíaco, muerte sin asistencia y otra causa desconocida de mortalidad;Hombres;43 Tarragona;58
086 Paro cardíaco, muerte sin asistencia y otra causa desconocida de mortalidad;Hombres;44 Teruel;3
086 Paro cardíaco, muerte sin asistencia y otra causa desconocida de mortalidad;Hombres;45 Toledo;42
086 Paro cardíaco, muerte sin asistencia y otra causa desconocida de mortalidad;Hombres;46 Valencia/València;31
086 Paro cardíaco, muerte sin asistencia y otra causa desconocida de mortalidad;Hombres;47 Valladolid;33
086 Paro cardíaco, muerte sin asistencia y otra causa desconocida de mortalidad;Hombres;49 Zamora;7
086 Paro cardíaco, muerte sin asistencia y otra causa desconocida de mortalidad;Hombres;50 Zaragoza;15
086 Paro cardíaco, muerte sin asistencia y otra causa desconocida de mortalidad;Hombres;51 Ceuta;0
086 Paro cardíaco, muerte sin asistencia y otra causa desconocida de mortalidad;Hombres;52 Melilla;7
086 Paro cardíaco, muerte sin asistencia y otra causa desconocida de mortalidad;Hombres;Extranjero;53
086 Paro cardíaco, muerte sin asistencia y otra causa desconocida de mortalidad;Mujeres;Total;2.193
086 Paro cardíaco, muerte sin asistencia y otra causa desconocida de mortalidad;Mujeres;02 Albacete;17
086 Paro cardíaco, muerte sin asistencia y otra causa desconocida de mortalidad;Mujeres;03 Alicante/Alacant;76
086 Paro cardíaco, muerte sin asistencia y otra causa desconocida de mortalidad;Mujeres;04 Almería;139
086 Paro cardíaco, muerte sin asistencia y otra causa desconocida de mortalidad;Mujeres;01 Araba/Álava;13
086 Paro cardíaco, muerte sin asistencia y otra causa desconocida de mortalidad;Mujeres;33 Asturias;6
086 Paro cardíaco, muerte sin asistencia y otra causa desconocida de mortalidad;Mujeres;05 Ávila;18
086 Paro cardíaco, muerte sin asistencia y otra causa desconocida de mortalidad;Mujeres;06 Badajoz;70
086 Paro cardíaco, muerte sin asistencia y otra causa desconocida de mortalidad;Mujeres;07 Balears, Illes;34
086 Paro cardíaco, muerte sin asistencia y otra causa desconocida de mortalidad;Mujeres;08 Barcelona;197
086 Paro cardíaco, muerte sin asistencia y otra causa desconocida de mortalidad;Mujeres;48 Bizkaia;8
086 Paro cardíaco, muerte sin asistencia y otra causa desconocida de mortalidad;Mujeres;09 Burgos;3
086 Paro cardíaco, muerte sin asistencia y otra causa desconocida de mortalidad;Mujeres;10 Cáceres;86
086 Paro cardíaco, muerte sin asistencia y otra causa desconocida de mortalidad;Mujeres;11 Cádiz;81
086 Paro cardíaco, muerte sin asistencia y otra causa desconocida de mortalidad;Mujeres;39 Cantabria;22
086 Paro cardíaco, muerte sin asistencia y otra causa desconocida de mortalidad;Mujeres;12 Castellón/Castelló;8
086 Paro cardíaco, muerte sin asistencia y otra causa desconocida de mortalidad;Mujeres;13 Ciudad Real;63
086 Paro cardíaco, muerte sin asistencia y otra causa desconocida de mortalidad;Mujeres;14 Córdoba;23
086 Paro cardíaco, muerte sin asistencia y otra causa desconocida de mortalidad;Mujeres;15 Coruña, A;31
086 Paro cardíaco, muerte sin asistencia y otra causa desconocida de mortalidad;Mujeres;16 Cuenca;22
086 Paro cardíaco, muerte sin asistencia y otra causa desconocida de mortalidad;Mujeres;20 Gipuzkoa;14
086 Paro cardíaco, muerte sin asistencia y otra causa desconocida de mortalidad;Mujeres;17 Girona;34
086 Paro cardíaco, muerte sin asistencia y otra causa desconocida de mortalidad;Mujeres;18 Granada;80
086 Paro cardíaco, muerte sin asistencia y otra causa desconocida de mortalidad;Mujeres;19 Guadalajara;6
086 Paro cardíaco, muerte sin asistencia y otra causa desconocida de mortalidad;Mujeres;21 Huelva;90
086 Paro cardíaco, muerte sin asistencia y otra causa desconocida de mortalidad;Mujeres;22 Huesca;1
086 Paro cardíaco, muerte sin asistencia y otra causa desconocida de mortalidad;Mujeres;23 Jaén;107
086 Paro cardíaco, muerte sin asistencia y otra causa desconocida de mortalidad;Mujeres;24 León;30
086 Paro cardíaco, muerte sin asistencia y otra causa desconocida de mortalidad;Mujeres;25 Lleida;39
086 Paro cardíaco, muerte sin asistencia y otra causa desconocida de mortalidad;Mujeres;27 Lugo;12
086 Paro cardíaco, muerte sin asistencia y otra causa desconocida de mortalidad;Mujeres;28 Madrid;348
086 Paro cardíaco, muerte sin asistencia y otra causa desconocida de mortalidad;Mujeres;29 Málaga;100
086 Paro cardíaco, muerte sin asistencia y otra causa desconocida de mortalidad;Mujeres;30 Murcia;3
086 Paro cardíaco, muerte sin asistencia y otra causa desconocida de mortalidad;Mujeres;31 Navarra;4
086 Paro cardíaco, muerte sin asistencia y otra causa desconocida de mortalidad;Mujeres;32 Ourense;32
086 Paro cardíaco, muerte sin asistencia y otra causa desconocida de mortalidad;Mujeres;34 Palencia;8
086 Paro cardíaco, muerte sin asistencia y otra causa desconocida de mortalidad;Mujeres;35 Palmas, Las;55
086 Paro cardíaco, muerte sin asistencia y otra causa desconocida de mortalidad;Mujeres;36 Pontevedra;26
086 Paro cardíaco, muerte sin asistencia y otra causa desconocida de mortalidad;Mujeres;26 Rioja, La;4
086 Paro cardíaco, muerte sin asistencia y otra causa desconocida de mortalidad;Mujeres;37 Salamanca;3
086 Paro cardíaco, muerte sin asistencia y otra causa desconocida de mortalidad;Mujeres;38 Santa Cruz de Tenerife;20
086 Paro cardíaco, muerte sin asistencia y otra causa desconocida de mortalidad;Mujeres;40 Segovia;11
086 Paro cardíaco, muerte sin asistencia y otra causa desconocida de mortalidad;Mujeres;41 Sevilla;29
086 Paro cardíaco, muerte sin asistencia y otra causa desconocida de mortalidad;Mujeres;42 Soria;9
086 Paro cardíaco, muerte sin asistencia y otra causa desconocida de mortalidad;Mujeres;43 Tarragona;79
086 Paro cardíaco, muerte sin asistencia y otra causa desconocida de mortalidad;Mujeres;44 Teruel;5
086 Paro cardíaco, muerte sin asistencia y otra causa desconocida de mortalidad;Mujeres;45 Toledo;51
086 Paro cardíaco, muerte sin asistencia y otra causa desconocida de mortalidad;Mujeres;46 Valencia/València;23
086 Paro cardíaco, muerte sin asistencia y otra causa desconocida de mortalidad;Mujeres;47 Valladolid;18
086 Paro cardíaco, muerte sin asistencia y otra causa desconocida de mortalidad;Mujeres;49 Zamora;9
086 Paro cardíaco, muerte sin asistencia y otra causa desconocida de mortalidad;Mujeres;50 Zaragoza;2
086 Paro cardíaco, muerte sin asistencia y otra causa desconocida de mortalidad;Mujeres;51 Ceuta;2
086 Paro cardíaco, muerte sin asistencia y otra causa desconocida de mortalidad;Mujeres;52 Melilla;3
086 Paro cardíaco, muerte sin asistencia y otra causa desconocida de mortalidad;Mujeres;Extranjero;19
087 Senilidad;Hombres;Total;521
087 Senilidad;Hombres;02 Albacete;2
087 Senilidad;Hombres;03 Alicante/Alacant;35
087 Senilidad;Hombres;04 Almería;11
087 Senilidad;Hombres;01 Araba/Álava;4
087 Senilidad;Hombres;33 Asturias;16
087 Senilidad;Hombres;05 Ávila;1
087 Senilidad;Hombres;06 Badajoz;11
087 Senilidad;Hombres;07 Balears, Illes;0
087 Senilidad;Hombres;08 Barcelona;18
087 Senilidad;Hombres;48 Bizkaia;65
087 Senilidad;Hombres;09 Burgos;5
087 Senilidad;Hombres;10 Cáceres;11
087 Senilidad;Hombres;11 Cádiz;39
087 Senilidad;Hombres;39 Cantabria;2
087 Senilidad;Hombres;12 Castellón/Castelló;4
087 Senilidad;Hombres;13 Ciudad Real;2
087 Senilidad;Hombres;14 Córdoba;25
087 Senilidad;Hombres;15 Coruña, A;17
087 Senilidad;Hombres;16 Cuenca;8
087 Senilidad;Hombres;20 Gipuzkoa;66
087 Senilidad;Hombres;17 Girona;5
087 Senilidad;Hombres;18 Granada;12
087 Senilidad;Hombres;19 Guadalajara;1
087 Senilidad;Hombres;21 Huelva;8
087 Senilidad;Hombres;22 Huesca;1
087 Senilidad;Hombres;23 Jaén;14
087 Senilidad;Hombres;24 León;9
087 Senilidad;Hombres;25 Lleida;2
087 Senilidad;Hombres;27 Lugo;9
087 Senilidad;Hombres;28 Madrid;4
087 Senilidad;Hombres;29 Málaga;34
087 Senilidad;Hombres;30 Murcia;10
087 Senilidad;Hombres;31 Navarra;3
087 Senilidad;Hombres;32 Ourense;3
087 Senilidad;Hombres;34 Palencia;1
087 Senilidad;Hombres;35 Palmas, Las;0
087 Senilidad;Hombres;36 Pontevedra;8
087 Senilidad;Hombres;26 Rioja, La;2
087 Senilidad;Hombres;37 Salamanca;1
087 Senilidad;Hombres;38 Santa Cruz de Tenerife;2
087 Senilidad;Hombres;40 Segovia;1
087 Senilidad;Hombres;41 Sevilla;13
087 Senilidad;Hombres;42 Soria;1
087 Senilidad;Hombres;43 Tarragona;9
087 Senilidad;Hombres;44 Teruel;1
087 Senilidad;Hombres;45 Toledo;4
087 Senilidad;Hombres;46 Valencia/València;11
087 Senilidad;Hombres;47 Valladolid;1
087 Senilidad;Hombres;49 Zamora;5
087 Senilidad;Hombres;50 Zaragoza;3
087 Senilidad;Hombres;51 Ceuta;0
087 Senilidad;Hombres;52 Melilla;0
087 Senilidad;Hombres;Extranjero;1
087 Senilidad;Mujeres;Total;1.301
087 Senilidad;Mujeres;02 Albacete;3
087 Senilidad;Mujeres;03 Alicante/Alacant;57
087 Senilidad;Mujeres;04 Almería;26
087 Senilidad;Mujeres;01 Araba/Álava;17
087 Senilidad;Mujeres;33 Asturias;75
087 Senilidad;Mujeres;05 Ávila;8
087 Senilidad;Mujeres;06 Badajoz;26
087 Senilidad;Mujeres;07 Balears, Illes;2
087 Senilidad;Mujeres;08 Barcelona;70
087 Senilidad;Mujeres;48 Bizkaia;135
087 Senilidad;Mujeres;09 Burgos;5
087 Senilidad;Mujeres;10 Cáceres;9
087 Senilidad;Mujeres;11 Cádiz;72
087 Senilidad;Mujeres;39 Cantabria;5
087 Senilidad;Mujeres;12 Castellón/Castelló;13
087 Senilidad;Mujeres;13 Ciudad Real;9
087 Senilidad;Mujeres;14 Córdoba;56
087 Senilidad;Mujeres;15 Coruña, A;57
087 Senilidad;Mujeres;16 Cuenca;21
087 Senilidad;Mujeres;20 Gipuzkoa;141
087 Senilidad;Mujeres;17 Girona;33
087 Senilidad;Mujeres;18 Granada;29
087 Senilidad;Mujeres;19 Guadalajara;1
087 Senilidad;Mujeres;21 Huelva;21
087 Senilidad;Mujeres;22 Huesca;0
087 Senilidad;Mujeres;23 Jaén;33
087 Senilidad;Mujeres;24 León;19
087 Senilidad;Mujeres;25 Lleida;8
087 Senilidad;Mujeres;27 Lugo;15
087 Senilidad;Mujeres;28 Madrid;21
087 Senilidad;Mujeres;29 Málaga;70
087 Senilidad;Mujeres;30 Murcia;30
087 Senilidad;Mujeres;31 Navarra;2
087 Senilidad;Mujeres;32 Ourense;15
087 Senilidad;Mujeres;34 Palencia;4
087 Senilidad;Mujeres;35 Palmas, Las;1
087 Senilidad;Mujeres;36 Pontevedra;17
087 Senilidad;Mujeres;26 Rioja, La;3
087 Senilidad;Mujeres;37 Salamanca;5
087 Senilidad;Mujeres;38 Santa Cruz de Tenerife;3
087 Senilidad;Mujeres;40 Segovia;7
087 Senilidad;Mujeres;41 Sevilla;34
087 Senilidad;Mujeres;42 Soria;4
087 Senilidad;Mujeres;43 Tarragona;28
087 Senilidad;Mujeres;44 Teruel;1
087 Senilidad;Mujeres;45 Toledo;14
087 Senilidad;Mujeres;46 Valencia/València;37
087 Senilidad;Mujeres;47 Valladolid;6
087 Senilidad;Mujeres;49 Zamora;9
087 Senilidad;Mujeres;50 Zaragoza;10
087 Senilidad;Mujeres;51 Ceuta;11
087 Senilidad;Mujeres;52 Melilla;1
087 Senilidad;Mujeres;Extranjero;2
088 Muerte súbita infantil;Hombres;Total;36
088 Muerte súbita infantil;Hombres;02 Albacete;0
088 Muerte súbita infantil;Hombres;03 Alicante/Alacant;3
088 Muerte súbita infantil;Hombres;04 Almería;1
088 Muerte súbita infantil;Hombres;01 Araba/Álava;0
088 Muerte súbita infantil;Hombres;33 Asturias;1
088 Muerte súbita infantil;Hombres;05 Ávila;1
088 Muerte súbita infantil;Hombres;06 Badajoz;0
088 Muerte súbita infantil;Hombres;07 Balears, Illes;1
088 Muerte súbita infantil;Hombres;08 Barcelona;3
088 Muerte súbita infantil;Hombres;48 Bizkaia;1
088 Muerte súbita infantil;Hombres;09 Burgos;1
088 Muerte súbita infantil;Hombres;10 Cáceres;0
088 Muerte súbita infantil;Hombres;11 Cádiz;0
088 Muerte súbita infantil;Hombres;39 Cantabria;0
088 Muerte súbita infantil;Hombres;12 Castellón/Castelló;0
088 Muerte súbita infantil;Hombres;13 Ciudad Real;1
088 Muerte súbita infantil;Hombres;14 Córdoba;1
088 Muerte súbita infantil;Hombres;15 Coruña, A;1
088 Muerte súbita infantil;Hombres;16 Cuenca;0
088 Muerte súbita infantil;Hombres;20 Gipuzkoa;0
088 Muerte súbita infantil;Hombres;17 Girona;3
088 Muerte súbita infantil;Hombres;18 Granada;2
088 Muerte súbita infantil;Hombres;19 Guadalajara;1
088 Muerte súbita infantil;Hombres;21 Huelva;0
088 Muerte súbita infantil;Hombres;22 Huesca;0
088 Muerte súbita infantil;Hombres;23 Jaén;0
088 Muerte súbita infantil;Hombres;24 León;0
088 Muerte súbita infantil;Hombres;25 Lleida;0
088 Muerte súbita infantil;Hombres;27 Lugo;0
088 Muerte súbita infantil;Hombres;28 Madrid;6
088 Muerte súbita infantil;Hombres;29 Málaga;1
088 Muerte súbita infantil;Hombres;30 Murcia;0
088 Muerte súbita infantil;Hombres;31 Navarra;1
088 Muerte súbita infantil;Hombres;32 Ourense;0
088 Muerte súbita infantil;Hombres;34 Palencia;0
088 Muerte súbita infantil;Hombres;35 Palmas, Las;0
088 Muerte súbita infantil;Hombres;36 Pontevedra;0
088 Muerte súbita infantil;Hombres;26 Rioja, La;0
088 Muerte súbita infantil;Hombres;37 Salamanca;0
088 Muerte súbita infantil;Hombres;38 Santa Cruz de Tenerife;0
088 Muerte súbita infantil;Hombres;40 Segovia;0
088 Muerte súbita infantil;Hombres;41 Sevilla;1
088 Muerte súbita infantil;Hombres;42 Soria;0
088 Muerte súbita infantil;Hombres;43 Tarragona;0
088 Muerte súbita infantil;Hombres;44 Teruel;0
088 Muerte súbita infantil;Hombres;45 Toledo;1
088 Muerte súbita infantil;Hombres;46 Valencia/València;3
088 Muerte súbita infantil;Hombres;47 Valladolid;1
088 Muerte súbita infantil;Hombres;49 Zamora;0
088 Muerte súbita infantil;Hombres;50 Zaragoza;0
088 Muerte súbita infantil;Hombres;51 Ceuta;0
088 Muerte súbita infantil;Hombres;52 Melilla;0
088 Muerte súbita infantil;Hombres;Extranjero;1
088 Muerte súbita infantil;Mujeres;Total;9
088 Muerte súbita infantil;Mujeres;02 Albacete;0
088 Muerte súbita infantil;Mujeres;03 Alicante/Alacant;0
088 Muerte súbita infantil;Mujeres;04 Almería;0
088 Muerte súbita infantil;Mujeres;01 Araba/Álava;0
088 Muerte súbita infantil;Mujeres;33 Asturias;0
088 Muerte súbita infantil;Mujeres;05 Ávila;0
088 Muerte súbita infantil;Mujeres;06 Badajoz;0
088 Muerte súbita infantil;Mujeres;07 Balears, Illes;0
088 Muerte súbita infantil;Mujeres;08 Barcelona;1
088 Muerte súbita infantil;Mujeres;48 Bizkaia;0
088 Muerte súbita infantil;Mujeres;09 Burgos;0
088 Muerte súbita infantil;Mujeres;10 Cáceres;0
088 Muerte súbita infantil;Mujeres;11 Cádiz;0
088 Muerte súbita infantil;Mujeres;39 Cantabria;0
088 Muerte súbita infantil;Mujeres;12 Castellón/Castelló;0
088 Muerte súbita infantil;Mujeres;13 Ciudad Real;0
088 Muerte súbita infantil;Mujeres;14 Córdoba;0
088 Muerte súbita infantil;Mujeres;15 Coruña, A;0
088 Muerte súbita infantil;Mujeres;16 Cuenca;0
088 Muerte súbita infantil;Mujeres;20 Gipuzkoa;0
088 Muerte súbita infantil;Mujeres;17 Girona;3
088 Muerte súbita infantil;Mujeres;18 Granada;0
088 Muerte súbita infantil;Mujeres;19 Guadalajara;0
088 Muerte súbita infantil;Mujeres;21 Huelva;0
088 Muerte súbita infantil;Mujeres;22 Huesca;0
088 Muerte súbita infantil;Mujeres;23 Jaén;0
088 Muerte súbita infantil;Mujeres;24 León;0
088 Muerte súbita infantil;Mujeres;25 Lleida;0
088 Muerte súbita infantil;Mujeres;27 Lugo;0
088 Muerte súbita infantil;Mujeres;28 Madrid;3
088 Muerte súbita infantil;Mujeres;29 Málaga;0
088 Muerte súbita infantil;Mujeres;30 Murcia;0
088 Muerte súbita infantil;Mujeres;31 Navarra;0
088 Muerte súbita infantil;Mujeres;32 Ourense;0
088 Muerte súbita infantil;Mujeres;34 Palencia;0
088 Muerte súbita infantil;Mujeres;35 Palmas, Las;0
088 Muerte súbita infantil;Mujeres;36 Pontevedra;0
088 Muerte súbita infantil;Mujeres;26 Rioja, La;0
088 Muerte súbita infantil;Mujeres;37 Salamanca;0
088 Muerte súbita infantil;Mujeres;38 Santa Cruz de Tenerife;0
088 Muerte súbita infantil;Mujeres;40 Segovia;0
088 Muerte súbita infantil;Mujeres;41 Sevilla;0
088 Muerte súbita infantil;Mujeres;42 Soria;0
088 Muerte súbita infantil;Mujeres;43 Tarragona;1
088 Muerte súbita infantil;Mujeres;44 Teruel;0
088 Muerte súbita infantil;Mujeres;45 Toledo;1
088 Muerte súbita infantil;Mujeres;46 Valencia/València;0
088 Muerte súbita infantil;Mujeres;47 Valladolid;0
088 Muerte súbita infantil;Mujeres;49 Zamora;0
088 Muerte súbita infantil;Mujeres;50 Zaragoza;0
088 Muerte súbita infantil;Mujeres;51 Ceuta;0
088 Muerte súbita infantil;Mujeres;52 Melilla;0
088 Muerte súbita infantil;Mujeres;Extranjero;0
089 Resto de síntomas, signos y hallazgos anormales clínicos y de laboratorio, no clasificados en otra parte;Hombres;Total;1.707
089 Resto de síntomas, signos y hallazgos anormales clínicos y de laboratorio, no clasificados en otra parte;Hombres;02 Albacete;19
089 Resto de síntomas, signos y hallazgos anormales clínicos y de laboratorio, no clasificados en otra parte;Hombres;03 Alicante/Alacant;104
089 Resto de síntomas, signos y hallazgos anormales clínicos y de laboratorio, no clasificados en otra parte;Hombres;04 Almería;84
089 Resto de síntomas, signos y hallazgos anormales clínicos y de laboratorio, no clasificados en otra parte;Hombres;01 Araba/Álava;3
089 Resto de síntomas, signos y hallazgos anormales clínicos y de laboratorio, no clasificados en otra parte;Hombres;33 Asturias;18
089 Resto de síntomas, signos y hallazgos anormales clínicos y de laboratorio, no clasificados en otra parte;Hombres;05 Ávila;11
089 Resto de síntomas, signos y hallazgos anormales clínicos y de laboratorio, no clasificados en otra parte;Hombres;06 Badajoz;42
089 Resto de síntomas, signos y hallazgos anormales clínicos y de laboratorio, no clasificados en otra parte;Hombres;07 Balears, Illes;17
089 Resto de síntomas, signos y hallazgos anormales clínicos y de laboratorio, no clasificados en otra parte;Hombres;08 Barcelona;119
089 Resto de síntomas, signos y hallazgos anormales clínicos y de laboratorio, no clasificados en otra parte;Hombres;48 Bizkaia;25
089 Resto de síntomas, signos y hallazgos anormales clínicos y de laboratorio, no clasificados en otra parte;Hombres;09 Burgos;12
089 Resto de síntomas, signos y hallazgos anormales clínicos y de laboratorio, no clasificados en otra parte;Hombres;10 Cáceres;19
089 Resto de síntomas, signos y hallazgos anormales clínicos y de laboratorio, no clasificados en otra parte;Hombres;11 Cádiz;53
089 Resto de síntomas, signos y hallazgos anormales clínicos y de laboratorio, no clasificados en otra parte;Hombres;39 Cantabria;13
089 Resto de síntomas, signos y hallazgos anormales clínicos y de laboratorio, no clasificados en otra parte;Hombres;12 Castellón/Castelló;76
089 Resto de síntomas, signos y hallazgos anormales clínicos y de laboratorio, no clasificados en otra parte;Hombres;13 Ciudad Real;15
089 Resto de síntomas, signos y hallazgos anormales clínicos y de laboratorio, no clasificados en otra parte;Hombres;14 Córdoba;24
089 Resto de síntomas, signos y hallazgos anormales clínicos y de laboratorio, no clasificados en otra parte;Hombres;15 Coruña, A;27
089 Resto de síntomas, signos y hallazgos anormales clínicos y de laboratorio, no clasificados en otra parte;Hombres;16 Cuenca;8
089 Resto de síntomas, signos y hallazgos anormales clínicos y de laboratorio, no clasificados en otra parte;Hombres;20 Gipuzkoa;17
089 Resto de síntomas, signos y hallazgos anormales clínicos y de laboratorio, no clasificados en otra parte;Hombres;17 Girona;44
089 Resto de síntomas, signos y hallazgos anormales clínicos y de laboratorio, no clasificados en otra parte;Hombres;18 Granada;116
089 Resto de síntomas, signos y hallazgos anormales clínicos y de laboratorio, no clasificados en otra parte;Hombres;19 Guadalajara;8
089 Resto de síntomas, signos y hallazgos anormales clínicos y de laboratorio, no clasificados en otra parte;Hombres;21 Huelva;23
089 Resto de síntomas, signos y hallazgos anormales clínicos y de laboratorio, no clasificados en otra parte;Hombres;22 Huesca;2
089 Resto de síntomas, signos y hallazgos anormales clínicos y de laboratorio, no clasificados en otra parte;Hombres;23 Jaén;95
089 Resto de síntomas, signos y hallazgos anormales clínicos y de laboratorio, no clasificados en otra parte;Hombres;24 León;19
089 Resto de síntomas, signos y hallazgos anormales clínicos y de laboratorio, no clasificados en otra parte;Hombres;25 Lleida;23
089 Resto de síntomas, signos y hallazgos anormales clínicos y de laboratorio, no clasificados en otra parte;Hombres;27 Lugo;6
089 Resto de síntomas, signos y hallazgos anormales clínicos y de laboratorio, no clasificados en otra parte;Hombres;28 Madrid;146
089 Resto de síntomas, signos y hallazgos anormales clínicos y de laboratorio, no clasificados en otra parte;Hombres;29 Málaga;127
089 Resto de síntomas, signos y hallazgos anormales clínicos y de laboratorio, no clasificados en otra parte;Hombres;30 Murcia;4
089 Resto de síntomas, signos y hallazgos anormales clínicos y de laboratorio, no clasificados en otra parte;Hombres;31 Navarra;2
089 Resto de síntomas, signos y hallazgos anormales clínicos y de laboratorio, no clasificados en otra parte;Hombres;32 Ourense;1
089 Resto de síntomas, signos y hallazgos anormales clínicos y de laboratorio, no clasificados en otra parte;Hombres;34 Palencia;12
089 Resto de síntomas, signos y hallazgos anormales clínicos y de laboratorio, no clasificados en otra parte;Hombres;35 Palmas, Las;39
089 Resto de síntomas, signos y hallazgos anormales clínicos y de laboratorio, no clasificados en otra parte;Hombres;36 Pontevedra;37
089 Resto de síntomas, signos y hallazgos anormales clínicos y de laboratorio, no clasificados en otra parte;Hombres;26 Rioja, La;3
089 Resto de síntomas, signos y hallazgos anormales clínicos y de laboratorio, no clasificados en otra parte;Hombres;37 Salamanca;6
089 Resto de síntomas, signos y hallazgos anormales clínicos y de laboratorio, no clasificados en otra parte;Hombres;38 Santa Cruz de Tenerife;34
089 Resto de síntomas, signos y hallazgos anormales clínicos y de laboratorio, no clasificados en otra parte;Hombres;40 Segovia;5
089 Resto de síntomas, signos y hallazgos anormales clínicos y de laboratorio, no clasificados en otra parte;Hombres;41 Sevilla;49
089 Resto de síntomas, signos y hallazgos anormales clínicos y de laboratorio, no clasificados en otra parte;Hombres;42 Soria;11
089 Resto de síntomas, signos y hallazgos anormales clínicos y de laboratorio, no clasificados en otra parte;Hombres;43 Tarragona;25
089 Resto de síntomas, signos y hallazgos anormales clínicos y de laboratorio, no clasificados en otra parte;Hombres;44 Teruel;2
089 Resto de síntomas, signos y hallazgos anormales clínicos y de laboratorio, no clasificados en otra parte;Hombres;45 Toledo;14
089 Resto de síntomas, signos y hallazgos anormales clínicos y de laboratorio, no clasificados en otra parte;Hombres;46 Valencia/València;75
089 Resto de síntomas, signos y hallazgos anormales clínicos y de laboratorio, no clasificados en otra parte;Hombres;47 Valladolid;5
089 Resto de síntomas, signos y hallazgos anormales clínicos y de laboratorio, no clasificados en otra parte;Hombres;49 Zamora;7
089 Resto de síntomas, signos y hallazgos anormales clínicos y de laboratorio, no clasificados en otra parte;Hombres;50 Zaragoza;10
089 Resto de síntomas, signos y hallazgos anormales clínicos y de laboratorio, no clasificados en otra parte;Hombres;51 Ceuta;8
089 Resto de síntomas, signos y hallazgos anormales clínicos y de laboratorio, no clasificados en otra parte;Hombres;52 Melilla;3
089 Resto de síntomas, signos y hallazgos anormales clínicos y de laboratorio, no clasificados en otra parte;Hombres;Extranjero;40
089 Resto de síntomas, signos y hallazgos anormales clínicos y de laboratorio, no clasificados en otra parte;Mujeres;Total;1.781
089 Resto de síntomas, signos y hallazgos anormales clínicos y de laboratorio, no clasificados en otra parte;Mujeres;02 Albacete;15
089 Resto de síntomas, signos y hallazgos anormales clínicos y de laboratorio, no clasificados en otra parte;Mujeres;03 Alicante/Alacant;85
089 Resto de síntomas, signos y hallazgos anormales clínicos y de laboratorio, no clasificados en otra parte;Mujeres;04 Almería;100
089 Resto de síntomas, signos y hallazgos anormales clínicos y de laboratorio, no clasificados en otra parte;Mujeres;01 Araba/Álava;5
089 Resto de síntomas, signos y hallazgos anormales clínicos y de laboratorio, no clasificados en otra parte;Mujeres;33 Asturias;47
089 Resto de síntomas, signos y hallazgos anormales clínicos y de laboratorio, no clasificados en otra parte;Mujeres;05 Ávila;6
089 Resto de síntomas, signos y hallazgos anormales clínicos y de laboratorio, no clasificados en otra parte;Mujeres;06 Badajoz;39
089 Resto de síntomas, signos y hallazgos anormales clínicos y de laboratorio, no clasificados en otra parte;Mujeres;07 Balears, Illes;10
089 Resto de síntomas, signos y hallazgos anormales clínicos y de laboratorio, no clasificados en otra parte;Mujeres;08 Barcelona;164
089 Resto de síntomas, signos y hallazgos anormales clínicos y de laboratorio, no clasificados en otra parte;Mujeres;48 Bizkaia;36
089 Resto de síntomas, signos y hallazgos anormales clínicos y de laboratorio, no clasificados en otra parte;Mujeres;09 Burgos;10
089 Resto de síntomas, signos y hallazgos anormales clínicos y de laboratorio, no clasificados en otra parte;Mujeres;10 Cáceres;33
089 Resto de síntomas, signos y hallazgos anormales clínicos y de laboratorio, no clasificados en otra parte;Mujeres;11 Cádiz;39
089 Resto de síntomas, signos y hallazgos anormales clínicos y de laboratorio, no clasificados en otra parte;Mujeres;39 Cantabria;5
089 Resto de síntomas, signos y hallazgos anormales clínicos y de laboratorio, no clasificados en otra parte;Mujeres;12 Castellón/Castelló;36
089 Resto de síntomas, signos y hallazgos anormales clínicos y de laboratorio, no clasificados en otra parte;Mujeres;13 Ciudad Real;10
089 Resto de síntomas, signos y hallazgos anormales clínicos y de laboratorio, no clasificados en otra parte;Mujeres;14 Córdoba;45
089 Resto de síntomas, signos y hallazgos anormales clínicos y de laboratorio, no clasificados en otra parte;Mujeres;15 Coruña, A;30
089 Resto de síntomas, signos y hallazgos anormales clínicos y de laboratorio, no clasificados en otra parte;Mujeres;16 Cuenca;9
089 Resto de síntomas, signos y hallazgos anormales clínicos y de laboratorio, no clasificados en otra parte;Mujeres;20 Gipuzkoa;17
089 Resto de síntomas, signos y hallazgos anormales clínicos y de laboratorio, no clasificados en otra parte;Mujeres;17 Girona;30
089 Resto de síntomas, signos y hallazgos anormales clínicos y de laboratorio, no clasificados en otra parte;Mujeres;18 Granada;128
089 Resto de síntomas, signos y hallazgos anormales clínicos y de laboratorio, no clasificados en otra parte;Mujeres;19 Guadalajara;4
089 Resto de síntomas, signos y hallazgos anormales clínicos y de laboratorio, no clasificados en otra parte;Mujeres;21 Huelva;27
089 Resto de síntomas, signos y hallazgos anormales clínicos y de laboratorio, no clasificados en otra parte;Mujeres;22 Huesca;3
089 Resto de síntomas, signos y hallazgos anormales clínicos y de laboratorio, no clasificados en otra parte;Mujeres;23 Jaén;128
089 Resto de síntomas, signos y hallazgos anormales clínicos y de laboratorio, no clasificados en otra parte;Mujeres;24 León;42
089 Resto de síntomas, signos y hallazgos anormales clínicos y de laboratorio, no clasificados en otra parte;Mujeres;25 Lleida;14
089 Resto de síntomas, signos y hallazgos anormales clínicos y de laboratorio, no clasificados en otra parte;Mujeres;27 Lugo;4
089 Resto de síntomas, signos y hallazgos anormales clínicos y de laboratorio, no clasificados en otra parte;Mujeres;28 Madrid;103
089 Resto de síntomas, signos y hallazgos anormales clínicos y de laboratorio, no clasificados en otra parte;Mujeres;29 Málaga;173
089 Resto de síntomas, signos y hallazgos anormales clínicos y de laboratorio, no clasificados en otra parte;Mujeres;30 Murcia;0
089 Resto de síntomas, signos y hallazgos anormales clínicos y de laboratorio, no clasificados en otra parte;Mujeres;31 Navarra;5
089 Resto de síntomas, signos y hallazgos anormales clínicos y de laboratorio, no clasificados en otra parte;Mujeres;32 Ourense;5
089 Resto de síntomas, signos y hallazgos anormales clínicos y de laboratorio, no clasificados en otra parte;Mujeres;34 Palencia;22
089 Resto de síntomas, signos y hallazgos anormales clínicos y de laboratorio, no clasificados en otra parte;Mujeres;35 Palmas, Las;31
089 Resto de síntomas, signos y hallazgos anormales clínicos y de laboratorio, no clasificados en otra parte;Mujeres;36 Pontevedra;17
089 Resto de síntomas, signos y hallazgos anormales clínicos y de laboratorio, no clasificados en otra parte;Mujeres;26 Rioja, La;9
089 Resto de síntomas, signos y hallazgos anormales clínicos y de laboratorio, no clasificados en otra parte;Mujeres;37 Salamanca;10
089 Resto de síntomas, signos y hallazgos anormales clínicos y de laboratorio, no clasificados en otra parte;Mujeres;38 Santa Cruz de Tenerife;29
089 Resto de síntomas, signos y hallazgos anormales clínicos y de laboratorio, no clasificados en otra parte;Mujeres;40 Segovia;13
089 Resto de síntomas, signos y hallazgos anormales clínicos y de laboratorio, no clasificados en otra parte;Mujeres;41 Sevilla;58
089 Resto de síntomas, signos y hallazgos anormales clínicos y de laboratorio, no clasificados en otra parte;Mujeres;42 Soria;7
089 Resto de síntomas, signos y hallazgos anormales clínicos y de laboratorio, no clasificados en otra parte;Mujeres;43 Tarragona;22
089 Resto de síntomas, signos y hallazgos anormales clínicos y de laboratorio, no clasificados en otra parte;Mujeres;44 Teruel;0
089 Resto de síntomas, signos y hallazgos anormales clínicos y de laboratorio, no clasificados en otra parte;Mujeres;45 Toledo;18
089 Resto de síntomas, signos y hallazgos anormales clínicos y de laboratorio, no clasificados en otra parte;Mujeres;46 Valencia/València;82
089 Resto de síntomas, signos y hallazgos anormales clínicos y de laboratorio, no clasificados en otra parte;Mujeres;47 Valladolid;5
089 Resto de síntomas, signos y hallazgos anormales clínicos y de laboratorio, no clasificados en otra parte;Mujeres;49 Zamora;11
089 Resto de síntomas, signos y hallazgos anormales clínicos y de laboratorio, no clasificados en otra parte;Mujeres;50 Zaragoza;10
089 Resto de síntomas, signos y hallazgos anormales clínicos y de laboratorio, no clasificados en otra parte;Mujeres;51 Ceuta;4
089 Resto de síntomas, signos y hallazgos anormales clínicos y de laboratorio, no clasificados en otra parte;Mujeres;52 Melilla;4
089 Resto de síntomas, signos y hallazgos anormales clínicos y de laboratorio, no clasificados en otra parte;Mujeres;Extranjero;22
090-102 XX.Causas externas de mortalidad;Hombres;Total;10.236
090-102 XX.Causas externas de mortalidad;Hombres;02 Albacete;97
090-102 XX.Causas externas de mortalidad;Hombres;03 Alicante/Alacant;391
090-102 XX.Causas externas de mortalidad;Hombres;04 Almería;167
090-102 XX.Causas externas de mortalidad;Hombres;01 Araba/Álava;79
090-102 XX.Causas externas de mortalidad;Hombres;33 Asturias;316
090-102 XX.Causas externas de mortalidad;Hombres;05 Ávila;38
090-102 XX.Causas externas de mortalidad;Hombres;06 Badajoz;117
090-102 XX.Causas externas de mortalidad;Hombres;07 Balears, Illes;246
090-102 XX.Causas externas de mortalidad;Hombres;08 Barcelona;1.208
090-102 XX.Causas externas de mortalidad;Hombres;48 Bizkaia;241
090-102 XX.Causas externas de mortalidad;Hombres;09 Burgos;105
090-102 XX.Causas externas de mortalidad;Hombres;10 Cáceres;100
090-102 XX.Causas externas de mortalidad;Hombres;11 Cádiz;185
090-102 XX.Causas externas de mortalidad;Hombres;39 Cantabria;141
090-102 XX.Causas externas de mortalidad;Hombres;12 Castellón/Castelló;139
090-102 XX.Causas externas de mortalidad;Hombres;13 Ciudad Real;111
090-102 XX.Causas externas de mortalidad;Hombres;14 Córdoba;183
090-102 XX.Causas externas de mortalidad;Hombres;15 Coruña, A;332
090-102 XX.Causas externas de mortalidad;Hombres;16 Cuenca;50
090-102 XX.Causas externas de mortalidad;Hombres;20 Gipuzkoa;152
090-102 XX.Causas externas de mortalidad;Hombres;17 Girona;169
090-102 XX.Causas externas de mortalidad;Hombres;18 Granada;189
090-102 XX.Causas externas de mortalidad;Hombres;19 Guadalajara;30
090-102 XX.Causas externas de mortalidad;Hombres;21 Huelva;98
090-102 XX.Causas externas de mortalidad;Hombres;22 Huesca;73
090-102 XX.Causas externas de mortalidad;Hombres;23 Jaén;183
090-102 XX.Causas externas de mortalidad;Hombres;24 León;140
090-102 XX.Causas externas de mortalidad;Hombres;25 Lleida;116
090-102 XX.Causas externas de mortalidad;Hombres;27 Lugo;141
090-102 XX.Causas externas de mortalidad;Hombres;28 Madrid;990
090-102 XX.Causas externas de mortalidad;Hombres;29 Málaga;288
090-102 XX.Causas externas de mortalidad;Hombres;30 Murcia;295
090-102 XX.Causas externas de mortalidad;Hombres;31 Navarra;158
090-102 XX.Causas externas de mortalidad;Hombres;32 Ourense;97
090-102 XX.Causas externas de mortalidad;Hombres;34 Palencia;60
090-102 XX.Causas externas de mortalidad;Hombres;35 Palmas, Las;215
090-102 XX.Causas externas de mortalidad;Hombres;36 Pontevedra;226
090-102 XX.Causas externas de mortalidad;Hombres;26 Rioja, La;68
090-102 XX.Causas externas de mortalidad;Hombres;37 Salamanca;88
090-102 XX.Causas externas de mortalidad;Hombres;38 Santa Cruz de Tenerife;251
090-102 XX.Causas externas de mortalidad;Hombres;40 Segovia;30
090-102 XX.Causas externas de mortalidad;Hombres;41 Sevilla;272
090-102 XX.Causas externas de mortalidad;Hombres;42 Soria;20
090-102 XX.Causas externas de mortalidad;Hombres;43 Tarragona;205
090-102 XX.Causas externas de mortalidad;Hombres;44 Teruel;40
090-102 XX.Causas externas de mortalidad;Hombres;45 Toledo;181
090-102 XX.Causas externas de mortalidad;Hombres;46 Valencia/València;533
090-102 XX.Causas externas de mortalidad;Hombres;47 Valladolid;98
090-102 XX.Causas externas de mortalidad;Hombres;49 Zamora;53
090-102 XX.Causas externas de mortalidad;Hombres;50 Zaragoza;182
090-102 XX.Causas externas de mortalidad;Hombres;51 Ceuta;18
090-102 XX.Causas externas de mortalidad;Hombres;52 Melilla;10
090-102 XX.Causas externas de mortalidad;Hombres;Extranjero;321
090-102 XX.Causas externas de mortalidad;Mujeres;Total;5.905
090-102 XX.Causas externas de mortalidad;Mujeres;02 Albacete;65
090-102 XX.Causas externas de mortalidad;Mujeres;03 Alicante/Alacant;208
090-102 XX.Causas externas de mortalidad;Mujeres;04 Almería;74
090-102 XX.Causas externas de mortalidad;Mujeres;01 Araba/Álava;39
090-102 XX.Causas externas de mortalidad;Mujeres;33 Asturias;203
090-102 XX.Causas externas de mortalidad;Mujeres;05 Ávila;29
090-102 XX.Causas externas de mortalidad;Mujeres;06 Badajoz;62
090-102 XX.Causas externas de mortalidad;Mujeres;07 Balears, Illes;131
090-102 XX.Causas externas de mortalidad;Mujeres;08 Barcelona;873
090-102 XX.Causas externas de mortalidad;Mujeres;48 Bizkaia;137
090-102 XX.Causas externas de mortalidad;Mujeres;09 Burgos;56
090-102 XX.Causas externas de mortalidad;Mujeres;10 Cáceres;48
090-102 XX.Causas externas de mortalidad;Mujeres;11 Cádiz;122
090-102 XX.Causas externas de mortalidad;Mujeres;39 Cantabria;83
090-102 XX.Causas externas de mortalidad;Mujeres;12 Castellón/Castelló;46
090-102 XX.Causas externas de mortalidad;Mujeres;13 Ciudad Real;76
090-102 XX.Causas externas de mortalidad;Mujeres;14 Córdoba;112
090-102 XX.Causas externas de mortalidad;Mujeres;15 Coruña, A;168
090-102 XX.Causas externas de mortalidad;Mujeres;16 Cuenca;45
090-102 XX.Causas externas de mortalidad;Mujeres;20 Gipuzkoa;92
090-102 XX.Causas externas de mortalidad;Mujeres;17 Girona;126
090-102 XX.Causas externas de mortalidad;Mujeres;18 Granada;82
090-102 XX.Causas externas de mortalidad;Mujeres;19 Guadalajara;32
090-102 XX.Causas externas de mortalidad;Mujeres;21 Huelva;52
090-102 XX.Causas externas de mortalidad;Mujeres;22 Huesca;27
090-102 XX.Causas externas de mortalidad;Mujeres;23 Jaén;69
090-102 XX.Causas externas de mortalidad;Mujeres;24 León;107
090-102 XX.Causas externas de mortalidad;Mujeres;25 Lleida;61
090-102 XX.Causas externas de mortalidad;Mujeres;27 Lugo;73
090-102 XX.Causas externas de mortalidad;Mujeres;28 Madrid;695
090-102 XX.Causas externas de mortalidad;Mujeres;29 Málaga;158
090-102 XX.Causas externas de mortalidad;Mujeres;30 Murcia;111
090-102 XX.Causas externas de mortalidad;Mujeres;31 Navarra;97
090-102 XX.Causas externas de mortalidad;Mujeres;32 Ourense;54
090-102 XX.Causas externas de mortalidad;Mujeres;34 Palencia;43
090-102 XX.Causas externas de mortalidad;Mujeres;35 Palmas, Las;80
090-102 XX.Causas externas de mortalidad;Mujeres;36 Pontevedra;140
090-102 XX.Causas externas de mortalidad;Mujeres;26 Rioja, La;32
090-102 XX.Causas externas de mortalidad;Mujeres;37 Salamanca;54
090-102 XX.Causas externas de mortalidad;Mujeres;38 Santa Cruz de Tenerife;130
090-102 XX.Causas externas de mortalidad;Mujeres;40 Segovia;17
090-102 XX.Causas externas de mortalidad;Mujeres;41 Sevilla;130
090-102 XX.Causas externas de mortalidad;Mujeres;42 Soria;16
090-102 XX.Causas externas de mortalidad;Mujeres;43 Tarragona;94
090-102 XX.Causas externas de mortalidad;Mujeres;44 Teruel;20
090-102 XX.Causas externas de mortalidad;Mujeres;45 Toledo;96
090-102 XX.Causas externas de mortalidad;Mujeres;46 Valencia/València;301
090-102 XX.Causas externas de mortalidad;Mujeres;47 Valladolid;77
090-102 XX.Causas externas de mortalidad;Mujeres;49 Zamora;32
090-102 XX.Causas externas de mortalidad;Mujeres;50 Zaragoza;120
090-102 XX.Causas externas de mortalidad;Mujeres;51 Ceuta;4
090-102 XX.Causas externas de mortalidad;Mujeres;52 Melilla;2
090-102 XX.Causas externas de mortalidad;Mujeres;Extranjero;104
090 Accidentes de tráfico;Hombres;Total;1.446
090 Accidentes de tráfico;Hombres;02 Albacete;22
090 Accidentes de tráfico;Hombres;03 Alicante/Alacant;65
090 Accidentes de tráfico;Hombres;04 Almería;28
090 Accidentes de tráfico;Hombres;01 Araba/Álava;14
090 Accidentes de tráfico;Hombres;33 Asturias;31
090 Accidentes de tráfico;Hombres;05 Ávila;1
090 Accidentes de tráfico;Hombres;06 Badajoz;21
090 Accidentes de tráfico;Hombres;07 Balears, Illes;40
090 Accidentes de tráfico;Hombres;08 Barcelona;129
090 Accidentes de tráfico;Hombres;48 Bizkaia;28
090 Accidentes de tráfico;Hombres;09 Burgos;10
090 Accidentes de tráfico;Hombres;10 Cáceres;9
090 Accidentes de tráfico;Hombres;11 Cádiz;35
090 Accidentes de tráfico;Hombres;39 Cantabria;19
090 Accidentes de tráfico;Hombres;12 Castellón/Castelló;18
090 Accidentes de tráfico;Hombres;13 Ciudad Real;14
090 Accidentes de tráfico;Hombres;14 Córdoba;30
090 Accidentes de tráfico;Hombres;15 Coruña, A;40
090 Accidentes de tráfico;Hombres;16 Cuenca;3
090 Accidentes de tráfico;Hombres;20 Gipuzkoa;13
090 Accidentes de tráfico;Hombres;17 Girona;23
090 Accidentes de tráfico;Hombres;18 Granada;27
090 Accidentes de tráfico;Hombres;19 Guadalajara;5
090 Accidentes de tráfico;Hombres;21 Huelva;14
090 Accidentes de tráfico;Hombres;22 Huesca;14
090 Accidentes de tráfico;Hombres;23 Jaén;25
090 Accidentes de tráfico;Hombres;24 León;19
090 Accidentes de tráfico;Hombres;25 Lleida;36
090 Accidentes de tráfico;Hombres;27 Lugo;19
090 Accidentes de tráfico;Hombres;28 Madrid;139
090 Accidentes de tráfico;Hombres;29 Málaga;38
090 Accidentes de tráfico;Hombres;30 Murcia;50
090 Accidentes de tráfico;Hombres;31 Navarra;25
090 Accidentes de tráfico;Hombres;32 Ourense;10
090 Accidentes de tráfico;Hombres;34 Palencia;7
090 Accidentes de tráfico;Hombres;35 Palmas, Las;18
090 Accidentes de tráfico;Hombres;36 Pontevedra;29
090 Accidentes de tráfico;Hombres;26 Rioja, La;14
090 Accidentes de tráfico;Hombres;37 Salamanca;16
090 Accidentes de tráfico;Hombres;38 Santa Cruz de Tenerife;29
090 Accidentes de tráfico;Hombres;40 Segovia;4
090 Accidentes de tráfico;Hombres;41 Sevilla;63
090 Accidentes de tráfico;Hombres;42 Soria;3
090 Accidentes de tráfico;Hombres;43 Tarragona;33
090 Accidentes de tráfico;Hombres;44 Teruel;5
090 Accidentes de tráfico;Hombres;45 Toledo;28
090 Accidentes de tráfico;Hombres;46 Valencia/València;85
090 Accidentes de tráfico;Hombres;47 Valladolid;9
090 Accidentes de tráfico;Hombres;49 Zamora;13
090 Accidentes de tráfico;Hombres;50 Zaragoza;24
090 Accidentes de tráfico;Hombres;51 Ceuta;1
090 Accidentes de tráfico;Hombres;52 Melilla;1
090 Accidentes de tráfico;Hombres;Extranjero;50
090 Accidentes de tráfico;Mujeres;Total;396
090 Accidentes de tráfico;Mujeres;02 Albacete;3
090 Accidentes de tráfico;Mujeres;03 Alicante/Alacant;10
090 Accidentes de tráfico;Mujeres;04 Almería;5
090 Accidentes de tráfico;Mujeres;01 Araba/Álava;3
090 Accidentes de tráfico;Mujeres;33 Asturias;5
090 Accidentes de tráfico;Mujeres;05 Ávila;1
090 Accidentes de tráfico;Mujeres;06 Badajoz;3
090 Accidentes de tráfico;Mujeres;07 Balears, Illes;10
090 Accidentes de tráfico;Mujeres;08 Barcelona;40
090 Accidentes de tráfico;Mujeres;48 Bizkaia;5
090 Accidentes de tráfico;Mujeres;09 Burgos;2
090 Accidentes de tráfico;Mujeres;10 Cáceres;1
090 Accidentes de tráfico;Mujeres;11 Cádiz;11
090 Accidentes de tráfico;Mujeres;39 Cantabria;3
090 Accidentes de tráfico;Mujeres;12 Castellón/Castelló;3
090 Accidentes de tráfico;Mujeres;13 Ciudad Real;3
090 Accidentes de tráfico;Mujeres;14 Córdoba;6
090 Accidentes de tráfico;Mujeres;15 Coruña, A;17
090 Accidentes de tráfico;Mujeres;16 Cuenca;3
090 Accidentes de tráfico;Mujeres;20 Gipuzkoa;5
090 Accidentes de tráfico;Mujeres;17 Girona;11
090 Accidentes de tráfico;Mujeres;18 Granada;2
090 Accidentes de tráfico;Mujeres;19 Guadalajara;4
090 Accidentes de tráfico;Mujeres;21 Huelva;7
090 Accidentes de tráfico;Mujeres;22 Huesca;5
090 Accidentes de tráfico;Mujeres;23 Jaén;6
090 Accidentes de tráfico;Mujeres;24 León;10
090 Accidentes de tráfico;Mujeres;25 Lleida;7
090 Accidentes de tráfico;Mujeres;27 Lugo;6
090 Accidentes de tráfico;Mujeres;28 Madrid;41
090 Accidentes de tráfico;Mujeres;29 Málaga;10
090 Accidentes de tráfico;Mujeres;30 Murcia;9
090 Accidentes de tráfico;Mujeres;31 Navarra;7
090 Accidentes de tráfico;Mujeres;32 Ourense;4
090 Accidentes de tráfico;Mujeres;34 Palencia;3
090 Accidentes de tráfico;Mujeres;35 Palmas, Las;5
090 Accidentes de tráfico;Mujeres;36 Pontevedra;13
090 Accidentes de tráfico;Mujeres;26 Rioja, La;2
090 Accidentes de tráfico;Mujeres;37 Salamanca;2
090 Accidentes de tráfico;Mujeres;38 Santa Cruz de Tenerife;8
090 Accidentes de tráfico;Mujeres;40 Segovia;3
090 Accidentes de tráfico;Mujeres;41 Sevilla;12
090 Accidentes de tráfico;Mujeres;42 Soria;4
090 Accidentes de tráfico;Mujeres;43 Tarragona;7
090 Accidentes de tráfico;Mujeres;44 Teruel;1
090 Accidentes de tráfico;Mujeres;45 Toledo;6
090 Accidentes de tráfico;Mujeres;46 Valencia/València;28
090 Accidentes de tráfico;Mujeres;47 Valladolid;5
090 Accidentes de tráfico;Mujeres;49 Zamora;4
090 Accidentes de tráfico;Mujeres;50 Zaragoza;5
090 Accidentes de tráfico;Mujeres;51 Ceuta;0
090 Accidentes de tráfico;Mujeres;52 Melilla;0
090 Accidentes de tráfico;Mujeres;Extranjero;20
091 Otros accidentes de transporte;Hombres;Total;192
091 Otros accidentes de transporte;Hombres;02 Albacete;1
091 Otros accidentes de transporte;Hombres;03 Alicante/Alacant;6
091 Otros accidentes de transporte;Hombres;04 Almería;2
091 Otros accidentes de transporte;Hombres;01 Araba/Álava;0
091 Otros accidentes de transporte;Hombres;33 Asturias;7
091 Otros accidentes de transporte;Hombres;05 Ávila;1
091 Otros accidentes de transporte;Hombres;06 Badajoz;1
091 Otros accidentes de transporte;Hombres;07 Balears, Illes;6
091 Otros accidentes de transporte;Hombres;08 Barcelona;26
091 Otros accidentes de transporte;Hombres;48 Bizkaia;1
091 Otros accidentes de transporte;Hombres;09 Burgos;1
091 Otros accidentes de transporte;Hombres;10 Cáceres;1
091 Otros accidentes de transporte;Hombres;11 Cádiz;3
091 Otros accidentes de transporte;Hombres;39 Cantabria;6
091 Otros accidentes de transporte;Hombres;12 Castellón/Castelló;2
091 Otros accidentes de transporte;Hombres;13 Ciudad Real;0
091 Otros accidentes de transporte;Hombres;14 Córdoba;4
091 Otros accidentes de transporte;Hombres;15 Coruña, A;6
091 Otros accidentes de transporte;Hombres;16 Cuenca;1
091 Otros accidentes de transporte;Hombres;20 Gipuzkoa;0
091 Otros accidentes de transporte;Hombres;17 Girona;4
091 Otros accidentes de transporte;Hombres;18 Granada;0
091 Otros accidentes de transporte;Hombres;19 Guadalajara;2
091 Otros accidentes de transporte;Hombres;21 Huelva;1
091 Otros accidentes de transporte;Hombres;22 Huesca;3
091 Otros accidentes de transporte;Hombres;23 Jaén;3
091 Otros accidentes de transporte;Hombres;24 León;2
091 Otros accidentes de transporte;Hombres;25 Lleida;2
091 Otros accidentes de transporte;Hombres;27 Lugo;4
091 Otros accidentes de transporte;Hombres;28 Madrid;15
091 Otros accidentes de transporte;Hombres;29 Málaga;2
091 Otros accidentes de transporte;Hombres;30 Murcia;7
091 Otros accidentes de transporte;Hombres;31 Navarra;1
091 Otros accidentes de transporte;Hombres;32 Ourense;1
091 Otros accidentes de transporte;Hombres;34 Palencia;0
091 Otros accidentes de transporte;Hombres;35 Palmas, Las;3
091 Otros accidentes de transporte;Hombres;36 Pontevedra;8
091 Otros accidentes de transporte;Hombres;26 Rioja, La;0
091 Otros accidentes de transporte;Hombres;37 Salamanca;1
091 Otros accidentes de transporte;Hombres;38 Santa Cruz de Tenerife;10
091 Otros accidentes de transporte;Hombres;40 Segovia;2
091 Otros accidentes de transporte;Hombres;41 Sevilla;5
091 Otros accidentes de transporte;Hombres;42 Soria;0
091 Otros accidentes de transporte;Hombres;43 Tarragona;2
091 Otros accidentes de transporte;Hombres;44 Teruel;2
091 Otros accidentes de transporte;Hombres;45 Toledo;1
091 Otros accidentes de transporte;Hombres;46 Valencia/València;5
091 Otros accidentes de transporte;Hombres;47 Valladolid;2
091 Otros accidentes de transporte;Hombres;49 Zamora;0
091 Otros accidentes de transporte;Hombres;50 Zaragoza;2
091 Otros accidentes de transporte;Hombres;51 Ceuta;0
091 Otros accidentes de transporte;Hombres;52 Melilla;0
091 Otros accidentes de transporte;Hombres;Extranjero;27
091 Otros accidentes de transporte;Mujeres;Total;22
091 Otros accidentes de transporte;Mujeres;02 Albacete;2
091 Otros accidentes de transporte;Mujeres;03 Alicante/Alacant;1
091 Otros accidentes de transporte;Mujeres;04 Almería;0
091 Otros accidentes de transporte;Mujeres;01 Araba/Álava;0
091 Otros accidentes de transporte;Mujeres;33 Asturias;0
091 Otros accidentes de transporte;Mujeres;05 Ávila;0
091 Otros accidentes de transporte;Mujeres;06 Badajoz;2
091 Otros accidentes de transporte;Mujeres;07 Balears, Illes;0
091 Otros accidentes de transporte;Mujeres;08 Barcelona;0
091 Otros accidentes de transporte;Mujeres;48 Bizkaia;0
091 Otros accidentes de transporte;Mujeres;09 Burgos;0
091 Otros accidentes de transporte;Mujeres;10 Cáceres;0
091 Otros accidentes de transporte;Mujeres;11 Cádiz;0
091 Otros accidentes de transporte;Mujeres;39 Cantabria;1
091 Otros accidentes de transporte;Mujeres;12 Castellón/Castelló;0
091 Otros accidentes de transporte;Mujeres;13 Ciudad Real;0
091 Otros accidentes de transporte;Mujeres;14 Córdoba;1
091 Otros accidentes de transporte;Mujeres;15 Coruña, A;0
091 Otros accidentes de transporte;Mujeres;16 Cuenca;1
091 Otros accidentes de transporte;Mujeres;20 Gipuzkoa;0
091 Otros accidentes de transporte;Mujeres;17 Girona;1
091 Otros accidentes de transporte;Mujeres;18 Granada;0
091 Otros accidentes de transporte;Mujeres;19 Guadalajara;0
091 Otros accidentes de transporte;Mujeres;21 Huelva;0
091 Otros accidentes de transporte;Mujeres;22 Huesca;0
091 Otros accidentes de transporte;Mujeres;23 Jaén;0
091 Otros accidentes de transporte;Mujeres;24 León;0
091 Otros accidentes de transporte;Mujeres;25 Lleida;1
091 Otros accidentes de transporte;Mujeres;27 Lugo;0
091 Otros accidentes de transporte;Mujeres;28 Madrid;2
091 Otros accidentes de transporte;Mujeres;29 Málaga;0
091 Otros accidentes de transporte;Mujeres;30 Murcia;0
091 Otros accidentes de transporte;Mujeres;31 Navarra;0
091 Otros accidentes de transporte;Mujeres;32 Ourense;0
091 Otros accidentes de transporte;Mujeres;34 Palencia;1
091 Otros accidentes de transporte;Mujeres;35 Palmas, Las;0
091 Otros accidentes de transporte;Mujeres;36 Pontevedra;2
091 Otros accidentes de transporte;Mujeres;26 Rioja, La;0
091 Otros accidentes de transporte;Mujeres;37 Salamanca;0
091 Otros accidentes de transporte;Mujeres;38 Santa Cruz de Tenerife;2
091 Otros accidentes de transporte;Mujeres;40 Segovia;0
091 Otros accidentes de transporte;Mujeres;41 Sevilla;0
091 Otros accidentes de transporte;Mujeres;42 Soria;0
091 Otros accidentes de transporte;Mujeres;43 Tarragona;1
091 Otros accidentes de transporte;Mujeres;44 Teruel;0
091 Otros accidentes de transporte;Mujeres;45 Toledo;1
091 Otros accidentes de transporte;Mujeres;46 Valencia/València;0
091 Otros accidentes de transporte;Mujeres;47 Valladolid;0
091 Otros accidentes de transporte;Mujeres;49 Zamora;0
091 Otros accidentes de transporte;Mujeres;50 Zaragoza;0
091 Otros accidentes de transporte;Mujeres;51 Ceuta;1
091 Otros accidentes de transporte;Mujeres;52 Melilla;0
091 Otros accidentes de transporte;Mujeres;Extranjero;2
092 Caídas accidentales;Hombres;Total;1.773
092 Caídas accidentales;Hombres;02 Albacete;27
092 Caídas accidentales;Hombres;03 Alicante/Alacant;45
092 Caídas accidentales;Hombres;04 Almería;11
092 Caídas accidentales;Hombres;01 Araba/Álava;10
092 Caídas accidentales;Hombres;33 Asturias;106
092 Caídas accidentales;Hombres;05 Ávila;7
092 Caídas accidentales;Hombres;06 Badajoz;11
092 Caídas accidentales;Hombres;07 Balears, Illes;39
092 Caídas accidentales;Hombres;08 Barcelona;111
092 Caídas accidentales;Hombres;48 Bizkaia;41
092 Caídas accidentales;Hombres;09 Burgos;19
092 Caídas accidentales;Hombres;10 Cáceres;13
092 Caídas accidentales;Hombres;11 Cádiz;30
092 Caídas accidentales;Hombres;39 Cantabria;29
092 Caídas accidentales;Hombres;12 Castellón/Castelló;20
092 Caídas accidentales;Hombres;13 Ciudad Real;33
092 Caídas accidentales;Hombres;14 Córdoba;46
092 Caídas accidentales;Hombres;15 Coruña, A;96
092 Caídas accidentales;Hombres;16 Cuenca;16
092 Caídas accidentales;Hombres;20 Gipuzkoa;22
092 Caídas accidentales;Hombres;17 Girona;28
092 Caídas accidentales;Hombres;18 Granada;35
092 Caídas accidentales;Hombres;19 Guadalajara;7
092 Caídas accidentales;Hombres;21 Huelva;15
092 Caídas accidentales;Hombres;22 Huesca;19
092 Caídas accidentales;Hombres;23 Jaén;31
092 Caídas accidentales;Hombres;24 León;14
092 Caídas accidentales;Hombres;25 Lleida;13
092 Caídas accidentales;Hombres;27 Lugo;42
092 Caídas accidentales;Hombres;28 Madrid;198
092 Caídas accidentales;Hombres;29 Málaga;28
092 Caídas accidentales;Hombres;30 Murcia;46
092 Caídas accidentales;Hombres;31 Navarra;48
092 Caídas accidentales;Hombres;32 Ourense;26
092 Caídas accidentales;Hombres;34 Palencia;7
092 Caídas accidentales;Hombres;35 Palmas, Las;9
092 Caídas accidentales;Hombres;36 Pontevedra;64
092 Caídas accidentales;Hombres;26 Rioja, La;18
092 Caídas accidentales;Hombres;37 Salamanca;13
092 Caídas accidentales;Hombres;38 Santa Cruz de Tenerife;40
092 Caídas accidentales;Hombres;40 Segovia;3
092 Caídas accidentales;Hombres;41 Sevilla;47
092 Caídas accidentales;Hombres;42 Soria;2
092 Caídas accidentales;Hombres;43 Tarragona;22
092 Caídas accidentales;Hombres;44 Teruel;6
092 Caídas accidentales;Hombres;45 Toledo;43
092 Caídas accidentales;Hombres;46 Valencia/València;89
092 Caídas accidentales;Hombres;47 Valladolid;17
092 Caídas accidentales;Hombres;49 Zamora;12
092 Caídas accidentales;Hombres;50 Zaragoza;53
092 Caídas accidentales;Hombres;51 Ceuta;0
092 Caídas accidentales;Hombres;52 Melilla;0
092 Caídas accidentales;Hombres;Extranjero;46
092 Caídas accidentales;Mujeres;Total;1.524
092 Caídas accidentales;Mujeres;02 Albacete;31
092 Caídas accidentales;Mujeres;03 Alicante/Alacant;26
092 Caídas accidentales;Mujeres;04 Almería;14
092 Caídas accidentales;Mujeres;01 Araba/Álava;17
092 Caídas accidentales;Mujeres;33 Asturias;123
092 Caídas accidentales;Mujeres;05 Ávila;5
092 Caídas accidentales;Mujeres;06 Badajoz;16
092 Caídas accidentales;Mujeres;07 Balears, Illes;30
092 Caídas accidentales;Mujeres;08 Barcelona;106
092 Caídas accidentales;Mujeres;48 Bizkaia;41
092 Caídas accidentales;Mujeres;09 Burgos;11
092 Caídas accidentales;Mujeres;10 Cáceres;16
092 Caídas accidentales;Mujeres;11 Cádiz;28
092 Caídas accidentales;Mujeres;39 Cantabria;18
092 Caídas accidentales;Mujeres;12 Castellón/Castelló;12
092 Caídas accidentales;Mujeres;13 Ciudad Real;36
092 Caídas accidentales;Mujeres;14 Córdoba;30
092 Caídas accidentales;Mujeres;15 Coruña, A;69
092 Caídas accidentales;Mujeres;16 Cuenca;24
092 Caídas accidentales;Mujeres;20 Gipuzkoa;23
092 Caídas accidentales;Mujeres;17 Girona;14
092 Caídas accidentales;Mujeres;18 Granada;13
092 Caídas accidentales;Mujeres;19 Guadalajara;12
092 Caídas accidentales;Mujeres;21 Huelva;9
092 Caídas accidentales;Mujeres;22 Huesca;11
092 Caídas accidentales;Mujeres;23 Jaén;21
092 Caídas accidentales;Mujeres;24 León;9
092 Caídas accidentales;Mujeres;25 Lleida;10
092 Caídas accidentales;Mujeres;27 Lugo;36
092 Caídas accidentales;Mujeres;28 Madrid;171
092 Caídas accidentales;Mujeres;29 Málaga;44
092 Caídas accidentales;Mujeres;30 Murcia;52
092 Caídas accidentales;Mujeres;31 Navarra;46
092 Caídas accidentales;Mujeres;32 Ourense;22
092 Caídas accidentales;Mujeres;34 Palencia;5
092 Caídas accidentales;Mujeres;35 Palmas, Las;3
092 Caídas accidentales;Mujeres;36 Pontevedra;67
092 Caídas accidentales;Mujeres;26 Rioja, La;12
092 Caídas accidentales;Mujeres;37 Salamanca;10
092 Caídas accidentales;Mujeres;38 Santa Cruz de Tenerife;25
092 Caídas accidentales;Mujeres;40 Segovia;2
092 Caídas accidentales;Mujeres;41 Sevilla;33
092 Caídas accidentales;Mujeres;42 Soria;2
092 Caídas accidentales;Mujeres;43 Tarragona;12
092 Caídas accidentales;Mujeres;44 Teruel;10
092 Caídas accidentales;Mujeres;45 Toledo;45
092 Caídas accidentales;Mujeres;46 Valencia/València;64
092 Caídas accidentales;Mujeres;47 Valladolid;18
092 Caídas accidentales;Mujeres;49 Zamora;4
092 Caídas accidentales;Mujeres;50 Zaragoza;49
092 Caídas accidentales;Mujeres;51 Ceuta;0
092 Caídas accidentales;Mujeres;52 Melilla;0
092 Caídas accidentales;Mujeres;Extranjero;17
093 Ahogamiento, sumersión y sofocación accidentales;Hombres;Total;1.670
093 Ahogamiento, sumersión y sofocación accidentales;Hombres;02 Albacete;13
093 Ahogamiento, sumersión y sofocación accidentales;Hombres;03 Alicante/Alacant;82
093 Ahogamiento, sumersión y sofocación accidentales;Hombres;04 Almería;27
093 Ahogamiento, sumersión y sofocación accidentales;Hombres;01 Araba/Álava;20
093 Ahogamiento, sumersión y sofocación accidentales;Hombres;33 Asturias;32
093 Ahogamiento, sumersión y sofocación accidentales;Hombres;05 Ávila;6
093 Ahogamiento, sumersión y sofocación accidentales;Hombres;06 Badajoz;11
093 Ahogamiento, sumersión y sofocación accidentales;Hombres;07 Balears, Illes;23
093 Ahogamiento, sumersión y sofocación accidentales;Hombres;08 Barcelona;297
093 Ahogamiento, sumersión y sofocación accidentales;Hombres;48 Bizkaia;57
093 Ahogamiento, sumersión y sofocación accidentales;Hombres;09 Burgos;23
093 Ahogamiento, sumersión y sofocación accidentales;Hombres;10 Cáceres;15
093 Ahogamiento, sumersión y sofocación accidentales;Hombres;11 Cádiz;20
093 Ahogamiento, sumersión y sofocación accidentales;Hombres;39 Cantabria;25
093 Ahogamiento, sumersión y sofocación accidentales;Hombres;12 Castellón/Castelló;19
093 Ahogamiento, sumersión y sofocación accidentales;Hombres;13 Ciudad Real;16
093 Ahogamiento, sumersión y sofocación accidentales;Hombres;14 Córdoba;25
093 Ahogamiento, sumersión y sofocación accidentales;Hombres;15 Coruña, A;35
093 Ahogamiento, sumersión y sofocación accidentales;Hombres;16 Cuenca;9
093 Ahogamiento, sumersión y sofocación accidentales;Hombres;20 Gipuzkoa;30
093 Ahogamiento, sumersión y sofocación accidentales;Hombres;17 Girona;38
093 Ahogamiento, sumersión y sofocación accidentales;Hombres;18 Granada;26
093 Ahogamiento, sumersión y sofocación accidentales;Hombres;19 Guadalajara;4
093 Ahogamiento, sumersión y sofocación accidentales;Hombres;21 Huelva;16
093 Ahogamiento, sumersión y sofocación accidentales;Hombres;22 Huesca;9
093 Ahogamiento, sumersión y sofocación accidentales;Hombres;23 Jaén;18
093 Ahogamiento, sumersión y sofocación accidentales;Hombres;24 León;22
093 Ahogamiento, sumersión y sofocación accidentales;Hombres;25 Lleida;13
093 Ahogamiento, sumersión y sofocación accidentales;Hombres;27 Lugo;14
093 Ahogamiento, sumersión y sofocación accidentales;Hombres;28 Madrid;164
093 Ahogamiento, sumersión y sofocación accidentales;Hombres;29 Málaga;45
093 Ahogamiento, sumersión y sofocación accidentales;Hombres;30 Murcia;21
093 Ahogamiento, sumersión y sofocación accidentales;Hombres;31 Navarra;25
093 Ahogamiento, sumersión y sofocación accidentales;Hombres;32 Ourense;8
093 Ahogamiento, sumersión y sofocación accidentales;Hombres;34 Palencia;21
093 Ahogamiento, sumersión y sofocación accidentales;Hombres;35 Palmas, Las;25
093 Ahogamiento, sumersión y sofocación accidentales;Hombres;36 Pontevedra;23
093 Ahogamiento, sumersión y sofocación accidentales;Hombres;26 Rioja, La;2
093 Ahogamiento, sumersión y sofocación accidentales;Hombres;37 Salamanca;12
093 Ahogamiento, sumersión y sofocación accidentales;Hombres;38 Santa Cruz de Tenerife;36
093 Ahogamiento, sumersión y sofocación accidentales;Hombres;40 Segovia;6
093 Ahogamiento, sumersión y sofocación accidentales;Hombres;41 Sevilla;34
093 Ahogamiento, sumersión y sofocación accidentales;Hombres;42 Soria;6
093 Ahogamiento, sumersión y sofocación accidentales;Hombres;43 Tarragona;31
093 Ahogamiento, sumersión y sofocación accidentales;Hombres;44 Teruel;6
093 Ahogamiento, sumersión y sofocación accidentales;Hombres;45 Toledo;35
093 Ahogamiento, sumersión y sofocación accidentales;Hombres;46 Valencia/València;83
093 Ahogamiento, sumersión y sofocación accidentales;Hombres;47 Valladolid;25
093 Ahogamiento, sumersión y sofocación accidentales;Hombres;49 Zamora;8
093 Ahogamiento, sumersión y sofocación accidentales;Hombres;50 Zaragoza;27
093 Ahogamiento, sumersión y sofocación accidentales;Hombres;51 Ceuta;6
093 Ahogamiento, sumersión y sofocación accidentales;Hombres;52 Melilla;3
093 Ahogamiento, sumersión y sofocación accidentales;Hombres;Extranjero;73
093 Ahogamiento, sumersión y sofocación accidentales;Mujeres;Total;1.578
093 Ahogamiento, sumersión y sofocación accidentales;Mujeres;02 Albacete;13
093 Ahogamiento, sumersión y sofocación accidentales;Mujeres;03 Alicante/Alacant;89
093 Ahogamiento, sumersión y sofocación accidentales;Mujeres;04 Almería;24
093 Ahogamiento, sumersión y sofocación accidentales;Mujeres;01 Araba/Álava;9
093 Ahogamiento, sumersión y sofocación accidentales;Mujeres;33 Asturias;25
093 Ahogamiento, sumersión y sofocación accidentales;Mujeres;05 Ávila;9
093 Ahogamiento, sumersión y sofocación accidentales;Mujeres;06 Badajoz;17
093 Ahogamiento, sumersión y sofocación accidentales;Mujeres;07 Balears, Illes;28
093 Ahogamiento, sumersión y sofocación accidentales;Mujeres;08 Barcelona;331
093 Ahogamiento, sumersión y sofocación accidentales;Mujeres;48 Bizkaia;49
093 Ahogamiento, sumersión y sofocación accidentales;Mujeres;09 Burgos;18
093 Ahogamiento, sumersión y sofocación accidentales;Mujeres;10 Cáceres;14
093 Ahogamiento, sumersión y sofocación accidentales;Mujeres;11 Cádiz;34
093 Ahogamiento, sumersión y sofocación accidentales;Mujeres;39 Cantabria;26
093 Ahogamiento, sumersión y sofocación accidentales;Mujeres;12 Castellón/Castelló;15
093 Ahogamiento, sumersión y sofocación accidentales;Mujeres;13 Ciudad Real;17
093 Ahogamiento, sumersión y sofocación accidentales;Mujeres;14 Córdoba;33
093 Ahogamiento, sumersión y sofocación accidentales;Mujeres;15 Coruña, A;24
093 Ahogamiento, sumersión y sofocación accidentales;Mujeres;16 Cuenca;6
093 Ahogamiento, sumersión y sofocación accidentales;Mujeres;20 Gipuzkoa;26
093 Ahogamiento, sumersión y sofocación accidentales;Mujeres;17 Girona;40
093 Ahogamiento, sumersión y sofocación accidentales;Mujeres;18 Granada;16
093 Ahogamiento, sumersión y sofocación accidentales;Mujeres;19 Guadalajara;8
093 Ahogamiento, sumersión y sofocación accidentales;Mujeres;21 Huelva;10
093 Ahogamiento, sumersión y sofocación accidentales;Mujeres;22 Huesca;6
093 Ahogamiento, sumersión y sofocación accidentales;Mujeres;23 Jaén;14
093 Ahogamiento, sumersión y sofocación accidentales;Mujeres;24 León;18
093 Ahogamiento, sumersión y sofocación accidentales;Mujeres;25 Lleida;19
093 Ahogamiento, sumersión y sofocación accidentales;Mujeres;27 Lugo;9
093 Ahogamiento, sumersión y sofocación accidentales;Mujeres;28 Madrid;203
093 Ahogamiento, sumersión y sofocación accidentales;Mujeres;29 Málaga;30
093 Ahogamiento, sumersión y sofocación accidentales;Mujeres;30 Murcia;8
093 Ahogamiento, sumersión y sofocación accidentales;Mujeres;31 Navarra;21
093 Ahogamiento, sumersión y sofocación accidentales;Mujeres;32 Ourense;5
093 Ahogamiento, sumersión y sofocación accidentales;Mujeres;34 Palencia;16
093 Ahogamiento, sumersión y sofocación accidentales;Mujeres;35 Palmas, Las;13
093 Ahogamiento, sumersión y sofocación accidentales;Mujeres;36 Pontevedra;13
093 Ahogamiento, sumersión y sofocación accidentales;Mujeres;26 Rioja, La;1
093 Ahogamiento, sumersión y sofocación accidentales;Mujeres;37 Salamanca;19
093 Ahogamiento, sumersión y sofocación accidentales;Mujeres;38 Santa Cruz de Tenerife;30
093 Ahogamiento, sumersión y sofocación accidentales;Mujeres;40 Segovia;3
093 Ahogamiento, sumersión y sofocación accidentales;Mujeres;41 Sevilla;26
093 Ahogamiento, sumersión y sofocación accidentales;Mujeres;42 Soria;5
093 Ahogamiento, sumersión y sofocación accidentales;Mujeres;43 Tarragona;31
093 Ahogamiento, sumersión y sofocación accidentales;Mujeres;44 Teruel;2
093 Ahogamiento, sumersión y sofocación accidentales;Mujeres;45 Toledo;18
093 Ahogamiento, sumersión y sofocación accidentales;Mujeres;46 Valencia/València;85
093 Ahogamiento, sumersión y sofocación accidentales;Mujeres;47 Valladolid;27
093 Ahogamiento, sumersión y sofocación accidentales;Mujeres;49 Zamora;11
093 Ahogamiento, sumersión y sofocación accidentales;Mujeres;50 Zaragoza;36
093 Ahogamiento, sumersión y sofocación accidentales;Mujeres;51 Ceuta;1
093 Ahogamiento, sumersión y sofocación accidentales;Mujeres;52 Melilla;0
093 Ahogamiento, sumersión y sofocación accidentales;Mujeres;Extranjero;27
094 Accidentes por fuego, humo y sustancias calientes;Hombres;Total;124
094 Accidentes por fuego, humo y sustancias calientes;Hombres;02 Albacete;0
094 Accidentes por fuego, humo y sustancias calientes;Hombres;03 Alicante/Alacant;6
094 Accidentes por fuego, humo y sustancias calientes;Hombres;04 Almería;2
094 Accidentes por fuego, humo y sustancias calientes;Hombres;01 Araba/Álava;1
094 Accidentes por fuego, humo y sustancias calientes;Hombres;33 Asturias;4
094 Accidentes por fuego, humo y sustancias calientes;Hombres;05 Ávila;0
094 Accidentes por fuego, humo y sustancias calientes;Hombres;06 Badajoz;1
094 Accidentes por fuego, humo y sustancias calientes;Hombres;07 Balears, Illes;3
094 Accidentes por fuego, humo y sustancias calientes;Hombres;08 Barcelona;11
094 Accidentes por fuego, humo y sustancias calientes;Hombres;48 Bizkaia;4
094 Accidentes por fuego, humo y sustancias calientes;Hombres;09 Burgos;2
094 Accidentes por fuego, humo y sustancias calientes;Hombres;10 Cáceres;1
094 Accidentes por fuego, humo y sustancias calientes;Hombres;11 Cádiz;3
094 Accidentes por fuego, humo y sustancias calientes;Hombres;39 Cantabria;4
094 Accidentes por fuego, humo y sustancias calientes;Hombres;12 Castellón/Castelló;5
094 Accidentes por fuego, humo y sustancias calientes;Hombres;13 Ciudad Real;2
094 Accidentes por fuego, humo y sustancias calientes;Hombres;14 Córdoba;1
094 Accidentes por fuego, humo y sustancias calientes;Hombres;15 Coruña, A;5
094 Accidentes por fuego, humo y sustancias calientes;Hombres;16 Cuenca;1
094 Accidentes por fuego, humo y sustancias calientes;Hombres;20 Gipuzkoa;1
094 Accidentes por fuego, humo y sustancias calientes;Hombres;17 Girona;0
094 Accidentes por fuego, humo y sustancias calientes;Hombres;18 Granada;3
094 Accidentes por fuego, humo y sustancias calientes;Hombres;19 Guadalajara;0
094 Accidentes por fuego, humo y sustancias calientes;Hombres;21 Huelva;0
094 Accidentes por fuego, humo y sustancias calientes;Hombres;22 Huesca;2
094 Accidentes por fuego, humo y sustancias calientes;Hombres;23 Jaén;0
094 Accidentes por fuego, humo y sustancias calientes;Hombres;24 León;3
094 Accidentes por fuego, humo y sustancias calientes;Hombres;25 Lleida;0
094 Accidentes por fuego, humo y sustancias calientes;Hombres;27 Lugo;3
094 Accidentes por fuego, humo y sustancias calientes;Hombres;28 Madrid;10
094 Accidentes por fuego, humo y sustancias calientes;Hombres;29 Málaga;2
094 Accidentes por fuego, humo y sustancias calientes;Hombres;30 Murcia;6
094 Accidentes por fuego, humo y sustancias calientes;Hombres;31 Navarra;0
094 Accidentes por fuego, humo y sustancias calientes;Hombres;32 Ourense;2
094 Accidentes por fuego, humo y sustancias calientes;Hombres;34 Palencia;1
094 Accidentes por fuego, humo y sustancias calientes;Hombres;35 Palmas, Las;3
094 Accidentes por fuego, humo y sustancias calientes;Hombres;36 Pontevedra;3
094 Accidentes por fuego, humo y sustancias calientes;Hombres;26 Rioja, La;2
094 Accidentes por fuego, humo y sustancias calientes;Hombres;37 Salamanca;2
094 Accidentes por fuego, humo y sustancias calientes;Hombres;38 Santa Cruz de Tenerife;1
094 Accidentes por fuego, humo y sustancias calientes;Hombres;40 Segovia;0
094 Accidentes por fuego, humo y sustancias calientes;Hombres;41 Sevilla;4
094 Accidentes por fuego, humo y sustancias calientes;Hombres;42 Soria;0
094 Accidentes por fuego, humo y sustancias calientes;Hombres;43 Tarragona;3
094 Accidentes por fuego, humo y sustancias calientes;Hombres;44 Teruel;0
094 Accidentes por fuego, humo y sustancias calientes;Hombres;45 Toledo;2
094 Accidentes por fuego, humo y sustancias calientes;Hombres;46 Valencia/València;11
094 Accidentes por fuego, humo y sustancias calientes;Hombres;47 Valladolid;0
094 Accidentes por fuego, humo y sustancias calientes;Hombres;49 Zamora;0
094 Accidentes por fuego, humo y sustancias calientes;Hombres;50 Zaragoza;1
094 Accidentes por fuego, humo y sustancias calientes;Hombres;51 Ceuta;0
094 Accidentes por fuego, humo y sustancias calientes;Hombres;52 Melilla;0
094 Accidentes por fuego, humo y sustancias calientes;Hombres;Extranjero;3
094 Accidentes por fuego, humo y sustancias calientes;Mujeres;Total;68
094 Accidentes por fuego, humo y sustancias calientes;Mujeres;02 Albacete;2
094 Accidentes por fuego, humo y sustancias calientes;Mujeres;03 Alicante/Alacant;2
094 Accidentes por fuego, humo y sustancias calientes;Mujeres;04 Almería;0
094 Accidentes por fuego, humo y sustancias calientes;Mujeres;01 Araba/Álava;0
094 Accidentes por fuego, humo y sustancias calientes;Mujeres;33 Asturias;2
094 Accidentes por fuego, humo y sustancias calientes;Mujeres;05 Ávila;2
094 Accidentes por fuego, humo y sustancias calientes;Mujeres;06 Badajoz;2
094 Accidentes por fuego, humo y sustancias calientes;Mujeres;07 Balears, Illes;0
094 Accidentes por fuego, humo y sustancias calientes;Mujeres;08 Barcelona;11
094 Accidentes por fuego, humo y sustancias calientes;Mujeres;48 Bizkaia;0
094 Accidentes por fuego, humo y sustancias calientes;Mujeres;09 Burgos;0
094 Accidentes por fuego, humo y sustancias calientes;Mujeres;10 Cáceres;1
094 Accidentes por fuego, humo y sustancias calientes;Mujeres;11 Cádiz;0
094 Accidentes por fuego, humo y sustancias calientes;Mujeres;39 Cantabria;0
094 Accidentes por fuego, humo y sustancias calientes;Mujeres;12 Castellón/Castelló;1
094 Accidentes por fuego, humo y sustancias calientes;Mujeres;13 Ciudad Real;0
094 Accidentes por fuego, humo y sustancias calientes;Mujeres;14 Córdoba;0
094 Accidentes por fuego, humo y sustancias calientes;Mujeres;15 Coruña, A;2
094 Accidentes por fuego, humo y sustancias calientes;Mujeres;16 Cuenca;0
094 Accidentes por fuego, humo y sustancias calientes;Mujeres;20 Gipuzkoa;1
094 Accidentes por fuego, humo y sustancias calientes;Mujeres;17 Girona;2
094 Accidentes por fuego, humo y sustancias calientes;Mujeres;18 Granada;3
094 Accidentes por fuego, humo y sustancias calientes;Mujeres;19 Guadalajara;0
094 Accidentes por fuego, humo y sustancias calientes;Mujeres;21 Huelva;1
094 Accidentes por fuego, humo y sustancias calientes;Mujeres;22 Huesca;0
094 Accidentes por fuego, humo y sustancias calientes;Mujeres;23 Jaén;0
094 Accidentes por fuego, humo y sustancias calientes;Mujeres;24 León;0
094 Accidentes por fuego, humo y sustancias calientes;Mujeres;25 Lleida;0
094 Accidentes por fuego, humo y sustancias calientes;Mujeres;27 Lugo;0
094 Accidentes por fuego, humo y sustancias calientes;Mujeres;28 Madrid;4
094 Accidentes por fuego, humo y sustancias calientes;Mujeres;29 Málaga;0
094 Accidentes por fuego, humo y sustancias calientes;Mujeres;30 Murcia;1
094 Accidentes por fuego, humo y sustancias calientes;Mujeres;31 Navarra;0
094 Accidentes por fuego, humo y sustancias calientes;Mujeres;32 Ourense;2
094 Accidentes por fuego, humo y sustancias calientes;Mujeres;34 Palencia;0
094 Accidentes por fuego, humo y sustancias calientes;Mujeres;35 Palmas, Las;0
094 Accidentes por fuego, humo y sustancias calientes;Mujeres;36 Pontevedra;5
094 Accidentes por fuego, humo y sustancias calientes;Mujeres;26 Rioja, La;1
094 Accidentes por fuego, humo y sustancias calientes;Mujeres;37 Salamanca;1
094 Accidentes por fuego, humo y sustancias calientes;Mujeres;38 Santa Cruz de Tenerife;2
094 Accidentes por fuego, humo y sustancias calientes;Mujeres;40 Segovia;0
094 Accidentes por fuego, humo y sustancias calientes;Mujeres;41 Sevilla;4
094 Accidentes por fuego, humo y sustancias calientes;Mujeres;42 Soria;0
094 Accidentes por fuego, humo y sustancias calientes;Mujeres;43 Tarragona;2
094 Accidentes por fuego, humo y sustancias calientes;Mujeres;44 Teruel;1
094 Accidentes por fuego, humo y sustancias calientes;Mujeres;45 Toledo;1
094 Accidentes por fuego, humo y sustancias calientes;Mujeres;46 Valencia/València;7
094 Accidentes por fuego, humo y sustancias calientes;Mujeres;47 Valladolid;1
094 Accidentes por fuego, humo y sustancias calientes;Mujeres;49 Zamora;1
094 Accidentes por fuego, humo y sustancias calientes;Mujeres;50 Zaragoza;1
094 Accidentes por fuego, humo y sustancias calientes;Mujeres;51 Ceuta;1
094 Accidentes por fuego, humo y sustancias calientes;Mujeres;52 Melilla;0
094 Accidentes por fuego, humo y sustancias calientes;Mujeres;Extranjero;1
095 Envenenamiento accidental por psicofármacos y drogas de abuso;Hombres;Total;554
095 Envenenamiento accidental por psicofármacos y drogas de abuso;Hombres;02 Albacete;1
095 Envenenamiento accidental por psicofármacos y drogas de abuso;Hombres;03 Alicante/Alacant;17
095 Envenenamiento accidental por psicofármacos y drogas de abuso;Hombres;04 Almería;15
095 Envenenamiento accidental por psicofármacos y drogas de abuso;Hombres;01 Araba/Álava;3
095 Envenenamiento accidental por psicofármacos y drogas de abuso;Hombres;33 Asturias;22
095 Envenenamiento accidental por psicofármacos y drogas de abuso;Hombres;05 Ávila;2
095 Envenenamiento accidental por psicofármacos y drogas de abuso;Hombres;06 Badajoz;3
095 Envenenamiento accidental por psicofármacos y drogas de abuso;Hombres;07 Balears, Illes;34
095 Envenenamiento accidental por psicofármacos y drogas de abuso;Hombres;08 Barcelona;85
095 Envenenamiento accidental por psicofármacos y drogas de abuso;Hombres;48 Bizkaia;15
095 Envenenamiento accidental por psicofármacos y drogas de abuso;Hombres;09 Burgos;13
095 Envenenamiento accidental por psicofármacos y drogas de abuso;Hombres;10 Cáceres;3
095 Envenenamiento accidental por psicofármacos y drogas de abuso;Hombres;11 Cádiz;14
095 Envenenamiento accidental por psicofármacos y drogas de abuso;Hombres;39 Cantabria;1
095 Envenenamiento accidental por psicofármacos y drogas de abuso;Hombres;12 Castellón/Castelló;3
095 Envenenamiento accidental por psicofármacos y drogas de abuso;Hombres;13 Ciudad Real;3
095 Envenenamiento accidental por psicofármacos y drogas de abuso;Hombres;14 Córdoba;2
095 Envenenamiento accidental por psicofármacos y drogas de abuso;Hombres;15 Coruña, A;15
095 Envenenamiento accidental por psicofármacos y drogas de abuso;Hombres;16 Cuenca;2
095 Envenenamiento accidental por psicofármacos y drogas de abuso;Hombres;20 Gipuzkoa;7
095 Envenenamiento accidental por psicofármacos y drogas de abuso;Hombres;17 Girona;3
095 Envenenamiento accidental por psicofármacos y drogas de abuso;Hombres;18 Granada;8
095 Envenenamiento accidental por psicofármacos y drogas de abuso;Hombres;19 Guadalajara;0
095 Envenenamiento accidental por psicofármacos y drogas de abuso;Hombres;21 Huelva;3
095 Envenenamiento accidental por psicofármacos y drogas de abuso;Hombres;22 Huesca;1
095 Envenenamiento accidental por psicofármacos y drogas de abuso;Hombres;23 Jaén;2
095 Envenenamiento accidental por psicofármacos y drogas de abuso;Hombres;24 León;7
095 Envenenamiento accidental por psicofármacos y drogas de abuso;Hombres;25 Lleida;2
095 Envenenamiento accidental por psicofármacos y drogas de abuso;Hombres;27 Lugo;3
095 Envenenamiento accidental por psicofármacos y drogas de abuso;Hombres;28 Madrid;65
095 Envenenamiento accidental por psicofármacos y drogas de abuso;Hombres;29 Málaga;21
095 Envenenamiento accidental por psicofármacos y drogas de abuso;Hombres;30 Murcia;24
095 Envenenamiento accidental por psicofármacos y drogas de abuso;Hombres;31 Navarra;8
095 Envenenamiento accidental por psicofármacos y drogas de abuso;Hombres;32 Ourense;3
095 Envenenamiento accidental por psicofármacos y drogas de abuso;Hombres;34 Palencia;1
095 Envenenamiento accidental por psicofármacos y drogas de abuso;Hombres;35 Palmas, Las;4
095 Envenenamiento accidental por psicofármacos y drogas de abuso;Hombres;36 Pontevedra;9
095 Envenenamiento accidental por psicofármacos y drogas de abuso;Hombres;26 Rioja, La;3
095 Envenenamiento accidental por psicofármacos y drogas de abuso;Hombres;37 Salamanca;3
095 Envenenamiento accidental por psicofármacos y drogas de abuso;Hombres;38 Santa Cruz de Tenerife;12
095 Envenenamiento accidental por psicofármacos y drogas de abuso;Hombres;40 Segovia;2
095 Envenenamiento accidental por psicofármacos y drogas de abuso;Hombres;41 Sevilla;9
095 Envenenamiento accidental por psicofármacos y drogas de abuso;Hombres;42 Soria;0
095 Envenenamiento accidental por psicofármacos y drogas de abuso;Hombres;43 Tarragona;20
095 Envenenamiento accidental por psicofármacos y drogas de abuso;Hombres;44 Teruel;1
095 Envenenamiento accidental por psicofármacos y drogas de abuso;Hombres;45 Toledo;8
095 Envenenamiento accidental por psicofármacos y drogas de abuso;Hombres;46 Valencia/València;31
095 Envenenamiento accidental por psicofármacos y drogas de abuso;Hombres;47 Valladolid;3
095 Envenenamiento accidental por psicofármacos y drogas de abuso;Hombres;49 Zamora;1
095 Envenenamiento accidental por psicofármacos y drogas de abuso;Hombres;50 Zaragoza;7
095 Envenenamiento accidental por psicofármacos y drogas de abuso;Hombres;51 Ceuta;2
095 Envenenamiento accidental por psicofármacos y drogas de abuso;Hombres;52 Melilla;2
095 Envenenamiento accidental por psicofármacos y drogas de abuso;Hombres;Extranjero;26
095 Envenenamiento accidental por psicofármacos y drogas de abuso;Mujeres;Total;242
095 Envenenamiento accidental por psicofármacos y drogas de abuso;Mujeres;02 Albacete;6
095 Envenenamiento accidental por psicofármacos y drogas de abuso;Mujeres;03 Alicante/Alacant;9
095 Envenenamiento accidental por psicofármacos y drogas de abuso;Mujeres;04 Almería;4
095 Envenenamiento accidental por psicofármacos y drogas de abuso;Mujeres;01 Araba/Álava;1
095 Envenenamiento accidental por psicofármacos y drogas de abuso;Mujeres;33 Asturias;7
095 Envenenamiento accidental por psicofármacos y drogas de abuso;Mujeres;05 Ávila;0
095 Envenenamiento accidental por psicofármacos y drogas de abuso;Mujeres;06 Badajoz;3
095 Envenenamiento accidental por psicofármacos y drogas de abuso;Mujeres;07 Balears, Illes;9
095 Envenenamiento accidental por psicofármacos y drogas de abuso;Mujeres;08 Barcelona;29
095 Envenenamiento accidental por psicofármacos y drogas de abuso;Mujeres;48 Bizkaia;4
095 Envenenamiento accidental por psicofármacos y drogas de abuso;Mujeres;09 Burgos;1
095 Envenenamiento accidental por psicofármacos y drogas de abuso;Mujeres;10 Cáceres;0
095 Envenenamiento accidental por psicofármacos y drogas de abuso;Mujeres;11 Cádiz;3
095 Envenenamiento accidental por psicofármacos y drogas de abuso;Mujeres;39 Cantabria;1
095 Envenenamiento accidental por psicofármacos y drogas de abuso;Mujeres;12 Castellón/Castelló;1
095 Envenenamiento accidental por psicofármacos y drogas de abuso;Mujeres;13 Ciudad Real;2
095 Envenenamiento accidental por psicofármacos y drogas de abuso;Mujeres;14 Córdoba;3
095 Envenenamiento accidental por psicofármacos y drogas de abuso;Mujeres;15 Coruña, A;6
095 Envenenamiento accidental por psicofármacos y drogas de abuso;Mujeres;16 Cuenca;2
095 Envenenamiento accidental por psicofármacos y drogas de abuso;Mujeres;20 Gipuzkoa;2
095 Envenenamiento accidental por psicofármacos y drogas de abuso;Mujeres;17 Girona;4
095 Envenenamiento accidental por psicofármacos y drogas de abuso;Mujeres;18 Granada;3
095 Envenenamiento accidental por psicofármacos y drogas de abuso;Mujeres;19 Guadalajara;2
095 Envenenamiento accidental por psicofármacos y drogas de abuso;Mujeres;21 Huelva;6
095 Envenenamiento accidental por psicofármacos y drogas de abuso;Mujeres;22 Huesca;0
095 Envenenamiento accidental por psicofármacos y drogas de abuso;Mujeres;23 Jaén;3
095 Envenenamiento accidental por psicofármacos y drogas de abuso;Mujeres;24 León;6
095 Envenenamiento accidental por psicofármacos y drogas de abuso;Mujeres;25 Lleida;0
095 Envenenamiento accidental por psicofármacos y drogas de abuso;Mujeres;27 Lugo;0
095 Envenenamiento accidental por psicofármacos y drogas de abuso;Mujeres;28 Madrid;34
095 Envenenamiento accidental por psicofármacos y drogas de abuso;Mujeres;29 Málaga;12
095 Envenenamiento accidental por psicofármacos y drogas de abuso;Mujeres;30 Murcia;6
095 Envenenamiento accidental por psicofármacos y drogas de abuso;Mujeres;31 Navarra;0
095 Envenenamiento accidental por psicofármacos y drogas de abuso;Mujeres;32 Ourense;1
095 Envenenamiento accidental por psicofármacos y drogas de abuso;Mujeres;34 Palencia;2
095 Envenenamiento accidental por psicofármacos y drogas de abuso;Mujeres;35 Palmas, Las;7
095 Envenenamiento accidental por psicofármacos y drogas de abuso;Mujeres;36 Pontevedra;4
095 Envenenamiento accidental por psicofármacos y drogas de abuso;Mujeres;26 Rioja, La;0
095 Envenenamiento accidental por psicofármacos y drogas de abuso;Mujeres;37 Salamanca;5
095 Envenenamiento accidental por psicofármacos y drogas de abuso;Mujeres;38 Santa Cruz de Tenerife;7
095 Envenenamiento accidental por psicofármacos y drogas de abuso;Mujeres;40 Segovia;0
095 Envenenamiento accidental por psicofármacos y drogas de abuso;Mujeres;41 Sevilla;5
095 Envenenamiento accidental por psicofármacos y drogas de abuso;Mujeres;42 Soria;1
095 Envenenamiento accidental por psicofármacos y drogas de abuso;Mujeres;43 Tarragona;6
095 Envenenamiento accidental por psicofármacos y drogas de abuso;Mujeres;44 Teruel;0
095 Envenenamiento accidental por psicofármacos y drogas de abuso;Mujeres;45 Toledo;4
095 Envenenamiento accidental por psicofármacos y drogas de abuso;Mujeres;46 Valencia/València;20
095 Envenenamiento accidental por psicofármacos y drogas de abuso;Mujeres;47 Valladolid;2
095 Envenenamiento accidental por psicofármacos y drogas de abuso;Mujeres;49 Zamora;1
095 Envenenamiento accidental por psicofármacos y drogas de abuso;Mujeres;50 Zaragoza;2
095 Envenenamiento accidental por psicofármacos y drogas de abuso;Mujeres;51 Ceuta;1
095 Envenenamiento accidental por psicofármacos y drogas de abuso;Mujeres;52 Melilla;0
095 Envenenamiento accidental por psicofármacos y drogas de abuso;Mujeres;Extranjero;5
096 Otros envenenamientos accidentales;Hombres;Total;123
096 Otros envenenamientos accidentales;Hombres;02 Albacete;0
096 Otros envenenamientos accidentales;Hombres;03 Alicante/Alacant;7
096 Otros envenenamientos accidentales;Hombres;04 Almería;5
096 Otros envenenamientos accidentales;Hombres;01 Araba/Álava;0
096 Otros envenenamientos accidentales;Hombres;33 Asturias;1
096 Otros envenenamientos accidentales;Hombres;05 Ávila;0
096 Otros envenenamientos accidentales;Hombres;06 Badajoz;5
096 Otros envenenamientos accidentales;Hombres;07 Balears, Illes;4
096 Otros envenenamientos accidentales;Hombres;08 Barcelona;8
096 Otros envenenamientos accidentales;Hombres;48 Bizkaia;0
096 Otros envenenamientos accidentales;Hombres;09 Burgos;3
096 Otros envenenamientos accidentales;Hombres;10 Cáceres;0
096 Otros envenenamientos accidentales;Hombres;11 Cádiz;5
096 Otros envenenamientos accidentales;Hombres;39 Cantabria;0
096 Otros envenenamientos accidentales;Hombres;12 Castellón/Castelló;2
096 Otros envenenamientos accidentales;Hombres;13 Ciudad Real;1
096 Otros envenenamientos accidentales;Hombres;14 Córdoba;4
096 Otros envenenamientos accidentales;Hombres;15 Coruña, A;4
096 Otros envenenamientos accidentales;Hombres;16 Cuenca;1
096 Otros envenenamientos accidentales;Hombres;20 Gipuzkoa;1
096 Otros envenenamientos accidentales;Hombres;17 Girona;3
096 Otros envenenamientos accidentales;Hombres;18 Granada;3
096 Otros envenenamientos accidentales;Hombres;19 Guadalajara;0
096 Otros envenenamientos accidentales;Hombres;21 Huelva;2
096 Otros envenenamientos accidentales;Hombres;22 Huesca;1
096 Otros envenenamientos accidentales;Hombres;23 Jaén;4
096 Otros envenenamientos accidentales;Hombres;24 León;1
096 Otros envenenamientos accidentales;Hombres;25 Lleida;4
096 Otros envenenamientos accidentales;Hombres;27 Lugo;0
096 Otros envenenamientos accidentales;Hombres;28 Madrid;11
096 Otros envenenamientos accidentales;Hombres;29 Málaga;6
096 Otros envenenamientos accidentales;Hombres;30 Murcia;3
096 Otros envenenamientos accidentales;Hombres;31 Navarra;2
096 Otros envenenamientos accidentales;Hombres;32 Ourense;0
096 Otros envenenamientos accidentales;Hombres;34 Palencia;1
096 Otros envenenamientos accidentales;Hombres;35 Palmas, Las;4
096 Otros envenenamientos accidentales;Hombres;36 Pontevedra;1
096 Otros envenenamientos accidentales;Hombres;26 Rioja, La;0
096 Otros envenenamientos accidentales;Hombres;37 Salamanca;0
096 Otros envenenamientos accidentales;Hombres;38 Santa Cruz de Tenerife;2
096 Otros envenenamientos accidentales;Hombres;40 Segovia;1
096 Otros envenenamientos accidentales;Hombres;41 Sevilla;2
096 Otros envenenamientos accidentales;Hombres;42 Soria;0
096 Otros envenenamientos accidentales;Hombres;43 Tarragona;3
096 Otros envenenamientos accidentales;Hombres;44 Teruel;0
096 Otros envenenamientos accidentales;Hombres;45 Toledo;3
096 Otros envenenamientos accidentales;Hombres;46 Valencia/València;2
096 Otros envenenamientos accidentales;Hombres;47 Valladolid;3
096 Otros envenenamientos accidentales;Hombres;49 Zamora;1
096 Otros envenenamientos accidentales;Hombres;50 Zaragoza;5
096 Otros envenenamientos accidentales;Hombres;51 Ceuta;1
096 Otros envenenamientos accidentales;Hombres;52 Melilla;0
096 Otros envenenamientos accidentales;Hombres;Extranjero;3
096 Otros envenenamientos accidentales;Mujeres;Total;61
096 Otros envenenamientos accidentales;Mujeres;02 Albacete;0
096 Otros envenenamientos accidentales;Mujeres;03 Alicante/Alacant;6
096 Otros envenenamientos accidentales;Mujeres;04 Almería;1
096 Otros envenenamientos accidentales;Mujeres;01 Araba/Álava;0
096 Otros envenenamientos accidentales;Mujeres;33 Asturias;1
096 Otros envenenamientos accidentales;Mujeres;05 Ávila;0
096 Otros envenenamientos accidentales;Mujeres;06 Badajoz;1
096 Otros envenenamientos accidentales;Mujeres;07 Balears, Illes;1
096 Otros envenenamientos accidentales;Mujeres;08 Barcelona;4
096 Otros envenenamientos accidentales;Mujeres;48 Bizkaia;2
096 Otros envenenamientos accidentales;Mujeres;09 Burgos;1
096 Otros envenenamientos accidentales;Mujeres;10 Cáceres;0
096 Otros envenenamientos accidentales;Mujeres;11 Cádiz;2
096 Otros envenenamientos accidentales;Mujeres;39 Cantabria;2
096 Otros envenenamientos accidentales;Mujeres;12 Castellón/Castelló;0
096 Otros envenenamientos accidentales;Mujeres;13 Ciudad Real;0
096 Otros envenenamientos accidentales;Mujeres;14 Córdoba;1
096 Otros envenenamientos accidentales;Mujeres;15 Coruña, A;1
096 Otros envenenamientos accidentales;Mujeres;16 Cuenca;0
096 Otros envenenamientos accidentales;Mujeres;20 Gipuzkoa;0
096 Otros envenenamientos accidentales;Mujeres;17 Girona;0
096 Otros envenenamientos accidentales;Mujeres;18 Granada;1
096 Otros envenenamientos accidentales;Mujeres;19 Guadalajara;1
096 Otros envenenamientos accidentales;Mujeres;21 Huelva;1
096 Otros envenenamientos accidentales;Mujeres;22 Huesca;0
096 Otros envenenamientos accidentales;Mujeres;23 Jaén;1
096 Otros envenenamientos accidentales;Mujeres;24 León;1
096 Otros envenenamientos accidentales;Mujeres;25 Lleida;0
096 Otros envenenamientos accidentales;Mujeres;27 Lugo;0
096 Otros envenenamientos accidentales;Mujeres;28 Madrid;6
096 Otros envenenamientos accidentales;Mujeres;29 Málaga;2
096 Otros envenenamientos accidentales;Mujeres;30 Murcia;3
096 Otros envenenamientos accidentales;Mujeres;31 Navarra;0
096 Otros envenenamientos accidentales;Mujeres;32 Ourense;3
096 Otros envenenamientos accidentales;Mujeres;34 Palencia;0
096 Otros envenenamientos accidentales;Mujeres;35 Palmas, Las;3
096 Otros envenenamientos accidentales;Mujeres;36 Pontevedra;1
096 Otros envenenamientos accidentales;Mujeres;26 Rioja, La;0
096 Otros envenenamientos accidentales;Mujeres;37 Salamanca;2
096 Otros envenenamientos accidentales;Mujeres;38 Santa Cruz de Tenerife;2
096 Otros envenenamientos accidentales;Mujeres;40 Segovia;0
096 Otros envenenamientos accidentales;Mujeres;41 Sevilla;1
096 Otros envenenamientos accidentales;Mujeres;42 Soria;0
096 Otros envenenamientos accidentales;Mujeres;43 Tarragona;2
096 Otros envenenamientos accidentales;Mujeres;44 Teruel;1
096 Otros envenenamientos accidentales;Mujeres;45 Toledo;2
096 Otros envenenamientos accidentales;Mujeres;46 Valencia/València;1
096 Otros envenenamientos accidentales;Mujeres;47 Valladolid;0
096 Otros envenenamientos accidentales;Mujeres;49 Zamora;1
096 Otros envenenamientos accidentales;Mujeres;50 Zaragoza;1
096 Otros envenenamientos accidentales;Mujeres;51 Ceuta;0
096 Otros envenenamientos accidentales;Mujeres;52 Melilla;0
096 Otros envenenamientos accidentales;Mujeres;Extranjero;2
097 Otros accidentes;Hombres;Total;1.150
097 Otros accidentes;Hombres;02 Albacete;10
097 Otros accidentes;Hombres;03 Alicante/Alacant;30
097 Otros accidentes;Hombres;04 Almería;22
097 Otros accidentes;Hombres;01 Araba/Álava;12
097 Otros accidentes;Hombres;33 Asturias;8
097 Otros accidentes;Hombres;05 Ávila;5
097 Otros accidentes;Hombres;06 Badajoz;24
097 Otros accidentes;Hombres;07 Balears, Illes;17
097 Otros accidentes;Hombres;08 Barcelona;203
097 Otros accidentes;Hombres;48 Bizkaia;28
097 Otros accidentes;Hombres;09 Burgos;11
097 Otros accidentes;Hombres;10 Cáceres;22
097 Otros accidentes;Hombres;11 Cádiz;18
097 Otros accidentes;Hombres;39 Cantabria;30
097 Otros accidentes;Hombres;12 Castellón/Castelló;18
097 Otros accidentes;Hombres;13 Ciudad Real;2
097 Otros accidentes;Hombres;14 Córdoba;14
097 Otros accidentes;Hombres;15 Coruña, A;27
097 Otros accidentes;Hombres;16 Cuenca;2
097 Otros accidentes;Hombres;20 Gipuzkoa;36
097 Otros accidentes;Hombres;17 Girona;18
097 Otros accidentes;Hombres;18 Granada;16
097 Otros accidentes;Hombres;19 Guadalajara;2
097 Otros accidentes;Hombres;21 Huelva;11
097 Otros accidentes;Hombres;22 Huesca;4
097 Otros accidentes;Hombres;23 Jaén;26
097 Otros accidentes;Hombres;24 León;34
097 Otros accidentes;Hombres;25 Lleida;16
097 Otros accidentes;Hombres;27 Lugo;13
097 Otros accidentes;Hombres;28 Madrid;104
097 Otros accidentes;Hombres;29 Málaga;32
097 Otros accidentes;Hombres;30 Murcia;19
097 Otros accidentes;Hombres;31 Navarra;6
097 Otros accidentes;Hombres;32 Ourense;17
097 Otros accidentes;Hombres;34 Palencia;10
097 Otros accidentes;Hombres;35 Palmas, Las;45
097 Otros accidentes;Hombres;36 Pontevedra;18
097 Otros accidentes;Hombres;26 Rioja, La;8
097 Otros accidentes;Hombres;37 Salamanca;11
097 Otros accidentes;Hombres;38 Santa Cruz de Tenerife;40
097 Otros accidentes;Hombres;40 Segovia;6
097 Otros accidentes;Hombres;41 Sevilla;14
097 Otros accidentes;Hombres;42 Soria;3
097 Otros accidentes;Hombres;43 Tarragona;34
097 Otros accidentes;Hombres;44 Teruel;7
097 Otros accidentes;Hombres;45 Toledo;9
097 Otros accidentes;Hombres;46 Valencia/València;28
097 Otros accidentes;Hombres;47 Valladolid;8
097 Otros accidentes;Hombres;49 Zamora;3
097 Otros accidentes;Hombres;50 Zaragoza;10
097 Otros accidentes;Hombres;51 Ceuta;1
097 Otros accidentes;Hombres;52 Melilla;2
097 Otros accidentes;Hombres;Extranjero;36
097 Otros accidentes;Mujeres;Total;830
097 Otros accidentes;Mujeres;02 Albacete;3
097 Otros accidentes;Mujeres;03 Alicante/Alacant;22
097 Otros accidentes;Mujeres;04 Almería;9
097 Otros accidentes;Mujeres;01 Araba/Álava;5
097 Otros accidentes;Mujeres;33 Asturias;5
097 Otros accidentes;Mujeres;05 Ávila;9
097 Otros accidentes;Mujeres;06 Badajoz;14
097 Otros accidentes;Mujeres;07 Balears, Illes;18
097 Otros accidentes;Mujeres;08 Barcelona;204
097 Otros accidentes;Mujeres;48 Bizkaia;16
097 Otros accidentes;Mujeres;09 Burgos;9
097 Otros accidentes;Mujeres;10 Cáceres;8
097 Otros accidentes;Mujeres;11 Cádiz;15
097 Otros accidentes;Mujeres;39 Cantabria;17
097 Otros accidentes;Mujeres;12 Castellón/Castelló;7
097 Otros accidentes;Mujeres;13 Ciudad Real;2
097 Otros accidentes;Mujeres;14 Córdoba;18
097 Otros accidentes;Mujeres;15 Coruña, A;7
097 Otros accidentes;Mujeres;16 Cuenca;3
097 Otros accidentes;Mujeres;20 Gipuzkoa;29
097 Otros accidentes;Mujeres;17 Girona;22
097 Otros accidentes;Mujeres;18 Granada;9
097 Otros accidentes;Mujeres;19 Guadalajara;2
097 Otros accidentes;Mujeres;21 Huelva;8
097 Otros accidentes;Mujeres;22 Huesca;1
097 Otros accidentes;Mujeres;23 Jaén;9
097 Otros accidentes;Mujeres;24 León;45
097 Otros accidentes;Mujeres;25 Lleida;10
097 Otros accidentes;Mujeres;27 Lugo;5
097 Otros accidentes;Mujeres;28 Madrid;87
097 Otros accidentes;Mujeres;29 Málaga;14
097 Otros accidentes;Mujeres;30 Murcia;3
097 Otros accidentes;Mujeres;31 Navarra;1
097 Otros accidentes;Mujeres;32 Ourense;14
097 Otros accidentes;Mujeres;34 Palencia;9
097 Otros accidentes;Mujeres;35 Palmas, Las;25
097 Otros accidentes;Mujeres;36 Pontevedra;9
097 Otros accidentes;Mujeres;26 Rioja, La;6
097 Otros accidentes;Mujeres;37 Salamanca;8
097 Otros accidentes;Mujeres;38 Santa Cruz de Tenerife;20
097 Otros accidentes;Mujeres;40 Segovia;9
097 Otros accidentes;Mujeres;41 Sevilla;13
097 Otros accidentes;Mujeres;42 Soria;2
097 Otros accidentes;Mujeres;43 Tarragona;14
097 Otros accidentes;Mujeres;44 Teruel;1
097 Otros accidentes;Mujeres;45 Toledo;6
097 Otros accidentes;Mujeres;46 Valencia/València;20
097 Otros accidentes;Mujeres;47 Valladolid;9
097 Otros accidentes;Mujeres;49 Zamora;8
097 Otros accidentes;Mujeres;50 Zaragoza;2
097 Otros accidentes;Mujeres;51 Ceuta;0
097 Otros accidentes;Mujeres;52 Melilla;2
097 Otros accidentes;Mujeres;Extranjero;17
098 Suicidio y lesiones autoinfligidas;Hombres;Total;2.771
098 Suicidio y lesiones autoinfligidas;Hombres;02 Albacete;23
098 Suicidio y lesiones autoinfligidas;Hombres;03 Alicante/Alacant;125
098 Suicidio y lesiones autoinfligidas;Hombres;04 Almería;43
098 Suicidio y lesiones autoinfligidas;Hombres;01 Araba/Álava;19
098 Suicidio y lesiones autoinfligidas;Hombres;33 Asturias;97
098 Suicidio y lesiones autoinfligidas;Hombres;05 Ávila;13
098 Suicidio y lesiones autoinfligidas;Hombres;06 Badajoz;37
098 Suicidio y lesiones autoinfligidas;Hombres;07 Balears, Illes;71
098 Suicidio y lesiones autoinfligidas;Hombres;08 Barcelona;256
098 Suicidio y lesiones autoinfligidas;Hombres;48 Bizkaia;55
098 Suicidio y lesiones autoinfligidas;Hombres;09 Burgos;22
098 Suicidio y lesiones autoinfligidas;Hombres;10 Cáceres;31
098 Suicidio y lesiones autoinfligidas;Hombres;11 Cádiz;53
098 Suicidio y lesiones autoinfligidas;Hombres;39 Cantabria;25
098 Suicidio y lesiones autoinfligidas;Hombres;12 Castellón/Castelló;51
098 Suicidio y lesiones autoinfligidas;Hombres;13 Ciudad Real;30
098 Suicidio y lesiones autoinfligidas;Hombres;14 Córdoba;52
098 Suicidio y lesiones autoinfligidas;Hombres;15 Coruña, A;95
098 Suicidio y lesiones autoinfligidas;Hombres;16 Cuenca;13
098 Suicidio y lesiones autoinfligidas;Hombres;20 Gipuzkoa;37
098 Suicidio y lesiones autoinfligidas;Hombres;17 Girona;47
098 Suicidio y lesiones autoinfligidas;Hombres;18 Granada;61
098 Suicidio y lesiones autoinfligidas;Hombres;19 Guadalajara;7
098 Suicidio y lesiones autoinfligidas;Hombres;21 Huelva;30
098 Suicidio y lesiones autoinfligidas;Hombres;22 Huesca;19
098 Suicidio y lesiones autoinfligidas;Hombres;23 Jaén;67
098 Suicidio y lesiones autoinfligidas;Hombres;24 León;35
098 Suicidio y lesiones autoinfligidas;Hombres;25 Lleida;29
098 Suicidio y lesiones autoinfligidas;Hombres;27 Lugo;39
098 Suicidio y lesiones autoinfligidas;Hombres;28 Madrid;245
098 Suicidio y lesiones autoinfligidas;Hombres;29 Málaga;89
098 Suicidio y lesiones autoinfligidas;Hombres;30 Murcia;101
098 Suicidio y lesiones autoinfligidas;Hombres;31 Navarra;34
098 Suicidio y lesiones autoinfligidas;Hombres;32 Ourense;26
098 Suicidio y lesiones autoinfligidas;Hombres;34 Palencia;12
098 Suicidio y lesiones autoinfligidas;Hombres;35 Palmas, Las;94
098 Suicidio y lesiones autoinfligidas;Hombres;36 Pontevedra;60
098 Suicidio y lesiones autoinfligidas;Hombres;26 Rioja, La;20
098 Suicidio y lesiones autoinfligidas;Hombres;37 Salamanca;29
098 Suicidio y lesiones autoinfligidas;Hombres;38 Santa Cruz de Tenerife;71
098 Suicidio y lesiones autoinfligidas;Hombres;40 Segovia;5
098 Suicidio y lesiones autoinfligidas;Hombres;41 Sevilla;83
098 Suicidio y lesiones autoinfligidas;Hombres;42 Soria;4
098 Suicidio y lesiones autoinfligidas;Hombres;43 Tarragona;48
098 Suicidio y lesiones autoinfligidas;Hombres;44 Teruel;11
098 Suicidio y lesiones autoinfligidas;Hombres;45 Toledo;42
098 Suicidio y lesiones autoinfligidas;Hombres;46 Valencia/València;172
098 Suicidio y lesiones autoinfligidas;Hombres;47 Valladolid;30
098 Suicidio y lesiones autoinfligidas;Hombres;49 Zamora;15
098 Suicidio y lesiones autoinfligidas;Hombres;50 Zaragoza;51
098 Suicidio y lesiones autoinfligidas;Hombres;51 Ceuta;4
098 Suicidio y lesiones autoinfligidas;Hombres;52 Melilla;1
098 Suicidio y lesiones autoinfligidas;Hombres;Extranjero;42
098 Suicidio y lesiones autoinfligidas;Mujeres;Total;900
098 Suicidio y lesiones autoinfligidas;Mujeres;02 Albacete;4
098 Suicidio y lesiones autoinfligidas;Mujeres;03 Alicante/Alacant;35
098 Suicidio y lesiones autoinfligidas;Mujeres;04 Almería;13
098 Suicidio y lesiones autoinfligidas;Mujeres;01 Araba/Álava;2
098 Suicidio y lesiones autoinfligidas;Mujeres;33 Asturias;31
098 Suicidio y lesiones autoinfligidas;Mujeres;05 Ávila;1
098 Suicidio y lesiones autoinfligidas;Mujeres;06 Badajoz;4
098 Suicidio y lesiones autoinfligidas;Mujeres;07 Balears, Illes;26
098 Suicidio y lesiones autoinfligidas;Mujeres;08 Barcelona;104
098 Suicidio y lesiones autoinfligidas;Mujeres;48 Bizkaia;18
098 Suicidio y lesiones autoinfligidas;Mujeres;09 Burgos;11
098 Suicidio y lesiones autoinfligidas;Mujeres;10 Cáceres;7
098 Suicidio y lesiones autoinfligidas;Mujeres;11 Cádiz;23
098 Suicidio y lesiones autoinfligidas;Mujeres;39 Cantabria;11
098 Suicidio y lesiones autoinfligidas;Mujeres;12 Castellón/Castelló;4
098 Suicidio y lesiones autoinfligidas;Mujeres;13 Ciudad Real;16
098 Suicidio y lesiones autoinfligidas;Mujeres;14 Córdoba;16
098 Suicidio y lesiones autoinfligidas;Mujeres;15 Coruña, A;35
098 Suicidio y lesiones autoinfligidas;Mujeres;16 Cuenca;4
098 Suicidio y lesiones autoinfligidas;Mujeres;20 Gipuzkoa;6
098 Suicidio y lesiones autoinfligidas;Mujeres;17 Girona;27
098 Suicidio y lesiones autoinfligidas;Mujeres;18 Granada;26
098 Suicidio y lesiones autoinfligidas;Mujeres;19 Guadalajara;1
098 Suicidio y lesiones autoinfligidas;Mujeres;21 Huelva;7
098 Suicidio y lesiones autoinfligidas;Mujeres;22 Huesca;4
098 Suicidio y lesiones autoinfligidas;Mujeres;23 Jaén;13
098 Suicidio y lesiones autoinfligidas;Mujeres;24 León;14
098 Suicidio y lesiones autoinfligidas;Mujeres;25 Lleida;12
098 Suicidio y lesiones autoinfligidas;Mujeres;27 Lugo;14
098 Suicidio y lesiones autoinfligidas;Mujeres;28 Madrid;105
098 Suicidio y lesiones autoinfligidas;Mujeres;29 Málaga;33
098 Suicidio y lesiones autoinfligidas;Mujeres;30 Murcia;24
098 Suicidio y lesiones autoinfligidas;Mujeres;31 Navarra;12
098 Suicidio y lesiones autoinfligidas;Mujeres;32 Ourense;3
098 Suicidio y lesiones autoinfligidas;Mujeres;34 Palencia;6
098 Suicidio y lesiones autoinfligidas;Mujeres;35 Palmas, Las;12
098 Suicidio y lesiones autoinfligidas;Mujeres;36 Pontevedra;20
098 Suicidio y lesiones autoinfligidas;Mujeres;26 Rioja, La;9
098 Suicidio y lesiones autoinfligidas;Mujeres;37 Salamanca;7
098 Suicidio y lesiones autoinfligidas;Mujeres;38 Santa Cruz de Tenerife;20
098 Suicidio y lesiones autoinfligidas;Mujeres;40 Segovia;0
098 Suicidio y lesiones autoinfligidas;Mujeres;41 Sevilla;31
098 Suicidio y lesiones autoinfligidas;Mujeres;42 Soria;2
098 Suicidio y lesiones autoinfligidas;Mujeres;43 Tarragona;12
098 Suicidio y lesiones autoinfligidas;Mujeres;44 Teruel;4
098 Suicidio y lesiones autoinfligidas;Mujeres;45 Toledo;12
098 Suicidio y lesiones autoinfligidas;Mujeres;46 Valencia/València;63
098 Suicidio y lesiones autoinfligidas;Mujeres;47 Valladolid;12
098 Suicidio y lesiones autoinfligidas;Mujeres;49 Zamora;0
098 Suicidio y lesiones autoinfligidas;Mujeres;50 Zaragoza;20
098 Suicidio y lesiones autoinfligidas;Mujeres;51 Ceuta;0
098 Suicidio y lesiones autoinfligidas;Mujeres;52 Melilla;0
098 Suicidio y lesiones autoinfligidas;Mujeres;Extranjero;4
099  Agresiones (Homicidio);Hombres;Total;183
099  Agresiones (Homicidio);Hombres;02 Albacete;0
099  Agresiones (Homicidio);Hombres;03 Alicante/Alacant;3
099  Agresiones (Homicidio);Hombres;04 Almería;7
099  Agresiones (Homicidio);Hombres;01 Araba/Álava;0
099  Agresiones (Homicidio);Hombres;33 Asturias;5
099  Agresiones (Homicidio);Hombres;05 Ávila;0
099  Agresiones (Homicidio);Hombres;06 Badajoz;1
099  Agresiones (Homicidio);Hombres;07 Balears, Illes;2
099  Agresiones (Homicidio);Hombres;08 Barcelona;26
099  Agresiones (Homicidio);Hombres;48 Bizkaia;5
099  Agresiones (Homicidio);Hombres;09 Burgos;1
099  Agresiones (Homicidio);Hombres;10 Cáceres;3
099  Agresiones (Homicidio);Hombres;11 Cádiz;3
099  Agresiones (Homicidio);Hombres;39 Cantabria;2
099  Agresiones (Homicidio);Hombres;12 Castellón/Castelló;0
099  Agresiones (Homicidio);Hombres;13 Ciudad Real;4
099  Agresiones (Homicidio);Hombres;14 Córdoba;1
099  Agresiones (Homicidio);Hombres;15 Coruña, A;2
099  Agresiones (Homicidio);Hombres;16 Cuenca;1
099  Agresiones (Homicidio);Hombres;20 Gipuzkoa;4
099  Agresiones (Homicidio);Hombres;17 Girona;2
099  Agresiones (Homicidio);Hombres;18 Granada;6
099  Agresiones (Homicidio);Hombres;19 Guadalajara;0
099  Agresiones (Homicidio);Hombres;21 Huelva;4
099  Agresiones (Homicidio);Hombres;22 Huesca;1
099  Agresiones (Homicidio);Hombres;23 Jaén;2
099  Agresiones (Homicidio);Hombres;24 León;0
099  Agresiones (Homicidio);Hombres;25 Lleida;1
099  Agresiones (Homicidio);Hombres;27 Lugo;1
099  Agresiones (Homicidio);Hombres;28 Madrid;18
099  Agresiones (Homicidio);Hombres;29 Málaga;14
099  Agresiones (Homicidio);Hombres;30 Murcia;9
099  Agresiones (Homicidio);Hombres;31 Navarra;0
099  Agresiones (Homicidio);Hombres;32 Ourense;0
099  Agresiones (Homicidio);Hombres;34 Palencia;0
099  Agresiones (Homicidio);Hombres;35 Palmas, Las;2
099  Agresiones (Homicidio);Hombres;36 Pontevedra;3
099  Agresiones (Homicidio);Hombres;26 Rioja, La;0
099  Agresiones (Homicidio);Hombres;37 Salamanca;0
099  Agresiones (Homicidio);Hombres;38 Santa Cruz de Tenerife;3
099  Agresiones (Homicidio);Hombres;40 Segovia;1
099  Agresiones (Homicidio);Hombres;41 Sevilla;3
099  Agresiones (Homicidio);Hombres;42 Soria;1
099  Agresiones (Homicidio);Hombres;43 Tarragona;5
099  Agresiones (Homicidio);Hombres;44 Teruel;1
099  Agresiones (Homicidio);Hombres;45 Toledo;4
099  Agresiones (Homicidio);Hombres;46 Valencia/València;16
099  Agresiones (Homicidio);Hombres;47 Valladolid;0
099  Agresiones (Homicidio);Hombres;49 Zamora;0
099  Agresiones (Homicidio);Hombres;50 Zaragoza;1
099  Agresiones (Homicidio);Hombres;51 Ceuta;2
099  Agresiones (Homicidio);Hombres;52 Melilla;1
099  Agresiones (Homicidio);Hombres;Extranjero;12
099  Agresiones (Homicidio);Mujeres;Total;109
099  Agresiones (Homicidio);Mujeres;02 Albacete;0
099  Agresiones (Homicidio);Mujeres;03 Alicante/Alacant;5
099  Agresiones (Homicidio);Mujeres;04 Almería;1
099  Agresiones (Homicidio);Mujeres;01 Araba/Álava;1
099  Agresiones (Homicidio);Mujeres;33 Asturias;1
099  Agresiones (Homicidio);Mujeres;05 Ávila;0
099  Agresiones (Homicidio);Mujeres;06 Badajoz;0
099  Agresiones (Homicidio);Mujeres;07 Balears, Illes;3
099  Agresiones (Homicidio);Mujeres;08 Barcelona;10
099  Agresiones (Homicidio);Mujeres;48 Bizkaia;1
099  Agresiones (Homicidio);Mujeres;09 Burgos;1
099  Agresiones (Homicidio);Mujeres;10 Cáceres;1
099  Agresiones (Homicidio);Mujeres;11 Cádiz;3
099  Agresiones (Homicidio);Mujeres;39 Cantabria;3
099  Agresiones (Homicidio);Mujeres;12 Castellón/Castelló;1
099  Agresiones (Homicidio);Mujeres;13 Ciudad Real;0
099  Agresiones (Homicidio);Mujeres;14 Córdoba;4
099  Agresiones (Homicidio);Mujeres;15 Coruña, A;1
099  Agresiones (Homicidio);Mujeres;16 Cuenca;2
099  Agresiones (Homicidio);Mujeres;20 Gipuzkoa;0
099  Agresiones (Homicidio);Mujeres;17 Girona;5
099  Agresiones (Homicidio);Mujeres;18 Granada;2
099  Agresiones (Homicidio);Mujeres;19 Guadalajara;1
099  Agresiones (Homicidio);Mujeres;21 Huelva;1
099  Agresiones (Homicidio);Mujeres;22 Huesca;0
099  Agresiones (Homicidio);Mujeres;23 Jaén;2
099  Agresiones (Homicidio);Mujeres;24 León;1
099  Agresiones (Homicidio);Mujeres;25 Lleida;0
099  Agresiones (Homicidio);Mujeres;27 Lugo;3
099  Agresiones (Homicidio);Mujeres;28 Madrid;12
099  Agresiones (Homicidio);Mujeres;29 Málaga;6
099  Agresiones (Homicidio);Mujeres;30 Murcia;3
099  Agresiones (Homicidio);Mujeres;31 Navarra;2
099  Agresiones (Homicidio);Mujeres;32 Ourense;0
099  Agresiones (Homicidio);Mujeres;34 Palencia;0
099  Agresiones (Homicidio);Mujeres;35 Palmas, Las;5
099  Agresiones (Homicidio);Mujeres;36 Pontevedra;4
099  Agresiones (Homicidio);Mujeres;26 Rioja, La;0
099  Agresiones (Homicidio);Mujeres;37 Salamanca;0
099  Agresiones (Homicidio);Mujeres;38 Santa Cruz de Tenerife;5
099  Agresiones (Homicidio);Mujeres;40 Segovia;0
099  Agresiones (Homicidio);Mujeres;41 Sevilla;2
099  Agresiones (Homicidio);Mujeres;42 Soria;0
099  Agresiones (Homicidio);Mujeres;43 Tarragona;4
099  Agresiones (Homicidio);Mujeres;44 Teruel;0
099  Agresiones (Homicidio);Mujeres;45 Toledo;1
099  Agresiones (Homicidio);Mujeres;46 Valencia/València;4
099  Agresiones (Homicidio);Mujeres;47 Valladolid;0
099  Agresiones (Homicidio);Mujeres;49 Zamora;0
099  Agresiones (Homicidio);Mujeres;50 Zaragoza;4
099  Agresiones (Homicidio);Mujeres;51 Ceuta;0
099  Agresiones (Homicidio);Mujeres;52 Melilla;0
099  Agresiones (Homicidio);Mujeres;Extranjero;4
100 Eventos de intención no determinada;Hombres;Total;67
100 Eventos de intención no determinada;Hombres;02 Albacete;0
100 Eventos de intención no determinada;Hombres;03 Alicante/Alacant;0
100 Eventos de intención no determinada;Hombres;04 Almería;3
100 Eventos de intención no determinada;Hombres;01 Araba/Álava;0
100 Eventos de intención no determinada;Hombres;33 Asturias;0
100 Eventos de intención no determinada;Hombres;05 Ávila;1
100 Eventos de intención no determinada;Hombres;06 Badajoz;2
100 Eventos de intención no determinada;Hombres;07 Balears, Illes;0
100 Eventos de intención no determinada;Hombres;08 Barcelona;34
100 Eventos de intención no determinada;Hombres;48 Bizkaia;0
100 Eventos de intención no determinada;Hombres;09 Burgos;0
100 Eventos de intención no determinada;Hombres;10 Cáceres;0
100 Eventos de intención no determinada;Hombres;11 Cádiz;0
100 Eventos de intención no determinada;Hombres;39 Cantabria;0
100 Eventos de intención no determinada;Hombres;12 Castellón/Castelló;0
100 Eventos de intención no determinada;Hombres;13 Ciudad Real;0
100 Eventos de intención no determinada;Hombres;14 Córdoba;1
100 Eventos de intención no determinada;Hombres;15 Coruña, A;2
100 Eventos de intención no determinada;Hombres;16 Cuenca;0
100 Eventos de intención no determinada;Hombres;20 Gipuzkoa;0
100 Eventos de intención no determinada;Hombres;17 Girona;2
100 Eventos de intención no determinada;Hombres;18 Granada;2
100 Eventos de intención no determinada;Hombres;19 Guadalajara;0
100 Eventos de intención no determinada;Hombres;21 Huelva;0
100 Eventos de intención no determinada;Hombres;22 Huesca;0
100 Eventos de intención no determinada;Hombres;23 Jaén;0
100 Eventos de intención no determinada;Hombres;24 León;1
100 Eventos de intención no determinada;Hombres;25 Lleida;0
100 Eventos de intención no determinada;Hombres;27 Lugo;0
100 Eventos de intención no determinada;Hombres;28 Madrid;0
100 Eventos de intención no determinada;Hombres;29 Málaga;2
100 Eventos de intención no determinada;Hombres;30 Murcia;2
100 Eventos de intención no determinada;Hombres;31 Navarra;0
100 Eventos de intención no determinada;Hombres;32 Ourense;2
100 Eventos de intención no determinada;Hombres;34 Palencia;0
100 Eventos de intención no determinada;Hombres;35 Palmas, Las;0
100 Eventos de intención no determinada;Hombres;36 Pontevedra;2
100 Eventos de intención no determinada;Hombres;26 Rioja, La;0
100 Eventos de intención no determinada;Hombres;37 Salamanca;1
100 Eventos de intención no determinada;Hombres;38 Santa Cruz de Tenerife;0
100 Eventos de intención no determinada;Hombres;40 Segovia;0
100 Eventos de intención no determinada;Hombres;41 Sevilla;1
100 Eventos de intención no determinada;Hombres;42 Soria;0
100 Eventos de intención no determinada;Hombres;43 Tarragona;3
100 Eventos de intención no determinada;Hombres;44 Teruel;0
100 Eventos de intención no determinada;Hombres;45 Toledo;2
100 Eventos de intención no determinada;Hombres;46 Valencia/València;1
100 Eventos de intención no determinada;Hombres;47 Valladolid;0
100 Eventos de intención no determinada;Hombres;49 Zamora;0
100 Eventos de intención no determinada;Hombres;50 Zaragoza;0
100 Eventos de intención no determinada;Hombres;51 Ceuta;0
100 Eventos de intención no determinada;Hombres;52 Melilla;0
100 Eventos de intención no determinada;Hombres;Extranjero;3
100 Eventos de intención no determinada;Mujeres;Total;25
100 Eventos de intención no determinada;Mujeres;02 Albacete;0
100 Eventos de intención no determinada;Mujeres;03 Alicante/Alacant;0
100 Eventos de intención no determinada;Mujeres;04 Almería;0
100 Eventos de intención no determinada;Mujeres;01 Araba/Álava;0
100 Eventos de intención no determinada;Mujeres;33 Asturias;0
100 Eventos de intención no determinada;Mujeres;05 Ávila;0
100 Eventos de intención no determinada;Mujeres;06 Badajoz;0
100 Eventos de intención no determinada;Mujeres;07 Balears, Illes;0
100 Eventos de intención no determinada;Mujeres;08 Barcelona;17
100 Eventos de intención no determinada;Mujeres;48 Bizkaia;0
100 Eventos de intención no determinada;Mujeres;09 Burgos;0
100 Eventos de intención no determinada;Mujeres;10 Cáceres;0
100 Eventos de intención no determinada;Mujeres;11 Cádiz;1
100 Eventos de intención no determinada;Mujeres;39 Cantabria;1
100 Eventos de intención no determinada;Mujeres;12 Castellón/Castelló;0
100 Eventos de intención no determinada;Mujeres;13 Ciudad Real;0
100 Eventos de intención no determinada;Mujeres;14 Córdoba;0
100 Eventos de intención no determinada;Mujeres;15 Coruña, A;1
100 Eventos de intención no determinada;Mujeres;16 Cuenca;0
100 Eventos de intención no determinada;Mujeres;20 Gipuzkoa;0
100 Eventos de intención no determinada;Mujeres;17 Girona;0
100 Eventos de intención no determinada;Mujeres;18 Granada;0
100 Eventos de intención no determinada;Mujeres;19 Guadalajara;1
100 Eventos de intención no determinada;Mujeres;21 Huelva;0
100 Eventos de intención no determinada;Mujeres;22 Huesca;0
100 Eventos de intención no determinada;Mujeres;23 Jaén;0
100 Eventos de intención no determinada;Mujeres;24 León;0
100 Eventos de intención no determinada;Mujeres;25 Lleida;1
100 Eventos de intención no determinada;Mujeres;27 Lugo;0
100 Eventos de intención no determinada;Mujeres;28 Madrid;1
100 Eventos de intención no determinada;Mujeres;29 Málaga;0
100 Eventos de intención no determinada;Mujeres;30 Murcia;0
100 Eventos de intención no determinada;Mujeres;31 Navarra;0
100 Eventos de intención no determinada;Mujeres;32 Ourense;0
100 Eventos de intención no determinada;Mujeres;34 Palencia;0
100 Eventos de intención no determinada;Mujeres;35 Palmas, Las;0
100 Eventos de intención no determinada;Mujeres;36 Pontevedra;0
100 Eventos de intención no determinada;Mujeres;26 Rioja, La;0
100 Eventos de intención no determinada;Mujeres;37 Salamanca;0
100 Eventos de intención no determinada;Mujeres;38 Santa Cruz de Tenerife;0
100 Eventos de intención no determinada;Mujeres;40 Segovia;0
100 Eventos de intención no determinada;Mujeres;41 Sevilla;0
100 Eventos de intención no determinada;Mujeres;42 Soria;0
100 Eventos de intención no determinada;Mujeres;43 Tarragona;0
100 Eventos de intención no determinada;Mujeres;44 Teruel;0
100 Eventos de intención no determinada;Mujeres;45 Toledo;0
100 Eventos de intención no determinada;Mujeres;46 Valencia/València;1
100 Eventos de intención no determinada;Mujeres;47 Valladolid;0
100 Eventos de intención no determinada;Mujeres;49 Zamora;0
100 Eventos de intención no determinada;Mujeres;50 Zaragoza;0
100 Eventos de intención no determinada;Mujeres;51 Ceuta;0
100 Eventos de intención no determinada;Mujeres;52 Melilla;0
100 Eventos de intención no determinada;Mujeres;Extranjero;1
101 Complicaciones de la atención médica y quirúrgica;Hombres;Total;127
101 Complicaciones de la atención médica y quirúrgica;Hombres;02 Albacete;0
101 Complicaciones de la atención médica y quirúrgica;Hombres;03 Alicante/Alacant;5
101 Complicaciones de la atención médica y quirúrgica;Hombres;04 Almería;2
101 Complicaciones de la atención médica y quirúrgica;Hombres;01 Araba/Álava;0
101 Complicaciones de la atención médica y quirúrgica;Hombres;33 Asturias;1
101 Complicaciones de la atención médica y quirúrgica;Hombres;05 Ávila;1
101 Complicaciones de la atención médica y quirúrgica;Hombres;06 Badajoz;0
101 Complicaciones de la atención médica y quirúrgica;Hombres;07 Balears, Illes;6
101 Complicaciones de la atención médica y quirúrgica;Hombres;08 Barcelona;18
101 Complicaciones de la atención médica y quirúrgica;Hombres;48 Bizkaia;3
101 Complicaciones de la atención médica y quirúrgica;Hombres;09 Burgos;0
101 Complicaciones de la atención médica y quirúrgica;Hombres;10 Cáceres;2
101 Complicaciones de la atención médica y quirúrgica;Hombres;11 Cádiz;1
101 Complicaciones de la atención médica y quirúrgica;Hombres;39 Cantabria;0
101 Complicaciones de la atención médica y quirúrgica;Hombres;12 Castellón/Castelló;0
101 Complicaciones de la atención médica y quirúrgica;Hombres;13 Ciudad Real;3
101 Complicaciones de la atención médica y quirúrgica;Hombres;14 Córdoba;1
101 Complicaciones de la atención médica y quirúrgica;Hombres;15 Coruña, A;1
101 Complicaciones de la atención médica y quirúrgica;Hombres;16 Cuenca;0
101 Complicaciones de la atención médica y quirúrgica;Hombres;20 Gipuzkoa;0
101 Complicaciones de la atención médica y quirúrgica;Hombres;17 Girona;1
101 Complicaciones de la atención médica y quirúrgica;Hombres;18 Granada;2
101 Complicaciones de la atención médica y quirúrgica;Hombres;19 Guadalajara;1
101 Complicaciones de la atención médica y quirúrgica;Hombres;21 Huelva;2
101 Complicaciones de la atención médica y quirúrgica;Hombres;22 Huesca;0
101 Complicaciones de la atención médica y quirúrgica;Hombres;23 Jaén;3
101 Complicaciones de la atención médica y quirúrgica;Hombres;24 León;2
101 Complicaciones de la atención médica y quirúrgica;Hombres;25 Lleida;0
101 Complicaciones de la atención médica y quirúrgica;Hombres;27 Lugo;2
101 Complicaciones de la atención médica y quirúrgica;Hombres;28 Madrid;19
101 Complicaciones de la atención médica y quirúrgica;Hombres;29 Málaga;4
101 Complicaciones de la atención médica y quirúrgica;Hombres;30 Murcia;2
101 Complicaciones de la atención médica y quirúrgica;Hombres;31 Navarra;7
101 Complicaciones de la atención médica y quirúrgica;Hombres;32 Ourense;2
101 Complicaciones de la atención médica y quirúrgica;Hombres;34 Palencia;0
101 Complicaciones de la atención médica y quirúrgica;Hombres;35 Palmas, Las;7
101 Complicaciones de la atención médica y quirúrgica;Hombres;36 Pontevedra;2
101 Complicaciones de la atención médica y quirúrgica;Hombres;26 Rioja, La;1
101 Complicaciones de la atención médica y quirúrgica;Hombres;37 Salamanca;0
101 Complicaciones de la atención médica y quirúrgica;Hombres;38 Santa Cruz de Tenerife;7
101 Complicaciones de la atención médica y quirúrgica;Hombres;40 Segovia;0
101 Complicaciones de la atención médica y quirúrgica;Hombres;41 Sevilla;4
101 Complicaciones de la atención médica y quirúrgica;Hombres;42 Soria;0
101 Complicaciones de la atención médica y quirúrgica;Hombres;43 Tarragona;0
101 Complicaciones de la atención médica y quirúrgica;Hombres;44 Teruel;1
101 Complicaciones de la atención médica y quirúrgica;Hombres;45 Toledo;2
101 Complicaciones de la atención médica y quirúrgica;Hombres;46 Valencia/València;9
101 Complicaciones de la atención médica y quirúrgica;Hombres;47 Valladolid;1
101 Complicaciones de la atención médica y quirúrgica;Hombres;49 Zamora;0
101 Complicaciones de la atención médica y quirúrgica;Hombres;50 Zaragoza;1
101 Complicaciones de la atención médica y quirúrgica;Hombres;51 Ceuta;1
101 Complicaciones de la atención médica y quirúrgica;Hombres;52 Melilla;0
101 Complicaciones de la atención médica y quirúrgica;Hombres;Extranjero;0
101 Complicaciones de la atención médica y quirúrgica;Mujeres;Total;126
101 Complicaciones de la atención médica y quirúrgica;Mujeres;02 Albacete;0
101 Complicaciones de la atención médica y quirúrgica;Mujeres;03 Alicante/Alacant;3
101 Complicaciones de la atención médica y quirúrgica;Mujeres;04 Almería;2
101 Complicaciones de la atención médica y quirúrgica;Mujeres;01 Araba/Álava;0
101 Complicaciones de la atención médica y quirúrgica;Mujeres;33 Asturias;2
101 Complicaciones de la atención médica y quirúrgica;Mujeres;05 Ávila;2
101 Complicaciones de la atención médica y quirúrgica;Mujeres;06 Badajoz;0
101 Complicaciones de la atención médica y quirúrgica;Mujeres;07 Balears, Illes;4
101 Complicaciones de la atención médica y quirúrgica;Mujeres;08 Barcelona;16
101 Complicaciones de la atención médica y quirúrgica;Mujeres;48 Bizkaia;1
101 Complicaciones de la atención médica y quirúrgica;Mujeres;09 Burgos;2
101 Complicaciones de la atención médica y quirúrgica;Mujeres;10 Cáceres;0
101 Complicaciones de la atención médica y quirúrgica;Mujeres;11 Cádiz;2
101 Complicaciones de la atención médica y quirúrgica;Mujeres;39 Cantabria;0
101 Complicaciones de la atención médica y quirúrgica;Mujeres;12 Castellón/Castelló;1
101 Complicaciones de la atención médica y quirúrgica;Mujeres;13 Ciudad Real;0
101 Complicaciones de la atención médica y quirúrgica;Mujeres;14 Córdoba;0
101 Complicaciones de la atención médica y quirúrgica;Mujeres;15 Coruña, A;1
101 Complicaciones de la atención médica y quirúrgica;Mujeres;16 Cuenca;0
101 Complicaciones de la atención médica y quirúrgica;Mujeres;20 Gipuzkoa;0
101 Complicaciones de la atención médica y quirúrgica;Mujeres;17 Girona;0
101 Complicaciones de la atención médica y quirúrgica;Mujeres;18 Granada;6
101 Complicaciones de la atención médica y quirúrgica;Mujeres;19 Guadalajara;0
101 Complicaciones de la atención médica y quirúrgica;Mujeres;21 Huelva;1
101 Complicaciones de la atención médica y quirúrgica;Mujeres;22 Huesca;0
101 Complicaciones de la atención médica y quirúrgica;Mujeres;23 Jaén;0
101 Complicaciones de la atención médica y quirúrgica;Mujeres;24 León;3
101 Complicaciones de la atención médica y quirúrgica;Mujeres;25 Lleida;0
101 Complicaciones de la atención médica y quirúrgica;Mujeres;27 Lugo;0
101 Complicaciones de la atención médica y quirúrgica;Mujeres;28 Madrid;25
101 Complicaciones de la atención médica y quirúrgica;Mujeres;29 Málaga;4
101 Complicaciones de la atención médica y quirúrgica;Mujeres;30 Murcia;2
101 Complicaciones de la atención médica y quirúrgica;Mujeres;31 Navarra;8
101 Complicaciones de la atención médica y quirúrgica;Mujeres;32 Ourense;0
101 Complicaciones de la atención médica y quirúrgica;Mujeres;34 Palencia;1
101 Complicaciones de la atención médica y quirúrgica;Mujeres;35 Palmas, Las;7
101 Complicaciones de la atención médica y quirúrgica;Mujeres;36 Pontevedra;1
101 Complicaciones de la atención médica y quirúrgica;Mujeres;26 Rioja, La;1
101 Complicaciones de la atención médica y quirúrgica;Mujeres;37 Salamanca;0
101 Complicaciones de la atención médica y quirúrgica;Mujeres;38 Santa Cruz de Tenerife;8
101 Complicaciones de la atención médica y quirúrgica;Mujeres;40 Segovia;0
101 Complicaciones de la atención médica y quirúrgica;Mujeres;41 Sevilla;3
101 Complicaciones de la atención médica y quirúrgica;Mujeres;42 Soria;0
101 Complicaciones de la atención médica y quirúrgica;Mujeres;43 Tarragona;3
101 Complicaciones de la atención médica y quirúrgica;Mujeres;44 Teruel;0
101 Complicaciones de la atención médica y quirúrgica;Mujeres;45 Toledo;0
101 Complicaciones de la atención médica y quirúrgica;Mujeres;46 Valencia/València;8
101 Complicaciones de la atención médica y quirúrgica;Mujeres;47 Valladolid;3
101 Complicaciones de la atención médica y quirúrgica;Mujeres;49 Zamora;2
101 Complicaciones de la atención médica y quirúrgica;Mujeres;50 Zaragoza;0
101 Complicaciones de la atención médica y quirúrgica;Mujeres;51 Ceuta;0
101 Complicaciones de la atención médica y quirúrgica;Mujeres;52 Melilla;0
101 Complicaciones de la atención médica y quirúrgica;Mujeres;Extranjero;4
102 Otras causas externas y sus efectos tardíos;Hombres;Total;56
102 Otras causas externas y sus efectos tardíos;Hombres;02 Albacete;0
102 Otras causas externas y sus efectos tardíos;Hombres;03 Alicante/Alacant;0
102 Otras causas externas y sus efectos tardíos;Hombres;04 Almería;0
102 Otras causas externas y sus efectos tardíos;Hombres;01 Araba/Álava;0
102 Otras causas externas y sus efectos tardíos;Hombres;33 Asturias;2
102 Otras causas externas y sus efectos tardíos;Hombres;05 Ávila;1
102 Otras causas externas y sus efectos tardíos;Hombres;06 Badajoz;0
102 Otras causas externas y sus efectos tardíos;Hombres;07 Balears, Illes;1
102 Otras causas externas y sus efectos tardíos;Hombres;08 Barcelona;4
102 Otras causas externas y sus efectos tardíos;Hombres;48 Bizkaia;4
102 Otras causas externas y sus efectos tardíos;Hombres;09 Burgos;0
102 Otras causas externas y sus efectos tardíos;Hombres;10 Cáceres;0
102 Otras causas externas y sus efectos tardíos;Hombres;11 Cádiz;0
102 Otras causas externas y sus efectos tardíos;Hombres;39 Cantabria;0
102 Otras causas externas y sus efectos tardíos;Hombres;12 Castellón/Castelló;1
102 Otras causas externas y sus efectos tardíos;Hombres;13 Ciudad Real;3
102 Otras causas externas y sus efectos tardíos;Hombres;14 Córdoba;2
102 Otras causas externas y sus efectos tardíos;Hombres;15 Coruña, A;4
102 Otras causas externas y sus efectos tardíos;Hombres;16 Cuenca;1
102 Otras causas externas y sus efectos tardíos;Hombres;20 Gipuzkoa;1
102 Otras causas externas y sus efectos tardíos;Hombres;17 Girona;0
102 Otras causas externas y sus efectos tardíos;Hombres;18 Granada;0
102 Otras causas externas y sus efectos tardíos;Hombres;19 Guadalajara;2
102 Otras causas externas y sus efectos tardíos;Hombres;21 Huelva;0
102 Otras causas externas y sus efectos tardíos;Hombres;22 Huesca;0
102 Otras causas externas y sus efectos tardíos;Hombres;23 Jaén;2
102 Otras causas externas y sus efectos tardíos;Hombres;24 León;0
102 Otras causas externas y sus efectos tardíos;Hombres;25 Lleida;0
102 Otras causas externas y sus efectos tardíos;Hombres;27 Lugo;1
102 Otras causas externas y sus efectos tardíos;Hombres;28 Madrid;2
102 Otras causas externas y sus efectos tardíos;Hombres;29 Málaga;5
102 Otras causas externas y sus efectos tardíos;Hombres;30 Murcia;5
102 Otras causas externas y sus efectos tardíos;Hombres;31 Navarra;2
102 Otras causas externas y sus efectos tardíos;Hombres;32 Ourense;0
102 Otras causas externas y sus efectos tardíos;Hombres;34 Palencia;0
102 Otras causas externas y sus efectos tardíos;Hombres;35 Palmas, Las;1
102 Otras causas externas y sus efectos tardíos;Hombres;36 Pontevedra;4
102 Otras causas externas y sus efectos tardíos;Hombres;26 Rioja, La;0
102 Otras causas externas y sus efectos tardíos;Hombres;37 Salamanca;0
102 Otras causas externas y sus efectos tardíos;Hombres;38 Santa Cruz de Tenerife;0
102 Otras causas externas y sus efectos tardíos;Hombres;40 Segovia;0
102 Otras causas externas y sus efectos tardíos;Hombres;41 Sevilla;3
102 Otras causas externas y sus efectos tardíos;Hombres;42 Soria;1
102 Otras causas externas y sus efectos tardíos;Hombres;43 Tarragona;1
102 Otras causas externas y sus efectos tardíos;Hombres;44 Teruel;0
102 Otras causas externas y sus efectos tardíos;Hombres;45 Toledo;2
102 Otras causas externas y sus efectos tardíos;Hombres;46 Valencia/València;1
102 Otras causas externas y sus efectos tardíos;Hombres;47 Valladolid;0
102 Otras causas externas y sus efectos tardíos;Hombres;49 Zamora;0
102 Otras causas externas y sus efectos tardíos;Hombres;50 Zaragoza;0
102 Otras causas externas y sus efectos tardíos;Hombres;51 Ceuta;0
102 Otras causas externas y sus efectos tardíos;Hombres;52 Melilla;0
102 Otras causas externas y sus efectos tardíos;Hombres;Extranjero;0
102 Otras causas externas y sus efectos tardíos;Mujeres;Total;24
102 Otras causas externas y sus efectos tardíos;Mujeres;02 Albacete;1
102 Otras causas externas y sus efectos tardíos;Mujeres;03 Alicante/Alacant;0
102 Otras causas externas y sus efectos tardíos;Mujeres;04 Almería;1
102 Otras causas externas y sus efectos tardíos;Mujeres;01 Araba/Álava;1
102 Otras causas externas y sus efectos tardíos;Mujeres;33 Asturias;1
102 Otras causas externas y sus efectos tardíos;Mujeres;05 Ávila;0
102 Otras causas externas y sus efectos tardíos;Mujeres;06 Badajoz;0
102 Otras causas externas y sus efectos tardíos;Mujeres;07 Balears, Illes;2
102 Otras causas externas y sus efectos tardíos;Mujeres;08 Barcelona;1
102 Otras causas externas y sus efectos tardíos;Mujeres;48 Bizkaia;0
102 Otras causas externas y sus efectos tardíos;Mujeres;09 Burgos;0
102 Otras causas externas y sus efectos tardíos;Mujeres;10 Cáceres;0
102 Otras causas externas y sus efectos tardíos;Mujeres;11 Cádiz;0
102 Otras causas externas y sus efectos tardíos;Mujeres;39 Cantabria;0
102 Otras causas externas y sus efectos tardíos;Mujeres;12 Castellón/Castelló;1
102 Otras causas externas y sus efectos tardíos;Mujeres;13 Ciudad Real;0
102 Otras causas externas y sus efectos tardíos;Mujeres;14 Córdoba;0
102 Otras causas externas y sus efectos tardíos;Mujeres;15 Coruña, A;4
102 Otras causas externas y sus efectos tardíos;Mujeres;16 Cuenca;0
102 Otras causas externas y sus efectos tardíos;Mujeres;20 Gipuzkoa;0
102 Otras causas externas y sus efectos tardíos;Mujeres;17 Girona;0
102 Otras causas externas y sus efectos tardíos;Mujeres;18 Granada;1
102 Otras causas externas y sus efectos tardíos;Mujeres;19 Guadalajara;0
102 Otras causas externas y sus efectos tardíos;Mujeres;21 Huelva;1
102 Otras causas externas y sus efectos tardíos;Mujeres;22 Huesca;0
102 Otras causas externas y sus efectos tardíos;Mujeres;23 Jaén;0
102 Otras causas externas y sus efectos tardíos;Mujeres;24 León;0
102 Otras causas externas y sus efectos tardíos;Mujeres;25 Lleida;1
102 Otras causas externas y sus efectos tardíos;Mujeres;27 Lugo;0
102 Otras causas externas y sus efectos tardíos;Mujeres;28 Madrid;4
102 Otras causas externas y sus efectos tardíos;Mujeres;29 Málaga;3
102 Otras causas externas y sus efectos tardíos;Mujeres;30 Murcia;0
102 Otras causas externas y sus efectos tardíos;Mujeres;31 Navarra;0
102 Otras causas externas y sus efectos tardíos;Mujeres;32 Ourense;0
102 Otras causas externas y sus efectos tardíos;Mujeres;34 Palencia;0
102 Otras causas externas y sus efectos tardíos;Mujeres;35 Palmas, Las;0
102 Otras causas externas y sus efectos tardíos;Mujeres;36 Pontevedra;1
102 Otras causas externas y sus efectos tardíos;Mujeres;26 Rioja, La;0
102 Otras causas externas y sus efectos tardíos;Mujeres;37 Salamanca;0
102 Otras causas externas y sus efectos tardíos;Mujeres;38 Santa Cruz de Tenerife;1
102 Otras causas externas y sus efectos tardíos;Mujeres;40 Segovia;0
102 Otras causas externas y sus efectos tardíos;Mujeres;41 Sevilla;0
102 Otras causas externas y sus efectos tardíos;Mujeres;42 Soria;0
102 Otras causas externas y sus efectos tardíos;Mujeres;43 Tarragona;0
102 Otras causas externas y sus efectos tardíos;Mujeres;44 Teruel;0
102 Otras causas externas y sus efectos tardíos;Mujeres;45 Toledo;0
102 Otras causas externas y sus efectos tardíos;Mujeres;46 Valencia/València;0
102 Otras causas externas y sus efectos tardíos;Mujeres;47 Valladolid;0
102 Otras causas externas y sus efectos tardíos;Mujeres;49 Zamora;0
102 Otras causas externas y sus efectos tardíos;Mujeres;50 Zaragoza;0
102 Otras causas externas y sus efectos tardíos;Mujeres;51 Ceuta;0
102 Otras causas externas y sus efectos tardíos;Mujeres;52 Melilla;0
102 Otras causas externas y sus efectos tardíos;Mujeres;Extranjero;0
