Nacional;Comunidades y Ciudades Autónomas;Causas (lista reducida);Edad;Sexo;Total
Total Nacional;01 Andalucía;001-008 I.Enfermedades infecciosas y parasitarias;De 1 a 14 años;Hombres;1
Total Nacional;01 Andalucía;001-008 I.Enfermedades infecciosas y parasitarias;De 1 a 14 años;Mujeres;2
Total Nacional;01 Andalucía;001-008 I.Enfermedades infecciosas y parasitarias;De 15 a 29 años;Hombres;6
Total Nacional;01 Andalucía;001-008 I.Enfermedades infecciosas y parasitarias;De 15 a 29 años;Mujeres;2
Total Nacional;01 Andalucía;001-008 I.Enfermedades infecciosas y parasitarias;De 30 a 39 años;Hombres;4
Total Nacional;01 Andalucía;001-008 I.Enfermedades infecciosas y parasitarias;De 30 a 39 años;Mujeres;3
Total Nacional;01 Andalucía;001-008 I.Enfermedades infecciosas y parasitarias;De 40 a 44 años;Hombres;6
Total Nacional;01 Andalucía;001-008 I.Enfermedades infecciosas y parasitarias;De 40 a 44 años;Mujeres;1
Total Nacional;01 Andalucía;001-008 I.Enfermedades infecciosas y parasitarias;De 45 a 49 años;Hombres;19
Total Nacional;01 Andalucía;001-008 I.Enfermedades infecciosas y parasitarias;De 45 a 49 años;Mujeres;5
Total Nacional;01 Andalucía;001-008 I.Enfermedades infecciosas y parasitarias;De 50 a 54 años;Hombres;33
Total Nacional;01 Andalucía;001-008 I.Enfermedades infecciosas y parasitarias;De 50 a 54 años;Mujeres;11
Total Nacional;01 Andalucía;001-008 I.Enfermedades infecciosas y parasitarias;De 55 a 59 años;Hombres;40
Total Nacional;01 Andalucía;001-008 I.Enfermedades infecciosas y parasitarias;De 55 a 59 años;Mujeres;23
Total Nacional;01 Andalucía;001-008 I.Enfermedades infecciosas y parasitarias;De 60 a 64 años;Hombres;55
Total Nacional;01 Andalucía;001-008 I.Enfermedades infecciosas y parasitarias;De 60 a 64 años;Mujeres;19
Total Nacional;01 Andalucía;001-008 I.Enfermedades infecciosas y parasitarias;De 65 a 69 años;Hombres;83
Total Nacional;01 Andalucía;001-008 I.Enfermedades infecciosas y parasitarias;De 65 a 69 años;Mujeres;41
Total Nacional;01 Andalucía;001-008 I.Enfermedades infecciosas y parasitarias;De 70 a 74 años;Hombres;84
Total Nacional;01 Andalucía;001-008 I.Enfermedades infecciosas y parasitarias;De 70 a 74 años;Mujeres;52
Total Nacional;01 Andalucía;001-008 I.Enfermedades infecciosas y parasitarias;De 75 a 79 años;Hombres;131
Total Nacional;01 Andalucía;001-008 I.Enfermedades infecciosas y parasitarias;De 75 a 79 años;Mujeres;108
Total Nacional;01 Andalucía;001-008 I.Enfermedades infecciosas y parasitarias;De 80 a 84 años;Hombres;187
Total Nacional;01 Andalucía;001-008 I.Enfermedades infecciosas y parasitarias;De 80 a 84 años;Mujeres;191
Total Nacional;01 Andalucía;001-008 I.Enfermedades infecciosas y parasitarias;De 85 a 89 años;Hombres;186
Total Nacional;01 Andalucía;001-008 I.Enfermedades infecciosas y parasitarias;De 85 a 89 años;Mujeres;229
Total Nacional;01 Andalucía;001-008 I.Enfermedades infecciosas y parasitarias;De 90 a 94 años;Hombres;122
Total Nacional;01 Andalucía;001-008 I.Enfermedades infecciosas y parasitarias;De 90 a 94 años;Mujeres;211
Total Nacional;01 Andalucía;001-008 I.Enfermedades infecciosas y parasitarias;De 95 años y más;Hombres;37
Total Nacional;01 Andalucía;001-008 I.Enfermedades infecciosas y parasitarias;De 95 años y más;Mujeres;86
Total Nacional;01 Andalucía;009-041 II.Tumores;De 1 a 14 años;Hombres;9
Total Nacional;01 Andalucía;009-041 II.Tumores;De 1 a 14 años;Mujeres;8
Total Nacional;01 Andalucía;009-041 II.Tumores;De 15 a 29 años;Hombres;32
Total Nacional;01 Andalucía;009-041 II.Tumores;De 15 a 29 años;Mujeres;31
Total Nacional;01 Andalucía;009-041 II.Tumores;De 30 a 39 años;Hombres;89
Total Nacional;01 Andalucía;009-041 II.Tumores;De 30 a 39 años;Mujeres;63
Total Nacional;01 Andalucía;009-041 II.Tumores;De 40 a 44 años;Hombres;73
Total Nacional;01 Andalucía;009-041 II.Tumores;De 40 a 44 años;Mujeres;107
Total Nacional;01 Andalucía;009-041 II.Tumores;De 45 a 49 años;Hombres;166
Total Nacional;01 Andalucía;009-041 II.Tumores;De 45 a 49 años;Mujeres;197
Total Nacional;01 Andalucía;009-041 II.Tumores;De 50 a 54 años;Hombres;352
Total Nacional;01 Andalucía;009-041 II.Tumores;De 50 a 54 años;Mujeres;320
Total Nacional;01 Andalucía;009-041 II.Tumores;De 55 a 59 años;Hombres;729
Total Nacional;01 Andalucía;009-041 II.Tumores;De 55 a 59 años;Mujeres;560
Total Nacional;01 Andalucía;009-041 II.Tumores;De 60 a 64 años;Hombres;1.179
Total Nacional;01 Andalucía;009-041 II.Tumores;De 60 a 64 años;Mujeres;681
Total Nacional;01 Andalucía;009-041 II.Tumores;De 65 a 69 años;Hombres;1.470
Total Nacional;01 Andalucía;009-041 II.Tumores;De 65 a 69 años;Mujeres;841
Total Nacional;01 Andalucía;009-041 II.Tumores;De 70 a 74 años;Hombres;1.664
Total Nacional;01 Andalucía;009-041 II.Tumores;De 70 a 74 años;Mujeres;896
Total Nacional;01 Andalucía;009-041 II.Tumores;De 75 a 79 años;Hombres;2.001
Total Nacional;01 Andalucía;009-041 II.Tumores;De 75 a 79 años;Mujeres;1.086
Total Nacional;01 Andalucía;009-041 II.Tumores;De 80 a 84 años;Hombres;1.695
Total Nacional;01 Andalucía;009-041 II.Tumores;De 80 a 84 años;Mujeres;1.091
Total Nacional;01 Andalucía;009-041 II.Tumores;De 85 a 89 años;Hombres;1.261
Total Nacional;01 Andalucía;009-041 II.Tumores;De 85 a 89 años;Mujeres;1.034
Total Nacional;01 Andalucía;009-041 II.Tumores;De 90 a 94 años;Hombres;588
Total Nacional;01 Andalucía;009-041 II.Tumores;De 90 a 94 años;Mujeres;576
Total Nacional;01 Andalucía;009-041 II.Tumores;De 95 años y más;Hombres;135
Total Nacional;01 Andalucía;009-041 II.Tumores;De 95 años y más;Mujeres;160
Total Nacional;01 Andalucía;050-052 VI-VIII.Enfermedades del sistema nervioso y de los órganos de los sentidos;De 1 a 14 años;Hombres;7
Total Nacional;01 Andalucía;050-052 VI-VIII.Enfermedades del sistema nervioso y de los órganos de los sentidos;De 1 a 14 años;Mujeres;4
Total Nacional;01 Andalucía;050-052 VI-VIII.Enfermedades del sistema nervioso y de los órganos de los sentidos;De 15 a 29 años;Hombres;10
Total Nacional;01 Andalucía;050-052 VI-VIII.Enfermedades del sistema nervioso y de los órganos de los sentidos;De 15 a 29 años;Mujeres;9
Total Nacional;01 Andalucía;050-052 VI-VIII.Enfermedades del sistema nervioso y de los órganos de los sentidos;De 30 a 39 años;Hombres;12
Total Nacional;01 Andalucía;050-052 VI-VIII.Enfermedades del sistema nervioso y de los órganos de los sentidos;De 30 a 39 años;Mujeres;11
Total Nacional;01 Andalucía;050-052 VI-VIII.Enfermedades del sistema nervioso y de los órganos de los sentidos;De 40 a 44 años;Hombres;20
Total Nacional;01 Andalucía;050-052 VI-VIII.Enfermedades del sistema nervioso y de los órganos de los sentidos;De 40 a 44 años;Mujeres;8
Total Nacional;01 Andalucía;050-052 VI-VIII.Enfermedades del sistema nervioso y de los órganos de los sentidos;De 45 a 49 años;Hombres;20
Total Nacional;01 Andalucía;050-052 VI-VIII.Enfermedades del sistema nervioso y de los órganos de los sentidos;De 45 a 49 años;Mujeres;9
Total Nacional;01 Andalucía;050-052 VI-VIII.Enfermedades del sistema nervioso y de los órganos de los sentidos;De 50 a 54 años;Hombres;23
Total Nacional;01 Andalucía;050-052 VI-VIII.Enfermedades del sistema nervioso y de los órganos de los sentidos;De 50 a 54 años;Mujeres;23
Total Nacional;01 Andalucía;050-052 VI-VIII.Enfermedades del sistema nervioso y de los órganos de los sentidos;De 55 a 59 años;Hombres;50
Total Nacional;01 Andalucía;050-052 VI-VIII.Enfermedades del sistema nervioso y de los órganos de los sentidos;De 55 a 59 años;Mujeres;34
Total Nacional;01 Andalucía;050-052 VI-VIII.Enfermedades del sistema nervioso y de los órganos de los sentidos;De 60 a 64 años;Hombres;82
Total Nacional;01 Andalucía;050-052 VI-VIII.Enfermedades del sistema nervioso y de los órganos de los sentidos;De 60 a 64 años;Mujeres;67
Total Nacional;01 Andalucía;050-052 VI-VIII.Enfermedades del sistema nervioso y de los órganos de los sentidos;De 65 a 69 años;Hombres;130
Total Nacional;01 Andalucía;050-052 VI-VIII.Enfermedades del sistema nervioso y de los órganos de los sentidos;De 65 a 69 años;Mujeres;106
Total Nacional;01 Andalucía;050-052 VI-VIII.Enfermedades del sistema nervioso y de los órganos de los sentidos;De 70 a 74 años;Hombres;171
Total Nacional;01 Andalucía;050-052 VI-VIII.Enfermedades del sistema nervioso y de los órganos de los sentidos;De 70 a 74 años;Mujeres;162
Total Nacional;01 Andalucía;050-052 VI-VIII.Enfermedades del sistema nervioso y de los órganos de los sentidos;De 75 a 79 años;Hombres;330
Total Nacional;01 Andalucía;050-052 VI-VIII.Enfermedades del sistema nervioso y de los órganos de los sentidos;De 75 a 79 años;Mujeres;318
Total Nacional;01 Andalucía;050-052 VI-VIII.Enfermedades del sistema nervioso y de los órganos de los sentidos;De 80 a 84 años;Hombres;389
Total Nacional;01 Andalucía;050-052 VI-VIII.Enfermedades del sistema nervioso y de los órganos de los sentidos;De 80 a 84 años;Mujeres;555
Total Nacional;01 Andalucía;050-052 VI-VIII.Enfermedades del sistema nervioso y de los órganos de los sentidos;De 85 a 89 años;Hombres;342
Total Nacional;01 Andalucía;050-052 VI-VIII.Enfermedades del sistema nervioso y de los órganos de los sentidos;De 85 a 89 años;Mujeres;682
Total Nacional;01 Andalucía;050-052 VI-VIII.Enfermedades del sistema nervioso y de los órganos de los sentidos;De 90 a 94 años;Hombres;210
Total Nacional;01 Andalucía;050-052 VI-VIII.Enfermedades del sistema nervioso y de los órganos de los sentidos;De 90 a 94 años;Mujeres;486
Total Nacional;01 Andalucía;050-052 VI-VIII.Enfermedades del sistema nervioso y de los órganos de los sentidos;De 95 años y más;Hombres;40
Total Nacional;01 Andalucía;050-052 VI-VIII.Enfermedades del sistema nervioso y de los órganos de los sentidos;De 95 años y más;Mujeres;181
Total Nacional;01 Andalucía;053-061 IX.Enfermedades del sistema circulatorio;De 1 a 14 años;Hombres;3
Total Nacional;01 Andalucía;053-061 IX.Enfermedades del sistema circulatorio;De 1 a 14 años;Mujeres;1
Total Nacional;01 Andalucía;053-061 IX.Enfermedades del sistema circulatorio;De 15 a 29 años;Hombres;18
Total Nacional;01 Andalucía;053-061 IX.Enfermedades del sistema circulatorio;De 15 a 29 años;Mujeres;14
Total Nacional;01 Andalucía;053-061 IX.Enfermedades del sistema circulatorio;De 30 a 39 años;Hombres;52
Total Nacional;01 Andalucía;053-061 IX.Enfermedades del sistema circulatorio;De 30 a 39 años;Mujeres;17
Total Nacional;01 Andalucía;053-061 IX.Enfermedades del sistema circulatorio;De 40 a 44 años;Hombres;80
Total Nacional;01 Andalucía;053-061 IX.Enfermedades del sistema circulatorio;De 40 a 44 años;Mujeres;29
Total Nacional;01 Andalucía;053-061 IX.Enfermedades del sistema circulatorio;De 45 a 49 años;Hombres;153
Total Nacional;01 Andalucía;053-061 IX.Enfermedades del sistema circulatorio;De 45 a 49 años;Mujeres;55
Total Nacional;01 Andalucía;053-061 IX.Enfermedades del sistema circulatorio;De 50 a 54 años;Hombres;290
Total Nacional;01 Andalucía;053-061 IX.Enfermedades del sistema circulatorio;De 50 a 54 años;Mujeres;81
Total Nacional;01 Andalucía;053-061 IX.Enfermedades del sistema circulatorio;De 55 a 59 años;Hombres;440
Total Nacional;01 Andalucía;053-061 IX.Enfermedades del sistema circulatorio;De 55 a 59 años;Mujeres;140
Total Nacional;01 Andalucía;053-061 IX.Enfermedades del sistema circulatorio;De 60 a 64 años;Hombres;638
Total Nacional;01 Andalucía;053-061 IX.Enfermedades del sistema circulatorio;De 60 a 64 años;Mujeres;226
Total Nacional;01 Andalucía;053-061 IX.Enfermedades del sistema circulatorio;De 65 a 69 años;Hombres;750
Total Nacional;01 Andalucía;053-061 IX.Enfermedades del sistema circulatorio;De 65 a 69 años;Mujeres;273
Total Nacional;01 Andalucía;053-061 IX.Enfermedades del sistema circulatorio;De 70 a 74 años;Hombres;935
Total Nacional;01 Andalucía;053-061 IX.Enfermedades del sistema circulatorio;De 70 a 74 años;Mujeres;473
Total Nacional;01 Andalucía;053-061 IX.Enfermedades del sistema circulatorio;De 75 a 79 años;Hombres;1.290
Total Nacional;01 Andalucía;053-061 IX.Enfermedades del sistema circulatorio;De 75 a 79 años;Mujeres;830
Total Nacional;01 Andalucía;053-061 IX.Enfermedades del sistema circulatorio;De 80 a 84 años;Hombres;1.539
Total Nacional;01 Andalucía;053-061 IX.Enfermedades del sistema circulatorio;De 80 a 84 años;Mujeres;1.508
Total Nacional;01 Andalucía;053-061 IX.Enfermedades del sistema circulatorio;De 85 a 89 años;Hombres;1.649
Total Nacional;01 Andalucía;053-061 IX.Enfermedades del sistema circulatorio;De 85 a 89 años;Mujeres;2.546
Total Nacional;01 Andalucía;053-061 IX.Enfermedades del sistema circulatorio;De 90 a 94 años;Hombres;1.266
Total Nacional;01 Andalucía;053-061 IX.Enfermedades del sistema circulatorio;De 90 a 94 años;Mujeres;2.668
Total Nacional;01 Andalucía;053-061 IX.Enfermedades del sistema circulatorio;De 95 años y más;Hombres;432
Total Nacional;01 Andalucía;053-061 IX.Enfermedades del sistema circulatorio;De 95 años y más;Mujeres;1.287
Total Nacional;01 Andalucía;062-067 X.Enfermedades del sistema respiratorio;De 1 a 14 años;Hombres;2
Total Nacional;01 Andalucía;062-067 X.Enfermedades del sistema respiratorio;De 1 a 14 años;Mujeres;1
Total Nacional;01 Andalucía;062-067 X.Enfermedades del sistema respiratorio;De 15 a 29 años;Hombres;16
Total Nacional;01 Andalucía;062-067 X.Enfermedades del sistema respiratorio;De 15 a 29 años;Mujeres;8
Total Nacional;01 Andalucía;062-067 X.Enfermedades del sistema respiratorio;De 30 a 39 años;Hombres;33
Total Nacional;01 Andalucía;062-067 X.Enfermedades del sistema respiratorio;De 30 a 39 años;Mujeres;6
Total Nacional;01 Andalucía;062-067 X.Enfermedades del sistema respiratorio;De 40 a 44 años;Hombres;24
Total Nacional;01 Andalucía;062-067 X.Enfermedades del sistema respiratorio;De 40 a 44 años;Mujeres;12
Total Nacional;01 Andalucía;062-067 X.Enfermedades del sistema respiratorio;De 45 a 49 años;Hombres;45
Total Nacional;01 Andalucía;062-067 X.Enfermedades del sistema respiratorio;De 45 a 49 años;Mujeres;21
Total Nacional;01 Andalucía;062-067 X.Enfermedades del sistema respiratorio;De 50 a 54 años;Hombres;86
Total Nacional;01 Andalucía;062-067 X.Enfermedades del sistema respiratorio;De 50 a 54 años;Mujeres;26
Total Nacional;01 Andalucía;062-067 X.Enfermedades del sistema respiratorio;De 55 a 59 años;Hombres;142
Total Nacional;01 Andalucía;062-067 X.Enfermedades del sistema respiratorio;De 55 a 59 años;Mujeres;48
Total Nacional;01 Andalucía;062-067 X.Enfermedades del sistema respiratorio;De 60 a 64 años;Hombres;192
Total Nacional;01 Andalucía;062-067 X.Enfermedades del sistema respiratorio;De 60 a 64 años;Mujeres;92
Total Nacional;01 Andalucía;062-067 X.Enfermedades del sistema respiratorio;De 65 a 69 años;Hombres;279
Total Nacional;01 Andalucía;062-067 X.Enfermedades del sistema respiratorio;De 65 a 69 años;Mujeres;133
Total Nacional;01 Andalucía;062-067 X.Enfermedades del sistema respiratorio;De 70 a 74 años;Hombres;404
Total Nacional;01 Andalucía;062-067 X.Enfermedades del sistema respiratorio;De 70 a 74 años;Mujeres;168
Total Nacional;01 Andalucía;062-067 X.Enfermedades del sistema respiratorio;De 75 a 79 años;Hombres;618
Total Nacional;01 Andalucía;062-067 X.Enfermedades del sistema respiratorio;De 75 a 79 años;Mujeres;297
Total Nacional;01 Andalucía;062-067 X.Enfermedades del sistema respiratorio;De 80 a 84 años;Hombres;836
Total Nacional;01 Andalucía;062-067 X.Enfermedades del sistema respiratorio;De 80 a 84 años;Mujeres;475
Total Nacional;01 Andalucía;062-067 X.Enfermedades del sistema respiratorio;De 85 a 89 años;Hombres;952
Total Nacional;01 Andalucía;062-067 X.Enfermedades del sistema respiratorio;De 85 a 89 años;Mujeres;800
Total Nacional;01 Andalucía;062-067 X.Enfermedades del sistema respiratorio;De 90 a 94 años;Hombres;690
Total Nacional;01 Andalucía;062-067 X.Enfermedades del sistema respiratorio;De 90 a 94 años;Mujeres;915
Total Nacional;01 Andalucía;062-067 X.Enfermedades del sistema respiratorio;De 95 años y más;Hombres;231
Total Nacional;01 Andalucía;062-067 X.Enfermedades del sistema respiratorio;De 95 años y más;Mujeres;455
Total Nacional;01 Andalucía;068-072 XI.Enfermedades del sistema digestivo;De 1 a 14 años;Hombres;1
Total Nacional;01 Andalucía;068-072 XI.Enfermedades del sistema digestivo;De 1 a 14 años;Mujeres;2
Total Nacional;01 Andalucía;068-072 XI.Enfermedades del sistema digestivo;De 15 a 29 años;Hombres;3
Total Nacional;01 Andalucía;068-072 XI.Enfermedades del sistema digestivo;De 15 a 29 años;Mujeres;2
Total Nacional;01 Andalucía;068-072 XI.Enfermedades del sistema digestivo;De 30 a 39 años;Hombres;10
Total Nacional;01 Andalucía;068-072 XI.Enfermedades del sistema digestivo;De 30 a 39 años;Mujeres;11
Total Nacional;01 Andalucía;068-072 XI.Enfermedades del sistema digestivo;De 40 a 44 años;Hombres;13
Total Nacional;01 Andalucía;068-072 XI.Enfermedades del sistema digestivo;De 40 a 44 años;Mujeres;9
Total Nacional;01 Andalucía;068-072 XI.Enfermedades del sistema digestivo;De 45 a 49 años;Hombres;50
Total Nacional;01 Andalucía;068-072 XI.Enfermedades del sistema digestivo;De 45 a 49 años;Mujeres;16
Total Nacional;01 Andalucía;068-072 XI.Enfermedades del sistema digestivo;De 50 a 54 años;Hombres;92
Total Nacional;01 Andalucía;068-072 XI.Enfermedades del sistema digestivo;De 50 a 54 años;Mujeres;30
Total Nacional;01 Andalucía;068-072 XI.Enfermedades del sistema digestivo;De 55 a 59 años;Hombres;168
Total Nacional;01 Andalucía;068-072 XI.Enfermedades del sistema digestivo;De 55 a 59 años;Mujeres;65
Total Nacional;01 Andalucía;068-072 XI.Enfermedades del sistema digestivo;De 60 a 64 años;Hombres;233
Total Nacional;01 Andalucía;068-072 XI.Enfermedades del sistema digestivo;De 60 a 64 años;Mujeres;83
Total Nacional;01 Andalucía;068-072 XI.Enfermedades del sistema digestivo;De 65 a 69 años;Hombres;256
Total Nacional;01 Andalucía;068-072 XI.Enfermedades del sistema digestivo;De 65 a 69 años;Mujeres;83
Total Nacional;01 Andalucía;068-072 XI.Enfermedades del sistema digestivo;De 70 a 74 años;Hombres;226
Total Nacional;01 Andalucía;068-072 XI.Enfermedades del sistema digestivo;De 70 a 74 años;Mujeres;139
Total Nacional;01 Andalucía;068-072 XI.Enfermedades del sistema digestivo;De 75 a 79 años;Hombres;263
Total Nacional;01 Andalucía;068-072 XI.Enfermedades del sistema digestivo;De 75 a 79 años;Mujeres;199
Total Nacional;01 Andalucía;068-072 XI.Enfermedades del sistema digestivo;De 80 a 84 años;Hombres;307
Total Nacional;01 Andalucía;068-072 XI.Enfermedades del sistema digestivo;De 80 a 84 años;Mujeres;318
Total Nacional;01 Andalucía;068-072 XI.Enfermedades del sistema digestivo;De 85 a 89 años;Hombres;279
Total Nacional;01 Andalucía;068-072 XI.Enfermedades del sistema digestivo;De 85 a 89 años;Mujeres;447
Total Nacional;01 Andalucía;068-072 XI.Enfermedades del sistema digestivo;De 90 a 94 años;Hombres;221
Total Nacional;01 Andalucía;068-072 XI.Enfermedades del sistema digestivo;De 90 a 94 años;Mujeres;377
Total Nacional;01 Andalucía;068-072 XI.Enfermedades del sistema digestivo;De 95 años y más;Hombres;68
Total Nacional;01 Andalucía;068-072 XI.Enfermedades del sistema digestivo;De 95 años y más;Mujeres;140
Total Nacional;01 Andalucía;073 XII.Enfermedades de la piel y del tejido subcutáneo;De 1 a 14 años;Hombres;0
Total Nacional;01 Andalucía;073 XII.Enfermedades de la piel y del tejido subcutáneo;De 1 a 14 años;Mujeres;0
Total Nacional;01 Andalucía;073 XII.Enfermedades de la piel y del tejido subcutáneo;De 15 a 29 años;Hombres;0
Total Nacional;01 Andalucía;073 XII.Enfermedades de la piel y del tejido subcutáneo;De 15 a 29 años;Mujeres;0
Total Nacional;01 Andalucía;073 XII.Enfermedades de la piel y del tejido subcutáneo;De 30 a 39 años;Hombres;0
Total Nacional;01 Andalucía;073 XII.Enfermedades de la piel y del tejido subcutáneo;De 30 a 39 años;Mujeres;0
Total Nacional;01 Andalucía;073 XII.Enfermedades de la piel y del tejido subcutáneo;De 40 a 44 años;Hombres;0
Total Nacional;01 Andalucía;073 XII.Enfermedades de la piel y del tejido subcutáneo;De 40 a 44 años;Mujeres;1
Total Nacional;01 Andalucía;073 XII.Enfermedades de la piel y del tejido subcutáneo;De 45 a 49 años;Hombres;0
Total Nacional;01 Andalucía;073 XII.Enfermedades de la piel y del tejido subcutáneo;De 45 a 49 años;Mujeres;0
Total Nacional;01 Andalucía;073 XII.Enfermedades de la piel y del tejido subcutáneo;De 50 a 54 años;Hombres;1
Total Nacional;01 Andalucía;073 XII.Enfermedades de la piel y del tejido subcutáneo;De 50 a 54 años;Mujeres;1
Total Nacional;01 Andalucía;073 XII.Enfermedades de la piel y del tejido subcutáneo;De 55 a 59 años;Hombres;1
Total Nacional;01 Andalucía;073 XII.Enfermedades de la piel y del tejido subcutáneo;De 55 a 59 años;Mujeres;0
Total Nacional;01 Andalucía;073 XII.Enfermedades de la piel y del tejido subcutáneo;De 60 a 64 años;Hombres;1
Total Nacional;01 Andalucía;073 XII.Enfermedades de la piel y del tejido subcutáneo;De 60 a 64 años;Mujeres;0
Total Nacional;01 Andalucía;073 XII.Enfermedades de la piel y del tejido subcutáneo;De 65 a 69 años;Hombres;1
Total Nacional;01 Andalucía;073 XII.Enfermedades de la piel y del tejido subcutáneo;De 65 a 69 años;Mujeres;2
Total Nacional;01 Andalucía;073 XII.Enfermedades de la piel y del tejido subcutáneo;De 70 a 74 años;Hombres;7
Total Nacional;01 Andalucía;073 XII.Enfermedades de la piel y del tejido subcutáneo;De 70 a 74 años;Mujeres;4
Total Nacional;01 Andalucía;073 XII.Enfermedades de la piel y del tejido subcutáneo;De 75 a 79 años;Hombres;10
Total Nacional;01 Andalucía;073 XII.Enfermedades de la piel y del tejido subcutáneo;De 75 a 79 años;Mujeres;7
Total Nacional;01 Andalucía;073 XII.Enfermedades de la piel y del tejido subcutáneo;De 80 a 84 años;Hombres;9
Total Nacional;01 Andalucía;073 XII.Enfermedades de la piel y del tejido subcutáneo;De 80 a 84 años;Mujeres;11
Total Nacional;01 Andalucía;073 XII.Enfermedades de la piel y del tejido subcutáneo;De 85 a 89 años;Hombres;17
Total Nacional;01 Andalucía;073 XII.Enfermedades de la piel y del tejido subcutáneo;De 85 a 89 años;Mujeres;23
Total Nacional;01 Andalucía;073 XII.Enfermedades de la piel y del tejido subcutáneo;De 90 a 94 años;Hombres;16
Total Nacional;01 Andalucía;073 XII.Enfermedades de la piel y del tejido subcutáneo;De 90 a 94 años;Mujeres;43
Total Nacional;01 Andalucía;073 XII.Enfermedades de la piel y del tejido subcutáneo;De 95 años y más;Hombres;6
Total Nacional;01 Andalucía;073 XII.Enfermedades de la piel y del tejido subcutáneo;De 95 años y más;Mujeres;16
Total Nacional;01 Andalucía;074-076 XIII.Enfermedades del sistema osteomuscular y del tejido conjuntivo;De 1 a 14 años;Hombres;0
Total Nacional;01 Andalucía;074-076 XIII.Enfermedades del sistema osteomuscular y del tejido conjuntivo;De 1 a 14 años;Mujeres;0
Total Nacional;01 Andalucía;074-076 XIII.Enfermedades del sistema osteomuscular y del tejido conjuntivo;De 15 a 29 años;Hombres;0
Total Nacional;01 Andalucía;074-076 XIII.Enfermedades del sistema osteomuscular y del tejido conjuntivo;De 15 a 29 años;Mujeres;0
Total Nacional;01 Andalucía;074-076 XIII.Enfermedades del sistema osteomuscular y del tejido conjuntivo;De 30 a 39 años;Hombres;0
Total Nacional;01 Andalucía;074-076 XIII.Enfermedades del sistema osteomuscular y del tejido conjuntivo;De 30 a 39 años;Mujeres;0
Total Nacional;01 Andalucía;074-076 XIII.Enfermedades del sistema osteomuscular y del tejido conjuntivo;De 40 a 44 años;Hombres;1
Total Nacional;01 Andalucía;074-076 XIII.Enfermedades del sistema osteomuscular y del tejido conjuntivo;De 40 a 44 años;Mujeres;1
Total Nacional;01 Andalucía;074-076 XIII.Enfermedades del sistema osteomuscular y del tejido conjuntivo;De 45 a 49 años;Hombres;2
Total Nacional;01 Andalucía;074-076 XIII.Enfermedades del sistema osteomuscular y del tejido conjuntivo;De 45 a 49 años;Mujeres;0
Total Nacional;01 Andalucía;074-076 XIII.Enfermedades del sistema osteomuscular y del tejido conjuntivo;De 50 a 54 años;Hombres;2
Total Nacional;01 Andalucía;074-076 XIII.Enfermedades del sistema osteomuscular y del tejido conjuntivo;De 50 a 54 años;Mujeres;4
Total Nacional;01 Andalucía;074-076 XIII.Enfermedades del sistema osteomuscular y del tejido conjuntivo;De 55 a 59 años;Hombres;3
Total Nacional;01 Andalucía;074-076 XIII.Enfermedades del sistema osteomuscular y del tejido conjuntivo;De 55 a 59 años;Mujeres;6
Total Nacional;01 Andalucía;074-076 XIII.Enfermedades del sistema osteomuscular y del tejido conjuntivo;De 60 a 64 años;Hombres;4
Total Nacional;01 Andalucía;074-076 XIII.Enfermedades del sistema osteomuscular y del tejido conjuntivo;De 60 a 64 años;Mujeres;3
Total Nacional;01 Andalucía;074-076 XIII.Enfermedades del sistema osteomuscular y del tejido conjuntivo;De 65 a 69 años;Hombres;11
Total Nacional;01 Andalucía;074-076 XIII.Enfermedades del sistema osteomuscular y del tejido conjuntivo;De 65 a 69 años;Mujeres;8
Total Nacional;01 Andalucía;074-076 XIII.Enfermedades del sistema osteomuscular y del tejido conjuntivo;De 70 a 74 años;Hombres;12
Total Nacional;01 Andalucía;074-076 XIII.Enfermedades del sistema osteomuscular y del tejido conjuntivo;De 70 a 74 años;Mujeres;22
Total Nacional;01 Andalucía;074-076 XIII.Enfermedades del sistema osteomuscular y del tejido conjuntivo;De 75 a 79 años;Hombres;25
Total Nacional;01 Andalucía;074-076 XIII.Enfermedades del sistema osteomuscular y del tejido conjuntivo;De 75 a 79 años;Mujeres;40
Total Nacional;01 Andalucía;074-076 XIII.Enfermedades del sistema osteomuscular y del tejido conjuntivo;De 80 a 84 años;Hombres;54
Total Nacional;01 Andalucía;074-076 XIII.Enfermedades del sistema osteomuscular y del tejido conjuntivo;De 80 a 84 años;Mujeres;82
Total Nacional;01 Andalucía;074-076 XIII.Enfermedades del sistema osteomuscular y del tejido conjuntivo;De 85 a 89 años;Hombres;67
Total Nacional;01 Andalucía;074-076 XIII.Enfermedades del sistema osteomuscular y del tejido conjuntivo;De 85 a 89 años;Mujeres;130
Total Nacional;01 Andalucía;074-076 XIII.Enfermedades del sistema osteomuscular y del tejido conjuntivo;De 90 a 94 años;Hombres;49
Total Nacional;01 Andalucía;074-076 XIII.Enfermedades del sistema osteomuscular y del tejido conjuntivo;De 90 a 94 años;Mujeres;127
Total Nacional;01 Andalucía;074-076 XIII.Enfermedades del sistema osteomuscular y del tejido conjuntivo;De 95 años y más;Hombres;28
Total Nacional;01 Andalucía;074-076 XIII.Enfermedades del sistema osteomuscular y del tejido conjuntivo;De 95 años y más;Mujeres;94
Total Nacional;01 Andalucía;077-080 XIV.Enfermedades del sistema genitourinario;De 1 a 14 años;Hombres;0
Total Nacional;01 Andalucía;077-080 XIV.Enfermedades del sistema genitourinario;De 1 a 14 años;Mujeres;0
Total Nacional;01 Andalucía;077-080 XIV.Enfermedades del sistema genitourinario;De 15 a 29 años;Hombres;1
Total Nacional;01 Andalucía;077-080 XIV.Enfermedades del sistema genitourinario;De 15 a 29 años;Mujeres;0
Total Nacional;01 Andalucía;077-080 XIV.Enfermedades del sistema genitourinario;De 30 a 39 años;Hombres;1
Total Nacional;01 Andalucía;077-080 XIV.Enfermedades del sistema genitourinario;De 30 a 39 años;Mujeres;2
Total Nacional;01 Andalucía;077-080 XIV.Enfermedades del sistema genitourinario;De 40 a 44 años;Hombres;2
Total Nacional;01 Andalucía;077-080 XIV.Enfermedades del sistema genitourinario;De 40 a 44 años;Mujeres;1
Total Nacional;01 Andalucía;077-080 XIV.Enfermedades del sistema genitourinario;De 45 a 49 años;Hombres;7
Total Nacional;01 Andalucía;077-080 XIV.Enfermedades del sistema genitourinario;De 45 a 49 años;Mujeres;1
Total Nacional;01 Andalucía;077-080 XIV.Enfermedades del sistema genitourinario;De 50 a 54 años;Hombres;4
Total Nacional;01 Andalucía;077-080 XIV.Enfermedades del sistema genitourinario;De 50 a 54 años;Mujeres;4
Total Nacional;01 Andalucía;077-080 XIV.Enfermedades del sistema genitourinario;De 55 a 59 años;Hombres;15
Total Nacional;01 Andalucía;077-080 XIV.Enfermedades del sistema genitourinario;De 55 a 59 años;Mujeres;8
Total Nacional;01 Andalucía;077-080 XIV.Enfermedades del sistema genitourinario;De 60 a 64 años;Hombres;29
Total Nacional;01 Andalucía;077-080 XIV.Enfermedades del sistema genitourinario;De 60 a 64 años;Mujeres;15
Total Nacional;01 Andalucía;077-080 XIV.Enfermedades del sistema genitourinario;De 65 a 69 años;Hombres;48
Total Nacional;01 Andalucía;077-080 XIV.Enfermedades del sistema genitourinario;De 65 a 69 años;Mujeres;36
Total Nacional;01 Andalucía;077-080 XIV.Enfermedades del sistema genitourinario;De 70 a 74 años;Hombres;99
Total Nacional;01 Andalucía;077-080 XIV.Enfermedades del sistema genitourinario;De 70 a 74 años;Mujeres;69
Total Nacional;01 Andalucía;077-080 XIV.Enfermedades del sistema genitourinario;De 75 a 79 años;Hombres;170
Total Nacional;01 Andalucía;077-080 XIV.Enfermedades del sistema genitourinario;De 75 a 79 años;Mujeres;145
Total Nacional;01 Andalucía;077-080 XIV.Enfermedades del sistema genitourinario;De 80 a 84 años;Hombres;266
Total Nacional;01 Andalucía;077-080 XIV.Enfermedades del sistema genitourinario;De 80 a 84 años;Mujeres;250
Total Nacional;01 Andalucía;077-080 XIV.Enfermedades del sistema genitourinario;De 85 a 89 años;Hombres;321
Total Nacional;01 Andalucía;077-080 XIV.Enfermedades del sistema genitourinario;De 85 a 89 años;Mujeres;418
Total Nacional;01 Andalucía;077-080 XIV.Enfermedades del sistema genitourinario;De 90 a 94 años;Hombres;267
Total Nacional;01 Andalucía;077-080 XIV.Enfermedades del sistema genitourinario;De 90 a 94 años;Mujeres;452
Total Nacional;01 Andalucía;077-080 XIV.Enfermedades del sistema genitourinario;De 95 años y más;Hombres;95
Total Nacional;01 Andalucía;077-080 XIV.Enfermedades del sistema genitourinario;De 95 años y más;Mujeres;183
Total Nacional;01 Andalucía;081 XV.Embarazo, parto y puerperio;De 1 a 14 años;Hombres;0
Total Nacional;01 Andalucía;081 XV.Embarazo, parto y puerperio;De 1 a 14 años;Mujeres;0
Total Nacional;01 Andalucía;081 XV.Embarazo, parto y puerperio;De 15 a 29 años;Hombres;0
Total Nacional;01 Andalucía;081 XV.Embarazo, parto y puerperio;De 15 a 29 años;Mujeres;0
Total Nacional;01 Andalucía;081 XV.Embarazo, parto y puerperio;De 30 a 39 años;Hombres;0
Total Nacional;01 Andalucía;081 XV.Embarazo, parto y puerperio;De 30 a 39 años;Mujeres;3
Total Nacional;01 Andalucía;081 XV.Embarazo, parto y puerperio;De 40 a 44 años;Hombres;0
Total Nacional;01 Andalucía;081 XV.Embarazo, parto y puerperio;De 40 a 44 años;Mujeres;1
Total Nacional;01 Andalucía;081 XV.Embarazo, parto y puerperio;De 45 a 49 años;Hombres;0
Total Nacional;01 Andalucía;081 XV.Embarazo, parto y puerperio;De 45 a 49 años;Mujeres;0
Total Nacional;01 Andalucía;081 XV.Embarazo, parto y puerperio;De 50 a 54 años;Hombres;0
Total Nacional;01 Andalucía;081 XV.Embarazo, parto y puerperio;De 50 a 54 años;Mujeres;0
Total Nacional;01 Andalucía;081 XV.Embarazo, parto y puerperio;De 55 a 59 años;Hombres;0
Total Nacional;01 Andalucía;081 XV.Embarazo, parto y puerperio;De 55 a 59 años;Mujeres;0
Total Nacional;01 Andalucía;081 XV.Embarazo, parto y puerperio;De 60 a 64 años;Hombres;0
Total Nacional;01 Andalucía;081 XV.Embarazo, parto y puerperio;De 60 a 64 años;Mujeres;0
Total Nacional;01 Andalucía;081 XV.Embarazo, parto y puerperio;De 65 a 69 años;Hombres;0
Total Nacional;01 Andalucía;081 XV.Embarazo, parto y puerperio;De 65 a 69 años;Mujeres;0
Total Nacional;01 Andalucía;081 XV.Embarazo, parto y puerperio;De 70 a 74 años;Hombres;0
Total Nacional;01 Andalucía;081 XV.Embarazo, parto y puerperio;De 70 a 74 años;Mujeres;0
Total Nacional;01 Andalucía;081 XV.Embarazo, parto y puerperio;De 75 a 79 años;Hombres;0
Total Nacional;01 Andalucía;081 XV.Embarazo, parto y puerperio;De 75 a 79 años;Mujeres;0
Total Nacional;01 Andalucía;081 XV.Embarazo, parto y puerperio;De 80 a 84 años;Hombres;0
Total Nacional;01 Andalucía;081 XV.Embarazo, parto y puerperio;De 80 a 84 años;Mujeres;0
Total Nacional;01 Andalucía;081 XV.Embarazo, parto y puerperio;De 85 a 89 años;Hombres;0
Total Nacional;01 Andalucía;081 XV.Embarazo, parto y puerperio;De 85 a 89 años;Mujeres;0
Total Nacional;01 Andalucía;081 XV.Embarazo, parto y puerperio;De 90 a 94 años;Hombres;0
Total Nacional;01 Andalucía;081 XV.Embarazo, parto y puerperio;De 90 a 94 años;Mujeres;0
Total Nacional;01 Andalucía;081 XV.Embarazo, parto y puerperio;De 95 años y más;Hombres;0
Total Nacional;01 Andalucía;081 XV.Embarazo, parto y puerperio;De 95 años y más;Mujeres;0
Total Nacional;01 Andalucía;082 XVI.Afecciones originadas en el periodo perinatal;De 1 a 14 años;Hombres;0
Total Nacional;01 Andalucía;082 XVI.Afecciones originadas en el periodo perinatal;De 1 a 14 años;Mujeres;1
Total Nacional;01 Andalucía;082 XVI.Afecciones originadas en el periodo perinatal;De 15 a 29 años;Hombres;1
Total Nacional;01 Andalucía;082 XVI.Afecciones originadas en el periodo perinatal;De 15 a 29 años;Mujeres;2
Total Nacional;01 Andalucía;082 XVI.Afecciones originadas en el periodo perinatal;De 30 a 39 años;Hombres;0
Total Nacional;01 Andalucía;082 XVI.Afecciones originadas en el periodo perinatal;De 30 a 39 años;Mujeres;0
Total Nacional;01 Andalucía;082 XVI.Afecciones originadas en el periodo perinatal;De 40 a 44 años;Hombres;0
Total Nacional;01 Andalucía;082 XVI.Afecciones originadas en el periodo perinatal;De 40 a 44 años;Mujeres;1
Total Nacional;01 Andalucía;082 XVI.Afecciones originadas en el periodo perinatal;De 45 a 49 años;Hombres;0
Total Nacional;01 Andalucía;082 XVI.Afecciones originadas en el periodo perinatal;De 45 a 49 años;Mujeres;1
Total Nacional;01 Andalucía;082 XVI.Afecciones originadas en el periodo perinatal;De 50 a 54 años;Hombres;0
Total Nacional;01 Andalucía;082 XVI.Afecciones originadas en el periodo perinatal;De 50 a 54 años;Mujeres;0
Total Nacional;01 Andalucía;082 XVI.Afecciones originadas en el periodo perinatal;De 55 a 59 años;Hombres;0
Total Nacional;01 Andalucía;082 XVI.Afecciones originadas en el periodo perinatal;De 55 a 59 años;Mujeres;0
Total Nacional;01 Andalucía;082 XVI.Afecciones originadas en el periodo perinatal;De 60 a 64 años;Hombres;1
Total Nacional;01 Andalucía;082 XVI.Afecciones originadas en el periodo perinatal;De 60 a 64 años;Mujeres;0
Total Nacional;01 Andalucía;082 XVI.Afecciones originadas en el periodo perinatal;De 65 a 69 años;Hombres;0
Total Nacional;01 Andalucía;082 XVI.Afecciones originadas en el periodo perinatal;De 65 a 69 años;Mujeres;1
Total Nacional;01 Andalucía;082 XVI.Afecciones originadas en el periodo perinatal;De 70 a 74 años;Hombres;0
Total Nacional;01 Andalucía;082 XVI.Afecciones originadas en el periodo perinatal;De 70 a 74 años;Mujeres;0
Total Nacional;01 Andalucía;082 XVI.Afecciones originadas en el periodo perinatal;De 75 a 79 años;Hombres;0
Total Nacional;01 Andalucía;082 XVI.Afecciones originadas en el periodo perinatal;De 75 a 79 años;Mujeres;0
Total Nacional;01 Andalucía;082 XVI.Afecciones originadas en el periodo perinatal;De 80 a 84 años;Hombres;0
Total Nacional;01 Andalucía;082 XVI.Afecciones originadas en el periodo perinatal;De 80 a 84 años;Mujeres;0
Total Nacional;01 Andalucía;082 XVI.Afecciones originadas en el periodo perinatal;De 85 a 89 años;Hombres;0
Total Nacional;01 Andalucía;082 XVI.Afecciones originadas en el periodo perinatal;De 85 a 89 años;Mujeres;0
Total Nacional;01 Andalucía;082 XVI.Afecciones originadas en el periodo perinatal;De 90 a 94 años;Hombres;0
Total Nacional;01 Andalucía;082 XVI.Afecciones originadas en el periodo perinatal;De 90 a 94 años;Mujeres;0
Total Nacional;01 Andalucía;082 XVI.Afecciones originadas en el periodo perinatal;De 95 años y más;Hombres;0
Total Nacional;01 Andalucía;082 XVI.Afecciones originadas en el periodo perinatal;De 95 años y más;Mujeres;0
Total Nacional;01 Andalucía;083-085 XVII.Malformaciones congénitas, deformidades y anomalías cromosómicas;De 1 a 14 años;Hombres;6
Total Nacional;01 Andalucía;083-085 XVII.Malformaciones congénitas, deformidades y anomalías cromosómicas;De 1 a 14 años;Mujeres;6
Total Nacional;01 Andalucía;083-085 XVII.Malformaciones congénitas, deformidades y anomalías cromosómicas;De 15 a 29 años;Hombres;3
Total Nacional;01 Andalucía;083-085 XVII.Malformaciones congénitas, deformidades y anomalías cromosómicas;De 15 a 29 años;Mujeres;9
Total Nacional;01 Andalucía;083-085 XVII.Malformaciones congénitas, deformidades y anomalías cromosómicas;De 30 a 39 años;Hombres;2
Total Nacional;01 Andalucía;083-085 XVII.Malformaciones congénitas, deformidades y anomalías cromosómicas;De 30 a 39 años;Mujeres;6
Total Nacional;01 Andalucía;083-085 XVII.Malformaciones congénitas, deformidades y anomalías cromosómicas;De 40 a 44 años;Hombres;3
Total Nacional;01 Andalucía;083-085 XVII.Malformaciones congénitas, deformidades y anomalías cromosómicas;De 40 a 44 años;Mujeres;3
Total Nacional;01 Andalucía;083-085 XVII.Malformaciones congénitas, deformidades y anomalías cromosómicas;De 45 a 49 años;Hombres;3
Total Nacional;01 Andalucía;083-085 XVII.Malformaciones congénitas, deformidades y anomalías cromosómicas;De 45 a 49 años;Mujeres;7
Total Nacional;01 Andalucía;083-085 XVII.Malformaciones congénitas, deformidades y anomalías cromosómicas;De 50 a 54 años;Hombres;8
Total Nacional;01 Andalucía;083-085 XVII.Malformaciones congénitas, deformidades y anomalías cromosómicas;De 50 a 54 años;Mujeres;4
Total Nacional;01 Andalucía;083-085 XVII.Malformaciones congénitas, deformidades y anomalías cromosómicas;De 55 a 59 años;Hombres;4
Total Nacional;01 Andalucía;083-085 XVII.Malformaciones congénitas, deformidades y anomalías cromosómicas;De 55 a 59 años;Mujeres;9
Total Nacional;01 Andalucía;083-085 XVII.Malformaciones congénitas, deformidades y anomalías cromosómicas;De 60 a 64 años;Hombres;6
Total Nacional;01 Andalucía;083-085 XVII.Malformaciones congénitas, deformidades y anomalías cromosómicas;De 60 a 64 años;Mujeres;4
Total Nacional;01 Andalucía;083-085 XVII.Malformaciones congénitas, deformidades y anomalías cromosómicas;De 65 a 69 años;Hombres;1
Total Nacional;01 Andalucía;083-085 XVII.Malformaciones congénitas, deformidades y anomalías cromosómicas;De 65 a 69 años;Mujeres;3
Total Nacional;01 Andalucía;083-085 XVII.Malformaciones congénitas, deformidades y anomalías cromosómicas;De 70 a 74 años;Hombres;4
Total Nacional;01 Andalucía;083-085 XVII.Malformaciones congénitas, deformidades y anomalías cromosómicas;De 70 a 74 años;Mujeres;2
Total Nacional;01 Andalucía;083-085 XVII.Malformaciones congénitas, deformidades y anomalías cromosómicas;De 75 a 79 años;Hombres;3
Total Nacional;01 Andalucía;083-085 XVII.Malformaciones congénitas, deformidades y anomalías cromosómicas;De 75 a 79 años;Mujeres;2
Total Nacional;01 Andalucía;083-085 XVII.Malformaciones congénitas, deformidades y anomalías cromosómicas;De 80 a 84 años;Hombres;0
Total Nacional;01 Andalucía;083-085 XVII.Malformaciones congénitas, deformidades y anomalías cromosómicas;De 80 a 84 años;Mujeres;3
Total Nacional;01 Andalucía;083-085 XVII.Malformaciones congénitas, deformidades y anomalías cromosómicas;De 85 a 89 años;Hombres;0
Total Nacional;01 Andalucía;083-085 XVII.Malformaciones congénitas, deformidades y anomalías cromosómicas;De 85 a 89 años;Mujeres;0
Total Nacional;01 Andalucía;083-085 XVII.Malformaciones congénitas, deformidades y anomalías cromosómicas;De 90 a 94 años;Hombres;2
Total Nacional;01 Andalucía;083-085 XVII.Malformaciones congénitas, deformidades y anomalías cromosómicas;De 90 a 94 años;Mujeres;0
Total Nacional;01 Andalucía;083-085 XVII.Malformaciones congénitas, deformidades y anomalías cromosómicas;De 95 años y más;Hombres;0
Total Nacional;01 Andalucía;083-085 XVII.Malformaciones congénitas, deformidades y anomalías cromosómicas;De 95 años y más;Mujeres;0
Total Nacional;01 Andalucía;086-089 XVIII.Síntomas, signos y hallazgos anormales clínicos y de laboratorio, no clasificados en otra parte;De 1 a 14 años;Hombres;1
Total Nacional;01 Andalucía;086-089 XVIII.Síntomas, signos y hallazgos anormales clínicos y de laboratorio, no clasificados en otra parte;De 1 a 14 años;Mujeres;2
Total Nacional;01 Andalucía;086-089 XVIII.Síntomas, signos y hallazgos anormales clínicos y de laboratorio, no clasificados en otra parte;De 15 a 29 años;Hombres;2
Total Nacional;01 Andalucía;086-089 XVIII.Síntomas, signos y hallazgos anormales clínicos y de laboratorio, no clasificados en otra parte;De 15 a 29 años;Mujeres;0
Total Nacional;01 Andalucía;086-089 XVIII.Síntomas, signos y hallazgos anormales clínicos y de laboratorio, no clasificados en otra parte;De 30 a 39 años;Hombres;8
Total Nacional;01 Andalucía;086-089 XVIII.Síntomas, signos y hallazgos anormales clínicos y de laboratorio, no clasificados en otra parte;De 30 a 39 años;Mujeres;0
Total Nacional;01 Andalucía;086-089 XVIII.Síntomas, signos y hallazgos anormales clínicos y de laboratorio, no clasificados en otra parte;De 40 a 44 años;Hombres;10
Total Nacional;01 Andalucía;086-089 XVIII.Síntomas, signos y hallazgos anormales clínicos y de laboratorio, no clasificados en otra parte;De 40 a 44 años;Mujeres;3
Total Nacional;01 Andalucía;086-089 XVIII.Síntomas, signos y hallazgos anormales clínicos y de laboratorio, no clasificados en otra parte;De 45 a 49 años;Hombres;8
Total Nacional;01 Andalucía;086-089 XVIII.Síntomas, signos y hallazgos anormales clínicos y de laboratorio, no clasificados en otra parte;De 45 a 49 años;Mujeres;6
Total Nacional;01 Andalucía;086-089 XVIII.Síntomas, signos y hallazgos anormales clínicos y de laboratorio, no clasificados en otra parte;De 50 a 54 años;Hombres;19
Total Nacional;01 Andalucía;086-089 XVIII.Síntomas, signos y hallazgos anormales clínicos y de laboratorio, no clasificados en otra parte;De 50 a 54 años;Mujeres;5
Total Nacional;01 Andalucía;086-089 XVIII.Síntomas, signos y hallazgos anormales clínicos y de laboratorio, no clasificados en otra parte;De 55 a 59 años;Hombres;32
Total Nacional;01 Andalucía;086-089 XVIII.Síntomas, signos y hallazgos anormales clínicos y de laboratorio, no clasificados en otra parte;De 55 a 59 años;Mujeres;10
Total Nacional;01 Andalucía;086-089 XVIII.Síntomas, signos y hallazgos anormales clínicos y de laboratorio, no clasificados en otra parte;De 60 a 64 años;Hombres;36
Total Nacional;01 Andalucía;086-089 XVIII.Síntomas, signos y hallazgos anormales clínicos y de laboratorio, no clasificados en otra parte;De 60 a 64 años;Mujeres;13
Total Nacional;01 Andalucía;086-089 XVIII.Síntomas, signos y hallazgos anormales clínicos y de laboratorio, no clasificados en otra parte;De 65 a 69 años;Hombres;35
Total Nacional;01 Andalucía;086-089 XVIII.Síntomas, signos y hallazgos anormales clínicos y de laboratorio, no clasificados en otra parte;De 65 a 69 años;Mujeres;20
Total Nacional;01 Andalucía;086-089 XVIII.Síntomas, signos y hallazgos anormales clínicos y de laboratorio, no clasificados en otra parte;De 70 a 74 años;Hombres;35
Total Nacional;01 Andalucía;086-089 XVIII.Síntomas, signos y hallazgos anormales clínicos y de laboratorio, no clasificados en otra parte;De 70 a 74 años;Mujeres;30
Total Nacional;01 Andalucía;086-089 XVIII.Síntomas, signos y hallazgos anormales clínicos y de laboratorio, no clasificados en otra parte;De 75 a 79 años;Hombres;53
Total Nacional;01 Andalucía;086-089 XVIII.Síntomas, signos y hallazgos anormales clínicos y de laboratorio, no clasificados en otra parte;De 75 a 79 años;Mujeres;37
Total Nacional;01 Andalucía;086-089 XVIII.Síntomas, signos y hallazgos anormales clínicos y de laboratorio, no clasificados en otra parte;De 80 a 84 años;Hombres;90
Total Nacional;01 Andalucía;086-089 XVIII.Síntomas, signos y hallazgos anormales clínicos y de laboratorio, no clasificados en otra parte;De 80 a 84 años;Mujeres;114
Total Nacional;01 Andalucía;086-089 XVIII.Síntomas, signos y hallazgos anormales clínicos y de laboratorio, no clasificados en otra parte;De 85 a 89 años;Hombres;282
Total Nacional;01 Andalucía;086-089 XVIII.Síntomas, signos y hallazgos anormales clínicos y de laboratorio, no clasificados en otra parte;De 85 a 89 años;Mujeres;442
Total Nacional;01 Andalucía;086-089 XVIII.Síntomas, signos y hallazgos anormales clínicos y de laboratorio, no clasificados en otra parte;De 90 a 94 años;Hombres;330
Total Nacional;01 Andalucía;086-089 XVIII.Síntomas, signos y hallazgos anormales clínicos y de laboratorio, no clasificados en otra parte;De 90 a 94 años;Mujeres;694
Total Nacional;01 Andalucía;086-089 XVIII.Síntomas, signos y hallazgos anormales clínicos y de laboratorio, no clasificados en otra parte;De 95 años y más;Hombres;159
Total Nacional;01 Andalucía;086-089 XVIII.Síntomas, signos y hallazgos anormales clínicos y de laboratorio, no clasificados en otra parte;De 95 años y más;Mujeres;497
Total Nacional;01 Andalucía;090-102 XX.Causas externas de mortalidad;De 1 a 14 años;Hombres;20
Total Nacional;01 Andalucía;090-102 XX.Causas externas de mortalidad;De 1 a 14 años;Mujeres;9
Total Nacional;01 Andalucía;090-102 XX.Causas externas de mortalidad;De 15 a 29 años;Hombres;146
Total Nacional;01 Andalucía;090-102 XX.Causas externas de mortalidad;De 15 a 29 años;Mujeres;32
Total Nacional;01 Andalucía;090-102 XX.Causas externas de mortalidad;De 30 a 39 años;Hombres;211
Total Nacional;01 Andalucía;090-102 XX.Causas externas de mortalidad;De 30 a 39 años;Mujeres;29
Total Nacional;01 Andalucía;090-102 XX.Causas externas de mortalidad;De 40 a 44 años;Hombres;144
Total Nacional;01 Andalucía;090-102 XX.Causas externas de mortalidad;De 40 a 44 años;Mujeres;32
Total Nacional;01 Andalucía;090-102 XX.Causas externas de mortalidad;De 45 a 49 años;Hombres;178
Total Nacional;01 Andalucía;090-102 XX.Causas externas de mortalidad;De 45 a 49 años;Mujeres;45
Total Nacional;01 Andalucía;090-102 XX.Causas externas de mortalidad;De 50 a 54 años;Hombres;163
Total Nacional;01 Andalucía;090-102 XX.Causas externas de mortalidad;De 50 a 54 años;Mujeres;56
Total Nacional;01 Andalucía;090-102 XX.Causas externas de mortalidad;De 55 a 59 años;Hombres;165
Total Nacional;01 Andalucía;090-102 XX.Causas externas de mortalidad;De 55 a 59 años;Mujeres;55
Total Nacional;01 Andalucía;090-102 XX.Causas externas de mortalidad;De 60 a 64 años;Hombres;144
Total Nacional;01 Andalucía;090-102 XX.Causas externas de mortalidad;De 60 a 64 años;Mujeres;49
Total Nacional;01 Andalucía;090-102 XX.Causas externas de mortalidad;De 65 a 69 años;Hombres;154
Total Nacional;01 Andalucía;090-102 XX.Causas externas de mortalidad;De 65 a 69 años;Mujeres;59
Total Nacional;01 Andalucía;090-102 XX.Causas externas de mortalidad;De 70 a 74 años;Hombres;130
Total Nacional;01 Andalucía;090-102 XX.Causas externas de mortalidad;De 70 a 74 años;Mujeres;60
Total Nacional;01 Andalucía;090-102 XX.Causas externas de mortalidad;De 75 a 79 años;Hombres;133
Total Nacional;01 Andalucía;090-102 XX.Causas externas de mortalidad;De 75 a 79 años;Mujeres;70
Total Nacional;01 Andalucía;090-102 XX.Causas externas de mortalidad;De 80 a 84 años;Hombres;156
Total Nacional;01 Andalucía;090-102 XX.Causas externas de mortalidad;De 80 a 84 años;Mujeres;118
Total Nacional;01 Andalucía;090-102 XX.Causas externas de mortalidad;De 85 a 89 años;Hombres;140
Total Nacional;01 Andalucía;090-102 XX.Causas externas de mortalidad;De 85 a 89 años;Mujeres;152
Total Nacional;01 Andalucía;090-102 XX.Causas externas de mortalidad;De 90 a 94 años;Hombres;98
Total Nacional;01 Andalucía;090-102 XX.Causas externas de mortalidad;De 90 a 94 años;Mujeres;109
Total Nacional;01 Andalucía;090-102 XX.Causas externas de mortalidad;De 95 años y más;Hombres;25
Total Nacional;01 Andalucía;090-102 XX.Causas externas de mortalidad;De 95 años y más;Mujeres;55
Total Nacional;02 Aragón;001-008 I.Enfermedades infecciosas y parasitarias;De 1 a 14 años;Hombres;0
Total Nacional;02 Aragón;001-008 I.Enfermedades infecciosas y parasitarias;De 1 a 14 años;Mujeres;0
Total Nacional;02 Aragón;001-008 I.Enfermedades infecciosas y parasitarias;De 15 a 29 años;Hombres;0
Total Nacional;02 Aragón;001-008 I.Enfermedades infecciosas y parasitarias;De 15 a 29 años;Mujeres;0
Total Nacional;02 Aragón;001-008 I.Enfermedades infecciosas y parasitarias;De 30 a 39 años;Hombres;0
Total Nacional;02 Aragón;001-008 I.Enfermedades infecciosas y parasitarias;De 30 a 39 años;Mujeres;1
Total Nacional;02 Aragón;001-008 I.Enfermedades infecciosas y parasitarias;De 40 a 44 años;Hombres;3
Total Nacional;02 Aragón;001-008 I.Enfermedades infecciosas y parasitarias;De 40 a 44 años;Mujeres;0
Total Nacional;02 Aragón;001-008 I.Enfermedades infecciosas y parasitarias;De 45 a 49 años;Hombres;0
Total Nacional;02 Aragón;001-008 I.Enfermedades infecciosas y parasitarias;De 45 a 49 años;Mujeres;0
Total Nacional;02 Aragón;001-008 I.Enfermedades infecciosas y parasitarias;De 50 a 54 años;Hombres;4
Total Nacional;02 Aragón;001-008 I.Enfermedades infecciosas y parasitarias;De 50 a 54 años;Mujeres;0
Total Nacional;02 Aragón;001-008 I.Enfermedades infecciosas y parasitarias;De 55 a 59 años;Hombres;3
Total Nacional;02 Aragón;001-008 I.Enfermedades infecciosas y parasitarias;De 55 a 59 años;Mujeres;5
Total Nacional;02 Aragón;001-008 I.Enfermedades infecciosas y parasitarias;De 60 a 64 años;Hombres;6
Total Nacional;02 Aragón;001-008 I.Enfermedades infecciosas y parasitarias;De 60 a 64 años;Mujeres;5
Total Nacional;02 Aragón;001-008 I.Enfermedades infecciosas y parasitarias;De 65 a 69 años;Hombres;10
Total Nacional;02 Aragón;001-008 I.Enfermedades infecciosas y parasitarias;De 65 a 69 años;Mujeres;4
Total Nacional;02 Aragón;001-008 I.Enfermedades infecciosas y parasitarias;De 70 a 74 años;Hombres;12
Total Nacional;02 Aragón;001-008 I.Enfermedades infecciosas y parasitarias;De 70 a 74 años;Mujeres;1
Total Nacional;02 Aragón;001-008 I.Enfermedades infecciosas y parasitarias;De 75 a 79 años;Hombres;17
Total Nacional;02 Aragón;001-008 I.Enfermedades infecciosas y parasitarias;De 75 a 79 años;Mujeres;8
Total Nacional;02 Aragón;001-008 I.Enfermedades infecciosas y parasitarias;De 80 a 84 años;Hombres;20
Total Nacional;02 Aragón;001-008 I.Enfermedades infecciosas y parasitarias;De 80 a 84 años;Mujeres;19
Total Nacional;02 Aragón;001-008 I.Enfermedades infecciosas y parasitarias;De 85 a 89 años;Hombres;33
Total Nacional;02 Aragón;001-008 I.Enfermedades infecciosas y parasitarias;De 85 a 89 años;Mujeres;26
Total Nacional;02 Aragón;001-008 I.Enfermedades infecciosas y parasitarias;De 90 a 94 años;Hombres;32
Total Nacional;02 Aragón;001-008 I.Enfermedades infecciosas y parasitarias;De 90 a 94 años;Mujeres;40
Total Nacional;02 Aragón;001-008 I.Enfermedades infecciosas y parasitarias;De 95 años y más;Hombres;16
Total Nacional;02 Aragón;001-008 I.Enfermedades infecciosas y parasitarias;De 95 años y más;Mujeres;37
Total Nacional;02 Aragón;009-041 II.Tumores;De 1 a 14 años;Hombres;1
Total Nacional;02 Aragón;009-041 II.Tumores;De 1 a 14 años;Mujeres;1
Total Nacional;02 Aragón;009-041 II.Tumores;De 15 a 29 años;Hombres;5
Total Nacional;02 Aragón;009-041 II.Tumores;De 15 a 29 años;Mujeres;1
Total Nacional;02 Aragón;009-041 II.Tumores;De 30 a 39 años;Hombres;9
Total Nacional;02 Aragón;009-041 II.Tumores;De 30 a 39 años;Mujeres;15
Total Nacional;02 Aragón;009-041 II.Tumores;De 40 a 44 años;Hombres;12
Total Nacional;02 Aragón;009-041 II.Tumores;De 40 a 44 años;Mujeres;10
Total Nacional;02 Aragón;009-041 II.Tumores;De 45 a 49 años;Hombres;26
Total Nacional;02 Aragón;009-041 II.Tumores;De 45 a 49 años;Mujeres;24
Total Nacional;02 Aragón;009-041 II.Tumores;De 50 a 54 años;Hombres;55
Total Nacional;02 Aragón;009-041 II.Tumores;De 50 a 54 años;Mujeres;42
Total Nacional;02 Aragón;009-041 II.Tumores;De 55 a 59 años;Hombres;113
Total Nacional;02 Aragón;009-041 II.Tumores;De 55 a 59 años;Mujeres;72
Total Nacional;02 Aragón;009-041 II.Tumores;De 60 a 64 años;Hombres;184
Total Nacional;02 Aragón;009-041 II.Tumores;De 60 a 64 años;Mujeres;104
Total Nacional;02 Aragón;009-041 II.Tumores;De 65 a 69 años;Hombres;259
Total Nacional;02 Aragón;009-041 II.Tumores;De 65 a 69 años;Mujeres;140
Total Nacional;02 Aragón;009-041 II.Tumores;De 70 a 74 años;Hombres;295
Total Nacional;02 Aragón;009-041 II.Tumores;De 70 a 74 años;Mujeres;139
Total Nacional;02 Aragón;009-041 II.Tumores;De 75 a 79 años;Hombres;374
Total Nacional;02 Aragón;009-041 II.Tumores;De 75 a 79 años;Mujeres;176
Total Nacional;02 Aragón;009-041 II.Tumores;De 80 a 84 años;Hombres;347
Total Nacional;02 Aragón;009-041 II.Tumores;De 80 a 84 años;Mujeres;241
Total Nacional;02 Aragón;009-041 II.Tumores;De 85 a 89 años;Hombres;294
Total Nacional;02 Aragón;009-041 II.Tumores;De 85 a 89 años;Mujeres;258
Total Nacional;02 Aragón;009-041 II.Tumores;De 90 a 94 años;Hombres;218
Total Nacional;02 Aragón;009-041 II.Tumores;De 90 a 94 años;Mujeres;213
Total Nacional;02 Aragón;009-041 II.Tumores;De 95 años y más;Hombres;65
Total Nacional;02 Aragón;009-041 II.Tumores;De 95 años y más;Mujeres;71
Total Nacional;02 Aragón;050-052 VI-VIII.Enfermedades del sistema nervioso y de los órganos de los sentidos;De 1 a 14 años;Hombres;1
Total Nacional;02 Aragón;050-052 VI-VIII.Enfermedades del sistema nervioso y de los órganos de los sentidos;De 1 a 14 años;Mujeres;1
Total Nacional;02 Aragón;050-052 VI-VIII.Enfermedades del sistema nervioso y de los órganos de los sentidos;De 15 a 29 años;Hombres;1
Total Nacional;02 Aragón;050-052 VI-VIII.Enfermedades del sistema nervioso y de los órganos de los sentidos;De 15 a 29 años;Mujeres;1
Total Nacional;02 Aragón;050-052 VI-VIII.Enfermedades del sistema nervioso y de los órganos de los sentidos;De 30 a 39 años;Hombres;1
Total Nacional;02 Aragón;050-052 VI-VIII.Enfermedades del sistema nervioso y de los órganos de los sentidos;De 30 a 39 años;Mujeres;0
Total Nacional;02 Aragón;050-052 VI-VIII.Enfermedades del sistema nervioso y de los órganos de los sentidos;De 40 a 44 años;Hombres;1
Total Nacional;02 Aragón;050-052 VI-VIII.Enfermedades del sistema nervioso y de los órganos de los sentidos;De 40 a 44 años;Mujeres;3
Total Nacional;02 Aragón;050-052 VI-VIII.Enfermedades del sistema nervioso y de los órganos de los sentidos;De 45 a 49 años;Hombres;6
Total Nacional;02 Aragón;050-052 VI-VIII.Enfermedades del sistema nervioso y de los órganos de los sentidos;De 45 a 49 años;Mujeres;3
Total Nacional;02 Aragón;050-052 VI-VIII.Enfermedades del sistema nervioso y de los órganos de los sentidos;De 50 a 54 años;Hombres;4
Total Nacional;02 Aragón;050-052 VI-VIII.Enfermedades del sistema nervioso y de los órganos de los sentidos;De 50 a 54 años;Mujeres;2
Total Nacional;02 Aragón;050-052 VI-VIII.Enfermedades del sistema nervioso y de los órganos de los sentidos;De 55 a 59 años;Hombres;9
Total Nacional;02 Aragón;050-052 VI-VIII.Enfermedades del sistema nervioso y de los órganos de los sentidos;De 55 a 59 años;Mujeres;6
Total Nacional;02 Aragón;050-052 VI-VIII.Enfermedades del sistema nervioso y de los órganos de los sentidos;De 60 a 64 años;Hombres;18
Total Nacional;02 Aragón;050-052 VI-VIII.Enfermedades del sistema nervioso y de los órganos de los sentidos;De 60 a 64 años;Mujeres;7
Total Nacional;02 Aragón;050-052 VI-VIII.Enfermedades del sistema nervioso y de los órganos de los sentidos;De 65 a 69 años;Hombres;20
Total Nacional;02 Aragón;050-052 VI-VIII.Enfermedades del sistema nervioso y de los órganos de los sentidos;De 65 a 69 años;Mujeres;13
Total Nacional;02 Aragón;050-052 VI-VIII.Enfermedades del sistema nervioso y de los órganos de los sentidos;De 70 a 74 años;Hombres;29
Total Nacional;02 Aragón;050-052 VI-VIII.Enfermedades del sistema nervioso y de los órganos de los sentidos;De 70 a 74 años;Mujeres;36
Total Nacional;02 Aragón;050-052 VI-VIII.Enfermedades del sistema nervioso y de los órganos de los sentidos;De 75 a 79 años;Hombres;59
Total Nacional;02 Aragón;050-052 VI-VIII.Enfermedades del sistema nervioso y de los órganos de los sentidos;De 75 a 79 años;Mujeres;79
Total Nacional;02 Aragón;050-052 VI-VIII.Enfermedades del sistema nervioso y de los órganos de los sentidos;De 80 a 84 años;Hombres;91
Total Nacional;02 Aragón;050-052 VI-VIII.Enfermedades del sistema nervioso y de los órganos de los sentidos;De 80 a 84 años;Mujeres;124
Total Nacional;02 Aragón;050-052 VI-VIII.Enfermedades del sistema nervioso y de los órganos de los sentidos;De 85 a 89 años;Hombres;103
Total Nacional;02 Aragón;050-052 VI-VIII.Enfermedades del sistema nervioso y de los órganos de los sentidos;De 85 a 89 años;Mujeres;190
Total Nacional;02 Aragón;050-052 VI-VIII.Enfermedades del sistema nervioso y de los órganos de los sentidos;De 90 a 94 años;Hombres;87
Total Nacional;02 Aragón;050-052 VI-VIII.Enfermedades del sistema nervioso y de los órganos de los sentidos;De 90 a 94 años;Mujeres;244
Total Nacional;02 Aragón;050-052 VI-VIII.Enfermedades del sistema nervioso y de los órganos de los sentidos;De 95 años y más;Hombres;19
Total Nacional;02 Aragón;050-052 VI-VIII.Enfermedades del sistema nervioso y de los órganos de los sentidos;De 95 años y más;Mujeres;104
Total Nacional;02 Aragón;053-061 IX.Enfermedades del sistema circulatorio;De 1 a 14 años;Hombres;1
Total Nacional;02 Aragón;053-061 IX.Enfermedades del sistema circulatorio;De 1 a 14 años;Mujeres;0
Total Nacional;02 Aragón;053-061 IX.Enfermedades del sistema circulatorio;De 15 a 29 años;Hombres;1
Total Nacional;02 Aragón;053-061 IX.Enfermedades del sistema circulatorio;De 15 a 29 años;Mujeres;1
Total Nacional;02 Aragón;053-061 IX.Enfermedades del sistema circulatorio;De 30 a 39 años;Hombres;5
Total Nacional;02 Aragón;053-061 IX.Enfermedades del sistema circulatorio;De 30 a 39 años;Mujeres;5
Total Nacional;02 Aragón;053-061 IX.Enfermedades del sistema circulatorio;De 40 a 44 años;Hombres;9
Total Nacional;02 Aragón;053-061 IX.Enfermedades del sistema circulatorio;De 40 a 44 años;Mujeres;5
Total Nacional;02 Aragón;053-061 IX.Enfermedades del sistema circulatorio;De 45 a 49 años;Hombres;22
Total Nacional;02 Aragón;053-061 IX.Enfermedades del sistema circulatorio;De 45 a 49 años;Mujeres;5
Total Nacional;02 Aragón;053-061 IX.Enfermedades del sistema circulatorio;De 50 a 54 años;Hombres;29
Total Nacional;02 Aragón;053-061 IX.Enfermedades del sistema circulatorio;De 50 a 54 años;Mujeres;10
Total Nacional;02 Aragón;053-061 IX.Enfermedades del sistema circulatorio;De 55 a 59 años;Hombres;63
Total Nacional;02 Aragón;053-061 IX.Enfermedades del sistema circulatorio;De 55 a 59 años;Mujeres;31
Total Nacional;02 Aragón;053-061 IX.Enfermedades del sistema circulatorio;De 60 a 64 años;Hombres;95
Total Nacional;02 Aragón;053-061 IX.Enfermedades del sistema circulatorio;De 60 a 64 años;Mujeres;34
Total Nacional;02 Aragón;053-061 IX.Enfermedades del sistema circulatorio;De 65 a 69 años;Hombres;99
Total Nacional;02 Aragón;053-061 IX.Enfermedades del sistema circulatorio;De 65 a 69 años;Mujeres;34
Total Nacional;02 Aragón;053-061 IX.Enfermedades del sistema circulatorio;De 70 a 74 años;Hombres;132
Total Nacional;02 Aragón;053-061 IX.Enfermedades del sistema circulatorio;De 70 a 74 años;Mujeres;64
Total Nacional;02 Aragón;053-061 IX.Enfermedades del sistema circulatorio;De 75 a 79 años;Hombres;219
Total Nacional;02 Aragón;053-061 IX.Enfermedades del sistema circulatorio;De 75 a 79 años;Mujeres;122
Total Nacional;02 Aragón;053-061 IX.Enfermedades del sistema circulatorio;De 80 a 84 años;Hombres;250
Total Nacional;02 Aragón;053-061 IX.Enfermedades del sistema circulatorio;De 80 a 84 años;Mujeres;272
Total Nacional;02 Aragón;053-061 IX.Enfermedades del sistema circulatorio;De 85 a 89 años;Hombres;385
Total Nacional;02 Aragón;053-061 IX.Enfermedades del sistema circulatorio;De 85 a 89 años;Mujeres;511
Total Nacional;02 Aragón;053-061 IX.Enfermedades del sistema circulatorio;De 90 a 94 años;Hombres;482
Total Nacional;02 Aragón;053-061 IX.Enfermedades del sistema circulatorio;De 90 a 94 años;Mujeres;748
Total Nacional;02 Aragón;053-061 IX.Enfermedades del sistema circulatorio;De 95 años y más;Hombres;183
Total Nacional;02 Aragón;053-061 IX.Enfermedades del sistema circulatorio;De 95 años y más;Mujeres;523
Total Nacional;02 Aragón;062-067 X.Enfermedades del sistema respiratorio;De 1 a 14 años;Hombres;0
Total Nacional;02 Aragón;062-067 X.Enfermedades del sistema respiratorio;De 1 a 14 años;Mujeres;0
Total Nacional;02 Aragón;062-067 X.Enfermedades del sistema respiratorio;De 15 a 29 años;Hombres;1
Total Nacional;02 Aragón;062-067 X.Enfermedades del sistema respiratorio;De 15 a 29 años;Mujeres;0
Total Nacional;02 Aragón;062-067 X.Enfermedades del sistema respiratorio;De 30 a 39 años;Hombres;2
Total Nacional;02 Aragón;062-067 X.Enfermedades del sistema respiratorio;De 30 a 39 años;Mujeres;0
Total Nacional;02 Aragón;062-067 X.Enfermedades del sistema respiratorio;De 40 a 44 años;Hombres;5
Total Nacional;02 Aragón;062-067 X.Enfermedades del sistema respiratorio;De 40 a 44 años;Mujeres;0
Total Nacional;02 Aragón;062-067 X.Enfermedades del sistema respiratorio;De 45 a 49 años;Hombres;2
Total Nacional;02 Aragón;062-067 X.Enfermedades del sistema respiratorio;De 45 a 49 años;Mujeres;2
Total Nacional;02 Aragón;062-067 X.Enfermedades del sistema respiratorio;De 50 a 54 años;Hombres;5
Total Nacional;02 Aragón;062-067 X.Enfermedades del sistema respiratorio;De 50 a 54 años;Mujeres;0
Total Nacional;02 Aragón;062-067 X.Enfermedades del sistema respiratorio;De 55 a 59 años;Hombres;8
Total Nacional;02 Aragón;062-067 X.Enfermedades del sistema respiratorio;De 55 a 59 años;Mujeres;6
Total Nacional;02 Aragón;062-067 X.Enfermedades del sistema respiratorio;De 60 a 64 años;Hombres;18
Total Nacional;02 Aragón;062-067 X.Enfermedades del sistema respiratorio;De 60 a 64 años;Mujeres;9
Total Nacional;02 Aragón;062-067 X.Enfermedades del sistema respiratorio;De 65 a 69 años;Hombres;35
Total Nacional;02 Aragón;062-067 X.Enfermedades del sistema respiratorio;De 65 a 69 años;Mujeres;18
Total Nacional;02 Aragón;062-067 X.Enfermedades del sistema respiratorio;De 70 a 74 años;Hombres;42
Total Nacional;02 Aragón;062-067 X.Enfermedades del sistema respiratorio;De 70 a 74 años;Mujeres;32
Total Nacional;02 Aragón;062-067 X.Enfermedades del sistema respiratorio;De 75 a 79 años;Hombres;76
Total Nacional;02 Aragón;062-067 X.Enfermedades del sistema respiratorio;De 75 a 79 años;Mujeres;34
Total Nacional;02 Aragón;062-067 X.Enfermedades del sistema respiratorio;De 80 a 84 años;Hombres;99
Total Nacional;02 Aragón;062-067 X.Enfermedades del sistema respiratorio;De 80 a 84 años;Mujeres;67
Total Nacional;02 Aragón;062-067 X.Enfermedades del sistema respiratorio;De 85 a 89 años;Hombres;122
Total Nacional;02 Aragón;062-067 X.Enfermedades del sistema respiratorio;De 85 a 89 años;Mujeres;82
Total Nacional;02 Aragón;062-067 X.Enfermedades del sistema respiratorio;De 90 a 94 años;Hombres;144
Total Nacional;02 Aragón;062-067 X.Enfermedades del sistema respiratorio;De 90 a 94 años;Mujeres;156
Total Nacional;02 Aragón;062-067 X.Enfermedades del sistema respiratorio;De 95 años y más;Hombres;59
Total Nacional;02 Aragón;062-067 X.Enfermedades del sistema respiratorio;De 95 años y más;Mujeres;123
Total Nacional;02 Aragón;068-072 XI.Enfermedades del sistema digestivo;De 1 a 14 años;Hombres;0
Total Nacional;02 Aragón;068-072 XI.Enfermedades del sistema digestivo;De 1 a 14 años;Mujeres;0
Total Nacional;02 Aragón;068-072 XI.Enfermedades del sistema digestivo;De 15 a 29 años;Hombres;0
Total Nacional;02 Aragón;068-072 XI.Enfermedades del sistema digestivo;De 15 a 29 años;Mujeres;0
Total Nacional;02 Aragón;068-072 XI.Enfermedades del sistema digestivo;De 30 a 39 años;Hombres;2
Total Nacional;02 Aragón;068-072 XI.Enfermedades del sistema digestivo;De 30 a 39 años;Mujeres;1
Total Nacional;02 Aragón;068-072 XI.Enfermedades del sistema digestivo;De 40 a 44 años;Hombres;1
Total Nacional;02 Aragón;068-072 XI.Enfermedades del sistema digestivo;De 40 a 44 años;Mujeres;1
Total Nacional;02 Aragón;068-072 XI.Enfermedades del sistema digestivo;De 45 a 49 años;Hombres;3
Total Nacional;02 Aragón;068-072 XI.Enfermedades del sistema digestivo;De 45 a 49 años;Mujeres;0
Total Nacional;02 Aragón;068-072 XI.Enfermedades del sistema digestivo;De 50 a 54 años;Hombres;13
Total Nacional;02 Aragón;068-072 XI.Enfermedades del sistema digestivo;De 50 a 54 años;Mujeres;2
Total Nacional;02 Aragón;068-072 XI.Enfermedades del sistema digestivo;De 55 a 59 años;Hombres;23
Total Nacional;02 Aragón;068-072 XI.Enfermedades del sistema digestivo;De 55 a 59 años;Mujeres;4
Total Nacional;02 Aragón;068-072 XI.Enfermedades del sistema digestivo;De 60 a 64 años;Hombres;29
Total Nacional;02 Aragón;068-072 XI.Enfermedades del sistema digestivo;De 60 a 64 años;Mujeres;9
Total Nacional;02 Aragón;068-072 XI.Enfermedades del sistema digestivo;De 65 a 69 años;Hombres;29
Total Nacional;02 Aragón;068-072 XI.Enfermedades del sistema digestivo;De 65 a 69 años;Mujeres;10
Total Nacional;02 Aragón;068-072 XI.Enfermedades del sistema digestivo;De 70 a 74 años;Hombres;38
Total Nacional;02 Aragón;068-072 XI.Enfermedades del sistema digestivo;De 70 a 74 años;Mujeres;18
Total Nacional;02 Aragón;068-072 XI.Enfermedades del sistema digestivo;De 75 a 79 años;Hombres;42
Total Nacional;02 Aragón;068-072 XI.Enfermedades del sistema digestivo;De 75 a 79 años;Mujeres;23
Total Nacional;02 Aragón;068-072 XI.Enfermedades del sistema digestivo;De 80 a 84 años;Hombres;55
Total Nacional;02 Aragón;068-072 XI.Enfermedades del sistema digestivo;De 80 a 84 años;Mujeres;44
Total Nacional;02 Aragón;068-072 XI.Enfermedades del sistema digestivo;De 85 a 89 años;Hombres;66
Total Nacional;02 Aragón;068-072 XI.Enfermedades del sistema digestivo;De 85 a 89 años;Mujeres;90
Total Nacional;02 Aragón;068-072 XI.Enfermedades del sistema digestivo;De 90 a 94 años;Hombres;68
Total Nacional;02 Aragón;068-072 XI.Enfermedades del sistema digestivo;De 90 a 94 años;Mujeres;119
Total Nacional;02 Aragón;068-072 XI.Enfermedades del sistema digestivo;De 95 años y más;Hombres;26
Total Nacional;02 Aragón;068-072 XI.Enfermedades del sistema digestivo;De 95 años y más;Mujeres;63
Total Nacional;02 Aragón;073 XII.Enfermedades de la piel y del tejido subcutáneo;De 1 a 14 años;Hombres;0
Total Nacional;02 Aragón;073 XII.Enfermedades de la piel y del tejido subcutáneo;De 1 a 14 años;Mujeres;0
Total Nacional;02 Aragón;073 XII.Enfermedades de la piel y del tejido subcutáneo;De 15 a 29 años;Hombres;0
Total Nacional;02 Aragón;073 XII.Enfermedades de la piel y del tejido subcutáneo;De 15 a 29 años;Mujeres;0
Total Nacional;02 Aragón;073 XII.Enfermedades de la piel y del tejido subcutáneo;De 30 a 39 años;Hombres;0
Total Nacional;02 Aragón;073 XII.Enfermedades de la piel y del tejido subcutáneo;De 30 a 39 años;Mujeres;0
Total Nacional;02 Aragón;073 XII.Enfermedades de la piel y del tejido subcutáneo;De 40 a 44 años;Hombres;0
Total Nacional;02 Aragón;073 XII.Enfermedades de la piel y del tejido subcutáneo;De 40 a 44 años;Mujeres;0
Total Nacional;02 Aragón;073 XII.Enfermedades de la piel y del tejido subcutáneo;De 45 a 49 años;Hombres;0
Total Nacional;02 Aragón;073 XII.Enfermedades de la piel y del tejido subcutáneo;De 45 a 49 años;Mujeres;0
Total Nacional;02 Aragón;073 XII.Enfermedades de la piel y del tejido subcutáneo;De 50 a 54 años;Hombres;0
Total Nacional;02 Aragón;073 XII.Enfermedades de la piel y del tejido subcutáneo;De 50 a 54 años;Mujeres;0
Total Nacional;02 Aragón;073 XII.Enfermedades de la piel y del tejido subcutáneo;De 55 a 59 años;Hombres;0
Total Nacional;02 Aragón;073 XII.Enfermedades de la piel y del tejido subcutáneo;De 55 a 59 años;Mujeres;0
Total Nacional;02 Aragón;073 XII.Enfermedades de la piel y del tejido subcutáneo;De 60 a 64 años;Hombres;1
Total Nacional;02 Aragón;073 XII.Enfermedades de la piel y del tejido subcutáneo;De 60 a 64 años;Mujeres;0
Total Nacional;02 Aragón;073 XII.Enfermedades de la piel y del tejido subcutáneo;De 65 a 69 años;Hombres;0
Total Nacional;02 Aragón;073 XII.Enfermedades de la piel y del tejido subcutáneo;De 65 a 69 años;Mujeres;0
Total Nacional;02 Aragón;073 XII.Enfermedades de la piel y del tejido subcutáneo;De 70 a 74 años;Hombres;1
Total Nacional;02 Aragón;073 XII.Enfermedades de la piel y del tejido subcutáneo;De 70 a 74 años;Mujeres;0
Total Nacional;02 Aragón;073 XII.Enfermedades de la piel y del tejido subcutáneo;De 75 a 79 años;Hombres;3
Total Nacional;02 Aragón;073 XII.Enfermedades de la piel y del tejido subcutáneo;De 75 a 79 años;Mujeres;0
Total Nacional;02 Aragón;073 XII.Enfermedades de la piel y del tejido subcutáneo;De 80 a 84 años;Hombres;3
Total Nacional;02 Aragón;073 XII.Enfermedades de la piel y del tejido subcutáneo;De 80 a 84 años;Mujeres;1
Total Nacional;02 Aragón;073 XII.Enfermedades de la piel y del tejido subcutáneo;De 85 a 89 años;Hombres;0
Total Nacional;02 Aragón;073 XII.Enfermedades de la piel y del tejido subcutáneo;De 85 a 89 años;Mujeres;0
Total Nacional;02 Aragón;073 XII.Enfermedades de la piel y del tejido subcutáneo;De 90 a 94 años;Hombres;3
Total Nacional;02 Aragón;073 XII.Enfermedades de la piel y del tejido subcutáneo;De 90 a 94 años;Mujeres;3
Total Nacional;02 Aragón;073 XII.Enfermedades de la piel y del tejido subcutáneo;De 95 años y más;Hombres;0
Total Nacional;02 Aragón;073 XII.Enfermedades de la piel y del tejido subcutáneo;De 95 años y más;Mujeres;3
Total Nacional;02 Aragón;074-076 XIII.Enfermedades del sistema osteomuscular y del tejido conjuntivo;De 1 a 14 años;Hombres;0
Total Nacional;02 Aragón;074-076 XIII.Enfermedades del sistema osteomuscular y del tejido conjuntivo;De 1 a 14 años;Mujeres;0
Total Nacional;02 Aragón;074-076 XIII.Enfermedades del sistema osteomuscular y del tejido conjuntivo;De 15 a 29 años;Hombres;0
Total Nacional;02 Aragón;074-076 XIII.Enfermedades del sistema osteomuscular y del tejido conjuntivo;De 15 a 29 años;Mujeres;0
Total Nacional;02 Aragón;074-076 XIII.Enfermedades del sistema osteomuscular y del tejido conjuntivo;De 30 a 39 años;Hombres;0
Total Nacional;02 Aragón;074-076 XIII.Enfermedades del sistema osteomuscular y del tejido conjuntivo;De 30 a 39 años;Mujeres;0
Total Nacional;02 Aragón;074-076 XIII.Enfermedades del sistema osteomuscular y del tejido conjuntivo;De 40 a 44 años;Hombres;0
Total Nacional;02 Aragón;074-076 XIII.Enfermedades del sistema osteomuscular y del tejido conjuntivo;De 40 a 44 años;Mujeres;0
Total Nacional;02 Aragón;074-076 XIII.Enfermedades del sistema osteomuscular y del tejido conjuntivo;De 45 a 49 años;Hombres;0
Total Nacional;02 Aragón;074-076 XIII.Enfermedades del sistema osteomuscular y del tejido conjuntivo;De 45 a 49 años;Mujeres;0
Total Nacional;02 Aragón;074-076 XIII.Enfermedades del sistema osteomuscular y del tejido conjuntivo;De 50 a 54 años;Hombres;0
Total Nacional;02 Aragón;074-076 XIII.Enfermedades del sistema osteomuscular y del tejido conjuntivo;De 50 a 54 años;Mujeres;2
Total Nacional;02 Aragón;074-076 XIII.Enfermedades del sistema osteomuscular y del tejido conjuntivo;De 55 a 59 años;Hombres;1
Total Nacional;02 Aragón;074-076 XIII.Enfermedades del sistema osteomuscular y del tejido conjuntivo;De 55 a 59 años;Mujeres;0
Total Nacional;02 Aragón;074-076 XIII.Enfermedades del sistema osteomuscular y del tejido conjuntivo;De 60 a 64 años;Hombres;1
Total Nacional;02 Aragón;074-076 XIII.Enfermedades del sistema osteomuscular y del tejido conjuntivo;De 60 a 64 años;Mujeres;1
Total Nacional;02 Aragón;074-076 XIII.Enfermedades del sistema osteomuscular y del tejido conjuntivo;De 65 a 69 años;Hombres;1
Total Nacional;02 Aragón;074-076 XIII.Enfermedades del sistema osteomuscular y del tejido conjuntivo;De 65 a 69 años;Mujeres;3
Total Nacional;02 Aragón;074-076 XIII.Enfermedades del sistema osteomuscular y del tejido conjuntivo;De 70 a 74 años;Hombres;2
Total Nacional;02 Aragón;074-076 XIII.Enfermedades del sistema osteomuscular y del tejido conjuntivo;De 70 a 74 años;Mujeres;6
Total Nacional;02 Aragón;074-076 XIII.Enfermedades del sistema osteomuscular y del tejido conjuntivo;De 75 a 79 años;Hombres;7
Total Nacional;02 Aragón;074-076 XIII.Enfermedades del sistema osteomuscular y del tejido conjuntivo;De 75 a 79 años;Mujeres;4
Total Nacional;02 Aragón;074-076 XIII.Enfermedades del sistema osteomuscular y del tejido conjuntivo;De 80 a 84 años;Hombres;12
Total Nacional;02 Aragón;074-076 XIII.Enfermedades del sistema osteomuscular y del tejido conjuntivo;De 80 a 84 años;Mujeres;19
Total Nacional;02 Aragón;074-076 XIII.Enfermedades del sistema osteomuscular y del tejido conjuntivo;De 85 a 89 años;Hombres;24
Total Nacional;02 Aragón;074-076 XIII.Enfermedades del sistema osteomuscular y del tejido conjuntivo;De 85 a 89 años;Mujeres;49
Total Nacional;02 Aragón;074-076 XIII.Enfermedades del sistema osteomuscular y del tejido conjuntivo;De 90 a 94 años;Hombres;29
Total Nacional;02 Aragón;074-076 XIII.Enfermedades del sistema osteomuscular y del tejido conjuntivo;De 90 a 94 años;Mujeres;64
Total Nacional;02 Aragón;074-076 XIII.Enfermedades del sistema osteomuscular y del tejido conjuntivo;De 95 años y más;Hombres;10
Total Nacional;02 Aragón;074-076 XIII.Enfermedades del sistema osteomuscular y del tejido conjuntivo;De 95 años y más;Mujeres;44
Total Nacional;02 Aragón;077-080 XIV.Enfermedades del sistema genitourinario;De 1 a 14 años;Hombres;0
Total Nacional;02 Aragón;077-080 XIV.Enfermedades del sistema genitourinario;De 1 a 14 años;Mujeres;0
Total Nacional;02 Aragón;077-080 XIV.Enfermedades del sistema genitourinario;De 15 a 29 años;Hombres;0
Total Nacional;02 Aragón;077-080 XIV.Enfermedades del sistema genitourinario;De 15 a 29 años;Mujeres;0
Total Nacional;02 Aragón;077-080 XIV.Enfermedades del sistema genitourinario;De 30 a 39 años;Hombres;0
Total Nacional;02 Aragón;077-080 XIV.Enfermedades del sistema genitourinario;De 30 a 39 años;Mujeres;0
Total Nacional;02 Aragón;077-080 XIV.Enfermedades del sistema genitourinario;De 40 a 44 años;Hombres;0
Total Nacional;02 Aragón;077-080 XIV.Enfermedades del sistema genitourinario;De 40 a 44 años;Mujeres;0
Total Nacional;02 Aragón;077-080 XIV.Enfermedades del sistema genitourinario;De 45 a 49 años;Hombres;1
Total Nacional;02 Aragón;077-080 XIV.Enfermedades del sistema genitourinario;De 45 a 49 años;Mujeres;0
Total Nacional;02 Aragón;077-080 XIV.Enfermedades del sistema genitourinario;De 50 a 54 años;Hombres;1
Total Nacional;02 Aragón;077-080 XIV.Enfermedades del sistema genitourinario;De 50 a 54 años;Mujeres;1
Total Nacional;02 Aragón;077-080 XIV.Enfermedades del sistema genitourinario;De 55 a 59 años;Hombres;1
Total Nacional;02 Aragón;077-080 XIV.Enfermedades del sistema genitourinario;De 55 a 59 años;Mujeres;1
Total Nacional;02 Aragón;077-080 XIV.Enfermedades del sistema genitourinario;De 60 a 64 años;Hombres;6
Total Nacional;02 Aragón;077-080 XIV.Enfermedades del sistema genitourinario;De 60 a 64 años;Mujeres;1
Total Nacional;02 Aragón;077-080 XIV.Enfermedades del sistema genitourinario;De 65 a 69 años;Hombres;5
Total Nacional;02 Aragón;077-080 XIV.Enfermedades del sistema genitourinario;De 65 a 69 años;Mujeres;3
Total Nacional;02 Aragón;077-080 XIV.Enfermedades del sistema genitourinario;De 70 a 74 años;Hombres;9
Total Nacional;02 Aragón;077-080 XIV.Enfermedades del sistema genitourinario;De 70 a 74 años;Mujeres;10
Total Nacional;02 Aragón;077-080 XIV.Enfermedades del sistema genitourinario;De 75 a 79 años;Hombres;12
Total Nacional;02 Aragón;077-080 XIV.Enfermedades del sistema genitourinario;De 75 a 79 años;Mujeres;11
Total Nacional;02 Aragón;077-080 XIV.Enfermedades del sistema genitourinario;De 80 a 84 años;Hombres;23
Total Nacional;02 Aragón;077-080 XIV.Enfermedades del sistema genitourinario;De 80 a 84 años;Mujeres;20
Total Nacional;02 Aragón;077-080 XIV.Enfermedades del sistema genitourinario;De 85 a 89 años;Hombres;43
Total Nacional;02 Aragón;077-080 XIV.Enfermedades del sistema genitourinario;De 85 a 89 años;Mujeres;52
Total Nacional;02 Aragón;077-080 XIV.Enfermedades del sistema genitourinario;De 90 a 94 años;Hombres;42
Total Nacional;02 Aragón;077-080 XIV.Enfermedades del sistema genitourinario;De 90 a 94 años;Mujeres;74
Total Nacional;02 Aragón;077-080 XIV.Enfermedades del sistema genitourinario;De 95 años y más;Hombres;32
Total Nacional;02 Aragón;077-080 XIV.Enfermedades del sistema genitourinario;De 95 años y más;Mujeres;65
Total Nacional;02 Aragón;081 XV.Embarazo, parto y puerperio;De 1 a 14 años;Hombres;0
Total Nacional;02 Aragón;081 XV.Embarazo, parto y puerperio;De 1 a 14 años;Mujeres;0
Total Nacional;02 Aragón;081 XV.Embarazo, parto y puerperio;De 15 a 29 años;Hombres;0
Total Nacional;02 Aragón;081 XV.Embarazo, parto y puerperio;De 15 a 29 años;Mujeres;0
Total Nacional;02 Aragón;081 XV.Embarazo, parto y puerperio;De 30 a 39 años;Hombres;0
Total Nacional;02 Aragón;081 XV.Embarazo, parto y puerperio;De 30 a 39 años;Mujeres;1
Total Nacional;02 Aragón;081 XV.Embarazo, parto y puerperio;De 40 a 44 años;Hombres;0
Total Nacional;02 Aragón;081 XV.Embarazo, parto y puerperio;De 40 a 44 años;Mujeres;0
Total Nacional;02 Aragón;081 XV.Embarazo, parto y puerperio;De 45 a 49 años;Hombres;0
Total Nacional;02 Aragón;081 XV.Embarazo, parto y puerperio;De 45 a 49 años;Mujeres;0
Total Nacional;02 Aragón;081 XV.Embarazo, parto y puerperio;De 50 a 54 años;Hombres;0
Total Nacional;02 Aragón;081 XV.Embarazo, parto y puerperio;De 50 a 54 años;Mujeres;0
Total Nacional;02 Aragón;081 XV.Embarazo, parto y puerperio;De 55 a 59 años;Hombres;0
Total Nacional;02 Aragón;081 XV.Embarazo, parto y puerperio;De 55 a 59 años;Mujeres;0
Total Nacional;02 Aragón;081 XV.Embarazo, parto y puerperio;De 60 a 64 años;Hombres;0
Total Nacional;02 Aragón;081 XV.Embarazo, parto y puerperio;De 60 a 64 años;Mujeres;0
Total Nacional;02 Aragón;081 XV.Embarazo, parto y puerperio;De 65 a 69 años;Hombres;0
Total Nacional;02 Aragón;081 XV.Embarazo, parto y puerperio;De 65 a 69 años;Mujeres;0
Total Nacional;02 Aragón;081 XV.Embarazo, parto y puerperio;De 70 a 74 años;Hombres;0
Total Nacional;02 Aragón;081 XV.Embarazo, parto y puerperio;De 70 a 74 años;Mujeres;0
Total Nacional;02 Aragón;081 XV.Embarazo, parto y puerperio;De 75 a 79 años;Hombres;0
Total Nacional;02 Aragón;081 XV.Embarazo, parto y puerperio;De 75 a 79 años;Mujeres;0
Total Nacional;02 Aragón;081 XV.Embarazo, parto y puerperio;De 80 a 84 años;Hombres;0
Total Nacional;02 Aragón;081 XV.Embarazo, parto y puerperio;De 80 a 84 años;Mujeres;0
Total Nacional;02 Aragón;081 XV.Embarazo, parto y puerperio;De 85 a 89 años;Hombres;0
Total Nacional;02 Aragón;081 XV.Embarazo, parto y puerperio;De 85 a 89 años;Mujeres;0
Total Nacional;02 Aragón;081 XV.Embarazo, parto y puerperio;De 90 a 94 años;Hombres;0
Total Nacional;02 Aragón;081 XV.Embarazo, parto y puerperio;De 90 a 94 años;Mujeres;0
Total Nacional;02 Aragón;081 XV.Embarazo, parto y puerperio;De 95 años y más;Hombres;0
Total Nacional;02 Aragón;081 XV.Embarazo, parto y puerperio;De 95 años y más;Mujeres;0
Total Nacional;02 Aragón;082 XVI.Afecciones originadas en el periodo perinatal;De 1 a 14 años;Hombres;0
Total Nacional;02 Aragón;082 XVI.Afecciones originadas en el periodo perinatal;De 1 a 14 años;Mujeres;1
Total Nacional;02 Aragón;082 XVI.Afecciones originadas en el periodo perinatal;De 15 a 29 años;Hombres;1
Total Nacional;02 Aragón;082 XVI.Afecciones originadas en el periodo perinatal;De 15 a 29 años;Mujeres;0
Total Nacional;02 Aragón;082 XVI.Afecciones originadas en el periodo perinatal;De 30 a 39 años;Hombres;1
Total Nacional;02 Aragón;082 XVI.Afecciones originadas en el periodo perinatal;De 30 a 39 años;Mujeres;0
Total Nacional;02 Aragón;082 XVI.Afecciones originadas en el periodo perinatal;De 40 a 44 años;Hombres;0
Total Nacional;02 Aragón;082 XVI.Afecciones originadas en el periodo perinatal;De 40 a 44 años;Mujeres;0
Total Nacional;02 Aragón;082 XVI.Afecciones originadas en el periodo perinatal;De 45 a 49 años;Hombres;0
Total Nacional;02 Aragón;082 XVI.Afecciones originadas en el periodo perinatal;De 45 a 49 años;Mujeres;0
Total Nacional;02 Aragón;082 XVI.Afecciones originadas en el periodo perinatal;De 50 a 54 años;Hombres;0
Total Nacional;02 Aragón;082 XVI.Afecciones originadas en el periodo perinatal;De 50 a 54 años;Mujeres;0
Total Nacional;02 Aragón;082 XVI.Afecciones originadas en el periodo perinatal;De 55 a 59 años;Hombres;0
Total Nacional;02 Aragón;082 XVI.Afecciones originadas en el periodo perinatal;De 55 a 59 años;Mujeres;0
Total Nacional;02 Aragón;082 XVI.Afecciones originadas en el periodo perinatal;De 60 a 64 años;Hombres;0
Total Nacional;02 Aragón;082 XVI.Afecciones originadas en el periodo perinatal;De 60 a 64 años;Mujeres;0
Total Nacional;02 Aragón;082 XVI.Afecciones originadas en el periodo perinatal;De 65 a 69 años;Hombres;1
Total Nacional;02 Aragón;082 XVI.Afecciones originadas en el periodo perinatal;De 65 a 69 años;Mujeres;0
Total Nacional;02 Aragón;082 XVI.Afecciones originadas en el periodo perinatal;De 70 a 74 años;Hombres;0
Total Nacional;02 Aragón;082 XVI.Afecciones originadas en el periodo perinatal;De 70 a 74 años;Mujeres;0
Total Nacional;02 Aragón;082 XVI.Afecciones originadas en el periodo perinatal;De 75 a 79 años;Hombres;0
Total Nacional;02 Aragón;082 XVI.Afecciones originadas en el periodo perinatal;De 75 a 79 años;Mujeres;0
Total Nacional;02 Aragón;082 XVI.Afecciones originadas en el periodo perinatal;De 80 a 84 años;Hombres;0
Total Nacional;02 Aragón;082 XVI.Afecciones originadas en el periodo perinatal;De 80 a 84 años;Mujeres;0
Total Nacional;02 Aragón;082 XVI.Afecciones originadas en el periodo perinatal;De 85 a 89 años;Hombres;0
Total Nacional;02 Aragón;082 XVI.Afecciones originadas en el periodo perinatal;De 85 a 89 años;Mujeres;0
Total Nacional;02 Aragón;082 XVI.Afecciones originadas en el periodo perinatal;De 90 a 94 años;Hombres;0
Total Nacional;02 Aragón;082 XVI.Afecciones originadas en el periodo perinatal;De 90 a 94 años;Mujeres;0
Total Nacional;02 Aragón;082 XVI.Afecciones originadas en el periodo perinatal;De 95 años y más;Hombres;0
Total Nacional;02 Aragón;082 XVI.Afecciones originadas en el periodo perinatal;De 95 años y más;Mujeres;0
Total Nacional;02 Aragón;083-085 XVII.Malformaciones congénitas, deformidades y anomalías cromosómicas;De 1 a 14 años;Hombres;1
Total Nacional;02 Aragón;083-085 XVII.Malformaciones congénitas, deformidades y anomalías cromosómicas;De 1 a 14 años;Mujeres;2
Total Nacional;02 Aragón;083-085 XVII.Malformaciones congénitas, deformidades y anomalías cromosómicas;De 15 a 29 años;Hombres;0
Total Nacional;02 Aragón;083-085 XVII.Malformaciones congénitas, deformidades y anomalías cromosómicas;De 15 a 29 años;Mujeres;1
Total Nacional;02 Aragón;083-085 XVII.Malformaciones congénitas, deformidades y anomalías cromosómicas;De 30 a 39 años;Hombres;0
Total Nacional;02 Aragón;083-085 XVII.Malformaciones congénitas, deformidades y anomalías cromosómicas;De 30 a 39 años;Mujeres;0
Total Nacional;02 Aragón;083-085 XVII.Malformaciones congénitas, deformidades y anomalías cromosómicas;De 40 a 44 años;Hombres;0
Total Nacional;02 Aragón;083-085 XVII.Malformaciones congénitas, deformidades y anomalías cromosómicas;De 40 a 44 años;Mujeres;0
Total Nacional;02 Aragón;083-085 XVII.Malformaciones congénitas, deformidades y anomalías cromosómicas;De 45 a 49 años;Hombres;1
Total Nacional;02 Aragón;083-085 XVII.Malformaciones congénitas, deformidades y anomalías cromosómicas;De 45 a 49 años;Mujeres;1
Total Nacional;02 Aragón;083-085 XVII.Malformaciones congénitas, deformidades y anomalías cromosómicas;De 50 a 54 años;Hombres;0
Total Nacional;02 Aragón;083-085 XVII.Malformaciones congénitas, deformidades y anomalías cromosómicas;De 50 a 54 años;Mujeres;0
Total Nacional;02 Aragón;083-085 XVII.Malformaciones congénitas, deformidades y anomalías cromosómicas;De 55 a 59 años;Hombres;2
Total Nacional;02 Aragón;083-085 XVII.Malformaciones congénitas, deformidades y anomalías cromosómicas;De 55 a 59 años;Mujeres;2
Total Nacional;02 Aragón;083-085 XVII.Malformaciones congénitas, deformidades y anomalías cromosómicas;De 60 a 64 años;Hombres;0
Total Nacional;02 Aragón;083-085 XVII.Malformaciones congénitas, deformidades y anomalías cromosómicas;De 60 a 64 años;Mujeres;3
Total Nacional;02 Aragón;083-085 XVII.Malformaciones congénitas, deformidades y anomalías cromosómicas;De 65 a 69 años;Hombres;3
Total Nacional;02 Aragón;083-085 XVII.Malformaciones congénitas, deformidades y anomalías cromosómicas;De 65 a 69 años;Mujeres;1
Total Nacional;02 Aragón;083-085 XVII.Malformaciones congénitas, deformidades y anomalías cromosómicas;De 70 a 74 años;Hombres;0
Total Nacional;02 Aragón;083-085 XVII.Malformaciones congénitas, deformidades y anomalías cromosómicas;De 70 a 74 años;Mujeres;1
Total Nacional;02 Aragón;083-085 XVII.Malformaciones congénitas, deformidades y anomalías cromosómicas;De 75 a 79 años;Hombres;0
Total Nacional;02 Aragón;083-085 XVII.Malformaciones congénitas, deformidades y anomalías cromosómicas;De 75 a 79 años;Mujeres;0
Total Nacional;02 Aragón;083-085 XVII.Malformaciones congénitas, deformidades y anomalías cromosómicas;De 80 a 84 años;Hombres;0
Total Nacional;02 Aragón;083-085 XVII.Malformaciones congénitas, deformidades y anomalías cromosómicas;De 80 a 84 años;Mujeres;4
Total Nacional;02 Aragón;083-085 XVII.Malformaciones congénitas, deformidades y anomalías cromosómicas;De 85 a 89 años;Hombres;0
Total Nacional;02 Aragón;083-085 XVII.Malformaciones congénitas, deformidades y anomalías cromosómicas;De 85 a 89 años;Mujeres;0
Total Nacional;02 Aragón;083-085 XVII.Malformaciones congénitas, deformidades y anomalías cromosómicas;De 90 a 94 años;Hombres;0
Total Nacional;02 Aragón;083-085 XVII.Malformaciones congénitas, deformidades y anomalías cromosómicas;De 90 a 94 años;Mujeres;1
Total Nacional;02 Aragón;083-085 XVII.Malformaciones congénitas, deformidades y anomalías cromosómicas;De 95 años y más;Hombres;0
Total Nacional;02 Aragón;083-085 XVII.Malformaciones congénitas, deformidades y anomalías cromosómicas;De 95 años y más;Mujeres;0
Total Nacional;02 Aragón;086-089 XVIII.Síntomas, signos y hallazgos anormales clínicos y de laboratorio, no clasificados en otra parte;De 1 a 14 años;Hombres;1
Total Nacional;02 Aragón;086-089 XVIII.Síntomas, signos y hallazgos anormales clínicos y de laboratorio, no clasificados en otra parte;De 1 a 14 años;Mujeres;0
Total Nacional;02 Aragón;086-089 XVIII.Síntomas, signos y hallazgos anormales clínicos y de laboratorio, no clasificados en otra parte;De 15 a 29 años;Hombres;1
Total Nacional;02 Aragón;086-089 XVIII.Síntomas, signos y hallazgos anormales clínicos y de laboratorio, no clasificados en otra parte;De 15 a 29 años;Mujeres;1
Total Nacional;02 Aragón;086-089 XVIII.Síntomas, signos y hallazgos anormales clínicos y de laboratorio, no clasificados en otra parte;De 30 a 39 años;Hombres;1
Total Nacional;02 Aragón;086-089 XVIII.Síntomas, signos y hallazgos anormales clínicos y de laboratorio, no clasificados en otra parte;De 30 a 39 años;Mujeres;0
Total Nacional;02 Aragón;086-089 XVIII.Síntomas, signos y hallazgos anormales clínicos y de laboratorio, no clasificados en otra parte;De 40 a 44 años;Hombres;2
Total Nacional;02 Aragón;086-089 XVIII.Síntomas, signos y hallazgos anormales clínicos y de laboratorio, no clasificados en otra parte;De 40 a 44 años;Mujeres;1
Total Nacional;02 Aragón;086-089 XVIII.Síntomas, signos y hallazgos anormales clínicos y de laboratorio, no clasificados en otra parte;De 45 a 49 años;Hombres;1
Total Nacional;02 Aragón;086-089 XVIII.Síntomas, signos y hallazgos anormales clínicos y de laboratorio, no clasificados en otra parte;De 45 a 49 años;Mujeres;0
Total Nacional;02 Aragón;086-089 XVIII.Síntomas, signos y hallazgos anormales clínicos y de laboratorio, no clasificados en otra parte;De 50 a 54 años;Hombres;2
Total Nacional;02 Aragón;086-089 XVIII.Síntomas, signos y hallazgos anormales clínicos y de laboratorio, no clasificados en otra parte;De 50 a 54 años;Mujeres;0
Total Nacional;02 Aragón;086-089 XVIII.Síntomas, signos y hallazgos anormales clínicos y de laboratorio, no clasificados en otra parte;De 55 a 59 años;Hombres;1
Total Nacional;02 Aragón;086-089 XVIII.Síntomas, signos y hallazgos anormales clínicos y de laboratorio, no clasificados en otra parte;De 55 a 59 años;Mujeres;1
Total Nacional;02 Aragón;086-089 XVIII.Síntomas, signos y hallazgos anormales clínicos y de laboratorio, no clasificados en otra parte;De 60 a 64 años;Hombres;3
Total Nacional;02 Aragón;086-089 XVIII.Síntomas, signos y hallazgos anormales clínicos y de laboratorio, no clasificados en otra parte;De 60 a 64 años;Mujeres;0
Total Nacional;02 Aragón;086-089 XVIII.Síntomas, signos y hallazgos anormales clínicos y de laboratorio, no clasificados en otra parte;De 65 a 69 años;Hombres;3
Total Nacional;02 Aragón;086-089 XVIII.Síntomas, signos y hallazgos anormales clínicos y de laboratorio, no clasificados en otra parte;De 65 a 69 años;Mujeres;0
Total Nacional;02 Aragón;086-089 XVIII.Síntomas, signos y hallazgos anormales clínicos y de laboratorio, no clasificados en otra parte;De 70 a 74 años;Hombres;4
Total Nacional;02 Aragón;086-089 XVIII.Síntomas, signos y hallazgos anormales clínicos y de laboratorio, no clasificados en otra parte;De 70 a 74 años;Mujeres;1
Total Nacional;02 Aragón;086-089 XVIII.Síntomas, signos y hallazgos anormales clínicos y de laboratorio, no clasificados en otra parte;De 75 a 79 años;Hombres;1
Total Nacional;02 Aragón;086-089 XVIII.Síntomas, signos y hallazgos anormales clínicos y de laboratorio, no clasificados en otra parte;De 75 a 79 años;Mujeres;1
Total Nacional;02 Aragón;086-089 XVIII.Síntomas, signos y hallazgos anormales clínicos y de laboratorio, no clasificados en otra parte;De 80 a 84 años;Hombres;2
Total Nacional;02 Aragón;086-089 XVIII.Síntomas, signos y hallazgos anormales clínicos y de laboratorio, no clasificados en otra parte;De 80 a 84 años;Mujeres;0
Total Nacional;02 Aragón;086-089 XVIII.Síntomas, signos y hallazgos anormales clínicos y de laboratorio, no clasificados en otra parte;De 85 a 89 años;Hombres;1
Total Nacional;02 Aragón;086-089 XVIII.Síntomas, signos y hallazgos anormales clínicos y de laboratorio, no clasificados en otra parte;De 85 a 89 años;Mujeres;3
Total Nacional;02 Aragón;086-089 XVIII.Síntomas, signos y hallazgos anormales clínicos y de laboratorio, no clasificados en otra parte;De 90 a 94 años;Hombres;6
Total Nacional;02 Aragón;086-089 XVIII.Síntomas, signos y hallazgos anormales clínicos y de laboratorio, no clasificados en otra parte;De 90 a 94 años;Mujeres;10
Total Nacional;02 Aragón;086-089 XVIII.Síntomas, signos y hallazgos anormales clínicos y de laboratorio, no clasificados en otra parte;De 95 años y más;Hombres;4
Total Nacional;02 Aragón;086-089 XVIII.Síntomas, signos y hallazgos anormales clínicos y de laboratorio, no clasificados en otra parte;De 95 años y más;Mujeres;18
Total Nacional;02 Aragón;090-102 XX.Causas externas de mortalidad;De 1 a 14 años;Hombres;2
Total Nacional;02 Aragón;090-102 XX.Causas externas de mortalidad;De 1 a 14 años;Mujeres;2
Total Nacional;02 Aragón;090-102 XX.Causas externas de mortalidad;De 15 a 29 años;Hombres;19
Total Nacional;02 Aragón;090-102 XX.Causas externas de mortalidad;De 15 a 29 años;Mujeres;1
Total Nacional;02 Aragón;090-102 XX.Causas externas de mortalidad;De 30 a 39 años;Hombres;31
Total Nacional;02 Aragón;090-102 XX.Causas externas de mortalidad;De 30 a 39 años;Mujeres;4
Total Nacional;02 Aragón;090-102 XX.Causas externas de mortalidad;De 40 a 44 años;Hombres;14
Total Nacional;02 Aragón;090-102 XX.Causas externas de mortalidad;De 40 a 44 años;Mujeres;10
Total Nacional;02 Aragón;090-102 XX.Causas externas de mortalidad;De 45 a 49 años;Hombres;22
Total Nacional;02 Aragón;090-102 XX.Causas externas de mortalidad;De 45 a 49 años;Mujeres;7
Total Nacional;02 Aragón;090-102 XX.Causas externas de mortalidad;De 50 a 54 años;Hombres;16
Total Nacional;02 Aragón;090-102 XX.Causas externas de mortalidad;De 50 a 54 años;Mujeres;8
Total Nacional;02 Aragón;090-102 XX.Causas externas de mortalidad;De 55 a 59 años;Hombres;20
Total Nacional;02 Aragón;090-102 XX.Causas externas de mortalidad;De 55 a 59 años;Mujeres;7
Total Nacional;02 Aragón;090-102 XX.Causas externas de mortalidad;De 60 a 64 años;Hombres;32
Total Nacional;02 Aragón;090-102 XX.Causas externas de mortalidad;De 60 a 64 años;Mujeres;12
Total Nacional;02 Aragón;090-102 XX.Causas externas de mortalidad;De 65 a 69 años;Hombres;20
Total Nacional;02 Aragón;090-102 XX.Causas externas de mortalidad;De 65 a 69 años;Mujeres;7
Total Nacional;02 Aragón;090-102 XX.Causas externas de mortalidad;De 70 a 74 años;Hombres;12
Total Nacional;02 Aragón;090-102 XX.Causas externas de mortalidad;De 70 a 74 años;Mujeres;8
Total Nacional;02 Aragón;090-102 XX.Causas externas de mortalidad;De 75 a 79 años;Hombres;19
Total Nacional;02 Aragón;090-102 XX.Causas externas de mortalidad;De 75 a 79 años;Mujeres;6
Total Nacional;02 Aragón;090-102 XX.Causas externas de mortalidad;De 80 a 84 años;Hombres;19
Total Nacional;02 Aragón;090-102 XX.Causas externas de mortalidad;De 80 a 84 años;Mujeres;15
Total Nacional;02 Aragón;090-102 XX.Causas externas de mortalidad;De 85 a 89 años;Hombres;16
Total Nacional;02 Aragón;090-102 XX.Causas externas de mortalidad;De 85 a 89 años;Mujeres;13
Total Nacional;02 Aragón;090-102 XX.Causas externas de mortalidad;De 90 a 94 años;Hombres;14
Total Nacional;02 Aragón;090-102 XX.Causas externas de mortalidad;De 90 a 94 años;Mujeres;19
Total Nacional;02 Aragón;090-102 XX.Causas externas de mortalidad;De 95 años y más;Hombres;6
Total Nacional;02 Aragón;090-102 XX.Causas externas de mortalidad;De 95 años y más;Mujeres;11
Total Nacional;03 Asturias, Principado de;001-008 I.Enfermedades infecciosas y parasitarias;De 1 a 14 años;Hombres;0
Total Nacional;03 Asturias, Principado de;001-008 I.Enfermedades infecciosas y parasitarias;De 1 a 14 años;Mujeres;0
Total Nacional;03 Asturias, Principado de;001-008 I.Enfermedades infecciosas y parasitarias;De 15 a 29 años;Hombres;0
Total Nacional;03 Asturias, Principado de;001-008 I.Enfermedades infecciosas y parasitarias;De 15 a 29 años;Mujeres;0
Total Nacional;03 Asturias, Principado de;001-008 I.Enfermedades infecciosas y parasitarias;De 30 a 39 años;Hombres;1
Total Nacional;03 Asturias, Principado de;001-008 I.Enfermedades infecciosas y parasitarias;De 30 a 39 años;Mujeres;0
Total Nacional;03 Asturias, Principado de;001-008 I.Enfermedades infecciosas y parasitarias;De 40 a 44 años;Hombres;0
Total Nacional;03 Asturias, Principado de;001-008 I.Enfermedades infecciosas y parasitarias;De 40 a 44 años;Mujeres;0
Total Nacional;03 Asturias, Principado de;001-008 I.Enfermedades infecciosas y parasitarias;De 45 a 49 años;Hombres;3
Total Nacional;03 Asturias, Principado de;001-008 I.Enfermedades infecciosas y parasitarias;De 45 a 49 años;Mujeres;0
Total Nacional;03 Asturias, Principado de;001-008 I.Enfermedades infecciosas y parasitarias;De 50 a 54 años;Hombres;3
Total Nacional;03 Asturias, Principado de;001-008 I.Enfermedades infecciosas y parasitarias;De 50 a 54 años;Mujeres;1
Total Nacional;03 Asturias, Principado de;001-008 I.Enfermedades infecciosas y parasitarias;De 55 a 59 años;Hombres;8
Total Nacional;03 Asturias, Principado de;001-008 I.Enfermedades infecciosas y parasitarias;De 55 a 59 años;Mujeres;2
Total Nacional;03 Asturias, Principado de;001-008 I.Enfermedades infecciosas y parasitarias;De 60 a 64 años;Hombres;9
Total Nacional;03 Asturias, Principado de;001-008 I.Enfermedades infecciosas y parasitarias;De 60 a 64 años;Mujeres;2
Total Nacional;03 Asturias, Principado de;001-008 I.Enfermedades infecciosas y parasitarias;De 65 a 69 años;Hombres;8
Total Nacional;03 Asturias, Principado de;001-008 I.Enfermedades infecciosas y parasitarias;De 65 a 69 años;Mujeres;10
Total Nacional;03 Asturias, Principado de;001-008 I.Enfermedades infecciosas y parasitarias;De 70 a 74 años;Hombres;9
Total Nacional;03 Asturias, Principado de;001-008 I.Enfermedades infecciosas y parasitarias;De 70 a 74 años;Mujeres;8
Total Nacional;03 Asturias, Principado de;001-008 I.Enfermedades infecciosas y parasitarias;De 75 a 79 años;Hombres;28
Total Nacional;03 Asturias, Principado de;001-008 I.Enfermedades infecciosas y parasitarias;De 75 a 79 años;Mujeres;13
Total Nacional;03 Asturias, Principado de;001-008 I.Enfermedades infecciosas y parasitarias;De 80 a 84 años;Hombres;25
Total Nacional;03 Asturias, Principado de;001-008 I.Enfermedades infecciosas y parasitarias;De 80 a 84 años;Mujeres;19
Total Nacional;03 Asturias, Principado de;001-008 I.Enfermedades infecciosas y parasitarias;De 85 a 89 años;Hombres;31
Total Nacional;03 Asturias, Principado de;001-008 I.Enfermedades infecciosas y parasitarias;De 85 a 89 años;Mujeres;50
Total Nacional;03 Asturias, Principado de;001-008 I.Enfermedades infecciosas y parasitarias;De 90 a 94 años;Hombres;37
Total Nacional;03 Asturias, Principado de;001-008 I.Enfermedades infecciosas y parasitarias;De 90 a 94 años;Mujeres;63
Total Nacional;03 Asturias, Principado de;001-008 I.Enfermedades infecciosas y parasitarias;De 95 años y más;Hombres;16
Total Nacional;03 Asturias, Principado de;001-008 I.Enfermedades infecciosas y parasitarias;De 95 años y más;Mujeres;39
Total Nacional;03 Asturias, Principado de;009-041 II.Tumores;De 1 a 14 años;Hombres;2
Total Nacional;03 Asturias, Principado de;009-041 II.Tumores;De 1 a 14 años;Mujeres;1
Total Nacional;03 Asturias, Principado de;009-041 II.Tumores;De 15 a 29 años;Hombres;3
Total Nacional;03 Asturias, Principado de;009-041 II.Tumores;De 15 a 29 años;Mujeres;1
Total Nacional;03 Asturias, Principado de;009-041 II.Tumores;De 30 a 39 años;Hombres;6
Total Nacional;03 Asturias, Principado de;009-041 II.Tumores;De 30 a 39 años;Mujeres;2
Total Nacional;03 Asturias, Principado de;009-041 II.Tumores;De 40 a 44 años;Hombres;3
Total Nacional;03 Asturias, Principado de;009-041 II.Tumores;De 40 a 44 años;Mujeres;12
Total Nacional;03 Asturias, Principado de;009-041 II.Tumores;De 45 a 49 años;Hombres;26
Total Nacional;03 Asturias, Principado de;009-041 II.Tumores;De 45 a 49 años;Mujeres;31
Total Nacional;03 Asturias, Principado de;009-041 II.Tumores;De 50 a 54 años;Hombres;52
Total Nacional;03 Asturias, Principado de;009-041 II.Tumores;De 50 a 54 años;Mujeres;41
Total Nacional;03 Asturias, Principado de;009-041 II.Tumores;De 55 a 59 años;Hombres;86
Total Nacional;03 Asturias, Principado de;009-041 II.Tumores;De 55 a 59 años;Mujeres;62
Total Nacional;03 Asturias, Principado de;009-041 II.Tumores;De 60 a 64 años;Hombres;195
Total Nacional;03 Asturias, Principado de;009-041 II.Tumores;De 60 a 64 años;Mujeres;115
Total Nacional;03 Asturias, Principado de;009-041 II.Tumores;De 65 a 69 años;Hombres;257
Total Nacional;03 Asturias, Principado de;009-041 II.Tumores;De 65 a 69 años;Mujeres;176
Total Nacional;03 Asturias, Principado de;009-041 II.Tumores;De 70 a 74 años;Hombres;305
Total Nacional;03 Asturias, Principado de;009-041 II.Tumores;De 70 a 74 años;Mujeres;166
Total Nacional;03 Asturias, Principado de;009-041 II.Tumores;De 75 a 79 años;Hombres;330
Total Nacional;03 Asturias, Principado de;009-041 II.Tumores;De 75 a 79 años;Mujeres;225
Total Nacional;03 Asturias, Principado de;009-041 II.Tumores;De 80 a 84 años;Hombres;310
Total Nacional;03 Asturias, Principado de;009-041 II.Tumores;De 80 a 84 años;Mujeres;196
Total Nacional;03 Asturias, Principado de;009-041 II.Tumores;De 85 a 89 años;Hombres;265
Total Nacional;03 Asturias, Principado de;009-041 II.Tumores;De 85 a 89 años;Mujeres;248
Total Nacional;03 Asturias, Principado de;009-041 II.Tumores;De 90 a 94 años;Hombres;148
Total Nacional;03 Asturias, Principado de;009-041 II.Tumores;De 90 a 94 años;Mujeres;186
Total Nacional;03 Asturias, Principado de;009-041 II.Tumores;De 95 años y más;Hombres;44
Total Nacional;03 Asturias, Principado de;009-041 II.Tumores;De 95 años y más;Mujeres;86
Total Nacional;03 Asturias, Principado de;050-052 VI-VIII.Enfermedades del sistema nervioso y de los órganos de los sentidos;De 1 a 14 años;Hombres;1
Total Nacional;03 Asturias, Principado de;050-052 VI-VIII.Enfermedades del sistema nervioso y de los órganos de los sentidos;De 1 a 14 años;Mujeres;0
Total Nacional;03 Asturias, Principado de;050-052 VI-VIII.Enfermedades del sistema nervioso y de los órganos de los sentidos;De 15 a 29 años;Hombres;2
Total Nacional;03 Asturias, Principado de;050-052 VI-VIII.Enfermedades del sistema nervioso y de los órganos de los sentidos;De 15 a 29 años;Mujeres;0
Total Nacional;03 Asturias, Principado de;050-052 VI-VIII.Enfermedades del sistema nervioso y de los órganos de los sentidos;De 30 a 39 años;Hombres;1
Total Nacional;03 Asturias, Principado de;050-052 VI-VIII.Enfermedades del sistema nervioso y de los órganos de los sentidos;De 30 a 39 años;Mujeres;0
Total Nacional;03 Asturias, Principado de;050-052 VI-VIII.Enfermedades del sistema nervioso y de los órganos de los sentidos;De 40 a 44 años;Hombres;1
Total Nacional;03 Asturias, Principado de;050-052 VI-VIII.Enfermedades del sistema nervioso y de los órganos de los sentidos;De 40 a 44 años;Mujeres;1
Total Nacional;03 Asturias, Principado de;050-052 VI-VIII.Enfermedades del sistema nervioso y de los órganos de los sentidos;De 45 a 49 años;Hombres;4
Total Nacional;03 Asturias, Principado de;050-052 VI-VIII.Enfermedades del sistema nervioso y de los órganos de los sentidos;De 45 a 49 años;Mujeres;0
Total Nacional;03 Asturias, Principado de;050-052 VI-VIII.Enfermedades del sistema nervioso y de los órganos de los sentidos;De 50 a 54 años;Hombres;5
Total Nacional;03 Asturias, Principado de;050-052 VI-VIII.Enfermedades del sistema nervioso y de los órganos de los sentidos;De 50 a 54 años;Mujeres;4
Total Nacional;03 Asturias, Principado de;050-052 VI-VIII.Enfermedades del sistema nervioso y de los órganos de los sentidos;De 55 a 59 años;Hombres;7
Total Nacional;03 Asturias, Principado de;050-052 VI-VIII.Enfermedades del sistema nervioso y de los órganos de los sentidos;De 55 a 59 años;Mujeres;3
Total Nacional;03 Asturias, Principado de;050-052 VI-VIII.Enfermedades del sistema nervioso y de los órganos de los sentidos;De 60 a 64 años;Hombres;11
Total Nacional;03 Asturias, Principado de;050-052 VI-VIII.Enfermedades del sistema nervioso y de los órganos de los sentidos;De 60 a 64 años;Mujeres;3
Total Nacional;03 Asturias, Principado de;050-052 VI-VIII.Enfermedades del sistema nervioso y de los órganos de los sentidos;De 65 a 69 años;Hombres;21
Total Nacional;03 Asturias, Principado de;050-052 VI-VIII.Enfermedades del sistema nervioso y de los órganos de los sentidos;De 65 a 69 años;Mujeres;14
Total Nacional;03 Asturias, Principado de;050-052 VI-VIII.Enfermedades del sistema nervioso y de los órganos de los sentidos;De 70 a 74 años;Hombres;27
Total Nacional;03 Asturias, Principado de;050-052 VI-VIII.Enfermedades del sistema nervioso y de los órganos de los sentidos;De 70 a 74 años;Mujeres;19
Total Nacional;03 Asturias, Principado de;050-052 VI-VIII.Enfermedades del sistema nervioso y de los órganos de los sentidos;De 75 a 79 años;Hombres;39
Total Nacional;03 Asturias, Principado de;050-052 VI-VIII.Enfermedades del sistema nervioso y de los órganos de los sentidos;De 75 a 79 años;Mujeres;37
Total Nacional;03 Asturias, Principado de;050-052 VI-VIII.Enfermedades del sistema nervioso y de los órganos de los sentidos;De 80 a 84 años;Hombres;48
Total Nacional;03 Asturias, Principado de;050-052 VI-VIII.Enfermedades del sistema nervioso y de los órganos de los sentidos;De 80 a 84 años;Mujeres;64
Total Nacional;03 Asturias, Principado de;050-052 VI-VIII.Enfermedades del sistema nervioso y de los órganos de los sentidos;De 85 a 89 años;Hombres;45
Total Nacional;03 Asturias, Principado de;050-052 VI-VIII.Enfermedades del sistema nervioso y de los órganos de los sentidos;De 85 a 89 años;Mujeres;88
Total Nacional;03 Asturias, Principado de;050-052 VI-VIII.Enfermedades del sistema nervioso y de los órganos de los sentidos;De 90 a 94 años;Hombres;32
Total Nacional;03 Asturias, Principado de;050-052 VI-VIII.Enfermedades del sistema nervioso y de los órganos de los sentidos;De 90 a 94 años;Mujeres;88
Total Nacional;03 Asturias, Principado de;050-052 VI-VIII.Enfermedades del sistema nervioso y de los órganos de los sentidos;De 95 años y más;Hombres;9
Total Nacional;03 Asturias, Principado de;050-052 VI-VIII.Enfermedades del sistema nervioso y de los órganos de los sentidos;De 95 años y más;Mujeres;43
Total Nacional;03 Asturias, Principado de;053-061 IX.Enfermedades del sistema circulatorio;De 1 a 14 años;Hombres;0
Total Nacional;03 Asturias, Principado de;053-061 IX.Enfermedades del sistema circulatorio;De 1 a 14 años;Mujeres;0
Total Nacional;03 Asturias, Principado de;053-061 IX.Enfermedades del sistema circulatorio;De 15 a 29 años;Hombres;0
Total Nacional;03 Asturias, Principado de;053-061 IX.Enfermedades del sistema circulatorio;De 15 a 29 años;Mujeres;0
Total Nacional;03 Asturias, Principado de;053-061 IX.Enfermedades del sistema circulatorio;De 30 a 39 años;Hombres;3
Total Nacional;03 Asturias, Principado de;053-061 IX.Enfermedades del sistema circulatorio;De 30 a 39 años;Mujeres;0
Total Nacional;03 Asturias, Principado de;053-061 IX.Enfermedades del sistema circulatorio;De 40 a 44 años;Hombres;6
Total Nacional;03 Asturias, Principado de;053-061 IX.Enfermedades del sistema circulatorio;De 40 a 44 años;Mujeres;3
Total Nacional;03 Asturias, Principado de;053-061 IX.Enfermedades del sistema circulatorio;De 45 a 49 años;Hombres;26
Total Nacional;03 Asturias, Principado de;053-061 IX.Enfermedades del sistema circulatorio;De 45 a 49 años;Mujeres;7
Total Nacional;03 Asturias, Principado de;053-061 IX.Enfermedades del sistema circulatorio;De 50 a 54 años;Hombres;37
Total Nacional;03 Asturias, Principado de;053-061 IX.Enfermedades del sistema circulatorio;De 50 a 54 años;Mujeres;6
Total Nacional;03 Asturias, Principado de;053-061 IX.Enfermedades del sistema circulatorio;De 55 a 59 años;Hombres;55
Total Nacional;03 Asturias, Principado de;053-061 IX.Enfermedades del sistema circulatorio;De 55 a 59 años;Mujeres;20
Total Nacional;03 Asturias, Principado de;053-061 IX.Enfermedades del sistema circulatorio;De 60 a 64 años;Hombres;95
Total Nacional;03 Asturias, Principado de;053-061 IX.Enfermedades del sistema circulatorio;De 60 a 64 años;Mujeres;28
Total Nacional;03 Asturias, Principado de;053-061 IX.Enfermedades del sistema circulatorio;De 65 a 69 años;Hombres;126
Total Nacional;03 Asturias, Principado de;053-061 IX.Enfermedades del sistema circulatorio;De 65 a 69 años;Mujeres;55
Total Nacional;03 Asturias, Principado de;053-061 IX.Enfermedades del sistema circulatorio;De 70 a 74 años;Hombres;135
Total Nacional;03 Asturias, Principado de;053-061 IX.Enfermedades del sistema circulatorio;De 70 a 74 años;Mujeres;57
Total Nacional;03 Asturias, Principado de;053-061 IX.Enfermedades del sistema circulatorio;De 75 a 79 años;Hombres;178
Total Nacional;03 Asturias, Principado de;053-061 IX.Enfermedades del sistema circulatorio;De 75 a 79 años;Mujeres;124
Total Nacional;03 Asturias, Principado de;053-061 IX.Enfermedades del sistema circulatorio;De 80 a 84 años;Hombres;218
Total Nacional;03 Asturias, Principado de;053-061 IX.Enfermedades del sistema circulatorio;De 80 a 84 años;Mujeres;176
Total Nacional;03 Asturias, Principado de;053-061 IX.Enfermedades del sistema circulatorio;De 85 a 89 años;Hombres;250
Total Nacional;03 Asturias, Principado de;053-061 IX.Enfermedades del sistema circulatorio;De 85 a 89 años;Mujeres;404
Total Nacional;03 Asturias, Principado de;053-061 IX.Enfermedades del sistema circulatorio;De 90 a 94 años;Hombres;277
Total Nacional;03 Asturias, Principado de;053-061 IX.Enfermedades del sistema circulatorio;De 90 a 94 años;Mujeres;581
Total Nacional;03 Asturias, Principado de;053-061 IX.Enfermedades del sistema circulatorio;De 95 años y más;Hombres;94
Total Nacional;03 Asturias, Principado de;053-061 IX.Enfermedades del sistema circulatorio;De 95 años y más;Mujeres;404
Total Nacional;03 Asturias, Principado de;062-067 X.Enfermedades del sistema respiratorio;De 1 a 14 años;Hombres;0
Total Nacional;03 Asturias, Principado de;062-067 X.Enfermedades del sistema respiratorio;De 1 a 14 años;Mujeres;0
Total Nacional;03 Asturias, Principado de;062-067 X.Enfermedades del sistema respiratorio;De 15 a 29 años;Hombres;0
Total Nacional;03 Asturias, Principado de;062-067 X.Enfermedades del sistema respiratorio;De 15 a 29 años;Mujeres;0
Total Nacional;03 Asturias, Principado de;062-067 X.Enfermedades del sistema respiratorio;De 30 a 39 años;Hombres;1
Total Nacional;03 Asturias, Principado de;062-067 X.Enfermedades del sistema respiratorio;De 30 a 39 años;Mujeres;0
Total Nacional;03 Asturias, Principado de;062-067 X.Enfermedades del sistema respiratorio;De 40 a 44 años;Hombres;3
Total Nacional;03 Asturias, Principado de;062-067 X.Enfermedades del sistema respiratorio;De 40 a 44 años;Mujeres;2
Total Nacional;03 Asturias, Principado de;062-067 X.Enfermedades del sistema respiratorio;De 45 a 49 años;Hombres;2
Total Nacional;03 Asturias, Principado de;062-067 X.Enfermedades del sistema respiratorio;De 45 a 49 años;Mujeres;3
Total Nacional;03 Asturias, Principado de;062-067 X.Enfermedades del sistema respiratorio;De 50 a 54 años;Hombres;5
Total Nacional;03 Asturias, Principado de;062-067 X.Enfermedades del sistema respiratorio;De 50 a 54 años;Mujeres;2
Total Nacional;03 Asturias, Principado de;062-067 X.Enfermedades del sistema respiratorio;De 55 a 59 años;Hombres;12
Total Nacional;03 Asturias, Principado de;062-067 X.Enfermedades del sistema respiratorio;De 55 a 59 años;Mujeres;4
Total Nacional;03 Asturias, Principado de;062-067 X.Enfermedades del sistema respiratorio;De 60 a 64 años;Hombres;15
Total Nacional;03 Asturias, Principado de;062-067 X.Enfermedades del sistema respiratorio;De 60 a 64 años;Mujeres;11
Total Nacional;03 Asturias, Principado de;062-067 X.Enfermedades del sistema respiratorio;De 65 a 69 años;Hombres;38
Total Nacional;03 Asturias, Principado de;062-067 X.Enfermedades del sistema respiratorio;De 65 a 69 años;Mujeres;18
Total Nacional;03 Asturias, Principado de;062-067 X.Enfermedades del sistema respiratorio;De 70 a 74 años;Hombres;48
Total Nacional;03 Asturias, Principado de;062-067 X.Enfermedades del sistema respiratorio;De 70 a 74 años;Mujeres;18
Total Nacional;03 Asturias, Principado de;062-067 X.Enfermedades del sistema respiratorio;De 75 a 79 años;Hombres;71
Total Nacional;03 Asturias, Principado de;062-067 X.Enfermedades del sistema respiratorio;De 75 a 79 años;Mujeres;35
Total Nacional;03 Asturias, Principado de;062-067 X.Enfermedades del sistema respiratorio;De 80 a 84 años;Hombres;92
Total Nacional;03 Asturias, Principado de;062-067 X.Enfermedades del sistema respiratorio;De 80 a 84 años;Mujeres;60
Total Nacional;03 Asturias, Principado de;062-067 X.Enfermedades del sistema respiratorio;De 85 a 89 años;Hombres;151
Total Nacional;03 Asturias, Principado de;062-067 X.Enfermedades del sistema respiratorio;De 85 a 89 años;Mujeres;151
Total Nacional;03 Asturias, Principado de;062-067 X.Enfermedades del sistema respiratorio;De 90 a 94 años;Hombres;179
Total Nacional;03 Asturias, Principado de;062-067 X.Enfermedades del sistema respiratorio;De 90 a 94 años;Mujeres;194
Total Nacional;03 Asturias, Principado de;062-067 X.Enfermedades del sistema respiratorio;De 95 años y más;Hombres;81
Total Nacional;03 Asturias, Principado de;062-067 X.Enfermedades del sistema respiratorio;De 95 años y más;Mujeres;155
Total Nacional;03 Asturias, Principado de;068-072 XI.Enfermedades del sistema digestivo;De 1 a 14 años;Hombres;0
Total Nacional;03 Asturias, Principado de;068-072 XI.Enfermedades del sistema digestivo;De 1 a 14 años;Mujeres;0
Total Nacional;03 Asturias, Principado de;068-072 XI.Enfermedades del sistema digestivo;De 15 a 29 años;Hombres;0
Total Nacional;03 Asturias, Principado de;068-072 XI.Enfermedades del sistema digestivo;De 15 a 29 años;Mujeres;0
Total Nacional;03 Asturias, Principado de;068-072 XI.Enfermedades del sistema digestivo;De 30 a 39 años;Hombres;2
Total Nacional;03 Asturias, Principado de;068-072 XI.Enfermedades del sistema digestivo;De 30 a 39 años;Mujeres;1
Total Nacional;03 Asturias, Principado de;068-072 XI.Enfermedades del sistema digestivo;De 40 a 44 años;Hombres;1
Total Nacional;03 Asturias, Principado de;068-072 XI.Enfermedades del sistema digestivo;De 40 a 44 años;Mujeres;0
Total Nacional;03 Asturias, Principado de;068-072 XI.Enfermedades del sistema digestivo;De 45 a 49 años;Hombres;4
Total Nacional;03 Asturias, Principado de;068-072 XI.Enfermedades del sistema digestivo;De 45 a 49 años;Mujeres;5
Total Nacional;03 Asturias, Principado de;068-072 XI.Enfermedades del sistema digestivo;De 50 a 54 años;Hombres;17
Total Nacional;03 Asturias, Principado de;068-072 XI.Enfermedades del sistema digestivo;De 50 a 54 años;Mujeres;5
Total Nacional;03 Asturias, Principado de;068-072 XI.Enfermedades del sistema digestivo;De 55 a 59 años;Hombres;16
Total Nacional;03 Asturias, Principado de;068-072 XI.Enfermedades del sistema digestivo;De 55 a 59 años;Mujeres;6
Total Nacional;03 Asturias, Principado de;068-072 XI.Enfermedades del sistema digestivo;De 60 a 64 años;Hombres;31
Total Nacional;03 Asturias, Principado de;068-072 XI.Enfermedades del sistema digestivo;De 60 a 64 años;Mujeres;8
Total Nacional;03 Asturias, Principado de;068-072 XI.Enfermedades del sistema digestivo;De 65 a 69 años;Hombres;41
Total Nacional;03 Asturias, Principado de;068-072 XI.Enfermedades del sistema digestivo;De 65 a 69 años;Mujeres;10
Total Nacional;03 Asturias, Principado de;068-072 XI.Enfermedades del sistema digestivo;De 70 a 74 años;Hombres;38
Total Nacional;03 Asturias, Principado de;068-072 XI.Enfermedades del sistema digestivo;De 70 a 74 años;Mujeres;9
Total Nacional;03 Asturias, Principado de;068-072 XI.Enfermedades del sistema digestivo;De 75 a 79 años;Hombres;54
Total Nacional;03 Asturias, Principado de;068-072 XI.Enfermedades del sistema digestivo;De 75 a 79 años;Mujeres;27
Total Nacional;03 Asturias, Principado de;068-072 XI.Enfermedades del sistema digestivo;De 80 a 84 años;Hombres;44
Total Nacional;03 Asturias, Principado de;068-072 XI.Enfermedades del sistema digestivo;De 80 a 84 años;Mujeres;39
Total Nacional;03 Asturias, Principado de;068-072 XI.Enfermedades del sistema digestivo;De 85 a 89 años;Hombres;45
Total Nacional;03 Asturias, Principado de;068-072 XI.Enfermedades del sistema digestivo;De 85 a 89 años;Mujeres;69
Total Nacional;03 Asturias, Principado de;068-072 XI.Enfermedades del sistema digestivo;De 90 a 94 años;Hombres;39
Total Nacional;03 Asturias, Principado de;068-072 XI.Enfermedades del sistema digestivo;De 90 a 94 años;Mujeres;89
Total Nacional;03 Asturias, Principado de;068-072 XI.Enfermedades del sistema digestivo;De 95 años y más;Hombres;7
Total Nacional;03 Asturias, Principado de;068-072 XI.Enfermedades del sistema digestivo;De 95 años y más;Mujeres;47
Total Nacional;03 Asturias, Principado de;073 XII.Enfermedades de la piel y del tejido subcutáneo;De 1 a 14 años;Hombres;0
Total Nacional;03 Asturias, Principado de;073 XII.Enfermedades de la piel y del tejido subcutáneo;De 1 a 14 años;Mujeres;0
Total Nacional;03 Asturias, Principado de;073 XII.Enfermedades de la piel y del tejido subcutáneo;De 15 a 29 años;Hombres;0
Total Nacional;03 Asturias, Principado de;073 XII.Enfermedades de la piel y del tejido subcutáneo;De 15 a 29 años;Mujeres;0
Total Nacional;03 Asturias, Principado de;073 XII.Enfermedades de la piel y del tejido subcutáneo;De 30 a 39 años;Hombres;0
Total Nacional;03 Asturias, Principado de;073 XII.Enfermedades de la piel y del tejido subcutáneo;De 30 a 39 años;Mujeres;0
Total Nacional;03 Asturias, Principado de;073 XII.Enfermedades de la piel y del tejido subcutáneo;De 40 a 44 años;Hombres;0
Total Nacional;03 Asturias, Principado de;073 XII.Enfermedades de la piel y del tejido subcutáneo;De 40 a 44 años;Mujeres;0
Total Nacional;03 Asturias, Principado de;073 XII.Enfermedades de la piel y del tejido subcutáneo;De 45 a 49 años;Hombres;0
Total Nacional;03 Asturias, Principado de;073 XII.Enfermedades de la piel y del tejido subcutáneo;De 45 a 49 años;Mujeres;0
Total Nacional;03 Asturias, Principado de;073 XII.Enfermedades de la piel y del tejido subcutáneo;De 50 a 54 años;Hombres;0
Total Nacional;03 Asturias, Principado de;073 XII.Enfermedades de la piel y del tejido subcutáneo;De 50 a 54 años;Mujeres;0
Total Nacional;03 Asturias, Principado de;073 XII.Enfermedades de la piel y del tejido subcutáneo;De 55 a 59 años;Hombres;1
Total Nacional;03 Asturias, Principado de;073 XII.Enfermedades de la piel y del tejido subcutáneo;De 55 a 59 años;Mujeres;0
Total Nacional;03 Asturias, Principado de;073 XII.Enfermedades de la piel y del tejido subcutáneo;De 60 a 64 años;Hombres;1
Total Nacional;03 Asturias, Principado de;073 XII.Enfermedades de la piel y del tejido subcutáneo;De 60 a 64 años;Mujeres;0
Total Nacional;03 Asturias, Principado de;073 XII.Enfermedades de la piel y del tejido subcutáneo;De 65 a 69 años;Hombres;0
Total Nacional;03 Asturias, Principado de;073 XII.Enfermedades de la piel y del tejido subcutáneo;De 65 a 69 años;Mujeres;0
Total Nacional;03 Asturias, Principado de;073 XII.Enfermedades de la piel y del tejido subcutáneo;De 70 a 74 años;Hombres;2
Total Nacional;03 Asturias, Principado de;073 XII.Enfermedades de la piel y del tejido subcutáneo;De 70 a 74 años;Mujeres;1
Total Nacional;03 Asturias, Principado de;073 XII.Enfermedades de la piel y del tejido subcutáneo;De 75 a 79 años;Hombres;7
Total Nacional;03 Asturias, Principado de;073 XII.Enfermedades de la piel y del tejido subcutáneo;De 75 a 79 años;Mujeres;2
Total Nacional;03 Asturias, Principado de;073 XII.Enfermedades de la piel y del tejido subcutáneo;De 80 a 84 años;Hombres;4
Total Nacional;03 Asturias, Principado de;073 XII.Enfermedades de la piel y del tejido subcutáneo;De 80 a 84 años;Mujeres;4
Total Nacional;03 Asturias, Principado de;073 XII.Enfermedades de la piel y del tejido subcutáneo;De 85 a 89 años;Hombres;8
Total Nacional;03 Asturias, Principado de;073 XII.Enfermedades de la piel y del tejido subcutáneo;De 85 a 89 años;Mujeres;11
Total Nacional;03 Asturias, Principado de;073 XII.Enfermedades de la piel y del tejido subcutáneo;De 90 a 94 años;Hombres;4
Total Nacional;03 Asturias, Principado de;073 XII.Enfermedades de la piel y del tejido subcutáneo;De 90 a 94 años;Mujeres;16
Total Nacional;03 Asturias, Principado de;073 XII.Enfermedades de la piel y del tejido subcutáneo;De 95 años y más;Hombres;1
Total Nacional;03 Asturias, Principado de;073 XII.Enfermedades de la piel y del tejido subcutáneo;De 95 años y más;Mujeres;13
Total Nacional;03 Asturias, Principado de;074-076 XIII.Enfermedades del sistema osteomuscular y del tejido conjuntivo;De 1 a 14 años;Hombres;0
Total Nacional;03 Asturias, Principado de;074-076 XIII.Enfermedades del sistema osteomuscular y del tejido conjuntivo;De 1 a 14 años;Mujeres;0
Total Nacional;03 Asturias, Principado de;074-076 XIII.Enfermedades del sistema osteomuscular y del tejido conjuntivo;De 15 a 29 años;Hombres;0
Total Nacional;03 Asturias, Principado de;074-076 XIII.Enfermedades del sistema osteomuscular y del tejido conjuntivo;De 15 a 29 años;Mujeres;0
Total Nacional;03 Asturias, Principado de;074-076 XIII.Enfermedades del sistema osteomuscular y del tejido conjuntivo;De 30 a 39 años;Hombres;0
Total Nacional;03 Asturias, Principado de;074-076 XIII.Enfermedades del sistema osteomuscular y del tejido conjuntivo;De 30 a 39 años;Mujeres;0
Total Nacional;03 Asturias, Principado de;074-076 XIII.Enfermedades del sistema osteomuscular y del tejido conjuntivo;De 40 a 44 años;Hombres;0
Total Nacional;03 Asturias, Principado de;074-076 XIII.Enfermedades del sistema osteomuscular y del tejido conjuntivo;De 40 a 44 años;Mujeres;0
Total Nacional;03 Asturias, Principado de;074-076 XIII.Enfermedades del sistema osteomuscular y del tejido conjuntivo;De 45 a 49 años;Hombres;0
Total Nacional;03 Asturias, Principado de;074-076 XIII.Enfermedades del sistema osteomuscular y del tejido conjuntivo;De 45 a 49 años;Mujeres;0
Total Nacional;03 Asturias, Principado de;074-076 XIII.Enfermedades del sistema osteomuscular y del tejido conjuntivo;De 50 a 54 años;Hombres;1
Total Nacional;03 Asturias, Principado de;074-076 XIII.Enfermedades del sistema osteomuscular y del tejido conjuntivo;De 50 a 54 años;Mujeres;1
Total Nacional;03 Asturias, Principado de;074-076 XIII.Enfermedades del sistema osteomuscular y del tejido conjuntivo;De 55 a 59 años;Hombres;1
Total Nacional;03 Asturias, Principado de;074-076 XIII.Enfermedades del sistema osteomuscular y del tejido conjuntivo;De 55 a 59 años;Mujeres;0
Total Nacional;03 Asturias, Principado de;074-076 XIII.Enfermedades del sistema osteomuscular y del tejido conjuntivo;De 60 a 64 años;Hombres;0
Total Nacional;03 Asturias, Principado de;074-076 XIII.Enfermedades del sistema osteomuscular y del tejido conjuntivo;De 60 a 64 años;Mujeres;1
Total Nacional;03 Asturias, Principado de;074-076 XIII.Enfermedades del sistema osteomuscular y del tejido conjuntivo;De 65 a 69 años;Hombres;1
Total Nacional;03 Asturias, Principado de;074-076 XIII.Enfermedades del sistema osteomuscular y del tejido conjuntivo;De 65 a 69 años;Mujeres;2
Total Nacional;03 Asturias, Principado de;074-076 XIII.Enfermedades del sistema osteomuscular y del tejido conjuntivo;De 70 a 74 años;Hombres;4
Total Nacional;03 Asturias, Principado de;074-076 XIII.Enfermedades del sistema osteomuscular y del tejido conjuntivo;De 70 a 74 años;Mujeres;5
Total Nacional;03 Asturias, Principado de;074-076 XIII.Enfermedades del sistema osteomuscular y del tejido conjuntivo;De 75 a 79 años;Hombres;2
Total Nacional;03 Asturias, Principado de;074-076 XIII.Enfermedades del sistema osteomuscular y del tejido conjuntivo;De 75 a 79 años;Mujeres;8
Total Nacional;03 Asturias, Principado de;074-076 XIII.Enfermedades del sistema osteomuscular y del tejido conjuntivo;De 80 a 84 años;Hombres;13
Total Nacional;03 Asturias, Principado de;074-076 XIII.Enfermedades del sistema osteomuscular y del tejido conjuntivo;De 80 a 84 años;Mujeres;13
Total Nacional;03 Asturias, Principado de;074-076 XIII.Enfermedades del sistema osteomuscular y del tejido conjuntivo;De 85 a 89 años;Hombres;12
Total Nacional;03 Asturias, Principado de;074-076 XIII.Enfermedades del sistema osteomuscular y del tejido conjuntivo;De 85 a 89 años;Mujeres;21
Total Nacional;03 Asturias, Principado de;074-076 XIII.Enfermedades del sistema osteomuscular y del tejido conjuntivo;De 90 a 94 años;Hombres;13
Total Nacional;03 Asturias, Principado de;074-076 XIII.Enfermedades del sistema osteomuscular y del tejido conjuntivo;De 90 a 94 años;Mujeres;25
Total Nacional;03 Asturias, Principado de;074-076 XIII.Enfermedades del sistema osteomuscular y del tejido conjuntivo;De 95 años y más;Hombres;3
Total Nacional;03 Asturias, Principado de;074-076 XIII.Enfermedades del sistema osteomuscular y del tejido conjuntivo;De 95 años y más;Mujeres;23
Total Nacional;03 Asturias, Principado de;077-080 XIV.Enfermedades del sistema genitourinario;De 1 a 14 años;Hombres;0
Total Nacional;03 Asturias, Principado de;077-080 XIV.Enfermedades del sistema genitourinario;De 1 a 14 años;Mujeres;0
Total Nacional;03 Asturias, Principado de;077-080 XIV.Enfermedades del sistema genitourinario;De 15 a 29 años;Hombres;0
Total Nacional;03 Asturias, Principado de;077-080 XIV.Enfermedades del sistema genitourinario;De 15 a 29 años;Mujeres;0
Total Nacional;03 Asturias, Principado de;077-080 XIV.Enfermedades del sistema genitourinario;De 30 a 39 años;Hombres;1
Total Nacional;03 Asturias, Principado de;077-080 XIV.Enfermedades del sistema genitourinario;De 30 a 39 años;Mujeres;0
Total Nacional;03 Asturias, Principado de;077-080 XIV.Enfermedades del sistema genitourinario;De 40 a 44 años;Hombres;0
Total Nacional;03 Asturias, Principado de;077-080 XIV.Enfermedades del sistema genitourinario;De 40 a 44 años;Mujeres;0
Total Nacional;03 Asturias, Principado de;077-080 XIV.Enfermedades del sistema genitourinario;De 45 a 49 años;Hombres;0
Total Nacional;03 Asturias, Principado de;077-080 XIV.Enfermedades del sistema genitourinario;De 45 a 49 años;Mujeres;0
Total Nacional;03 Asturias, Principado de;077-080 XIV.Enfermedades del sistema genitourinario;De 50 a 54 años;Hombres;1
Total Nacional;03 Asturias, Principado de;077-080 XIV.Enfermedades del sistema genitourinario;De 50 a 54 años;Mujeres;0
Total Nacional;03 Asturias, Principado de;077-080 XIV.Enfermedades del sistema genitourinario;De 55 a 59 años;Hombres;4
Total Nacional;03 Asturias, Principado de;077-080 XIV.Enfermedades del sistema genitourinario;De 55 a 59 años;Mujeres;2
Total Nacional;03 Asturias, Principado de;077-080 XIV.Enfermedades del sistema genitourinario;De 60 a 64 años;Hombres;2
Total Nacional;03 Asturias, Principado de;077-080 XIV.Enfermedades del sistema genitourinario;De 60 a 64 años;Mujeres;2
Total Nacional;03 Asturias, Principado de;077-080 XIV.Enfermedades del sistema genitourinario;De 65 a 69 años;Hombres;13
Total Nacional;03 Asturias, Principado de;077-080 XIV.Enfermedades del sistema genitourinario;De 65 a 69 años;Mujeres;3
Total Nacional;03 Asturias, Principado de;077-080 XIV.Enfermedades del sistema genitourinario;De 70 a 74 años;Hombres;11
Total Nacional;03 Asturias, Principado de;077-080 XIV.Enfermedades del sistema genitourinario;De 70 a 74 años;Mujeres;8
Total Nacional;03 Asturias, Principado de;077-080 XIV.Enfermedades del sistema genitourinario;De 75 a 79 años;Hombres;21
Total Nacional;03 Asturias, Principado de;077-080 XIV.Enfermedades del sistema genitourinario;De 75 a 79 años;Mujeres;15
Total Nacional;03 Asturias, Principado de;077-080 XIV.Enfermedades del sistema genitourinario;De 80 a 84 años;Hombres;32
Total Nacional;03 Asturias, Principado de;077-080 XIV.Enfermedades del sistema genitourinario;De 80 a 84 años;Mujeres;38
Total Nacional;03 Asturias, Principado de;077-080 XIV.Enfermedades del sistema genitourinario;De 85 a 89 años;Hombres;69
Total Nacional;03 Asturias, Principado de;077-080 XIV.Enfermedades del sistema genitourinario;De 85 a 89 años;Mujeres;105
Total Nacional;03 Asturias, Principado de;077-080 XIV.Enfermedades del sistema genitourinario;De 90 a 94 años;Hombres;67
Total Nacional;03 Asturias, Principado de;077-080 XIV.Enfermedades del sistema genitourinario;De 90 a 94 años;Mujeres;150
Total Nacional;03 Asturias, Principado de;077-080 XIV.Enfermedades del sistema genitourinario;De 95 años y más;Hombres;23
Total Nacional;03 Asturias, Principado de;077-080 XIV.Enfermedades del sistema genitourinario;De 95 años y más;Mujeres;92
Total Nacional;03 Asturias, Principado de;081 XV.Embarazo, parto y puerperio;De 1 a 14 años;Hombres;0
Total Nacional;03 Asturias, Principado de;081 XV.Embarazo, parto y puerperio;De 1 a 14 años;Mujeres;0
Total Nacional;03 Asturias, Principado de;081 XV.Embarazo, parto y puerperio;De 15 a 29 años;Hombres;0
Total Nacional;03 Asturias, Principado de;081 XV.Embarazo, parto y puerperio;De 15 a 29 años;Mujeres;0
Total Nacional;03 Asturias, Principado de;081 XV.Embarazo, parto y puerperio;De 30 a 39 años;Hombres;0
Total Nacional;03 Asturias, Principado de;081 XV.Embarazo, parto y puerperio;De 30 a 39 años;Mujeres;0
Total Nacional;03 Asturias, Principado de;081 XV.Embarazo, parto y puerperio;De 40 a 44 años;Hombres;0
Total Nacional;03 Asturias, Principado de;081 XV.Embarazo, parto y puerperio;De 40 a 44 años;Mujeres;0
Total Nacional;03 Asturias, Principado de;081 XV.Embarazo, parto y puerperio;De 45 a 49 años;Hombres;0
Total Nacional;03 Asturias, Principado de;081 XV.Embarazo, parto y puerperio;De 45 a 49 años;Mujeres;0
Total Nacional;03 Asturias, Principado de;081 XV.Embarazo, parto y puerperio;De 50 a 54 años;Hombres;0
Total Nacional;03 Asturias, Principado de;081 XV.Embarazo, parto y puerperio;De 50 a 54 años;Mujeres;0
Total Nacional;03 Asturias, Principado de;081 XV.Embarazo, parto y puerperio;De 55 a 59 años;Hombres;0
Total Nacional;03 Asturias, Principado de;081 XV.Embarazo, parto y puerperio;De 55 a 59 años;Mujeres;0
Total Nacional;03 Asturias, Principado de;081 XV.Embarazo, parto y puerperio;De 60 a 64 años;Hombres;0
Total Nacional;03 Asturias, Principado de;081 XV.Embarazo, parto y puerperio;De 60 a 64 años;Mujeres;0
Total Nacional;03 Asturias, Principado de;081 XV.Embarazo, parto y puerperio;De 65 a 69 años;Hombres;0
Total Nacional;03 Asturias, Principado de;081 XV.Embarazo, parto y puerperio;De 65 a 69 años;Mujeres;0
Total Nacional;03 Asturias, Principado de;081 XV.Embarazo, parto y puerperio;De 70 a 74 años;Hombres;0
Total Nacional;03 Asturias, Principado de;081 XV.Embarazo, parto y puerperio;De 70 a 74 años;Mujeres;0
Total Nacional;03 Asturias, Principado de;081 XV.Embarazo, parto y puerperio;De 75 a 79 años;Hombres;0
Total Nacional;03 Asturias, Principado de;081 XV.Embarazo, parto y puerperio;De 75 a 79 años;Mujeres;0
Total Nacional;03 Asturias, Principado de;081 XV.Embarazo, parto y puerperio;De 80 a 84 años;Hombres;0
Total Nacional;03 Asturias, Principado de;081 XV.Embarazo, parto y puerperio;De 80 a 84 años;Mujeres;0
Total Nacional;03 Asturias, Principado de;081 XV.Embarazo, parto y puerperio;De 85 a 89 años;Hombres;0
Total Nacional;03 Asturias, Principado de;081 XV.Embarazo, parto y puerperio;De 85 a 89 años;Mujeres;0
Total Nacional;03 Asturias, Principado de;081 XV.Embarazo, parto y puerperio;De 90 a 94 años;Hombres;0
Total Nacional;03 Asturias, Principado de;081 XV.Embarazo, parto y puerperio;De 90 a 94 años;Mujeres;0
Total Nacional;03 Asturias, Principado de;081 XV.Embarazo, parto y puerperio;De 95 años y más;Hombres;0
Total Nacional;03 Asturias, Principado de;081 XV.Embarazo, parto y puerperio;De 95 años y más;Mujeres;0
Total Nacional;03 Asturias, Principado de;082 XVI.Afecciones originadas en el periodo perinatal;De 1 a 14 años;Hombres;0
Total Nacional;03 Asturias, Principado de;082 XVI.Afecciones originadas en el periodo perinatal;De 1 a 14 años;Mujeres;1
Total Nacional;03 Asturias, Principado de;082 XVI.Afecciones originadas en el periodo perinatal;De 15 a 29 años;Hombres;0
Total Nacional;03 Asturias, Principado de;082 XVI.Afecciones originadas en el periodo perinatal;De 15 a 29 años;Mujeres;1
Total Nacional;03 Asturias, Principado de;082 XVI.Afecciones originadas en el periodo perinatal;De 30 a 39 años;Hombres;0
Total Nacional;03 Asturias, Principado de;082 XVI.Afecciones originadas en el periodo perinatal;De 30 a 39 años;Mujeres;0
Total Nacional;03 Asturias, Principado de;082 XVI.Afecciones originadas en el periodo perinatal;De 40 a 44 años;Hombres;0
Total Nacional;03 Asturias, Principado de;082 XVI.Afecciones originadas en el periodo perinatal;De 40 a 44 años;Mujeres;0
Total Nacional;03 Asturias, Principado de;082 XVI.Afecciones originadas en el periodo perinatal;De 45 a 49 años;Hombres;0
Total Nacional;03 Asturias, Principado de;082 XVI.Afecciones originadas en el periodo perinatal;De 45 a 49 años;Mujeres;0
Total Nacional;03 Asturias, Principado de;082 XVI.Afecciones originadas en el periodo perinatal;De 50 a 54 años;Hombres;0
Total Nacional;03 Asturias, Principado de;082 XVI.Afecciones originadas en el periodo perinatal;De 50 a 54 años;Mujeres;0
Total Nacional;03 Asturias, Principado de;082 XVI.Afecciones originadas en el periodo perinatal;De 55 a 59 años;Hombres;0
Total Nacional;03 Asturias, Principado de;082 XVI.Afecciones originadas en el periodo perinatal;De 55 a 59 años;Mujeres;0
Total Nacional;03 Asturias, Principado de;082 XVI.Afecciones originadas en el periodo perinatal;De 60 a 64 años;Hombres;0
Total Nacional;03 Asturias, Principado de;082 XVI.Afecciones originadas en el periodo perinatal;De 60 a 64 años;Mujeres;0
Total Nacional;03 Asturias, Principado de;082 XVI.Afecciones originadas en el periodo perinatal;De 65 a 69 años;Hombres;0
Total Nacional;03 Asturias, Principado de;082 XVI.Afecciones originadas en el periodo perinatal;De 65 a 69 años;Mujeres;0
Total Nacional;03 Asturias, Principado de;082 XVI.Afecciones originadas en el periodo perinatal;De 70 a 74 años;Hombres;0
Total Nacional;03 Asturias, Principado de;082 XVI.Afecciones originadas en el periodo perinatal;De 70 a 74 años;Mujeres;0
Total Nacional;03 Asturias, Principado de;082 XVI.Afecciones originadas en el periodo perinatal;De 75 a 79 años;Hombres;0
Total Nacional;03 Asturias, Principado de;082 XVI.Afecciones originadas en el periodo perinatal;De 75 a 79 años;Mujeres;0
Total Nacional;03 Asturias, Principado de;082 XVI.Afecciones originadas en el periodo perinatal;De 80 a 84 años;Hombres;0
Total Nacional;03 Asturias, Principado de;082 XVI.Afecciones originadas en el periodo perinatal;De 80 a 84 años;Mujeres;0
Total Nacional;03 Asturias, Principado de;082 XVI.Afecciones originadas en el periodo perinatal;De 85 a 89 años;Hombres;0
Total Nacional;03 Asturias, Principado de;082 XVI.Afecciones originadas en el periodo perinatal;De 85 a 89 años;Mujeres;0
Total Nacional;03 Asturias, Principado de;082 XVI.Afecciones originadas en el periodo perinatal;De 90 a 94 años;Hombres;0
Total Nacional;03 Asturias, Principado de;082 XVI.Afecciones originadas en el periodo perinatal;De 90 a 94 años;Mujeres;0
Total Nacional;03 Asturias, Principado de;082 XVI.Afecciones originadas en el periodo perinatal;De 95 años y más;Hombres;0
Total Nacional;03 Asturias, Principado de;082 XVI.Afecciones originadas en el periodo perinatal;De 95 años y más;Mujeres;0
Total Nacional;03 Asturias, Principado de;083-085 XVII.Malformaciones congénitas, deformidades y anomalías cromosómicas;De 1 a 14 años;Hombres;0
Total Nacional;03 Asturias, Principado de;083-085 XVII.Malformaciones congénitas, deformidades y anomalías cromosómicas;De 1 a 14 años;Mujeres;0
Total Nacional;03 Asturias, Principado de;083-085 XVII.Malformaciones congénitas, deformidades y anomalías cromosómicas;De 15 a 29 años;Hombres;0
Total Nacional;03 Asturias, Principado de;083-085 XVII.Malformaciones congénitas, deformidades y anomalías cromosómicas;De 15 a 29 años;Mujeres;0
Total Nacional;03 Asturias, Principado de;083-085 XVII.Malformaciones congénitas, deformidades y anomalías cromosómicas;De 30 a 39 años;Hombres;0
Total Nacional;03 Asturias, Principado de;083-085 XVII.Malformaciones congénitas, deformidades y anomalías cromosómicas;De 30 a 39 años;Mujeres;0
Total Nacional;03 Asturias, Principado de;083-085 XVII.Malformaciones congénitas, deformidades y anomalías cromosómicas;De 40 a 44 años;Hombres;1
Total Nacional;03 Asturias, Principado de;083-085 XVII.Malformaciones congénitas, deformidades y anomalías cromosómicas;De 40 a 44 años;Mujeres;0
Total Nacional;03 Asturias, Principado de;083-085 XVII.Malformaciones congénitas, deformidades y anomalías cromosómicas;De 45 a 49 años;Hombres;0
Total Nacional;03 Asturias, Principado de;083-085 XVII.Malformaciones congénitas, deformidades y anomalías cromosómicas;De 45 a 49 años;Mujeres;0
Total Nacional;03 Asturias, Principado de;083-085 XVII.Malformaciones congénitas, deformidades y anomalías cromosómicas;De 50 a 54 años;Hombres;0
Total Nacional;03 Asturias, Principado de;083-085 XVII.Malformaciones congénitas, deformidades y anomalías cromosómicas;De 50 a 54 años;Mujeres;1
Total Nacional;03 Asturias, Principado de;083-085 XVII.Malformaciones congénitas, deformidades y anomalías cromosómicas;De 55 a 59 años;Hombres;1
Total Nacional;03 Asturias, Principado de;083-085 XVII.Malformaciones congénitas, deformidades y anomalías cromosómicas;De 55 a 59 años;Mujeres;1
Total Nacional;03 Asturias, Principado de;083-085 XVII.Malformaciones congénitas, deformidades y anomalías cromosómicas;De 60 a 64 años;Hombres;1
Total Nacional;03 Asturias, Principado de;083-085 XVII.Malformaciones congénitas, deformidades y anomalías cromosómicas;De 60 a 64 años;Mujeres;3
Total Nacional;03 Asturias, Principado de;083-085 XVII.Malformaciones congénitas, deformidades y anomalías cromosómicas;De 65 a 69 años;Hombres;2
Total Nacional;03 Asturias, Principado de;083-085 XVII.Malformaciones congénitas, deformidades y anomalías cromosómicas;De 65 a 69 años;Mujeres;5
Total Nacional;03 Asturias, Principado de;083-085 XVII.Malformaciones congénitas, deformidades y anomalías cromosómicas;De 70 a 74 años;Hombres;0
Total Nacional;03 Asturias, Principado de;083-085 XVII.Malformaciones congénitas, deformidades y anomalías cromosómicas;De 70 a 74 años;Mujeres;3
Total Nacional;03 Asturias, Principado de;083-085 XVII.Malformaciones congénitas, deformidades y anomalías cromosómicas;De 75 a 79 años;Hombres;0
Total Nacional;03 Asturias, Principado de;083-085 XVII.Malformaciones congénitas, deformidades y anomalías cromosómicas;De 75 a 79 años;Mujeres;0
Total Nacional;03 Asturias, Principado de;083-085 XVII.Malformaciones congénitas, deformidades y anomalías cromosómicas;De 80 a 84 años;Hombres;1
Total Nacional;03 Asturias, Principado de;083-085 XVII.Malformaciones congénitas, deformidades y anomalías cromosómicas;De 80 a 84 años;Mujeres;3
Total Nacional;03 Asturias, Principado de;083-085 XVII.Malformaciones congénitas, deformidades y anomalías cromosómicas;De 85 a 89 años;Hombres;0
Total Nacional;03 Asturias, Principado de;083-085 XVII.Malformaciones congénitas, deformidades y anomalías cromosómicas;De 85 a 89 años;Mujeres;1
Total Nacional;03 Asturias, Principado de;083-085 XVII.Malformaciones congénitas, deformidades y anomalías cromosómicas;De 90 a 94 años;Hombres;0
Total Nacional;03 Asturias, Principado de;083-085 XVII.Malformaciones congénitas, deformidades y anomalías cromosómicas;De 90 a 94 años;Mujeres;0
Total Nacional;03 Asturias, Principado de;083-085 XVII.Malformaciones congénitas, deformidades y anomalías cromosómicas;De 95 años y más;Hombres;0
Total Nacional;03 Asturias, Principado de;083-085 XVII.Malformaciones congénitas, deformidades y anomalías cromosómicas;De 95 años y más;Mujeres;0
Total Nacional;03 Asturias, Principado de;086-089 XVIII.Síntomas, signos y hallazgos anormales clínicos y de laboratorio, no clasificados en otra parte;De 1 a 14 años;Hombres;0
Total Nacional;03 Asturias, Principado de;086-089 XVIII.Síntomas, signos y hallazgos anormales clínicos y de laboratorio, no clasificados en otra parte;De 1 a 14 años;Mujeres;0
Total Nacional;03 Asturias, Principado de;086-089 XVIII.Síntomas, signos y hallazgos anormales clínicos y de laboratorio, no clasificados en otra parte;De 15 a 29 años;Hombres;1
Total Nacional;03 Asturias, Principado de;086-089 XVIII.Síntomas, signos y hallazgos anormales clínicos y de laboratorio, no clasificados en otra parte;De 15 a 29 años;Mujeres;0
Total Nacional;03 Asturias, Principado de;086-089 XVIII.Síntomas, signos y hallazgos anormales clínicos y de laboratorio, no clasificados en otra parte;De 30 a 39 años;Hombres;7
Total Nacional;03 Asturias, Principado de;086-089 XVIII.Síntomas, signos y hallazgos anormales clínicos y de laboratorio, no clasificados en otra parte;De 30 a 39 años;Mujeres;1
Total Nacional;03 Asturias, Principado de;086-089 XVIII.Síntomas, signos y hallazgos anormales clínicos y de laboratorio, no clasificados en otra parte;De 40 a 44 años;Hombres;2
Total Nacional;03 Asturias, Principado de;086-089 XVIII.Síntomas, signos y hallazgos anormales clínicos y de laboratorio, no clasificados en otra parte;De 40 a 44 años;Mujeres;1
Total Nacional;03 Asturias, Principado de;086-089 XVIII.Síntomas, signos y hallazgos anormales clínicos y de laboratorio, no clasificados en otra parte;De 45 a 49 años;Hombres;0
Total Nacional;03 Asturias, Principado de;086-089 XVIII.Síntomas, signos y hallazgos anormales clínicos y de laboratorio, no clasificados en otra parte;De 45 a 49 años;Mujeres;2
Total Nacional;03 Asturias, Principado de;086-089 XVIII.Síntomas, signos y hallazgos anormales clínicos y de laboratorio, no clasificados en otra parte;De 50 a 54 años;Hombres;5
Total Nacional;03 Asturias, Principado de;086-089 XVIII.Síntomas, signos y hallazgos anormales clínicos y de laboratorio, no clasificados en otra parte;De 50 a 54 años;Mujeres;0
Total Nacional;03 Asturias, Principado de;086-089 XVIII.Síntomas, signos y hallazgos anormales clínicos y de laboratorio, no clasificados en otra parte;De 55 a 59 años;Hombres;7
Total Nacional;03 Asturias, Principado de;086-089 XVIII.Síntomas, signos y hallazgos anormales clínicos y de laboratorio, no clasificados en otra parte;De 55 a 59 años;Mujeres;4
Total Nacional;03 Asturias, Principado de;086-089 XVIII.Síntomas, signos y hallazgos anormales clínicos y de laboratorio, no clasificados en otra parte;De 60 a 64 años;Hombres;5
Total Nacional;03 Asturias, Principado de;086-089 XVIII.Síntomas, signos y hallazgos anormales clínicos y de laboratorio, no clasificados en otra parte;De 60 a 64 años;Mujeres;2
Total Nacional;03 Asturias, Principado de;086-089 XVIII.Síntomas, signos y hallazgos anormales clínicos y de laboratorio, no clasificados en otra parte;De 65 a 69 años;Hombres;1
Total Nacional;03 Asturias, Principado de;086-089 XVIII.Síntomas, signos y hallazgos anormales clínicos y de laboratorio, no clasificados en otra parte;De 65 a 69 años;Mujeres;5
Total Nacional;03 Asturias, Principado de;086-089 XVIII.Síntomas, signos y hallazgos anormales clínicos y de laboratorio, no clasificados en otra parte;De 70 a 74 años;Hombres;3
Total Nacional;03 Asturias, Principado de;086-089 XVIII.Síntomas, signos y hallazgos anormales clínicos y de laboratorio, no clasificados en otra parte;De 70 a 74 años;Mujeres;2
Total Nacional;03 Asturias, Principado de;086-089 XVIII.Síntomas, signos y hallazgos anormales clínicos y de laboratorio, no clasificados en otra parte;De 75 a 79 años;Hombres;5
Total Nacional;03 Asturias, Principado de;086-089 XVIII.Síntomas, signos y hallazgos anormales clínicos y de laboratorio, no clasificados en otra parte;De 75 a 79 años;Mujeres;1
Total Nacional;03 Asturias, Principado de;086-089 XVIII.Síntomas, signos y hallazgos anormales clínicos y de laboratorio, no clasificados en otra parte;De 80 a 84 años;Hombres;8
Total Nacional;03 Asturias, Principado de;086-089 XVIII.Síntomas, signos y hallazgos anormales clínicos y de laboratorio, no clasificados en otra parte;De 80 a 84 años;Mujeres;12
Total Nacional;03 Asturias, Principado de;086-089 XVIII.Síntomas, signos y hallazgos anormales clínicos y de laboratorio, no clasificados en otra parte;De 85 a 89 años;Hombres;16
Total Nacional;03 Asturias, Principado de;086-089 XVIII.Síntomas, signos y hallazgos anormales clínicos y de laboratorio, no clasificados en otra parte;De 85 a 89 años;Mujeres;18
Total Nacional;03 Asturias, Principado de;086-089 XVIII.Síntomas, signos y hallazgos anormales clínicos y de laboratorio, no clasificados en otra parte;De 90 a 94 años;Hombres;10
Total Nacional;03 Asturias, Principado de;086-089 XVIII.Síntomas, signos y hallazgos anormales clínicos y de laboratorio, no clasificados en otra parte;De 90 a 94 años;Mujeres;50
Total Nacional;03 Asturias, Principado de;086-089 XVIII.Síntomas, signos y hallazgos anormales clínicos y de laboratorio, no clasificados en otra parte;De 95 años y más;Hombres;11
Total Nacional;03 Asturias, Principado de;086-089 XVIII.Síntomas, signos y hallazgos anormales clínicos y de laboratorio, no clasificados en otra parte;De 95 años y más;Mujeres;55
Total Nacional;03 Asturias, Principado de;090-102 XX.Causas externas de mortalidad;De 1 a 14 años;Hombres;2
Total Nacional;03 Asturias, Principado de;090-102 XX.Causas externas de mortalidad;De 1 a 14 años;Mujeres;0
Total Nacional;03 Asturias, Principado de;090-102 XX.Causas externas de mortalidad;De 15 a 29 años;Hombres;16
Total Nacional;03 Asturias, Principado de;090-102 XX.Causas externas de mortalidad;De 15 a 29 años;Mujeres;4
Total Nacional;03 Asturias, Principado de;090-102 XX.Causas externas de mortalidad;De 30 a 39 años;Hombres;22
Total Nacional;03 Asturias, Principado de;090-102 XX.Causas externas de mortalidad;De 30 a 39 años;Mujeres;4
Total Nacional;03 Asturias, Principado de;090-102 XX.Causas externas de mortalidad;De 40 a 44 años;Hombres;17
Total Nacional;03 Asturias, Principado de;090-102 XX.Causas externas de mortalidad;De 40 a 44 años;Mujeres;0
Total Nacional;03 Asturias, Principado de;090-102 XX.Causas externas de mortalidad;De 45 a 49 años;Hombres;14
Total Nacional;03 Asturias, Principado de;090-102 XX.Causas externas de mortalidad;De 45 a 49 años;Mujeres;4
Total Nacional;03 Asturias, Principado de;090-102 XX.Causas externas de mortalidad;De 50 a 54 años;Hombres;26
Total Nacional;03 Asturias, Principado de;090-102 XX.Causas externas de mortalidad;De 50 a 54 años;Mujeres;9
Total Nacional;03 Asturias, Principado de;090-102 XX.Causas externas de mortalidad;De 55 a 59 años;Hombres;24
Total Nacional;03 Asturias, Principado de;090-102 XX.Causas externas de mortalidad;De 55 a 59 años;Mujeres;12
Total Nacional;03 Asturias, Principado de;090-102 XX.Causas externas de mortalidad;De 60 a 64 años;Hombres;25
Total Nacional;03 Asturias, Principado de;090-102 XX.Causas externas de mortalidad;De 60 a 64 años;Mujeres;7
Total Nacional;03 Asturias, Principado de;090-102 XX.Causas externas de mortalidad;De 65 a 69 años;Hombres;22
Total Nacional;03 Asturias, Principado de;090-102 XX.Causas externas de mortalidad;De 65 a 69 años;Mujeres;10
Total Nacional;03 Asturias, Principado de;090-102 XX.Causas externas de mortalidad;De 70 a 74 años;Hombres;32
Total Nacional;03 Asturias, Principado de;090-102 XX.Causas externas de mortalidad;De 70 a 74 años;Mujeres;9
Total Nacional;03 Asturias, Principado de;090-102 XX.Causas externas de mortalidad;De 75 a 79 años;Hombres;36
Total Nacional;03 Asturias, Principado de;090-102 XX.Causas externas de mortalidad;De 75 a 79 años;Mujeres;14
Total Nacional;03 Asturias, Principado de;090-102 XX.Causas externas de mortalidad;De 80 a 84 años;Hombres;29
Total Nacional;03 Asturias, Principado de;090-102 XX.Causas externas de mortalidad;De 80 a 84 años;Mujeres;34
Total Nacional;03 Asturias, Principado de;090-102 XX.Causas externas de mortalidad;De 85 a 89 años;Hombres;33
Total Nacional;03 Asturias, Principado de;090-102 XX.Causas externas de mortalidad;De 85 a 89 años;Mujeres;38
Total Nacional;03 Asturias, Principado de;090-102 XX.Causas externas de mortalidad;De 90 a 94 años;Hombres;22
Total Nacional;03 Asturias, Principado de;090-102 XX.Causas externas de mortalidad;De 90 a 94 años;Mujeres;47
Total Nacional;03 Asturias, Principado de;090-102 XX.Causas externas de mortalidad;De 95 años y más;Hombres;14
Total Nacional;03 Asturias, Principado de;090-102 XX.Causas externas de mortalidad;De 95 años y más;Mujeres;33
Total Nacional;04 Balears, Illes;001-008 I.Enfermedades infecciosas y parasitarias;De 1 a 14 años;Hombres;0
Total Nacional;04 Balears, Illes;001-008 I.Enfermedades infecciosas y parasitarias;De 1 a 14 años;Mujeres;0
Total Nacional;04 Balears, Illes;001-008 I.Enfermedades infecciosas y parasitarias;De 15 a 29 años;Hombres;0
Total Nacional;04 Balears, Illes;001-008 I.Enfermedades infecciosas y parasitarias;De 15 a 29 años;Mujeres;0
Total Nacional;04 Balears, Illes;001-008 I.Enfermedades infecciosas y parasitarias;De 30 a 39 años;Hombres;1
Total Nacional;04 Balears, Illes;001-008 I.Enfermedades infecciosas y parasitarias;De 30 a 39 años;Mujeres;0
Total Nacional;04 Balears, Illes;001-008 I.Enfermedades infecciosas y parasitarias;De 40 a 44 años;Hombres;2
Total Nacional;04 Balears, Illes;001-008 I.Enfermedades infecciosas y parasitarias;De 40 a 44 años;Mujeres;1
Total Nacional;04 Balears, Illes;001-008 I.Enfermedades infecciosas y parasitarias;De 45 a 49 años;Hombres;1
Total Nacional;04 Balears, Illes;001-008 I.Enfermedades infecciosas y parasitarias;De 45 a 49 años;Mujeres;0
Total Nacional;04 Balears, Illes;001-008 I.Enfermedades infecciosas y parasitarias;De 50 a 54 años;Hombres;1
Total Nacional;04 Balears, Illes;001-008 I.Enfermedades infecciosas y parasitarias;De 50 a 54 años;Mujeres;2
Total Nacional;04 Balears, Illes;001-008 I.Enfermedades infecciosas y parasitarias;De 55 a 59 años;Hombres;2
Total Nacional;04 Balears, Illes;001-008 I.Enfermedades infecciosas y parasitarias;De 55 a 59 años;Mujeres;0
Total Nacional;04 Balears, Illes;001-008 I.Enfermedades infecciosas y parasitarias;De 60 a 64 años;Hombres;7
Total Nacional;04 Balears, Illes;001-008 I.Enfermedades infecciosas y parasitarias;De 60 a 64 años;Mujeres;1
Total Nacional;04 Balears, Illes;001-008 I.Enfermedades infecciosas y parasitarias;De 65 a 69 años;Hombres;8
Total Nacional;04 Balears, Illes;001-008 I.Enfermedades infecciosas y parasitarias;De 65 a 69 años;Mujeres;6
Total Nacional;04 Balears, Illes;001-008 I.Enfermedades infecciosas y parasitarias;De 70 a 74 años;Hombres;11
Total Nacional;04 Balears, Illes;001-008 I.Enfermedades infecciosas y parasitarias;De 70 a 74 años;Mujeres;9
Total Nacional;04 Balears, Illes;001-008 I.Enfermedades infecciosas y parasitarias;De 75 a 79 años;Hombres;20
Total Nacional;04 Balears, Illes;001-008 I.Enfermedades infecciosas y parasitarias;De 75 a 79 años;Mujeres;9
Total Nacional;04 Balears, Illes;001-008 I.Enfermedades infecciosas y parasitarias;De 80 a 84 años;Hombres;21
Total Nacional;04 Balears, Illes;001-008 I.Enfermedades infecciosas y parasitarias;De 80 a 84 años;Mujeres;22
Total Nacional;04 Balears, Illes;001-008 I.Enfermedades infecciosas y parasitarias;De 85 a 89 años;Hombres;22
Total Nacional;04 Balears, Illes;001-008 I.Enfermedades infecciosas y parasitarias;De 85 a 89 años;Mujeres;21
Total Nacional;04 Balears, Illes;001-008 I.Enfermedades infecciosas y parasitarias;De 90 a 94 años;Hombres;14
Total Nacional;04 Balears, Illes;001-008 I.Enfermedades infecciosas y parasitarias;De 90 a 94 años;Mujeres;26
Total Nacional;04 Balears, Illes;001-008 I.Enfermedades infecciosas y parasitarias;De 95 años y más;Hombres;4
Total Nacional;04 Balears, Illes;001-008 I.Enfermedades infecciosas y parasitarias;De 95 años y más;Mujeres;11
Total Nacional;04 Balears, Illes;009-041 II.Tumores;De 1 a 14 años;Hombres;2
Total Nacional;04 Balears, Illes;009-041 II.Tumores;De 1 a 14 años;Mujeres;0
Total Nacional;04 Balears, Illes;009-041 II.Tumores;De 15 a 29 años;Hombres;2
Total Nacional;04 Balears, Illes;009-041 II.Tumores;De 15 a 29 años;Mujeres;1
Total Nacional;04 Balears, Illes;009-041 II.Tumores;De 30 a 39 años;Hombres;11
Total Nacional;04 Balears, Illes;009-041 II.Tumores;De 30 a 39 años;Mujeres;3
Total Nacional;04 Balears, Illes;009-041 II.Tumores;De 40 a 44 años;Hombres;13
Total Nacional;04 Balears, Illes;009-041 II.Tumores;De 40 a 44 años;Mujeres;18
Total Nacional;04 Balears, Illes;009-041 II.Tumores;De 45 a 49 años;Hombres;27
Total Nacional;04 Balears, Illes;009-041 II.Tumores;De 45 a 49 años;Mujeres;25
Total Nacional;04 Balears, Illes;009-041 II.Tumores;De 50 a 54 años;Hombres;55
Total Nacional;04 Balears, Illes;009-041 II.Tumores;De 50 a 54 años;Mujeres;34
Total Nacional;04 Balears, Illes;009-041 II.Tumores;De 55 a 59 años;Hombres;79
Total Nacional;04 Balears, Illes;009-041 II.Tumores;De 55 a 59 años;Mujeres;63
Total Nacional;04 Balears, Illes;009-041 II.Tumores;De 60 a 64 años;Hombres;130
Total Nacional;04 Balears, Illes;009-041 II.Tumores;De 60 a 64 años;Mujeres;92
Total Nacional;04 Balears, Illes;009-041 II.Tumores;De 65 a 69 años;Hombres;167
Total Nacional;04 Balears, Illes;009-041 II.Tumores;De 65 a 69 años;Mujeres;114
Total Nacional;04 Balears, Illes;009-041 II.Tumores;De 70 a 74 años;Hombres;211
Total Nacional;04 Balears, Illes;009-041 II.Tumores;De 70 a 74 años;Mujeres;125
Total Nacional;04 Balears, Illes;009-041 II.Tumores;De 75 a 79 años;Hombres;234
Total Nacional;04 Balears, Illes;009-041 II.Tumores;De 75 a 79 años;Mujeres;166
Total Nacional;04 Balears, Illes;009-041 II.Tumores;De 80 a 84 años;Hombres;220
Total Nacional;04 Balears, Illes;009-041 II.Tumores;De 80 a 84 años;Mujeres;130
Total Nacional;04 Balears, Illes;009-041 II.Tumores;De 85 a 89 años;Hombres;143
Total Nacional;04 Balears, Illes;009-041 II.Tumores;De 85 a 89 años;Mujeres;145
Total Nacional;04 Balears, Illes;009-041 II.Tumores;De 90 a 94 años;Hombres;72
Total Nacional;04 Balears, Illes;009-041 II.Tumores;De 90 a 94 años;Mujeres;106
Total Nacional;04 Balears, Illes;009-041 II.Tumores;De 95 años y más;Hombres;18
Total Nacional;04 Balears, Illes;009-041 II.Tumores;De 95 años y más;Mujeres;42
Total Nacional;04 Balears, Illes;050-052 VI-VIII.Enfermedades del sistema nervioso y de los órganos de los sentidos;De 1 a 14 años;Hombres;1
Total Nacional;04 Balears, Illes;050-052 VI-VIII.Enfermedades del sistema nervioso y de los órganos de los sentidos;De 1 a 14 años;Mujeres;1
Total Nacional;04 Balears, Illes;050-052 VI-VIII.Enfermedades del sistema nervioso y de los órganos de los sentidos;De 15 a 29 años;Hombres;2
Total Nacional;04 Balears, Illes;050-052 VI-VIII.Enfermedades del sistema nervioso y de los órganos de los sentidos;De 15 a 29 años;Mujeres;1
Total Nacional;04 Balears, Illes;050-052 VI-VIII.Enfermedades del sistema nervioso y de los órganos de los sentidos;De 30 a 39 años;Hombres;1
Total Nacional;04 Balears, Illes;050-052 VI-VIII.Enfermedades del sistema nervioso y de los órganos de los sentidos;De 30 a 39 años;Mujeres;0
Total Nacional;04 Balears, Illes;050-052 VI-VIII.Enfermedades del sistema nervioso y de los órganos de los sentidos;De 40 a 44 años;Hombres;1
Total Nacional;04 Balears, Illes;050-052 VI-VIII.Enfermedades del sistema nervioso y de los órganos de los sentidos;De 40 a 44 años;Mujeres;0
Total Nacional;04 Balears, Illes;050-052 VI-VIII.Enfermedades del sistema nervioso y de los órganos de los sentidos;De 45 a 49 años;Hombres;5
Total Nacional;04 Balears, Illes;050-052 VI-VIII.Enfermedades del sistema nervioso y de los órganos de los sentidos;De 45 a 49 años;Mujeres;1
Total Nacional;04 Balears, Illes;050-052 VI-VIII.Enfermedades del sistema nervioso y de los órganos de los sentidos;De 50 a 54 años;Hombres;3
Total Nacional;04 Balears, Illes;050-052 VI-VIII.Enfermedades del sistema nervioso y de los órganos de los sentidos;De 50 a 54 años;Mujeres;0
Total Nacional;04 Balears, Illes;050-052 VI-VIII.Enfermedades del sistema nervioso y de los órganos de los sentidos;De 55 a 59 años;Hombres;7
Total Nacional;04 Balears, Illes;050-052 VI-VIII.Enfermedades del sistema nervioso y de los órganos de los sentidos;De 55 a 59 años;Mujeres;4
Total Nacional;04 Balears, Illes;050-052 VI-VIII.Enfermedades del sistema nervioso y de los órganos de los sentidos;De 60 a 64 años;Hombres;9
Total Nacional;04 Balears, Illes;050-052 VI-VIII.Enfermedades del sistema nervioso y de los órganos de los sentidos;De 60 a 64 años;Mujeres;4
Total Nacional;04 Balears, Illes;050-052 VI-VIII.Enfermedades del sistema nervioso y de los órganos de los sentidos;De 65 a 69 años;Hombres;15
Total Nacional;04 Balears, Illes;050-052 VI-VIII.Enfermedades del sistema nervioso y de los órganos de los sentidos;De 65 a 69 años;Mujeres;15
Total Nacional;04 Balears, Illes;050-052 VI-VIII.Enfermedades del sistema nervioso y de los órganos de los sentidos;De 70 a 74 años;Hombres;24
Total Nacional;04 Balears, Illes;050-052 VI-VIII.Enfermedades del sistema nervioso y de los órganos de los sentidos;De 70 a 74 años;Mujeres;19
Total Nacional;04 Balears, Illes;050-052 VI-VIII.Enfermedades del sistema nervioso y de los órganos de los sentidos;De 75 a 79 años;Hombres;54
Total Nacional;04 Balears, Illes;050-052 VI-VIII.Enfermedades del sistema nervioso y de los órganos de los sentidos;De 75 a 79 años;Mujeres;43
Total Nacional;04 Balears, Illes;050-052 VI-VIII.Enfermedades del sistema nervioso y de los órganos de los sentidos;De 80 a 84 años;Hombres;57
Total Nacional;04 Balears, Illes;050-052 VI-VIII.Enfermedades del sistema nervioso y de los órganos de los sentidos;De 80 a 84 años;Mujeres;64
Total Nacional;04 Balears, Illes;050-052 VI-VIII.Enfermedades del sistema nervioso y de los órganos de los sentidos;De 85 a 89 años;Hombres;53
Total Nacional;04 Balears, Illes;050-052 VI-VIII.Enfermedades del sistema nervioso y de los órganos de los sentidos;De 85 a 89 años;Mujeres;81
Total Nacional;04 Balears, Illes;050-052 VI-VIII.Enfermedades del sistema nervioso y de los órganos de los sentidos;De 90 a 94 años;Hombres;28
Total Nacional;04 Balears, Illes;050-052 VI-VIII.Enfermedades del sistema nervioso y de los órganos de los sentidos;De 90 a 94 años;Mujeres;72
Total Nacional;04 Balears, Illes;050-052 VI-VIII.Enfermedades del sistema nervioso y de los órganos de los sentidos;De 95 años y más;Hombres;11
Total Nacional;04 Balears, Illes;050-052 VI-VIII.Enfermedades del sistema nervioso y de los órganos de los sentidos;De 95 años y más;Mujeres;34
Total Nacional;04 Balears, Illes;053-061 IX.Enfermedades del sistema circulatorio;De 1 a 14 años;Hombres;0
Total Nacional;04 Balears, Illes;053-061 IX.Enfermedades del sistema circulatorio;De 1 a 14 años;Mujeres;0
Total Nacional;04 Balears, Illes;053-061 IX.Enfermedades del sistema circulatorio;De 15 a 29 años;Hombres;1
Total Nacional;04 Balears, Illes;053-061 IX.Enfermedades del sistema circulatorio;De 15 a 29 años;Mujeres;1
Total Nacional;04 Balears, Illes;053-061 IX.Enfermedades del sistema circulatorio;De 30 a 39 años;Hombres;6
Total Nacional;04 Balears, Illes;053-061 IX.Enfermedades del sistema circulatorio;De 30 a 39 años;Mujeres;5
Total Nacional;04 Balears, Illes;053-061 IX.Enfermedades del sistema circulatorio;De 40 a 44 años;Hombres;8
Total Nacional;04 Balears, Illes;053-061 IX.Enfermedades del sistema circulatorio;De 40 a 44 años;Mujeres;5
Total Nacional;04 Balears, Illes;053-061 IX.Enfermedades del sistema circulatorio;De 45 a 49 años;Hombres;21
Total Nacional;04 Balears, Illes;053-061 IX.Enfermedades del sistema circulatorio;De 45 a 49 años;Mujeres;10
Total Nacional;04 Balears, Illes;053-061 IX.Enfermedades del sistema circulatorio;De 50 a 54 años;Hombres;29
Total Nacional;04 Balears, Illes;053-061 IX.Enfermedades del sistema circulatorio;De 50 a 54 años;Mujeres;7
Total Nacional;04 Balears, Illes;053-061 IX.Enfermedades del sistema circulatorio;De 55 a 59 años;Hombres;46
Total Nacional;04 Balears, Illes;053-061 IX.Enfermedades del sistema circulatorio;De 55 a 59 años;Mujeres;12
Total Nacional;04 Balears, Illes;053-061 IX.Enfermedades del sistema circulatorio;De 60 a 64 años;Hombres;65
Total Nacional;04 Balears, Illes;053-061 IX.Enfermedades del sistema circulatorio;De 60 a 64 años;Mujeres;27
Total Nacional;04 Balears, Illes;053-061 IX.Enfermedades del sistema circulatorio;De 65 a 69 años;Hombres;97
Total Nacional;04 Balears, Illes;053-061 IX.Enfermedades del sistema circulatorio;De 65 a 69 años;Mujeres;30
Total Nacional;04 Balears, Illes;053-061 IX.Enfermedades del sistema circulatorio;De 70 a 74 años;Hombres;114
Total Nacional;04 Balears, Illes;053-061 IX.Enfermedades del sistema circulatorio;De 70 a 74 años;Mujeres;42
Total Nacional;04 Balears, Illes;053-061 IX.Enfermedades del sistema circulatorio;De 75 a 79 años;Hombres;155
Total Nacional;04 Balears, Illes;053-061 IX.Enfermedades del sistema circulatorio;De 75 a 79 años;Mujeres;99
Total Nacional;04 Balears, Illes;053-061 IX.Enfermedades del sistema circulatorio;De 80 a 84 años;Hombres;158
Total Nacional;04 Balears, Illes;053-061 IX.Enfermedades del sistema circulatorio;De 80 a 84 años;Mujeres;148
Total Nacional;04 Balears, Illes;053-061 IX.Enfermedades del sistema circulatorio;De 85 a 89 años;Hombres;221
Total Nacional;04 Balears, Illes;053-061 IX.Enfermedades del sistema circulatorio;De 85 a 89 años;Mujeres;279
Total Nacional;04 Balears, Illes;053-061 IX.Enfermedades del sistema circulatorio;De 90 a 94 años;Hombres;160
Total Nacional;04 Balears, Illes;053-061 IX.Enfermedades del sistema circulatorio;De 90 a 94 años;Mujeres;367
Total Nacional;04 Balears, Illes;053-061 IX.Enfermedades del sistema circulatorio;De 95 años y más;Hombres;63
Total Nacional;04 Balears, Illes;053-061 IX.Enfermedades del sistema circulatorio;De 95 años y más;Mujeres;240
Total Nacional;04 Balears, Illes;062-067 X.Enfermedades del sistema respiratorio;De 1 a 14 años;Hombres;0
Total Nacional;04 Balears, Illes;062-067 X.Enfermedades del sistema respiratorio;De 1 a 14 años;Mujeres;0
Total Nacional;04 Balears, Illes;062-067 X.Enfermedades del sistema respiratorio;De 15 a 29 años;Hombres;1
Total Nacional;04 Balears, Illes;062-067 X.Enfermedades del sistema respiratorio;De 15 a 29 años;Mujeres;0
Total Nacional;04 Balears, Illes;062-067 X.Enfermedades del sistema respiratorio;De 30 a 39 años;Hombres;3
Total Nacional;04 Balears, Illes;062-067 X.Enfermedades del sistema respiratorio;De 30 a 39 años;Mujeres;0
Total Nacional;04 Balears, Illes;062-067 X.Enfermedades del sistema respiratorio;De 40 a 44 años;Hombres;1
Total Nacional;04 Balears, Illes;062-067 X.Enfermedades del sistema respiratorio;De 40 a 44 años;Mujeres;1
Total Nacional;04 Balears, Illes;062-067 X.Enfermedades del sistema respiratorio;De 45 a 49 años;Hombres;3
Total Nacional;04 Balears, Illes;062-067 X.Enfermedades del sistema respiratorio;De 45 a 49 años;Mujeres;0
Total Nacional;04 Balears, Illes;062-067 X.Enfermedades del sistema respiratorio;De 50 a 54 años;Hombres;8
Total Nacional;04 Balears, Illes;062-067 X.Enfermedades del sistema respiratorio;De 50 a 54 años;Mujeres;2
Total Nacional;04 Balears, Illes;062-067 X.Enfermedades del sistema respiratorio;De 55 a 59 años;Hombres;15
Total Nacional;04 Balears, Illes;062-067 X.Enfermedades del sistema respiratorio;De 55 a 59 años;Mujeres;6
Total Nacional;04 Balears, Illes;062-067 X.Enfermedades del sistema respiratorio;De 60 a 64 años;Hombres;17
Total Nacional;04 Balears, Illes;062-067 X.Enfermedades del sistema respiratorio;De 60 a 64 años;Mujeres;12
Total Nacional;04 Balears, Illes;062-067 X.Enfermedades del sistema respiratorio;De 65 a 69 años;Hombres;33
Total Nacional;04 Balears, Illes;062-067 X.Enfermedades del sistema respiratorio;De 65 a 69 años;Mujeres;17
Total Nacional;04 Balears, Illes;062-067 X.Enfermedades del sistema respiratorio;De 70 a 74 años;Hombres;33
Total Nacional;04 Balears, Illes;062-067 X.Enfermedades del sistema respiratorio;De 70 a 74 años;Mujeres;21
Total Nacional;04 Balears, Illes;062-067 X.Enfermedades del sistema respiratorio;De 75 a 79 años;Hombres;70
Total Nacional;04 Balears, Illes;062-067 X.Enfermedades del sistema respiratorio;De 75 a 79 años;Mujeres;34
Total Nacional;04 Balears, Illes;062-067 X.Enfermedades del sistema respiratorio;De 80 a 84 años;Hombres;80
Total Nacional;04 Balears, Illes;062-067 X.Enfermedades del sistema respiratorio;De 80 a 84 años;Mujeres;57
Total Nacional;04 Balears, Illes;062-067 X.Enfermedades del sistema respiratorio;De 85 a 89 años;Hombres;100
Total Nacional;04 Balears, Illes;062-067 X.Enfermedades del sistema respiratorio;De 85 a 89 años;Mujeres;66
Total Nacional;04 Balears, Illes;062-067 X.Enfermedades del sistema respiratorio;De 90 a 94 años;Hombres;74
Total Nacional;04 Balears, Illes;062-067 X.Enfermedades del sistema respiratorio;De 90 a 94 años;Mujeres;85
Total Nacional;04 Balears, Illes;062-067 X.Enfermedades del sistema respiratorio;De 95 años y más;Hombres;21
Total Nacional;04 Balears, Illes;062-067 X.Enfermedades del sistema respiratorio;De 95 años y más;Mujeres;57
Total Nacional;04 Balears, Illes;068-072 XI.Enfermedades del sistema digestivo;De 1 a 14 años;Hombres;0
Total Nacional;04 Balears, Illes;068-072 XI.Enfermedades del sistema digestivo;De 1 a 14 años;Mujeres;0
Total Nacional;04 Balears, Illes;068-072 XI.Enfermedades del sistema digestivo;De 15 a 29 años;Hombres;0
Total Nacional;04 Balears, Illes;068-072 XI.Enfermedades del sistema digestivo;De 15 a 29 años;Mujeres;0
Total Nacional;04 Balears, Illes;068-072 XI.Enfermedades del sistema digestivo;De 30 a 39 años;Hombres;2
Total Nacional;04 Balears, Illes;068-072 XI.Enfermedades del sistema digestivo;De 30 a 39 años;Mujeres;2
Total Nacional;04 Balears, Illes;068-072 XI.Enfermedades del sistema digestivo;De 40 a 44 años;Hombres;0
Total Nacional;04 Balears, Illes;068-072 XI.Enfermedades del sistema digestivo;De 40 a 44 años;Mujeres;1
Total Nacional;04 Balears, Illes;068-072 XI.Enfermedades del sistema digestivo;De 45 a 49 años;Hombres;8
Total Nacional;04 Balears, Illes;068-072 XI.Enfermedades del sistema digestivo;De 45 a 49 años;Mujeres;2
Total Nacional;04 Balears, Illes;068-072 XI.Enfermedades del sistema digestivo;De 50 a 54 años;Hombres;8
Total Nacional;04 Balears, Illes;068-072 XI.Enfermedades del sistema digestivo;De 50 a 54 años;Mujeres;3
Total Nacional;04 Balears, Illes;068-072 XI.Enfermedades del sistema digestivo;De 55 a 59 años;Hombres;17
Total Nacional;04 Balears, Illes;068-072 XI.Enfermedades del sistema digestivo;De 55 a 59 años;Mujeres;2
Total Nacional;04 Balears, Illes;068-072 XI.Enfermedades del sistema digestivo;De 60 a 64 años;Hombres;19
Total Nacional;04 Balears, Illes;068-072 XI.Enfermedades del sistema digestivo;De 60 a 64 años;Mujeres;9
Total Nacional;04 Balears, Illes;068-072 XI.Enfermedades del sistema digestivo;De 65 a 69 años;Hombres;26
Total Nacional;04 Balears, Illes;068-072 XI.Enfermedades del sistema digestivo;De 65 a 69 años;Mujeres;11
Total Nacional;04 Balears, Illes;068-072 XI.Enfermedades del sistema digestivo;De 70 a 74 años;Hombres;24
Total Nacional;04 Balears, Illes;068-072 XI.Enfermedades del sistema digestivo;De 70 a 74 años;Mujeres;11
Total Nacional;04 Balears, Illes;068-072 XI.Enfermedades del sistema digestivo;De 75 a 79 años;Hombres;31
Total Nacional;04 Balears, Illes;068-072 XI.Enfermedades del sistema digestivo;De 75 a 79 años;Mujeres;30
Total Nacional;04 Balears, Illes;068-072 XI.Enfermedades del sistema digestivo;De 80 a 84 años;Hombres;42
Total Nacional;04 Balears, Illes;068-072 XI.Enfermedades del sistema digestivo;De 80 a 84 años;Mujeres;33
Total Nacional;04 Balears, Illes;068-072 XI.Enfermedades del sistema digestivo;De 85 a 89 años;Hombres;28
Total Nacional;04 Balears, Illes;068-072 XI.Enfermedades del sistema digestivo;De 85 a 89 años;Mujeres;54
Total Nacional;04 Balears, Illes;068-072 XI.Enfermedades del sistema digestivo;De 90 a 94 años;Hombres;26
Total Nacional;04 Balears, Illes;068-072 XI.Enfermedades del sistema digestivo;De 90 a 94 años;Mujeres;39
Total Nacional;04 Balears, Illes;068-072 XI.Enfermedades del sistema digestivo;De 95 años y más;Hombres;6
Total Nacional;04 Balears, Illes;068-072 XI.Enfermedades del sistema digestivo;De 95 años y más;Mujeres;23
Total Nacional;04 Balears, Illes;073 XII.Enfermedades de la piel y del tejido subcutáneo;De 1 a 14 años;Hombres;0
Total Nacional;04 Balears, Illes;073 XII.Enfermedades de la piel y del tejido subcutáneo;De 1 a 14 años;Mujeres;0
Total Nacional;04 Balears, Illes;073 XII.Enfermedades de la piel y del tejido subcutáneo;De 15 a 29 años;Hombres;0
Total Nacional;04 Balears, Illes;073 XII.Enfermedades de la piel y del tejido subcutáneo;De 15 a 29 años;Mujeres;0
Total Nacional;04 Balears, Illes;073 XII.Enfermedades de la piel y del tejido subcutáneo;De 30 a 39 años;Hombres;0
Total Nacional;04 Balears, Illes;073 XII.Enfermedades de la piel y del tejido subcutáneo;De 30 a 39 años;Mujeres;1
Total Nacional;04 Balears, Illes;073 XII.Enfermedades de la piel y del tejido subcutáneo;De 40 a 44 años;Hombres;0
Total Nacional;04 Balears, Illes;073 XII.Enfermedades de la piel y del tejido subcutáneo;De 40 a 44 años;Mujeres;0
Total Nacional;04 Balears, Illes;073 XII.Enfermedades de la piel y del tejido subcutáneo;De 45 a 49 años;Hombres;0
Total Nacional;04 Balears, Illes;073 XII.Enfermedades de la piel y del tejido subcutáneo;De 45 a 49 años;Mujeres;1
Total Nacional;04 Balears, Illes;073 XII.Enfermedades de la piel y del tejido subcutáneo;De 50 a 54 años;Hombres;0
Total Nacional;04 Balears, Illes;073 XII.Enfermedades de la piel y del tejido subcutáneo;De 50 a 54 años;Mujeres;0
Total Nacional;04 Balears, Illes;073 XII.Enfermedades de la piel y del tejido subcutáneo;De 55 a 59 años;Hombres;0
Total Nacional;04 Balears, Illes;073 XII.Enfermedades de la piel y del tejido subcutáneo;De 55 a 59 años;Mujeres;1
Total Nacional;04 Balears, Illes;073 XII.Enfermedades de la piel y del tejido subcutáneo;De 60 a 64 años;Hombres;1
Total Nacional;04 Balears, Illes;073 XII.Enfermedades de la piel y del tejido subcutáneo;De 60 a 64 años;Mujeres;0
Total Nacional;04 Balears, Illes;073 XII.Enfermedades de la piel y del tejido subcutáneo;De 65 a 69 años;Hombres;0
Total Nacional;04 Balears, Illes;073 XII.Enfermedades de la piel y del tejido subcutáneo;De 65 a 69 años;Mujeres;0
Total Nacional;04 Balears, Illes;073 XII.Enfermedades de la piel y del tejido subcutáneo;De 70 a 74 años;Hombres;2
Total Nacional;04 Balears, Illes;073 XII.Enfermedades de la piel y del tejido subcutáneo;De 70 a 74 años;Mujeres;1
Total Nacional;04 Balears, Illes;073 XII.Enfermedades de la piel y del tejido subcutáneo;De 75 a 79 años;Hombres;1
Total Nacional;04 Balears, Illes;073 XII.Enfermedades de la piel y del tejido subcutáneo;De 75 a 79 años;Mujeres;3
Total Nacional;04 Balears, Illes;073 XII.Enfermedades de la piel y del tejido subcutáneo;De 80 a 84 años;Hombres;4
Total Nacional;04 Balears, Illes;073 XII.Enfermedades de la piel y del tejido subcutáneo;De 80 a 84 años;Mujeres;10
Total Nacional;04 Balears, Illes;073 XII.Enfermedades de la piel y del tejido subcutáneo;De 85 a 89 años;Hombres;2
Total Nacional;04 Balears, Illes;073 XII.Enfermedades de la piel y del tejido subcutáneo;De 85 a 89 años;Mujeres;6
Total Nacional;04 Balears, Illes;073 XII.Enfermedades de la piel y del tejido subcutáneo;De 90 a 94 años;Hombres;1
Total Nacional;04 Balears, Illes;073 XII.Enfermedades de la piel y del tejido subcutáneo;De 90 a 94 años;Mujeres;5
Total Nacional;04 Balears, Illes;073 XII.Enfermedades de la piel y del tejido subcutáneo;De 95 años y más;Hombres;2
Total Nacional;04 Balears, Illes;073 XII.Enfermedades de la piel y del tejido subcutáneo;De 95 años y más;Mujeres;9
Total Nacional;04 Balears, Illes;074-076 XIII.Enfermedades del sistema osteomuscular y del tejido conjuntivo;De 1 a 14 años;Hombres;0
Total Nacional;04 Balears, Illes;074-076 XIII.Enfermedades del sistema osteomuscular y del tejido conjuntivo;De 1 a 14 años;Mujeres;0
Total Nacional;04 Balears, Illes;074-076 XIII.Enfermedades del sistema osteomuscular y del tejido conjuntivo;De 15 a 29 años;Hombres;0
Total Nacional;04 Balears, Illes;074-076 XIII.Enfermedades del sistema osteomuscular y del tejido conjuntivo;De 15 a 29 años;Mujeres;0
Total Nacional;04 Balears, Illes;074-076 XIII.Enfermedades del sistema osteomuscular y del tejido conjuntivo;De 30 a 39 años;Hombres;0
Total Nacional;04 Balears, Illes;074-076 XIII.Enfermedades del sistema osteomuscular y del tejido conjuntivo;De 30 a 39 años;Mujeres;0
Total Nacional;04 Balears, Illes;074-076 XIII.Enfermedades del sistema osteomuscular y del tejido conjuntivo;De 40 a 44 años;Hombres;0
Total Nacional;04 Balears, Illes;074-076 XIII.Enfermedades del sistema osteomuscular y del tejido conjuntivo;De 40 a 44 años;Mujeres;0
Total Nacional;04 Balears, Illes;074-076 XIII.Enfermedades del sistema osteomuscular y del tejido conjuntivo;De 45 a 49 años;Hombres;0
Total Nacional;04 Balears, Illes;074-076 XIII.Enfermedades del sistema osteomuscular y del tejido conjuntivo;De 45 a 49 años;Mujeres;0
Total Nacional;04 Balears, Illes;074-076 XIII.Enfermedades del sistema osteomuscular y del tejido conjuntivo;De 50 a 54 años;Hombres;1
Total Nacional;04 Balears, Illes;074-076 XIII.Enfermedades del sistema osteomuscular y del tejido conjuntivo;De 50 a 54 años;Mujeres;0
Total Nacional;04 Balears, Illes;074-076 XIII.Enfermedades del sistema osteomuscular y del tejido conjuntivo;De 55 a 59 años;Hombres;1
Total Nacional;04 Balears, Illes;074-076 XIII.Enfermedades del sistema osteomuscular y del tejido conjuntivo;De 55 a 59 años;Mujeres;0
Total Nacional;04 Balears, Illes;074-076 XIII.Enfermedades del sistema osteomuscular y del tejido conjuntivo;De 60 a 64 años;Hombres;2
Total Nacional;04 Balears, Illes;074-076 XIII.Enfermedades del sistema osteomuscular y del tejido conjuntivo;De 60 a 64 años;Mujeres;1
Total Nacional;04 Balears, Illes;074-076 XIII.Enfermedades del sistema osteomuscular y del tejido conjuntivo;De 65 a 69 años;Hombres;4
Total Nacional;04 Balears, Illes;074-076 XIII.Enfermedades del sistema osteomuscular y del tejido conjuntivo;De 65 a 69 años;Mujeres;0
Total Nacional;04 Balears, Illes;074-076 XIII.Enfermedades del sistema osteomuscular y del tejido conjuntivo;De 70 a 74 años;Hombres;2
Total Nacional;04 Balears, Illes;074-076 XIII.Enfermedades del sistema osteomuscular y del tejido conjuntivo;De 70 a 74 años;Mujeres;2
Total Nacional;04 Balears, Illes;074-076 XIII.Enfermedades del sistema osteomuscular y del tejido conjuntivo;De 75 a 79 años;Hombres;3
Total Nacional;04 Balears, Illes;074-076 XIII.Enfermedades del sistema osteomuscular y del tejido conjuntivo;De 75 a 79 años;Mujeres;7
Total Nacional;04 Balears, Illes;074-076 XIII.Enfermedades del sistema osteomuscular y del tejido conjuntivo;De 80 a 84 años;Hombres;10
Total Nacional;04 Balears, Illes;074-076 XIII.Enfermedades del sistema osteomuscular y del tejido conjuntivo;De 80 a 84 años;Mujeres;7
Total Nacional;04 Balears, Illes;074-076 XIII.Enfermedades del sistema osteomuscular y del tejido conjuntivo;De 85 a 89 años;Hombres;12
Total Nacional;04 Balears, Illes;074-076 XIII.Enfermedades del sistema osteomuscular y del tejido conjuntivo;De 85 a 89 años;Mujeres;24
Total Nacional;04 Balears, Illes;074-076 XIII.Enfermedades del sistema osteomuscular y del tejido conjuntivo;De 90 a 94 años;Hombres;8
Total Nacional;04 Balears, Illes;074-076 XIII.Enfermedades del sistema osteomuscular y del tejido conjuntivo;De 90 a 94 años;Mujeres;19
Total Nacional;04 Balears, Illes;074-076 XIII.Enfermedades del sistema osteomuscular y del tejido conjuntivo;De 95 años y más;Hombres;5
Total Nacional;04 Balears, Illes;074-076 XIII.Enfermedades del sistema osteomuscular y del tejido conjuntivo;De 95 años y más;Mujeres;8
Total Nacional;04 Balears, Illes;077-080 XIV.Enfermedades del sistema genitourinario;De 1 a 14 años;Hombres;0
Total Nacional;04 Balears, Illes;077-080 XIV.Enfermedades del sistema genitourinario;De 1 a 14 años;Mujeres;0
Total Nacional;04 Balears, Illes;077-080 XIV.Enfermedades del sistema genitourinario;De 15 a 29 años;Hombres;0
Total Nacional;04 Balears, Illes;077-080 XIV.Enfermedades del sistema genitourinario;De 15 a 29 años;Mujeres;0
Total Nacional;04 Balears, Illes;077-080 XIV.Enfermedades del sistema genitourinario;De 30 a 39 años;Hombres;0
Total Nacional;04 Balears, Illes;077-080 XIV.Enfermedades del sistema genitourinario;De 30 a 39 años;Mujeres;0
Total Nacional;04 Balears, Illes;077-080 XIV.Enfermedades del sistema genitourinario;De 40 a 44 años;Hombres;0
Total Nacional;04 Balears, Illes;077-080 XIV.Enfermedades del sistema genitourinario;De 40 a 44 años;Mujeres;0
Total Nacional;04 Balears, Illes;077-080 XIV.Enfermedades del sistema genitourinario;De 45 a 49 años;Hombres;0
Total Nacional;04 Balears, Illes;077-080 XIV.Enfermedades del sistema genitourinario;De 45 a 49 años;Mujeres;0
Total Nacional;04 Balears, Illes;077-080 XIV.Enfermedades del sistema genitourinario;De 50 a 54 años;Hombres;2
Total Nacional;04 Balears, Illes;077-080 XIV.Enfermedades del sistema genitourinario;De 50 a 54 años;Mujeres;0
Total Nacional;04 Balears, Illes;077-080 XIV.Enfermedades del sistema genitourinario;De 55 a 59 años;Hombres;1
Total Nacional;04 Balears, Illes;077-080 XIV.Enfermedades del sistema genitourinario;De 55 a 59 años;Mujeres;0
Total Nacional;04 Balears, Illes;077-080 XIV.Enfermedades del sistema genitourinario;De 60 a 64 años;Hombres;4
Total Nacional;04 Balears, Illes;077-080 XIV.Enfermedades del sistema genitourinario;De 60 a 64 años;Mujeres;5
Total Nacional;04 Balears, Illes;077-080 XIV.Enfermedades del sistema genitourinario;De 65 a 69 años;Hombres;15
Total Nacional;04 Balears, Illes;077-080 XIV.Enfermedades del sistema genitourinario;De 65 a 69 años;Mujeres;2
Total Nacional;04 Balears, Illes;077-080 XIV.Enfermedades del sistema genitourinario;De 70 a 74 años;Hombres;5
Total Nacional;04 Balears, Illes;077-080 XIV.Enfermedades del sistema genitourinario;De 70 a 74 años;Mujeres;4
Total Nacional;04 Balears, Illes;077-080 XIV.Enfermedades del sistema genitourinario;De 75 a 79 años;Hombres;19
Total Nacional;04 Balears, Illes;077-080 XIV.Enfermedades del sistema genitourinario;De 75 a 79 años;Mujeres;11
Total Nacional;04 Balears, Illes;077-080 XIV.Enfermedades del sistema genitourinario;De 80 a 84 años;Hombres;39
Total Nacional;04 Balears, Illes;077-080 XIV.Enfermedades del sistema genitourinario;De 80 a 84 años;Mujeres;17
Total Nacional;04 Balears, Illes;077-080 XIV.Enfermedades del sistema genitourinario;De 85 a 89 años;Hombres;41
Total Nacional;04 Balears, Illes;077-080 XIV.Enfermedades del sistema genitourinario;De 85 a 89 años;Mujeres;53
Total Nacional;04 Balears, Illes;077-080 XIV.Enfermedades del sistema genitourinario;De 90 a 94 años;Hombres;32
Total Nacional;04 Balears, Illes;077-080 XIV.Enfermedades del sistema genitourinario;De 90 a 94 años;Mujeres;47
Total Nacional;04 Balears, Illes;077-080 XIV.Enfermedades del sistema genitourinario;De 95 años y más;Hombres;17
Total Nacional;04 Balears, Illes;077-080 XIV.Enfermedades del sistema genitourinario;De 95 años y más;Mujeres;47
Total Nacional;04 Balears, Illes;081 XV.Embarazo, parto y puerperio;De 1 a 14 años;Hombres;0
Total Nacional;04 Balears, Illes;081 XV.Embarazo, parto y puerperio;De 1 a 14 años;Mujeres;0
Total Nacional;04 Balears, Illes;081 XV.Embarazo, parto y puerperio;De 15 a 29 años;Hombres;0
Total Nacional;04 Balears, Illes;081 XV.Embarazo, parto y puerperio;De 15 a 29 años;Mujeres;0
Total Nacional;04 Balears, Illes;081 XV.Embarazo, parto y puerperio;De 30 a 39 años;Hombres;0
Total Nacional;04 Balears, Illes;081 XV.Embarazo, parto y puerperio;De 30 a 39 años;Mujeres;0
Total Nacional;04 Balears, Illes;081 XV.Embarazo, parto y puerperio;De 40 a 44 años;Hombres;0
Total Nacional;04 Balears, Illes;081 XV.Embarazo, parto y puerperio;De 40 a 44 años;Mujeres;1
Total Nacional;04 Balears, Illes;081 XV.Embarazo, parto y puerperio;De 45 a 49 años;Hombres;0
Total Nacional;04 Balears, Illes;081 XV.Embarazo, parto y puerperio;De 45 a 49 años;Mujeres;0
Total Nacional;04 Balears, Illes;081 XV.Embarazo, parto y puerperio;De 50 a 54 años;Hombres;0
Total Nacional;04 Balears, Illes;081 XV.Embarazo, parto y puerperio;De 50 a 54 años;Mujeres;0
Total Nacional;04 Balears, Illes;081 XV.Embarazo, parto y puerperio;De 55 a 59 años;Hombres;0
Total Nacional;04 Balears, Illes;081 XV.Embarazo, parto y puerperio;De 55 a 59 años;Mujeres;0
Total Nacional;04 Balears, Illes;081 XV.Embarazo, parto y puerperio;De 60 a 64 años;Hombres;0
Total Nacional;04 Balears, Illes;081 XV.Embarazo, parto y puerperio;De 60 a 64 años;Mujeres;0
Total Nacional;04 Balears, Illes;081 XV.Embarazo, parto y puerperio;De 65 a 69 años;Hombres;0
Total Nacional;04 Balears, Illes;081 XV.Embarazo, parto y puerperio;De 65 a 69 años;Mujeres;0
Total Nacional;04 Balears, Illes;081 XV.Embarazo, parto y puerperio;De 70 a 74 años;Hombres;0
Total Nacional;04 Balears, Illes;081 XV.Embarazo, parto y puerperio;De 70 a 74 años;Mujeres;0
Total Nacional;04 Balears, Illes;081 XV.Embarazo, parto y puerperio;De 75 a 79 años;Hombres;0
Total Nacional;04 Balears, Illes;081 XV.Embarazo, parto y puerperio;De 75 a 79 años;Mujeres;0
Total Nacional;04 Balears, Illes;081 XV.Embarazo, parto y puerperio;De 80 a 84 años;Hombres;0
Total Nacional;04 Balears, Illes;081 XV.Embarazo, parto y puerperio;De 80 a 84 años;Mujeres;0
Total Nacional;04 Balears, Illes;081 XV.Embarazo, parto y puerperio;De 85 a 89 años;Hombres;0
Total Nacional;04 Balears, Illes;081 XV.Embarazo, parto y puerperio;De 85 a 89 años;Mujeres;0
Total Nacional;04 Balears, Illes;081 XV.Embarazo, parto y puerperio;De 90 a 94 años;Hombres;0
Total Nacional;04 Balears, Illes;081 XV.Embarazo, parto y puerperio;De 90 a 94 años;Mujeres;0
Total Nacional;04 Balears, Illes;081 XV.Embarazo, parto y puerperio;De 95 años y más;Hombres;0
Total Nacional;04 Balears, Illes;081 XV.Embarazo, parto y puerperio;De 95 años y más;Mujeres;0
Total Nacional;04 Balears, Illes;082 XVI.Afecciones originadas en el periodo perinatal;De 1 a 14 años;Hombres;0
Total Nacional;04 Balears, Illes;082 XVI.Afecciones originadas en el periodo perinatal;De 1 a 14 años;Mujeres;0
Total Nacional;04 Balears, Illes;082 XVI.Afecciones originadas en el periodo perinatal;De 15 a 29 años;Hombres;0
Total Nacional;04 Balears, Illes;082 XVI.Afecciones originadas en el periodo perinatal;De 15 a 29 años;Mujeres;0
Total Nacional;04 Balears, Illes;082 XVI.Afecciones originadas en el periodo perinatal;De 30 a 39 años;Hombres;0
Total Nacional;04 Balears, Illes;082 XVI.Afecciones originadas en el periodo perinatal;De 30 a 39 años;Mujeres;0
Total Nacional;04 Balears, Illes;082 XVI.Afecciones originadas en el periodo perinatal;De 40 a 44 años;Hombres;0
Total Nacional;04 Balears, Illes;082 XVI.Afecciones originadas en el periodo perinatal;De 40 a 44 años;Mujeres;0
Total Nacional;04 Balears, Illes;082 XVI.Afecciones originadas en el periodo perinatal;De 45 a 49 años;Hombres;0
Total Nacional;04 Balears, Illes;082 XVI.Afecciones originadas en el periodo perinatal;De 45 a 49 años;Mujeres;0
Total Nacional;04 Balears, Illes;082 XVI.Afecciones originadas en el periodo perinatal;De 50 a 54 años;Hombres;0
Total Nacional;04 Balears, Illes;082 XVI.Afecciones originadas en el periodo perinatal;De 50 a 54 años;Mujeres;0
Total Nacional;04 Balears, Illes;082 XVI.Afecciones originadas en el periodo perinatal;De 55 a 59 años;Hombres;0
Total Nacional;04 Balears, Illes;082 XVI.Afecciones originadas en el periodo perinatal;De 55 a 59 años;Mujeres;0
Total Nacional;04 Balears, Illes;082 XVI.Afecciones originadas en el periodo perinatal;De 60 a 64 años;Hombres;0
Total Nacional;04 Balears, Illes;082 XVI.Afecciones originadas en el periodo perinatal;De 60 a 64 años;Mujeres;0
Total Nacional;04 Balears, Illes;082 XVI.Afecciones originadas en el periodo perinatal;De 65 a 69 años;Hombres;0
Total Nacional;04 Balears, Illes;082 XVI.Afecciones originadas en el periodo perinatal;De 65 a 69 años;Mujeres;0
Total Nacional;04 Balears, Illes;082 XVI.Afecciones originadas en el periodo perinatal;De 70 a 74 años;Hombres;0
Total Nacional;04 Balears, Illes;082 XVI.Afecciones originadas en el periodo perinatal;De 70 a 74 años;Mujeres;0
Total Nacional;04 Balears, Illes;082 XVI.Afecciones originadas en el periodo perinatal;De 75 a 79 años;Hombres;0
Total Nacional;04 Balears, Illes;082 XVI.Afecciones originadas en el periodo perinatal;De 75 a 79 años;Mujeres;0
Total Nacional;04 Balears, Illes;082 XVI.Afecciones originadas en el periodo perinatal;De 80 a 84 años;Hombres;0
Total Nacional;04 Balears, Illes;082 XVI.Afecciones originadas en el periodo perinatal;De 80 a 84 años;Mujeres;0
Total Nacional;04 Balears, Illes;082 XVI.Afecciones originadas en el periodo perinatal;De 85 a 89 años;Hombres;0
Total Nacional;04 Balears, Illes;082 XVI.Afecciones originadas en el periodo perinatal;De 85 a 89 años;Mujeres;0
Total Nacional;04 Balears, Illes;082 XVI.Afecciones originadas en el periodo perinatal;De 90 a 94 años;Hombres;0
Total Nacional;04 Balears, Illes;082 XVI.Afecciones originadas en el periodo perinatal;De 90 a 94 años;Mujeres;0
Total Nacional;04 Balears, Illes;082 XVI.Afecciones originadas en el periodo perinatal;De 95 años y más;Hombres;0
Total Nacional;04 Balears, Illes;082 XVI.Afecciones originadas en el periodo perinatal;De 95 años y más;Mujeres;0
Total Nacional;04 Balears, Illes;083-085 XVII.Malformaciones congénitas, deformidades y anomalías cromosómicas;De 1 a 14 años;Hombres;0
Total Nacional;04 Balears, Illes;083-085 XVII.Malformaciones congénitas, deformidades y anomalías cromosómicas;De 1 a 14 años;Mujeres;1
Total Nacional;04 Balears, Illes;083-085 XVII.Malformaciones congénitas, deformidades y anomalías cromosómicas;De 15 a 29 años;Hombres;1
Total Nacional;04 Balears, Illes;083-085 XVII.Malformaciones congénitas, deformidades y anomalías cromosómicas;De 15 a 29 años;Mujeres;0
Total Nacional;04 Balears, Illes;083-085 XVII.Malformaciones congénitas, deformidades y anomalías cromosómicas;De 30 a 39 años;Hombres;0
Total Nacional;04 Balears, Illes;083-085 XVII.Malformaciones congénitas, deformidades y anomalías cromosómicas;De 30 a 39 años;Mujeres;0
Total Nacional;04 Balears, Illes;083-085 XVII.Malformaciones congénitas, deformidades y anomalías cromosómicas;De 40 a 44 años;Hombres;0
Total Nacional;04 Balears, Illes;083-085 XVII.Malformaciones congénitas, deformidades y anomalías cromosómicas;De 40 a 44 años;Mujeres;1
Total Nacional;04 Balears, Illes;083-085 XVII.Malformaciones congénitas, deformidades y anomalías cromosómicas;De 45 a 49 años;Hombres;0
Total Nacional;04 Balears, Illes;083-085 XVII.Malformaciones congénitas, deformidades y anomalías cromosómicas;De 45 a 49 años;Mujeres;0
Total Nacional;04 Balears, Illes;083-085 XVII.Malformaciones congénitas, deformidades y anomalías cromosómicas;De 50 a 54 años;Hombres;0
Total Nacional;04 Balears, Illes;083-085 XVII.Malformaciones congénitas, deformidades y anomalías cromosómicas;De 50 a 54 años;Mujeres;3
Total Nacional;04 Balears, Illes;083-085 XVII.Malformaciones congénitas, deformidades y anomalías cromosómicas;De 55 a 59 años;Hombres;1
Total Nacional;04 Balears, Illes;083-085 XVII.Malformaciones congénitas, deformidades y anomalías cromosómicas;De 55 a 59 años;Mujeres;0
Total Nacional;04 Balears, Illes;083-085 XVII.Malformaciones congénitas, deformidades y anomalías cromosómicas;De 60 a 64 años;Hombres;3
Total Nacional;04 Balears, Illes;083-085 XVII.Malformaciones congénitas, deformidades y anomalías cromosómicas;De 60 a 64 años;Mujeres;1
Total Nacional;04 Balears, Illes;083-085 XVII.Malformaciones congénitas, deformidades y anomalías cromosómicas;De 65 a 69 años;Hombres;0
Total Nacional;04 Balears, Illes;083-085 XVII.Malformaciones congénitas, deformidades y anomalías cromosómicas;De 65 a 69 años;Mujeres;1
Total Nacional;04 Balears, Illes;083-085 XVII.Malformaciones congénitas, deformidades y anomalías cromosómicas;De 70 a 74 años;Hombres;0
Total Nacional;04 Balears, Illes;083-085 XVII.Malformaciones congénitas, deformidades y anomalías cromosómicas;De 70 a 74 años;Mujeres;2
Total Nacional;04 Balears, Illes;083-085 XVII.Malformaciones congénitas, deformidades y anomalías cromosómicas;De 75 a 79 años;Hombres;0
Total Nacional;04 Balears, Illes;083-085 XVII.Malformaciones congénitas, deformidades y anomalías cromosómicas;De 75 a 79 años;Mujeres;0
Total Nacional;04 Balears, Illes;083-085 XVII.Malformaciones congénitas, deformidades y anomalías cromosómicas;De 80 a 84 años;Hombres;0
Total Nacional;04 Balears, Illes;083-085 XVII.Malformaciones congénitas, deformidades y anomalías cromosómicas;De 80 a 84 años;Mujeres;1
Total Nacional;04 Balears, Illes;083-085 XVII.Malformaciones congénitas, deformidades y anomalías cromosómicas;De 85 a 89 años;Hombres;0
Total Nacional;04 Balears, Illes;083-085 XVII.Malformaciones congénitas, deformidades y anomalías cromosómicas;De 85 a 89 años;Mujeres;0
Total Nacional;04 Balears, Illes;083-085 XVII.Malformaciones congénitas, deformidades y anomalías cromosómicas;De 90 a 94 años;Hombres;1
Total Nacional;04 Balears, Illes;083-085 XVII.Malformaciones congénitas, deformidades y anomalías cromosómicas;De 90 a 94 años;Mujeres;2
Total Nacional;04 Balears, Illes;083-085 XVII.Malformaciones congénitas, deformidades y anomalías cromosómicas;De 95 años y más;Hombres;0
Total Nacional;04 Balears, Illes;083-085 XVII.Malformaciones congénitas, deformidades y anomalías cromosómicas;De 95 años y más;Mujeres;0
Total Nacional;04 Balears, Illes;086-089 XVIII.Síntomas, signos y hallazgos anormales clínicos y de laboratorio, no clasificados en otra parte;De 1 a 14 años;Hombres;0
Total Nacional;04 Balears, Illes;086-089 XVIII.Síntomas, signos y hallazgos anormales clínicos y de laboratorio, no clasificados en otra parte;De 1 a 14 años;Mujeres;1
Total Nacional;04 Balears, Illes;086-089 XVIII.Síntomas, signos y hallazgos anormales clínicos y de laboratorio, no clasificados en otra parte;De 15 a 29 años;Hombres;2
Total Nacional;04 Balears, Illes;086-089 XVIII.Síntomas, signos y hallazgos anormales clínicos y de laboratorio, no clasificados en otra parte;De 15 a 29 años;Mujeres;1
Total Nacional;04 Balears, Illes;086-089 XVIII.Síntomas, signos y hallazgos anormales clínicos y de laboratorio, no clasificados en otra parte;De 30 a 39 años;Hombres;5
Total Nacional;04 Balears, Illes;086-089 XVIII.Síntomas, signos y hallazgos anormales clínicos y de laboratorio, no clasificados en otra parte;De 30 a 39 años;Mujeres;0
Total Nacional;04 Balears, Illes;086-089 XVIII.Síntomas, signos y hallazgos anormales clínicos y de laboratorio, no clasificados en otra parte;De 40 a 44 años;Hombres;3
Total Nacional;04 Balears, Illes;086-089 XVIII.Síntomas, signos y hallazgos anormales clínicos y de laboratorio, no clasificados en otra parte;De 40 a 44 años;Mujeres;2
Total Nacional;04 Balears, Illes;086-089 XVIII.Síntomas, signos y hallazgos anormales clínicos y de laboratorio, no clasificados en otra parte;De 45 a 49 años;Hombres;7
Total Nacional;04 Balears, Illes;086-089 XVIII.Síntomas, signos y hallazgos anormales clínicos y de laboratorio, no clasificados en otra parte;De 45 a 49 años;Mujeres;4
Total Nacional;04 Balears, Illes;086-089 XVIII.Síntomas, signos y hallazgos anormales clínicos y de laboratorio, no clasificados en otra parte;De 50 a 54 años;Hombres;6
Total Nacional;04 Balears, Illes;086-089 XVIII.Síntomas, signos y hallazgos anormales clínicos y de laboratorio, no clasificados en otra parte;De 50 a 54 años;Mujeres;3
Total Nacional;04 Balears, Illes;086-089 XVIII.Síntomas, signos y hallazgos anormales clínicos y de laboratorio, no clasificados en otra parte;De 55 a 59 años;Hombres;10
Total Nacional;04 Balears, Illes;086-089 XVIII.Síntomas, signos y hallazgos anormales clínicos y de laboratorio, no clasificados en otra parte;De 55 a 59 años;Mujeres;3
Total Nacional;04 Balears, Illes;086-089 XVIII.Síntomas, signos y hallazgos anormales clínicos y de laboratorio, no clasificados en otra parte;De 60 a 64 años;Hombres;7
Total Nacional;04 Balears, Illes;086-089 XVIII.Síntomas, signos y hallazgos anormales clínicos y de laboratorio, no clasificados en otra parte;De 60 a 64 años;Mujeres;3
Total Nacional;04 Balears, Illes;086-089 XVIII.Síntomas, signos y hallazgos anormales clínicos y de laboratorio, no clasificados en otra parte;De 65 a 69 años;Hombres;1
Total Nacional;04 Balears, Illes;086-089 XVIII.Síntomas, signos y hallazgos anormales clínicos y de laboratorio, no clasificados en otra parte;De 65 a 69 años;Mujeres;2
Total Nacional;04 Balears, Illes;086-089 XVIII.Síntomas, signos y hallazgos anormales clínicos y de laboratorio, no clasificados en otra parte;De 70 a 74 años;Hombres;5
Total Nacional;04 Balears, Illes;086-089 XVIII.Síntomas, signos y hallazgos anormales clínicos y de laboratorio, no clasificados en otra parte;De 70 a 74 años;Mujeres;4
Total Nacional;04 Balears, Illes;086-089 XVIII.Síntomas, signos y hallazgos anormales clínicos y de laboratorio, no clasificados en otra parte;De 75 a 79 años;Hombres;8
Total Nacional;04 Balears, Illes;086-089 XVIII.Síntomas, signos y hallazgos anormales clínicos y de laboratorio, no clasificados en otra parte;De 75 a 79 años;Mujeres;1
Total Nacional;04 Balears, Illes;086-089 XVIII.Síntomas, signos y hallazgos anormales clínicos y de laboratorio, no clasificados en otra parte;De 80 a 84 años;Hombres;7
Total Nacional;04 Balears, Illes;086-089 XVIII.Síntomas, signos y hallazgos anormales clínicos y de laboratorio, no clasificados en otra parte;De 80 a 84 años;Mujeres;6
Total Nacional;04 Balears, Illes;086-089 XVIII.Síntomas, signos y hallazgos anormales clínicos y de laboratorio, no clasificados en otra parte;De 85 a 89 años;Hombres;10
Total Nacional;04 Balears, Illes;086-089 XVIII.Síntomas, signos y hallazgos anormales clínicos y de laboratorio, no clasificados en otra parte;De 85 a 89 años;Mujeres;10
Total Nacional;04 Balears, Illes;086-089 XVIII.Síntomas, signos y hallazgos anormales clínicos y de laboratorio, no clasificados en otra parte;De 90 a 94 años;Hombres;5
Total Nacional;04 Balears, Illes;086-089 XVIII.Síntomas, signos y hallazgos anormales clínicos y de laboratorio, no clasificados en otra parte;De 90 a 94 años;Mujeres;21
Total Nacional;04 Balears, Illes;086-089 XVIII.Síntomas, signos y hallazgos anormales clínicos y de laboratorio, no clasificados en otra parte;De 95 años y más;Hombres;5
Total Nacional;04 Balears, Illes;086-089 XVIII.Síntomas, signos y hallazgos anormales clínicos y de laboratorio, no clasificados en otra parte;De 95 años y más;Mujeres;23
Total Nacional;04 Balears, Illes;090-102 XX.Causas externas de mortalidad;De 1 a 14 años;Hombres;8
Total Nacional;04 Balears, Illes;090-102 XX.Causas externas de mortalidad;De 1 a 14 años;Mujeres;2
Total Nacional;04 Balears, Illes;090-102 XX.Causas externas de mortalidad;De 15 a 29 años;Hombres;21
Total Nacional;04 Balears, Illes;090-102 XX.Causas externas de mortalidad;De 15 a 29 años;Mujeres;13
Total Nacional;04 Balears, Illes;090-102 XX.Causas externas de mortalidad;De 30 a 39 años;Hombres;40
Total Nacional;04 Balears, Illes;090-102 XX.Causas externas de mortalidad;De 30 a 39 años;Mujeres;7
Total Nacional;04 Balears, Illes;090-102 XX.Causas externas de mortalidad;De 40 a 44 años;Hombres;12
Total Nacional;04 Balears, Illes;090-102 XX.Causas externas de mortalidad;De 40 a 44 años;Mujeres;5
Total Nacional;04 Balears, Illes;090-102 XX.Causas externas de mortalidad;De 45 a 49 años;Hombres;19
Total Nacional;04 Balears, Illes;090-102 XX.Causas externas de mortalidad;De 45 a 49 años;Mujeres;7
Total Nacional;04 Balears, Illes;090-102 XX.Causas externas de mortalidad;De 50 a 54 años;Hombres;23
Total Nacional;04 Balears, Illes;090-102 XX.Causas externas de mortalidad;De 50 a 54 años;Mujeres;5
Total Nacional;04 Balears, Illes;090-102 XX.Causas externas de mortalidad;De 55 a 59 años;Hombres;19
Total Nacional;04 Balears, Illes;090-102 XX.Causas externas de mortalidad;De 55 a 59 años;Mujeres;6
Total Nacional;04 Balears, Illes;090-102 XX.Causas externas de mortalidad;De 60 a 64 años;Hombres;18
Total Nacional;04 Balears, Illes;090-102 XX.Causas externas de mortalidad;De 60 a 64 años;Mujeres;7
Total Nacional;04 Balears, Illes;090-102 XX.Causas externas de mortalidad;De 65 a 69 años;Hombres;12
Total Nacional;04 Balears, Illes;090-102 XX.Causas externas de mortalidad;De 65 a 69 años;Mujeres;6
Total Nacional;04 Balears, Illes;090-102 XX.Causas externas de mortalidad;De 70 a 74 años;Hombres;20
Total Nacional;04 Balears, Illes;090-102 XX.Causas externas de mortalidad;De 70 a 74 años;Mujeres;13
Total Nacional;04 Balears, Illes;090-102 XX.Causas externas de mortalidad;De 75 a 79 años;Hombres;19
Total Nacional;04 Balears, Illes;090-102 XX.Causas externas de mortalidad;De 75 a 79 años;Mujeres;21
Total Nacional;04 Balears, Illes;090-102 XX.Causas externas de mortalidad;De 80 a 84 años;Hombres;18
Total Nacional;04 Balears, Illes;090-102 XX.Causas externas de mortalidad;De 80 a 84 años;Mujeres;21
Total Nacional;04 Balears, Illes;090-102 XX.Causas externas de mortalidad;De 85 a 89 años;Hombres;22
Total Nacional;04 Balears, Illes;090-102 XX.Causas externas de mortalidad;De 85 a 89 años;Mujeres;13
Total Nacional;04 Balears, Illes;090-102 XX.Causas externas de mortalidad;De 90 a 94 años;Hombres;14
Total Nacional;04 Balears, Illes;090-102 XX.Causas externas de mortalidad;De 90 a 94 años;Mujeres;28
Total Nacional;04 Balears, Illes;090-102 XX.Causas externas de mortalidad;De 95 años y más;Hombres;5
Total Nacional;04 Balears, Illes;090-102 XX.Causas externas de mortalidad;De 95 años y más;Mujeres;14
Total Nacional;05 Canarias;001-008 I.Enfermedades infecciosas y parasitarias;De 1 a 14 años;Hombres;1
Total Nacional;05 Canarias;001-008 I.Enfermedades infecciosas y parasitarias;De 1 a 14 años;Mujeres;1
Total Nacional;05 Canarias;001-008 I.Enfermedades infecciosas y parasitarias;De 15 a 29 años;Hombres;1
Total Nacional;05 Canarias;001-008 I.Enfermedades infecciosas y parasitarias;De 15 a 29 años;Mujeres;2
Total Nacional;05 Canarias;001-008 I.Enfermedades infecciosas y parasitarias;De 30 a 39 años;Hombres;1
Total Nacional;05 Canarias;001-008 I.Enfermedades infecciosas y parasitarias;De 30 a 39 años;Mujeres;2
Total Nacional;05 Canarias;001-008 I.Enfermedades infecciosas y parasitarias;De 40 a 44 años;Hombres;7
Total Nacional;05 Canarias;001-008 I.Enfermedades infecciosas y parasitarias;De 40 a 44 años;Mujeres;0
Total Nacional;05 Canarias;001-008 I.Enfermedades infecciosas y parasitarias;De 45 a 49 años;Hombres;2
Total Nacional;05 Canarias;001-008 I.Enfermedades infecciosas y parasitarias;De 45 a 49 años;Mujeres;1
Total Nacional;05 Canarias;001-008 I.Enfermedades infecciosas y parasitarias;De 50 a 54 años;Hombres;14
Total Nacional;05 Canarias;001-008 I.Enfermedades infecciosas y parasitarias;De 50 a 54 años;Mujeres;3
Total Nacional;05 Canarias;001-008 I.Enfermedades infecciosas y parasitarias;De 55 a 59 años;Hombres;13
Total Nacional;05 Canarias;001-008 I.Enfermedades infecciosas y parasitarias;De 55 a 59 años;Mujeres;8
Total Nacional;05 Canarias;001-008 I.Enfermedades infecciosas y parasitarias;De 60 a 64 años;Hombres;15
Total Nacional;05 Canarias;001-008 I.Enfermedades infecciosas y parasitarias;De 60 a 64 años;Mujeres;14
Total Nacional;05 Canarias;001-008 I.Enfermedades infecciosas y parasitarias;De 65 a 69 años;Hombres;26
Total Nacional;05 Canarias;001-008 I.Enfermedades infecciosas y parasitarias;De 65 a 69 años;Mujeres;13
Total Nacional;05 Canarias;001-008 I.Enfermedades infecciosas y parasitarias;De 70 a 74 años;Hombres;27
Total Nacional;05 Canarias;001-008 I.Enfermedades infecciosas y parasitarias;De 70 a 74 años;Mujeres;12
Total Nacional;05 Canarias;001-008 I.Enfermedades infecciosas y parasitarias;De 75 a 79 años;Hombres;50
Total Nacional;05 Canarias;001-008 I.Enfermedades infecciosas y parasitarias;De 75 a 79 años;Mujeres;27
Total Nacional;05 Canarias;001-008 I.Enfermedades infecciosas y parasitarias;De 80 a 84 años;Hombres;38
Total Nacional;05 Canarias;001-008 I.Enfermedades infecciosas y parasitarias;De 80 a 84 años;Mujeres;40
Total Nacional;05 Canarias;001-008 I.Enfermedades infecciosas y parasitarias;De 85 a 89 años;Hombres;46
Total Nacional;05 Canarias;001-008 I.Enfermedades infecciosas y parasitarias;De 85 a 89 años;Mujeres;61
Total Nacional;05 Canarias;001-008 I.Enfermedades infecciosas y parasitarias;De 90 a 94 años;Hombres;26
Total Nacional;05 Canarias;001-008 I.Enfermedades infecciosas y parasitarias;De 90 a 94 años;Mujeres;61
Total Nacional;05 Canarias;001-008 I.Enfermedades infecciosas y parasitarias;De 95 años y más;Hombres;10
Total Nacional;05 Canarias;001-008 I.Enfermedades infecciosas y parasitarias;De 95 años y más;Mujeres;27
Total Nacional;05 Canarias;009-041 II.Tumores;De 1 a 14 años;Hombres;1
Total Nacional;05 Canarias;009-041 II.Tumores;De 1 a 14 años;Mujeres;5
Total Nacional;05 Canarias;009-041 II.Tumores;De 15 a 29 años;Hombres;6
Total Nacional;05 Canarias;009-041 II.Tumores;De 15 a 29 años;Mujeres;6
Total Nacional;05 Canarias;009-041 II.Tumores;De 30 a 39 años;Hombres;14
Total Nacional;05 Canarias;009-041 II.Tumores;De 30 a 39 años;Mujeres;27
Total Nacional;05 Canarias;009-041 II.Tumores;De 40 a 44 años;Hombres;23
Total Nacional;05 Canarias;009-041 II.Tumores;De 40 a 44 años;Mujeres;31
Total Nacional;05 Canarias;009-041 II.Tumores;De 45 a 49 años;Hombres;42
Total Nacional;05 Canarias;009-041 II.Tumores;De 45 a 49 años;Mujeres;60
Total Nacional;05 Canarias;009-041 II.Tumores;De 50 a 54 años;Hombres;97
Total Nacional;05 Canarias;009-041 II.Tumores;De 50 a 54 años;Mujeres;81
Total Nacional;05 Canarias;009-041 II.Tumores;De 55 a 59 años;Hombres;196
Total Nacional;05 Canarias;009-041 II.Tumores;De 55 a 59 años;Mujeres;153
Total Nacional;05 Canarias;009-041 II.Tumores;De 60 a 64 años;Hombres;318
Total Nacional;05 Canarias;009-041 II.Tumores;De 60 a 64 años;Mujeres;211
Total Nacional;05 Canarias;009-041 II.Tumores;De 65 a 69 años;Hombres;376
Total Nacional;05 Canarias;009-041 II.Tumores;De 65 a 69 años;Mujeres;237
Total Nacional;05 Canarias;009-041 II.Tumores;De 70 a 74 años;Hombres;411
Total Nacional;05 Canarias;009-041 II.Tumores;De 70 a 74 años;Mujeres;216
Total Nacional;05 Canarias;009-041 II.Tumores;De 75 a 79 años;Hombres;440
Total Nacional;05 Canarias;009-041 II.Tumores;De 75 a 79 años;Mujeres;256
Total Nacional;05 Canarias;009-041 II.Tumores;De 80 a 84 años;Hombres;412
Total Nacional;05 Canarias;009-041 II.Tumores;De 80 a 84 años;Mujeres;265
Total Nacional;05 Canarias;009-041 II.Tumores;De 85 a 89 años;Hombres;299
Total Nacional;05 Canarias;009-041 II.Tumores;De 85 a 89 años;Mujeres;273
Total Nacional;05 Canarias;009-041 II.Tumores;De 90 a 94 años;Hombres;143
Total Nacional;05 Canarias;009-041 II.Tumores;De 90 a 94 años;Mujeres;179
Total Nacional;05 Canarias;009-041 II.Tumores;De 95 años y más;Hombres;36
Total Nacional;05 Canarias;009-041 II.Tumores;De 95 años y más;Mujeres;48
Total Nacional;05 Canarias;050-052 VI-VIII.Enfermedades del sistema nervioso y de los órganos de los sentidos;De 1 a 14 años;Hombres;2
Total Nacional;05 Canarias;050-052 VI-VIII.Enfermedades del sistema nervioso y de los órganos de los sentidos;De 1 a 14 años;Mujeres;1
Total Nacional;05 Canarias;050-052 VI-VIII.Enfermedades del sistema nervioso y de los órganos de los sentidos;De 15 a 29 años;Hombres;6
Total Nacional;05 Canarias;050-052 VI-VIII.Enfermedades del sistema nervioso y de los órganos de los sentidos;De 15 a 29 años;Mujeres;2
Total Nacional;05 Canarias;050-052 VI-VIII.Enfermedades del sistema nervioso y de los órganos de los sentidos;De 30 a 39 años;Hombres;5
Total Nacional;05 Canarias;050-052 VI-VIII.Enfermedades del sistema nervioso y de los órganos de los sentidos;De 30 a 39 años;Mujeres;3
Total Nacional;05 Canarias;050-052 VI-VIII.Enfermedades del sistema nervioso y de los órganos de los sentidos;De 40 a 44 años;Hombres;4
Total Nacional;05 Canarias;050-052 VI-VIII.Enfermedades del sistema nervioso y de los órganos de los sentidos;De 40 a 44 años;Mujeres;2
Total Nacional;05 Canarias;050-052 VI-VIII.Enfermedades del sistema nervioso y de los órganos de los sentidos;De 45 a 49 años;Hombres;1
Total Nacional;05 Canarias;050-052 VI-VIII.Enfermedades del sistema nervioso y de los órganos de los sentidos;De 45 a 49 años;Mujeres;3
Total Nacional;05 Canarias;050-052 VI-VIII.Enfermedades del sistema nervioso y de los órganos de los sentidos;De 50 a 54 años;Hombres;3
Total Nacional;05 Canarias;050-052 VI-VIII.Enfermedades del sistema nervioso y de los órganos de los sentidos;De 50 a 54 años;Mujeres;8
Total Nacional;05 Canarias;050-052 VI-VIII.Enfermedades del sistema nervioso y de los órganos de los sentidos;De 55 a 59 años;Hombres;21
Total Nacional;05 Canarias;050-052 VI-VIII.Enfermedades del sistema nervioso y de los órganos de los sentidos;De 55 a 59 años;Mujeres;11
Total Nacional;05 Canarias;050-052 VI-VIII.Enfermedades del sistema nervioso y de los órganos de los sentidos;De 60 a 64 años;Hombres;19
Total Nacional;05 Canarias;050-052 VI-VIII.Enfermedades del sistema nervioso y de los órganos de los sentidos;De 60 a 64 años;Mujeres;8
Total Nacional;05 Canarias;050-052 VI-VIII.Enfermedades del sistema nervioso y de los órganos de los sentidos;De 65 a 69 años;Hombres;38
Total Nacional;05 Canarias;050-052 VI-VIII.Enfermedades del sistema nervioso y de los órganos de los sentidos;De 65 a 69 años;Mujeres;24
Total Nacional;05 Canarias;050-052 VI-VIII.Enfermedades del sistema nervioso y de los órganos de los sentidos;De 70 a 74 años;Hombres;45
Total Nacional;05 Canarias;050-052 VI-VIII.Enfermedades del sistema nervioso y de los órganos de los sentidos;De 70 a 74 años;Mujeres;42
Total Nacional;05 Canarias;050-052 VI-VIII.Enfermedades del sistema nervioso y de los órganos de los sentidos;De 75 a 79 años;Hombres;45
Total Nacional;05 Canarias;050-052 VI-VIII.Enfermedades del sistema nervioso y de los órganos de los sentidos;De 75 a 79 años;Mujeres;52
Total Nacional;05 Canarias;050-052 VI-VIII.Enfermedades del sistema nervioso y de los órganos de los sentidos;De 80 a 84 años;Hombres;60
Total Nacional;05 Canarias;050-052 VI-VIII.Enfermedades del sistema nervioso y de los órganos de los sentidos;De 80 a 84 años;Mujeres;76
Total Nacional;05 Canarias;050-052 VI-VIII.Enfermedades del sistema nervioso y de los órganos de los sentidos;De 85 a 89 años;Hombres;55
Total Nacional;05 Canarias;050-052 VI-VIII.Enfermedades del sistema nervioso y de los órganos de los sentidos;De 85 a 89 años;Mujeres;89
Total Nacional;05 Canarias;050-052 VI-VIII.Enfermedades del sistema nervioso y de los órganos de los sentidos;De 90 a 94 años;Hombres;30
Total Nacional;05 Canarias;050-052 VI-VIII.Enfermedades del sistema nervioso y de los órganos de los sentidos;De 90 a 94 años;Mujeres;87
Total Nacional;05 Canarias;050-052 VI-VIII.Enfermedades del sistema nervioso y de los órganos de los sentidos;De 95 años y más;Hombres;4
Total Nacional;05 Canarias;050-052 VI-VIII.Enfermedades del sistema nervioso y de los órganos de los sentidos;De 95 años y más;Mujeres;38
Total Nacional;05 Canarias;053-061 IX.Enfermedades del sistema circulatorio;De 1 a 14 años;Hombres;0
Total Nacional;05 Canarias;053-061 IX.Enfermedades del sistema circulatorio;De 1 a 14 años;Mujeres;0
Total Nacional;05 Canarias;053-061 IX.Enfermedades del sistema circulatorio;De 15 a 29 años;Hombres;6
Total Nacional;05 Canarias;053-061 IX.Enfermedades del sistema circulatorio;De 15 a 29 años;Mujeres;1
Total Nacional;05 Canarias;053-061 IX.Enfermedades del sistema circulatorio;De 30 a 39 años;Hombres;15
Total Nacional;05 Canarias;053-061 IX.Enfermedades del sistema circulatorio;De 30 a 39 años;Mujeres;9
Total Nacional;05 Canarias;053-061 IX.Enfermedades del sistema circulatorio;De 40 a 44 años;Hombres;14
Total Nacional;05 Canarias;053-061 IX.Enfermedades del sistema circulatorio;De 40 a 44 años;Mujeres;12
Total Nacional;05 Canarias;053-061 IX.Enfermedades del sistema circulatorio;De 45 a 49 años;Hombres;31
Total Nacional;05 Canarias;053-061 IX.Enfermedades del sistema circulatorio;De 45 a 49 años;Mujeres;16
Total Nacional;05 Canarias;053-061 IX.Enfermedades del sistema circulatorio;De 50 a 54 años;Hombres;85
Total Nacional;05 Canarias;053-061 IX.Enfermedades del sistema circulatorio;De 50 a 54 años;Mujeres;34
Total Nacional;05 Canarias;053-061 IX.Enfermedades del sistema circulatorio;De 55 a 59 años;Hombres;126
Total Nacional;05 Canarias;053-061 IX.Enfermedades del sistema circulatorio;De 55 a 59 años;Mujeres;63
Total Nacional;05 Canarias;053-061 IX.Enfermedades del sistema circulatorio;De 60 a 64 años;Hombres;180
Total Nacional;05 Canarias;053-061 IX.Enfermedades del sistema circulatorio;De 60 a 64 años;Mujeres;70
Total Nacional;05 Canarias;053-061 IX.Enfermedades del sistema circulatorio;De 65 a 69 años;Hombres;208
Total Nacional;05 Canarias;053-061 IX.Enfermedades del sistema circulatorio;De 65 a 69 años;Mujeres;103
Total Nacional;05 Canarias;053-061 IX.Enfermedades del sistema circulatorio;De 70 a 74 años;Hombres;259
Total Nacional;05 Canarias;053-061 IX.Enfermedades del sistema circulatorio;De 70 a 74 años;Mujeres;136
Total Nacional;05 Canarias;053-061 IX.Enfermedades del sistema circulatorio;De 75 a 79 años;Hombres;300
Total Nacional;05 Canarias;053-061 IX.Enfermedades del sistema circulatorio;De 75 a 79 años;Mujeres;213
Total Nacional;05 Canarias;053-061 IX.Enfermedades del sistema circulatorio;De 80 a 84 años;Hombres;338
Total Nacional;05 Canarias;053-061 IX.Enfermedades del sistema circulatorio;De 80 a 84 años;Mujeres;308
Total Nacional;05 Canarias;053-061 IX.Enfermedades del sistema circulatorio;De 85 a 89 años;Hombres;338
Total Nacional;05 Canarias;053-061 IX.Enfermedades del sistema circulatorio;De 85 a 89 años;Mujeres;456
Total Nacional;05 Canarias;053-061 IX.Enfermedades del sistema circulatorio;De 90 a 94 años;Hombres;238
Total Nacional;05 Canarias;053-061 IX.Enfermedades del sistema circulatorio;De 90 a 94 años;Mujeres;469
Total Nacional;05 Canarias;053-061 IX.Enfermedades del sistema circulatorio;De 95 años y más;Hombres;78
Total Nacional;05 Canarias;053-061 IX.Enfermedades del sistema circulatorio;De 95 años y más;Mujeres;254
Total Nacional;05 Canarias;062-067 X.Enfermedades del sistema respiratorio;De 1 a 14 años;Hombres;0
Total Nacional;05 Canarias;062-067 X.Enfermedades del sistema respiratorio;De 1 a 14 años;Mujeres;0
Total Nacional;05 Canarias;062-067 X.Enfermedades del sistema respiratorio;De 15 a 29 años;Hombres;1
Total Nacional;05 Canarias;062-067 X.Enfermedades del sistema respiratorio;De 15 a 29 años;Mujeres;2
Total Nacional;05 Canarias;062-067 X.Enfermedades del sistema respiratorio;De 30 a 39 años;Hombres;8
Total Nacional;05 Canarias;062-067 X.Enfermedades del sistema respiratorio;De 30 a 39 años;Mujeres;1
Total Nacional;05 Canarias;062-067 X.Enfermedades del sistema respiratorio;De 40 a 44 años;Hombres;6
Total Nacional;05 Canarias;062-067 X.Enfermedades del sistema respiratorio;De 40 a 44 años;Mujeres;3
Total Nacional;05 Canarias;062-067 X.Enfermedades del sistema respiratorio;De 45 a 49 años;Hombres;11
Total Nacional;05 Canarias;062-067 X.Enfermedades del sistema respiratorio;De 45 a 49 años;Mujeres;10
Total Nacional;05 Canarias;062-067 X.Enfermedades del sistema respiratorio;De 50 a 54 años;Hombres;27
Total Nacional;05 Canarias;062-067 X.Enfermedades del sistema respiratorio;De 50 a 54 años;Mujeres;11
Total Nacional;05 Canarias;062-067 X.Enfermedades del sistema respiratorio;De 55 a 59 años;Hombres;26
Total Nacional;05 Canarias;062-067 X.Enfermedades del sistema respiratorio;De 55 a 59 años;Mujeres;12
Total Nacional;05 Canarias;062-067 X.Enfermedades del sistema respiratorio;De 60 a 64 años;Hombres;67
Total Nacional;05 Canarias;062-067 X.Enfermedades del sistema respiratorio;De 60 a 64 años;Mujeres;37
Total Nacional;05 Canarias;062-067 X.Enfermedades del sistema respiratorio;De 65 a 69 años;Hombres;106
Total Nacional;05 Canarias;062-067 X.Enfermedades del sistema respiratorio;De 65 a 69 años;Mujeres;59
Total Nacional;05 Canarias;062-067 X.Enfermedades del sistema respiratorio;De 70 a 74 años;Hombres;137
Total Nacional;05 Canarias;062-067 X.Enfermedades del sistema respiratorio;De 70 a 74 años;Mujeres;74
Total Nacional;05 Canarias;062-067 X.Enfermedades del sistema respiratorio;De 75 a 79 años;Hombres;152
Total Nacional;05 Canarias;062-067 X.Enfermedades del sistema respiratorio;De 75 a 79 años;Mujeres;84
Total Nacional;05 Canarias;062-067 X.Enfermedades del sistema respiratorio;De 80 a 84 años;Hombres;225
Total Nacional;05 Canarias;062-067 X.Enfermedades del sistema respiratorio;De 80 a 84 años;Mujeres;167
Total Nacional;05 Canarias;062-067 X.Enfermedades del sistema respiratorio;De 85 a 89 años;Hombres;280
Total Nacional;05 Canarias;062-067 X.Enfermedades del sistema respiratorio;De 85 a 89 años;Mujeres;249
Total Nacional;05 Canarias;062-067 X.Enfermedades del sistema respiratorio;De 90 a 94 años;Hombres;228
Total Nacional;05 Canarias;062-067 X.Enfermedades del sistema respiratorio;De 90 a 94 años;Mujeres;294
Total Nacional;05 Canarias;062-067 X.Enfermedades del sistema respiratorio;De 95 años y más;Hombres;63
Total Nacional;05 Canarias;062-067 X.Enfermedades del sistema respiratorio;De 95 años y más;Mujeres;130
Total Nacional;05 Canarias;068-072 XI.Enfermedades del sistema digestivo;De 1 a 14 años;Hombres;1
Total Nacional;05 Canarias;068-072 XI.Enfermedades del sistema digestivo;De 1 a 14 años;Mujeres;1
Total Nacional;05 Canarias;068-072 XI.Enfermedades del sistema digestivo;De 15 a 29 años;Hombres;2
Total Nacional;05 Canarias;068-072 XI.Enfermedades del sistema digestivo;De 15 a 29 años;Mujeres;1
Total Nacional;05 Canarias;068-072 XI.Enfermedades del sistema digestivo;De 30 a 39 años;Hombres;2
Total Nacional;05 Canarias;068-072 XI.Enfermedades del sistema digestivo;De 30 a 39 años;Mujeres;2
Total Nacional;05 Canarias;068-072 XI.Enfermedades del sistema digestivo;De 40 a 44 años;Hombres;4
Total Nacional;05 Canarias;068-072 XI.Enfermedades del sistema digestivo;De 40 a 44 años;Mujeres;3
Total Nacional;05 Canarias;068-072 XI.Enfermedades del sistema digestivo;De 45 a 49 años;Hombres;15
Total Nacional;05 Canarias;068-072 XI.Enfermedades del sistema digestivo;De 45 a 49 años;Mujeres;7
Total Nacional;05 Canarias;068-072 XI.Enfermedades del sistema digestivo;De 50 a 54 años;Hombres;13
Total Nacional;05 Canarias;068-072 XI.Enfermedades del sistema digestivo;De 50 a 54 años;Mujeres;12
Total Nacional;05 Canarias;068-072 XI.Enfermedades del sistema digestivo;De 55 a 59 años;Hombres;43
Total Nacional;05 Canarias;068-072 XI.Enfermedades del sistema digestivo;De 55 a 59 años;Mujeres;14
Total Nacional;05 Canarias;068-072 XI.Enfermedades del sistema digestivo;De 60 a 64 años;Hombres;49
Total Nacional;05 Canarias;068-072 XI.Enfermedades del sistema digestivo;De 60 a 64 años;Mujeres;16
Total Nacional;05 Canarias;068-072 XI.Enfermedades del sistema digestivo;De 65 a 69 años;Hombres;55
Total Nacional;05 Canarias;068-072 XI.Enfermedades del sistema digestivo;De 65 a 69 años;Mujeres;33
Total Nacional;05 Canarias;068-072 XI.Enfermedades del sistema digestivo;De 70 a 74 años;Hombres;60
Total Nacional;05 Canarias;068-072 XI.Enfermedades del sistema digestivo;De 70 a 74 años;Mujeres;40
Total Nacional;05 Canarias;068-072 XI.Enfermedades del sistema digestivo;De 75 a 79 años;Hombres;69
Total Nacional;05 Canarias;068-072 XI.Enfermedades del sistema digestivo;De 75 a 79 años;Mujeres;49
Total Nacional;05 Canarias;068-072 XI.Enfermedades del sistema digestivo;De 80 a 84 años;Hombres;53
Total Nacional;05 Canarias;068-072 XI.Enfermedades del sistema digestivo;De 80 a 84 años;Mujeres;67
Total Nacional;05 Canarias;068-072 XI.Enfermedades del sistema digestivo;De 85 a 89 años;Hombres;57
Total Nacional;05 Canarias;068-072 XI.Enfermedades del sistema digestivo;De 85 a 89 años;Mujeres;94
Total Nacional;05 Canarias;068-072 XI.Enfermedades del sistema digestivo;De 90 a 94 años;Hombres;38
Total Nacional;05 Canarias;068-072 XI.Enfermedades del sistema digestivo;De 90 a 94 años;Mujeres;79
Total Nacional;05 Canarias;068-072 XI.Enfermedades del sistema digestivo;De 95 años y más;Hombres;12
Total Nacional;05 Canarias;068-072 XI.Enfermedades del sistema digestivo;De 95 años y más;Mujeres;30
Total Nacional;05 Canarias;073 XII.Enfermedades de la piel y del tejido subcutáneo;De 1 a 14 años;Hombres;0
Total Nacional;05 Canarias;073 XII.Enfermedades de la piel y del tejido subcutáneo;De 1 a 14 años;Mujeres;0
Total Nacional;05 Canarias;073 XII.Enfermedades de la piel y del tejido subcutáneo;De 15 a 29 años;Hombres;0
Total Nacional;05 Canarias;073 XII.Enfermedades de la piel y del tejido subcutáneo;De 15 a 29 años;Mujeres;0
Total Nacional;05 Canarias;073 XII.Enfermedades de la piel y del tejido subcutáneo;De 30 a 39 años;Hombres;0
Total Nacional;05 Canarias;073 XII.Enfermedades de la piel y del tejido subcutáneo;De 30 a 39 años;Mujeres;1
Total Nacional;05 Canarias;073 XII.Enfermedades de la piel y del tejido subcutáneo;De 40 a 44 años;Hombres;0
Total Nacional;05 Canarias;073 XII.Enfermedades de la piel y del tejido subcutáneo;De 40 a 44 años;Mujeres;0
Total Nacional;05 Canarias;073 XII.Enfermedades de la piel y del tejido subcutáneo;De 45 a 49 años;Hombres;0
Total Nacional;05 Canarias;073 XII.Enfermedades de la piel y del tejido subcutáneo;De 45 a 49 años;Mujeres;0
Total Nacional;05 Canarias;073 XII.Enfermedades de la piel y del tejido subcutáneo;De 50 a 54 años;Hombres;0
Total Nacional;05 Canarias;073 XII.Enfermedades de la piel y del tejido subcutáneo;De 50 a 54 años;Mujeres;0
Total Nacional;05 Canarias;073 XII.Enfermedades de la piel y del tejido subcutáneo;De 55 a 59 años;Hombres;2
Total Nacional;05 Canarias;073 XII.Enfermedades de la piel y del tejido subcutáneo;De 55 a 59 años;Mujeres;2
Total Nacional;05 Canarias;073 XII.Enfermedades de la piel y del tejido subcutáneo;De 60 a 64 años;Hombres;1
Total Nacional;05 Canarias;073 XII.Enfermedades de la piel y del tejido subcutáneo;De 60 a 64 años;Mujeres;0
Total Nacional;05 Canarias;073 XII.Enfermedades de la piel y del tejido subcutáneo;De 65 a 69 años;Hombres;3
Total Nacional;05 Canarias;073 XII.Enfermedades de la piel y del tejido subcutáneo;De 65 a 69 años;Mujeres;4
Total Nacional;05 Canarias;073 XII.Enfermedades de la piel y del tejido subcutáneo;De 70 a 74 años;Hombres;7
Total Nacional;05 Canarias;073 XII.Enfermedades de la piel y del tejido subcutáneo;De 70 a 74 años;Mujeres;6
Total Nacional;05 Canarias;073 XII.Enfermedades de la piel y del tejido subcutáneo;De 75 a 79 años;Hombres;11
Total Nacional;05 Canarias;073 XII.Enfermedades de la piel y del tejido subcutáneo;De 75 a 79 años;Mujeres;7
Total Nacional;05 Canarias;073 XII.Enfermedades de la piel y del tejido subcutáneo;De 80 a 84 años;Hombres;9
Total Nacional;05 Canarias;073 XII.Enfermedades de la piel y del tejido subcutáneo;De 80 a 84 años;Mujeres;15
Total Nacional;05 Canarias;073 XII.Enfermedades de la piel y del tejido subcutáneo;De 85 a 89 años;Hombres;8
Total Nacional;05 Canarias;073 XII.Enfermedades de la piel y del tejido subcutáneo;De 85 a 89 años;Mujeres;11
Total Nacional;05 Canarias;073 XII.Enfermedades de la piel y del tejido subcutáneo;De 90 a 94 años;Hombres;7
Total Nacional;05 Canarias;073 XII.Enfermedades de la piel y del tejido subcutáneo;De 90 a 94 años;Mujeres;25
Total Nacional;05 Canarias;073 XII.Enfermedades de la piel y del tejido subcutáneo;De 95 años y más;Hombres;1
Total Nacional;05 Canarias;073 XII.Enfermedades de la piel y del tejido subcutáneo;De 95 años y más;Mujeres;11
Total Nacional;05 Canarias;074-076 XIII.Enfermedades del sistema osteomuscular y del tejido conjuntivo;De 1 a 14 años;Hombres;2
Total Nacional;05 Canarias;074-076 XIII.Enfermedades del sistema osteomuscular y del tejido conjuntivo;De 1 a 14 años;Mujeres;0
Total Nacional;05 Canarias;074-076 XIII.Enfermedades del sistema osteomuscular y del tejido conjuntivo;De 15 a 29 años;Hombres;0
Total Nacional;05 Canarias;074-076 XIII.Enfermedades del sistema osteomuscular y del tejido conjuntivo;De 15 a 29 años;Mujeres;0
Total Nacional;05 Canarias;074-076 XIII.Enfermedades del sistema osteomuscular y del tejido conjuntivo;De 30 a 39 años;Hombres;0
Total Nacional;05 Canarias;074-076 XIII.Enfermedades del sistema osteomuscular y del tejido conjuntivo;De 30 a 39 años;Mujeres;0
Total Nacional;05 Canarias;074-076 XIII.Enfermedades del sistema osteomuscular y del tejido conjuntivo;De 40 a 44 años;Hombres;0
Total Nacional;05 Canarias;074-076 XIII.Enfermedades del sistema osteomuscular y del tejido conjuntivo;De 40 a 44 años;Mujeres;0
Total Nacional;05 Canarias;074-076 XIII.Enfermedades del sistema osteomuscular y del tejido conjuntivo;De 45 a 49 años;Hombres;1
Total Nacional;05 Canarias;074-076 XIII.Enfermedades del sistema osteomuscular y del tejido conjuntivo;De 45 a 49 años;Mujeres;2
Total Nacional;05 Canarias;074-076 XIII.Enfermedades del sistema osteomuscular y del tejido conjuntivo;De 50 a 54 años;Hombres;0
Total Nacional;05 Canarias;074-076 XIII.Enfermedades del sistema osteomuscular y del tejido conjuntivo;De 50 a 54 años;Mujeres;3
Total Nacional;05 Canarias;074-076 XIII.Enfermedades del sistema osteomuscular y del tejido conjuntivo;De 55 a 59 años;Hombres;1
Total Nacional;05 Canarias;074-076 XIII.Enfermedades del sistema osteomuscular y del tejido conjuntivo;De 55 a 59 años;Mujeres;0
Total Nacional;05 Canarias;074-076 XIII.Enfermedades del sistema osteomuscular y del tejido conjuntivo;De 60 a 64 años;Hombres;5
Total Nacional;05 Canarias;074-076 XIII.Enfermedades del sistema osteomuscular y del tejido conjuntivo;De 60 a 64 años;Mujeres;2
Total Nacional;05 Canarias;074-076 XIII.Enfermedades del sistema osteomuscular y del tejido conjuntivo;De 65 a 69 años;Hombres;3
Total Nacional;05 Canarias;074-076 XIII.Enfermedades del sistema osteomuscular y del tejido conjuntivo;De 65 a 69 años;Mujeres;5
Total Nacional;05 Canarias;074-076 XIII.Enfermedades del sistema osteomuscular y del tejido conjuntivo;De 70 a 74 años;Hombres;4
Total Nacional;05 Canarias;074-076 XIII.Enfermedades del sistema osteomuscular y del tejido conjuntivo;De 70 a 74 años;Mujeres;1
Total Nacional;05 Canarias;074-076 XIII.Enfermedades del sistema osteomuscular y del tejido conjuntivo;De 75 a 79 años;Hombres;8
Total Nacional;05 Canarias;074-076 XIII.Enfermedades del sistema osteomuscular y del tejido conjuntivo;De 75 a 79 años;Mujeres;5
Total Nacional;05 Canarias;074-076 XIII.Enfermedades del sistema osteomuscular y del tejido conjuntivo;De 80 a 84 años;Hombres;13
Total Nacional;05 Canarias;074-076 XIII.Enfermedades del sistema osteomuscular y del tejido conjuntivo;De 80 a 84 años;Mujeres;9
Total Nacional;05 Canarias;074-076 XIII.Enfermedades del sistema osteomuscular y del tejido conjuntivo;De 85 a 89 años;Hombres;7
Total Nacional;05 Canarias;074-076 XIII.Enfermedades del sistema osteomuscular y del tejido conjuntivo;De 85 a 89 años;Mujeres;13
Total Nacional;05 Canarias;074-076 XIII.Enfermedades del sistema osteomuscular y del tejido conjuntivo;De 90 a 94 años;Hombres;5
Total Nacional;05 Canarias;074-076 XIII.Enfermedades del sistema osteomuscular y del tejido conjuntivo;De 90 a 94 años;Mujeres;10
Total Nacional;05 Canarias;074-076 XIII.Enfermedades del sistema osteomuscular y del tejido conjuntivo;De 95 años y más;Hombres;3
Total Nacional;05 Canarias;074-076 XIII.Enfermedades del sistema osteomuscular y del tejido conjuntivo;De 95 años y más;Mujeres;6
Total Nacional;05 Canarias;077-080 XIV.Enfermedades del sistema genitourinario;De 1 a 14 años;Hombres;0
Total Nacional;05 Canarias;077-080 XIV.Enfermedades del sistema genitourinario;De 1 a 14 años;Mujeres;0
Total Nacional;05 Canarias;077-080 XIV.Enfermedades del sistema genitourinario;De 15 a 29 años;Hombres;0
Total Nacional;05 Canarias;077-080 XIV.Enfermedades del sistema genitourinario;De 15 a 29 años;Mujeres;0
Total Nacional;05 Canarias;077-080 XIV.Enfermedades del sistema genitourinario;De 30 a 39 años;Hombres;0
Total Nacional;05 Canarias;077-080 XIV.Enfermedades del sistema genitourinario;De 30 a 39 años;Mujeres;1
Total Nacional;05 Canarias;077-080 XIV.Enfermedades del sistema genitourinario;De 40 a 44 años;Hombres;0
Total Nacional;05 Canarias;077-080 XIV.Enfermedades del sistema genitourinario;De 40 a 44 años;Mujeres;0
Total Nacional;05 Canarias;077-080 XIV.Enfermedades del sistema genitourinario;De 45 a 49 años;Hombres;1
Total Nacional;05 Canarias;077-080 XIV.Enfermedades del sistema genitourinario;De 45 a 49 años;Mujeres;1
Total Nacional;05 Canarias;077-080 XIV.Enfermedades del sistema genitourinario;De 50 a 54 años;Hombres;2
Total Nacional;05 Canarias;077-080 XIV.Enfermedades del sistema genitourinario;De 50 a 54 años;Mujeres;3
Total Nacional;05 Canarias;077-080 XIV.Enfermedades del sistema genitourinario;De 55 a 59 años;Hombres;3
Total Nacional;05 Canarias;077-080 XIV.Enfermedades del sistema genitourinario;De 55 a 59 años;Mujeres;1
Total Nacional;05 Canarias;077-080 XIV.Enfermedades del sistema genitourinario;De 60 a 64 años;Hombres;10
Total Nacional;05 Canarias;077-080 XIV.Enfermedades del sistema genitourinario;De 60 a 64 años;Mujeres;5
Total Nacional;05 Canarias;077-080 XIV.Enfermedades del sistema genitourinario;De 65 a 69 años;Hombres;18
Total Nacional;05 Canarias;077-080 XIV.Enfermedades del sistema genitourinario;De 65 a 69 años;Mujeres;12
Total Nacional;05 Canarias;077-080 XIV.Enfermedades del sistema genitourinario;De 70 a 74 años;Hombres;26
Total Nacional;05 Canarias;077-080 XIV.Enfermedades del sistema genitourinario;De 70 a 74 años;Mujeres;22
Total Nacional;05 Canarias;077-080 XIV.Enfermedades del sistema genitourinario;De 75 a 79 años;Hombres;42
Total Nacional;05 Canarias;077-080 XIV.Enfermedades del sistema genitourinario;De 75 a 79 años;Mujeres;33
Total Nacional;05 Canarias;077-080 XIV.Enfermedades del sistema genitourinario;De 80 a 84 años;Hombres;74
Total Nacional;05 Canarias;077-080 XIV.Enfermedades del sistema genitourinario;De 80 a 84 años;Mujeres;70
Total Nacional;05 Canarias;077-080 XIV.Enfermedades del sistema genitourinario;De 85 a 89 años;Hombres;72
Total Nacional;05 Canarias;077-080 XIV.Enfermedades del sistema genitourinario;De 85 a 89 años;Mujeres;89
Total Nacional;05 Canarias;077-080 XIV.Enfermedades del sistema genitourinario;De 90 a 94 años;Hombres;57
Total Nacional;05 Canarias;077-080 XIV.Enfermedades del sistema genitourinario;De 90 a 94 años;Mujeres;118
Total Nacional;05 Canarias;077-080 XIV.Enfermedades del sistema genitourinario;De 95 años y más;Hombres;23
Total Nacional;05 Canarias;077-080 XIV.Enfermedades del sistema genitourinario;De 95 años y más;Mujeres;54
Total Nacional;05 Canarias;081 XV.Embarazo, parto y puerperio;De 1 a 14 años;Hombres;0
Total Nacional;05 Canarias;081 XV.Embarazo, parto y puerperio;De 1 a 14 años;Mujeres;0
Total Nacional;05 Canarias;081 XV.Embarazo, parto y puerperio;De 15 a 29 años;Hombres;0
Total Nacional;05 Canarias;081 XV.Embarazo, parto y puerperio;De 15 a 29 años;Mujeres;0
Total Nacional;05 Canarias;081 XV.Embarazo, parto y puerperio;De 30 a 39 años;Hombres;0
Total Nacional;05 Canarias;081 XV.Embarazo, parto y puerperio;De 30 a 39 años;Mujeres;1
Total Nacional;05 Canarias;081 XV.Embarazo, parto y puerperio;De 40 a 44 años;Hombres;0
Total Nacional;05 Canarias;081 XV.Embarazo, parto y puerperio;De 40 a 44 años;Mujeres;1
Total Nacional;05 Canarias;081 XV.Embarazo, parto y puerperio;De 45 a 49 años;Hombres;0
Total Nacional;05 Canarias;081 XV.Embarazo, parto y puerperio;De 45 a 49 años;Mujeres;0
Total Nacional;05 Canarias;081 XV.Embarazo, parto y puerperio;De 50 a 54 años;Hombres;0
Total Nacional;05 Canarias;081 XV.Embarazo, parto y puerperio;De 50 a 54 años;Mujeres;0
Total Nacional;05 Canarias;081 XV.Embarazo, parto y puerperio;De 55 a 59 años;Hombres;0
Total Nacional;05 Canarias;081 XV.Embarazo, parto y puerperio;De 55 a 59 años;Mujeres;0
Total Nacional;05 Canarias;081 XV.Embarazo, parto y puerperio;De 60 a 64 años;Hombres;0
Total Nacional;05 Canarias;081 XV.Embarazo, parto y puerperio;De 60 a 64 años;Mujeres;0
Total Nacional;05 Canarias;081 XV.Embarazo, parto y puerperio;De 65 a 69 años;Hombres;0
Total Nacional;05 Canarias;081 XV.Embarazo, parto y puerperio;De 65 a 69 años;Mujeres;0
Total Nacional;05 Canarias;081 XV.Embarazo, parto y puerperio;De 70 a 74 años;Hombres;0
Total Nacional;05 Canarias;081 XV.Embarazo, parto y puerperio;De 70 a 74 años;Mujeres;0
Total Nacional;05 Canarias;081 XV.Embarazo, parto y puerperio;De 75 a 79 años;Hombres;0
Total Nacional;05 Canarias;081 XV.Embarazo, parto y puerperio;De 75 a 79 años;Mujeres;0
Total Nacional;05 Canarias;081 XV.Embarazo, parto y puerperio;De 80 a 84 años;Hombres;0
Total Nacional;05 Canarias;081 XV.Embarazo, parto y puerperio;De 80 a 84 años;Mujeres;0
Total Nacional;05 Canarias;081 XV.Embarazo, parto y puerperio;De 85 a 89 años;Hombres;0
Total Nacional;05 Canarias;081 XV.Embarazo, parto y puerperio;De 85 a 89 años;Mujeres;0
Total Nacional;05 Canarias;081 XV.Embarazo, parto y puerperio;De 90 a 94 años;Hombres;0
Total Nacional;05 Canarias;081 XV.Embarazo, parto y puerperio;De 90 a 94 años;Mujeres;0
Total Nacional;05 Canarias;081 XV.Embarazo, parto y puerperio;De 95 años y más;Hombres;0
Total Nacional;05 Canarias;081 XV.Embarazo, parto y puerperio;De 95 años y más;Mujeres;0
Total Nacional;05 Canarias;082 XVI.Afecciones originadas en el periodo perinatal;De 1 a 14 años;Hombres;0
Total Nacional;05 Canarias;082 XVI.Afecciones originadas en el periodo perinatal;De 1 a 14 años;Mujeres;0
Total Nacional;05 Canarias;082 XVI.Afecciones originadas en el periodo perinatal;De 15 a 29 años;Hombres;0
Total Nacional;05 Canarias;082 XVI.Afecciones originadas en el periodo perinatal;De 15 a 29 años;Mujeres;0
Total Nacional;05 Canarias;082 XVI.Afecciones originadas en el periodo perinatal;De 30 a 39 años;Hombres;0
Total Nacional;05 Canarias;082 XVI.Afecciones originadas en el periodo perinatal;De 30 a 39 años;Mujeres;0
Total Nacional;05 Canarias;082 XVI.Afecciones originadas en el periodo perinatal;De 40 a 44 años;Hombres;0
Total Nacional;05 Canarias;082 XVI.Afecciones originadas en el periodo perinatal;De 40 a 44 años;Mujeres;1
Total Nacional;05 Canarias;082 XVI.Afecciones originadas en el periodo perinatal;De 45 a 49 años;Hombres;0
Total Nacional;05 Canarias;082 XVI.Afecciones originadas en el periodo perinatal;De 45 a 49 años;Mujeres;0
Total Nacional;05 Canarias;082 XVI.Afecciones originadas en el periodo perinatal;De 50 a 54 años;Hombres;0
Total Nacional;05 Canarias;082 XVI.Afecciones originadas en el periodo perinatal;De 50 a 54 años;Mujeres;0
Total Nacional;05 Canarias;082 XVI.Afecciones originadas en el periodo perinatal;De 55 a 59 años;Hombres;0
Total Nacional;05 Canarias;082 XVI.Afecciones originadas en el periodo perinatal;De 55 a 59 años;Mujeres;0
Total Nacional;05 Canarias;082 XVI.Afecciones originadas en el periodo perinatal;De 60 a 64 años;Hombres;0
Total Nacional;05 Canarias;082 XVI.Afecciones originadas en el periodo perinatal;De 60 a 64 años;Mujeres;0
Total Nacional;05 Canarias;082 XVI.Afecciones originadas en el periodo perinatal;De 65 a 69 años;Hombres;0
Total Nacional;05 Canarias;082 XVI.Afecciones originadas en el periodo perinatal;De 65 a 69 años;Mujeres;0
Total Nacional;05 Canarias;082 XVI.Afecciones originadas en el periodo perinatal;De 70 a 74 años;Hombres;0
Total Nacional;05 Canarias;082 XVI.Afecciones originadas en el periodo perinatal;De 70 a 74 años;Mujeres;0
Total Nacional;05 Canarias;082 XVI.Afecciones originadas en el periodo perinatal;De 75 a 79 años;Hombres;0
Total Nacional;05 Canarias;082 XVI.Afecciones originadas en el periodo perinatal;De 75 a 79 años;Mujeres;0
Total Nacional;05 Canarias;082 XVI.Afecciones originadas en el periodo perinatal;De 80 a 84 años;Hombres;0
Total Nacional;05 Canarias;082 XVI.Afecciones originadas en el periodo perinatal;De 80 a 84 años;Mujeres;0
Total Nacional;05 Canarias;082 XVI.Afecciones originadas en el periodo perinatal;De 85 a 89 años;Hombres;0
Total Nacional;05 Canarias;082 XVI.Afecciones originadas en el periodo perinatal;De 85 a 89 años;Mujeres;0
Total Nacional;05 Canarias;082 XVI.Afecciones originadas en el periodo perinatal;De 90 a 94 años;Hombres;0
Total Nacional;05 Canarias;082 XVI.Afecciones originadas en el periodo perinatal;De 90 a 94 años;Mujeres;0
Total Nacional;05 Canarias;082 XVI.Afecciones originadas en el periodo perinatal;De 95 años y más;Hombres;0
Total Nacional;05 Canarias;082 XVI.Afecciones originadas en el periodo perinatal;De 95 años y más;Mujeres;0
Total Nacional;05 Canarias;083-085 XVII.Malformaciones congénitas, deformidades y anomalías cromosómicas;De 1 a 14 años;Hombres;1
Total Nacional;05 Canarias;083-085 XVII.Malformaciones congénitas, deformidades y anomalías cromosómicas;De 1 a 14 años;Mujeres;2
Total Nacional;05 Canarias;083-085 XVII.Malformaciones congénitas, deformidades y anomalías cromosómicas;De 15 a 29 años;Hombres;1
Total Nacional;05 Canarias;083-085 XVII.Malformaciones congénitas, deformidades y anomalías cromosómicas;De 15 a 29 años;Mujeres;2
Total Nacional;05 Canarias;083-085 XVII.Malformaciones congénitas, deformidades y anomalías cromosómicas;De 30 a 39 años;Hombres;1
Total Nacional;05 Canarias;083-085 XVII.Malformaciones congénitas, deformidades y anomalías cromosómicas;De 30 a 39 años;Mujeres;3
Total Nacional;05 Canarias;083-085 XVII.Malformaciones congénitas, deformidades y anomalías cromosómicas;De 40 a 44 años;Hombres;0
Total Nacional;05 Canarias;083-085 XVII.Malformaciones congénitas, deformidades y anomalías cromosómicas;De 40 a 44 años;Mujeres;1
Total Nacional;05 Canarias;083-085 XVII.Malformaciones congénitas, deformidades y anomalías cromosómicas;De 45 a 49 años;Hombres;3
Total Nacional;05 Canarias;083-085 XVII.Malformaciones congénitas, deformidades y anomalías cromosómicas;De 45 a 49 años;Mujeres;1
Total Nacional;05 Canarias;083-085 XVII.Malformaciones congénitas, deformidades y anomalías cromosómicas;De 50 a 54 años;Hombres;1
Total Nacional;05 Canarias;083-085 XVII.Malformaciones congénitas, deformidades y anomalías cromosómicas;De 50 a 54 años;Mujeres;3
Total Nacional;05 Canarias;083-085 XVII.Malformaciones congénitas, deformidades y anomalías cromosómicas;De 55 a 59 años;Hombres;1
Total Nacional;05 Canarias;083-085 XVII.Malformaciones congénitas, deformidades y anomalías cromosómicas;De 55 a 59 años;Mujeres;5
Total Nacional;05 Canarias;083-085 XVII.Malformaciones congénitas, deformidades y anomalías cromosómicas;De 60 a 64 años;Hombres;3
Total Nacional;05 Canarias;083-085 XVII.Malformaciones congénitas, deformidades y anomalías cromosómicas;De 60 a 64 años;Mujeres;0
Total Nacional;05 Canarias;083-085 XVII.Malformaciones congénitas, deformidades y anomalías cromosómicas;De 65 a 69 años;Hombres;0
Total Nacional;05 Canarias;083-085 XVII.Malformaciones congénitas, deformidades y anomalías cromosómicas;De 65 a 69 años;Mujeres;1
Total Nacional;05 Canarias;083-085 XVII.Malformaciones congénitas, deformidades y anomalías cromosómicas;De 70 a 74 años;Hombres;0
Total Nacional;05 Canarias;083-085 XVII.Malformaciones congénitas, deformidades y anomalías cromosómicas;De 70 a 74 años;Mujeres;1
Total Nacional;05 Canarias;083-085 XVII.Malformaciones congénitas, deformidades y anomalías cromosómicas;De 75 a 79 años;Hombres;0
Total Nacional;05 Canarias;083-085 XVII.Malformaciones congénitas, deformidades y anomalías cromosómicas;De 75 a 79 años;Mujeres;0
Total Nacional;05 Canarias;083-085 XVII.Malformaciones congénitas, deformidades y anomalías cromosómicas;De 80 a 84 años;Hombres;1
Total Nacional;05 Canarias;083-085 XVII.Malformaciones congénitas, deformidades y anomalías cromosómicas;De 80 a 84 años;Mujeres;0
Total Nacional;05 Canarias;083-085 XVII.Malformaciones congénitas, deformidades y anomalías cromosómicas;De 85 a 89 años;Hombres;0
Total Nacional;05 Canarias;083-085 XVII.Malformaciones congénitas, deformidades y anomalías cromosómicas;De 85 a 89 años;Mujeres;0
Total Nacional;05 Canarias;083-085 XVII.Malformaciones congénitas, deformidades y anomalías cromosómicas;De 90 a 94 años;Hombres;0
Total Nacional;05 Canarias;083-085 XVII.Malformaciones congénitas, deformidades y anomalías cromosómicas;De 90 a 94 años;Mujeres;1
Total Nacional;05 Canarias;083-085 XVII.Malformaciones congénitas, deformidades y anomalías cromosómicas;De 95 años y más;Hombres;1
Total Nacional;05 Canarias;083-085 XVII.Malformaciones congénitas, deformidades y anomalías cromosómicas;De 95 años y más;Mujeres;0
Total Nacional;05 Canarias;086-089 XVIII.Síntomas, signos y hallazgos anormales clínicos y de laboratorio, no clasificados en otra parte;De 1 a 14 años;Hombres;1
Total Nacional;05 Canarias;086-089 XVIII.Síntomas, signos y hallazgos anormales clínicos y de laboratorio, no clasificados en otra parte;De 1 a 14 años;Mujeres;1
Total Nacional;05 Canarias;086-089 XVIII.Síntomas, signos y hallazgos anormales clínicos y de laboratorio, no clasificados en otra parte;De 15 a 29 años;Hombres;6
Total Nacional;05 Canarias;086-089 XVIII.Síntomas, signos y hallazgos anormales clínicos y de laboratorio, no clasificados en otra parte;De 15 a 29 años;Mujeres;3
Total Nacional;05 Canarias;086-089 XVIII.Síntomas, signos y hallazgos anormales clínicos y de laboratorio, no clasificados en otra parte;De 30 a 39 años;Hombres;11
Total Nacional;05 Canarias;086-089 XVIII.Síntomas, signos y hallazgos anormales clínicos y de laboratorio, no clasificados en otra parte;De 30 a 39 años;Mujeres;1
Total Nacional;05 Canarias;086-089 XVIII.Síntomas, signos y hallazgos anormales clínicos y de laboratorio, no clasificados en otra parte;De 40 a 44 años;Hombres;15
Total Nacional;05 Canarias;086-089 XVIII.Síntomas, signos y hallazgos anormales clínicos y de laboratorio, no clasificados en otra parte;De 40 a 44 años;Mujeres;4
Total Nacional;05 Canarias;086-089 XVIII.Síntomas, signos y hallazgos anormales clínicos y de laboratorio, no clasificados en otra parte;De 45 a 49 años;Hombres;11
Total Nacional;05 Canarias;086-089 XVIII.Síntomas, signos y hallazgos anormales clínicos y de laboratorio, no clasificados en otra parte;De 45 a 49 años;Mujeres;6
Total Nacional;05 Canarias;086-089 XVIII.Síntomas, signos y hallazgos anormales clínicos y de laboratorio, no clasificados en otra parte;De 50 a 54 años;Hombres;11
Total Nacional;05 Canarias;086-089 XVIII.Síntomas, signos y hallazgos anormales clínicos y de laboratorio, no clasificados en otra parte;De 50 a 54 años;Mujeres;6
Total Nacional;05 Canarias;086-089 XVIII.Síntomas, signos y hallazgos anormales clínicos y de laboratorio, no clasificados en otra parte;De 55 a 59 años;Hombres;12
Total Nacional;05 Canarias;086-089 XVIII.Síntomas, signos y hallazgos anormales clínicos y de laboratorio, no clasificados en otra parte;De 55 a 59 años;Mujeres;6
Total Nacional;05 Canarias;086-089 XVIII.Síntomas, signos y hallazgos anormales clínicos y de laboratorio, no clasificados en otra parte;De 60 a 64 años;Hombres;9
Total Nacional;05 Canarias;086-089 XVIII.Síntomas, signos y hallazgos anormales clínicos y de laboratorio, no clasificados en otra parte;De 60 a 64 años;Mujeres;7
Total Nacional;05 Canarias;086-089 XVIII.Síntomas, signos y hallazgos anormales clínicos y de laboratorio, no clasificados en otra parte;De 65 a 69 años;Hombres;16
Total Nacional;05 Canarias;086-089 XVIII.Síntomas, signos y hallazgos anormales clínicos y de laboratorio, no clasificados en otra parte;De 65 a 69 años;Mujeres;11
Total Nacional;05 Canarias;086-089 XVIII.Síntomas, signos y hallazgos anormales clínicos y de laboratorio, no clasificados en otra parte;De 70 a 74 años;Hombres;17
Total Nacional;05 Canarias;086-089 XVIII.Síntomas, signos y hallazgos anormales clínicos y de laboratorio, no clasificados en otra parte;De 70 a 74 años;Mujeres;7
Total Nacional;05 Canarias;086-089 XVIII.Síntomas, signos y hallazgos anormales clínicos y de laboratorio, no clasificados en otra parte;De 75 a 79 años;Hombres;22
Total Nacional;05 Canarias;086-089 XVIII.Síntomas, signos y hallazgos anormales clínicos y de laboratorio, no clasificados en otra parte;De 75 a 79 años;Mujeres;17
Total Nacional;05 Canarias;086-089 XVIII.Síntomas, signos y hallazgos anormales clínicos y de laboratorio, no clasificados en otra parte;De 80 a 84 años;Hombres;24
Total Nacional;05 Canarias;086-089 XVIII.Síntomas, signos y hallazgos anormales clínicos y de laboratorio, no clasificados en otra parte;De 80 a 84 años;Mujeres;18
Total Nacional;05 Canarias;086-089 XVIII.Síntomas, signos y hallazgos anormales clínicos y de laboratorio, no clasificados en otra parte;De 85 a 89 años;Hombres;13
Total Nacional;05 Canarias;086-089 XVIII.Síntomas, signos y hallazgos anormales clínicos y de laboratorio, no clasificados en otra parte;De 85 a 89 años;Mujeres;18
Total Nacional;05 Canarias;086-089 XVIII.Síntomas, signos y hallazgos anormales clínicos y de laboratorio, no clasificados en otra parte;De 90 a 94 años;Hombres;11
Total Nacional;05 Canarias;086-089 XVIII.Síntomas, signos y hallazgos anormales clínicos y de laboratorio, no clasificados en otra parte;De 90 a 94 años;Mujeres;25
Total Nacional;05 Canarias;086-089 XVIII.Síntomas, signos y hallazgos anormales clínicos y de laboratorio, no clasificados en otra parte;De 95 años y más;Hombres;9
Total Nacional;05 Canarias;086-089 XVIII.Síntomas, signos y hallazgos anormales clínicos y de laboratorio, no clasificados en otra parte;De 95 años y más;Mujeres;23
Total Nacional;05 Canarias;090-102 XX.Causas externas de mortalidad;De 1 a 14 años;Hombres;2
Total Nacional;05 Canarias;090-102 XX.Causas externas de mortalidad;De 1 a 14 años;Mujeres;2
Total Nacional;05 Canarias;090-102 XX.Causas externas de mortalidad;De 15 a 29 años;Hombres;54
Total Nacional;05 Canarias;090-102 XX.Causas externas de mortalidad;De 15 a 29 años;Mujeres;16
Total Nacional;05 Canarias;090-102 XX.Causas externas de mortalidad;De 30 a 39 años;Hombres;69
Total Nacional;05 Canarias;090-102 XX.Causas externas de mortalidad;De 30 a 39 años;Mujeres;13
Total Nacional;05 Canarias;090-102 XX.Causas externas de mortalidad;De 40 a 44 años;Hombres;39
Total Nacional;05 Canarias;090-102 XX.Causas externas de mortalidad;De 40 a 44 años;Mujeres;5
Total Nacional;05 Canarias;090-102 XX.Causas externas de mortalidad;De 45 a 49 años;Hombres;45
Total Nacional;05 Canarias;090-102 XX.Causas externas de mortalidad;De 45 a 49 años;Mujeres;16
Total Nacional;05 Canarias;090-102 XX.Causas externas de mortalidad;De 50 a 54 años;Hombres;51
Total Nacional;05 Canarias;090-102 XX.Causas externas de mortalidad;De 50 a 54 años;Mujeres;9
Total Nacional;05 Canarias;090-102 XX.Causas externas de mortalidad;De 55 a 59 años;Hombres;55
Total Nacional;05 Canarias;090-102 XX.Causas externas de mortalidad;De 55 a 59 años;Mujeres;19
Total Nacional;05 Canarias;090-102 XX.Causas externas de mortalidad;De 60 a 64 años;Hombres;44
Total Nacional;05 Canarias;090-102 XX.Causas externas de mortalidad;De 60 a 64 años;Mujeres;11
Total Nacional;05 Canarias;090-102 XX.Causas externas de mortalidad;De 65 a 69 años;Hombres;32
Total Nacional;05 Canarias;090-102 XX.Causas externas de mortalidad;De 65 a 69 años;Mujeres;19
Total Nacional;05 Canarias;090-102 XX.Causas externas de mortalidad;De 70 a 74 años;Hombres;33
Total Nacional;05 Canarias;090-102 XX.Causas externas de mortalidad;De 70 a 74 años;Mujeres;19
Total Nacional;05 Canarias;090-102 XX.Causas externas de mortalidad;De 75 a 79 años;Hombres;35
Total Nacional;05 Canarias;090-102 XX.Causas externas de mortalidad;De 75 a 79 años;Mujeres;25
Total Nacional;05 Canarias;090-102 XX.Causas externas de mortalidad;De 80 a 84 años;Hombres;32
Total Nacional;05 Canarias;090-102 XX.Causas externas de mortalidad;De 80 a 84 años;Mujeres;28
Total Nacional;05 Canarias;090-102 XX.Causas externas de mortalidad;De 85 a 89 años;Hombres;33
Total Nacional;05 Canarias;090-102 XX.Causas externas de mortalidad;De 85 a 89 años;Mujeres;27
Total Nacional;05 Canarias;090-102 XX.Causas externas de mortalidad;De 90 a 94 años;Hombres;21
Total Nacional;05 Canarias;090-102 XX.Causas externas de mortalidad;De 90 a 94 años;Mujeres;34
Total Nacional;05 Canarias;090-102 XX.Causas externas de mortalidad;De 95 años y más;Hombres;5
Total Nacional;05 Canarias;090-102 XX.Causas externas de mortalidad;De 95 años y más;Mujeres;10
Total Nacional;06 Cantabria;001-008 I.Enfermedades infecciosas y parasitarias;De 1 a 14 años;Hombres;0
Total Nacional;06 Cantabria;001-008 I.Enfermedades infecciosas y parasitarias;De 1 a 14 años;Mujeres;0
Total Nacional;06 Cantabria;001-008 I.Enfermedades infecciosas y parasitarias;De 15 a 29 años;Hombres;0
Total Nacional;06 Cantabria;001-008 I.Enfermedades infecciosas y parasitarias;De 15 a 29 años;Mujeres;0
Total Nacional;06 Cantabria;001-008 I.Enfermedades infecciosas y parasitarias;De 30 a 39 años;Hombres;1
Total Nacional;06 Cantabria;001-008 I.Enfermedades infecciosas y parasitarias;De 30 a 39 años;Mujeres;0
Total Nacional;06 Cantabria;001-008 I.Enfermedades infecciosas y parasitarias;De 40 a 44 años;Hombres;0
Total Nacional;06 Cantabria;001-008 I.Enfermedades infecciosas y parasitarias;De 40 a 44 años;Mujeres;0
Total Nacional;06 Cantabria;001-008 I.Enfermedades infecciosas y parasitarias;De 45 a 49 años;Hombres;0
Total Nacional;06 Cantabria;001-008 I.Enfermedades infecciosas y parasitarias;De 45 a 49 años;Mujeres;0
Total Nacional;06 Cantabria;001-008 I.Enfermedades infecciosas y parasitarias;De 50 a 54 años;Hombres;0
Total Nacional;06 Cantabria;001-008 I.Enfermedades infecciosas y parasitarias;De 50 a 54 años;Mujeres;0
Total Nacional;06 Cantabria;001-008 I.Enfermedades infecciosas y parasitarias;De 55 a 59 años;Hombres;4
Total Nacional;06 Cantabria;001-008 I.Enfermedades infecciosas y parasitarias;De 55 a 59 años;Mujeres;0
Total Nacional;06 Cantabria;001-008 I.Enfermedades infecciosas y parasitarias;De 60 a 64 años;Hombres;3
Total Nacional;06 Cantabria;001-008 I.Enfermedades infecciosas y parasitarias;De 60 a 64 años;Mujeres;3
Total Nacional;06 Cantabria;001-008 I.Enfermedades infecciosas y parasitarias;De 65 a 69 años;Hombres;6
Total Nacional;06 Cantabria;001-008 I.Enfermedades infecciosas y parasitarias;De 65 a 69 años;Mujeres;1
Total Nacional;06 Cantabria;001-008 I.Enfermedades infecciosas y parasitarias;De 70 a 74 años;Hombres;6
Total Nacional;06 Cantabria;001-008 I.Enfermedades infecciosas y parasitarias;De 70 a 74 años;Mujeres;2
Total Nacional;06 Cantabria;001-008 I.Enfermedades infecciosas y parasitarias;De 75 a 79 años;Hombres;12
Total Nacional;06 Cantabria;001-008 I.Enfermedades infecciosas y parasitarias;De 75 a 79 años;Mujeres;4
Total Nacional;06 Cantabria;001-008 I.Enfermedades infecciosas y parasitarias;De 80 a 84 años;Hombres;12
Total Nacional;06 Cantabria;001-008 I.Enfermedades infecciosas y parasitarias;De 80 a 84 años;Mujeres;11
Total Nacional;06 Cantabria;001-008 I.Enfermedades infecciosas y parasitarias;De 85 a 89 años;Hombres;18
Total Nacional;06 Cantabria;001-008 I.Enfermedades infecciosas y parasitarias;De 85 a 89 años;Mujeres;13
Total Nacional;06 Cantabria;001-008 I.Enfermedades infecciosas y parasitarias;De 90 a 94 años;Hombres;9
Total Nacional;06 Cantabria;001-008 I.Enfermedades infecciosas y parasitarias;De 90 a 94 años;Mujeres;33
Total Nacional;06 Cantabria;001-008 I.Enfermedades infecciosas y parasitarias;De 95 años y más;Hombres;6
Total Nacional;06 Cantabria;001-008 I.Enfermedades infecciosas y parasitarias;De 95 años y más;Mujeres;16
Total Nacional;06 Cantabria;009-041 II.Tumores;De 1 a 14 años;Hombres;0
Total Nacional;06 Cantabria;009-041 II.Tumores;De 1 a 14 años;Mujeres;0
Total Nacional;06 Cantabria;009-041 II.Tumores;De 15 a 29 años;Hombres;1
Total Nacional;06 Cantabria;009-041 II.Tumores;De 15 a 29 años;Mujeres;1
Total Nacional;06 Cantabria;009-041 II.Tumores;De 30 a 39 años;Hombres;5
Total Nacional;06 Cantabria;009-041 II.Tumores;De 30 a 39 años;Mujeres;2
Total Nacional;06 Cantabria;009-041 II.Tumores;De 40 a 44 años;Hombres;9
Total Nacional;06 Cantabria;009-041 II.Tumores;De 40 a 44 años;Mujeres;11
Total Nacional;06 Cantabria;009-041 II.Tumores;De 45 a 49 años;Hombres;9
Total Nacional;06 Cantabria;009-041 II.Tumores;De 45 a 49 años;Mujeres;14
Total Nacional;06 Cantabria;009-041 II.Tumores;De 50 a 54 años;Hombres;26
Total Nacional;06 Cantabria;009-041 II.Tumores;De 50 a 54 años;Mujeres;33
Total Nacional;06 Cantabria;009-041 II.Tumores;De 55 a 59 años;Hombres;42
Total Nacional;06 Cantabria;009-041 II.Tumores;De 55 a 59 años;Mujeres;38
Total Nacional;06 Cantabria;009-041 II.Tumores;De 60 a 64 años;Hombres;88
Total Nacional;06 Cantabria;009-041 II.Tumores;De 60 a 64 años;Mujeres;61
Total Nacional;06 Cantabria;009-041 II.Tumores;De 65 a 69 años;Hombres;127
Total Nacional;06 Cantabria;009-041 II.Tumores;De 65 a 69 años;Mujeres;80
Total Nacional;06 Cantabria;009-041 II.Tumores;De 70 a 74 años;Hombres;152
Total Nacional;06 Cantabria;009-041 II.Tumores;De 70 a 74 años;Mujeres;85
Total Nacional;06 Cantabria;009-041 II.Tumores;De 75 a 79 años;Hombres;184
Total Nacional;06 Cantabria;009-041 II.Tumores;De 75 a 79 años;Mujeres;95
Total Nacional;06 Cantabria;009-041 II.Tumores;De 80 a 84 años;Hombres;140
Total Nacional;06 Cantabria;009-041 II.Tumores;De 80 a 84 años;Mujeres;88
Total Nacional;06 Cantabria;009-041 II.Tumores;De 85 a 89 años;Hombres;126
Total Nacional;06 Cantabria;009-041 II.Tumores;De 85 a 89 años;Mujeres;87
Total Nacional;06 Cantabria;009-041 II.Tumores;De 90 a 94 años;Hombres;83
Total Nacional;06 Cantabria;009-041 II.Tumores;De 90 a 94 años;Mujeres;94
Total Nacional;06 Cantabria;009-041 II.Tumores;De 95 años y más;Hombres;14
Total Nacional;06 Cantabria;009-041 II.Tumores;De 95 años y más;Mujeres;32
Total Nacional;06 Cantabria;050-052 VI-VIII.Enfermedades del sistema nervioso y de los órganos de los sentidos;De 1 a 14 años;Hombres;0
Total Nacional;06 Cantabria;050-052 VI-VIII.Enfermedades del sistema nervioso y de los órganos de los sentidos;De 1 a 14 años;Mujeres;0
Total Nacional;06 Cantabria;050-052 VI-VIII.Enfermedades del sistema nervioso y de los órganos de los sentidos;De 15 a 29 años;Hombres;0
Total Nacional;06 Cantabria;050-052 VI-VIII.Enfermedades del sistema nervioso y de los órganos de los sentidos;De 15 a 29 años;Mujeres;1
Total Nacional;06 Cantabria;050-052 VI-VIII.Enfermedades del sistema nervioso y de los órganos de los sentidos;De 30 a 39 años;Hombres;1
Total Nacional;06 Cantabria;050-052 VI-VIII.Enfermedades del sistema nervioso y de los órganos de los sentidos;De 30 a 39 años;Mujeres;0
Total Nacional;06 Cantabria;050-052 VI-VIII.Enfermedades del sistema nervioso y de los órganos de los sentidos;De 40 a 44 años;Hombres;0
Total Nacional;06 Cantabria;050-052 VI-VIII.Enfermedades del sistema nervioso y de los órganos de los sentidos;De 40 a 44 años;Mujeres;0
Total Nacional;06 Cantabria;050-052 VI-VIII.Enfermedades del sistema nervioso y de los órganos de los sentidos;De 45 a 49 años;Hombres;0
Total Nacional;06 Cantabria;050-052 VI-VIII.Enfermedades del sistema nervioso y de los órganos de los sentidos;De 45 a 49 años;Mujeres;1
Total Nacional;06 Cantabria;050-052 VI-VIII.Enfermedades del sistema nervioso y de los órganos de los sentidos;De 50 a 54 años;Hombres;2
Total Nacional;06 Cantabria;050-052 VI-VIII.Enfermedades del sistema nervioso y de los órganos de los sentidos;De 50 a 54 años;Mujeres;0
Total Nacional;06 Cantabria;050-052 VI-VIII.Enfermedades del sistema nervioso y de los órganos de los sentidos;De 55 a 59 años;Hombres;3
Total Nacional;06 Cantabria;050-052 VI-VIII.Enfermedades del sistema nervioso y de los órganos de los sentidos;De 55 a 59 años;Mujeres;1
Total Nacional;06 Cantabria;050-052 VI-VIII.Enfermedades del sistema nervioso y de los órganos de los sentidos;De 60 a 64 años;Hombres;4
Total Nacional;06 Cantabria;050-052 VI-VIII.Enfermedades del sistema nervioso y de los órganos de los sentidos;De 60 a 64 años;Mujeres;3
Total Nacional;06 Cantabria;050-052 VI-VIII.Enfermedades del sistema nervioso y de los órganos de los sentidos;De 65 a 69 años;Hombres;7
Total Nacional;06 Cantabria;050-052 VI-VIII.Enfermedades del sistema nervioso y de los órganos de los sentidos;De 65 a 69 años;Mujeres;9
Total Nacional;06 Cantabria;050-052 VI-VIII.Enfermedades del sistema nervioso y de los órganos de los sentidos;De 70 a 74 años;Hombres;8
Total Nacional;06 Cantabria;050-052 VI-VIII.Enfermedades del sistema nervioso y de los órganos de los sentidos;De 70 a 74 años;Mujeres;13
Total Nacional;06 Cantabria;050-052 VI-VIII.Enfermedades del sistema nervioso y de los órganos de los sentidos;De 75 a 79 años;Hombres;14
Total Nacional;06 Cantabria;050-052 VI-VIII.Enfermedades del sistema nervioso y de los órganos de los sentidos;De 75 a 79 años;Mujeres;20
Total Nacional;06 Cantabria;050-052 VI-VIII.Enfermedades del sistema nervioso y de los órganos de los sentidos;De 80 a 84 años;Hombres;29
Total Nacional;06 Cantabria;050-052 VI-VIII.Enfermedades del sistema nervioso y de los órganos de los sentidos;De 80 a 84 años;Mujeres;27
Total Nacional;06 Cantabria;050-052 VI-VIII.Enfermedades del sistema nervioso y de los órganos de los sentidos;De 85 a 89 años;Hombres;29
Total Nacional;06 Cantabria;050-052 VI-VIII.Enfermedades del sistema nervioso y de los órganos de los sentidos;De 85 a 89 años;Mujeres;41
Total Nacional;06 Cantabria;050-052 VI-VIII.Enfermedades del sistema nervioso y de los órganos de los sentidos;De 90 a 94 años;Hombres;13
Total Nacional;06 Cantabria;050-052 VI-VIII.Enfermedades del sistema nervioso y de los órganos de los sentidos;De 90 a 94 años;Mujeres;70
Total Nacional;06 Cantabria;050-052 VI-VIII.Enfermedades del sistema nervioso y de los órganos de los sentidos;De 95 años y más;Hombres;3
Total Nacional;06 Cantabria;050-052 VI-VIII.Enfermedades del sistema nervioso y de los órganos de los sentidos;De 95 años y más;Mujeres;21
Total Nacional;06 Cantabria;053-061 IX.Enfermedades del sistema circulatorio;De 1 a 14 años;Hombres;0
Total Nacional;06 Cantabria;053-061 IX.Enfermedades del sistema circulatorio;De 1 a 14 años;Mujeres;0
Total Nacional;06 Cantabria;053-061 IX.Enfermedades del sistema circulatorio;De 15 a 29 años;Hombres;2
Total Nacional;06 Cantabria;053-061 IX.Enfermedades del sistema circulatorio;De 15 a 29 años;Mujeres;0
Total Nacional;06 Cantabria;053-061 IX.Enfermedades del sistema circulatorio;De 30 a 39 años;Hombres;2
Total Nacional;06 Cantabria;053-061 IX.Enfermedades del sistema circulatorio;De 30 a 39 años;Mujeres;1
Total Nacional;06 Cantabria;053-061 IX.Enfermedades del sistema circulatorio;De 40 a 44 años;Hombres;2
Total Nacional;06 Cantabria;053-061 IX.Enfermedades del sistema circulatorio;De 40 a 44 años;Mujeres;1
Total Nacional;06 Cantabria;053-061 IX.Enfermedades del sistema circulatorio;De 45 a 49 años;Hombres;5
Total Nacional;06 Cantabria;053-061 IX.Enfermedades del sistema circulatorio;De 45 a 49 años;Mujeres;1
Total Nacional;06 Cantabria;053-061 IX.Enfermedades del sistema circulatorio;De 50 a 54 años;Hombres;10
Total Nacional;06 Cantabria;053-061 IX.Enfermedades del sistema circulatorio;De 50 a 54 años;Mujeres;5
Total Nacional;06 Cantabria;053-061 IX.Enfermedades del sistema circulatorio;De 55 a 59 años;Hombres;26
Total Nacional;06 Cantabria;053-061 IX.Enfermedades del sistema circulatorio;De 55 a 59 años;Mujeres;5
Total Nacional;06 Cantabria;053-061 IX.Enfermedades del sistema circulatorio;De 60 a 64 años;Hombres;48
Total Nacional;06 Cantabria;053-061 IX.Enfermedades del sistema circulatorio;De 60 a 64 años;Mujeres;14
Total Nacional;06 Cantabria;053-061 IX.Enfermedades del sistema circulatorio;De 65 a 69 años;Hombres;48
Total Nacional;06 Cantabria;053-061 IX.Enfermedades del sistema circulatorio;De 65 a 69 años;Mujeres;21
Total Nacional;06 Cantabria;053-061 IX.Enfermedades del sistema circulatorio;De 70 a 74 años;Hombres;65
Total Nacional;06 Cantabria;053-061 IX.Enfermedades del sistema circulatorio;De 70 a 74 años;Mujeres;27
Total Nacional;06 Cantabria;053-061 IX.Enfermedades del sistema circulatorio;De 75 a 79 años;Hombres;94
Total Nacional;06 Cantabria;053-061 IX.Enfermedades del sistema circulatorio;De 75 a 79 años;Mujeres;49
Total Nacional;06 Cantabria;053-061 IX.Enfermedades del sistema circulatorio;De 80 a 84 años;Hombres;95
Total Nacional;06 Cantabria;053-061 IX.Enfermedades del sistema circulatorio;De 80 a 84 años;Mujeres;79
Total Nacional;06 Cantabria;053-061 IX.Enfermedades del sistema circulatorio;De 85 a 89 años;Hombres;140
Total Nacional;06 Cantabria;053-061 IX.Enfermedades del sistema circulatorio;De 85 a 89 años;Mujeres;158
Total Nacional;06 Cantabria;053-061 IX.Enfermedades del sistema circulatorio;De 90 a 94 años;Hombres;133
Total Nacional;06 Cantabria;053-061 IX.Enfermedades del sistema circulatorio;De 90 a 94 años;Mujeres;235
Total Nacional;06 Cantabria;053-061 IX.Enfermedades del sistema circulatorio;De 95 años y más;Hombres;51
Total Nacional;06 Cantabria;053-061 IX.Enfermedades del sistema circulatorio;De 95 años y más;Mujeres;186
Total Nacional;06 Cantabria;062-067 X.Enfermedades del sistema respiratorio;De 1 a 14 años;Hombres;1
Total Nacional;06 Cantabria;062-067 X.Enfermedades del sistema respiratorio;De 1 a 14 años;Mujeres;2
Total Nacional;06 Cantabria;062-067 X.Enfermedades del sistema respiratorio;De 15 a 29 años;Hombres;0
Total Nacional;06 Cantabria;062-067 X.Enfermedades del sistema respiratorio;De 15 a 29 años;Mujeres;0
Total Nacional;06 Cantabria;062-067 X.Enfermedades del sistema respiratorio;De 30 a 39 años;Hombres;0
Total Nacional;06 Cantabria;062-067 X.Enfermedades del sistema respiratorio;De 30 a 39 años;Mujeres;1
Total Nacional;06 Cantabria;062-067 X.Enfermedades del sistema respiratorio;De 40 a 44 años;Hombres;2
Total Nacional;06 Cantabria;062-067 X.Enfermedades del sistema respiratorio;De 40 a 44 años;Mujeres;0
Total Nacional;06 Cantabria;062-067 X.Enfermedades del sistema respiratorio;De 45 a 49 años;Hombres;0
Total Nacional;06 Cantabria;062-067 X.Enfermedades del sistema respiratorio;De 45 a 49 años;Mujeres;1
Total Nacional;06 Cantabria;062-067 X.Enfermedades del sistema respiratorio;De 50 a 54 años;Hombres;2
Total Nacional;06 Cantabria;062-067 X.Enfermedades del sistema respiratorio;De 50 a 54 años;Mujeres;2
Total Nacional;06 Cantabria;062-067 X.Enfermedades del sistema respiratorio;De 55 a 59 años;Hombres;7
Total Nacional;06 Cantabria;062-067 X.Enfermedades del sistema respiratorio;De 55 a 59 años;Mujeres;0
Total Nacional;06 Cantabria;062-067 X.Enfermedades del sistema respiratorio;De 60 a 64 años;Hombres;7
Total Nacional;06 Cantabria;062-067 X.Enfermedades del sistema respiratorio;De 60 a 64 años;Mujeres;6
Total Nacional;06 Cantabria;062-067 X.Enfermedades del sistema respiratorio;De 65 a 69 años;Hombres;19
Total Nacional;06 Cantabria;062-067 X.Enfermedades del sistema respiratorio;De 65 a 69 años;Mujeres;17
Total Nacional;06 Cantabria;062-067 X.Enfermedades del sistema respiratorio;De 70 a 74 años;Hombres;31
Total Nacional;06 Cantabria;062-067 X.Enfermedades del sistema respiratorio;De 70 a 74 años;Mujeres;20
Total Nacional;06 Cantabria;062-067 X.Enfermedades del sistema respiratorio;De 75 a 79 años;Hombres;53
Total Nacional;06 Cantabria;062-067 X.Enfermedades del sistema respiratorio;De 75 a 79 años;Mujeres;24
Total Nacional;06 Cantabria;062-067 X.Enfermedades del sistema respiratorio;De 80 a 84 años;Hombres;60
Total Nacional;06 Cantabria;062-067 X.Enfermedades del sistema respiratorio;De 80 a 84 años;Mujeres;33
Total Nacional;06 Cantabria;062-067 X.Enfermedades del sistema respiratorio;De 85 a 89 años;Hombres;67
Total Nacional;06 Cantabria;062-067 X.Enfermedades del sistema respiratorio;De 85 a 89 años;Mujeres;92
Total Nacional;06 Cantabria;062-067 X.Enfermedades del sistema respiratorio;De 90 a 94 años;Hombres;70
Total Nacional;06 Cantabria;062-067 X.Enfermedades del sistema respiratorio;De 90 a 94 años;Mujeres;96
Total Nacional;06 Cantabria;062-067 X.Enfermedades del sistema respiratorio;De 95 años y más;Hombres;42
Total Nacional;06 Cantabria;062-067 X.Enfermedades del sistema respiratorio;De 95 años y más;Mujeres;87
Total Nacional;06 Cantabria;068-072 XI.Enfermedades del sistema digestivo;De 1 a 14 años;Hombres;0
Total Nacional;06 Cantabria;068-072 XI.Enfermedades del sistema digestivo;De 1 a 14 años;Mujeres;0
Total Nacional;06 Cantabria;068-072 XI.Enfermedades del sistema digestivo;De 15 a 29 años;Hombres;0
Total Nacional;06 Cantabria;068-072 XI.Enfermedades del sistema digestivo;De 15 a 29 años;Mujeres;0
Total Nacional;06 Cantabria;068-072 XI.Enfermedades del sistema digestivo;De 30 a 39 años;Hombres;0
Total Nacional;06 Cantabria;068-072 XI.Enfermedades del sistema digestivo;De 30 a 39 años;Mujeres;0
Total Nacional;06 Cantabria;068-072 XI.Enfermedades del sistema digestivo;De 40 a 44 años;Hombres;2
Total Nacional;06 Cantabria;068-072 XI.Enfermedades del sistema digestivo;De 40 a 44 años;Mujeres;0
Total Nacional;06 Cantabria;068-072 XI.Enfermedades del sistema digestivo;De 45 a 49 años;Hombres;2
Total Nacional;06 Cantabria;068-072 XI.Enfermedades del sistema digestivo;De 45 a 49 años;Mujeres;1
Total Nacional;06 Cantabria;068-072 XI.Enfermedades del sistema digestivo;De 50 a 54 años;Hombres;10
Total Nacional;06 Cantabria;068-072 XI.Enfermedades del sistema digestivo;De 50 a 54 años;Mujeres;2
Total Nacional;06 Cantabria;068-072 XI.Enfermedades del sistema digestivo;De 55 a 59 años;Hombres;9
Total Nacional;06 Cantabria;068-072 XI.Enfermedades del sistema digestivo;De 55 a 59 años;Mujeres;2
Total Nacional;06 Cantabria;068-072 XI.Enfermedades del sistema digestivo;De 60 a 64 años;Hombres;11
Total Nacional;06 Cantabria;068-072 XI.Enfermedades del sistema digestivo;De 60 a 64 años;Mujeres;2
Total Nacional;06 Cantabria;068-072 XI.Enfermedades del sistema digestivo;De 65 a 69 años;Hombres;19
Total Nacional;06 Cantabria;068-072 XI.Enfermedades del sistema digestivo;De 65 a 69 años;Mujeres;7
Total Nacional;06 Cantabria;068-072 XI.Enfermedades del sistema digestivo;De 70 a 74 años;Hombres;15
Total Nacional;06 Cantabria;068-072 XI.Enfermedades del sistema digestivo;De 70 a 74 años;Mujeres;7
Total Nacional;06 Cantabria;068-072 XI.Enfermedades del sistema digestivo;De 75 a 79 años;Hombres;22
Total Nacional;06 Cantabria;068-072 XI.Enfermedades del sistema digestivo;De 75 a 79 años;Mujeres;20
Total Nacional;06 Cantabria;068-072 XI.Enfermedades del sistema digestivo;De 80 a 84 años;Hombres;16
Total Nacional;06 Cantabria;068-072 XI.Enfermedades del sistema digestivo;De 80 a 84 años;Mujeres;12
Total Nacional;06 Cantabria;068-072 XI.Enfermedades del sistema digestivo;De 85 a 89 años;Hombres;24
Total Nacional;06 Cantabria;068-072 XI.Enfermedades del sistema digestivo;De 85 a 89 años;Mujeres;26
Total Nacional;06 Cantabria;068-072 XI.Enfermedades del sistema digestivo;De 90 a 94 años;Hombres;15
Total Nacional;06 Cantabria;068-072 XI.Enfermedades del sistema digestivo;De 90 a 94 años;Mujeres;38
Total Nacional;06 Cantabria;068-072 XI.Enfermedades del sistema digestivo;De 95 años y más;Hombres;8
Total Nacional;06 Cantabria;068-072 XI.Enfermedades del sistema digestivo;De 95 años y más;Mujeres;16
Total Nacional;06 Cantabria;073 XII.Enfermedades de la piel y del tejido subcutáneo;De 1 a 14 años;Hombres;0
Total Nacional;06 Cantabria;073 XII.Enfermedades de la piel y del tejido subcutáneo;De 1 a 14 años;Mujeres;0
Total Nacional;06 Cantabria;073 XII.Enfermedades de la piel y del tejido subcutáneo;De 15 a 29 años;Hombres;0
Total Nacional;06 Cantabria;073 XII.Enfermedades de la piel y del tejido subcutáneo;De 15 a 29 años;Mujeres;0
Total Nacional;06 Cantabria;073 XII.Enfermedades de la piel y del tejido subcutáneo;De 30 a 39 años;Hombres;0
Total Nacional;06 Cantabria;073 XII.Enfermedades de la piel y del tejido subcutáneo;De 30 a 39 años;Mujeres;0
Total Nacional;06 Cantabria;073 XII.Enfermedades de la piel y del tejido subcutáneo;De 40 a 44 años;Hombres;0
Total Nacional;06 Cantabria;073 XII.Enfermedades de la piel y del tejido subcutáneo;De 40 a 44 años;Mujeres;0
Total Nacional;06 Cantabria;073 XII.Enfermedades de la piel y del tejido subcutáneo;De 45 a 49 años;Hombres;0
Total Nacional;06 Cantabria;073 XII.Enfermedades de la piel y del tejido subcutáneo;De 45 a 49 años;Mujeres;0
Total Nacional;06 Cantabria;073 XII.Enfermedades de la piel y del tejido subcutáneo;De 50 a 54 años;Hombres;0
Total Nacional;06 Cantabria;073 XII.Enfermedades de la piel y del tejido subcutáneo;De 50 a 54 años;Mujeres;0
Total Nacional;06 Cantabria;073 XII.Enfermedades de la piel y del tejido subcutáneo;De 55 a 59 años;Hombres;0
Total Nacional;06 Cantabria;073 XII.Enfermedades de la piel y del tejido subcutáneo;De 55 a 59 años;Mujeres;0
Total Nacional;06 Cantabria;073 XII.Enfermedades de la piel y del tejido subcutáneo;De 60 a 64 años;Hombres;0
Total Nacional;06 Cantabria;073 XII.Enfermedades de la piel y del tejido subcutáneo;De 60 a 64 años;Mujeres;0
Total Nacional;06 Cantabria;073 XII.Enfermedades de la piel y del tejido subcutáneo;De 65 a 69 años;Hombres;0
Total Nacional;06 Cantabria;073 XII.Enfermedades de la piel y del tejido subcutáneo;De 65 a 69 años;Mujeres;0
Total Nacional;06 Cantabria;073 XII.Enfermedades de la piel y del tejido subcutáneo;De 70 a 74 años;Hombres;0
Total Nacional;06 Cantabria;073 XII.Enfermedades de la piel y del tejido subcutáneo;De 70 a 74 años;Mujeres;0
Total Nacional;06 Cantabria;073 XII.Enfermedades de la piel y del tejido subcutáneo;De 75 a 79 años;Hombres;3
Total Nacional;06 Cantabria;073 XII.Enfermedades de la piel y del tejido subcutáneo;De 75 a 79 años;Mujeres;2
Total Nacional;06 Cantabria;073 XII.Enfermedades de la piel y del tejido subcutáneo;De 80 a 84 años;Hombres;3
Total Nacional;06 Cantabria;073 XII.Enfermedades de la piel y del tejido subcutáneo;De 80 a 84 años;Mujeres;1
Total Nacional;06 Cantabria;073 XII.Enfermedades de la piel y del tejido subcutáneo;De 85 a 89 años;Hombres;5
Total Nacional;06 Cantabria;073 XII.Enfermedades de la piel y del tejido subcutáneo;De 85 a 89 años;Mujeres;5
Total Nacional;06 Cantabria;073 XII.Enfermedades de la piel y del tejido subcutáneo;De 90 a 94 años;Hombres;6
Total Nacional;06 Cantabria;073 XII.Enfermedades de la piel y del tejido subcutáneo;De 90 a 94 años;Mujeres;9
Total Nacional;06 Cantabria;073 XII.Enfermedades de la piel y del tejido subcutáneo;De 95 años y más;Hombres;1
Total Nacional;06 Cantabria;073 XII.Enfermedades de la piel y del tejido subcutáneo;De 95 años y más;Mujeres;4
Total Nacional;06 Cantabria;074-076 XIII.Enfermedades del sistema osteomuscular y del tejido conjuntivo;De 1 a 14 años;Hombres;0
Total Nacional;06 Cantabria;074-076 XIII.Enfermedades del sistema osteomuscular y del tejido conjuntivo;De 1 a 14 años;Mujeres;1
Total Nacional;06 Cantabria;074-076 XIII.Enfermedades del sistema osteomuscular y del tejido conjuntivo;De 15 a 29 años;Hombres;0
Total Nacional;06 Cantabria;074-076 XIII.Enfermedades del sistema osteomuscular y del tejido conjuntivo;De 15 a 29 años;Mujeres;0
Total Nacional;06 Cantabria;074-076 XIII.Enfermedades del sistema osteomuscular y del tejido conjuntivo;De 30 a 39 años;Hombres;0
Total Nacional;06 Cantabria;074-076 XIII.Enfermedades del sistema osteomuscular y del tejido conjuntivo;De 30 a 39 años;Mujeres;0
Total Nacional;06 Cantabria;074-076 XIII.Enfermedades del sistema osteomuscular y del tejido conjuntivo;De 40 a 44 años;Hombres;0
Total Nacional;06 Cantabria;074-076 XIII.Enfermedades del sistema osteomuscular y del tejido conjuntivo;De 40 a 44 años;Mujeres;0
Total Nacional;06 Cantabria;074-076 XIII.Enfermedades del sistema osteomuscular y del tejido conjuntivo;De 45 a 49 años;Hombres;0
Total Nacional;06 Cantabria;074-076 XIII.Enfermedades del sistema osteomuscular y del tejido conjuntivo;De 45 a 49 años;Mujeres;0
Total Nacional;06 Cantabria;074-076 XIII.Enfermedades del sistema osteomuscular y del tejido conjuntivo;De 50 a 54 años;Hombres;1
Total Nacional;06 Cantabria;074-076 XIII.Enfermedades del sistema osteomuscular y del tejido conjuntivo;De 50 a 54 años;Mujeres;0
Total Nacional;06 Cantabria;074-076 XIII.Enfermedades del sistema osteomuscular y del tejido conjuntivo;De 55 a 59 años;Hombres;1
Total Nacional;06 Cantabria;074-076 XIII.Enfermedades del sistema osteomuscular y del tejido conjuntivo;De 55 a 59 años;Mujeres;0
Total Nacional;06 Cantabria;074-076 XIII.Enfermedades del sistema osteomuscular y del tejido conjuntivo;De 60 a 64 años;Hombres;1
Total Nacional;06 Cantabria;074-076 XIII.Enfermedades del sistema osteomuscular y del tejido conjuntivo;De 60 a 64 años;Mujeres;1
Total Nacional;06 Cantabria;074-076 XIII.Enfermedades del sistema osteomuscular y del tejido conjuntivo;De 65 a 69 años;Hombres;2
Total Nacional;06 Cantabria;074-076 XIII.Enfermedades del sistema osteomuscular y del tejido conjuntivo;De 65 a 69 años;Mujeres;0
Total Nacional;06 Cantabria;074-076 XIII.Enfermedades del sistema osteomuscular y del tejido conjuntivo;De 70 a 74 años;Hombres;1
Total Nacional;06 Cantabria;074-076 XIII.Enfermedades del sistema osteomuscular y del tejido conjuntivo;De 70 a 74 años;Mujeres;2
Total Nacional;06 Cantabria;074-076 XIII.Enfermedades del sistema osteomuscular y del tejido conjuntivo;De 75 a 79 años;Hombres;1
Total Nacional;06 Cantabria;074-076 XIII.Enfermedades del sistema osteomuscular y del tejido conjuntivo;De 75 a 79 años;Mujeres;2
Total Nacional;06 Cantabria;074-076 XIII.Enfermedades del sistema osteomuscular y del tejido conjuntivo;De 80 a 84 años;Hombres;0
Total Nacional;06 Cantabria;074-076 XIII.Enfermedades del sistema osteomuscular y del tejido conjuntivo;De 80 a 84 años;Mujeres;2
Total Nacional;06 Cantabria;074-076 XIII.Enfermedades del sistema osteomuscular y del tejido conjuntivo;De 85 a 89 años;Hombres;6
Total Nacional;06 Cantabria;074-076 XIII.Enfermedades del sistema osteomuscular y del tejido conjuntivo;De 85 a 89 años;Mujeres;11
Total Nacional;06 Cantabria;074-076 XIII.Enfermedades del sistema osteomuscular y del tejido conjuntivo;De 90 a 94 años;Hombres;8
Total Nacional;06 Cantabria;074-076 XIII.Enfermedades del sistema osteomuscular y del tejido conjuntivo;De 90 a 94 años;Mujeres;8
Total Nacional;06 Cantabria;074-076 XIII.Enfermedades del sistema osteomuscular y del tejido conjuntivo;De 95 años y más;Hombres;0
Total Nacional;06 Cantabria;074-076 XIII.Enfermedades del sistema osteomuscular y del tejido conjuntivo;De 95 años y más;Mujeres;14
Total Nacional;06 Cantabria;077-080 XIV.Enfermedades del sistema genitourinario;De 1 a 14 años;Hombres;0
Total Nacional;06 Cantabria;077-080 XIV.Enfermedades del sistema genitourinario;De 1 a 14 años;Mujeres;0
Total Nacional;06 Cantabria;077-080 XIV.Enfermedades del sistema genitourinario;De 15 a 29 años;Hombres;0
Total Nacional;06 Cantabria;077-080 XIV.Enfermedades del sistema genitourinario;De 15 a 29 años;Mujeres;0
Total Nacional;06 Cantabria;077-080 XIV.Enfermedades del sistema genitourinario;De 30 a 39 años;Hombres;0
Total Nacional;06 Cantabria;077-080 XIV.Enfermedades del sistema genitourinario;De 30 a 39 años;Mujeres;0
Total Nacional;06 Cantabria;077-080 XIV.Enfermedades del sistema genitourinario;De 40 a 44 años;Hombres;0
Total Nacional;06 Cantabria;077-080 XIV.Enfermedades del sistema genitourinario;De 40 a 44 años;Mujeres;0
Total Nacional;06 Cantabria;077-080 XIV.Enfermedades del sistema genitourinario;De 45 a 49 años;Hombres;0
Total Nacional;06 Cantabria;077-080 XIV.Enfermedades del sistema genitourinario;De 45 a 49 años;Mujeres;0
Total Nacional;06 Cantabria;077-080 XIV.Enfermedades del sistema genitourinario;De 50 a 54 años;Hombres;0
Total Nacional;06 Cantabria;077-080 XIV.Enfermedades del sistema genitourinario;De 50 a 54 años;Mujeres;0
Total Nacional;06 Cantabria;077-080 XIV.Enfermedades del sistema genitourinario;De 55 a 59 años;Hombres;1
Total Nacional;06 Cantabria;077-080 XIV.Enfermedades del sistema genitourinario;De 55 a 59 años;Mujeres;0
Total Nacional;06 Cantabria;077-080 XIV.Enfermedades del sistema genitourinario;De 60 a 64 años;Hombres;2
Total Nacional;06 Cantabria;077-080 XIV.Enfermedades del sistema genitourinario;De 60 a 64 años;Mujeres;0
Total Nacional;06 Cantabria;077-080 XIV.Enfermedades del sistema genitourinario;De 65 a 69 años;Hombres;1
Total Nacional;06 Cantabria;077-080 XIV.Enfermedades del sistema genitourinario;De 65 a 69 años;Mujeres;0
Total Nacional;06 Cantabria;077-080 XIV.Enfermedades del sistema genitourinario;De 70 a 74 años;Hombres;2
Total Nacional;06 Cantabria;077-080 XIV.Enfermedades del sistema genitourinario;De 70 a 74 años;Mujeres;1
Total Nacional;06 Cantabria;077-080 XIV.Enfermedades del sistema genitourinario;De 75 a 79 años;Hombres;10
Total Nacional;06 Cantabria;077-080 XIV.Enfermedades del sistema genitourinario;De 75 a 79 años;Mujeres;8
Total Nacional;06 Cantabria;077-080 XIV.Enfermedades del sistema genitourinario;De 80 a 84 años;Hombres;16
Total Nacional;06 Cantabria;077-080 XIV.Enfermedades del sistema genitourinario;De 80 a 84 años;Mujeres;9
Total Nacional;06 Cantabria;077-080 XIV.Enfermedades del sistema genitourinario;De 85 a 89 años;Hombres;22
Total Nacional;06 Cantabria;077-080 XIV.Enfermedades del sistema genitourinario;De 85 a 89 años;Mujeres;27
Total Nacional;06 Cantabria;077-080 XIV.Enfermedades del sistema genitourinario;De 90 a 94 años;Hombres;28
Total Nacional;06 Cantabria;077-080 XIV.Enfermedades del sistema genitourinario;De 90 a 94 años;Mujeres;35
Total Nacional;06 Cantabria;077-080 XIV.Enfermedades del sistema genitourinario;De 95 años y más;Hombres;15
Total Nacional;06 Cantabria;077-080 XIV.Enfermedades del sistema genitourinario;De 95 años y más;Mujeres;26
Total Nacional;06 Cantabria;081 XV.Embarazo, parto y puerperio;De 1 a 14 años;Hombres;0
Total Nacional;06 Cantabria;081 XV.Embarazo, parto y puerperio;De 1 a 14 años;Mujeres;0
Total Nacional;06 Cantabria;081 XV.Embarazo, parto y puerperio;De 15 a 29 años;Hombres;0
Total Nacional;06 Cantabria;081 XV.Embarazo, parto y puerperio;De 15 a 29 años;Mujeres;0
Total Nacional;06 Cantabria;081 XV.Embarazo, parto y puerperio;De 30 a 39 años;Hombres;0
Total Nacional;06 Cantabria;081 XV.Embarazo, parto y puerperio;De 30 a 39 años;Mujeres;0
Total Nacional;06 Cantabria;081 XV.Embarazo, parto y puerperio;De 40 a 44 años;Hombres;0
Total Nacional;06 Cantabria;081 XV.Embarazo, parto y puerperio;De 40 a 44 años;Mujeres;0
Total Nacional;06 Cantabria;081 XV.Embarazo, parto y puerperio;De 45 a 49 años;Hombres;0
Total Nacional;06 Cantabria;081 XV.Embarazo, parto y puerperio;De 45 a 49 años;Mujeres;0
Total Nacional;06 Cantabria;081 XV.Embarazo, parto y puerperio;De 50 a 54 años;Hombres;0
Total Nacional;06 Cantabria;081 XV.Embarazo, parto y puerperio;De 50 a 54 años;Mujeres;0
Total Nacional;06 Cantabria;081 XV.Embarazo, parto y puerperio;De 55 a 59 años;Hombres;0
Total Nacional;06 Cantabria;081 XV.Embarazo, parto y puerperio;De 55 a 59 años;Mujeres;0
Total Nacional;06 Cantabria;081 XV.Embarazo, parto y puerperio;De 60 a 64 años;Hombres;0
Total Nacional;06 Cantabria;081 XV.Embarazo, parto y puerperio;De 60 a 64 años;Mujeres;0
Total Nacional;06 Cantabria;081 XV.Embarazo, parto y puerperio;De 65 a 69 años;Hombres;0
Total Nacional;06 Cantabria;081 XV.Embarazo, parto y puerperio;De 65 a 69 años;Mujeres;0
Total Nacional;06 Cantabria;081 XV.Embarazo, parto y puerperio;De 70 a 74 años;Hombres;0
Total Nacional;06 Cantabria;081 XV.Embarazo, parto y puerperio;De 70 a 74 años;Mujeres;0
Total Nacional;06 Cantabria;081 XV.Embarazo, parto y puerperio;De 75 a 79 años;Hombres;0
Total Nacional;06 Cantabria;081 XV.Embarazo, parto y puerperio;De 75 a 79 años;Mujeres;0
Total Nacional;06 Cantabria;081 XV.Embarazo, parto y puerperio;De 80 a 84 años;Hombres;0
Total Nacional;06 Cantabria;081 XV.Embarazo, parto y puerperio;De 80 a 84 años;Mujeres;0
Total Nacional;06 Cantabria;081 XV.Embarazo, parto y puerperio;De 85 a 89 años;Hombres;0
Total Nacional;06 Cantabria;081 XV.Embarazo, parto y puerperio;De 85 a 89 años;Mujeres;0
Total Nacional;06 Cantabria;081 XV.Embarazo, parto y puerperio;De 90 a 94 años;Hombres;0
Total Nacional;06 Cantabria;081 XV.Embarazo, parto y puerperio;De 90 a 94 años;Mujeres;0
Total Nacional;06 Cantabria;081 XV.Embarazo, parto y puerperio;De 95 años y más;Hombres;0
Total Nacional;06 Cantabria;081 XV.Embarazo, parto y puerperio;De 95 años y más;Mujeres;0
Total Nacional;06 Cantabria;082 XVI.Afecciones originadas en el periodo perinatal;De 1 a 14 años;Hombres;0
Total Nacional;06 Cantabria;082 XVI.Afecciones originadas en el periodo perinatal;De 1 a 14 años;Mujeres;0
Total Nacional;06 Cantabria;082 XVI.Afecciones originadas en el periodo perinatal;De 15 a 29 años;Hombres;0
Total Nacional;06 Cantabria;082 XVI.Afecciones originadas en el periodo perinatal;De 15 a 29 años;Mujeres;0
Total Nacional;06 Cantabria;082 XVI.Afecciones originadas en el periodo perinatal;De 30 a 39 años;Hombres;0
Total Nacional;06 Cantabria;082 XVI.Afecciones originadas en el periodo perinatal;De 30 a 39 años;Mujeres;0
Total Nacional;06 Cantabria;082 XVI.Afecciones originadas en el periodo perinatal;De 40 a 44 años;Hombres;0
Total Nacional;06 Cantabria;082 XVI.Afecciones originadas en el periodo perinatal;De 40 a 44 años;Mujeres;0
Total Nacional;06 Cantabria;082 XVI.Afecciones originadas en el periodo perinatal;De 45 a 49 años;Hombres;0
Total Nacional;06 Cantabria;082 XVI.Afecciones originadas en el periodo perinatal;De 45 a 49 años;Mujeres;0
Total Nacional;06 Cantabria;082 XVI.Afecciones originadas en el periodo perinatal;De 50 a 54 años;Hombres;0
Total Nacional;06 Cantabria;082 XVI.Afecciones originadas en el periodo perinatal;De 50 a 54 años;Mujeres;0
Total Nacional;06 Cantabria;082 XVI.Afecciones originadas en el periodo perinatal;De 55 a 59 años;Hombres;0
Total Nacional;06 Cantabria;082 XVI.Afecciones originadas en el periodo perinatal;De 55 a 59 años;Mujeres;0
Total Nacional;06 Cantabria;082 XVI.Afecciones originadas en el periodo perinatal;De 60 a 64 años;Hombres;0
Total Nacional;06 Cantabria;082 XVI.Afecciones originadas en el periodo perinatal;De 60 a 64 años;Mujeres;0
Total Nacional;06 Cantabria;082 XVI.Afecciones originadas en el periodo perinatal;De 65 a 69 años;Hombres;0
Total Nacional;06 Cantabria;082 XVI.Afecciones originadas en el periodo perinatal;De 65 a 69 años;Mujeres;0
Total Nacional;06 Cantabria;082 XVI.Afecciones originadas en el periodo perinatal;De 70 a 74 años;Hombres;0
Total Nacional;06 Cantabria;082 XVI.Afecciones originadas en el periodo perinatal;De 70 a 74 años;Mujeres;0
Total Nacional;06 Cantabria;082 XVI.Afecciones originadas en el periodo perinatal;De 75 a 79 años;Hombres;0
Total Nacional;06 Cantabria;082 XVI.Afecciones originadas en el periodo perinatal;De 75 a 79 años;Mujeres;0
Total Nacional;06 Cantabria;082 XVI.Afecciones originadas en el periodo perinatal;De 80 a 84 años;Hombres;0
Total Nacional;06 Cantabria;082 XVI.Afecciones originadas en el periodo perinatal;De 80 a 84 años;Mujeres;0
Total Nacional;06 Cantabria;082 XVI.Afecciones originadas en el periodo perinatal;De 85 a 89 años;Hombres;0
Total Nacional;06 Cantabria;082 XVI.Afecciones originadas en el periodo perinatal;De 85 a 89 años;Mujeres;0
Total Nacional;06 Cantabria;082 XVI.Afecciones originadas en el periodo perinatal;De 90 a 94 años;Hombres;0
Total Nacional;06 Cantabria;082 XVI.Afecciones originadas en el periodo perinatal;De 90 a 94 años;Mujeres;0
Total Nacional;06 Cantabria;082 XVI.Afecciones originadas en el periodo perinatal;De 95 años y más;Hombres;0
Total Nacional;06 Cantabria;082 XVI.Afecciones originadas en el periodo perinatal;De 95 años y más;Mujeres;0
Total Nacional;06 Cantabria;083-085 XVII.Malformaciones congénitas, deformidades y anomalías cromosómicas;De 1 a 14 años;Hombres;1
Total Nacional;06 Cantabria;083-085 XVII.Malformaciones congénitas, deformidades y anomalías cromosómicas;De 1 a 14 años;Mujeres;0
Total Nacional;06 Cantabria;083-085 XVII.Malformaciones congénitas, deformidades y anomalías cromosómicas;De 15 a 29 años;Hombres;0
Total Nacional;06 Cantabria;083-085 XVII.Malformaciones congénitas, deformidades y anomalías cromosómicas;De 15 a 29 años;Mujeres;0
Total Nacional;06 Cantabria;083-085 XVII.Malformaciones congénitas, deformidades y anomalías cromosómicas;De 30 a 39 años;Hombres;0
Total Nacional;06 Cantabria;083-085 XVII.Malformaciones congénitas, deformidades y anomalías cromosómicas;De 30 a 39 años;Mujeres;1
Total Nacional;06 Cantabria;083-085 XVII.Malformaciones congénitas, deformidades y anomalías cromosómicas;De 40 a 44 años;Hombres;0
Total Nacional;06 Cantabria;083-085 XVII.Malformaciones congénitas, deformidades y anomalías cromosómicas;De 40 a 44 años;Mujeres;0
Total Nacional;06 Cantabria;083-085 XVII.Malformaciones congénitas, deformidades y anomalías cromosómicas;De 45 a 49 años;Hombres;0
Total Nacional;06 Cantabria;083-085 XVII.Malformaciones congénitas, deformidades y anomalías cromosómicas;De 45 a 49 años;Mujeres;0
Total Nacional;06 Cantabria;083-085 XVII.Malformaciones congénitas, deformidades y anomalías cromosómicas;De 50 a 54 años;Hombres;1
Total Nacional;06 Cantabria;083-085 XVII.Malformaciones congénitas, deformidades y anomalías cromosómicas;De 50 a 54 años;Mujeres;0
Total Nacional;06 Cantabria;083-085 XVII.Malformaciones congénitas, deformidades y anomalías cromosómicas;De 55 a 59 años;Hombres;1
Total Nacional;06 Cantabria;083-085 XVII.Malformaciones congénitas, deformidades y anomalías cromosómicas;De 55 a 59 años;Mujeres;1
Total Nacional;06 Cantabria;083-085 XVII.Malformaciones congénitas, deformidades y anomalías cromosómicas;De 60 a 64 años;Hombres;1
Total Nacional;06 Cantabria;083-085 XVII.Malformaciones congénitas, deformidades y anomalías cromosómicas;De 60 a 64 años;Mujeres;0
Total Nacional;06 Cantabria;083-085 XVII.Malformaciones congénitas, deformidades y anomalías cromosómicas;De 65 a 69 años;Hombres;0
Total Nacional;06 Cantabria;083-085 XVII.Malformaciones congénitas, deformidades y anomalías cromosómicas;De 65 a 69 años;Mujeres;1
Total Nacional;06 Cantabria;083-085 XVII.Malformaciones congénitas, deformidades y anomalías cromosómicas;De 70 a 74 años;Hombres;0
Total Nacional;06 Cantabria;083-085 XVII.Malformaciones congénitas, deformidades y anomalías cromosómicas;De 70 a 74 años;Mujeres;2
Total Nacional;06 Cantabria;083-085 XVII.Malformaciones congénitas, deformidades y anomalías cromosómicas;De 75 a 79 años;Hombres;0
Total Nacional;06 Cantabria;083-085 XVII.Malformaciones congénitas, deformidades y anomalías cromosómicas;De 75 a 79 años;Mujeres;0
Total Nacional;06 Cantabria;083-085 XVII.Malformaciones congénitas, deformidades y anomalías cromosómicas;De 80 a 84 años;Hombres;0
Total Nacional;06 Cantabria;083-085 XVII.Malformaciones congénitas, deformidades y anomalías cromosómicas;De 80 a 84 años;Mujeres;2
Total Nacional;06 Cantabria;083-085 XVII.Malformaciones congénitas, deformidades y anomalías cromosómicas;De 85 a 89 años;Hombres;0
Total Nacional;06 Cantabria;083-085 XVII.Malformaciones congénitas, deformidades y anomalías cromosómicas;De 85 a 89 años;Mujeres;0
Total Nacional;06 Cantabria;083-085 XVII.Malformaciones congénitas, deformidades y anomalías cromosómicas;De 90 a 94 años;Hombres;0
Total Nacional;06 Cantabria;083-085 XVII.Malformaciones congénitas, deformidades y anomalías cromosómicas;De 90 a 94 años;Mujeres;0
Total Nacional;06 Cantabria;083-085 XVII.Malformaciones congénitas, deformidades y anomalías cromosómicas;De 95 años y más;Hombres;0
Total Nacional;06 Cantabria;083-085 XVII.Malformaciones congénitas, deformidades y anomalías cromosómicas;De 95 años y más;Mujeres;0
Total Nacional;06 Cantabria;086-089 XVIII.Síntomas, signos y hallazgos anormales clínicos y de laboratorio, no clasificados en otra parte;De 1 a 14 años;Hombres;0
Total Nacional;06 Cantabria;086-089 XVIII.Síntomas, signos y hallazgos anormales clínicos y de laboratorio, no clasificados en otra parte;De 1 a 14 años;Mujeres;0
Total Nacional;06 Cantabria;086-089 XVIII.Síntomas, signos y hallazgos anormales clínicos y de laboratorio, no clasificados en otra parte;De 15 a 29 años;Hombres;3
Total Nacional;06 Cantabria;086-089 XVIII.Síntomas, signos y hallazgos anormales clínicos y de laboratorio, no clasificados en otra parte;De 15 a 29 años;Mujeres;0
Total Nacional;06 Cantabria;086-089 XVIII.Síntomas, signos y hallazgos anormales clínicos y de laboratorio, no clasificados en otra parte;De 30 a 39 años;Hombres;6
Total Nacional;06 Cantabria;086-089 XVIII.Síntomas, signos y hallazgos anormales clínicos y de laboratorio, no clasificados en otra parte;De 30 a 39 años;Mujeres;1
Total Nacional;06 Cantabria;086-089 XVIII.Síntomas, signos y hallazgos anormales clínicos y de laboratorio, no clasificados en otra parte;De 40 a 44 años;Hombres;1
Total Nacional;06 Cantabria;086-089 XVIII.Síntomas, signos y hallazgos anormales clínicos y de laboratorio, no clasificados en otra parte;De 40 a 44 años;Mujeres;1
Total Nacional;06 Cantabria;086-089 XVIII.Síntomas, signos y hallazgos anormales clínicos y de laboratorio, no clasificados en otra parte;De 45 a 49 años;Hombres;3
Total Nacional;06 Cantabria;086-089 XVIII.Síntomas, signos y hallazgos anormales clínicos y de laboratorio, no clasificados en otra parte;De 45 a 49 años;Mujeres;0
Total Nacional;06 Cantabria;086-089 XVIII.Síntomas, signos y hallazgos anormales clínicos y de laboratorio, no clasificados en otra parte;De 50 a 54 años;Hombres;9
Total Nacional;06 Cantabria;086-089 XVIII.Síntomas, signos y hallazgos anormales clínicos y de laboratorio, no clasificados en otra parte;De 50 a 54 años;Mujeres;1
Total Nacional;06 Cantabria;086-089 XVIII.Síntomas, signos y hallazgos anormales clínicos y de laboratorio, no clasificados en otra parte;De 55 a 59 años;Hombres;4
Total Nacional;06 Cantabria;086-089 XVIII.Síntomas, signos y hallazgos anormales clínicos y de laboratorio, no clasificados en otra parte;De 55 a 59 años;Mujeres;2
Total Nacional;06 Cantabria;086-089 XVIII.Síntomas, signos y hallazgos anormales clínicos y de laboratorio, no clasificados en otra parte;De 60 a 64 años;Hombres;7
Total Nacional;06 Cantabria;086-089 XVIII.Síntomas, signos y hallazgos anormales clínicos y de laboratorio, no clasificados en otra parte;De 60 a 64 años;Mujeres;2
Total Nacional;06 Cantabria;086-089 XVIII.Síntomas, signos y hallazgos anormales clínicos y de laboratorio, no clasificados en otra parte;De 65 a 69 años;Hombres;4
Total Nacional;06 Cantabria;086-089 XVIII.Síntomas, signos y hallazgos anormales clínicos y de laboratorio, no clasificados en otra parte;De 65 a 69 años;Mujeres;5
Total Nacional;06 Cantabria;086-089 XVIII.Síntomas, signos y hallazgos anormales clínicos y de laboratorio, no clasificados en otra parte;De 70 a 74 años;Hombres;4
Total Nacional;06 Cantabria;086-089 XVIII.Síntomas, signos y hallazgos anormales clínicos y de laboratorio, no clasificados en otra parte;De 70 a 74 años;Mujeres;2
Total Nacional;06 Cantabria;086-089 XVIII.Síntomas, signos y hallazgos anormales clínicos y de laboratorio, no clasificados en otra parte;De 75 a 79 años;Hombres;1
Total Nacional;06 Cantabria;086-089 XVIII.Síntomas, signos y hallazgos anormales clínicos y de laboratorio, no clasificados en otra parte;De 75 a 79 años;Mujeres;5
Total Nacional;06 Cantabria;086-089 XVIII.Síntomas, signos y hallazgos anormales clínicos y de laboratorio, no clasificados en otra parte;De 80 a 84 años;Hombres;7
Total Nacional;06 Cantabria;086-089 XVIII.Síntomas, signos y hallazgos anormales clínicos y de laboratorio, no clasificados en otra parte;De 80 a 84 años;Mujeres;12
Total Nacional;06 Cantabria;086-089 XVIII.Síntomas, signos y hallazgos anormales clínicos y de laboratorio, no clasificados en otra parte;De 85 a 89 años;Hombres;9
Total Nacional;06 Cantabria;086-089 XVIII.Síntomas, signos y hallazgos anormales clínicos y de laboratorio, no clasificados en otra parte;De 85 a 89 años;Mujeres;14
Total Nacional;06 Cantabria;086-089 XVIII.Síntomas, signos y hallazgos anormales clínicos y de laboratorio, no clasificados en otra parte;De 90 a 94 años;Hombres;18
Total Nacional;06 Cantabria;086-089 XVIII.Síntomas, signos y hallazgos anormales clínicos y de laboratorio, no clasificados en otra parte;De 90 a 94 años;Mujeres;32
Total Nacional;06 Cantabria;086-089 XVIII.Síntomas, signos y hallazgos anormales clínicos y de laboratorio, no clasificados en otra parte;De 95 años y más;Hombres;7
Total Nacional;06 Cantabria;086-089 XVIII.Síntomas, signos y hallazgos anormales clínicos y de laboratorio, no clasificados en otra parte;De 95 años y más;Mujeres;30
Total Nacional;06 Cantabria;090-102 XX.Causas externas de mortalidad;De 1 a 14 años;Hombres;1
Total Nacional;06 Cantabria;090-102 XX.Causas externas de mortalidad;De 1 a 14 años;Mujeres;0
Total Nacional;06 Cantabria;090-102 XX.Causas externas de mortalidad;De 15 a 29 años;Hombres;8
Total Nacional;06 Cantabria;090-102 XX.Causas externas de mortalidad;De 15 a 29 años;Mujeres;0
Total Nacional;06 Cantabria;090-102 XX.Causas externas de mortalidad;De 30 a 39 años;Hombres;10
Total Nacional;06 Cantabria;090-102 XX.Causas externas de mortalidad;De 30 a 39 años;Mujeres;2
Total Nacional;06 Cantabria;090-102 XX.Causas externas de mortalidad;De 40 a 44 años;Hombres;8
Total Nacional;06 Cantabria;090-102 XX.Causas externas de mortalidad;De 40 a 44 años;Mujeres;2
Total Nacional;06 Cantabria;090-102 XX.Causas externas de mortalidad;De 45 a 49 años;Hombres;14
Total Nacional;06 Cantabria;090-102 XX.Causas externas de mortalidad;De 45 a 49 años;Mujeres;4
Total Nacional;06 Cantabria;090-102 XX.Causas externas de mortalidad;De 50 a 54 años;Hombres;7
Total Nacional;06 Cantabria;090-102 XX.Causas externas de mortalidad;De 50 a 54 años;Mujeres;0
Total Nacional;06 Cantabria;090-102 XX.Causas externas de mortalidad;De 55 a 59 años;Hombres;6
Total Nacional;06 Cantabria;090-102 XX.Causas externas de mortalidad;De 55 a 59 años;Mujeres;4
Total Nacional;06 Cantabria;090-102 XX.Causas externas de mortalidad;De 60 a 64 años;Hombres;14
Total Nacional;06 Cantabria;090-102 XX.Causas externas de mortalidad;De 60 a 64 años;Mujeres;1
Total Nacional;06 Cantabria;090-102 XX.Causas externas de mortalidad;De 65 a 69 años;Hombres;9
Total Nacional;06 Cantabria;090-102 XX.Causas externas de mortalidad;De 65 a 69 años;Mujeres;6
Total Nacional;06 Cantabria;090-102 XX.Causas externas de mortalidad;De 70 a 74 años;Hombres;10
Total Nacional;06 Cantabria;090-102 XX.Causas externas de mortalidad;De 70 a 74 años;Mujeres;5
Total Nacional;06 Cantabria;090-102 XX.Causas externas de mortalidad;De 75 a 79 años;Hombres;15
Total Nacional;06 Cantabria;090-102 XX.Causas externas de mortalidad;De 75 a 79 años;Mujeres;9
Total Nacional;06 Cantabria;090-102 XX.Causas externas de mortalidad;De 80 a 84 años;Hombres;18
Total Nacional;06 Cantabria;090-102 XX.Causas externas de mortalidad;De 80 a 84 años;Mujeres;13
Total Nacional;06 Cantabria;090-102 XX.Causas externas de mortalidad;De 85 a 89 años;Hombres;15
Total Nacional;06 Cantabria;090-102 XX.Causas externas de mortalidad;De 85 a 89 años;Mujeres;15
Total Nacional;06 Cantabria;090-102 XX.Causas externas de mortalidad;De 90 a 94 años;Hombres;13
Total Nacional;06 Cantabria;090-102 XX.Causas externas de mortalidad;De 90 a 94 años;Mujeres;14
Total Nacional;06 Cantabria;090-102 XX.Causas externas de mortalidad;De 95 años y más;Hombres;9
Total Nacional;06 Cantabria;090-102 XX.Causas externas de mortalidad;De 95 años y más;Mujeres;22
Total Nacional;07 Castilla y León;001-008 I.Enfermedades infecciosas y parasitarias;De 1 a 14 años;Hombres;0
Total Nacional;07 Castilla y León;001-008 I.Enfermedades infecciosas y parasitarias;De 1 a 14 años;Mujeres;0
Total Nacional;07 Castilla y León;001-008 I.Enfermedades infecciosas y parasitarias;De 15 a 29 años;Hombres;1
Total Nacional;07 Castilla y León;001-008 I.Enfermedades infecciosas y parasitarias;De 15 a 29 años;Mujeres;1
Total Nacional;07 Castilla y León;001-008 I.Enfermedades infecciosas y parasitarias;De 30 a 39 años;Hombres;2
Total Nacional;07 Castilla y León;001-008 I.Enfermedades infecciosas y parasitarias;De 30 a 39 años;Mujeres;1
Total Nacional;07 Castilla y León;001-008 I.Enfermedades infecciosas y parasitarias;De 40 a 44 años;Hombres;4
Total Nacional;07 Castilla y León;001-008 I.Enfermedades infecciosas y parasitarias;De 40 a 44 años;Mujeres;0
Total Nacional;07 Castilla y León;001-008 I.Enfermedades infecciosas y parasitarias;De 45 a 49 años;Hombres;2
Total Nacional;07 Castilla y León;001-008 I.Enfermedades infecciosas y parasitarias;De 45 a 49 años;Mujeres;2
Total Nacional;07 Castilla y León;001-008 I.Enfermedades infecciosas y parasitarias;De 50 a 54 años;Hombres;4
Total Nacional;07 Castilla y León;001-008 I.Enfermedades infecciosas y parasitarias;De 50 a 54 años;Mujeres;5
Total Nacional;07 Castilla y León;001-008 I.Enfermedades infecciosas y parasitarias;De 55 a 59 años;Hombres;11
Total Nacional;07 Castilla y León;001-008 I.Enfermedades infecciosas y parasitarias;De 55 a 59 años;Mujeres;7
Total Nacional;07 Castilla y León;001-008 I.Enfermedades infecciosas y parasitarias;De 60 a 64 años;Hombres;17
Total Nacional;07 Castilla y León;001-008 I.Enfermedades infecciosas y parasitarias;De 60 a 64 años;Mujeres;7
Total Nacional;07 Castilla y León;001-008 I.Enfermedades infecciosas y parasitarias;De 65 a 69 años;Hombres;23
Total Nacional;07 Castilla y León;001-008 I.Enfermedades infecciosas y parasitarias;De 65 a 69 años;Mujeres;18
Total Nacional;07 Castilla y León;001-008 I.Enfermedades infecciosas y parasitarias;De 70 a 74 años;Hombres;36
Total Nacional;07 Castilla y León;001-008 I.Enfermedades infecciosas y parasitarias;De 70 a 74 años;Mujeres;16
Total Nacional;07 Castilla y León;001-008 I.Enfermedades infecciosas y parasitarias;De 75 a 79 años;Hombres;54
Total Nacional;07 Castilla y León;001-008 I.Enfermedades infecciosas y parasitarias;De 75 a 79 años;Mujeres;31
Total Nacional;07 Castilla y León;001-008 I.Enfermedades infecciosas y parasitarias;De 80 a 84 años;Hombres;68
Total Nacional;07 Castilla y León;001-008 I.Enfermedades infecciosas y parasitarias;De 80 a 84 años;Mujeres;62
Total Nacional;07 Castilla y León;001-008 I.Enfermedades infecciosas y parasitarias;De 85 a 89 años;Hombres;106
Total Nacional;07 Castilla y León;001-008 I.Enfermedades infecciosas y parasitarias;De 85 a 89 años;Mujeres;113
Total Nacional;07 Castilla y León;001-008 I.Enfermedades infecciosas y parasitarias;De 90 a 94 años;Hombres;127
Total Nacional;07 Castilla y León;001-008 I.Enfermedades infecciosas y parasitarias;De 90 a 94 años;Mujeres;149
Total Nacional;07 Castilla y León;001-008 I.Enfermedades infecciosas y parasitarias;De 95 años y más;Hombres;50
Total Nacional;07 Castilla y León;001-008 I.Enfermedades infecciosas y parasitarias;De 95 años y más;Mujeres;112
Total Nacional;07 Castilla y León;009-041 II.Tumores;De 1 a 14 años;Hombres;3
Total Nacional;07 Castilla y León;009-041 II.Tumores;De 1 a 14 años;Mujeres;8
Total Nacional;07 Castilla y León;009-041 II.Tumores;De 15 a 29 años;Hombres;4
Total Nacional;07 Castilla y León;009-041 II.Tumores;De 15 a 29 años;Mujeres;6
Total Nacional;07 Castilla y León;009-041 II.Tumores;De 30 a 39 años;Hombres;7
Total Nacional;07 Castilla y León;009-041 II.Tumores;De 30 a 39 años;Mujeres;22
Total Nacional;07 Castilla y León;009-041 II.Tumores;De 40 a 44 años;Hombres;21
Total Nacional;07 Castilla y León;009-041 II.Tumores;De 40 a 44 años;Mujeres;17
Total Nacional;07 Castilla y León;009-041 II.Tumores;De 45 a 49 años;Hombres;44
Total Nacional;07 Castilla y León;009-041 II.Tumores;De 45 a 49 años;Mujeres;48
Total Nacional;07 Castilla y León;009-041 II.Tumores;De 50 a 54 años;Hombres;101
Total Nacional;07 Castilla y León;009-041 II.Tumores;De 50 a 54 años;Mujeres;96
Total Nacional;07 Castilla y León;009-041 II.Tumores;De 55 a 59 años;Hombres;189
Total Nacional;07 Castilla y León;009-041 II.Tumores;De 55 a 59 años;Mujeres;131
Total Nacional;07 Castilla y León;009-041 II.Tumores;De 60 a 64 años;Hombres;354
Total Nacional;07 Castilla y León;009-041 II.Tumores;De 60 a 64 años;Mujeres;200
Total Nacional;07 Castilla y León;009-041 II.Tumores;De 65 a 69 años;Hombres;468
Total Nacional;07 Castilla y León;009-041 II.Tumores;De 65 a 69 años;Mujeres;254
Total Nacional;07 Castilla y León;009-041 II.Tumores;De 70 a 74 años;Hombres;620
Total Nacional;07 Castilla y León;009-041 II.Tumores;De 70 a 74 años;Mujeres;319
Total Nacional;07 Castilla y León;009-041 II.Tumores;De 75 a 79 años;Hombres;727
Total Nacional;07 Castilla y León;009-041 II.Tumores;De 75 a 79 años;Mujeres;355
Total Nacional;07 Castilla y León;009-041 II.Tumores;De 80 a 84 años;Hombres;703
Total Nacional;07 Castilla y León;009-041 II.Tumores;De 80 a 84 años;Mujeres;419
Total Nacional;07 Castilla y León;009-041 II.Tumores;De 85 a 89 años;Hombres;642
Total Nacional;07 Castilla y León;009-041 II.Tumores;De 85 a 89 años;Mujeres;474
Total Nacional;07 Castilla y León;009-041 II.Tumores;De 90 a 94 años;Hombres;471
Total Nacional;07 Castilla y León;009-041 II.Tumores;De 90 a 94 años;Mujeres;467
Total Nacional;07 Castilla y León;009-041 II.Tumores;De 95 años y más;Hombres;130
Total Nacional;07 Castilla y León;009-041 II.Tumores;De 95 años y más;Mujeres;215
Total Nacional;07 Castilla y León;050-052 VI-VIII.Enfermedades del sistema nervioso y de los órganos de los sentidos;De 1 a 14 años;Hombres;2
Total Nacional;07 Castilla y León;050-052 VI-VIII.Enfermedades del sistema nervioso y de los órganos de los sentidos;De 1 a 14 años;Mujeres;0
Total Nacional;07 Castilla y León;050-052 VI-VIII.Enfermedades del sistema nervioso y de los órganos de los sentidos;De 15 a 29 años;Hombres;3
Total Nacional;07 Castilla y León;050-052 VI-VIII.Enfermedades del sistema nervioso y de los órganos de los sentidos;De 15 a 29 años;Mujeres;3
Total Nacional;07 Castilla y León;050-052 VI-VIII.Enfermedades del sistema nervioso y de los órganos de los sentidos;De 30 a 39 años;Hombres;4
Total Nacional;07 Castilla y León;050-052 VI-VIII.Enfermedades del sistema nervioso y de los órganos de los sentidos;De 30 a 39 años;Mujeres;0
Total Nacional;07 Castilla y León;050-052 VI-VIII.Enfermedades del sistema nervioso y de los órganos de los sentidos;De 40 a 44 años;Hombres;4
Total Nacional;07 Castilla y León;050-052 VI-VIII.Enfermedades del sistema nervioso y de los órganos de los sentidos;De 40 a 44 años;Mujeres;4
Total Nacional;07 Castilla y León;050-052 VI-VIII.Enfermedades del sistema nervioso y de los órganos de los sentidos;De 45 a 49 años;Hombres;6
Total Nacional;07 Castilla y León;050-052 VI-VIII.Enfermedades del sistema nervioso y de los órganos de los sentidos;De 45 a 49 años;Mujeres;6
Total Nacional;07 Castilla y León;050-052 VI-VIII.Enfermedades del sistema nervioso y de los órganos de los sentidos;De 50 a 54 años;Hombres;9
Total Nacional;07 Castilla y León;050-052 VI-VIII.Enfermedades del sistema nervioso y de los órganos de los sentidos;De 50 a 54 años;Mujeres;7
Total Nacional;07 Castilla y León;050-052 VI-VIII.Enfermedades del sistema nervioso y de los órganos de los sentidos;De 55 a 59 años;Hombres;19
Total Nacional;07 Castilla y León;050-052 VI-VIII.Enfermedades del sistema nervioso y de los órganos de los sentidos;De 55 a 59 años;Mujeres;6
Total Nacional;07 Castilla y León;050-052 VI-VIII.Enfermedades del sistema nervioso y de los órganos de los sentidos;De 60 a 64 años;Hombres;15
Total Nacional;07 Castilla y León;050-052 VI-VIII.Enfermedades del sistema nervioso y de los órganos de los sentidos;De 60 a 64 años;Mujeres;21
Total Nacional;07 Castilla y León;050-052 VI-VIII.Enfermedades del sistema nervioso y de los órganos de los sentidos;De 65 a 69 años;Hombres;32
Total Nacional;07 Castilla y León;050-052 VI-VIII.Enfermedades del sistema nervioso y de los órganos de los sentidos;De 65 a 69 años;Mujeres;30
Total Nacional;07 Castilla y León;050-052 VI-VIII.Enfermedades del sistema nervioso y de los órganos de los sentidos;De 70 a 74 años;Hombres;52
Total Nacional;07 Castilla y León;050-052 VI-VIII.Enfermedades del sistema nervioso y de los órganos de los sentidos;De 70 a 74 años;Mujeres;36
Total Nacional;07 Castilla y León;050-052 VI-VIII.Enfermedades del sistema nervioso y de los órganos de los sentidos;De 75 a 79 años;Hombres;82
Total Nacional;07 Castilla y León;050-052 VI-VIII.Enfermedades del sistema nervioso y de los órganos de los sentidos;De 75 a 79 años;Mujeres;75
Total Nacional;07 Castilla y León;050-052 VI-VIII.Enfermedades del sistema nervioso y de los órganos de los sentidos;De 80 a 84 años;Hombres;108
Total Nacional;07 Castilla y León;050-052 VI-VIII.Enfermedades del sistema nervioso y de los órganos de los sentidos;De 80 a 84 años;Mujeres;110
Total Nacional;07 Castilla y León;050-052 VI-VIII.Enfermedades del sistema nervioso y de los órganos de los sentidos;De 85 a 89 años;Hombres;115
Total Nacional;07 Castilla y León;050-052 VI-VIII.Enfermedades del sistema nervioso y de los órganos de los sentidos;De 85 a 89 años;Mujeres;161
Total Nacional;07 Castilla y León;050-052 VI-VIII.Enfermedades del sistema nervioso y de los órganos de los sentidos;De 90 a 94 años;Hombres;85
Total Nacional;07 Castilla y León;050-052 VI-VIII.Enfermedades del sistema nervioso y de los órganos de los sentidos;De 90 a 94 años;Mujeres;205
Total Nacional;07 Castilla y León;050-052 VI-VIII.Enfermedades del sistema nervioso y de los órganos de los sentidos;De 95 años y más;Hombres;28
Total Nacional;07 Castilla y León;050-052 VI-VIII.Enfermedades del sistema nervioso y de los órganos de los sentidos;De 95 años y más;Mujeres;124
Total Nacional;07 Castilla y León;053-061 IX.Enfermedades del sistema circulatorio;De 1 a 14 años;Hombres;1
Total Nacional;07 Castilla y León;053-061 IX.Enfermedades del sistema circulatorio;De 1 a 14 años;Mujeres;1
Total Nacional;07 Castilla y León;053-061 IX.Enfermedades del sistema circulatorio;De 15 a 29 años;Hombres;4
Total Nacional;07 Castilla y León;053-061 IX.Enfermedades del sistema circulatorio;De 15 a 29 años;Mujeres;3
Total Nacional;07 Castilla y León;053-061 IX.Enfermedades del sistema circulatorio;De 30 a 39 años;Hombres;10
Total Nacional;07 Castilla y León;053-061 IX.Enfermedades del sistema circulatorio;De 30 a 39 años;Mujeres;4
Total Nacional;07 Castilla y León;053-061 IX.Enfermedades del sistema circulatorio;De 40 a 44 años;Hombres;7
Total Nacional;07 Castilla y León;053-061 IX.Enfermedades del sistema circulatorio;De 40 a 44 años;Mujeres;8
Total Nacional;07 Castilla y León;053-061 IX.Enfermedades del sistema circulatorio;De 45 a 49 años;Hombres;28
Total Nacional;07 Castilla y León;053-061 IX.Enfermedades del sistema circulatorio;De 45 a 49 años;Mujeres;12
Total Nacional;07 Castilla y León;053-061 IX.Enfermedades del sistema circulatorio;De 50 a 54 años;Hombres;60
Total Nacional;07 Castilla y León;053-061 IX.Enfermedades del sistema circulatorio;De 50 a 54 años;Mujeres;16
Total Nacional;07 Castilla y León;053-061 IX.Enfermedades del sistema circulatorio;De 55 a 59 años;Hombres;92
Total Nacional;07 Castilla y León;053-061 IX.Enfermedades del sistema circulatorio;De 55 a 59 años;Mujeres;26
Total Nacional;07 Castilla y León;053-061 IX.Enfermedades del sistema circulatorio;De 60 a 64 años;Hombres;171
Total Nacional;07 Castilla y León;053-061 IX.Enfermedades del sistema circulatorio;De 60 a 64 años;Mujeres;44
Total Nacional;07 Castilla y León;053-061 IX.Enfermedades del sistema circulatorio;De 65 a 69 años;Hombres;209
Total Nacional;07 Castilla y León;053-061 IX.Enfermedades del sistema circulatorio;De 65 a 69 años;Mujeres;80
Total Nacional;07 Castilla y León;053-061 IX.Enfermedades del sistema circulatorio;De 70 a 74 años;Hombres;251
Total Nacional;07 Castilla y León;053-061 IX.Enfermedades del sistema circulatorio;De 70 a 74 años;Mujeres;105
Total Nacional;07 Castilla y León;053-061 IX.Enfermedades del sistema circulatorio;De 75 a 79 años;Hombres;335
Total Nacional;07 Castilla y León;053-061 IX.Enfermedades del sistema circulatorio;De 75 a 79 años;Mujeres;184
Total Nacional;07 Castilla y León;053-061 IX.Enfermedades del sistema circulatorio;De 80 a 84 años;Hombres;460
Total Nacional;07 Castilla y León;053-061 IX.Enfermedades del sistema circulatorio;De 80 a 84 años;Mujeres;372
Total Nacional;07 Castilla y León;053-061 IX.Enfermedades del sistema circulatorio;De 85 a 89 años;Hombres;657
Total Nacional;07 Castilla y León;053-061 IX.Enfermedades del sistema circulatorio;De 85 a 89 años;Mujeres;798
Total Nacional;07 Castilla y León;053-061 IX.Enfermedades del sistema circulatorio;De 90 a 94 años;Hombres;707
Total Nacional;07 Castilla y León;053-061 IX.Enfermedades del sistema circulatorio;De 90 a 94 años;Mujeres;1.196
Total Nacional;07 Castilla y León;053-061 IX.Enfermedades del sistema circulatorio;De 95 años y más;Hombres;380
Total Nacional;07 Castilla y León;053-061 IX.Enfermedades del sistema circulatorio;De 95 años y más;Mujeres;1.036
Total Nacional;07 Castilla y León;062-067 X.Enfermedades del sistema respiratorio;De 1 a 14 años;Hombres;0
Total Nacional;07 Castilla y León;062-067 X.Enfermedades del sistema respiratorio;De 1 a 14 años;Mujeres;0
Total Nacional;07 Castilla y León;062-067 X.Enfermedades del sistema respiratorio;De 15 a 29 años;Hombres;2
Total Nacional;07 Castilla y León;062-067 X.Enfermedades del sistema respiratorio;De 15 a 29 años;Mujeres;1
Total Nacional;07 Castilla y León;062-067 X.Enfermedades del sistema respiratorio;De 30 a 39 años;Hombres;1
Total Nacional;07 Castilla y León;062-067 X.Enfermedades del sistema respiratorio;De 30 a 39 años;Mujeres;1
Total Nacional;07 Castilla y León;062-067 X.Enfermedades del sistema respiratorio;De 40 a 44 años;Hombres;2
Total Nacional;07 Castilla y León;062-067 X.Enfermedades del sistema respiratorio;De 40 a 44 años;Mujeres;1
Total Nacional;07 Castilla y León;062-067 X.Enfermedades del sistema respiratorio;De 45 a 49 años;Hombres;2
Total Nacional;07 Castilla y León;062-067 X.Enfermedades del sistema respiratorio;De 45 a 49 años;Mujeres;4
Total Nacional;07 Castilla y León;062-067 X.Enfermedades del sistema respiratorio;De 50 a 54 años;Hombres;7
Total Nacional;07 Castilla y León;062-067 X.Enfermedades del sistema respiratorio;De 50 a 54 años;Mujeres;6
Total Nacional;07 Castilla y León;062-067 X.Enfermedades del sistema respiratorio;De 55 a 59 años;Hombres;24
Total Nacional;07 Castilla y León;062-067 X.Enfermedades del sistema respiratorio;De 55 a 59 años;Mujeres;9
Total Nacional;07 Castilla y León;062-067 X.Enfermedades del sistema respiratorio;De 60 a 64 años;Hombres;57
Total Nacional;07 Castilla y León;062-067 X.Enfermedades del sistema respiratorio;De 60 a 64 años;Mujeres;17
Total Nacional;07 Castilla y León;062-067 X.Enfermedades del sistema respiratorio;De 65 a 69 años;Hombres;62
Total Nacional;07 Castilla y León;062-067 X.Enfermedades del sistema respiratorio;De 65 a 69 años;Mujeres;24
Total Nacional;07 Castilla y León;062-067 X.Enfermedades del sistema respiratorio;De 70 a 74 años;Hombres;90
Total Nacional;07 Castilla y León;062-067 X.Enfermedades del sistema respiratorio;De 70 a 74 años;Mujeres;40
Total Nacional;07 Castilla y León;062-067 X.Enfermedades del sistema respiratorio;De 75 a 79 años;Hombres;180
Total Nacional;07 Castilla y León;062-067 X.Enfermedades del sistema respiratorio;De 75 a 79 años;Mujeres;68
Total Nacional;07 Castilla y León;062-067 X.Enfermedades del sistema respiratorio;De 80 a 84 años;Hombres;285
Total Nacional;07 Castilla y León;062-067 X.Enfermedades del sistema respiratorio;De 80 a 84 años;Mujeres;167
Total Nacional;07 Castilla y León;062-067 X.Enfermedades del sistema respiratorio;De 85 a 89 años;Hombres;399
Total Nacional;07 Castilla y León;062-067 X.Enfermedades del sistema respiratorio;De 85 a 89 años;Mujeres;333
Total Nacional;07 Castilla y León;062-067 X.Enfermedades del sistema respiratorio;De 90 a 94 años;Hombres;477
Total Nacional;07 Castilla y León;062-067 X.Enfermedades del sistema respiratorio;De 90 a 94 años;Mujeres;579
Total Nacional;07 Castilla y León;062-067 X.Enfermedades del sistema respiratorio;De 95 años y más;Hombres;246
Total Nacional;07 Castilla y León;062-067 X.Enfermedades del sistema respiratorio;De 95 años y más;Mujeres;447
Total Nacional;07 Castilla y León;068-072 XI.Enfermedades del sistema digestivo;De 1 a 14 años;Hombres;0
Total Nacional;07 Castilla y León;068-072 XI.Enfermedades del sistema digestivo;De 1 a 14 años;Mujeres;1
Total Nacional;07 Castilla y León;068-072 XI.Enfermedades del sistema digestivo;De 15 a 29 años;Hombres;2
Total Nacional;07 Castilla y León;068-072 XI.Enfermedades del sistema digestivo;De 15 a 29 años;Mujeres;0
Total Nacional;07 Castilla y León;068-072 XI.Enfermedades del sistema digestivo;De 30 a 39 años;Hombres;2
Total Nacional;07 Castilla y León;068-072 XI.Enfermedades del sistema digestivo;De 30 a 39 años;Mujeres;1
Total Nacional;07 Castilla y León;068-072 XI.Enfermedades del sistema digestivo;De 40 a 44 años;Hombres;4
Total Nacional;07 Castilla y León;068-072 XI.Enfermedades del sistema digestivo;De 40 a 44 años;Mujeres;4
Total Nacional;07 Castilla y León;068-072 XI.Enfermedades del sistema digestivo;De 45 a 49 años;Hombres;6
Total Nacional;07 Castilla y León;068-072 XI.Enfermedades del sistema digestivo;De 45 a 49 años;Mujeres;4
Total Nacional;07 Castilla y León;068-072 XI.Enfermedades del sistema digestivo;De 50 a 54 años;Hombres;25
Total Nacional;07 Castilla y León;068-072 XI.Enfermedades del sistema digestivo;De 50 a 54 años;Mujeres;6
Total Nacional;07 Castilla y León;068-072 XI.Enfermedades del sistema digestivo;De 55 a 59 años;Hombres;41
Total Nacional;07 Castilla y León;068-072 XI.Enfermedades del sistema digestivo;De 55 a 59 años;Mujeres;13
Total Nacional;07 Castilla y León;068-072 XI.Enfermedades del sistema digestivo;De 60 a 64 años;Hombres;51
Total Nacional;07 Castilla y León;068-072 XI.Enfermedades del sistema digestivo;De 60 a 64 años;Mujeres;14
Total Nacional;07 Castilla y León;068-072 XI.Enfermedades del sistema digestivo;De 65 a 69 años;Hombres;64
Total Nacional;07 Castilla y León;068-072 XI.Enfermedades del sistema digestivo;De 65 a 69 años;Mujeres;21
Total Nacional;07 Castilla y León;068-072 XI.Enfermedades del sistema digestivo;De 70 a 74 años;Hombres;71
Total Nacional;07 Castilla y León;068-072 XI.Enfermedades del sistema digestivo;De 70 a 74 años;Mujeres;22
Total Nacional;07 Castilla y León;068-072 XI.Enfermedades del sistema digestivo;De 75 a 79 años;Hombres;97
Total Nacional;07 Castilla y León;068-072 XI.Enfermedades del sistema digestivo;De 75 a 79 años;Mujeres;47
Total Nacional;07 Castilla y León;068-072 XI.Enfermedades del sistema digestivo;De 80 a 84 años;Hombres;100
Total Nacional;07 Castilla y León;068-072 XI.Enfermedades del sistema digestivo;De 80 a 84 años;Mujeres;83
Total Nacional;07 Castilla y León;068-072 XI.Enfermedades del sistema digestivo;De 85 a 89 años;Hombres;147
Total Nacional;07 Castilla y León;068-072 XI.Enfermedades del sistema digestivo;De 85 a 89 años;Mujeres;174
Total Nacional;07 Castilla y León;068-072 XI.Enfermedades del sistema digestivo;De 90 a 94 años;Hombres;138
Total Nacional;07 Castilla y León;068-072 XI.Enfermedades del sistema digestivo;De 90 a 94 años;Mujeres;213
Total Nacional;07 Castilla y León;068-072 XI.Enfermedades del sistema digestivo;De 95 años y más;Hombres;49
Total Nacional;07 Castilla y León;068-072 XI.Enfermedades del sistema digestivo;De 95 años y más;Mujeres;132
Total Nacional;07 Castilla y León;073 XII.Enfermedades de la piel y del tejido subcutáneo;De 1 a 14 años;Hombres;0
Total Nacional;07 Castilla y León;073 XII.Enfermedades de la piel y del tejido subcutáneo;De 1 a 14 años;Mujeres;0
Total Nacional;07 Castilla y León;073 XII.Enfermedades de la piel y del tejido subcutáneo;De 15 a 29 años;Hombres;0
Total Nacional;07 Castilla y León;073 XII.Enfermedades de la piel y del tejido subcutáneo;De 15 a 29 años;Mujeres;0
Total Nacional;07 Castilla y León;073 XII.Enfermedades de la piel y del tejido subcutáneo;De 30 a 39 años;Hombres;1
Total Nacional;07 Castilla y León;073 XII.Enfermedades de la piel y del tejido subcutáneo;De 30 a 39 años;Mujeres;0
Total Nacional;07 Castilla y León;073 XII.Enfermedades de la piel y del tejido subcutáneo;De 40 a 44 años;Hombres;0
Total Nacional;07 Castilla y León;073 XII.Enfermedades de la piel y del tejido subcutáneo;De 40 a 44 años;Mujeres;0
Total Nacional;07 Castilla y León;073 XII.Enfermedades de la piel y del tejido subcutáneo;De 45 a 49 años;Hombres;0
Total Nacional;07 Castilla y León;073 XII.Enfermedades de la piel y del tejido subcutáneo;De 45 a 49 años;Mujeres;1
Total Nacional;07 Castilla y León;073 XII.Enfermedades de la piel y del tejido subcutáneo;De 50 a 54 años;Hombres;0
Total Nacional;07 Castilla y León;073 XII.Enfermedades de la piel y del tejido subcutáneo;De 50 a 54 años;Mujeres;0
Total Nacional;07 Castilla y León;073 XII.Enfermedades de la piel y del tejido subcutáneo;De 55 a 59 años;Hombres;1
Total Nacional;07 Castilla y León;073 XII.Enfermedades de la piel y del tejido subcutáneo;De 55 a 59 años;Mujeres;0
Total Nacional;07 Castilla y León;073 XII.Enfermedades de la piel y del tejido subcutáneo;De 60 a 64 años;Hombres;1
Total Nacional;07 Castilla y León;073 XII.Enfermedades de la piel y del tejido subcutáneo;De 60 a 64 años;Mujeres;2
Total Nacional;07 Castilla y León;073 XII.Enfermedades de la piel y del tejido subcutáneo;De 65 a 69 años;Hombres;2
Total Nacional;07 Castilla y León;073 XII.Enfermedades de la piel y del tejido subcutáneo;De 65 a 69 años;Mujeres;1
Total Nacional;07 Castilla y León;073 XII.Enfermedades de la piel y del tejido subcutáneo;De 70 a 74 años;Hombres;1
Total Nacional;07 Castilla y León;073 XII.Enfermedades de la piel y del tejido subcutáneo;De 70 a 74 años;Mujeres;1
Total Nacional;07 Castilla y León;073 XII.Enfermedades de la piel y del tejido subcutáneo;De 75 a 79 años;Hombres;6
Total Nacional;07 Castilla y León;073 XII.Enfermedades de la piel y del tejido subcutáneo;De 75 a 79 años;Mujeres;6
Total Nacional;07 Castilla y León;073 XII.Enfermedades de la piel y del tejido subcutáneo;De 80 a 84 años;Hombres;9
Total Nacional;07 Castilla y León;073 XII.Enfermedades de la piel y del tejido subcutáneo;De 80 a 84 años;Mujeres;9
Total Nacional;07 Castilla y León;073 XII.Enfermedades de la piel y del tejido subcutáneo;De 85 a 89 años;Hombres;14
Total Nacional;07 Castilla y León;073 XII.Enfermedades de la piel y del tejido subcutáneo;De 85 a 89 años;Mujeres;21
Total Nacional;07 Castilla y León;073 XII.Enfermedades de la piel y del tejido subcutáneo;De 90 a 94 años;Hombres;20
Total Nacional;07 Castilla y León;073 XII.Enfermedades de la piel y del tejido subcutáneo;De 90 a 94 años;Mujeres;45
Total Nacional;07 Castilla y León;073 XII.Enfermedades de la piel y del tejido subcutáneo;De 95 años y más;Hombres;7
Total Nacional;07 Castilla y León;073 XII.Enfermedades de la piel y del tejido subcutáneo;De 95 años y más;Mujeres;22
Total Nacional;07 Castilla y León;074-076 XIII.Enfermedades del sistema osteomuscular y del tejido conjuntivo;De 1 a 14 años;Hombres;0
Total Nacional;07 Castilla y León;074-076 XIII.Enfermedades del sistema osteomuscular y del tejido conjuntivo;De 1 a 14 años;Mujeres;0
Total Nacional;07 Castilla y León;074-076 XIII.Enfermedades del sistema osteomuscular y del tejido conjuntivo;De 15 a 29 años;Hombres;0
Total Nacional;07 Castilla y León;074-076 XIII.Enfermedades del sistema osteomuscular y del tejido conjuntivo;De 15 a 29 años;Mujeres;0
Total Nacional;07 Castilla y León;074-076 XIII.Enfermedades del sistema osteomuscular y del tejido conjuntivo;De 30 a 39 años;Hombres;0
Total Nacional;07 Castilla y León;074-076 XIII.Enfermedades del sistema osteomuscular y del tejido conjuntivo;De 30 a 39 años;Mujeres;1
Total Nacional;07 Castilla y León;074-076 XIII.Enfermedades del sistema osteomuscular y del tejido conjuntivo;De 40 a 44 años;Hombres;0
Total Nacional;07 Castilla y León;074-076 XIII.Enfermedades del sistema osteomuscular y del tejido conjuntivo;De 40 a 44 años;Mujeres;0
Total Nacional;07 Castilla y León;074-076 XIII.Enfermedades del sistema osteomuscular y del tejido conjuntivo;De 45 a 49 años;Hombres;2
Total Nacional;07 Castilla y León;074-076 XIII.Enfermedades del sistema osteomuscular y del tejido conjuntivo;De 45 a 49 años;Mujeres;1
Total Nacional;07 Castilla y León;074-076 XIII.Enfermedades del sistema osteomuscular y del tejido conjuntivo;De 50 a 54 años;Hombres;4
Total Nacional;07 Castilla y León;074-076 XIII.Enfermedades del sistema osteomuscular y del tejido conjuntivo;De 50 a 54 años;Mujeres;1
Total Nacional;07 Castilla y León;074-076 XIII.Enfermedades del sistema osteomuscular y del tejido conjuntivo;De 55 a 59 años;Hombres;2
Total Nacional;07 Castilla y León;074-076 XIII.Enfermedades del sistema osteomuscular y del tejido conjuntivo;De 55 a 59 años;Mujeres;2
Total Nacional;07 Castilla y León;074-076 XIII.Enfermedades del sistema osteomuscular y del tejido conjuntivo;De 60 a 64 años;Hombres;3
Total Nacional;07 Castilla y León;074-076 XIII.Enfermedades del sistema osteomuscular y del tejido conjuntivo;De 60 a 64 años;Mujeres;0
Total Nacional;07 Castilla y León;074-076 XIII.Enfermedades del sistema osteomuscular y del tejido conjuntivo;De 65 a 69 años;Hombres;3
Total Nacional;07 Castilla y León;074-076 XIII.Enfermedades del sistema osteomuscular y del tejido conjuntivo;De 65 a 69 años;Mujeres;3
Total Nacional;07 Castilla y León;074-076 XIII.Enfermedades del sistema osteomuscular y del tejido conjuntivo;De 70 a 74 años;Hombres;9
Total Nacional;07 Castilla y León;074-076 XIII.Enfermedades del sistema osteomuscular y del tejido conjuntivo;De 70 a 74 años;Mujeres;10
Total Nacional;07 Castilla y León;074-076 XIII.Enfermedades del sistema osteomuscular y del tejido conjuntivo;De 75 a 79 años;Hombres;16
Total Nacional;07 Castilla y León;074-076 XIII.Enfermedades del sistema osteomuscular y del tejido conjuntivo;De 75 a 79 años;Mujeres;18
Total Nacional;07 Castilla y León;074-076 XIII.Enfermedades del sistema osteomuscular y del tejido conjuntivo;De 80 a 84 años;Hombres;19
Total Nacional;07 Castilla y León;074-076 XIII.Enfermedades del sistema osteomuscular y del tejido conjuntivo;De 80 a 84 años;Mujeres;21
Total Nacional;07 Castilla y León;074-076 XIII.Enfermedades del sistema osteomuscular y del tejido conjuntivo;De 85 a 89 años;Hombres;32
Total Nacional;07 Castilla y León;074-076 XIII.Enfermedades del sistema osteomuscular y del tejido conjuntivo;De 85 a 89 años;Mujeres;53
Total Nacional;07 Castilla y León;074-076 XIII.Enfermedades del sistema osteomuscular y del tejido conjuntivo;De 90 a 94 años;Hombres;37
Total Nacional;07 Castilla y León;074-076 XIII.Enfermedades del sistema osteomuscular y del tejido conjuntivo;De 90 a 94 años;Mujeres;101
Total Nacional;07 Castilla y León;074-076 XIII.Enfermedades del sistema osteomuscular y del tejido conjuntivo;De 95 años y más;Hombres;15
Total Nacional;07 Castilla y León;074-076 XIII.Enfermedades del sistema osteomuscular y del tejido conjuntivo;De 95 años y más;Mujeres;74
Total Nacional;07 Castilla y León;077-080 XIV.Enfermedades del sistema genitourinario;De 1 a 14 años;Hombres;0
Total Nacional;07 Castilla y León;077-080 XIV.Enfermedades del sistema genitourinario;De 1 a 14 años;Mujeres;0
Total Nacional;07 Castilla y León;077-080 XIV.Enfermedades del sistema genitourinario;De 15 a 29 años;Hombres;1
Total Nacional;07 Castilla y León;077-080 XIV.Enfermedades del sistema genitourinario;De 15 a 29 años;Mujeres;0
Total Nacional;07 Castilla y León;077-080 XIV.Enfermedades del sistema genitourinario;De 30 a 39 años;Hombres;0
Total Nacional;07 Castilla y León;077-080 XIV.Enfermedades del sistema genitourinario;De 30 a 39 años;Mujeres;0
Total Nacional;07 Castilla y León;077-080 XIV.Enfermedades del sistema genitourinario;De 40 a 44 años;Hombres;0
Total Nacional;07 Castilla y León;077-080 XIV.Enfermedades del sistema genitourinario;De 40 a 44 años;Mujeres;0
Total Nacional;07 Castilla y León;077-080 XIV.Enfermedades del sistema genitourinario;De 45 a 49 años;Hombres;1
Total Nacional;07 Castilla y León;077-080 XIV.Enfermedades del sistema genitourinario;De 45 a 49 años;Mujeres;1
Total Nacional;07 Castilla y León;077-080 XIV.Enfermedades del sistema genitourinario;De 50 a 54 años;Hombres;0
Total Nacional;07 Castilla y León;077-080 XIV.Enfermedades del sistema genitourinario;De 50 a 54 años;Mujeres;1
Total Nacional;07 Castilla y León;077-080 XIV.Enfermedades del sistema genitourinario;De 55 a 59 años;Hombres;4
Total Nacional;07 Castilla y León;077-080 XIV.Enfermedades del sistema genitourinario;De 55 a 59 años;Mujeres;1
Total Nacional;07 Castilla y León;077-080 XIV.Enfermedades del sistema genitourinario;De 60 a 64 años;Hombres;4
Total Nacional;07 Castilla y León;077-080 XIV.Enfermedades del sistema genitourinario;De 60 a 64 años;Mujeres;1
Total Nacional;07 Castilla y León;077-080 XIV.Enfermedades del sistema genitourinario;De 65 a 69 años;Hombres;15
Total Nacional;07 Castilla y León;077-080 XIV.Enfermedades del sistema genitourinario;De 65 a 69 años;Mujeres;9
Total Nacional;07 Castilla y León;077-080 XIV.Enfermedades del sistema genitourinario;De 70 a 74 años;Hombres;16
Total Nacional;07 Castilla y León;077-080 XIV.Enfermedades del sistema genitourinario;De 70 a 74 años;Mujeres;7
Total Nacional;07 Castilla y León;077-080 XIV.Enfermedades del sistema genitourinario;De 75 a 79 años;Hombres;42
Total Nacional;07 Castilla y León;077-080 XIV.Enfermedades del sistema genitourinario;De 75 a 79 años;Mujeres;21
Total Nacional;07 Castilla y León;077-080 XIV.Enfermedades del sistema genitourinario;De 80 a 84 años;Hombres;76
Total Nacional;07 Castilla y León;077-080 XIV.Enfermedades del sistema genitourinario;De 80 a 84 años;Mujeres;52
Total Nacional;07 Castilla y León;077-080 XIV.Enfermedades del sistema genitourinario;De 85 a 89 años;Hombres;116
Total Nacional;07 Castilla y León;077-080 XIV.Enfermedades del sistema genitourinario;De 85 a 89 años;Mujeres;118
Total Nacional;07 Castilla y León;077-080 XIV.Enfermedades del sistema genitourinario;De 90 a 94 años;Hombres;156
Total Nacional;07 Castilla y León;077-080 XIV.Enfermedades del sistema genitourinario;De 90 a 94 años;Mujeres;243
Total Nacional;07 Castilla y León;077-080 XIV.Enfermedades del sistema genitourinario;De 95 años y más;Hombres;101
Total Nacional;07 Castilla y León;077-080 XIV.Enfermedades del sistema genitourinario;De 95 años y más;Mujeres;179
Total Nacional;07 Castilla y León;081 XV.Embarazo, parto y puerperio;De 1 a 14 años;Hombres;0
Total Nacional;07 Castilla y León;081 XV.Embarazo, parto y puerperio;De 1 a 14 años;Mujeres;0
Total Nacional;07 Castilla y León;081 XV.Embarazo, parto y puerperio;De 15 a 29 años;Hombres;0
Total Nacional;07 Castilla y León;081 XV.Embarazo, parto y puerperio;De 15 a 29 años;Mujeres;0
Total Nacional;07 Castilla y León;081 XV.Embarazo, parto y puerperio;De 30 a 39 años;Hombres;0
Total Nacional;07 Castilla y León;081 XV.Embarazo, parto y puerperio;De 30 a 39 años;Mujeres;0
Total Nacional;07 Castilla y León;081 XV.Embarazo, parto y puerperio;De 40 a 44 años;Hombres;0
Total Nacional;07 Castilla y León;081 XV.Embarazo, parto y puerperio;De 40 a 44 años;Mujeres;0
Total Nacional;07 Castilla y León;081 XV.Embarazo, parto y puerperio;De 45 a 49 años;Hombres;0
Total Nacional;07 Castilla y León;081 XV.Embarazo, parto y puerperio;De 45 a 49 años;Mujeres;0
Total Nacional;07 Castilla y León;081 XV.Embarazo, parto y puerperio;De 50 a 54 años;Hombres;0
Total Nacional;07 Castilla y León;081 XV.Embarazo, parto y puerperio;De 50 a 54 años;Mujeres;0
Total Nacional;07 Castilla y León;081 XV.Embarazo, parto y puerperio;De 55 a 59 años;Hombres;0
Total Nacional;07 Castilla y León;081 XV.Embarazo, parto y puerperio;De 55 a 59 años;Mujeres;0
Total Nacional;07 Castilla y León;081 XV.Embarazo, parto y puerperio;De 60 a 64 años;Hombres;0
Total Nacional;07 Castilla y León;081 XV.Embarazo, parto y puerperio;De 60 a 64 años;Mujeres;0
Total Nacional;07 Castilla y León;081 XV.Embarazo, parto y puerperio;De 65 a 69 años;Hombres;0
Total Nacional;07 Castilla y León;081 XV.Embarazo, parto y puerperio;De 65 a 69 años;Mujeres;0
Total Nacional;07 Castilla y León;081 XV.Embarazo, parto y puerperio;De 70 a 74 años;Hombres;0
Total Nacional;07 Castilla y León;081 XV.Embarazo, parto y puerperio;De 70 a 74 años;Mujeres;0
Total Nacional;07 Castilla y León;081 XV.Embarazo, parto y puerperio;De 75 a 79 años;Hombres;0
Total Nacional;07 Castilla y León;081 XV.Embarazo, parto y puerperio;De 75 a 79 años;Mujeres;0
Total Nacional;07 Castilla y León;081 XV.Embarazo, parto y puerperio;De 80 a 84 años;Hombres;0
Total Nacional;07 Castilla y León;081 XV.Embarazo, parto y puerperio;De 80 a 84 años;Mujeres;0
Total Nacional;07 Castilla y León;081 XV.Embarazo, parto y puerperio;De 85 a 89 años;Hombres;0
Total Nacional;07 Castilla y León;081 XV.Embarazo, parto y puerperio;De 85 a 89 años;Mujeres;0
Total Nacional;07 Castilla y León;081 XV.Embarazo, parto y puerperio;De 90 a 94 años;Hombres;0
Total Nacional;07 Castilla y León;081 XV.Embarazo, parto y puerperio;De 90 a 94 años;Mujeres;0
Total Nacional;07 Castilla y León;081 XV.Embarazo, parto y puerperio;De 95 años y más;Hombres;0
Total Nacional;07 Castilla y León;081 XV.Embarazo, parto y puerperio;De 95 años y más;Mujeres;0
Total Nacional;07 Castilla y León;082 XVI.Afecciones originadas en el periodo perinatal;De 1 a 14 años;Hombres;0
Total Nacional;07 Castilla y León;082 XVI.Afecciones originadas en el periodo perinatal;De 1 a 14 años;Mujeres;0
Total Nacional;07 Castilla y León;082 XVI.Afecciones originadas en el periodo perinatal;De 15 a 29 años;Hombres;1
Total Nacional;07 Castilla y León;082 XVI.Afecciones originadas en el periodo perinatal;De 15 a 29 años;Mujeres;0
Total Nacional;07 Castilla y León;082 XVI.Afecciones originadas en el periodo perinatal;De 30 a 39 años;Hombres;0
Total Nacional;07 Castilla y León;082 XVI.Afecciones originadas en el periodo perinatal;De 30 a 39 años;Mujeres;0
Total Nacional;07 Castilla y León;082 XVI.Afecciones originadas en el periodo perinatal;De 40 a 44 años;Hombres;0
Total Nacional;07 Castilla y León;082 XVI.Afecciones originadas en el periodo perinatal;De 40 a 44 años;Mujeres;0
Total Nacional;07 Castilla y León;082 XVI.Afecciones originadas en el periodo perinatal;De 45 a 49 años;Hombres;0
Total Nacional;07 Castilla y León;082 XVI.Afecciones originadas en el periodo perinatal;De 45 a 49 años;Mujeres;2
Total Nacional;07 Castilla y León;082 XVI.Afecciones originadas en el periodo perinatal;De 50 a 54 años;Hombres;0
Total Nacional;07 Castilla y León;082 XVI.Afecciones originadas en el periodo perinatal;De 50 a 54 años;Mujeres;0
Total Nacional;07 Castilla y León;082 XVI.Afecciones originadas en el periodo perinatal;De 55 a 59 años;Hombres;0
Total Nacional;07 Castilla y León;082 XVI.Afecciones originadas en el periodo perinatal;De 55 a 59 años;Mujeres;0
Total Nacional;07 Castilla y León;082 XVI.Afecciones originadas en el periodo perinatal;De 60 a 64 años;Hombres;0
Total Nacional;07 Castilla y León;082 XVI.Afecciones originadas en el periodo perinatal;De 60 a 64 años;Mujeres;0
Total Nacional;07 Castilla y León;082 XVI.Afecciones originadas en el periodo perinatal;De 65 a 69 años;Hombres;1
Total Nacional;07 Castilla y León;082 XVI.Afecciones originadas en el periodo perinatal;De 65 a 69 años;Mujeres;0
Total Nacional;07 Castilla y León;082 XVI.Afecciones originadas en el periodo perinatal;De 70 a 74 años;Hombres;0
Total Nacional;07 Castilla y León;082 XVI.Afecciones originadas en el periodo perinatal;De 70 a 74 años;Mujeres;0
Total Nacional;07 Castilla y León;082 XVI.Afecciones originadas en el periodo perinatal;De 75 a 79 años;Hombres;0
Total Nacional;07 Castilla y León;082 XVI.Afecciones originadas en el periodo perinatal;De 75 a 79 años;Mujeres;0
Total Nacional;07 Castilla y León;082 XVI.Afecciones originadas en el periodo perinatal;De 80 a 84 años;Hombres;0
Total Nacional;07 Castilla y León;082 XVI.Afecciones originadas en el periodo perinatal;De 80 a 84 años;Mujeres;0
Total Nacional;07 Castilla y León;082 XVI.Afecciones originadas en el periodo perinatal;De 85 a 89 años;Hombres;0
Total Nacional;07 Castilla y León;082 XVI.Afecciones originadas en el periodo perinatal;De 85 a 89 años;Mujeres;0
Total Nacional;07 Castilla y León;082 XVI.Afecciones originadas en el periodo perinatal;De 90 a 94 años;Hombres;0
Total Nacional;07 Castilla y León;082 XVI.Afecciones originadas en el periodo perinatal;De 90 a 94 años;Mujeres;0
Total Nacional;07 Castilla y León;082 XVI.Afecciones originadas en el periodo perinatal;De 95 años y más;Hombres;0
Total Nacional;07 Castilla y León;082 XVI.Afecciones originadas en el periodo perinatal;De 95 años y más;Mujeres;0
Total Nacional;07 Castilla y León;083-085 XVII.Malformaciones congénitas, deformidades y anomalías cromosómicas;De 1 a 14 años;Hombres;1
Total Nacional;07 Castilla y León;083-085 XVII.Malformaciones congénitas, deformidades y anomalías cromosómicas;De 1 a 14 años;Mujeres;0
Total Nacional;07 Castilla y León;083-085 XVII.Malformaciones congénitas, deformidades y anomalías cromosómicas;De 15 a 29 años;Hombres;3
Total Nacional;07 Castilla y León;083-085 XVII.Malformaciones congénitas, deformidades y anomalías cromosómicas;De 15 a 29 años;Mujeres;2
Total Nacional;07 Castilla y León;083-085 XVII.Malformaciones congénitas, deformidades y anomalías cromosómicas;De 30 a 39 años;Hombres;0
Total Nacional;07 Castilla y León;083-085 XVII.Malformaciones congénitas, deformidades y anomalías cromosómicas;De 30 a 39 años;Mujeres;1
Total Nacional;07 Castilla y León;083-085 XVII.Malformaciones congénitas, deformidades y anomalías cromosómicas;De 40 a 44 años;Hombres;0
Total Nacional;07 Castilla y León;083-085 XVII.Malformaciones congénitas, deformidades y anomalías cromosómicas;De 40 a 44 años;Mujeres;2
Total Nacional;07 Castilla y León;083-085 XVII.Malformaciones congénitas, deformidades y anomalías cromosómicas;De 45 a 49 años;Hombres;1
Total Nacional;07 Castilla y León;083-085 XVII.Malformaciones congénitas, deformidades y anomalías cromosómicas;De 45 a 49 años;Mujeres;5
Total Nacional;07 Castilla y León;083-085 XVII.Malformaciones congénitas, deformidades y anomalías cromosómicas;De 50 a 54 años;Hombres;2
Total Nacional;07 Castilla y León;083-085 XVII.Malformaciones congénitas, deformidades y anomalías cromosómicas;De 50 a 54 años;Mujeres;4
Total Nacional;07 Castilla y León;083-085 XVII.Malformaciones congénitas, deformidades y anomalías cromosómicas;De 55 a 59 años;Hombres;5
Total Nacional;07 Castilla y León;083-085 XVII.Malformaciones congénitas, deformidades y anomalías cromosómicas;De 55 a 59 años;Mujeres;3
Total Nacional;07 Castilla y León;083-085 XVII.Malformaciones congénitas, deformidades y anomalías cromosómicas;De 60 a 64 años;Hombres;2
Total Nacional;07 Castilla y León;083-085 XVII.Malformaciones congénitas, deformidades y anomalías cromosómicas;De 60 a 64 años;Mujeres;5
Total Nacional;07 Castilla y León;083-085 XVII.Malformaciones congénitas, deformidades y anomalías cromosómicas;De 65 a 69 años;Hombres;5
Total Nacional;07 Castilla y León;083-085 XVII.Malformaciones congénitas, deformidades y anomalías cromosómicas;De 65 a 69 años;Mujeres;7
Total Nacional;07 Castilla y León;083-085 XVII.Malformaciones congénitas, deformidades y anomalías cromosómicas;De 70 a 74 años;Hombres;1
Total Nacional;07 Castilla y León;083-085 XVII.Malformaciones congénitas, deformidades y anomalías cromosómicas;De 70 a 74 años;Mujeres;0
Total Nacional;07 Castilla y León;083-085 XVII.Malformaciones congénitas, deformidades y anomalías cromosómicas;De 75 a 79 años;Hombres;3
Total Nacional;07 Castilla y León;083-085 XVII.Malformaciones congénitas, deformidades y anomalías cromosómicas;De 75 a 79 años;Mujeres;2
Total Nacional;07 Castilla y León;083-085 XVII.Malformaciones congénitas, deformidades y anomalías cromosómicas;De 80 a 84 años;Hombres;4
Total Nacional;07 Castilla y León;083-085 XVII.Malformaciones congénitas, deformidades y anomalías cromosómicas;De 80 a 84 años;Mujeres;3
Total Nacional;07 Castilla y León;083-085 XVII.Malformaciones congénitas, deformidades y anomalías cromosómicas;De 85 a 89 años;Hombres;1
Total Nacional;07 Castilla y León;083-085 XVII.Malformaciones congénitas, deformidades y anomalías cromosómicas;De 85 a 89 años;Mujeres;1
Total Nacional;07 Castilla y León;083-085 XVII.Malformaciones congénitas, deformidades y anomalías cromosómicas;De 90 a 94 años;Hombres;1
Total Nacional;07 Castilla y León;083-085 XVII.Malformaciones congénitas, deformidades y anomalías cromosómicas;De 90 a 94 años;Mujeres;1
Total Nacional;07 Castilla y León;083-085 XVII.Malformaciones congénitas, deformidades y anomalías cromosómicas;De 95 años y más;Hombres;0
Total Nacional;07 Castilla y León;083-085 XVII.Malformaciones congénitas, deformidades y anomalías cromosómicas;De 95 años y más;Mujeres;1
Total Nacional;07 Castilla y León;086-089 XVIII.Síntomas, signos y hallazgos anormales clínicos y de laboratorio, no clasificados en otra parte;De 1 a 14 años;Hombres;1
Total Nacional;07 Castilla y León;086-089 XVIII.Síntomas, signos y hallazgos anormales clínicos y de laboratorio, no clasificados en otra parte;De 1 a 14 años;Mujeres;0
Total Nacional;07 Castilla y León;086-089 XVIII.Síntomas, signos y hallazgos anormales clínicos y de laboratorio, no clasificados en otra parte;De 15 a 29 años;Hombres;0
Total Nacional;07 Castilla y León;086-089 XVIII.Síntomas, signos y hallazgos anormales clínicos y de laboratorio, no clasificados en otra parte;De 15 a 29 años;Mujeres;0
Total Nacional;07 Castilla y León;086-089 XVIII.Síntomas, signos y hallazgos anormales clínicos y de laboratorio, no clasificados en otra parte;De 30 a 39 años;Hombres;4
Total Nacional;07 Castilla y León;086-089 XVIII.Síntomas, signos y hallazgos anormales clínicos y de laboratorio, no clasificados en otra parte;De 30 a 39 años;Mujeres;0
Total Nacional;07 Castilla y León;086-089 XVIII.Síntomas, signos y hallazgos anormales clínicos y de laboratorio, no clasificados en otra parte;De 40 a 44 años;Hombres;2
Total Nacional;07 Castilla y León;086-089 XVIII.Síntomas, signos y hallazgos anormales clínicos y de laboratorio, no clasificados en otra parte;De 40 a 44 años;Mujeres;1
Total Nacional;07 Castilla y León;086-089 XVIII.Síntomas, signos y hallazgos anormales clínicos y de laboratorio, no clasificados en otra parte;De 45 a 49 años;Hombres;4
Total Nacional;07 Castilla y León;086-089 XVIII.Síntomas, signos y hallazgos anormales clínicos y de laboratorio, no clasificados en otra parte;De 45 a 49 años;Mujeres;1
Total Nacional;07 Castilla y León;086-089 XVIII.Síntomas, signos y hallazgos anormales clínicos y de laboratorio, no clasificados en otra parte;De 50 a 54 años;Hombres;6
Total Nacional;07 Castilla y León;086-089 XVIII.Síntomas, signos y hallazgos anormales clínicos y de laboratorio, no clasificados en otra parte;De 50 a 54 años;Mujeres;4
Total Nacional;07 Castilla y León;086-089 XVIII.Síntomas, signos y hallazgos anormales clínicos y de laboratorio, no clasificados en otra parte;De 55 a 59 años;Hombres;9
Total Nacional;07 Castilla y León;086-089 XVIII.Síntomas, signos y hallazgos anormales clínicos y de laboratorio, no clasificados en otra parte;De 55 a 59 años;Mujeres;6
Total Nacional;07 Castilla y León;086-089 XVIII.Síntomas, signos y hallazgos anormales clínicos y de laboratorio, no clasificados en otra parte;De 60 a 64 años;Hombres;10
Total Nacional;07 Castilla y León;086-089 XVIII.Síntomas, signos y hallazgos anormales clínicos y de laboratorio, no clasificados en otra parte;De 60 a 64 años;Mujeres;1
Total Nacional;07 Castilla y León;086-089 XVIII.Síntomas, signos y hallazgos anormales clínicos y de laboratorio, no clasificados en otra parte;De 65 a 69 años;Hombres;11
Total Nacional;07 Castilla y León;086-089 XVIII.Síntomas, signos y hallazgos anormales clínicos y de laboratorio, no clasificados en otra parte;De 65 a 69 años;Mujeres;6
Total Nacional;07 Castilla y León;086-089 XVIII.Síntomas, signos y hallazgos anormales clínicos y de laboratorio, no clasificados en otra parte;De 70 a 74 años;Hombres;11
Total Nacional;07 Castilla y León;086-089 XVIII.Síntomas, signos y hallazgos anormales clínicos y de laboratorio, no clasificados en otra parte;De 70 a 74 años;Mujeres;11
Total Nacional;07 Castilla y León;086-089 XVIII.Síntomas, signos y hallazgos anormales clínicos y de laboratorio, no clasificados en otra parte;De 75 a 79 años;Hombres;8
Total Nacional;07 Castilla y León;086-089 XVIII.Síntomas, signos y hallazgos anormales clínicos y de laboratorio, no clasificados en otra parte;De 75 a 79 años;Mujeres;6
Total Nacional;07 Castilla y León;086-089 XVIII.Síntomas, signos y hallazgos anormales clínicos y de laboratorio, no clasificados en otra parte;De 80 a 84 años;Hombres;15
Total Nacional;07 Castilla y León;086-089 XVIII.Síntomas, signos y hallazgos anormales clínicos y de laboratorio, no clasificados en otra parte;De 80 a 84 años;Mujeres;15
Total Nacional;07 Castilla y León;086-089 XVIII.Síntomas, signos y hallazgos anormales clínicos y de laboratorio, no clasificados en otra parte;De 85 a 89 años;Hombres;34
Total Nacional;07 Castilla y León;086-089 XVIII.Síntomas, signos y hallazgos anormales clínicos y de laboratorio, no clasificados en otra parte;De 85 a 89 años;Mujeres;36
Total Nacional;07 Castilla y León;086-089 XVIII.Síntomas, signos y hallazgos anormales clínicos y de laboratorio, no clasificados en otra parte;De 90 a 94 años;Hombres;26
Total Nacional;07 Castilla y León;086-089 XVIII.Síntomas, signos y hallazgos anormales clínicos y de laboratorio, no clasificados en otra parte;De 90 a 94 años;Mujeres;80
Total Nacional;07 Castilla y León;086-089 XVIII.Síntomas, signos y hallazgos anormales clínicos y de laboratorio, no clasificados en otra parte;De 95 años y más;Hombres;44
Total Nacional;07 Castilla y León;086-089 XVIII.Síntomas, signos y hallazgos anormales clínicos y de laboratorio, no clasificados en otra parte;De 95 años y más;Mujeres;112
Total Nacional;07 Castilla y León;090-102 XX.Causas externas de mortalidad;De 1 a 14 años;Hombres;2
Total Nacional;07 Castilla y León;090-102 XX.Causas externas de mortalidad;De 1 a 14 años;Mujeres;1
Total Nacional;07 Castilla y León;090-102 XX.Causas externas de mortalidad;De 15 a 29 años;Hombres;31
Total Nacional;07 Castilla y León;090-102 XX.Causas externas de mortalidad;De 15 a 29 años;Mujeres;9
Total Nacional;07 Castilla y León;090-102 XX.Causas externas de mortalidad;De 30 a 39 años;Hombres;45
Total Nacional;07 Castilla y León;090-102 XX.Causas externas de mortalidad;De 30 a 39 años;Mujeres;8
Total Nacional;07 Castilla y León;090-102 XX.Causas externas de mortalidad;De 40 a 44 años;Hombres;21
Total Nacional;07 Castilla y León;090-102 XX.Causas externas de mortalidad;De 40 a 44 años;Mujeres;10
Total Nacional;07 Castilla y León;090-102 XX.Causas externas de mortalidad;De 45 a 49 años;Hombres;37
Total Nacional;07 Castilla y León;090-102 XX.Causas externas de mortalidad;De 45 a 49 años;Mujeres;13
Total Nacional;07 Castilla y León;090-102 XX.Causas externas de mortalidad;De 50 a 54 años;Hombres;42
Total Nacional;07 Castilla y León;090-102 XX.Causas externas de mortalidad;De 50 a 54 años;Mujeres;15
Total Nacional;07 Castilla y León;090-102 XX.Causas externas de mortalidad;De 55 a 59 años;Hombres;45
Total Nacional;07 Castilla y León;090-102 XX.Causas externas de mortalidad;De 55 a 59 años;Mujeres;14
Total Nacional;07 Castilla y León;090-102 XX.Causas externas de mortalidad;De 60 a 64 años;Hombres;37
Total Nacional;07 Castilla y León;090-102 XX.Causas externas de mortalidad;De 60 a 64 años;Mujeres;18
Total Nacional;07 Castilla y León;090-102 XX.Causas externas de mortalidad;De 65 a 69 años;Hombres;40
Total Nacional;07 Castilla y León;090-102 XX.Causas externas de mortalidad;De 65 a 69 años;Mujeres;17
Total Nacional;07 Castilla y León;090-102 XX.Causas externas de mortalidad;De 70 a 74 años;Hombres;44
Total Nacional;07 Castilla y León;090-102 XX.Causas externas de mortalidad;De 70 a 74 años;Mujeres;19
Total Nacional;07 Castilla y León;090-102 XX.Causas externas de mortalidad;De 75 a 79 años;Hombres;81
Total Nacional;07 Castilla y León;090-102 XX.Causas externas de mortalidad;De 75 a 79 años;Mujeres;29
Total Nacional;07 Castilla y León;090-102 XX.Causas externas de mortalidad;De 80 a 84 años;Hombres;91
Total Nacional;07 Castilla y León;090-102 XX.Causas externas de mortalidad;De 80 a 84 años;Mujeres;55
Total Nacional;07 Castilla y León;090-102 XX.Causas externas de mortalidad;De 85 a 89 años;Hombres;116
Total Nacional;07 Castilla y León;090-102 XX.Causas externas de mortalidad;De 85 a 89 años;Mujeres;81
Total Nacional;07 Castilla y León;090-102 XX.Causas externas de mortalidad;De 90 a 94 años;Hombres;99
Total Nacional;07 Castilla y León;090-102 XX.Causas externas de mortalidad;De 90 a 94 años;Mujeres;138
Total Nacional;07 Castilla y León;090-102 XX.Causas externas de mortalidad;De 95 años y más;Hombres;44
Total Nacional;07 Castilla y León;090-102 XX.Causas externas de mortalidad;De 95 años y más;Mujeres;86
Total Nacional;08 Castilla - La Mancha;001-008 I.Enfermedades infecciosas y parasitarias;De 1 a 14 años;Hombres;0
Total Nacional;08 Castilla - La Mancha;001-008 I.Enfermedades infecciosas y parasitarias;De 1 a 14 años;Mujeres;0
Total Nacional;08 Castilla - La Mancha;001-008 I.Enfermedades infecciosas y parasitarias;De 15 a 29 años;Hombres;1
Total Nacional;08 Castilla - La Mancha;001-008 I.Enfermedades infecciosas y parasitarias;De 15 a 29 años;Mujeres;2
Total Nacional;08 Castilla - La Mancha;001-008 I.Enfermedades infecciosas y parasitarias;De 30 a 39 años;Hombres;0
Total Nacional;08 Castilla - La Mancha;001-008 I.Enfermedades infecciosas y parasitarias;De 30 a 39 años;Mujeres;0
Total Nacional;08 Castilla - La Mancha;001-008 I.Enfermedades infecciosas y parasitarias;De 40 a 44 años;Hombres;1
Total Nacional;08 Castilla - La Mancha;001-008 I.Enfermedades infecciosas y parasitarias;De 40 a 44 años;Mujeres;1
Total Nacional;08 Castilla - La Mancha;001-008 I.Enfermedades infecciosas y parasitarias;De 45 a 49 años;Hombres;2
Total Nacional;08 Castilla - La Mancha;001-008 I.Enfermedades infecciosas y parasitarias;De 45 a 49 años;Mujeres;2
Total Nacional;08 Castilla - La Mancha;001-008 I.Enfermedades infecciosas y parasitarias;De 50 a 54 años;Hombres;7
Total Nacional;08 Castilla - La Mancha;001-008 I.Enfermedades infecciosas y parasitarias;De 50 a 54 años;Mujeres;2
Total Nacional;08 Castilla - La Mancha;001-008 I.Enfermedades infecciosas y parasitarias;De 55 a 59 años;Hombres;8
Total Nacional;08 Castilla - La Mancha;001-008 I.Enfermedades infecciosas y parasitarias;De 55 a 59 años;Mujeres;4
Total Nacional;08 Castilla - La Mancha;001-008 I.Enfermedades infecciosas y parasitarias;De 60 a 64 años;Hombres;13
Total Nacional;08 Castilla - La Mancha;001-008 I.Enfermedades infecciosas y parasitarias;De 60 a 64 años;Mujeres;5
Total Nacional;08 Castilla - La Mancha;001-008 I.Enfermedades infecciosas y parasitarias;De 65 a 69 años;Hombres;22
Total Nacional;08 Castilla - La Mancha;001-008 I.Enfermedades infecciosas y parasitarias;De 65 a 69 años;Mujeres;4
Total Nacional;08 Castilla - La Mancha;001-008 I.Enfermedades infecciosas y parasitarias;De 70 a 74 años;Hombres;24
Total Nacional;08 Castilla - La Mancha;001-008 I.Enfermedades infecciosas y parasitarias;De 70 a 74 años;Mujeres;8
Total Nacional;08 Castilla - La Mancha;001-008 I.Enfermedades infecciosas y parasitarias;De 75 a 79 años;Hombres;38
Total Nacional;08 Castilla - La Mancha;001-008 I.Enfermedades infecciosas y parasitarias;De 75 a 79 años;Mujeres;18
Total Nacional;08 Castilla - La Mancha;001-008 I.Enfermedades infecciosas y parasitarias;De 80 a 84 años;Hombres;34
Total Nacional;08 Castilla - La Mancha;001-008 I.Enfermedades infecciosas y parasitarias;De 80 a 84 años;Mujeres;44
Total Nacional;08 Castilla - La Mancha;001-008 I.Enfermedades infecciosas y parasitarias;De 85 a 89 años;Hombres;49
Total Nacional;08 Castilla - La Mancha;001-008 I.Enfermedades infecciosas y parasitarias;De 85 a 89 años;Mujeres;68
Total Nacional;08 Castilla - La Mancha;001-008 I.Enfermedades infecciosas y parasitarias;De 90 a 94 años;Hombres;70
Total Nacional;08 Castilla - La Mancha;001-008 I.Enfermedades infecciosas y parasitarias;De 90 a 94 años;Mujeres;74
Total Nacional;08 Castilla - La Mancha;001-008 I.Enfermedades infecciosas y parasitarias;De 95 años y más;Hombres;21
Total Nacional;08 Castilla - La Mancha;001-008 I.Enfermedades infecciosas y parasitarias;De 95 años y más;Mujeres;37
Total Nacional;08 Castilla - La Mancha;009-041 II.Tumores;De 1 a 14 años;Hombres;7
Total Nacional;08 Castilla - La Mancha;009-041 II.Tumores;De 1 a 14 años;Mujeres;5
Total Nacional;08 Castilla - La Mancha;009-041 II.Tumores;De 15 a 29 años;Hombres;4
Total Nacional;08 Castilla - La Mancha;009-041 II.Tumores;De 15 a 29 años;Mujeres;7
Total Nacional;08 Castilla - La Mancha;009-041 II.Tumores;De 30 a 39 años;Hombres;9
Total Nacional;08 Castilla - La Mancha;009-041 II.Tumores;De 30 a 39 años;Mujeres;15
Total Nacional;08 Castilla - La Mancha;009-041 II.Tumores;De 40 a 44 años;Hombres;16
Total Nacional;08 Castilla - La Mancha;009-041 II.Tumores;De 40 a 44 años;Mujeres;24
Total Nacional;08 Castilla - La Mancha;009-041 II.Tumores;De 45 a 49 años;Hombres;42
Total Nacional;08 Castilla - La Mancha;009-041 II.Tumores;De 45 a 49 años;Mujeres;38
Total Nacional;08 Castilla - La Mancha;009-041 II.Tumores;De 50 a 54 años;Hombres;85
Total Nacional;08 Castilla - La Mancha;009-041 II.Tumores;De 50 a 54 años;Mujeres;66
Total Nacional;08 Castilla - La Mancha;009-041 II.Tumores;De 55 a 59 años;Hombres;163
Total Nacional;08 Castilla - La Mancha;009-041 II.Tumores;De 55 a 59 años;Mujeres;105
Total Nacional;08 Castilla - La Mancha;009-041 II.Tumores;De 60 a 64 años;Hombres;279
Total Nacional;08 Castilla - La Mancha;009-041 II.Tumores;De 60 a 64 años;Mujeres;171
Total Nacional;08 Castilla - La Mancha;009-041 II.Tumores;De 65 a 69 años;Hombres;384
Total Nacional;08 Castilla - La Mancha;009-041 II.Tumores;De 65 a 69 años;Mujeres;176
Total Nacional;08 Castilla - La Mancha;009-041 II.Tumores;De 70 a 74 años;Hombres;377
Total Nacional;08 Castilla - La Mancha;009-041 II.Tumores;De 70 a 74 años;Mujeres;142
Total Nacional;08 Castilla - La Mancha;009-041 II.Tumores;De 75 a 79 años;Hombres;410
Total Nacional;08 Castilla - La Mancha;009-041 II.Tumores;De 75 a 79 años;Mujeres;231
Total Nacional;08 Castilla - La Mancha;009-041 II.Tumores;De 80 a 84 años;Hombres;451
Total Nacional;08 Castilla - La Mancha;009-041 II.Tumores;De 80 a 84 años;Mujeres;281
Total Nacional;08 Castilla - La Mancha;009-041 II.Tumores;De 85 a 89 años;Hombres;397
Total Nacional;08 Castilla - La Mancha;009-041 II.Tumores;De 85 a 89 años;Mujeres;305
Total Nacional;08 Castilla - La Mancha;009-041 II.Tumores;De 90 a 94 años;Hombres;279
Total Nacional;08 Castilla - La Mancha;009-041 II.Tumores;De 90 a 94 años;Mujeres;233
Total Nacional;08 Castilla - La Mancha;009-041 II.Tumores;De 95 años y más;Hombres;74
Total Nacional;08 Castilla - La Mancha;009-041 II.Tumores;De 95 años y más;Mujeres;83
Total Nacional;08 Castilla - La Mancha;050-052 VI-VIII.Enfermedades del sistema nervioso y de los órganos de los sentidos;De 1 a 14 años;Hombres;3
Total Nacional;08 Castilla - La Mancha;050-052 VI-VIII.Enfermedades del sistema nervioso y de los órganos de los sentidos;De 1 a 14 años;Mujeres;0
Total Nacional;08 Castilla - La Mancha;050-052 VI-VIII.Enfermedades del sistema nervioso y de los órganos de los sentidos;De 15 a 29 años;Hombres;2
Total Nacional;08 Castilla - La Mancha;050-052 VI-VIII.Enfermedades del sistema nervioso y de los órganos de los sentidos;De 15 a 29 años;Mujeres;1
Total Nacional;08 Castilla - La Mancha;050-052 VI-VIII.Enfermedades del sistema nervioso y de los órganos de los sentidos;De 30 a 39 años;Hombres;4
Total Nacional;08 Castilla - La Mancha;050-052 VI-VIII.Enfermedades del sistema nervioso y de los órganos de los sentidos;De 30 a 39 años;Mujeres;2
Total Nacional;08 Castilla - La Mancha;050-052 VI-VIII.Enfermedades del sistema nervioso y de los órganos de los sentidos;De 40 a 44 años;Hombres;3
Total Nacional;08 Castilla - La Mancha;050-052 VI-VIII.Enfermedades del sistema nervioso y de los órganos de los sentidos;De 40 a 44 años;Mujeres;2
Total Nacional;08 Castilla - La Mancha;050-052 VI-VIII.Enfermedades del sistema nervioso y de los órganos de los sentidos;De 45 a 49 años;Hombres;3
Total Nacional;08 Castilla - La Mancha;050-052 VI-VIII.Enfermedades del sistema nervioso y de los órganos de los sentidos;De 45 a 49 años;Mujeres;6
Total Nacional;08 Castilla - La Mancha;050-052 VI-VIII.Enfermedades del sistema nervioso y de los órganos de los sentidos;De 50 a 54 años;Hombres;4
Total Nacional;08 Castilla - La Mancha;050-052 VI-VIII.Enfermedades del sistema nervioso y de los órganos de los sentidos;De 50 a 54 años;Mujeres;8
Total Nacional;08 Castilla - La Mancha;050-052 VI-VIII.Enfermedades del sistema nervioso y de los órganos de los sentidos;De 55 a 59 años;Hombres;14
Total Nacional;08 Castilla - La Mancha;050-052 VI-VIII.Enfermedades del sistema nervioso y de los órganos de los sentidos;De 55 a 59 años;Mujeres;18
Total Nacional;08 Castilla - La Mancha;050-052 VI-VIII.Enfermedades del sistema nervioso y de los órganos de los sentidos;De 60 a 64 años;Hombres;14
Total Nacional;08 Castilla - La Mancha;050-052 VI-VIII.Enfermedades del sistema nervioso y de los órganos de los sentidos;De 60 a 64 años;Mujeres;22
Total Nacional;08 Castilla - La Mancha;050-052 VI-VIII.Enfermedades del sistema nervioso y de los órganos de los sentidos;De 65 a 69 años;Hombres;27
Total Nacional;08 Castilla - La Mancha;050-052 VI-VIII.Enfermedades del sistema nervioso y de los órganos de los sentidos;De 65 a 69 años;Mujeres;11
Total Nacional;08 Castilla - La Mancha;050-052 VI-VIII.Enfermedades del sistema nervioso y de los órganos de los sentidos;De 70 a 74 años;Hombres;33
Total Nacional;08 Castilla - La Mancha;050-052 VI-VIII.Enfermedades del sistema nervioso y de los órganos de los sentidos;De 70 a 74 años;Mujeres;28
Total Nacional;08 Castilla - La Mancha;050-052 VI-VIII.Enfermedades del sistema nervioso y de los órganos de los sentidos;De 75 a 79 años;Hombres;54
Total Nacional;08 Castilla - La Mancha;050-052 VI-VIII.Enfermedades del sistema nervioso y de los órganos de los sentidos;De 75 a 79 años;Mujeres;60
Total Nacional;08 Castilla - La Mancha;050-052 VI-VIII.Enfermedades del sistema nervioso y de los órganos de los sentidos;De 80 a 84 años;Hombres;68
Total Nacional;08 Castilla - La Mancha;050-052 VI-VIII.Enfermedades del sistema nervioso y de los órganos de los sentidos;De 80 a 84 años;Mujeres;87
Total Nacional;08 Castilla - La Mancha;050-052 VI-VIII.Enfermedades del sistema nervioso y de los órganos de los sentidos;De 85 a 89 años;Hombres;73
Total Nacional;08 Castilla - La Mancha;050-052 VI-VIII.Enfermedades del sistema nervioso y de los órganos de los sentidos;De 85 a 89 años;Mujeres;109
Total Nacional;08 Castilla - La Mancha;050-052 VI-VIII.Enfermedades del sistema nervioso y de los órganos de los sentidos;De 90 a 94 años;Hombres;51
Total Nacional;08 Castilla - La Mancha;050-052 VI-VIII.Enfermedades del sistema nervioso y de los órganos de los sentidos;De 90 a 94 años;Mujeres;151
Total Nacional;08 Castilla - La Mancha;050-052 VI-VIII.Enfermedades del sistema nervioso y de los órganos de los sentidos;De 95 años y más;Hombres;17
Total Nacional;08 Castilla - La Mancha;050-052 VI-VIII.Enfermedades del sistema nervioso y de los órganos de los sentidos;De 95 años y más;Mujeres;49
Total Nacional;08 Castilla - La Mancha;053-061 IX.Enfermedades del sistema circulatorio;De 1 a 14 años;Hombres;0
Total Nacional;08 Castilla - La Mancha;053-061 IX.Enfermedades del sistema circulatorio;De 1 a 14 años;Mujeres;0
Total Nacional;08 Castilla - La Mancha;053-061 IX.Enfermedades del sistema circulatorio;De 15 a 29 años;Hombres;5
Total Nacional;08 Castilla - La Mancha;053-061 IX.Enfermedades del sistema circulatorio;De 15 a 29 años;Mujeres;1
Total Nacional;08 Castilla - La Mancha;053-061 IX.Enfermedades del sistema circulatorio;De 30 a 39 años;Hombres;15
Total Nacional;08 Castilla - La Mancha;053-061 IX.Enfermedades del sistema circulatorio;De 30 a 39 años;Mujeres;7
Total Nacional;08 Castilla - La Mancha;053-061 IX.Enfermedades del sistema circulatorio;De 40 a 44 años;Hombres;15
Total Nacional;08 Castilla - La Mancha;053-061 IX.Enfermedades del sistema circulatorio;De 40 a 44 años;Mujeres;8
Total Nacional;08 Castilla - La Mancha;053-061 IX.Enfermedades del sistema circulatorio;De 45 a 49 años;Hombres;37
Total Nacional;08 Castilla - La Mancha;053-061 IX.Enfermedades del sistema circulatorio;De 45 a 49 años;Mujeres;10
Total Nacional;08 Castilla - La Mancha;053-061 IX.Enfermedades del sistema circulatorio;De 50 a 54 años;Hombres;55
Total Nacional;08 Castilla - La Mancha;053-061 IX.Enfermedades del sistema circulatorio;De 50 a 54 años;Mujeres;22
Total Nacional;08 Castilla - La Mancha;053-061 IX.Enfermedades del sistema circulatorio;De 55 a 59 años;Hombres;104
Total Nacional;08 Castilla - La Mancha;053-061 IX.Enfermedades del sistema circulatorio;De 55 a 59 años;Mujeres;21
Total Nacional;08 Castilla - La Mancha;053-061 IX.Enfermedades del sistema circulatorio;De 60 a 64 años;Hombres;132
Total Nacional;08 Castilla - La Mancha;053-061 IX.Enfermedades del sistema circulatorio;De 60 a 64 años;Mujeres;30
Total Nacional;08 Castilla - La Mancha;053-061 IX.Enfermedades del sistema circulatorio;De 65 a 69 años;Hombres;142
Total Nacional;08 Castilla - La Mancha;053-061 IX.Enfermedades del sistema circulatorio;De 65 a 69 años;Mujeres;60
Total Nacional;08 Castilla - La Mancha;053-061 IX.Enfermedades del sistema circulatorio;De 70 a 74 años;Hombres;176
Total Nacional;08 Castilla - La Mancha;053-061 IX.Enfermedades del sistema circulatorio;De 70 a 74 años;Mujeres;86
Total Nacional;08 Castilla - La Mancha;053-061 IX.Enfermedades del sistema circulatorio;De 75 a 79 años;Hombres;247
Total Nacional;08 Castilla - La Mancha;053-061 IX.Enfermedades del sistema circulatorio;De 75 a 79 años;Mujeres;163
Total Nacional;08 Castilla - La Mancha;053-061 IX.Enfermedades del sistema circulatorio;De 80 a 84 años;Hombres;307
Total Nacional;08 Castilla - La Mancha;053-061 IX.Enfermedades del sistema circulatorio;De 80 a 84 años;Mujeres;336
Total Nacional;08 Castilla - La Mancha;053-061 IX.Enfermedades del sistema circulatorio;De 85 a 89 años;Hombres;456
Total Nacional;08 Castilla - La Mancha;053-061 IX.Enfermedades del sistema circulatorio;De 85 a 89 años;Mujeres;601
Total Nacional;08 Castilla - La Mancha;053-061 IX.Enfermedades del sistema circulatorio;De 90 a 94 años;Hombres;491
Total Nacional;08 Castilla - La Mancha;053-061 IX.Enfermedades del sistema circulatorio;De 90 a 94 años;Mujeres;749
Total Nacional;08 Castilla - La Mancha;053-061 IX.Enfermedades del sistema circulatorio;De 95 años y más;Hombres;183
Total Nacional;08 Castilla - La Mancha;053-061 IX.Enfermedades del sistema circulatorio;De 95 años y más;Mujeres;531
Total Nacional;08 Castilla - La Mancha;062-067 X.Enfermedades del sistema respiratorio;De 1 a 14 años;Hombres;0
Total Nacional;08 Castilla - La Mancha;062-067 X.Enfermedades del sistema respiratorio;De 1 a 14 años;Mujeres;0
Total Nacional;08 Castilla - La Mancha;062-067 X.Enfermedades del sistema respiratorio;De 15 a 29 años;Hombres;2
Total Nacional;08 Castilla - La Mancha;062-067 X.Enfermedades del sistema respiratorio;De 15 a 29 años;Mujeres;0
Total Nacional;08 Castilla - La Mancha;062-067 X.Enfermedades del sistema respiratorio;De 30 a 39 años;Hombres;3
Total Nacional;08 Castilla - La Mancha;062-067 X.Enfermedades del sistema respiratorio;De 30 a 39 años;Mujeres;3
Total Nacional;08 Castilla - La Mancha;062-067 X.Enfermedades del sistema respiratorio;De 40 a 44 años;Hombres;3
Total Nacional;08 Castilla - La Mancha;062-067 X.Enfermedades del sistema respiratorio;De 40 a 44 años;Mujeres;1
Total Nacional;08 Castilla - La Mancha;062-067 X.Enfermedades del sistema respiratorio;De 45 a 49 años;Hombres;4
Total Nacional;08 Castilla - La Mancha;062-067 X.Enfermedades del sistema respiratorio;De 45 a 49 años;Mujeres;0
Total Nacional;08 Castilla - La Mancha;062-067 X.Enfermedades del sistema respiratorio;De 50 a 54 años;Hombres;8
Total Nacional;08 Castilla - La Mancha;062-067 X.Enfermedades del sistema respiratorio;De 50 a 54 años;Mujeres;7
Total Nacional;08 Castilla - La Mancha;062-067 X.Enfermedades del sistema respiratorio;De 55 a 59 años;Hombres;24
Total Nacional;08 Castilla - La Mancha;062-067 X.Enfermedades del sistema respiratorio;De 55 a 59 años;Mujeres;8
Total Nacional;08 Castilla - La Mancha;062-067 X.Enfermedades del sistema respiratorio;De 60 a 64 años;Hombres;32
Total Nacional;08 Castilla - La Mancha;062-067 X.Enfermedades del sistema respiratorio;De 60 a 64 años;Mujeres;17
Total Nacional;08 Castilla - La Mancha;062-067 X.Enfermedades del sistema respiratorio;De 65 a 69 años;Hombres;58
Total Nacional;08 Castilla - La Mancha;062-067 X.Enfermedades del sistema respiratorio;De 65 a 69 años;Mujeres;33
Total Nacional;08 Castilla - La Mancha;062-067 X.Enfermedades del sistema respiratorio;De 70 a 74 años;Hombres;108
Total Nacional;08 Castilla - La Mancha;062-067 X.Enfermedades del sistema respiratorio;De 70 a 74 años;Mujeres;34
Total Nacional;08 Castilla - La Mancha;062-067 X.Enfermedades del sistema respiratorio;De 75 a 79 años;Hombres;169
Total Nacional;08 Castilla - La Mancha;062-067 X.Enfermedades del sistema respiratorio;De 75 a 79 años;Mujeres;73
Total Nacional;08 Castilla - La Mancha;062-067 X.Enfermedades del sistema respiratorio;De 80 a 84 años;Hombres;240
Total Nacional;08 Castilla - La Mancha;062-067 X.Enfermedades del sistema respiratorio;De 80 a 84 años;Mujeres;133
Total Nacional;08 Castilla - La Mancha;062-067 X.Enfermedades del sistema respiratorio;De 85 a 89 años;Hombres;295
Total Nacional;08 Castilla - La Mancha;062-067 X.Enfermedades del sistema respiratorio;De 85 a 89 años;Mujeres;280
Total Nacional;08 Castilla - La Mancha;062-067 X.Enfermedades del sistema respiratorio;De 90 a 94 años;Hombres;311
Total Nacional;08 Castilla - La Mancha;062-067 X.Enfermedades del sistema respiratorio;De 90 a 94 años;Mujeres;388
Total Nacional;08 Castilla - La Mancha;062-067 X.Enfermedades del sistema respiratorio;De 95 años y más;Hombres;150
Total Nacional;08 Castilla - La Mancha;062-067 X.Enfermedades del sistema respiratorio;De 95 años y más;Mujeres;233
Total Nacional;08 Castilla - La Mancha;068-072 XI.Enfermedades del sistema digestivo;De 1 a 14 años;Hombres;0
Total Nacional;08 Castilla - La Mancha;068-072 XI.Enfermedades del sistema digestivo;De 1 a 14 años;Mujeres;0
Total Nacional;08 Castilla - La Mancha;068-072 XI.Enfermedades del sistema digestivo;De 15 a 29 años;Hombres;0
Total Nacional;08 Castilla - La Mancha;068-072 XI.Enfermedades del sistema digestivo;De 15 a 29 años;Mujeres;1
Total Nacional;08 Castilla - La Mancha;068-072 XI.Enfermedades del sistema digestivo;De 30 a 39 años;Hombres;3
Total Nacional;08 Castilla - La Mancha;068-072 XI.Enfermedades del sistema digestivo;De 30 a 39 años;Mujeres;1
Total Nacional;08 Castilla - La Mancha;068-072 XI.Enfermedades del sistema digestivo;De 40 a 44 años;Hombres;5
Total Nacional;08 Castilla - La Mancha;068-072 XI.Enfermedades del sistema digestivo;De 40 a 44 años;Mujeres;3
Total Nacional;08 Castilla - La Mancha;068-072 XI.Enfermedades del sistema digestivo;De 45 a 49 años;Hombres;14
Total Nacional;08 Castilla - La Mancha;068-072 XI.Enfermedades del sistema digestivo;De 45 a 49 años;Mujeres;4
Total Nacional;08 Castilla - La Mancha;068-072 XI.Enfermedades del sistema digestivo;De 50 a 54 años;Hombres;15
Total Nacional;08 Castilla - La Mancha;068-072 XI.Enfermedades del sistema digestivo;De 50 a 54 años;Mujeres;7
Total Nacional;08 Castilla - La Mancha;068-072 XI.Enfermedades del sistema digestivo;De 55 a 59 años;Hombres;31
Total Nacional;08 Castilla - La Mancha;068-072 XI.Enfermedades del sistema digestivo;De 55 a 59 años;Mujeres;10
Total Nacional;08 Castilla - La Mancha;068-072 XI.Enfermedades del sistema digestivo;De 60 a 64 años;Hombres;39
Total Nacional;08 Castilla - La Mancha;068-072 XI.Enfermedades del sistema digestivo;De 60 a 64 años;Mujeres;11
Total Nacional;08 Castilla - La Mancha;068-072 XI.Enfermedades del sistema digestivo;De 65 a 69 años;Hombres;49
Total Nacional;08 Castilla - La Mancha;068-072 XI.Enfermedades del sistema digestivo;De 65 a 69 años;Mujeres;19
Total Nacional;08 Castilla - La Mancha;068-072 XI.Enfermedades del sistema digestivo;De 70 a 74 años;Hombres;56
Total Nacional;08 Castilla - La Mancha;068-072 XI.Enfermedades del sistema digestivo;De 70 a 74 años;Mujeres;38
Total Nacional;08 Castilla - La Mancha;068-072 XI.Enfermedades del sistema digestivo;De 75 a 79 años;Hombres;57
Total Nacional;08 Castilla - La Mancha;068-072 XI.Enfermedades del sistema digestivo;De 75 a 79 años;Mujeres;40
Total Nacional;08 Castilla - La Mancha;068-072 XI.Enfermedades del sistema digestivo;De 80 a 84 años;Hombres;66
Total Nacional;08 Castilla - La Mancha;068-072 XI.Enfermedades del sistema digestivo;De 80 a 84 años;Mujeres;83
Total Nacional;08 Castilla - La Mancha;068-072 XI.Enfermedades del sistema digestivo;De 85 a 89 años;Hombres;114
Total Nacional;08 Castilla - La Mancha;068-072 XI.Enfermedades del sistema digestivo;De 85 a 89 años;Mujeres;131
Total Nacional;08 Castilla - La Mancha;068-072 XI.Enfermedades del sistema digestivo;De 90 a 94 años;Hombres;93
Total Nacional;08 Castilla - La Mancha;068-072 XI.Enfermedades del sistema digestivo;De 90 a 94 años;Mujeres;161
Total Nacional;08 Castilla - La Mancha;068-072 XI.Enfermedades del sistema digestivo;De 95 años y más;Hombres;29
Total Nacional;08 Castilla - La Mancha;068-072 XI.Enfermedades del sistema digestivo;De 95 años y más;Mujeres;75
Total Nacional;08 Castilla - La Mancha;073 XII.Enfermedades de la piel y del tejido subcutáneo;De 1 a 14 años;Hombres;0
Total Nacional;08 Castilla - La Mancha;073 XII.Enfermedades de la piel y del tejido subcutáneo;De 1 a 14 años;Mujeres;0
Total Nacional;08 Castilla - La Mancha;073 XII.Enfermedades de la piel y del tejido subcutáneo;De 15 a 29 años;Hombres;0
Total Nacional;08 Castilla - La Mancha;073 XII.Enfermedades de la piel y del tejido subcutáneo;De 15 a 29 años;Mujeres;0
Total Nacional;08 Castilla - La Mancha;073 XII.Enfermedades de la piel y del tejido subcutáneo;De 30 a 39 años;Hombres;0
Total Nacional;08 Castilla - La Mancha;073 XII.Enfermedades de la piel y del tejido subcutáneo;De 30 a 39 años;Mujeres;0
Total Nacional;08 Castilla - La Mancha;073 XII.Enfermedades de la piel y del tejido subcutáneo;De 40 a 44 años;Hombres;0
Total Nacional;08 Castilla - La Mancha;073 XII.Enfermedades de la piel y del tejido subcutáneo;De 40 a 44 años;Mujeres;0
Total Nacional;08 Castilla - La Mancha;073 XII.Enfermedades de la piel y del tejido subcutáneo;De 45 a 49 años;Hombres;0
Total Nacional;08 Castilla - La Mancha;073 XII.Enfermedades de la piel y del tejido subcutáneo;De 45 a 49 años;Mujeres;0
Total Nacional;08 Castilla - La Mancha;073 XII.Enfermedades de la piel y del tejido subcutáneo;De 50 a 54 años;Hombres;0
Total Nacional;08 Castilla - La Mancha;073 XII.Enfermedades de la piel y del tejido subcutáneo;De 50 a 54 años;Mujeres;1
Total Nacional;08 Castilla - La Mancha;073 XII.Enfermedades de la piel y del tejido subcutáneo;De 55 a 59 años;Hombres;0
Total Nacional;08 Castilla - La Mancha;073 XII.Enfermedades de la piel y del tejido subcutáneo;De 55 a 59 años;Mujeres;0
Total Nacional;08 Castilla - La Mancha;073 XII.Enfermedades de la piel y del tejido subcutáneo;De 60 a 64 años;Hombres;1
Total Nacional;08 Castilla - La Mancha;073 XII.Enfermedades de la piel y del tejido subcutáneo;De 60 a 64 años;Mujeres;0
Total Nacional;08 Castilla - La Mancha;073 XII.Enfermedades de la piel y del tejido subcutáneo;De 65 a 69 años;Hombres;1
Total Nacional;08 Castilla - La Mancha;073 XII.Enfermedades de la piel y del tejido subcutáneo;De 65 a 69 años;Mujeres;0
Total Nacional;08 Castilla - La Mancha;073 XII.Enfermedades de la piel y del tejido subcutáneo;De 70 a 74 años;Hombres;2
Total Nacional;08 Castilla - La Mancha;073 XII.Enfermedades de la piel y del tejido subcutáneo;De 70 a 74 años;Mujeres;1
Total Nacional;08 Castilla - La Mancha;073 XII.Enfermedades de la piel y del tejido subcutáneo;De 75 a 79 años;Hombres;2
Total Nacional;08 Castilla - La Mancha;073 XII.Enfermedades de la piel y del tejido subcutáneo;De 75 a 79 años;Mujeres;2
Total Nacional;08 Castilla - La Mancha;073 XII.Enfermedades de la piel y del tejido subcutáneo;De 80 a 84 años;Hombres;11
Total Nacional;08 Castilla - La Mancha;073 XII.Enfermedades de la piel y del tejido subcutáneo;De 80 a 84 años;Mujeres;7
Total Nacional;08 Castilla - La Mancha;073 XII.Enfermedades de la piel y del tejido subcutáneo;De 85 a 89 años;Hombres;15
Total Nacional;08 Castilla - La Mancha;073 XII.Enfermedades de la piel y del tejido subcutáneo;De 85 a 89 años;Mujeres;19
Total Nacional;08 Castilla - La Mancha;073 XII.Enfermedades de la piel y del tejido subcutáneo;De 90 a 94 años;Hombres;10
Total Nacional;08 Castilla - La Mancha;073 XII.Enfermedades de la piel y del tejido subcutáneo;De 90 a 94 años;Mujeres;28
Total Nacional;08 Castilla - La Mancha;073 XII.Enfermedades de la piel y del tejido subcutáneo;De 95 años y más;Hombres;4
Total Nacional;08 Castilla - La Mancha;073 XII.Enfermedades de la piel y del tejido subcutáneo;De 95 años y más;Mujeres;14
Total Nacional;08 Castilla - La Mancha;074-076 XIII.Enfermedades del sistema osteomuscular y del tejido conjuntivo;De 1 a 14 años;Hombres;0
Total Nacional;08 Castilla - La Mancha;074-076 XIII.Enfermedades del sistema osteomuscular y del tejido conjuntivo;De 1 a 14 años;Mujeres;0
Total Nacional;08 Castilla - La Mancha;074-076 XIII.Enfermedades del sistema osteomuscular y del tejido conjuntivo;De 15 a 29 años;Hombres;0
Total Nacional;08 Castilla - La Mancha;074-076 XIII.Enfermedades del sistema osteomuscular y del tejido conjuntivo;De 15 a 29 años;Mujeres;0
Total Nacional;08 Castilla - La Mancha;074-076 XIII.Enfermedades del sistema osteomuscular y del tejido conjuntivo;De 30 a 39 años;Hombres;0
Total Nacional;08 Castilla - La Mancha;074-076 XIII.Enfermedades del sistema osteomuscular y del tejido conjuntivo;De 30 a 39 años;Mujeres;0
Total Nacional;08 Castilla - La Mancha;074-076 XIII.Enfermedades del sistema osteomuscular y del tejido conjuntivo;De 40 a 44 años;Hombres;1
Total Nacional;08 Castilla - La Mancha;074-076 XIII.Enfermedades del sistema osteomuscular y del tejido conjuntivo;De 40 a 44 años;Mujeres;0
Total Nacional;08 Castilla - La Mancha;074-076 XIII.Enfermedades del sistema osteomuscular y del tejido conjuntivo;De 45 a 49 años;Hombres;1
Total Nacional;08 Castilla - La Mancha;074-076 XIII.Enfermedades del sistema osteomuscular y del tejido conjuntivo;De 45 a 49 años;Mujeres;0
Total Nacional;08 Castilla - La Mancha;074-076 XIII.Enfermedades del sistema osteomuscular y del tejido conjuntivo;De 50 a 54 años;Hombres;0
Total Nacional;08 Castilla - La Mancha;074-076 XIII.Enfermedades del sistema osteomuscular y del tejido conjuntivo;De 50 a 54 años;Mujeres;0
Total Nacional;08 Castilla - La Mancha;074-076 XIII.Enfermedades del sistema osteomuscular y del tejido conjuntivo;De 55 a 59 años;Hombres;0
Total Nacional;08 Castilla - La Mancha;074-076 XIII.Enfermedades del sistema osteomuscular y del tejido conjuntivo;De 55 a 59 años;Mujeres;1
Total Nacional;08 Castilla - La Mancha;074-076 XIII.Enfermedades del sistema osteomuscular y del tejido conjuntivo;De 60 a 64 años;Hombres;4
Total Nacional;08 Castilla - La Mancha;074-076 XIII.Enfermedades del sistema osteomuscular y del tejido conjuntivo;De 60 a 64 años;Mujeres;1
Total Nacional;08 Castilla - La Mancha;074-076 XIII.Enfermedades del sistema osteomuscular y del tejido conjuntivo;De 65 a 69 años;Hombres;1
Total Nacional;08 Castilla - La Mancha;074-076 XIII.Enfermedades del sistema osteomuscular y del tejido conjuntivo;De 65 a 69 años;Mujeres;3
Total Nacional;08 Castilla - La Mancha;074-076 XIII.Enfermedades del sistema osteomuscular y del tejido conjuntivo;De 70 a 74 años;Hombres;4
Total Nacional;08 Castilla - La Mancha;074-076 XIII.Enfermedades del sistema osteomuscular y del tejido conjuntivo;De 70 a 74 años;Mujeres;3
Total Nacional;08 Castilla - La Mancha;074-076 XIII.Enfermedades del sistema osteomuscular y del tejido conjuntivo;De 75 a 79 años;Hombres;5
Total Nacional;08 Castilla - La Mancha;074-076 XIII.Enfermedades del sistema osteomuscular y del tejido conjuntivo;De 75 a 79 años;Mujeres;6
Total Nacional;08 Castilla - La Mancha;074-076 XIII.Enfermedades del sistema osteomuscular y del tejido conjuntivo;De 80 a 84 años;Hombres;11
Total Nacional;08 Castilla - La Mancha;074-076 XIII.Enfermedades del sistema osteomuscular y del tejido conjuntivo;De 80 a 84 años;Mujeres;22
Total Nacional;08 Castilla - La Mancha;074-076 XIII.Enfermedades del sistema osteomuscular y del tejido conjuntivo;De 85 a 89 años;Hombres;22
Total Nacional;08 Castilla - La Mancha;074-076 XIII.Enfermedades del sistema osteomuscular y del tejido conjuntivo;De 85 a 89 años;Mujeres;40
Total Nacional;08 Castilla - La Mancha;074-076 XIII.Enfermedades del sistema osteomuscular y del tejido conjuntivo;De 90 a 94 años;Hombres;18
Total Nacional;08 Castilla - La Mancha;074-076 XIII.Enfermedades del sistema osteomuscular y del tejido conjuntivo;De 90 a 94 años;Mujeres;52
Total Nacional;08 Castilla - La Mancha;074-076 XIII.Enfermedades del sistema osteomuscular y del tejido conjuntivo;De 95 años y más;Hombres;8
Total Nacional;08 Castilla - La Mancha;074-076 XIII.Enfermedades del sistema osteomuscular y del tejido conjuntivo;De 95 años y más;Mujeres;38
Total Nacional;08 Castilla - La Mancha;077-080 XIV.Enfermedades del sistema genitourinario;De 1 a 14 años;Hombres;0
Total Nacional;08 Castilla - La Mancha;077-080 XIV.Enfermedades del sistema genitourinario;De 1 a 14 años;Mujeres;0
Total Nacional;08 Castilla - La Mancha;077-080 XIV.Enfermedades del sistema genitourinario;De 15 a 29 años;Hombres;0
Total Nacional;08 Castilla - La Mancha;077-080 XIV.Enfermedades del sistema genitourinario;De 15 a 29 años;Mujeres;0
Total Nacional;08 Castilla - La Mancha;077-080 XIV.Enfermedades del sistema genitourinario;De 30 a 39 años;Hombres;0
Total Nacional;08 Castilla - La Mancha;077-080 XIV.Enfermedades del sistema genitourinario;De 30 a 39 años;Mujeres;0
Total Nacional;08 Castilla - La Mancha;077-080 XIV.Enfermedades del sistema genitourinario;De 40 a 44 años;Hombres;0
Total Nacional;08 Castilla - La Mancha;077-080 XIV.Enfermedades del sistema genitourinario;De 40 a 44 años;Mujeres;0
Total Nacional;08 Castilla - La Mancha;077-080 XIV.Enfermedades del sistema genitourinario;De 45 a 49 años;Hombres;0
Total Nacional;08 Castilla - La Mancha;077-080 XIV.Enfermedades del sistema genitourinario;De 45 a 49 años;Mujeres;1
Total Nacional;08 Castilla - La Mancha;077-080 XIV.Enfermedades del sistema genitourinario;De 50 a 54 años;Hombres;1
Total Nacional;08 Castilla - La Mancha;077-080 XIV.Enfermedades del sistema genitourinario;De 50 a 54 años;Mujeres;2
Total Nacional;08 Castilla - La Mancha;077-080 XIV.Enfermedades del sistema genitourinario;De 55 a 59 años;Hombres;2
Total Nacional;08 Castilla - La Mancha;077-080 XIV.Enfermedades del sistema genitourinario;De 55 a 59 años;Mujeres;2
Total Nacional;08 Castilla - La Mancha;077-080 XIV.Enfermedades del sistema genitourinario;De 60 a 64 años;Hombres;12
Total Nacional;08 Castilla - La Mancha;077-080 XIV.Enfermedades del sistema genitourinario;De 60 a 64 años;Mujeres;2
Total Nacional;08 Castilla - La Mancha;077-080 XIV.Enfermedades del sistema genitourinario;De 65 a 69 años;Hombres;11
Total Nacional;08 Castilla - La Mancha;077-080 XIV.Enfermedades del sistema genitourinario;De 65 a 69 años;Mujeres;10
Total Nacional;08 Castilla - La Mancha;077-080 XIV.Enfermedades del sistema genitourinario;De 70 a 74 años;Hombres;26
Total Nacional;08 Castilla - La Mancha;077-080 XIV.Enfermedades del sistema genitourinario;De 70 a 74 años;Mujeres;15
Total Nacional;08 Castilla - La Mancha;077-080 XIV.Enfermedades del sistema genitourinario;De 75 a 79 años;Hombres;42
Total Nacional;08 Castilla - La Mancha;077-080 XIV.Enfermedades del sistema genitourinario;De 75 a 79 años;Mujeres;19
Total Nacional;08 Castilla - La Mancha;077-080 XIV.Enfermedades del sistema genitourinario;De 80 a 84 años;Hombres;54
Total Nacional;08 Castilla - La Mancha;077-080 XIV.Enfermedades del sistema genitourinario;De 80 a 84 años;Mujeres;67
Total Nacional;08 Castilla - La Mancha;077-080 XIV.Enfermedades del sistema genitourinario;De 85 a 89 años;Hombres;95
Total Nacional;08 Castilla - La Mancha;077-080 XIV.Enfermedades del sistema genitourinario;De 85 a 89 años;Mujeres;106
Total Nacional;08 Castilla - La Mancha;077-080 XIV.Enfermedades del sistema genitourinario;De 90 a 94 años;Hombres;114
Total Nacional;08 Castilla - La Mancha;077-080 XIV.Enfermedades del sistema genitourinario;De 90 a 94 años;Mujeres;167
Total Nacional;08 Castilla - La Mancha;077-080 XIV.Enfermedades del sistema genitourinario;De 95 años y más;Hombres;56
Total Nacional;08 Castilla - La Mancha;077-080 XIV.Enfermedades del sistema genitourinario;De 95 años y más;Mujeres;94
Total Nacional;08 Castilla - La Mancha;081 XV.Embarazo, parto y puerperio;De 1 a 14 años;Hombres;0
Total Nacional;08 Castilla - La Mancha;081 XV.Embarazo, parto y puerperio;De 1 a 14 años;Mujeres;0
Total Nacional;08 Castilla - La Mancha;081 XV.Embarazo, parto y puerperio;De 15 a 29 años;Hombres;0
Total Nacional;08 Castilla - La Mancha;081 XV.Embarazo, parto y puerperio;De 15 a 29 años;Mujeres;0
Total Nacional;08 Castilla - La Mancha;081 XV.Embarazo, parto y puerperio;De 30 a 39 años;Hombres;0
Total Nacional;08 Castilla - La Mancha;081 XV.Embarazo, parto y puerperio;De 30 a 39 años;Mujeres;0
Total Nacional;08 Castilla - La Mancha;081 XV.Embarazo, parto y puerperio;De 40 a 44 años;Hombres;0
Total Nacional;08 Castilla - La Mancha;081 XV.Embarazo, parto y puerperio;De 40 a 44 años;Mujeres;0
Total Nacional;08 Castilla - La Mancha;081 XV.Embarazo, parto y puerperio;De 45 a 49 años;Hombres;0
Total Nacional;08 Castilla - La Mancha;081 XV.Embarazo, parto y puerperio;De 45 a 49 años;Mujeres;0
Total Nacional;08 Castilla - La Mancha;081 XV.Embarazo, parto y puerperio;De 50 a 54 años;Hombres;0
Total Nacional;08 Castilla - La Mancha;081 XV.Embarazo, parto y puerperio;De 50 a 54 años;Mujeres;0
Total Nacional;08 Castilla - La Mancha;081 XV.Embarazo, parto y puerperio;De 55 a 59 años;Hombres;0
Total Nacional;08 Castilla - La Mancha;081 XV.Embarazo, parto y puerperio;De 55 a 59 años;Mujeres;0
Total Nacional;08 Castilla - La Mancha;081 XV.Embarazo, parto y puerperio;De 60 a 64 años;Hombres;0
Total Nacional;08 Castilla - La Mancha;081 XV.Embarazo, parto y puerperio;De 60 a 64 años;Mujeres;0
Total Nacional;08 Castilla - La Mancha;081 XV.Embarazo, parto y puerperio;De 65 a 69 años;Hombres;0
Total Nacional;08 Castilla - La Mancha;081 XV.Embarazo, parto y puerperio;De 65 a 69 años;Mujeres;0
Total Nacional;08 Castilla - La Mancha;081 XV.Embarazo, parto y puerperio;De 70 a 74 años;Hombres;0
Total Nacional;08 Castilla - La Mancha;081 XV.Embarazo, parto y puerperio;De 70 a 74 años;Mujeres;0
Total Nacional;08 Castilla - La Mancha;081 XV.Embarazo, parto y puerperio;De 75 a 79 años;Hombres;0
Total Nacional;08 Castilla - La Mancha;081 XV.Embarazo, parto y puerperio;De 75 a 79 años;Mujeres;0
Total Nacional;08 Castilla - La Mancha;081 XV.Embarazo, parto y puerperio;De 80 a 84 años;Hombres;0
Total Nacional;08 Castilla - La Mancha;081 XV.Embarazo, parto y puerperio;De 80 a 84 años;Mujeres;0
Total Nacional;08 Castilla - La Mancha;081 XV.Embarazo, parto y puerperio;De 85 a 89 años;Hombres;0
Total Nacional;08 Castilla - La Mancha;081 XV.Embarazo, parto y puerperio;De 85 a 89 años;Mujeres;0
Total Nacional;08 Castilla - La Mancha;081 XV.Embarazo, parto y puerperio;De 90 a 94 años;Hombres;0
Total Nacional;08 Castilla - La Mancha;081 XV.Embarazo, parto y puerperio;De 90 a 94 años;Mujeres;0
Total Nacional;08 Castilla - La Mancha;081 XV.Embarazo, parto y puerperio;De 95 años y más;Hombres;0
Total Nacional;08 Castilla - La Mancha;081 XV.Embarazo, parto y puerperio;De 95 años y más;Mujeres;0
Total Nacional;08 Castilla - La Mancha;082 XVI.Afecciones originadas en el periodo perinatal;De 1 a 14 años;Hombres;0
Total Nacional;08 Castilla - La Mancha;082 XVI.Afecciones originadas en el periodo perinatal;De 1 a 14 años;Mujeres;0
Total Nacional;08 Castilla - La Mancha;082 XVI.Afecciones originadas en el periodo perinatal;De 15 a 29 años;Hombres;1
Total Nacional;08 Castilla - La Mancha;082 XVI.Afecciones originadas en el periodo perinatal;De 15 a 29 años;Mujeres;0
Total Nacional;08 Castilla - La Mancha;082 XVI.Afecciones originadas en el periodo perinatal;De 30 a 39 años;Hombres;0
Total Nacional;08 Castilla - La Mancha;082 XVI.Afecciones originadas en el periodo perinatal;De 30 a 39 años;Mujeres;0
Total Nacional;08 Castilla - La Mancha;082 XVI.Afecciones originadas en el periodo perinatal;De 40 a 44 años;Hombres;0
Total Nacional;08 Castilla - La Mancha;082 XVI.Afecciones originadas en el periodo perinatal;De 40 a 44 años;Mujeres;0
Total Nacional;08 Castilla - La Mancha;082 XVI.Afecciones originadas en el periodo perinatal;De 45 a 49 años;Hombres;0
Total Nacional;08 Castilla - La Mancha;082 XVI.Afecciones originadas en el periodo perinatal;De 45 a 49 años;Mujeres;0
Total Nacional;08 Castilla - La Mancha;082 XVI.Afecciones originadas en el periodo perinatal;De 50 a 54 años;Hombres;0
Total Nacional;08 Castilla - La Mancha;082 XVI.Afecciones originadas en el periodo perinatal;De 50 a 54 años;Mujeres;0
Total Nacional;08 Castilla - La Mancha;082 XVI.Afecciones originadas en el periodo perinatal;De 55 a 59 años;Hombres;0
Total Nacional;08 Castilla - La Mancha;082 XVI.Afecciones originadas en el periodo perinatal;De 55 a 59 años;Mujeres;0
Total Nacional;08 Castilla - La Mancha;082 XVI.Afecciones originadas en el periodo perinatal;De 60 a 64 años;Hombres;0
Total Nacional;08 Castilla - La Mancha;082 XVI.Afecciones originadas en el periodo perinatal;De 60 a 64 años;Mujeres;0
Total Nacional;08 Castilla - La Mancha;082 XVI.Afecciones originadas en el periodo perinatal;De 65 a 69 años;Hombres;0
Total Nacional;08 Castilla - La Mancha;082 XVI.Afecciones originadas en el periodo perinatal;De 65 a 69 años;Mujeres;0
Total Nacional;08 Castilla - La Mancha;082 XVI.Afecciones originadas en el periodo perinatal;De 70 a 74 años;Hombres;0
Total Nacional;08 Castilla - La Mancha;082 XVI.Afecciones originadas en el periodo perinatal;De 70 a 74 años;Mujeres;0
Total Nacional;08 Castilla - La Mancha;082 XVI.Afecciones originadas en el periodo perinatal;De 75 a 79 años;Hombres;0
Total Nacional;08 Castilla - La Mancha;082 XVI.Afecciones originadas en el periodo perinatal;De 75 a 79 años;Mujeres;0
Total Nacional;08 Castilla - La Mancha;082 XVI.Afecciones originadas en el periodo perinatal;De 80 a 84 años;Hombres;0
Total Nacional;08 Castilla - La Mancha;082 XVI.Afecciones originadas en el periodo perinatal;De 80 a 84 años;Mujeres;0
Total Nacional;08 Castilla - La Mancha;082 XVI.Afecciones originadas en el periodo perinatal;De 85 a 89 años;Hombres;0
Total Nacional;08 Castilla - La Mancha;082 XVI.Afecciones originadas en el periodo perinatal;De 85 a 89 años;Mujeres;0
Total Nacional;08 Castilla - La Mancha;082 XVI.Afecciones originadas en el periodo perinatal;De 90 a 94 años;Hombres;0
Total Nacional;08 Castilla - La Mancha;082 XVI.Afecciones originadas en el periodo perinatal;De 90 a 94 años;Mujeres;0
Total Nacional;08 Castilla - La Mancha;082 XVI.Afecciones originadas en el periodo perinatal;De 95 años y más;Hombres;0
Total Nacional;08 Castilla - La Mancha;082 XVI.Afecciones originadas en el periodo perinatal;De 95 años y más;Mujeres;0
Total Nacional;08 Castilla - La Mancha;083-085 XVII.Malformaciones congénitas, deformidades y anomalías cromosómicas;De 1 a 14 años;Hombres;3
Total Nacional;08 Castilla - La Mancha;083-085 XVII.Malformaciones congénitas, deformidades y anomalías cromosómicas;De 1 a 14 años;Mujeres;0
Total Nacional;08 Castilla - La Mancha;083-085 XVII.Malformaciones congénitas, deformidades y anomalías cromosómicas;De 15 a 29 años;Hombres;0
Total Nacional;08 Castilla - La Mancha;083-085 XVII.Malformaciones congénitas, deformidades y anomalías cromosómicas;De 15 a 29 años;Mujeres;1
Total Nacional;08 Castilla - La Mancha;083-085 XVII.Malformaciones congénitas, deformidades y anomalías cromosómicas;De 30 a 39 años;Hombres;1
Total Nacional;08 Castilla - La Mancha;083-085 XVII.Malformaciones congénitas, deformidades y anomalías cromosómicas;De 30 a 39 años;Mujeres;0
Total Nacional;08 Castilla - La Mancha;083-085 XVII.Malformaciones congénitas, deformidades y anomalías cromosómicas;De 40 a 44 años;Hombres;1
Total Nacional;08 Castilla - La Mancha;083-085 XVII.Malformaciones congénitas, deformidades y anomalías cromosómicas;De 40 a 44 años;Mujeres;1
Total Nacional;08 Castilla - La Mancha;083-085 XVII.Malformaciones congénitas, deformidades y anomalías cromosómicas;De 45 a 49 años;Hombres;1
Total Nacional;08 Castilla - La Mancha;083-085 XVII.Malformaciones congénitas, deformidades y anomalías cromosómicas;De 45 a 49 años;Mujeres;2
Total Nacional;08 Castilla - La Mancha;083-085 XVII.Malformaciones congénitas, deformidades y anomalías cromosómicas;De 50 a 54 años;Hombres;1
Total Nacional;08 Castilla - La Mancha;083-085 XVII.Malformaciones congénitas, deformidades y anomalías cromosómicas;De 50 a 54 años;Mujeres;0
Total Nacional;08 Castilla - La Mancha;083-085 XVII.Malformaciones congénitas, deformidades y anomalías cromosómicas;De 55 a 59 años;Hombres;1
Total Nacional;08 Castilla - La Mancha;083-085 XVII.Malformaciones congénitas, deformidades y anomalías cromosómicas;De 55 a 59 años;Mujeres;1
Total Nacional;08 Castilla - La Mancha;083-085 XVII.Malformaciones congénitas, deformidades y anomalías cromosómicas;De 60 a 64 años;Hombres;2
Total Nacional;08 Castilla - La Mancha;083-085 XVII.Malformaciones congénitas, deformidades y anomalías cromosómicas;De 60 a 64 años;Mujeres;1
Total Nacional;08 Castilla - La Mancha;083-085 XVII.Malformaciones congénitas, deformidades y anomalías cromosómicas;De 65 a 69 años;Hombres;1
Total Nacional;08 Castilla - La Mancha;083-085 XVII.Malformaciones congénitas, deformidades y anomalías cromosómicas;De 65 a 69 años;Mujeres;1
Total Nacional;08 Castilla - La Mancha;083-085 XVII.Malformaciones congénitas, deformidades y anomalías cromosómicas;De 70 a 74 años;Hombres;0
Total Nacional;08 Castilla - La Mancha;083-085 XVII.Malformaciones congénitas, deformidades y anomalías cromosómicas;De 70 a 74 años;Mujeres;2
Total Nacional;08 Castilla - La Mancha;083-085 XVII.Malformaciones congénitas, deformidades y anomalías cromosómicas;De 75 a 79 años;Hombres;1
Total Nacional;08 Castilla - La Mancha;083-085 XVII.Malformaciones congénitas, deformidades y anomalías cromosómicas;De 75 a 79 años;Mujeres;2
Total Nacional;08 Castilla - La Mancha;083-085 XVII.Malformaciones congénitas, deformidades y anomalías cromosómicas;De 80 a 84 años;Hombres;0
Total Nacional;08 Castilla - La Mancha;083-085 XVII.Malformaciones congénitas, deformidades y anomalías cromosómicas;De 80 a 84 años;Mujeres;0
Total Nacional;08 Castilla - La Mancha;083-085 XVII.Malformaciones congénitas, deformidades y anomalías cromosómicas;De 85 a 89 años;Hombres;0
Total Nacional;08 Castilla - La Mancha;083-085 XVII.Malformaciones congénitas, deformidades y anomalías cromosómicas;De 85 a 89 años;Mujeres;1
Total Nacional;08 Castilla - La Mancha;083-085 XVII.Malformaciones congénitas, deformidades y anomalías cromosómicas;De 90 a 94 años;Hombres;0
Total Nacional;08 Castilla - La Mancha;083-085 XVII.Malformaciones congénitas, deformidades y anomalías cromosómicas;De 90 a 94 años;Mujeres;0
Total Nacional;08 Castilla - La Mancha;083-085 XVII.Malformaciones congénitas, deformidades y anomalías cromosómicas;De 95 años y más;Hombres;0
Total Nacional;08 Castilla - La Mancha;083-085 XVII.Malformaciones congénitas, deformidades y anomalías cromosómicas;De 95 años y más;Mujeres;1
Total Nacional;08 Castilla - La Mancha;086-089 XVIII.Síntomas, signos y hallazgos anormales clínicos y de laboratorio, no clasificados en otra parte;De 1 a 14 años;Hombres;0
Total Nacional;08 Castilla - La Mancha;086-089 XVIII.Síntomas, signos y hallazgos anormales clínicos y de laboratorio, no clasificados en otra parte;De 1 a 14 años;Mujeres;1
Total Nacional;08 Castilla - La Mancha;086-089 XVIII.Síntomas, signos y hallazgos anormales clínicos y de laboratorio, no clasificados en otra parte;De 15 a 29 años;Hombres;1
Total Nacional;08 Castilla - La Mancha;086-089 XVIII.Síntomas, signos y hallazgos anormales clínicos y de laboratorio, no clasificados en otra parte;De 15 a 29 años;Mujeres;0
Total Nacional;08 Castilla - La Mancha;086-089 XVIII.Síntomas, signos y hallazgos anormales clínicos y de laboratorio, no clasificados en otra parte;De 30 a 39 años;Hombres;2
Total Nacional;08 Castilla - La Mancha;086-089 XVIII.Síntomas, signos y hallazgos anormales clínicos y de laboratorio, no clasificados en otra parte;De 30 a 39 años;Mujeres;1
Total Nacional;08 Castilla - La Mancha;086-089 XVIII.Síntomas, signos y hallazgos anormales clínicos y de laboratorio, no clasificados en otra parte;De 40 a 44 años;Hombres;1
Total Nacional;08 Castilla - La Mancha;086-089 XVIII.Síntomas, signos y hallazgos anormales clínicos y de laboratorio, no clasificados en otra parte;De 40 a 44 años;Mujeres;2
Total Nacional;08 Castilla - La Mancha;086-089 XVIII.Síntomas, signos y hallazgos anormales clínicos y de laboratorio, no clasificados en otra parte;De 45 a 49 años;Hombres;4
Total Nacional;08 Castilla - La Mancha;086-089 XVIII.Síntomas, signos y hallazgos anormales clínicos y de laboratorio, no clasificados en otra parte;De 45 a 49 años;Mujeres;1
Total Nacional;08 Castilla - La Mancha;086-089 XVIII.Síntomas, signos y hallazgos anormales clínicos y de laboratorio, no clasificados en otra parte;De 50 a 54 años;Hombres;4
Total Nacional;08 Castilla - La Mancha;086-089 XVIII.Síntomas, signos y hallazgos anormales clínicos y de laboratorio, no clasificados en otra parte;De 50 a 54 años;Mujeres;1
Total Nacional;08 Castilla - La Mancha;086-089 XVIII.Síntomas, signos y hallazgos anormales clínicos y de laboratorio, no clasificados en otra parte;De 55 a 59 años;Hombres;4
Total Nacional;08 Castilla - La Mancha;086-089 XVIII.Síntomas, signos y hallazgos anormales clínicos y de laboratorio, no clasificados en otra parte;De 55 a 59 años;Mujeres;6
Total Nacional;08 Castilla - La Mancha;086-089 XVIII.Síntomas, signos y hallazgos anormales clínicos y de laboratorio, no clasificados en otra parte;De 60 a 64 años;Hombres;11
Total Nacional;08 Castilla - La Mancha;086-089 XVIII.Síntomas, signos y hallazgos anormales clínicos y de laboratorio, no clasificados en otra parte;De 60 a 64 años;Mujeres;1
Total Nacional;08 Castilla - La Mancha;086-089 XVIII.Síntomas, signos y hallazgos anormales clínicos y de laboratorio, no clasificados en otra parte;De 65 a 69 años;Hombres;11
Total Nacional;08 Castilla - La Mancha;086-089 XVIII.Síntomas, signos y hallazgos anormales clínicos y de laboratorio, no clasificados en otra parte;De 65 a 69 años;Mujeres;6
Total Nacional;08 Castilla - La Mancha;086-089 XVIII.Síntomas, signos y hallazgos anormales clínicos y de laboratorio, no clasificados en otra parte;De 70 a 74 años;Hombres;8
Total Nacional;08 Castilla - La Mancha;086-089 XVIII.Síntomas, signos y hallazgos anormales clínicos y de laboratorio, no clasificados en otra parte;De 70 a 74 años;Mujeres;3
Total Nacional;08 Castilla - La Mancha;086-089 XVIII.Síntomas, signos y hallazgos anormales clínicos y de laboratorio, no clasificados en otra parte;De 75 a 79 años;Hombres;10
Total Nacional;08 Castilla - La Mancha;086-089 XVIII.Síntomas, signos y hallazgos anormales clínicos y de laboratorio, no clasificados en otra parte;De 75 a 79 años;Mujeres;8
Total Nacional;08 Castilla - La Mancha;086-089 XVIII.Síntomas, signos y hallazgos anormales clínicos y de laboratorio, no clasificados en otra parte;De 80 a 84 años;Hombres;21
Total Nacional;08 Castilla - La Mancha;086-089 XVIII.Síntomas, signos y hallazgos anormales clínicos y de laboratorio, no clasificados en otra parte;De 80 a 84 años;Mujeres;12
Total Nacional;08 Castilla - La Mancha;086-089 XVIII.Síntomas, signos y hallazgos anormales clínicos y de laboratorio, no clasificados en otra parte;De 85 a 89 años;Hombres;24
Total Nacional;08 Castilla - La Mancha;086-089 XVIII.Síntomas, signos y hallazgos anormales clínicos y de laboratorio, no clasificados en otra parte;De 85 a 89 años;Mujeres;35
Total Nacional;08 Castilla - La Mancha;086-089 XVIII.Síntomas, signos y hallazgos anormales clínicos y de laboratorio, no clasificados en otra parte;De 90 a 94 años;Hombres;49
Total Nacional;08 Castilla - La Mancha;086-089 XVIII.Síntomas, signos y hallazgos anormales clínicos y de laboratorio, no clasificados en otra parte;De 90 a 94 años;Mujeres;75
Total Nacional;08 Castilla - La Mancha;086-089 XVIII.Síntomas, signos y hallazgos anormales clínicos y de laboratorio, no clasificados en otra parte;De 95 años y más;Hombres;24
Total Nacional;08 Castilla - La Mancha;086-089 XVIII.Síntomas, signos y hallazgos anormales clínicos y de laboratorio, no clasificados en otra parte;De 95 años y más;Mujeres;76
Total Nacional;08 Castilla - La Mancha;090-102 XX.Causas externas de mortalidad;De 1 a 14 años;Hombres;3
Total Nacional;08 Castilla - La Mancha;090-102 XX.Causas externas de mortalidad;De 1 a 14 años;Mujeres;2
Total Nacional;08 Castilla - La Mancha;090-102 XX.Causas externas de mortalidad;De 15 a 29 años;Hombres;40
Total Nacional;08 Castilla - La Mancha;090-102 XX.Causas externas de mortalidad;De 15 a 29 años;Mujeres;11
Total Nacional;08 Castilla - La Mancha;090-102 XX.Causas externas de mortalidad;De 30 a 39 años;Hombres;34
Total Nacional;08 Castilla - La Mancha;090-102 XX.Causas externas de mortalidad;De 30 a 39 años;Mujeres;10
Total Nacional;08 Castilla - La Mancha;090-102 XX.Causas externas de mortalidad;De 40 a 44 años;Hombres;32
Total Nacional;08 Castilla - La Mancha;090-102 XX.Causas externas de mortalidad;De 40 a 44 años;Mujeres;10
Total Nacional;08 Castilla - La Mancha;090-102 XX.Causas externas de mortalidad;De 45 a 49 años;Hombres;23
Total Nacional;08 Castilla - La Mancha;090-102 XX.Causas externas de mortalidad;De 45 a 49 años;Mujeres;9
Total Nacional;08 Castilla - La Mancha;090-102 XX.Causas externas de mortalidad;De 50 a 54 años;Hombres;35
Total Nacional;08 Castilla - La Mancha;090-102 XX.Causas externas de mortalidad;De 50 a 54 años;Mujeres;12
Total Nacional;08 Castilla - La Mancha;090-102 XX.Causas externas de mortalidad;De 55 a 59 años;Hombres;39
Total Nacional;08 Castilla - La Mancha;090-102 XX.Causas externas de mortalidad;De 55 a 59 años;Mujeres;8
Total Nacional;08 Castilla - La Mancha;090-102 XX.Causas externas de mortalidad;De 60 a 64 años;Hombres;33
Total Nacional;08 Castilla - La Mancha;090-102 XX.Causas externas de mortalidad;De 60 a 64 años;Mujeres;13
Total Nacional;08 Castilla - La Mancha;090-102 XX.Causas externas de mortalidad;De 65 a 69 años;Hombres;29
Total Nacional;08 Castilla - La Mancha;090-102 XX.Causas externas de mortalidad;De 65 a 69 años;Mujeres;14
Total Nacional;08 Castilla - La Mancha;090-102 XX.Causas externas de mortalidad;De 70 a 74 años;Hombres;32
Total Nacional;08 Castilla - La Mancha;090-102 XX.Causas externas de mortalidad;De 70 a 74 años;Mujeres;13
Total Nacional;08 Castilla - La Mancha;090-102 XX.Causas externas de mortalidad;De 75 a 79 años;Hombres;47
Total Nacional;08 Castilla - La Mancha;090-102 XX.Causas externas de mortalidad;De 75 a 79 años;Mujeres;24
Total Nacional;08 Castilla - La Mancha;090-102 XX.Causas externas de mortalidad;De 80 a 84 años;Hombres;44
Total Nacional;08 Castilla - La Mancha;090-102 XX.Causas externas de mortalidad;De 80 a 84 años;Mujeres;38
Total Nacional;08 Castilla - La Mancha;090-102 XX.Causas externas de mortalidad;De 85 a 89 años;Hombres;57
Total Nacional;08 Castilla - La Mancha;090-102 XX.Causas externas de mortalidad;De 85 a 89 años;Mujeres;75
Total Nacional;08 Castilla - La Mancha;090-102 XX.Causas externas de mortalidad;De 90 a 94 años;Hombres;70
Total Nacional;08 Castilla - La Mancha;090-102 XX.Causas externas de mortalidad;De 90 a 94 años;Mujeres;63
Total Nacional;08 Castilla - La Mancha;090-102 XX.Causas externas de mortalidad;De 95 años y más;Hombres;20
Total Nacional;08 Castilla - La Mancha;090-102 XX.Causas externas de mortalidad;De 95 años y más;Mujeres;45
Total Nacional;09 Cataluña;001-008 I.Enfermedades infecciosas y parasitarias;De 1 a 14 años;Hombres;3
Total Nacional;09 Cataluña;001-008 I.Enfermedades infecciosas y parasitarias;De 1 a 14 años;Mujeres;1
Total Nacional;09 Cataluña;001-008 I.Enfermedades infecciosas y parasitarias;De 15 a 29 años;Hombres;5
Total Nacional;09 Cataluña;001-008 I.Enfermedades infecciosas y parasitarias;De 15 a 29 años;Mujeres;2
Total Nacional;09 Cataluña;001-008 I.Enfermedades infecciosas y parasitarias;De 30 a 39 años;Hombres;7
Total Nacional;09 Cataluña;001-008 I.Enfermedades infecciosas y parasitarias;De 30 a 39 años;Mujeres;2
Total Nacional;09 Cataluña;001-008 I.Enfermedades infecciosas y parasitarias;De 40 a 44 años;Hombres;2
Total Nacional;09 Cataluña;001-008 I.Enfermedades infecciosas y parasitarias;De 40 a 44 años;Mujeres;3
Total Nacional;09 Cataluña;001-008 I.Enfermedades infecciosas y parasitarias;De 45 a 49 años;Hombres;13
Total Nacional;09 Cataluña;001-008 I.Enfermedades infecciosas y parasitarias;De 45 a 49 años;Mujeres;3
Total Nacional;09 Cataluña;001-008 I.Enfermedades infecciosas y parasitarias;De 50 a 54 años;Hombres;14
Total Nacional;09 Cataluña;001-008 I.Enfermedades infecciosas y parasitarias;De 50 a 54 años;Mujeres;8
Total Nacional;09 Cataluña;001-008 I.Enfermedades infecciosas y parasitarias;De 55 a 59 años;Hombres;17
Total Nacional;09 Cataluña;001-008 I.Enfermedades infecciosas y parasitarias;De 55 a 59 años;Mujeres;14
Total Nacional;09 Cataluña;001-008 I.Enfermedades infecciosas y parasitarias;De 60 a 64 años;Hombres;42
Total Nacional;09 Cataluña;001-008 I.Enfermedades infecciosas y parasitarias;De 60 a 64 años;Mujeres;22
Total Nacional;09 Cataluña;001-008 I.Enfermedades infecciosas y parasitarias;De 65 a 69 años;Hombres;46
Total Nacional;09 Cataluña;001-008 I.Enfermedades infecciosas y parasitarias;De 65 a 69 años;Mujeres;24
Total Nacional;09 Cataluña;001-008 I.Enfermedades infecciosas y parasitarias;De 70 a 74 años;Hombres;74
Total Nacional;09 Cataluña;001-008 I.Enfermedades infecciosas y parasitarias;De 70 a 74 años;Mujeres;43
Total Nacional;09 Cataluña;001-008 I.Enfermedades infecciosas y parasitarias;De 75 a 79 años;Hombres;131
Total Nacional;09 Cataluña;001-008 I.Enfermedades infecciosas y parasitarias;De 75 a 79 años;Mujeres;83
Total Nacional;09 Cataluña;001-008 I.Enfermedades infecciosas y parasitarias;De 80 a 84 años;Hombres;164
Total Nacional;09 Cataluña;001-008 I.Enfermedades infecciosas y parasitarias;De 80 a 84 años;Mujeres;108
Total Nacional;09 Cataluña;001-008 I.Enfermedades infecciosas y parasitarias;De 85 a 89 años;Hombres;166
Total Nacional;09 Cataluña;001-008 I.Enfermedades infecciosas y parasitarias;De 85 a 89 años;Mujeres;186
Total Nacional;09 Cataluña;001-008 I.Enfermedades infecciosas y parasitarias;De 90 a 94 años;Hombres;166
Total Nacional;09 Cataluña;001-008 I.Enfermedades infecciosas y parasitarias;De 90 a 94 años;Mujeres;244
Total Nacional;09 Cataluña;001-008 I.Enfermedades infecciosas y parasitarias;De 95 años y más;Hombres;63
Total Nacional;09 Cataluña;001-008 I.Enfermedades infecciosas y parasitarias;De 95 años y más;Mujeres;140
Total Nacional;09 Cataluña;009-041 II.Tumores;De 1 a 14 años;Hombres;17
Total Nacional;09 Cataluña;009-041 II.Tumores;De 1 a 14 años;Mujeres;15
Total Nacional;09 Cataluña;009-041 II.Tumores;De 15 a 29 años;Hombres;29
Total Nacional;09 Cataluña;009-041 II.Tumores;De 15 a 29 años;Mujeres;19
Total Nacional;09 Cataluña;009-041 II.Tumores;De 30 a 39 años;Hombres;44
Total Nacional;09 Cataluña;009-041 II.Tumores;De 30 a 39 años;Mujeres;51
Total Nacional;09 Cataluña;009-041 II.Tumores;De 40 a 44 años;Hombres;74
Total Nacional;09 Cataluña;009-041 II.Tumores;De 40 a 44 años;Mujeres;79
Total Nacional;09 Cataluña;009-041 II.Tumores;De 45 a 49 años;Hombres;174
Total Nacional;09 Cataluña;009-041 II.Tumores;De 45 a 49 años;Mujeres;156
Total Nacional;09 Cataluña;009-041 II.Tumores;De 50 a 54 años;Hombres;283
Total Nacional;09 Cataluña;009-041 II.Tumores;De 50 a 54 años;Mujeres;292
Total Nacional;09 Cataluña;009-041 II.Tumores;De 55 a 59 años;Hombres;580
Total Nacional;09 Cataluña;009-041 II.Tumores;De 55 a 59 años;Mujeres;423
Total Nacional;09 Cataluña;009-041 II.Tumores;De 60 a 64 años;Hombres;962
Total Nacional;09 Cataluña;009-041 II.Tumores;De 60 a 64 años;Mujeres;619
Total Nacional;09 Cataluña;009-041 II.Tumores;De 65 a 69 años;Hombres;1.186
Total Nacional;09 Cataluña;009-041 II.Tumores;De 65 a 69 años;Mujeres;776
Total Nacional;09 Cataluña;009-041 II.Tumores;De 70 a 74 años;Hombres;1.462
Total Nacional;09 Cataluña;009-041 II.Tumores;De 70 a 74 años;Mujeres;877
Total Nacional;09 Cataluña;009-041 II.Tumores;De 75 a 79 años;Hombres;1.746
Total Nacional;09 Cataluña;009-041 II.Tumores;De 75 a 79 años;Mujeres;996
Total Nacional;09 Cataluña;009-041 II.Tumores;De 80 a 84 años;Hombres;1.632
Total Nacional;09 Cataluña;009-041 II.Tumores;De 80 a 84 años;Mujeres;1.040
Total Nacional;09 Cataluña;009-041 II.Tumores;De 85 a 89 años;Hombres;1.259
Total Nacional;09 Cataluña;009-041 II.Tumores;De 85 a 89 años;Mujeres;1.151
Total Nacional;09 Cataluña;009-041 II.Tumores;De 90 a 94 años;Hombres;779
Total Nacional;09 Cataluña;009-041 II.Tumores;De 90 a 94 años;Mujeres;857
Total Nacional;09 Cataluña;009-041 II.Tumores;De 95 años y más;Hombres;221
Total Nacional;09 Cataluña;009-041 II.Tumores;De 95 años y más;Mujeres;348
Total Nacional;09 Cataluña;050-052 VI-VIII.Enfermedades del sistema nervioso y de los órganos de los sentidos;De 1 a 14 años;Hombres;12
Total Nacional;09 Cataluña;050-052 VI-VIII.Enfermedades del sistema nervioso y de los órganos de los sentidos;De 1 a 14 años;Mujeres;1
Total Nacional;09 Cataluña;050-052 VI-VIII.Enfermedades del sistema nervioso y de los órganos de los sentidos;De 15 a 29 años;Hombres;10
Total Nacional;09 Cataluña;050-052 VI-VIII.Enfermedades del sistema nervioso y de los órganos de los sentidos;De 15 a 29 años;Mujeres;5
Total Nacional;09 Cataluña;050-052 VI-VIII.Enfermedades del sistema nervioso y de los órganos de los sentidos;De 30 a 39 años;Hombres;10
Total Nacional;09 Cataluña;050-052 VI-VIII.Enfermedades del sistema nervioso y de los órganos de los sentidos;De 30 a 39 años;Mujeres;5
Total Nacional;09 Cataluña;050-052 VI-VIII.Enfermedades del sistema nervioso y de los órganos de los sentidos;De 40 a 44 años;Hombres;13
Total Nacional;09 Cataluña;050-052 VI-VIII.Enfermedades del sistema nervioso y de los órganos de los sentidos;De 40 a 44 años;Mujeres;4
Total Nacional;09 Cataluña;050-052 VI-VIII.Enfermedades del sistema nervioso y de los órganos de los sentidos;De 45 a 49 años;Hombres;18
Total Nacional;09 Cataluña;050-052 VI-VIII.Enfermedades del sistema nervioso y de los órganos de los sentidos;De 45 a 49 años;Mujeres;11
Total Nacional;09 Cataluña;050-052 VI-VIII.Enfermedades del sistema nervioso y de los órganos de los sentidos;De 50 a 54 años;Hombres;28
Total Nacional;09 Cataluña;050-052 VI-VIII.Enfermedades del sistema nervioso y de los órganos de los sentidos;De 50 a 54 años;Mujeres;21
Total Nacional;09 Cataluña;050-052 VI-VIII.Enfermedades del sistema nervioso y de los órganos de los sentidos;De 55 a 59 años;Hombres;34
Total Nacional;09 Cataluña;050-052 VI-VIII.Enfermedades del sistema nervioso y de los órganos de los sentidos;De 55 a 59 años;Mujeres;30
Total Nacional;09 Cataluña;050-052 VI-VIII.Enfermedades del sistema nervioso y de los órganos de los sentidos;De 60 a 64 años;Hombres;69
Total Nacional;09 Cataluña;050-052 VI-VIII.Enfermedades del sistema nervioso y de los órganos de los sentidos;De 60 a 64 años;Mujeres;52
Total Nacional;09 Cataluña;050-052 VI-VIII.Enfermedades del sistema nervioso y de los órganos de los sentidos;De 65 a 69 años;Hombres;84
Total Nacional;09 Cataluña;050-052 VI-VIII.Enfermedades del sistema nervioso y de los órganos de los sentidos;De 65 a 69 años;Mujeres;55
Total Nacional;09 Cataluña;050-052 VI-VIII.Enfermedades del sistema nervioso y de los órganos de los sentidos;De 70 a 74 años;Hombres;120
Total Nacional;09 Cataluña;050-052 VI-VIII.Enfermedades del sistema nervioso y de los órganos de los sentidos;De 70 a 74 años;Mujeres;138
Total Nacional;09 Cataluña;050-052 VI-VIII.Enfermedades del sistema nervioso y de los órganos de los sentidos;De 75 a 79 años;Hombres;242
Total Nacional;09 Cataluña;050-052 VI-VIII.Enfermedades del sistema nervioso y de los órganos de los sentidos;De 75 a 79 años;Mujeres;277
Total Nacional;09 Cataluña;050-052 VI-VIII.Enfermedades del sistema nervioso y de los órganos de los sentidos;De 80 a 84 años;Hombres;320
Total Nacional;09 Cataluña;050-052 VI-VIII.Enfermedades del sistema nervioso y de los órganos de los sentidos;De 80 a 84 años;Mujeres;379
Total Nacional;09 Cataluña;050-052 VI-VIII.Enfermedades del sistema nervioso y de los órganos de los sentidos;De 85 a 89 años;Hombres;348
Total Nacional;09 Cataluña;050-052 VI-VIII.Enfermedades del sistema nervioso y de los órganos de los sentidos;De 85 a 89 años;Mujeres;596
Total Nacional;09 Cataluña;050-052 VI-VIII.Enfermedades del sistema nervioso y de los órganos de los sentidos;De 90 a 94 años;Hombres;221
Total Nacional;09 Cataluña;050-052 VI-VIII.Enfermedades del sistema nervioso y de los órganos de los sentidos;De 90 a 94 años;Mujeres;603
Total Nacional;09 Cataluña;050-052 VI-VIII.Enfermedades del sistema nervioso y de los órganos de los sentidos;De 95 años y más;Hombres;72
Total Nacional;09 Cataluña;050-052 VI-VIII.Enfermedades del sistema nervioso y de los órganos de los sentidos;De 95 años y más;Mujeres;303
Total Nacional;09 Cataluña;053-061 IX.Enfermedades del sistema circulatorio;De 1 a 14 años;Hombres;5
Total Nacional;09 Cataluña;053-061 IX.Enfermedades del sistema circulatorio;De 1 a 14 años;Mujeres;2
Total Nacional;09 Cataluña;053-061 IX.Enfermedades del sistema circulatorio;De 15 a 29 años;Hombres;9
Total Nacional;09 Cataluña;053-061 IX.Enfermedades del sistema circulatorio;De 15 a 29 años;Mujeres;10
Total Nacional;09 Cataluña;053-061 IX.Enfermedades del sistema circulatorio;De 30 a 39 años;Hombres;43
Total Nacional;09 Cataluña;053-061 IX.Enfermedades del sistema circulatorio;De 30 a 39 años;Mujeres;23
Total Nacional;09 Cataluña;053-061 IX.Enfermedades del sistema circulatorio;De 40 a 44 años;Hombres;54
Total Nacional;09 Cataluña;053-061 IX.Enfermedades del sistema circulatorio;De 40 a 44 años;Mujeres;23
Total Nacional;09 Cataluña;053-061 IX.Enfermedades del sistema circulatorio;De 45 a 49 años;Hombres;126
Total Nacional;09 Cataluña;053-061 IX.Enfermedades del sistema circulatorio;De 45 a 49 años;Mujeres;35
Total Nacional;09 Cataluña;053-061 IX.Enfermedades del sistema circulatorio;De 50 a 54 años;Hombres;194
Total Nacional;09 Cataluña;053-061 IX.Enfermedades del sistema circulatorio;De 50 a 54 años;Mujeres;61
Total Nacional;09 Cataluña;053-061 IX.Enfermedades del sistema circulatorio;De 55 a 59 años;Hombres;361
Total Nacional;09 Cataluña;053-061 IX.Enfermedades del sistema circulatorio;De 55 a 59 años;Mujeres;99
Total Nacional;09 Cataluña;053-061 IX.Enfermedades del sistema circulatorio;De 60 a 64 años;Hombres;439
Total Nacional;09 Cataluña;053-061 IX.Enfermedades del sistema circulatorio;De 60 a 64 años;Mujeres;127
Total Nacional;09 Cataluña;053-061 IX.Enfermedades del sistema circulatorio;De 65 a 69 años;Hombres;533
Total Nacional;09 Cataluña;053-061 IX.Enfermedades del sistema circulatorio;De 65 a 69 años;Mujeres;208
Total Nacional;09 Cataluña;053-061 IX.Enfermedades del sistema circulatorio;De 70 a 74 años;Hombres;633
Total Nacional;09 Cataluña;053-061 IX.Enfermedades del sistema circulatorio;De 70 a 74 años;Mujeres;327
Total Nacional;09 Cataluña;053-061 IX.Enfermedades del sistema circulatorio;De 75 a 79 años;Hombres;888
Total Nacional;09 Cataluña;053-061 IX.Enfermedades del sistema circulatorio;De 75 a 79 años;Mujeres;610
Total Nacional;09 Cataluña;053-061 IX.Enfermedades del sistema circulatorio;De 80 a 84 años;Hombres;1.113
Total Nacional;09 Cataluña;053-061 IX.Enfermedades del sistema circulatorio;De 80 a 84 años;Mujeres;1.012
Total Nacional;09 Cataluña;053-061 IX.Enfermedades del sistema circulatorio;De 85 a 89 años;Hombres;1.411
Total Nacional;09 Cataluña;053-061 IX.Enfermedades del sistema circulatorio;De 85 a 89 años;Mujeres;1.907
Total Nacional;09 Cataluña;053-061 IX.Enfermedades del sistema circulatorio;De 90 a 94 años;Hombres;1.344
Total Nacional;09 Cataluña;053-061 IX.Enfermedades del sistema circulatorio;De 90 a 94 años;Mujeres;2.614
Total Nacional;09 Cataluña;053-061 IX.Enfermedades del sistema circulatorio;De 95 años y más;Hombres;576
Total Nacional;09 Cataluña;053-061 IX.Enfermedades del sistema circulatorio;De 95 años y más;Mujeres;1.891
Total Nacional;09 Cataluña;062-067 X.Enfermedades del sistema respiratorio;De 1 a 14 años;Hombres;3
Total Nacional;09 Cataluña;062-067 X.Enfermedades del sistema respiratorio;De 1 a 14 años;Mujeres;1
Total Nacional;09 Cataluña;062-067 X.Enfermedades del sistema respiratorio;De 15 a 29 años;Hombres;9
Total Nacional;09 Cataluña;062-067 X.Enfermedades del sistema respiratorio;De 15 a 29 años;Mujeres;3
Total Nacional;09 Cataluña;062-067 X.Enfermedades del sistema respiratorio;De 30 a 39 años;Hombres;20
Total Nacional;09 Cataluña;062-067 X.Enfermedades del sistema respiratorio;De 30 a 39 años;Mujeres;13
Total Nacional;09 Cataluña;062-067 X.Enfermedades del sistema respiratorio;De 40 a 44 años;Hombres;19
Total Nacional;09 Cataluña;062-067 X.Enfermedades del sistema respiratorio;De 40 a 44 años;Mujeres;14
Total Nacional;09 Cataluña;062-067 X.Enfermedades del sistema respiratorio;De 45 a 49 años;Hombres;34
Total Nacional;09 Cataluña;062-067 X.Enfermedades del sistema respiratorio;De 45 a 49 años;Mujeres;23
Total Nacional;09 Cataluña;062-067 X.Enfermedades del sistema respiratorio;De 50 a 54 años;Hombres;60
Total Nacional;09 Cataluña;062-067 X.Enfermedades del sistema respiratorio;De 50 a 54 años;Mujeres;27
Total Nacional;09 Cataluña;062-067 X.Enfermedades del sistema respiratorio;De 55 a 59 años;Hombres;93
Total Nacional;09 Cataluña;062-067 X.Enfermedades del sistema respiratorio;De 55 a 59 años;Mujeres;38
Total Nacional;09 Cataluña;062-067 X.Enfermedades del sistema respiratorio;De 60 a 64 años;Hombres;151
Total Nacional;09 Cataluña;062-067 X.Enfermedades del sistema respiratorio;De 60 a 64 años;Mujeres;67
Total Nacional;09 Cataluña;062-067 X.Enfermedades del sistema respiratorio;De 65 a 69 años;Hombres;212
Total Nacional;09 Cataluña;062-067 X.Enfermedades del sistema respiratorio;De 65 a 69 años;Mujeres;119
Total Nacional;09 Cataluña;062-067 X.Enfermedades del sistema respiratorio;De 70 a 74 años;Hombres;294
Total Nacional;09 Cataluña;062-067 X.Enfermedades del sistema respiratorio;De 70 a 74 años;Mujeres;163
Total Nacional;09 Cataluña;062-067 X.Enfermedades del sistema respiratorio;De 75 a 79 años;Hombres;476
Total Nacional;09 Cataluña;062-067 X.Enfermedades del sistema respiratorio;De 75 a 79 años;Mujeres;215
Total Nacional;09 Cataluña;062-067 X.Enfermedades del sistema respiratorio;De 80 a 84 años;Hombres;664
Total Nacional;09 Cataluña;062-067 X.Enfermedades del sistema respiratorio;De 80 a 84 años;Mujeres;393
Total Nacional;09 Cataluña;062-067 X.Enfermedades del sistema respiratorio;De 85 a 89 años;Hombres;830
Total Nacional;09 Cataluña;062-067 X.Enfermedades del sistema respiratorio;De 85 a 89 años;Mujeres;745
Total Nacional;09 Cataluña;062-067 X.Enfermedades del sistema respiratorio;De 90 a 94 años;Hombres;807
Total Nacional;09 Cataluña;062-067 X.Enfermedades del sistema respiratorio;De 90 a 94 años;Mujeres;984
Total Nacional;09 Cataluña;062-067 X.Enfermedades del sistema respiratorio;De 95 años y más;Hombres;329
Total Nacional;09 Cataluña;062-067 X.Enfermedades del sistema respiratorio;De 95 años y más;Mujeres;705
Total Nacional;09 Cataluña;068-072 XI.Enfermedades del sistema digestivo;De 1 a 14 años;Hombres;0
Total Nacional;09 Cataluña;068-072 XI.Enfermedades del sistema digestivo;De 1 a 14 años;Mujeres;2
Total Nacional;09 Cataluña;068-072 XI.Enfermedades del sistema digestivo;De 15 a 29 años;Hombres;4
Total Nacional;09 Cataluña;068-072 XI.Enfermedades del sistema digestivo;De 15 a 29 años;Mujeres;4
Total Nacional;09 Cataluña;068-072 XI.Enfermedades del sistema digestivo;De 30 a 39 años;Hombres;9
Total Nacional;09 Cataluña;068-072 XI.Enfermedades del sistema digestivo;De 30 a 39 años;Mujeres;2
Total Nacional;09 Cataluña;068-072 XI.Enfermedades del sistema digestivo;De 40 a 44 años;Hombres;18
Total Nacional;09 Cataluña;068-072 XI.Enfermedades del sistema digestivo;De 40 a 44 años;Mujeres;6
Total Nacional;09 Cataluña;068-072 XI.Enfermedades del sistema digestivo;De 45 a 49 años;Hombres;39
Total Nacional;09 Cataluña;068-072 XI.Enfermedades del sistema digestivo;De 45 a 49 años;Mujeres;11
Total Nacional;09 Cataluña;068-072 XI.Enfermedades del sistema digestivo;De 50 a 54 años;Hombres;78
Total Nacional;09 Cataluña;068-072 XI.Enfermedades del sistema digestivo;De 50 a 54 años;Mujeres;14
Total Nacional;09 Cataluña;068-072 XI.Enfermedades del sistema digestivo;De 55 a 59 años;Hombres;117
Total Nacional;09 Cataluña;068-072 XI.Enfermedades del sistema digestivo;De 55 a 59 años;Mujeres;28
Total Nacional;09 Cataluña;068-072 XI.Enfermedades del sistema digestivo;De 60 a 64 años;Hombres;143
Total Nacional;09 Cataluña;068-072 XI.Enfermedades del sistema digestivo;De 60 a 64 años;Mujeres;43
Total Nacional;09 Cataluña;068-072 XI.Enfermedades del sistema digestivo;De 65 a 69 años;Hombres;154
Total Nacional;09 Cataluña;068-072 XI.Enfermedades del sistema digestivo;De 65 a 69 años;Mujeres;68
Total Nacional;09 Cataluña;068-072 XI.Enfermedades del sistema digestivo;De 70 a 74 años;Hombres;178
Total Nacional;09 Cataluña;068-072 XI.Enfermedades del sistema digestivo;De 70 a 74 años;Mujeres;82
Total Nacional;09 Cataluña;068-072 XI.Enfermedades del sistema digestivo;De 75 a 79 años;Hombres;222
Total Nacional;09 Cataluña;068-072 XI.Enfermedades del sistema digestivo;De 75 a 79 años;Mujeres;158
Total Nacional;09 Cataluña;068-072 XI.Enfermedades del sistema digestivo;De 80 a 84 años;Hombres;234
Total Nacional;09 Cataluña;068-072 XI.Enfermedades del sistema digestivo;De 80 a 84 años;Mujeres;201
Total Nacional;09 Cataluña;068-072 XI.Enfermedades del sistema digestivo;De 85 a 89 años;Hombres;273
Total Nacional;09 Cataluña;068-072 XI.Enfermedades del sistema digestivo;De 85 a 89 años;Mujeres;386
Total Nacional;09 Cataluña;068-072 XI.Enfermedades del sistema digestivo;De 90 a 94 años;Hombres;216
Total Nacional;09 Cataluña;068-072 XI.Enfermedades del sistema digestivo;De 90 a 94 años;Mujeres;372
Total Nacional;09 Cataluña;068-072 XI.Enfermedades del sistema digestivo;De 95 años y más;Hombres;68
Total Nacional;09 Cataluña;068-072 XI.Enfermedades del sistema digestivo;De 95 años y más;Mujeres;217
Total Nacional;09 Cataluña;073 XII.Enfermedades de la piel y del tejido subcutáneo;De 1 a 14 años;Hombres;0
Total Nacional;09 Cataluña;073 XII.Enfermedades de la piel y del tejido subcutáneo;De 1 a 14 años;Mujeres;0
Total Nacional;09 Cataluña;073 XII.Enfermedades de la piel y del tejido subcutáneo;De 15 a 29 años;Hombres;0
Total Nacional;09 Cataluña;073 XII.Enfermedades de la piel y del tejido subcutáneo;De 15 a 29 años;Mujeres;0
Total Nacional;09 Cataluña;073 XII.Enfermedades de la piel y del tejido subcutáneo;De 30 a 39 años;Hombres;0
Total Nacional;09 Cataluña;073 XII.Enfermedades de la piel y del tejido subcutáneo;De 30 a 39 años;Mujeres;0
Total Nacional;09 Cataluña;073 XII.Enfermedades de la piel y del tejido subcutáneo;De 40 a 44 años;Hombres;1
Total Nacional;09 Cataluña;073 XII.Enfermedades de la piel y del tejido subcutáneo;De 40 a 44 años;Mujeres;0
Total Nacional;09 Cataluña;073 XII.Enfermedades de la piel y del tejido subcutáneo;De 45 a 49 años;Hombres;2
Total Nacional;09 Cataluña;073 XII.Enfermedades de la piel y del tejido subcutáneo;De 45 a 49 años;Mujeres;0
Total Nacional;09 Cataluña;073 XII.Enfermedades de la piel y del tejido subcutáneo;De 50 a 54 años;Hombres;2
Total Nacional;09 Cataluña;073 XII.Enfermedades de la piel y del tejido subcutáneo;De 50 a 54 años;Mujeres;0
Total Nacional;09 Cataluña;073 XII.Enfermedades de la piel y del tejido subcutáneo;De 55 a 59 años;Hombres;0
Total Nacional;09 Cataluña;073 XII.Enfermedades de la piel y del tejido subcutáneo;De 55 a 59 años;Mujeres;0
Total Nacional;09 Cataluña;073 XII.Enfermedades de la piel y del tejido subcutáneo;De 60 a 64 años;Hombres;1
Total Nacional;09 Cataluña;073 XII.Enfermedades de la piel y del tejido subcutáneo;De 60 a 64 años;Mujeres;1
Total Nacional;09 Cataluña;073 XII.Enfermedades de la piel y del tejido subcutáneo;De 65 a 69 años;Hombres;5
Total Nacional;09 Cataluña;073 XII.Enfermedades de la piel y del tejido subcutáneo;De 65 a 69 años;Mujeres;1
Total Nacional;09 Cataluña;073 XII.Enfermedades de la piel y del tejido subcutáneo;De 70 a 74 años;Hombres;6
Total Nacional;09 Cataluña;073 XII.Enfermedades de la piel y del tejido subcutáneo;De 70 a 74 años;Mujeres;5
Total Nacional;09 Cataluña;073 XII.Enfermedades de la piel y del tejido subcutáneo;De 75 a 79 años;Hombres;5
Total Nacional;09 Cataluña;073 XII.Enfermedades de la piel y del tejido subcutáneo;De 75 a 79 años;Mujeres;11
Total Nacional;09 Cataluña;073 XII.Enfermedades de la piel y del tejido subcutáneo;De 80 a 84 años;Hombres;22
Total Nacional;09 Cataluña;073 XII.Enfermedades de la piel y del tejido subcutáneo;De 80 a 84 años;Mujeres;17
Total Nacional;09 Cataluña;073 XII.Enfermedades de la piel y del tejido subcutáneo;De 85 a 89 años;Hombres;33
Total Nacional;09 Cataluña;073 XII.Enfermedades de la piel y del tejido subcutáneo;De 85 a 89 años;Mujeres;25
Total Nacional;09 Cataluña;073 XII.Enfermedades de la piel y del tejido subcutáneo;De 90 a 94 años;Hombres;21
Total Nacional;09 Cataluña;073 XII.Enfermedades de la piel y del tejido subcutáneo;De 90 a 94 años;Mujeres;53
Total Nacional;09 Cataluña;073 XII.Enfermedades de la piel y del tejido subcutáneo;De 95 años y más;Hombres;13
Total Nacional;09 Cataluña;073 XII.Enfermedades de la piel y del tejido subcutáneo;De 95 años y más;Mujeres;39
Total Nacional;09 Cataluña;074-076 XIII.Enfermedades del sistema osteomuscular y del tejido conjuntivo;De 1 a 14 años;Hombres;0
Total Nacional;09 Cataluña;074-076 XIII.Enfermedades del sistema osteomuscular y del tejido conjuntivo;De 1 a 14 años;Mujeres;0
Total Nacional;09 Cataluña;074-076 XIII.Enfermedades del sistema osteomuscular y del tejido conjuntivo;De 15 a 29 años;Hombres;0
Total Nacional;09 Cataluña;074-076 XIII.Enfermedades del sistema osteomuscular y del tejido conjuntivo;De 15 a 29 años;Mujeres;1
Total Nacional;09 Cataluña;074-076 XIII.Enfermedades del sistema osteomuscular y del tejido conjuntivo;De 30 a 39 años;Hombres;0
Total Nacional;09 Cataluña;074-076 XIII.Enfermedades del sistema osteomuscular y del tejido conjuntivo;De 30 a 39 años;Mujeres;0
Total Nacional;09 Cataluña;074-076 XIII.Enfermedades del sistema osteomuscular y del tejido conjuntivo;De 40 a 44 años;Hombres;0
Total Nacional;09 Cataluña;074-076 XIII.Enfermedades del sistema osteomuscular y del tejido conjuntivo;De 40 a 44 años;Mujeres;0
Total Nacional;09 Cataluña;074-076 XIII.Enfermedades del sistema osteomuscular y del tejido conjuntivo;De 45 a 49 años;Hombres;1
Total Nacional;09 Cataluña;074-076 XIII.Enfermedades del sistema osteomuscular y del tejido conjuntivo;De 45 a 49 años;Mujeres;0
Total Nacional;09 Cataluña;074-076 XIII.Enfermedades del sistema osteomuscular y del tejido conjuntivo;De 50 a 54 años;Hombres;3
Total Nacional;09 Cataluña;074-076 XIII.Enfermedades del sistema osteomuscular y del tejido conjuntivo;De 50 a 54 años;Mujeres;4
Total Nacional;09 Cataluña;074-076 XIII.Enfermedades del sistema osteomuscular y del tejido conjuntivo;De 55 a 59 años;Hombres;1
Total Nacional;09 Cataluña;074-076 XIII.Enfermedades del sistema osteomuscular y del tejido conjuntivo;De 55 a 59 años;Mujeres;5
Total Nacional;09 Cataluña;074-076 XIII.Enfermedades del sistema osteomuscular y del tejido conjuntivo;De 60 a 64 años;Hombres;10
Total Nacional;09 Cataluña;074-076 XIII.Enfermedades del sistema osteomuscular y del tejido conjuntivo;De 60 a 64 años;Mujeres;4
Total Nacional;09 Cataluña;074-076 XIII.Enfermedades del sistema osteomuscular y del tejido conjuntivo;De 65 a 69 años;Hombres;15
Total Nacional;09 Cataluña;074-076 XIII.Enfermedades del sistema osteomuscular y del tejido conjuntivo;De 65 a 69 años;Mujeres;19
Total Nacional;09 Cataluña;074-076 XIII.Enfermedades del sistema osteomuscular y del tejido conjuntivo;De 70 a 74 años;Hombres;15
Total Nacional;09 Cataluña;074-076 XIII.Enfermedades del sistema osteomuscular y del tejido conjuntivo;De 70 a 74 años;Mujeres;16
Total Nacional;09 Cataluña;074-076 XIII.Enfermedades del sistema osteomuscular y del tejido conjuntivo;De 75 a 79 años;Hombres;30
Total Nacional;09 Cataluña;074-076 XIII.Enfermedades del sistema osteomuscular y del tejido conjuntivo;De 75 a 79 años;Mujeres;39
Total Nacional;09 Cataluña;074-076 XIII.Enfermedades del sistema osteomuscular y del tejido conjuntivo;De 80 a 84 años;Hombres;42
Total Nacional;09 Cataluña;074-076 XIII.Enfermedades del sistema osteomuscular y del tejido conjuntivo;De 80 a 84 años;Mujeres;94
Total Nacional;09 Cataluña;074-076 XIII.Enfermedades del sistema osteomuscular y del tejido conjuntivo;De 85 a 89 años;Hombres;91
Total Nacional;09 Cataluña;074-076 XIII.Enfermedades del sistema osteomuscular y del tejido conjuntivo;De 85 a 89 años;Mujeres;172
Total Nacional;09 Cataluña;074-076 XIII.Enfermedades del sistema osteomuscular y del tejido conjuntivo;De 90 a 94 años;Hombres;92
Total Nacional;09 Cataluña;074-076 XIII.Enfermedades del sistema osteomuscular y del tejido conjuntivo;De 90 a 94 años;Mujeres;219
Total Nacional;09 Cataluña;074-076 XIII.Enfermedades del sistema osteomuscular y del tejido conjuntivo;De 95 años y más;Hombres;40
Total Nacional;09 Cataluña;074-076 XIII.Enfermedades del sistema osteomuscular y del tejido conjuntivo;De 95 años y más;Mujeres;162
Total Nacional;09 Cataluña;077-080 XIV.Enfermedades del sistema genitourinario;De 1 a 14 años;Hombres;0
Total Nacional;09 Cataluña;077-080 XIV.Enfermedades del sistema genitourinario;De 1 a 14 años;Mujeres;0
Total Nacional;09 Cataluña;077-080 XIV.Enfermedades del sistema genitourinario;De 15 a 29 años;Hombres;0
Total Nacional;09 Cataluña;077-080 XIV.Enfermedades del sistema genitourinario;De 15 a 29 años;Mujeres;1
Total Nacional;09 Cataluña;077-080 XIV.Enfermedades del sistema genitourinario;De 30 a 39 años;Hombres;0
Total Nacional;09 Cataluña;077-080 XIV.Enfermedades del sistema genitourinario;De 30 a 39 años;Mujeres;1
Total Nacional;09 Cataluña;077-080 XIV.Enfermedades del sistema genitourinario;De 40 a 44 años;Hombres;4
Total Nacional;09 Cataluña;077-080 XIV.Enfermedades del sistema genitourinario;De 40 a 44 años;Mujeres;2
Total Nacional;09 Cataluña;077-080 XIV.Enfermedades del sistema genitourinario;De 45 a 49 años;Hombres;3
Total Nacional;09 Cataluña;077-080 XIV.Enfermedades del sistema genitourinario;De 45 a 49 años;Mujeres;1
Total Nacional;09 Cataluña;077-080 XIV.Enfermedades del sistema genitourinario;De 50 a 54 años;Hombres;6
Total Nacional;09 Cataluña;077-080 XIV.Enfermedades del sistema genitourinario;De 50 a 54 años;Mujeres;4
Total Nacional;09 Cataluña;077-080 XIV.Enfermedades del sistema genitourinario;De 55 a 59 años;Hombres;20
Total Nacional;09 Cataluña;077-080 XIV.Enfermedades del sistema genitourinario;De 55 a 59 años;Mujeres;5
Total Nacional;09 Cataluña;077-080 XIV.Enfermedades del sistema genitourinario;De 60 a 64 años;Hombres;23
Total Nacional;09 Cataluña;077-080 XIV.Enfermedades del sistema genitourinario;De 60 a 64 años;Mujeres;15
Total Nacional;09 Cataluña;077-080 XIV.Enfermedades del sistema genitourinario;De 65 a 69 años;Hombres;45
Total Nacional;09 Cataluña;077-080 XIV.Enfermedades del sistema genitourinario;De 65 a 69 años;Mujeres;29
Total Nacional;09 Cataluña;077-080 XIV.Enfermedades del sistema genitourinario;De 70 a 74 años;Hombres;97
Total Nacional;09 Cataluña;077-080 XIV.Enfermedades del sistema genitourinario;De 70 a 74 años;Mujeres;39
Total Nacional;09 Cataluña;077-080 XIV.Enfermedades del sistema genitourinario;De 75 a 79 años;Hombres;152
Total Nacional;09 Cataluña;077-080 XIV.Enfermedades del sistema genitourinario;De 75 a 79 años;Mujeres;91
Total Nacional;09 Cataluña;077-080 XIV.Enfermedades del sistema genitourinario;De 80 a 84 años;Hombres;245
Total Nacional;09 Cataluña;077-080 XIV.Enfermedades del sistema genitourinario;De 80 a 84 años;Mujeres;221
Total Nacional;09 Cataluña;077-080 XIV.Enfermedades del sistema genitourinario;De 85 a 89 años;Hombres;374
Total Nacional;09 Cataluña;077-080 XIV.Enfermedades del sistema genitourinario;De 85 a 89 años;Mujeres;431
Total Nacional;09 Cataluña;077-080 XIV.Enfermedades del sistema genitourinario;De 90 a 94 años;Hombres;381
Total Nacional;09 Cataluña;077-080 XIV.Enfermedades del sistema genitourinario;De 90 a 94 años;Mujeres;623
Total Nacional;09 Cataluña;077-080 XIV.Enfermedades del sistema genitourinario;De 95 años y más;Hombres;179
Total Nacional;09 Cataluña;077-080 XIV.Enfermedades del sistema genitourinario;De 95 años y más;Mujeres;444
Total Nacional;09 Cataluña;081 XV.Embarazo, parto y puerperio;De 1 a 14 años;Hombres;0
Total Nacional;09 Cataluña;081 XV.Embarazo, parto y puerperio;De 1 a 14 años;Mujeres;0
Total Nacional;09 Cataluña;081 XV.Embarazo, parto y puerperio;De 15 a 29 años;Hombres;0
Total Nacional;09 Cataluña;081 XV.Embarazo, parto y puerperio;De 15 a 29 años;Mujeres;0
Total Nacional;09 Cataluña;081 XV.Embarazo, parto y puerperio;De 30 a 39 años;Hombres;0
Total Nacional;09 Cataluña;081 XV.Embarazo, parto y puerperio;De 30 a 39 años;Mujeres;4
Total Nacional;09 Cataluña;081 XV.Embarazo, parto y puerperio;De 40 a 44 años;Hombres;0
Total Nacional;09 Cataluña;081 XV.Embarazo, parto y puerperio;De 40 a 44 años;Mujeres;0
Total Nacional;09 Cataluña;081 XV.Embarazo, parto y puerperio;De 45 a 49 años;Hombres;0
Total Nacional;09 Cataluña;081 XV.Embarazo, parto y puerperio;De 45 a 49 años;Mujeres;0
Total Nacional;09 Cataluña;081 XV.Embarazo, parto y puerperio;De 50 a 54 años;Hombres;0
Total Nacional;09 Cataluña;081 XV.Embarazo, parto y puerperio;De 50 a 54 años;Mujeres;0
Total Nacional;09 Cataluña;081 XV.Embarazo, parto y puerperio;De 55 a 59 años;Hombres;0
Total Nacional;09 Cataluña;081 XV.Embarazo, parto y puerperio;De 55 a 59 años;Mujeres;0
Total Nacional;09 Cataluña;081 XV.Embarazo, parto y puerperio;De 60 a 64 años;Hombres;0
Total Nacional;09 Cataluña;081 XV.Embarazo, parto y puerperio;De 60 a 64 años;Mujeres;0
Total Nacional;09 Cataluña;081 XV.Embarazo, parto y puerperio;De 65 a 69 años;Hombres;0
Total Nacional;09 Cataluña;081 XV.Embarazo, parto y puerperio;De 65 a 69 años;Mujeres;0
Total Nacional;09 Cataluña;081 XV.Embarazo, parto y puerperio;De 70 a 74 años;Hombres;0
Total Nacional;09 Cataluña;081 XV.Embarazo, parto y puerperio;De 70 a 74 años;Mujeres;0
Total Nacional;09 Cataluña;081 XV.Embarazo, parto y puerperio;De 75 a 79 años;Hombres;0
Total Nacional;09 Cataluña;081 XV.Embarazo, parto y puerperio;De 75 a 79 años;Mujeres;0
Total Nacional;09 Cataluña;081 XV.Embarazo, parto y puerperio;De 80 a 84 años;Hombres;0
Total Nacional;09 Cataluña;081 XV.Embarazo, parto y puerperio;De 80 a 84 años;Mujeres;0
Total Nacional;09 Cataluña;081 XV.Embarazo, parto y puerperio;De 85 a 89 años;Hombres;0
Total Nacional;09 Cataluña;081 XV.Embarazo, parto y puerperio;De 85 a 89 años;Mujeres;0
Total Nacional;09 Cataluña;081 XV.Embarazo, parto y puerperio;De 90 a 94 años;Hombres;0
Total Nacional;09 Cataluña;081 XV.Embarazo, parto y puerperio;De 90 a 94 años;Mujeres;0
Total Nacional;09 Cataluña;081 XV.Embarazo, parto y puerperio;De 95 años y más;Hombres;0
Total Nacional;09 Cataluña;081 XV.Embarazo, parto y puerperio;De 95 años y más;Mujeres;0
Total Nacional;09 Cataluña;082 XVI.Afecciones originadas en el periodo perinatal;De 1 a 14 años;Hombres;0
Total Nacional;09 Cataluña;082 XVI.Afecciones originadas en el periodo perinatal;De 1 a 14 años;Mujeres;0
Total Nacional;09 Cataluña;082 XVI.Afecciones originadas en el periodo perinatal;De 15 a 29 años;Hombres;0
Total Nacional;09 Cataluña;082 XVI.Afecciones originadas en el periodo perinatal;De 15 a 29 años;Mujeres;0
Total Nacional;09 Cataluña;082 XVI.Afecciones originadas en el periodo perinatal;De 30 a 39 años;Hombres;0
Total Nacional;09 Cataluña;082 XVI.Afecciones originadas en el periodo perinatal;De 30 a 39 años;Mujeres;0
Total Nacional;09 Cataluña;082 XVI.Afecciones originadas en el periodo perinatal;De 40 a 44 años;Hombres;0
Total Nacional;09 Cataluña;082 XVI.Afecciones originadas en el periodo perinatal;De 40 a 44 años;Mujeres;0
Total Nacional;09 Cataluña;082 XVI.Afecciones originadas en el periodo perinatal;De 45 a 49 años;Hombres;1
Total Nacional;09 Cataluña;082 XVI.Afecciones originadas en el periodo perinatal;De 45 a 49 años;Mujeres;0
Total Nacional;09 Cataluña;082 XVI.Afecciones originadas en el periodo perinatal;De 50 a 54 años;Hombres;0
Total Nacional;09 Cataluña;082 XVI.Afecciones originadas en el periodo perinatal;De 50 a 54 años;Mujeres;0
Total Nacional;09 Cataluña;082 XVI.Afecciones originadas en el periodo perinatal;De 55 a 59 años;Hombres;0
Total Nacional;09 Cataluña;082 XVI.Afecciones originadas en el periodo perinatal;De 55 a 59 años;Mujeres;0
Total Nacional;09 Cataluña;082 XVI.Afecciones originadas en el periodo perinatal;De 60 a 64 años;Hombres;0
Total Nacional;09 Cataluña;082 XVI.Afecciones originadas en el periodo perinatal;De 60 a 64 años;Mujeres;0
Total Nacional;09 Cataluña;082 XVI.Afecciones originadas en el periodo perinatal;De 65 a 69 años;Hombres;0
Total Nacional;09 Cataluña;082 XVI.Afecciones originadas en el periodo perinatal;De 65 a 69 años;Mujeres;0
Total Nacional;09 Cataluña;082 XVI.Afecciones originadas en el periodo perinatal;De 70 a 74 años;Hombres;0
Total Nacional;09 Cataluña;082 XVI.Afecciones originadas en el periodo perinatal;De 70 a 74 años;Mujeres;0
Total Nacional;09 Cataluña;082 XVI.Afecciones originadas en el periodo perinatal;De 75 a 79 años;Hombres;0
Total Nacional;09 Cataluña;082 XVI.Afecciones originadas en el periodo perinatal;De 75 a 79 años;Mujeres;0
Total Nacional;09 Cataluña;082 XVI.Afecciones originadas en el periodo perinatal;De 80 a 84 años;Hombres;0
Total Nacional;09 Cataluña;082 XVI.Afecciones originadas en el periodo perinatal;De 80 a 84 años;Mujeres;0
Total Nacional;09 Cataluña;082 XVI.Afecciones originadas en el periodo perinatal;De 85 a 89 años;Hombres;0
Total Nacional;09 Cataluña;082 XVI.Afecciones originadas en el periodo perinatal;De 85 a 89 años;Mujeres;0
Total Nacional;09 Cataluña;082 XVI.Afecciones originadas en el periodo perinatal;De 90 a 94 años;Hombres;0
Total Nacional;09 Cataluña;082 XVI.Afecciones originadas en el periodo perinatal;De 90 a 94 años;Mujeres;0
Total Nacional;09 Cataluña;082 XVI.Afecciones originadas en el periodo perinatal;De 95 años y más;Hombres;0
Total Nacional;09 Cataluña;082 XVI.Afecciones originadas en el periodo perinatal;De 95 años y más;Mujeres;0
Total Nacional;09 Cataluña;083-085 XVII.Malformaciones congénitas, deformidades y anomalías cromosómicas;De 1 a 14 años;Hombres;11
Total Nacional;09 Cataluña;083-085 XVII.Malformaciones congénitas, deformidades y anomalías cromosómicas;De 1 a 14 años;Mujeres;3
Total Nacional;09 Cataluña;083-085 XVII.Malformaciones congénitas, deformidades y anomalías cromosómicas;De 15 a 29 años;Hombres;3
Total Nacional;09 Cataluña;083-085 XVII.Malformaciones congénitas, deformidades y anomalías cromosómicas;De 15 a 29 años;Mujeres;2
Total Nacional;09 Cataluña;083-085 XVII.Malformaciones congénitas, deformidades y anomalías cromosómicas;De 30 a 39 años;Hombres;1
Total Nacional;09 Cataluña;083-085 XVII.Malformaciones congénitas, deformidades y anomalías cromosómicas;De 30 a 39 años;Mujeres;0
Total Nacional;09 Cataluña;083-085 XVII.Malformaciones congénitas, deformidades y anomalías cromosómicas;De 40 a 44 años;Hombres;4
Total Nacional;09 Cataluña;083-085 XVII.Malformaciones congénitas, deformidades y anomalías cromosómicas;De 40 a 44 años;Mujeres;2
Total Nacional;09 Cataluña;083-085 XVII.Malformaciones congénitas, deformidades y anomalías cromosómicas;De 45 a 49 años;Hombres;2
Total Nacional;09 Cataluña;083-085 XVII.Malformaciones congénitas, deformidades y anomalías cromosómicas;De 45 a 49 años;Mujeres;2
Total Nacional;09 Cataluña;083-085 XVII.Malformaciones congénitas, deformidades y anomalías cromosómicas;De 50 a 54 años;Hombres;8
Total Nacional;09 Cataluña;083-085 XVII.Malformaciones congénitas, deformidades y anomalías cromosómicas;De 50 a 54 años;Mujeres;8
Total Nacional;09 Cataluña;083-085 XVII.Malformaciones congénitas, deformidades y anomalías cromosómicas;De 55 a 59 años;Hombres;8
Total Nacional;09 Cataluña;083-085 XVII.Malformaciones congénitas, deformidades y anomalías cromosómicas;De 55 a 59 años;Mujeres;8
Total Nacional;09 Cataluña;083-085 XVII.Malformaciones congénitas, deformidades y anomalías cromosómicas;De 60 a 64 años;Hombres;7
Total Nacional;09 Cataluña;083-085 XVII.Malformaciones congénitas, deformidades y anomalías cromosómicas;De 60 a 64 años;Mujeres;8
Total Nacional;09 Cataluña;083-085 XVII.Malformaciones congénitas, deformidades y anomalías cromosómicas;De 65 a 69 años;Hombres;9
Total Nacional;09 Cataluña;083-085 XVII.Malformaciones congénitas, deformidades y anomalías cromosómicas;De 65 a 69 años;Mujeres;3
Total Nacional;09 Cataluña;083-085 XVII.Malformaciones congénitas, deformidades y anomalías cromosómicas;De 70 a 74 años;Hombres;3
Total Nacional;09 Cataluña;083-085 XVII.Malformaciones congénitas, deformidades y anomalías cromosómicas;De 70 a 74 años;Mujeres;2
Total Nacional;09 Cataluña;083-085 XVII.Malformaciones congénitas, deformidades y anomalías cromosómicas;De 75 a 79 años;Hombres;4
Total Nacional;09 Cataluña;083-085 XVII.Malformaciones congénitas, deformidades y anomalías cromosómicas;De 75 a 79 años;Mujeres;4
Total Nacional;09 Cataluña;083-085 XVII.Malformaciones congénitas, deformidades y anomalías cromosómicas;De 80 a 84 años;Hombres;6
Total Nacional;09 Cataluña;083-085 XVII.Malformaciones congénitas, deformidades y anomalías cromosómicas;De 80 a 84 años;Mujeres;4
Total Nacional;09 Cataluña;083-085 XVII.Malformaciones congénitas, deformidades y anomalías cromosómicas;De 85 a 89 años;Hombres;1
Total Nacional;09 Cataluña;083-085 XVII.Malformaciones congénitas, deformidades y anomalías cromosómicas;De 85 a 89 años;Mujeres;2
Total Nacional;09 Cataluña;083-085 XVII.Malformaciones congénitas, deformidades y anomalías cromosómicas;De 90 a 94 años;Hombres;2
Total Nacional;09 Cataluña;083-085 XVII.Malformaciones congénitas, deformidades y anomalías cromosómicas;De 90 a 94 años;Mujeres;0
Total Nacional;09 Cataluña;083-085 XVII.Malformaciones congénitas, deformidades y anomalías cromosómicas;De 95 años y más;Hombres;2
Total Nacional;09 Cataluña;083-085 XVII.Malformaciones congénitas, deformidades y anomalías cromosómicas;De 95 años y más;Mujeres;1
Total Nacional;09 Cataluña;086-089 XVIII.Síntomas, signos y hallazgos anormales clínicos y de laboratorio, no clasificados en otra parte;De 1 a 14 años;Hombres;5
Total Nacional;09 Cataluña;086-089 XVIII.Síntomas, signos y hallazgos anormales clínicos y de laboratorio, no clasificados en otra parte;De 1 a 14 años;Mujeres;1
Total Nacional;09 Cataluña;086-089 XVIII.Síntomas, signos y hallazgos anormales clínicos y de laboratorio, no clasificados en otra parte;De 15 a 29 años;Hombres;7
Total Nacional;09 Cataluña;086-089 XVIII.Síntomas, signos y hallazgos anormales clínicos y de laboratorio, no clasificados en otra parte;De 15 a 29 años;Mujeres;4
Total Nacional;09 Cataluña;086-089 XVIII.Síntomas, signos y hallazgos anormales clínicos y de laboratorio, no clasificados en otra parte;De 30 a 39 años;Hombres;7
Total Nacional;09 Cataluña;086-089 XVIII.Síntomas, signos y hallazgos anormales clínicos y de laboratorio, no clasificados en otra parte;De 30 a 39 años;Mujeres;8
Total Nacional;09 Cataluña;086-089 XVIII.Síntomas, signos y hallazgos anormales clínicos y de laboratorio, no clasificados en otra parte;De 40 a 44 años;Hombres;18
Total Nacional;09 Cataluña;086-089 XVIII.Síntomas, signos y hallazgos anormales clínicos y de laboratorio, no clasificados en otra parte;De 40 a 44 años;Mujeres;3
Total Nacional;09 Cataluña;086-089 XVIII.Síntomas, signos y hallazgos anormales clínicos y de laboratorio, no clasificados en otra parte;De 45 a 49 años;Hombres;19
Total Nacional;09 Cataluña;086-089 XVIII.Síntomas, signos y hallazgos anormales clínicos y de laboratorio, no clasificados en otra parte;De 45 a 49 años;Mujeres;7
Total Nacional;09 Cataluña;086-089 XVIII.Síntomas, signos y hallazgos anormales clínicos y de laboratorio, no clasificados en otra parte;De 50 a 54 años;Hombres;21
Total Nacional;09 Cataluña;086-089 XVIII.Síntomas, signos y hallazgos anormales clínicos y de laboratorio, no clasificados en otra parte;De 50 a 54 años;Mujeres;5
Total Nacional;09 Cataluña;086-089 XVIII.Síntomas, signos y hallazgos anormales clínicos y de laboratorio, no clasificados en otra parte;De 55 a 59 años;Hombres;24
Total Nacional;09 Cataluña;086-089 XVIII.Síntomas, signos y hallazgos anormales clínicos y de laboratorio, no clasificados en otra parte;De 55 a 59 años;Mujeres;7
Total Nacional;09 Cataluña;086-089 XVIII.Síntomas, signos y hallazgos anormales clínicos y de laboratorio, no clasificados en otra parte;De 60 a 64 años;Hombres;39
Total Nacional;09 Cataluña;086-089 XVIII.Síntomas, signos y hallazgos anormales clínicos y de laboratorio, no clasificados en otra parte;De 60 a 64 años;Mujeres;18
Total Nacional;09 Cataluña;086-089 XVIII.Síntomas, signos y hallazgos anormales clínicos y de laboratorio, no clasificados en otra parte;De 65 a 69 años;Hombres;26
Total Nacional;09 Cataluña;086-089 XVIII.Síntomas, signos y hallazgos anormales clínicos y de laboratorio, no clasificados en otra parte;De 65 a 69 años;Mujeres;19
Total Nacional;09 Cataluña;086-089 XVIII.Síntomas, signos y hallazgos anormales clínicos y de laboratorio, no clasificados en otra parte;De 70 a 74 años;Hombres;45
Total Nacional;09 Cataluña;086-089 XVIII.Síntomas, signos y hallazgos anormales clínicos y de laboratorio, no clasificados en otra parte;De 70 a 74 años;Mujeres;22
Total Nacional;09 Cataluña;086-089 XVIII.Síntomas, signos y hallazgos anormales clínicos y de laboratorio, no clasificados en otra parte;De 75 a 79 años;Hombres;58
Total Nacional;09 Cataluña;086-089 XVIII.Síntomas, signos y hallazgos anormales clínicos y de laboratorio, no clasificados en otra parte;De 75 a 79 años;Mujeres;28
Total Nacional;09 Cataluña;086-089 XVIII.Síntomas, signos y hallazgos anormales clínicos y de laboratorio, no clasificados en otra parte;De 80 a 84 años;Hombres;55
Total Nacional;09 Cataluña;086-089 XVIII.Síntomas, signos y hallazgos anormales clínicos y de laboratorio, no clasificados en otra parte;De 80 a 84 años;Mujeres;63
Total Nacional;09 Cataluña;086-089 XVIII.Síntomas, signos y hallazgos anormales clínicos y de laboratorio, no clasificados en otra parte;De 85 a 89 años;Hombres;73
Total Nacional;09 Cataluña;086-089 XVIII.Síntomas, signos y hallazgos anormales clínicos y de laboratorio, no clasificados en otra parte;De 85 a 89 años;Mujeres;116
Total Nacional;09 Cataluña;086-089 XVIII.Síntomas, signos y hallazgos anormales clínicos y de laboratorio, no clasificados en otra parte;De 90 a 94 años;Hombres;80
Total Nacional;09 Cataluña;086-089 XVIII.Síntomas, signos y hallazgos anormales clínicos y de laboratorio, no clasificados en otra parte;De 90 a 94 años;Mujeres;188
Total Nacional;09 Cataluña;086-089 XVIII.Síntomas, signos y hallazgos anormales clínicos y de laboratorio, no clasificados en otra parte;De 95 años y más;Hombres;50
Total Nacional;09 Cataluña;086-089 XVIII.Síntomas, signos y hallazgos anormales clínicos y de laboratorio, no clasificados en otra parte;De 95 años y más;Mujeres;174
Total Nacional;09 Cataluña;090-102 XX.Causas externas de mortalidad;De 1 a 14 años;Hombres;12
Total Nacional;09 Cataluña;090-102 XX.Causas externas de mortalidad;De 1 a 14 años;Mujeres;5
Total Nacional;09 Cataluña;090-102 XX.Causas externas de mortalidad;De 15 a 29 años;Hombres;102
Total Nacional;09 Cataluña;090-102 XX.Causas externas de mortalidad;De 15 a 29 años;Mujeres;36
Total Nacional;09 Cataluña;090-102 XX.Causas externas de mortalidad;De 30 a 39 años;Hombres;107
Total Nacional;09 Cataluña;090-102 XX.Causas externas de mortalidad;De 30 a 39 años;Mujeres;22
Total Nacional;09 Cataluña;090-102 XX.Causas externas de mortalidad;De 40 a 44 años;Hombres;100
Total Nacional;09 Cataluña;090-102 XX.Causas externas de mortalidad;De 40 a 44 años;Mujeres;25
Total Nacional;09 Cataluña;090-102 XX.Causas externas de mortalidad;De 45 a 49 años;Hombres;116
Total Nacional;09 Cataluña;090-102 XX.Causas externas de mortalidad;De 45 a 49 años;Mujeres;26
Total Nacional;09 Cataluña;090-102 XX.Causas externas de mortalidad;De 50 a 54 años;Hombres;122
Total Nacional;09 Cataluña;090-102 XX.Causas externas de mortalidad;De 50 a 54 años;Mujeres;44
Total Nacional;09 Cataluña;090-102 XX.Causas externas de mortalidad;De 55 a 59 años;Hombres;107
Total Nacional;09 Cataluña;090-102 XX.Causas externas de mortalidad;De 55 a 59 años;Mujeres;34
Total Nacional;09 Cataluña;090-102 XX.Causas externas de mortalidad;De 60 a 64 años;Hombres;99
Total Nacional;09 Cataluña;090-102 XX.Causas externas de mortalidad;De 60 a 64 años;Mujeres;32
Total Nacional;09 Cataluña;090-102 XX.Causas externas de mortalidad;De 65 a 69 años;Hombres;72
Total Nacional;09 Cataluña;090-102 XX.Causas externas de mortalidad;De 65 a 69 años;Mujeres;47
Total Nacional;09 Cataluña;090-102 XX.Causas externas de mortalidad;De 70 a 74 años;Hombres;102
Total Nacional;09 Cataluña;090-102 XX.Causas externas de mortalidad;De 70 a 74 años;Mujeres;42
Total Nacional;09 Cataluña;090-102 XX.Causas externas de mortalidad;De 75 a 79 años;Hombres;151
Total Nacional;09 Cataluña;090-102 XX.Causas externas de mortalidad;De 75 a 79 años;Mujeres;75
Total Nacional;09 Cataluña;090-102 XX.Causas externas de mortalidad;De 80 a 84 años;Hombres;178
Total Nacional;09 Cataluña;090-102 XX.Causas externas de mortalidad;De 80 a 84 años;Mujeres;138
Total Nacional;09 Cataluña;090-102 XX.Causas externas de mortalidad;De 85 a 89 años;Hombres;169
Total Nacional;09 Cataluña;090-102 XX.Causas externas de mortalidad;De 85 a 89 años;Mujeres;216
Total Nacional;09 Cataluña;090-102 XX.Causas externas de mortalidad;De 90 a 94 años;Hombres;188
Total Nacional;09 Cataluña;090-102 XX.Causas externas de mortalidad;De 90 a 94 años;Mujeres;265
Total Nacional;09 Cataluña;090-102 XX.Causas externas de mortalidad;De 95 años y más;Hombres;83
Total Nacional;09 Cataluña;090-102 XX.Causas externas de mortalidad;De 95 años y más;Mujeres;161
Total Nacional;10 Comunitat Valenciana;001-008 I.Enfermedades infecciosas y parasitarias;De 1 a 14 años;Hombres;4
Total Nacional;10 Comunitat Valenciana;001-008 I.Enfermedades infecciosas y parasitarias;De 1 a 14 años;Mujeres;0
Total Nacional;10 Comunitat Valenciana;001-008 I.Enfermedades infecciosas y parasitarias;De 15 a 29 años;Hombres;2
Total Nacional;10 Comunitat Valenciana;001-008 I.Enfermedades infecciosas y parasitarias;De 15 a 29 años;Mujeres;1
Total Nacional;10 Comunitat Valenciana;001-008 I.Enfermedades infecciosas y parasitarias;De 30 a 39 años;Hombres;4
Total Nacional;10 Comunitat Valenciana;001-008 I.Enfermedades infecciosas y parasitarias;De 30 a 39 años;Mujeres;1
Total Nacional;10 Comunitat Valenciana;001-008 I.Enfermedades infecciosas y parasitarias;De 40 a 44 años;Hombres;5
Total Nacional;10 Comunitat Valenciana;001-008 I.Enfermedades infecciosas y parasitarias;De 40 a 44 años;Mujeres;1
Total Nacional;10 Comunitat Valenciana;001-008 I.Enfermedades infecciosas y parasitarias;De 45 a 49 años;Hombres;8
Total Nacional;10 Comunitat Valenciana;001-008 I.Enfermedades infecciosas y parasitarias;De 45 a 49 años;Mujeres;8
Total Nacional;10 Comunitat Valenciana;001-008 I.Enfermedades infecciosas y parasitarias;De 50 a 54 años;Hombres;15
Total Nacional;10 Comunitat Valenciana;001-008 I.Enfermedades infecciosas y parasitarias;De 50 a 54 años;Mujeres;12
Total Nacional;10 Comunitat Valenciana;001-008 I.Enfermedades infecciosas y parasitarias;De 55 a 59 años;Hombres;19
Total Nacional;10 Comunitat Valenciana;001-008 I.Enfermedades infecciosas y parasitarias;De 55 a 59 años;Mujeres;10
Total Nacional;10 Comunitat Valenciana;001-008 I.Enfermedades infecciosas y parasitarias;De 60 a 64 años;Hombres;35
Total Nacional;10 Comunitat Valenciana;001-008 I.Enfermedades infecciosas y parasitarias;De 60 a 64 años;Mujeres;14
Total Nacional;10 Comunitat Valenciana;001-008 I.Enfermedades infecciosas y parasitarias;De 65 a 69 años;Hombres;43
Total Nacional;10 Comunitat Valenciana;001-008 I.Enfermedades infecciosas y parasitarias;De 65 a 69 años;Mujeres;18
Total Nacional;10 Comunitat Valenciana;001-008 I.Enfermedades infecciosas y parasitarias;De 70 a 74 años;Hombres;51
Total Nacional;10 Comunitat Valenciana;001-008 I.Enfermedades infecciosas y parasitarias;De 70 a 74 años;Mujeres;35
Total Nacional;10 Comunitat Valenciana;001-008 I.Enfermedades infecciosas y parasitarias;De 75 a 79 años;Hombres;81
Total Nacional;10 Comunitat Valenciana;001-008 I.Enfermedades infecciosas y parasitarias;De 75 a 79 años;Mujeres;65
Total Nacional;10 Comunitat Valenciana;001-008 I.Enfermedades infecciosas y parasitarias;De 80 a 84 años;Hombres;125
Total Nacional;10 Comunitat Valenciana;001-008 I.Enfermedades infecciosas y parasitarias;De 80 a 84 años;Mujeres;97
Total Nacional;10 Comunitat Valenciana;001-008 I.Enfermedades infecciosas y parasitarias;De 85 a 89 años;Hombres;128
Total Nacional;10 Comunitat Valenciana;001-008 I.Enfermedades infecciosas y parasitarias;De 85 a 89 años;Mujeres;123
Total Nacional;10 Comunitat Valenciana;001-008 I.Enfermedades infecciosas y parasitarias;De 90 a 94 años;Hombres;89
Total Nacional;10 Comunitat Valenciana;001-008 I.Enfermedades infecciosas y parasitarias;De 90 a 94 años;Mujeres;137
Total Nacional;10 Comunitat Valenciana;001-008 I.Enfermedades infecciosas y parasitarias;De 95 años y más;Hombres;27
Total Nacional;10 Comunitat Valenciana;001-008 I.Enfermedades infecciosas y parasitarias;De 95 años y más;Mujeres;68
Total Nacional;10 Comunitat Valenciana;009-041 II.Tumores;De 1 a 14 años;Hombres;10
Total Nacional;10 Comunitat Valenciana;009-041 II.Tumores;De 1 a 14 años;Mujeres;16
Total Nacional;10 Comunitat Valenciana;009-041 II.Tumores;De 15 a 29 años;Hombres;16
Total Nacional;10 Comunitat Valenciana;009-041 II.Tumores;De 15 a 29 años;Mujeres;9
Total Nacional;10 Comunitat Valenciana;009-041 II.Tumores;De 30 a 39 años;Hombres;34
Total Nacional;10 Comunitat Valenciana;009-041 II.Tumores;De 30 a 39 años;Mujeres;45
Total Nacional;10 Comunitat Valenciana;009-041 II.Tumores;De 40 a 44 años;Hombres;53
Total Nacional;10 Comunitat Valenciana;009-041 II.Tumores;De 40 a 44 años;Mujeres;49
Total Nacional;10 Comunitat Valenciana;009-041 II.Tumores;De 45 a 49 años;Hombres;115
Total Nacional;10 Comunitat Valenciana;009-041 II.Tumores;De 45 a 49 años;Mujeres;125
Total Nacional;10 Comunitat Valenciana;009-041 II.Tumores;De 50 a 54 años;Hombres;203
Total Nacional;10 Comunitat Valenciana;009-041 II.Tumores;De 50 a 54 años;Mujeres;202
Total Nacional;10 Comunitat Valenciana;009-041 II.Tumores;De 55 a 59 años;Hombres;442
Total Nacional;10 Comunitat Valenciana;009-041 II.Tumores;De 55 a 59 años;Mujeres;285
Total Nacional;10 Comunitat Valenciana;009-041 II.Tumores;De 60 a 64 años;Hombres;666
Total Nacional;10 Comunitat Valenciana;009-041 II.Tumores;De 60 a 64 años;Mujeres;444
Total Nacional;10 Comunitat Valenciana;009-041 II.Tumores;De 65 a 69 años;Hombres;872
Total Nacional;10 Comunitat Valenciana;009-041 II.Tumores;De 65 a 69 años;Mujeres;570
Total Nacional;10 Comunitat Valenciana;009-041 II.Tumores;De 70 a 74 años;Hombres;1.073
Total Nacional;10 Comunitat Valenciana;009-041 II.Tumores;De 70 a 74 años;Mujeres;606
Total Nacional;10 Comunitat Valenciana;009-041 II.Tumores;De 75 a 79 años;Hombres;1.224
Total Nacional;10 Comunitat Valenciana;009-041 II.Tumores;De 75 a 79 años;Mujeres;675
Total Nacional;10 Comunitat Valenciana;009-041 II.Tumores;De 80 a 84 años;Hombres;1.126
Total Nacional;10 Comunitat Valenciana;009-041 II.Tumores;De 80 a 84 años;Mujeres;747
Total Nacional;10 Comunitat Valenciana;009-041 II.Tumores;De 85 a 89 años;Hombres;860
Total Nacional;10 Comunitat Valenciana;009-041 II.Tumores;De 85 a 89 años;Mujeres;674
Total Nacional;10 Comunitat Valenciana;009-041 II.Tumores;De 90 a 94 años;Hombres;505
Total Nacional;10 Comunitat Valenciana;009-041 II.Tumores;De 90 a 94 años;Mujeres;455
Total Nacional;10 Comunitat Valenciana;009-041 II.Tumores;De 95 años y más;Hombres;103
Total Nacional;10 Comunitat Valenciana;009-041 II.Tumores;De 95 años y más;Mujeres;160
Total Nacional;10 Comunitat Valenciana;050-052 VI-VIII.Enfermedades del sistema nervioso y de los órganos de los sentidos;De 1 a 14 años;Hombres;5
Total Nacional;10 Comunitat Valenciana;050-052 VI-VIII.Enfermedades del sistema nervioso y de los órganos de los sentidos;De 1 a 14 años;Mujeres;3
Total Nacional;10 Comunitat Valenciana;050-052 VI-VIII.Enfermedades del sistema nervioso y de los órganos de los sentidos;De 15 a 29 años;Hombres;13
Total Nacional;10 Comunitat Valenciana;050-052 VI-VIII.Enfermedades del sistema nervioso y de los órganos de los sentidos;De 15 a 29 años;Mujeres;9
Total Nacional;10 Comunitat Valenciana;050-052 VI-VIII.Enfermedades del sistema nervioso y de los órganos de los sentidos;De 30 a 39 años;Hombres;6
Total Nacional;10 Comunitat Valenciana;050-052 VI-VIII.Enfermedades del sistema nervioso y de los órganos de los sentidos;De 30 a 39 años;Mujeres;1
Total Nacional;10 Comunitat Valenciana;050-052 VI-VIII.Enfermedades del sistema nervioso y de los órganos de los sentidos;De 40 a 44 años;Hombres;11
Total Nacional;10 Comunitat Valenciana;050-052 VI-VIII.Enfermedades del sistema nervioso y de los órganos de los sentidos;De 40 a 44 años;Mujeres;6
Total Nacional;10 Comunitat Valenciana;050-052 VI-VIII.Enfermedades del sistema nervioso y de los órganos de los sentidos;De 45 a 49 años;Hombres;9
Total Nacional;10 Comunitat Valenciana;050-052 VI-VIII.Enfermedades del sistema nervioso y de los órganos de los sentidos;De 45 a 49 años;Mujeres;9
Total Nacional;10 Comunitat Valenciana;050-052 VI-VIII.Enfermedades del sistema nervioso y de los órganos de los sentidos;De 50 a 54 años;Hombres;23
Total Nacional;10 Comunitat Valenciana;050-052 VI-VIII.Enfermedades del sistema nervioso y de los órganos de los sentidos;De 50 a 54 años;Mujeres;13
Total Nacional;10 Comunitat Valenciana;050-052 VI-VIII.Enfermedades del sistema nervioso y de los órganos de los sentidos;De 55 a 59 años;Hombres;33
Total Nacional;10 Comunitat Valenciana;050-052 VI-VIII.Enfermedades del sistema nervioso y de los órganos de los sentidos;De 55 a 59 años;Mujeres;22
Total Nacional;10 Comunitat Valenciana;050-052 VI-VIII.Enfermedades del sistema nervioso y de los órganos de los sentidos;De 60 a 64 años;Hombres;54
Total Nacional;10 Comunitat Valenciana;050-052 VI-VIII.Enfermedades del sistema nervioso y de los órganos de los sentidos;De 60 a 64 años;Mujeres;30
Total Nacional;10 Comunitat Valenciana;050-052 VI-VIII.Enfermedades del sistema nervioso y de los órganos de los sentidos;De 65 a 69 años;Hombres;72
Total Nacional;10 Comunitat Valenciana;050-052 VI-VIII.Enfermedades del sistema nervioso y de los órganos de los sentidos;De 65 a 69 años;Mujeres;37
Total Nacional;10 Comunitat Valenciana;050-052 VI-VIII.Enfermedades del sistema nervioso y de los órganos de los sentidos;De 70 a 74 años;Hombres;120
Total Nacional;10 Comunitat Valenciana;050-052 VI-VIII.Enfermedades del sistema nervioso y de los órganos de los sentidos;De 70 a 74 años;Mujeres;92
Total Nacional;10 Comunitat Valenciana;050-052 VI-VIII.Enfermedades del sistema nervioso y de los órganos de los sentidos;De 75 a 79 años;Hombres;206
Total Nacional;10 Comunitat Valenciana;050-052 VI-VIII.Enfermedades del sistema nervioso y de los órganos de los sentidos;De 75 a 79 años;Mujeres;224
Total Nacional;10 Comunitat Valenciana;050-052 VI-VIII.Enfermedades del sistema nervioso y de los órganos de los sentidos;De 80 a 84 años;Hombres;284
Total Nacional;10 Comunitat Valenciana;050-052 VI-VIII.Enfermedades del sistema nervioso y de los órganos de los sentidos;De 80 a 84 años;Mujeres;372
Total Nacional;10 Comunitat Valenciana;050-052 VI-VIII.Enfermedades del sistema nervioso y de los órganos de los sentidos;De 85 a 89 años;Hombres;274
Total Nacional;10 Comunitat Valenciana;050-052 VI-VIII.Enfermedades del sistema nervioso y de los órganos de los sentidos;De 85 a 89 años;Mujeres;536
Total Nacional;10 Comunitat Valenciana;050-052 VI-VIII.Enfermedades del sistema nervioso y de los órganos de los sentidos;De 90 a 94 años;Hombres;169
Total Nacional;10 Comunitat Valenciana;050-052 VI-VIII.Enfermedades del sistema nervioso y de los órganos de los sentidos;De 90 a 94 años;Mujeres;463
Total Nacional;10 Comunitat Valenciana;050-052 VI-VIII.Enfermedades del sistema nervioso y de los órganos de los sentidos;De 95 años y más;Hombres;40
Total Nacional;10 Comunitat Valenciana;050-052 VI-VIII.Enfermedades del sistema nervioso y de los órganos de los sentidos;De 95 años y más;Mujeres;170
Total Nacional;10 Comunitat Valenciana;053-061 IX.Enfermedades del sistema circulatorio;De 1 a 14 años;Hombres;3
Total Nacional;10 Comunitat Valenciana;053-061 IX.Enfermedades del sistema circulatorio;De 1 a 14 años;Mujeres;3
Total Nacional;10 Comunitat Valenciana;053-061 IX.Enfermedades del sistema circulatorio;De 15 a 29 años;Hombres;20
Total Nacional;10 Comunitat Valenciana;053-061 IX.Enfermedades del sistema circulatorio;De 15 a 29 años;Mujeres;4
Total Nacional;10 Comunitat Valenciana;053-061 IX.Enfermedades del sistema circulatorio;De 30 a 39 años;Hombres;26
Total Nacional;10 Comunitat Valenciana;053-061 IX.Enfermedades del sistema circulatorio;De 30 a 39 años;Mujeres;13
Total Nacional;10 Comunitat Valenciana;053-061 IX.Enfermedades del sistema circulatorio;De 40 a 44 años;Hombres;66
Total Nacional;10 Comunitat Valenciana;053-061 IX.Enfermedades del sistema circulatorio;De 40 a 44 años;Mujeres;15
Total Nacional;10 Comunitat Valenciana;053-061 IX.Enfermedades del sistema circulatorio;De 45 a 49 años;Hombres;122
Total Nacional;10 Comunitat Valenciana;053-061 IX.Enfermedades del sistema circulatorio;De 45 a 49 años;Mujeres;35
Total Nacional;10 Comunitat Valenciana;053-061 IX.Enfermedades del sistema circulatorio;De 50 a 54 años;Hombres;201
Total Nacional;10 Comunitat Valenciana;053-061 IX.Enfermedades del sistema circulatorio;De 50 a 54 años;Mujeres;45
Total Nacional;10 Comunitat Valenciana;053-061 IX.Enfermedades del sistema circulatorio;De 55 a 59 años;Hombres;298
Total Nacional;10 Comunitat Valenciana;053-061 IX.Enfermedades del sistema circulatorio;De 55 a 59 años;Mujeres;96
Total Nacional;10 Comunitat Valenciana;053-061 IX.Enfermedades del sistema circulatorio;De 60 a 64 años;Hombres;359
Total Nacional;10 Comunitat Valenciana;053-061 IX.Enfermedades del sistema circulatorio;De 60 a 64 años;Mujeres;126
Total Nacional;10 Comunitat Valenciana;053-061 IX.Enfermedades del sistema circulatorio;De 65 a 69 años;Hombres;464
Total Nacional;10 Comunitat Valenciana;053-061 IX.Enfermedades del sistema circulatorio;De 65 a 69 años;Mujeres;166
Total Nacional;10 Comunitat Valenciana;053-061 IX.Enfermedades del sistema circulatorio;De 70 a 74 años;Hombres;579
Total Nacional;10 Comunitat Valenciana;053-061 IX.Enfermedades del sistema circulatorio;De 70 a 74 años;Mujeres;282
Total Nacional;10 Comunitat Valenciana;053-061 IX.Enfermedades del sistema circulatorio;De 75 a 79 años;Hombres;755
Total Nacional;10 Comunitat Valenciana;053-061 IX.Enfermedades del sistema circulatorio;De 75 a 79 años;Mujeres;506
Total Nacional;10 Comunitat Valenciana;053-061 IX.Enfermedades del sistema circulatorio;De 80 a 84 años;Hombres;877
Total Nacional;10 Comunitat Valenciana;053-061 IX.Enfermedades del sistema circulatorio;De 80 a 84 años;Mujeres;843
Total Nacional;10 Comunitat Valenciana;053-061 IX.Enfermedades del sistema circulatorio;De 85 a 89 años;Hombres;1.026
Total Nacional;10 Comunitat Valenciana;053-061 IX.Enfermedades del sistema circulatorio;De 85 a 89 años;Mujeres;1.413
Total Nacional;10 Comunitat Valenciana;053-061 IX.Enfermedades del sistema circulatorio;De 90 a 94 años;Hombres;909
Total Nacional;10 Comunitat Valenciana;053-061 IX.Enfermedades del sistema circulatorio;De 90 a 94 años;Mujeres;1.697
Total Nacional;10 Comunitat Valenciana;053-061 IX.Enfermedades del sistema circulatorio;De 95 años y más;Hombres;352
Total Nacional;10 Comunitat Valenciana;053-061 IX.Enfermedades del sistema circulatorio;De 95 años y más;Mujeres;1.047
Total Nacional;10 Comunitat Valenciana;062-067 X.Enfermedades del sistema respiratorio;De 1 a 14 años;Hombres;0
Total Nacional;10 Comunitat Valenciana;062-067 X.Enfermedades del sistema respiratorio;De 1 a 14 años;Mujeres;0
Total Nacional;10 Comunitat Valenciana;062-067 X.Enfermedades del sistema respiratorio;De 15 a 29 años;Hombres;8
Total Nacional;10 Comunitat Valenciana;062-067 X.Enfermedades del sistema respiratorio;De 15 a 29 años;Mujeres;2
Total Nacional;10 Comunitat Valenciana;062-067 X.Enfermedades del sistema respiratorio;De 30 a 39 años;Hombres;4
Total Nacional;10 Comunitat Valenciana;062-067 X.Enfermedades del sistema respiratorio;De 30 a 39 años;Mujeres;2
Total Nacional;10 Comunitat Valenciana;062-067 X.Enfermedades del sistema respiratorio;De 40 a 44 años;Hombres;7
Total Nacional;10 Comunitat Valenciana;062-067 X.Enfermedades del sistema respiratorio;De 40 a 44 años;Mujeres;2
Total Nacional;10 Comunitat Valenciana;062-067 X.Enfermedades del sistema respiratorio;De 45 a 49 años;Hombres;14
Total Nacional;10 Comunitat Valenciana;062-067 X.Enfermedades del sistema respiratorio;De 45 a 49 años;Mujeres;6
Total Nacional;10 Comunitat Valenciana;062-067 X.Enfermedades del sistema respiratorio;De 50 a 54 años;Hombres;30
Total Nacional;10 Comunitat Valenciana;062-067 X.Enfermedades del sistema respiratorio;De 50 a 54 años;Mujeres;12
Total Nacional;10 Comunitat Valenciana;062-067 X.Enfermedades del sistema respiratorio;De 55 a 59 años;Hombres;46
Total Nacional;10 Comunitat Valenciana;062-067 X.Enfermedades del sistema respiratorio;De 55 a 59 años;Mujeres;28
Total Nacional;10 Comunitat Valenciana;062-067 X.Enfermedades del sistema respiratorio;De 60 a 64 años;Hombres;116
Total Nacional;10 Comunitat Valenciana;062-067 X.Enfermedades del sistema respiratorio;De 60 a 64 años;Mujeres;46
Total Nacional;10 Comunitat Valenciana;062-067 X.Enfermedades del sistema respiratorio;De 65 a 69 años;Hombres;147
Total Nacional;10 Comunitat Valenciana;062-067 X.Enfermedades del sistema respiratorio;De 65 a 69 años;Mujeres;68
Total Nacional;10 Comunitat Valenciana;062-067 X.Enfermedades del sistema respiratorio;De 70 a 74 años;Hombres;227
Total Nacional;10 Comunitat Valenciana;062-067 X.Enfermedades del sistema respiratorio;De 70 a 74 años;Mujeres;103
Total Nacional;10 Comunitat Valenciana;062-067 X.Enfermedades del sistema respiratorio;De 75 a 79 años;Hombres;366
Total Nacional;10 Comunitat Valenciana;062-067 X.Enfermedades del sistema respiratorio;De 75 a 79 años;Mujeres;184
Total Nacional;10 Comunitat Valenciana;062-067 X.Enfermedades del sistema respiratorio;De 80 a 84 años;Hombres;446
Total Nacional;10 Comunitat Valenciana;062-067 X.Enfermedades del sistema respiratorio;De 80 a 84 años;Mujeres;271
Total Nacional;10 Comunitat Valenciana;062-067 X.Enfermedades del sistema respiratorio;De 85 a 89 años;Hombres;553
Total Nacional;10 Comunitat Valenciana;062-067 X.Enfermedades del sistema respiratorio;De 85 a 89 años;Mujeres;448
Total Nacional;10 Comunitat Valenciana;062-067 X.Enfermedades del sistema respiratorio;De 90 a 94 años;Hombres;430
Total Nacional;10 Comunitat Valenciana;062-067 X.Enfermedades del sistema respiratorio;De 90 a 94 años;Mujeres;547
Total Nacional;10 Comunitat Valenciana;062-067 X.Enfermedades del sistema respiratorio;De 95 años y más;Hombres;160
Total Nacional;10 Comunitat Valenciana;062-067 X.Enfermedades del sistema respiratorio;De 95 años y más;Mujeres;284
Total Nacional;10 Comunitat Valenciana;068-072 XI.Enfermedades del sistema digestivo;De 1 a 14 años;Hombres;2
Total Nacional;10 Comunitat Valenciana;068-072 XI.Enfermedades del sistema digestivo;De 1 a 14 años;Mujeres;0
Total Nacional;10 Comunitat Valenciana;068-072 XI.Enfermedades del sistema digestivo;De 15 a 29 años;Hombres;2
Total Nacional;10 Comunitat Valenciana;068-072 XI.Enfermedades del sistema digestivo;De 15 a 29 años;Mujeres;0
Total Nacional;10 Comunitat Valenciana;068-072 XI.Enfermedades del sistema digestivo;De 30 a 39 años;Hombres;6
Total Nacional;10 Comunitat Valenciana;068-072 XI.Enfermedades del sistema digestivo;De 30 a 39 años;Mujeres;4
Total Nacional;10 Comunitat Valenciana;068-072 XI.Enfermedades del sistema digestivo;De 40 a 44 años;Hombres;18
Total Nacional;10 Comunitat Valenciana;068-072 XI.Enfermedades del sistema digestivo;De 40 a 44 años;Mujeres;5
Total Nacional;10 Comunitat Valenciana;068-072 XI.Enfermedades del sistema digestivo;De 45 a 49 años;Hombres;29
Total Nacional;10 Comunitat Valenciana;068-072 XI.Enfermedades del sistema digestivo;De 45 a 49 años;Mujeres;9
Total Nacional;10 Comunitat Valenciana;068-072 XI.Enfermedades del sistema digestivo;De 50 a 54 años;Hombres;57
Total Nacional;10 Comunitat Valenciana;068-072 XI.Enfermedades del sistema digestivo;De 50 a 54 años;Mujeres;17
Total Nacional;10 Comunitat Valenciana;068-072 XI.Enfermedades del sistema digestivo;De 55 a 59 años;Hombres;73
Total Nacional;10 Comunitat Valenciana;068-072 XI.Enfermedades del sistema digestivo;De 55 a 59 años;Mujeres;24
Total Nacional;10 Comunitat Valenciana;068-072 XI.Enfermedades del sistema digestivo;De 60 a 64 años;Hombres;96
Total Nacional;10 Comunitat Valenciana;068-072 XI.Enfermedades del sistema digestivo;De 60 a 64 años;Mujeres;36
Total Nacional;10 Comunitat Valenciana;068-072 XI.Enfermedades del sistema digestivo;De 65 a 69 años;Hombres;129
Total Nacional;10 Comunitat Valenciana;068-072 XI.Enfermedades del sistema digestivo;De 65 a 69 años;Mujeres;56
Total Nacional;10 Comunitat Valenciana;068-072 XI.Enfermedades del sistema digestivo;De 70 a 74 años;Hombres;144
Total Nacional;10 Comunitat Valenciana;068-072 XI.Enfermedades del sistema digestivo;De 70 a 74 años;Mujeres;82
Total Nacional;10 Comunitat Valenciana;068-072 XI.Enfermedades del sistema digestivo;De 75 a 79 años;Hombres;166
Total Nacional;10 Comunitat Valenciana;068-072 XI.Enfermedades del sistema digestivo;De 75 a 79 años;Mujeres;114
Total Nacional;10 Comunitat Valenciana;068-072 XI.Enfermedades del sistema digestivo;De 80 a 84 años;Hombres;161
Total Nacional;10 Comunitat Valenciana;068-072 XI.Enfermedades del sistema digestivo;De 80 a 84 años;Mujeres;175
Total Nacional;10 Comunitat Valenciana;068-072 XI.Enfermedades del sistema digestivo;De 85 a 89 años;Hombres;164
Total Nacional;10 Comunitat Valenciana;068-072 XI.Enfermedades del sistema digestivo;De 85 a 89 años;Mujeres;248
Total Nacional;10 Comunitat Valenciana;068-072 XI.Enfermedades del sistema digestivo;De 90 a 94 años;Hombres;105
Total Nacional;10 Comunitat Valenciana;068-072 XI.Enfermedades del sistema digestivo;De 90 a 94 años;Mujeres;256
Total Nacional;10 Comunitat Valenciana;068-072 XI.Enfermedades del sistema digestivo;De 95 años y más;Hombres;36
Total Nacional;10 Comunitat Valenciana;068-072 XI.Enfermedades del sistema digestivo;De 95 años y más;Mujeres;83
Total Nacional;10 Comunitat Valenciana;073 XII.Enfermedades de la piel y del tejido subcutáneo;De 1 a 14 años;Hombres;0
Total Nacional;10 Comunitat Valenciana;073 XII.Enfermedades de la piel y del tejido subcutáneo;De 1 a 14 años;Mujeres;0
Total Nacional;10 Comunitat Valenciana;073 XII.Enfermedades de la piel y del tejido subcutáneo;De 15 a 29 años;Hombres;0
Total Nacional;10 Comunitat Valenciana;073 XII.Enfermedades de la piel y del tejido subcutáneo;De 15 a 29 años;Mujeres;0
Total Nacional;10 Comunitat Valenciana;073 XII.Enfermedades de la piel y del tejido subcutáneo;De 30 a 39 años;Hombres;0
Total Nacional;10 Comunitat Valenciana;073 XII.Enfermedades de la piel y del tejido subcutáneo;De 30 a 39 años;Mujeres;0
Total Nacional;10 Comunitat Valenciana;073 XII.Enfermedades de la piel y del tejido subcutáneo;De 40 a 44 años;Hombres;2
Total Nacional;10 Comunitat Valenciana;073 XII.Enfermedades de la piel y del tejido subcutáneo;De 40 a 44 años;Mujeres;0
Total Nacional;10 Comunitat Valenciana;073 XII.Enfermedades de la piel y del tejido subcutáneo;De 45 a 49 años;Hombres;0
Total Nacional;10 Comunitat Valenciana;073 XII.Enfermedades de la piel y del tejido subcutáneo;De 45 a 49 años;Mujeres;0
Total Nacional;10 Comunitat Valenciana;073 XII.Enfermedades de la piel y del tejido subcutáneo;De 50 a 54 años;Hombres;2
Total Nacional;10 Comunitat Valenciana;073 XII.Enfermedades de la piel y del tejido subcutáneo;De 50 a 54 años;Mujeres;0
Total Nacional;10 Comunitat Valenciana;073 XII.Enfermedades de la piel y del tejido subcutáneo;De 55 a 59 años;Hombres;1
Total Nacional;10 Comunitat Valenciana;073 XII.Enfermedades de la piel y del tejido subcutáneo;De 55 a 59 años;Mujeres;1
Total Nacional;10 Comunitat Valenciana;073 XII.Enfermedades de la piel y del tejido subcutáneo;De 60 a 64 años;Hombres;4
Total Nacional;10 Comunitat Valenciana;073 XII.Enfermedades de la piel y del tejido subcutáneo;De 60 a 64 años;Mujeres;2
Total Nacional;10 Comunitat Valenciana;073 XII.Enfermedades de la piel y del tejido subcutáneo;De 65 a 69 años;Hombres;8
Total Nacional;10 Comunitat Valenciana;073 XII.Enfermedades de la piel y del tejido subcutáneo;De 65 a 69 años;Mujeres;1
Total Nacional;10 Comunitat Valenciana;073 XII.Enfermedades de la piel y del tejido subcutáneo;De 70 a 74 años;Hombres;2
Total Nacional;10 Comunitat Valenciana;073 XII.Enfermedades de la piel y del tejido subcutáneo;De 70 a 74 años;Mujeres;3
Total Nacional;10 Comunitat Valenciana;073 XII.Enfermedades de la piel y del tejido subcutáneo;De 75 a 79 años;Hombres;16
Total Nacional;10 Comunitat Valenciana;073 XII.Enfermedades de la piel y del tejido subcutáneo;De 75 a 79 años;Mujeres;19
Total Nacional;10 Comunitat Valenciana;073 XII.Enfermedades de la piel y del tejido subcutáneo;De 80 a 84 años;Hombres;15
Total Nacional;10 Comunitat Valenciana;073 XII.Enfermedades de la piel y del tejido subcutáneo;De 80 a 84 años;Mujeres;24
Total Nacional;10 Comunitat Valenciana;073 XII.Enfermedades de la piel y del tejido subcutáneo;De 85 a 89 años;Hombres;20
Total Nacional;10 Comunitat Valenciana;073 XII.Enfermedades de la piel y del tejido subcutáneo;De 85 a 89 años;Mujeres;38
Total Nacional;10 Comunitat Valenciana;073 XII.Enfermedades de la piel y del tejido subcutáneo;De 90 a 94 años;Hombres;15
Total Nacional;10 Comunitat Valenciana;073 XII.Enfermedades de la piel y del tejido subcutáneo;De 90 a 94 años;Mujeres;40
Total Nacional;10 Comunitat Valenciana;073 XII.Enfermedades de la piel y del tejido subcutáneo;De 95 años y más;Hombres;9
Total Nacional;10 Comunitat Valenciana;073 XII.Enfermedades de la piel y del tejido subcutáneo;De 95 años y más;Mujeres;33
Total Nacional;10 Comunitat Valenciana;074-076 XIII.Enfermedades del sistema osteomuscular y del tejido conjuntivo;De 1 a 14 años;Hombres;0
Total Nacional;10 Comunitat Valenciana;074-076 XIII.Enfermedades del sistema osteomuscular y del tejido conjuntivo;De 1 a 14 años;Mujeres;0
Total Nacional;10 Comunitat Valenciana;074-076 XIII.Enfermedades del sistema osteomuscular y del tejido conjuntivo;De 15 a 29 años;Hombres;0
Total Nacional;10 Comunitat Valenciana;074-076 XIII.Enfermedades del sistema osteomuscular y del tejido conjuntivo;De 15 a 29 años;Mujeres;0
Total Nacional;10 Comunitat Valenciana;074-076 XIII.Enfermedades del sistema osteomuscular y del tejido conjuntivo;De 30 a 39 años;Hombres;1
Total Nacional;10 Comunitat Valenciana;074-076 XIII.Enfermedades del sistema osteomuscular y del tejido conjuntivo;De 30 a 39 años;Mujeres;0
Total Nacional;10 Comunitat Valenciana;074-076 XIII.Enfermedades del sistema osteomuscular y del tejido conjuntivo;De 40 a 44 años;Hombres;0
Total Nacional;10 Comunitat Valenciana;074-076 XIII.Enfermedades del sistema osteomuscular y del tejido conjuntivo;De 40 a 44 años;Mujeres;0
Total Nacional;10 Comunitat Valenciana;074-076 XIII.Enfermedades del sistema osteomuscular y del tejido conjuntivo;De 45 a 49 años;Hombres;1
Total Nacional;10 Comunitat Valenciana;074-076 XIII.Enfermedades del sistema osteomuscular y del tejido conjuntivo;De 45 a 49 años;Mujeres;1
Total Nacional;10 Comunitat Valenciana;074-076 XIII.Enfermedades del sistema osteomuscular y del tejido conjuntivo;De 50 a 54 años;Hombres;2
Total Nacional;10 Comunitat Valenciana;074-076 XIII.Enfermedades del sistema osteomuscular y del tejido conjuntivo;De 50 a 54 años;Mujeres;2
Total Nacional;10 Comunitat Valenciana;074-076 XIII.Enfermedades del sistema osteomuscular y del tejido conjuntivo;De 55 a 59 años;Hombres;1
Total Nacional;10 Comunitat Valenciana;074-076 XIII.Enfermedades del sistema osteomuscular y del tejido conjuntivo;De 55 a 59 años;Mujeres;3
Total Nacional;10 Comunitat Valenciana;074-076 XIII.Enfermedades del sistema osteomuscular y del tejido conjuntivo;De 60 a 64 años;Hombres;5
Total Nacional;10 Comunitat Valenciana;074-076 XIII.Enfermedades del sistema osteomuscular y del tejido conjuntivo;De 60 a 64 años;Mujeres;4
Total Nacional;10 Comunitat Valenciana;074-076 XIII.Enfermedades del sistema osteomuscular y del tejido conjuntivo;De 65 a 69 años;Hombres;8
Total Nacional;10 Comunitat Valenciana;074-076 XIII.Enfermedades del sistema osteomuscular y del tejido conjuntivo;De 65 a 69 años;Mujeres;7
Total Nacional;10 Comunitat Valenciana;074-076 XIII.Enfermedades del sistema osteomuscular y del tejido conjuntivo;De 70 a 74 años;Hombres;6
Total Nacional;10 Comunitat Valenciana;074-076 XIII.Enfermedades del sistema osteomuscular y del tejido conjuntivo;De 70 a 74 años;Mujeres;7
Total Nacional;10 Comunitat Valenciana;074-076 XIII.Enfermedades del sistema osteomuscular y del tejido conjuntivo;De 75 a 79 años;Hombres;33
Total Nacional;10 Comunitat Valenciana;074-076 XIII.Enfermedades del sistema osteomuscular y del tejido conjuntivo;De 75 a 79 años;Mujeres;30
Total Nacional;10 Comunitat Valenciana;074-076 XIII.Enfermedades del sistema osteomuscular y del tejido conjuntivo;De 80 a 84 años;Hombres;28
Total Nacional;10 Comunitat Valenciana;074-076 XIII.Enfermedades del sistema osteomuscular y del tejido conjuntivo;De 80 a 84 años;Mujeres;45
Total Nacional;10 Comunitat Valenciana;074-076 XIII.Enfermedades del sistema osteomuscular y del tejido conjuntivo;De 85 a 89 años;Hombres;53
Total Nacional;10 Comunitat Valenciana;074-076 XIII.Enfermedades del sistema osteomuscular y del tejido conjuntivo;De 85 a 89 años;Mujeres;90
Total Nacional;10 Comunitat Valenciana;074-076 XIII.Enfermedades del sistema osteomuscular y del tejido conjuntivo;De 90 a 94 años;Hombres;49
Total Nacional;10 Comunitat Valenciana;074-076 XIII.Enfermedades del sistema osteomuscular y del tejido conjuntivo;De 90 a 94 años;Mujeres;94
Total Nacional;10 Comunitat Valenciana;074-076 XIII.Enfermedades del sistema osteomuscular y del tejido conjuntivo;De 95 años y más;Hombres;21
Total Nacional;10 Comunitat Valenciana;074-076 XIII.Enfermedades del sistema osteomuscular y del tejido conjuntivo;De 95 años y más;Mujeres;48
Total Nacional;10 Comunitat Valenciana;077-080 XIV.Enfermedades del sistema genitourinario;De 1 a 14 años;Hombres;0
Total Nacional;10 Comunitat Valenciana;077-080 XIV.Enfermedades del sistema genitourinario;De 1 a 14 años;Mujeres;0
Total Nacional;10 Comunitat Valenciana;077-080 XIV.Enfermedades del sistema genitourinario;De 15 a 29 años;Hombres;0
Total Nacional;10 Comunitat Valenciana;077-080 XIV.Enfermedades del sistema genitourinario;De 15 a 29 años;Mujeres;0
Total Nacional;10 Comunitat Valenciana;077-080 XIV.Enfermedades del sistema genitourinario;De 30 a 39 años;Hombres;1
Total Nacional;10 Comunitat Valenciana;077-080 XIV.Enfermedades del sistema genitourinario;De 30 a 39 años;Mujeres;1
Total Nacional;10 Comunitat Valenciana;077-080 XIV.Enfermedades del sistema genitourinario;De 40 a 44 años;Hombres;0
Total Nacional;10 Comunitat Valenciana;077-080 XIV.Enfermedades del sistema genitourinario;De 40 a 44 años;Mujeres;0
Total Nacional;10 Comunitat Valenciana;077-080 XIV.Enfermedades del sistema genitourinario;De 45 a 49 años;Hombres;0
Total Nacional;10 Comunitat Valenciana;077-080 XIV.Enfermedades del sistema genitourinario;De 45 a 49 años;Mujeres;2
Total Nacional;10 Comunitat Valenciana;077-080 XIV.Enfermedades del sistema genitourinario;De 50 a 54 años;Hombres;5
Total Nacional;10 Comunitat Valenciana;077-080 XIV.Enfermedades del sistema genitourinario;De 50 a 54 años;Mujeres;6
Total Nacional;10 Comunitat Valenciana;077-080 XIV.Enfermedades del sistema genitourinario;De 55 a 59 años;Hombres;7
Total Nacional;10 Comunitat Valenciana;077-080 XIV.Enfermedades del sistema genitourinario;De 55 a 59 años;Mujeres;4
Total Nacional;10 Comunitat Valenciana;077-080 XIV.Enfermedades del sistema genitourinario;De 60 a 64 años;Hombres;20
Total Nacional;10 Comunitat Valenciana;077-080 XIV.Enfermedades del sistema genitourinario;De 60 a 64 años;Mujeres;12
Total Nacional;10 Comunitat Valenciana;077-080 XIV.Enfermedades del sistema genitourinario;De 65 a 69 años;Hombres;23
Total Nacional;10 Comunitat Valenciana;077-080 XIV.Enfermedades del sistema genitourinario;De 65 a 69 años;Mujeres;14
Total Nacional;10 Comunitat Valenciana;077-080 XIV.Enfermedades del sistema genitourinario;De 70 a 74 años;Hombres;54
Total Nacional;10 Comunitat Valenciana;077-080 XIV.Enfermedades del sistema genitourinario;De 70 a 74 años;Mujeres;42
Total Nacional;10 Comunitat Valenciana;077-080 XIV.Enfermedades del sistema genitourinario;De 75 a 79 años;Hombres;114
Total Nacional;10 Comunitat Valenciana;077-080 XIV.Enfermedades del sistema genitourinario;De 75 a 79 años;Mujeres;87
Total Nacional;10 Comunitat Valenciana;077-080 XIV.Enfermedades del sistema genitourinario;De 80 a 84 años;Hombres;190
Total Nacional;10 Comunitat Valenciana;077-080 XIV.Enfermedades del sistema genitourinario;De 80 a 84 años;Mujeres;170
Total Nacional;10 Comunitat Valenciana;077-080 XIV.Enfermedades del sistema genitourinario;De 85 a 89 años;Hombres;225
Total Nacional;10 Comunitat Valenciana;077-080 XIV.Enfermedades del sistema genitourinario;De 85 a 89 años;Mujeres;274
Total Nacional;10 Comunitat Valenciana;077-080 XIV.Enfermedades del sistema genitourinario;De 90 a 94 años;Hombres;188
Total Nacional;10 Comunitat Valenciana;077-080 XIV.Enfermedades del sistema genitourinario;De 90 a 94 años;Mujeres;326
Total Nacional;10 Comunitat Valenciana;077-080 XIV.Enfermedades del sistema genitourinario;De 95 años y más;Hombres;99
Total Nacional;10 Comunitat Valenciana;077-080 XIV.Enfermedades del sistema genitourinario;De 95 años y más;Mujeres;189
Total Nacional;10 Comunitat Valenciana;081 XV.Embarazo, parto y puerperio;De 1 a 14 años;Hombres;0
Total Nacional;10 Comunitat Valenciana;081 XV.Embarazo, parto y puerperio;De 1 a 14 años;Mujeres;0
Total Nacional;10 Comunitat Valenciana;081 XV.Embarazo, parto y puerperio;De 15 a 29 años;Hombres;0
Total Nacional;10 Comunitat Valenciana;081 XV.Embarazo, parto y puerperio;De 15 a 29 años;Mujeres;0
Total Nacional;10 Comunitat Valenciana;081 XV.Embarazo, parto y puerperio;De 30 a 39 años;Hombres;0
Total Nacional;10 Comunitat Valenciana;081 XV.Embarazo, parto y puerperio;De 30 a 39 años;Mujeres;0
Total Nacional;10 Comunitat Valenciana;081 XV.Embarazo, parto y puerperio;De 40 a 44 años;Hombres;0
Total Nacional;10 Comunitat Valenciana;081 XV.Embarazo, parto y puerperio;De 40 a 44 años;Mujeres;1
Total Nacional;10 Comunitat Valenciana;081 XV.Embarazo, parto y puerperio;De 45 a 49 años;Hombres;0
Total Nacional;10 Comunitat Valenciana;081 XV.Embarazo, parto y puerperio;De 45 a 49 años;Mujeres;0
Total Nacional;10 Comunitat Valenciana;081 XV.Embarazo, parto y puerperio;De 50 a 54 años;Hombres;0
Total Nacional;10 Comunitat Valenciana;081 XV.Embarazo, parto y puerperio;De 50 a 54 años;Mujeres;0
Total Nacional;10 Comunitat Valenciana;081 XV.Embarazo, parto y puerperio;De 55 a 59 años;Hombres;0
Total Nacional;10 Comunitat Valenciana;081 XV.Embarazo, parto y puerperio;De 55 a 59 años;Mujeres;0
Total Nacional;10 Comunitat Valenciana;081 XV.Embarazo, parto y puerperio;De 60 a 64 años;Hombres;0
Total Nacional;10 Comunitat Valenciana;081 XV.Embarazo, parto y puerperio;De 60 a 64 años;Mujeres;0
Total Nacional;10 Comunitat Valenciana;081 XV.Embarazo, parto y puerperio;De 65 a 69 años;Hombres;0
Total Nacional;10 Comunitat Valenciana;081 XV.Embarazo, parto y puerperio;De 65 a 69 años;Mujeres;0
Total Nacional;10 Comunitat Valenciana;081 XV.Embarazo, parto y puerperio;De 70 a 74 años;Hombres;0
Total Nacional;10 Comunitat Valenciana;081 XV.Embarazo, parto y puerperio;De 70 a 74 años;Mujeres;0
Total Nacional;10 Comunitat Valenciana;081 XV.Embarazo, parto y puerperio;De 75 a 79 años;Hombres;0
Total Nacional;10 Comunitat Valenciana;081 XV.Embarazo, parto y puerperio;De 75 a 79 años;Mujeres;0
Total Nacional;10 Comunitat Valenciana;081 XV.Embarazo, parto y puerperio;De 80 a 84 años;Hombres;0
Total Nacional;10 Comunitat Valenciana;081 XV.Embarazo, parto y puerperio;De 80 a 84 años;Mujeres;0
Total Nacional;10 Comunitat Valenciana;081 XV.Embarazo, parto y puerperio;De 85 a 89 años;Hombres;0
Total Nacional;10 Comunitat Valenciana;081 XV.Embarazo, parto y puerperio;De 85 a 89 años;Mujeres;0
Total Nacional;10 Comunitat Valenciana;081 XV.Embarazo, parto y puerperio;De 90 a 94 años;Hombres;0
Total Nacional;10 Comunitat Valenciana;081 XV.Embarazo, parto y puerperio;De 90 a 94 años;Mujeres;0
Total Nacional;10 Comunitat Valenciana;081 XV.Embarazo, parto y puerperio;De 95 años y más;Hombres;0
Total Nacional;10 Comunitat Valenciana;081 XV.Embarazo, parto y puerperio;De 95 años y más;Mujeres;0
Total Nacional;10 Comunitat Valenciana;082 XVI.Afecciones originadas en el periodo perinatal;De 1 a 14 años;Hombres;1
Total Nacional;10 Comunitat Valenciana;082 XVI.Afecciones originadas en el periodo perinatal;De 1 a 14 años;Mujeres;0
Total Nacional;10 Comunitat Valenciana;082 XVI.Afecciones originadas en el periodo perinatal;De 15 a 29 años;Hombres;0
Total Nacional;10 Comunitat Valenciana;082 XVI.Afecciones originadas en el periodo perinatal;De 15 a 29 años;Mujeres;0
Total Nacional;10 Comunitat Valenciana;082 XVI.Afecciones originadas en el periodo perinatal;De 30 a 39 años;Hombres;0
Total Nacional;10 Comunitat Valenciana;082 XVI.Afecciones originadas en el periodo perinatal;De 30 a 39 años;Mujeres;0
Total Nacional;10 Comunitat Valenciana;082 XVI.Afecciones originadas en el periodo perinatal;De 40 a 44 años;Hombres;0
Total Nacional;10 Comunitat Valenciana;082 XVI.Afecciones originadas en el periodo perinatal;De 40 a 44 años;Mujeres;0
Total Nacional;10 Comunitat Valenciana;082 XVI.Afecciones originadas en el periodo perinatal;De 45 a 49 años;Hombres;0
Total Nacional;10 Comunitat Valenciana;082 XVI.Afecciones originadas en el periodo perinatal;De 45 a 49 años;Mujeres;0
Total Nacional;10 Comunitat Valenciana;082 XVI.Afecciones originadas en el periodo perinatal;De 50 a 54 años;Hombres;0
Total Nacional;10 Comunitat Valenciana;082 XVI.Afecciones originadas en el periodo perinatal;De 50 a 54 años;Mujeres;0
Total Nacional;10 Comunitat Valenciana;082 XVI.Afecciones originadas en el periodo perinatal;De 55 a 59 años;Hombres;0
Total Nacional;10 Comunitat Valenciana;082 XVI.Afecciones originadas en el periodo perinatal;De 55 a 59 años;Mujeres;0
Total Nacional;10 Comunitat Valenciana;082 XVI.Afecciones originadas en el periodo perinatal;De 60 a 64 años;Hombres;0
Total Nacional;10 Comunitat Valenciana;082 XVI.Afecciones originadas en el periodo perinatal;De 60 a 64 años;Mujeres;0
Total Nacional;10 Comunitat Valenciana;082 XVI.Afecciones originadas en el periodo perinatal;De 65 a 69 años;Hombres;0
Total Nacional;10 Comunitat Valenciana;082 XVI.Afecciones originadas en el periodo perinatal;De 65 a 69 años;Mujeres;0
Total Nacional;10 Comunitat Valenciana;082 XVI.Afecciones originadas en el periodo perinatal;De 70 a 74 años;Hombres;0
Total Nacional;10 Comunitat Valenciana;082 XVI.Afecciones originadas en el periodo perinatal;De 70 a 74 años;Mujeres;0
Total Nacional;10 Comunitat Valenciana;082 XVI.Afecciones originadas en el periodo perinatal;De 75 a 79 años;Hombres;0
Total Nacional;10 Comunitat Valenciana;082 XVI.Afecciones originadas en el periodo perinatal;De 75 a 79 años;Mujeres;0
Total Nacional;10 Comunitat Valenciana;082 XVI.Afecciones originadas en el periodo perinatal;De 80 a 84 años;Hombres;0
Total Nacional;10 Comunitat Valenciana;082 XVI.Afecciones originadas en el periodo perinatal;De 80 a 84 años;Mujeres;0
Total Nacional;10 Comunitat Valenciana;082 XVI.Afecciones originadas en el periodo perinatal;De 85 a 89 años;Hombres;0
Total Nacional;10 Comunitat Valenciana;082 XVI.Afecciones originadas en el periodo perinatal;De 85 a 89 años;Mujeres;0
Total Nacional;10 Comunitat Valenciana;082 XVI.Afecciones originadas en el periodo perinatal;De 90 a 94 años;Hombres;0
Total Nacional;10 Comunitat Valenciana;082 XVI.Afecciones originadas en el periodo perinatal;De 90 a 94 años;Mujeres;0
Total Nacional;10 Comunitat Valenciana;082 XVI.Afecciones originadas en el periodo perinatal;De 95 años y más;Hombres;0
Total Nacional;10 Comunitat Valenciana;082 XVI.Afecciones originadas en el periodo perinatal;De 95 años y más;Mujeres;0
Total Nacional;10 Comunitat Valenciana;083-085 XVII.Malformaciones congénitas, deformidades y anomalías cromosómicas;De 1 a 14 años;Hombres;1
Total Nacional;10 Comunitat Valenciana;083-085 XVII.Malformaciones congénitas, deformidades y anomalías cromosómicas;De 1 a 14 años;Mujeres;3
Total Nacional;10 Comunitat Valenciana;083-085 XVII.Malformaciones congénitas, deformidades y anomalías cromosómicas;De 15 a 29 años;Hombres;3
Total Nacional;10 Comunitat Valenciana;083-085 XVII.Malformaciones congénitas, deformidades y anomalías cromosómicas;De 15 a 29 años;Mujeres;0
Total Nacional;10 Comunitat Valenciana;083-085 XVII.Malformaciones congénitas, deformidades y anomalías cromosómicas;De 30 a 39 años;Hombres;1
Total Nacional;10 Comunitat Valenciana;083-085 XVII.Malformaciones congénitas, deformidades y anomalías cromosómicas;De 30 a 39 años;Mujeres;2
Total Nacional;10 Comunitat Valenciana;083-085 XVII.Malformaciones congénitas, deformidades y anomalías cromosómicas;De 40 a 44 años;Hombres;0
Total Nacional;10 Comunitat Valenciana;083-085 XVII.Malformaciones congénitas, deformidades y anomalías cromosómicas;De 40 a 44 años;Mujeres;1
Total Nacional;10 Comunitat Valenciana;083-085 XVII.Malformaciones congénitas, deformidades y anomalías cromosómicas;De 45 a 49 años;Hombres;3
Total Nacional;10 Comunitat Valenciana;083-085 XVII.Malformaciones congénitas, deformidades y anomalías cromosómicas;De 45 a 49 años;Mujeres;2
Total Nacional;10 Comunitat Valenciana;083-085 XVII.Malformaciones congénitas, deformidades y anomalías cromosómicas;De 50 a 54 años;Hombres;3
Total Nacional;10 Comunitat Valenciana;083-085 XVII.Malformaciones congénitas, deformidades y anomalías cromosómicas;De 50 a 54 años;Mujeres;4
Total Nacional;10 Comunitat Valenciana;083-085 XVII.Malformaciones congénitas, deformidades y anomalías cromosómicas;De 55 a 59 años;Hombres;6
Total Nacional;10 Comunitat Valenciana;083-085 XVII.Malformaciones congénitas, deformidades y anomalías cromosómicas;De 55 a 59 años;Mujeres;5
Total Nacional;10 Comunitat Valenciana;083-085 XVII.Malformaciones congénitas, deformidades y anomalías cromosómicas;De 60 a 64 años;Hombres;4
Total Nacional;10 Comunitat Valenciana;083-085 XVII.Malformaciones congénitas, deformidades y anomalías cromosómicas;De 60 a 64 años;Mujeres;5
Total Nacional;10 Comunitat Valenciana;083-085 XVII.Malformaciones congénitas, deformidades y anomalías cromosómicas;De 65 a 69 años;Hombres;2
Total Nacional;10 Comunitat Valenciana;083-085 XVII.Malformaciones congénitas, deformidades y anomalías cromosómicas;De 65 a 69 años;Mujeres;3
Total Nacional;10 Comunitat Valenciana;083-085 XVII.Malformaciones congénitas, deformidades y anomalías cromosómicas;De 70 a 74 años;Hombres;4
Total Nacional;10 Comunitat Valenciana;083-085 XVII.Malformaciones congénitas, deformidades y anomalías cromosómicas;De 70 a 74 años;Mujeres;2
Total Nacional;10 Comunitat Valenciana;083-085 XVII.Malformaciones congénitas, deformidades y anomalías cromosómicas;De 75 a 79 años;Hombres;4
Total Nacional;10 Comunitat Valenciana;083-085 XVII.Malformaciones congénitas, deformidades y anomalías cromosómicas;De 75 a 79 años;Mujeres;3
Total Nacional;10 Comunitat Valenciana;083-085 XVII.Malformaciones congénitas, deformidades y anomalías cromosómicas;De 80 a 84 años;Hombres;1
Total Nacional;10 Comunitat Valenciana;083-085 XVII.Malformaciones congénitas, deformidades y anomalías cromosómicas;De 80 a 84 años;Mujeres;1
Total Nacional;10 Comunitat Valenciana;083-085 XVII.Malformaciones congénitas, deformidades y anomalías cromosómicas;De 85 a 89 años;Hombres;5
Total Nacional;10 Comunitat Valenciana;083-085 XVII.Malformaciones congénitas, deformidades y anomalías cromosómicas;De 85 a 89 años;Mujeres;3
Total Nacional;10 Comunitat Valenciana;083-085 XVII.Malformaciones congénitas, deformidades y anomalías cromosómicas;De 90 a 94 años;Hombres;0
Total Nacional;10 Comunitat Valenciana;083-085 XVII.Malformaciones congénitas, deformidades y anomalías cromosómicas;De 90 a 94 años;Mujeres;1
Total Nacional;10 Comunitat Valenciana;083-085 XVII.Malformaciones congénitas, deformidades y anomalías cromosómicas;De 95 años y más;Hombres;0
Total Nacional;10 Comunitat Valenciana;083-085 XVII.Malformaciones congénitas, deformidades y anomalías cromosómicas;De 95 años y más;Mujeres;1
Total Nacional;10 Comunitat Valenciana;086-089 XVIII.Síntomas, signos y hallazgos anormales clínicos y de laboratorio, no clasificados en otra parte;De 1 a 14 años;Hombres;1
Total Nacional;10 Comunitat Valenciana;086-089 XVIII.Síntomas, signos y hallazgos anormales clínicos y de laboratorio, no clasificados en otra parte;De 1 a 14 años;Mujeres;0
Total Nacional;10 Comunitat Valenciana;086-089 XVIII.Síntomas, signos y hallazgos anormales clínicos y de laboratorio, no clasificados en otra parte;De 15 a 29 años;Hombres;5
Total Nacional;10 Comunitat Valenciana;086-089 XVIII.Síntomas, signos y hallazgos anormales clínicos y de laboratorio, no clasificados en otra parte;De 15 a 29 años;Mujeres;1
Total Nacional;10 Comunitat Valenciana;086-089 XVIII.Síntomas, signos y hallazgos anormales clínicos y de laboratorio, no clasificados en otra parte;De 30 a 39 años;Hombres;6
Total Nacional;10 Comunitat Valenciana;086-089 XVIII.Síntomas, signos y hallazgos anormales clínicos y de laboratorio, no clasificados en otra parte;De 30 a 39 años;Mujeres;5
Total Nacional;10 Comunitat Valenciana;086-089 XVIII.Síntomas, signos y hallazgos anormales clínicos y de laboratorio, no clasificados en otra parte;De 40 a 44 años;Hombres;13
Total Nacional;10 Comunitat Valenciana;086-089 XVIII.Síntomas, signos y hallazgos anormales clínicos y de laboratorio, no clasificados en otra parte;De 40 a 44 años;Mujeres;2
Total Nacional;10 Comunitat Valenciana;086-089 XVIII.Síntomas, signos y hallazgos anormales clínicos y de laboratorio, no clasificados en otra parte;De 45 a 49 años;Hombres;8
Total Nacional;10 Comunitat Valenciana;086-089 XVIII.Síntomas, signos y hallazgos anormales clínicos y de laboratorio, no clasificados en otra parte;De 45 a 49 años;Mujeres;2
Total Nacional;10 Comunitat Valenciana;086-089 XVIII.Síntomas, signos y hallazgos anormales clínicos y de laboratorio, no clasificados en otra parte;De 50 a 54 años;Hombres;12
Total Nacional;10 Comunitat Valenciana;086-089 XVIII.Síntomas, signos y hallazgos anormales clínicos y de laboratorio, no clasificados en otra parte;De 50 a 54 años;Mujeres;4
Total Nacional;10 Comunitat Valenciana;086-089 XVIII.Síntomas, signos y hallazgos anormales clínicos y de laboratorio, no clasificados en otra parte;De 55 a 59 años;Hombres;23
Total Nacional;10 Comunitat Valenciana;086-089 XVIII.Síntomas, signos y hallazgos anormales clínicos y de laboratorio, no clasificados en otra parte;De 55 a 59 años;Mujeres;7
Total Nacional;10 Comunitat Valenciana;086-089 XVIII.Síntomas, signos y hallazgos anormales clínicos y de laboratorio, no clasificados en otra parte;De 60 a 64 años;Hombres;13
Total Nacional;10 Comunitat Valenciana;086-089 XVIII.Síntomas, signos y hallazgos anormales clínicos y de laboratorio, no clasificados en otra parte;De 60 a 64 años;Mujeres;9
Total Nacional;10 Comunitat Valenciana;086-089 XVIII.Síntomas, signos y hallazgos anormales clínicos y de laboratorio, no clasificados en otra parte;De 65 a 69 años;Hombres;15
Total Nacional;10 Comunitat Valenciana;086-089 XVIII.Síntomas, signos y hallazgos anormales clínicos y de laboratorio, no clasificados en otra parte;De 65 a 69 años;Mujeres;11
Total Nacional;10 Comunitat Valenciana;086-089 XVIII.Síntomas, signos y hallazgos anormales clínicos y de laboratorio, no clasificados en otra parte;De 70 a 74 años;Hombres;19
Total Nacional;10 Comunitat Valenciana;086-089 XVIII.Síntomas, signos y hallazgos anormales clínicos y de laboratorio, no clasificados en otra parte;De 70 a 74 años;Mujeres;9
Total Nacional;10 Comunitat Valenciana;086-089 XVIII.Síntomas, signos y hallazgos anormales clínicos y de laboratorio, no clasificados en otra parte;De 75 a 79 años;Hombres;26
Total Nacional;10 Comunitat Valenciana;086-089 XVIII.Síntomas, signos y hallazgos anormales clínicos y de laboratorio, no clasificados en otra parte;De 75 a 79 años;Mujeres;17
Total Nacional;10 Comunitat Valenciana;086-089 XVIII.Síntomas, signos y hallazgos anormales clínicos y de laboratorio, no clasificados en otra parte;De 80 a 84 años;Hombres;42
Total Nacional;10 Comunitat Valenciana;086-089 XVIII.Síntomas, signos y hallazgos anormales clínicos y de laboratorio, no clasificados en otra parte;De 80 a 84 años;Mujeres;28
Total Nacional;10 Comunitat Valenciana;086-089 XVIII.Síntomas, signos y hallazgos anormales clínicos y de laboratorio, no clasificados en otra parte;De 85 a 89 años;Hombres;39
Total Nacional;10 Comunitat Valenciana;086-089 XVIII.Síntomas, signos y hallazgos anormales clínicos y de laboratorio, no clasificados en otra parte;De 85 a 89 años;Mujeres;59
Total Nacional;10 Comunitat Valenciana;086-089 XVIII.Síntomas, signos y hallazgos anormales clínicos y de laboratorio, no clasificados en otra parte;De 90 a 94 años;Hombres;36
Total Nacional;10 Comunitat Valenciana;086-089 XVIII.Síntomas, signos y hallazgos anormales clínicos y de laboratorio, no clasificados en otra parte;De 90 a 94 años;Mujeres;73
Total Nacional;10 Comunitat Valenciana;086-089 XVIII.Síntomas, signos y hallazgos anormales clínicos y de laboratorio, no clasificados en otra parte;De 95 años y más;Hombres;27
Total Nacional;10 Comunitat Valenciana;086-089 XVIII.Síntomas, signos y hallazgos anormales clínicos y de laboratorio, no clasificados en otra parte;De 95 años y más;Mujeres;74
Total Nacional;10 Comunitat Valenciana;090-102 XX.Causas externas de mortalidad;De 1 a 14 años;Hombres;10
Total Nacional;10 Comunitat Valenciana;090-102 XX.Causas externas de mortalidad;De 1 a 14 años;Mujeres;9
Total Nacional;10 Comunitat Valenciana;090-102 XX.Causas externas de mortalidad;De 15 a 29 años;Hombres;89
Total Nacional;10 Comunitat Valenciana;090-102 XX.Causas externas de mortalidad;De 15 a 29 años;Mujeres;38
Total Nacional;10 Comunitat Valenciana;090-102 XX.Causas externas de mortalidad;De 30 a 39 años;Hombres;112
Total Nacional;10 Comunitat Valenciana;090-102 XX.Causas externas de mortalidad;De 30 a 39 años;Mujeres;24
Total Nacional;10 Comunitat Valenciana;090-102 XX.Causas externas de mortalidad;De 40 a 44 años;Hombres;65
Total Nacional;10 Comunitat Valenciana;090-102 XX.Causas externas de mortalidad;De 40 a 44 años;Mujeres;11
Total Nacional;10 Comunitat Valenciana;090-102 XX.Causas externas de mortalidad;De 45 a 49 años;Hombres;95
Total Nacional;10 Comunitat Valenciana;090-102 XX.Causas externas de mortalidad;De 45 a 49 años;Mujeres;28
Total Nacional;10 Comunitat Valenciana;090-102 XX.Causas externas de mortalidad;De 50 a 54 años;Hombres;98
Total Nacional;10 Comunitat Valenciana;090-102 XX.Causas externas de mortalidad;De 50 a 54 años;Mujeres;31
Total Nacional;10 Comunitat Valenciana;090-102 XX.Causas externas de mortalidad;De 55 a 59 años;Hombres;117
Total Nacional;10 Comunitat Valenciana;090-102 XX.Causas externas de mortalidad;De 55 a 59 años;Mujeres;49
Total Nacional;10 Comunitat Valenciana;090-102 XX.Causas externas de mortalidad;De 60 a 64 años;Hombres;106
Total Nacional;10 Comunitat Valenciana;090-102 XX.Causas externas de mortalidad;De 60 a 64 años;Mujeres;33
Total Nacional;10 Comunitat Valenciana;090-102 XX.Causas externas de mortalidad;De 65 a 69 años;Hombres;83
Total Nacional;10 Comunitat Valenciana;090-102 XX.Causas externas de mortalidad;De 65 a 69 años;Mujeres;29
Total Nacional;10 Comunitat Valenciana;090-102 XX.Causas externas de mortalidad;De 70 a 74 años;Hombres;99
Total Nacional;10 Comunitat Valenciana;090-102 XX.Causas externas de mortalidad;De 70 a 74 años;Mujeres;51
Total Nacional;10 Comunitat Valenciana;090-102 XX.Causas externas de mortalidad;De 75 a 79 años;Hombres;104
Total Nacional;10 Comunitat Valenciana;090-102 XX.Causas externas de mortalidad;De 75 a 79 años;Mujeres;54
Total Nacional;10 Comunitat Valenciana;090-102 XX.Causas externas de mortalidad;De 80 a 84 años;Hombres;95
Total Nacional;10 Comunitat Valenciana;090-102 XX.Causas externas de mortalidad;De 80 a 84 años;Mujeres;115
Total Nacional;10 Comunitat Valenciana;090-102 XX.Causas externas de mortalidad;De 85 a 89 años;Hombres;102
Total Nacional;10 Comunitat Valenciana;090-102 XX.Causas externas de mortalidad;De 85 a 89 años;Mujeres;98
Total Nacional;10 Comunitat Valenciana;090-102 XX.Causas externas de mortalidad;De 90 a 94 años;Hombres;82
Total Nacional;10 Comunitat Valenciana;090-102 XX.Causas externas de mortalidad;De 90 a 94 años;Mujeres;116
Total Nacional;10 Comunitat Valenciana;090-102 XX.Causas externas de mortalidad;De 95 años y más;Hombres;20
Total Nacional;10 Comunitat Valenciana;090-102 XX.Causas externas de mortalidad;De 95 años y más;Mujeres;47
Total Nacional;11 Extremadura;001-008 I.Enfermedades infecciosas y parasitarias;De 1 a 14 años;Hombres;0
Total Nacional;11 Extremadura;001-008 I.Enfermedades infecciosas y parasitarias;De 1 a 14 años;Mujeres;0
Total Nacional;11 Extremadura;001-008 I.Enfermedades infecciosas y parasitarias;De 15 a 29 años;Hombres;0
Total Nacional;11 Extremadura;001-008 I.Enfermedades infecciosas y parasitarias;De 15 a 29 años;Mujeres;0
Total Nacional;11 Extremadura;001-008 I.Enfermedades infecciosas y parasitarias;De 30 a 39 años;Hombres;1
Total Nacional;11 Extremadura;001-008 I.Enfermedades infecciosas y parasitarias;De 30 a 39 años;Mujeres;0
Total Nacional;11 Extremadura;001-008 I.Enfermedades infecciosas y parasitarias;De 40 a 44 años;Hombres;2
Total Nacional;11 Extremadura;001-008 I.Enfermedades infecciosas y parasitarias;De 40 a 44 años;Mujeres;0
Total Nacional;11 Extremadura;001-008 I.Enfermedades infecciosas y parasitarias;De 45 a 49 años;Hombres;2
Total Nacional;11 Extremadura;001-008 I.Enfermedades infecciosas y parasitarias;De 45 a 49 años;Mujeres;2
Total Nacional;11 Extremadura;001-008 I.Enfermedades infecciosas y parasitarias;De 50 a 54 años;Hombres;2
Total Nacional;11 Extremadura;001-008 I.Enfermedades infecciosas y parasitarias;De 50 a 54 años;Mujeres;3
Total Nacional;11 Extremadura;001-008 I.Enfermedades infecciosas y parasitarias;De 55 a 59 años;Hombres;7
Total Nacional;11 Extremadura;001-008 I.Enfermedades infecciosas y parasitarias;De 55 a 59 años;Mujeres;1
Total Nacional;11 Extremadura;001-008 I.Enfermedades infecciosas y parasitarias;De 60 a 64 años;Hombres;6
Total Nacional;11 Extremadura;001-008 I.Enfermedades infecciosas y parasitarias;De 60 a 64 años;Mujeres;5
Total Nacional;11 Extremadura;001-008 I.Enfermedades infecciosas y parasitarias;De 65 a 69 años;Hombres;14
Total Nacional;11 Extremadura;001-008 I.Enfermedades infecciosas y parasitarias;De 65 a 69 años;Mujeres;8
Total Nacional;11 Extremadura;001-008 I.Enfermedades infecciosas y parasitarias;De 70 a 74 años;Hombres;13
Total Nacional;11 Extremadura;001-008 I.Enfermedades infecciosas y parasitarias;De 70 a 74 años;Mujeres;7
Total Nacional;11 Extremadura;001-008 I.Enfermedades infecciosas y parasitarias;De 75 a 79 años;Hombres;20
Total Nacional;11 Extremadura;001-008 I.Enfermedades infecciosas y parasitarias;De 75 a 79 años;Mujeres;19
Total Nacional;11 Extremadura;001-008 I.Enfermedades infecciosas y parasitarias;De 80 a 84 años;Hombres;29
Total Nacional;11 Extremadura;001-008 I.Enfermedades infecciosas y parasitarias;De 80 a 84 años;Mujeres;27
Total Nacional;11 Extremadura;001-008 I.Enfermedades infecciosas y parasitarias;De 85 a 89 años;Hombres;39
Total Nacional;11 Extremadura;001-008 I.Enfermedades infecciosas y parasitarias;De 85 a 89 años;Mujeres;41
Total Nacional;11 Extremadura;001-008 I.Enfermedades infecciosas y parasitarias;De 90 a 94 años;Hombres;33
Total Nacional;11 Extremadura;001-008 I.Enfermedades infecciosas y parasitarias;De 90 a 94 años;Mujeres;31
Total Nacional;11 Extremadura;001-008 I.Enfermedades infecciosas y parasitarias;De 95 años y más;Hombres;12
Total Nacional;11 Extremadura;001-008 I.Enfermedades infecciosas y parasitarias;De 95 años y más;Mujeres;17
Total Nacional;11 Extremadura;009-041 II.Tumores;De 1 a 14 años;Hombres;0
Total Nacional;11 Extremadura;009-041 II.Tumores;De 1 a 14 años;Mujeres;2
Total Nacional;11 Extremadura;009-041 II.Tumores;De 15 a 29 años;Hombres;3
Total Nacional;11 Extremadura;009-041 II.Tumores;De 15 a 29 años;Mujeres;1
Total Nacional;11 Extremadura;009-041 II.Tumores;De 30 a 39 años;Hombres;5
Total Nacional;11 Extremadura;009-041 II.Tumores;De 30 a 39 años;Mujeres;4
Total Nacional;11 Extremadura;009-041 II.Tumores;De 40 a 44 años;Hombres;7
Total Nacional;11 Extremadura;009-041 II.Tumores;De 40 a 44 años;Mujeres;7
Total Nacional;11 Extremadura;009-041 II.Tumores;De 45 a 49 años;Hombres;20
Total Nacional;11 Extremadura;009-041 II.Tumores;De 45 a 49 años;Mujeres;25
Total Nacional;11 Extremadura;009-041 II.Tumores;De 50 a 54 años;Hombres;42
Total Nacional;11 Extremadura;009-041 II.Tumores;De 50 a 54 años;Mujeres;42
Total Nacional;11 Extremadura;009-041 II.Tumores;De 55 a 59 años;Hombres;93
Total Nacional;11 Extremadura;009-041 II.Tumores;De 55 a 59 años;Mujeres;81
Total Nacional;11 Extremadura;009-041 II.Tumores;De 60 a 64 años;Hombres;172
Total Nacional;11 Extremadura;009-041 II.Tumores;De 60 a 64 años;Mujeres;107
Total Nacional;11 Extremadura;009-041 II.Tumores;De 65 a 69 años;Hombres;241
Total Nacional;11 Extremadura;009-041 II.Tumores;De 65 a 69 años;Mujeres;99
Total Nacional;11 Extremadura;009-041 II.Tumores;De 70 a 74 años;Hombres;262
Total Nacional;11 Extremadura;009-041 II.Tumores;De 70 a 74 años;Mujeres;102
Total Nacional;11 Extremadura;009-041 II.Tumores;De 75 a 79 años;Hombres;264
Total Nacional;11 Extremadura;009-041 II.Tumores;De 75 a 79 años;Mujeres;138
Total Nacional;11 Extremadura;009-041 II.Tumores;De 80 a 84 años;Hombres;267
Total Nacional;11 Extremadura;009-041 II.Tumores;De 80 a 84 años;Mujeres;162
Total Nacional;11 Extremadura;009-041 II.Tumores;De 85 a 89 años;Hombres;217
Total Nacional;11 Extremadura;009-041 II.Tumores;De 85 a 89 años;Mujeres;185
Total Nacional;11 Extremadura;009-041 II.Tumores;De 90 a 94 años;Hombres;125
Total Nacional;11 Extremadura;009-041 II.Tumores;De 90 a 94 años;Mujeres;150
Total Nacional;11 Extremadura;009-041 II.Tumores;De 95 años y más;Hombres;27
Total Nacional;11 Extremadura;009-041 II.Tumores;De 95 años y más;Mujeres;43
Total Nacional;11 Extremadura;050-052 VI-VIII.Enfermedades del sistema nervioso y de los órganos de los sentidos;De 1 a 14 años;Hombres;1
Total Nacional;11 Extremadura;050-052 VI-VIII.Enfermedades del sistema nervioso y de los órganos de los sentidos;De 1 a 14 años;Mujeres;0
Total Nacional;11 Extremadura;050-052 VI-VIII.Enfermedades del sistema nervioso y de los órganos de los sentidos;De 15 a 29 años;Hombres;1
Total Nacional;11 Extremadura;050-052 VI-VIII.Enfermedades del sistema nervioso y de los órganos de los sentidos;De 15 a 29 años;Mujeres;3
Total Nacional;11 Extremadura;050-052 VI-VIII.Enfermedades del sistema nervioso y de los órganos de los sentidos;De 30 a 39 años;Hombres;2
Total Nacional;11 Extremadura;050-052 VI-VIII.Enfermedades del sistema nervioso y de los órganos de los sentidos;De 30 a 39 años;Mujeres;2
Total Nacional;11 Extremadura;050-052 VI-VIII.Enfermedades del sistema nervioso y de los órganos de los sentidos;De 40 a 44 años;Hombres;1
Total Nacional;11 Extremadura;050-052 VI-VIII.Enfermedades del sistema nervioso y de los órganos de los sentidos;De 40 a 44 años;Mujeres;2
Total Nacional;11 Extremadura;050-052 VI-VIII.Enfermedades del sistema nervioso y de los órganos de los sentidos;De 45 a 49 años;Hombres;2
Total Nacional;11 Extremadura;050-052 VI-VIII.Enfermedades del sistema nervioso y de los órganos de los sentidos;De 45 a 49 años;Mujeres;1
Total Nacional;11 Extremadura;050-052 VI-VIII.Enfermedades del sistema nervioso y de los órganos de los sentidos;De 50 a 54 años;Hombres;11
Total Nacional;11 Extremadura;050-052 VI-VIII.Enfermedades del sistema nervioso y de los órganos de los sentidos;De 50 a 54 años;Mujeres;6
Total Nacional;11 Extremadura;050-052 VI-VIII.Enfermedades del sistema nervioso y de los órganos de los sentidos;De 55 a 59 años;Hombres;9
Total Nacional;11 Extremadura;050-052 VI-VIII.Enfermedades del sistema nervioso y de los órganos de los sentidos;De 55 a 59 años;Mujeres;7
Total Nacional;11 Extremadura;050-052 VI-VIII.Enfermedades del sistema nervioso y de los órganos de los sentidos;De 60 a 64 años;Hombres;15
Total Nacional;11 Extremadura;050-052 VI-VIII.Enfermedades del sistema nervioso y de los órganos de los sentidos;De 60 a 64 años;Mujeres;7
Total Nacional;11 Extremadura;050-052 VI-VIII.Enfermedades del sistema nervioso y de los órganos de los sentidos;De 65 a 69 años;Hombres;13
Total Nacional;11 Extremadura;050-052 VI-VIII.Enfermedades del sistema nervioso y de los órganos de los sentidos;De 65 a 69 años;Mujeres;11
Total Nacional;11 Extremadura;050-052 VI-VIII.Enfermedades del sistema nervioso y de los órganos de los sentidos;De 70 a 74 años;Hombres;25
Total Nacional;11 Extremadura;050-052 VI-VIII.Enfermedades del sistema nervioso y de los órganos de los sentidos;De 70 a 74 años;Mujeres;19
Total Nacional;11 Extremadura;050-052 VI-VIII.Enfermedades del sistema nervioso y de los órganos de los sentidos;De 75 a 79 años;Hombres;28
Total Nacional;11 Extremadura;050-052 VI-VIII.Enfermedades del sistema nervioso y de los órganos de los sentidos;De 75 a 79 años;Mujeres;39
Total Nacional;11 Extremadura;050-052 VI-VIII.Enfermedades del sistema nervioso y de los órganos de los sentidos;De 80 a 84 años;Hombres;48
Total Nacional;11 Extremadura;050-052 VI-VIII.Enfermedades del sistema nervioso y de los órganos de los sentidos;De 80 a 84 años;Mujeres;30
Total Nacional;11 Extremadura;050-052 VI-VIII.Enfermedades del sistema nervioso y de los órganos de los sentidos;De 85 a 89 años;Hombres;53
Total Nacional;11 Extremadura;050-052 VI-VIII.Enfermedades del sistema nervioso y de los órganos de los sentidos;De 85 a 89 años;Mujeres;60
Total Nacional;11 Extremadura;050-052 VI-VIII.Enfermedades del sistema nervioso y de los órganos de los sentidos;De 90 a 94 años;Hombres;36
Total Nacional;11 Extremadura;050-052 VI-VIII.Enfermedades del sistema nervioso y de los órganos de los sentidos;De 90 a 94 años;Mujeres;76
Total Nacional;11 Extremadura;050-052 VI-VIII.Enfermedades del sistema nervioso y de los órganos de los sentidos;De 95 años y más;Hombres;7
Total Nacional;11 Extremadura;050-052 VI-VIII.Enfermedades del sistema nervioso y de los órganos de los sentidos;De 95 años y más;Mujeres;28
Total Nacional;11 Extremadura;053-061 IX.Enfermedades del sistema circulatorio;De 1 a 14 años;Hombres;0
Total Nacional;11 Extremadura;053-061 IX.Enfermedades del sistema circulatorio;De 1 a 14 años;Mujeres;0
Total Nacional;11 Extremadura;053-061 IX.Enfermedades del sistema circulatorio;De 15 a 29 años;Hombres;1
Total Nacional;11 Extremadura;053-061 IX.Enfermedades del sistema circulatorio;De 15 a 29 años;Mujeres;2
Total Nacional;11 Extremadura;053-061 IX.Enfermedades del sistema circulatorio;De 30 a 39 años;Hombres;5
Total Nacional;11 Extremadura;053-061 IX.Enfermedades del sistema circulatorio;De 30 a 39 años;Mujeres;2
Total Nacional;11 Extremadura;053-061 IX.Enfermedades del sistema circulatorio;De 40 a 44 años;Hombres;8
Total Nacional;11 Extremadura;053-061 IX.Enfermedades del sistema circulatorio;De 40 a 44 años;Mujeres;3
Total Nacional;11 Extremadura;053-061 IX.Enfermedades del sistema circulatorio;De 45 a 49 años;Hombres;17
Total Nacional;11 Extremadura;053-061 IX.Enfermedades del sistema circulatorio;De 45 a 49 años;Mujeres;5
Total Nacional;11 Extremadura;053-061 IX.Enfermedades del sistema circulatorio;De 50 a 54 años;Hombres;40
Total Nacional;11 Extremadura;053-061 IX.Enfermedades del sistema circulatorio;De 50 a 54 años;Mujeres;9
Total Nacional;11 Extremadura;053-061 IX.Enfermedades del sistema circulatorio;De 55 a 59 años;Hombres;55
Total Nacional;11 Extremadura;053-061 IX.Enfermedades del sistema circulatorio;De 55 a 59 años;Mujeres;16
Total Nacional;11 Extremadura;053-061 IX.Enfermedades del sistema circulatorio;De 60 a 64 años;Hombres;77
Total Nacional;11 Extremadura;053-061 IX.Enfermedades del sistema circulatorio;De 60 a 64 años;Mujeres;29
Total Nacional;11 Extremadura;053-061 IX.Enfermedades del sistema circulatorio;De 65 a 69 años;Hombres;87
Total Nacional;11 Extremadura;053-061 IX.Enfermedades del sistema circulatorio;De 65 a 69 años;Mujeres;34
Total Nacional;11 Extremadura;053-061 IX.Enfermedades del sistema circulatorio;De 70 a 74 años;Hombres;125
Total Nacional;11 Extremadura;053-061 IX.Enfermedades del sistema circulatorio;De 70 a 74 años;Mujeres;55
Total Nacional;11 Extremadura;053-061 IX.Enfermedades del sistema circulatorio;De 75 a 79 años;Hombres;180
Total Nacional;11 Extremadura;053-061 IX.Enfermedades del sistema circulatorio;De 75 a 79 años;Mujeres;112
Total Nacional;11 Extremadura;053-061 IX.Enfermedades del sistema circulatorio;De 80 a 84 años;Hombres;217
Total Nacional;11 Extremadura;053-061 IX.Enfermedades del sistema circulatorio;De 80 a 84 años;Mujeres;206
Total Nacional;11 Extremadura;053-061 IX.Enfermedades del sistema circulatorio;De 85 a 89 años;Hombres;262
Total Nacional;11 Extremadura;053-061 IX.Enfermedades del sistema circulatorio;De 85 a 89 años;Mujeres;370
Total Nacional;11 Extremadura;053-061 IX.Enfermedades del sistema circulatorio;De 90 a 94 años;Hombres;256
Total Nacional;11 Extremadura;053-061 IX.Enfermedades del sistema circulatorio;De 90 a 94 años;Mujeres;495
Total Nacional;11 Extremadura;053-061 IX.Enfermedades del sistema circulatorio;De 95 años y más;Hombres;114
Total Nacional;11 Extremadura;053-061 IX.Enfermedades del sistema circulatorio;De 95 años y más;Mujeres;268
Total Nacional;11 Extremadura;062-067 X.Enfermedades del sistema respiratorio;De 1 a 14 años;Hombres;0
Total Nacional;11 Extremadura;062-067 X.Enfermedades del sistema respiratorio;De 1 a 14 años;Mujeres;0
Total Nacional;11 Extremadura;062-067 X.Enfermedades del sistema respiratorio;De 15 a 29 años;Hombres;1
Total Nacional;11 Extremadura;062-067 X.Enfermedades del sistema respiratorio;De 15 a 29 años;Mujeres;1
Total Nacional;11 Extremadura;062-067 X.Enfermedades del sistema respiratorio;De 30 a 39 años;Hombres;1
Total Nacional;11 Extremadura;062-067 X.Enfermedades del sistema respiratorio;De 30 a 39 años;Mujeres;0
Total Nacional;11 Extremadura;062-067 X.Enfermedades del sistema respiratorio;De 40 a 44 años;Hombres;1
Total Nacional;11 Extremadura;062-067 X.Enfermedades del sistema respiratorio;De 40 a 44 años;Mujeres;1
Total Nacional;11 Extremadura;062-067 X.Enfermedades del sistema respiratorio;De 45 a 49 años;Hombres;3
Total Nacional;11 Extremadura;062-067 X.Enfermedades del sistema respiratorio;De 45 a 49 años;Mujeres;1
Total Nacional;11 Extremadura;062-067 X.Enfermedades del sistema respiratorio;De 50 a 54 años;Hombres;9
Total Nacional;11 Extremadura;062-067 X.Enfermedades del sistema respiratorio;De 50 a 54 años;Mujeres;1
Total Nacional;11 Extremadura;062-067 X.Enfermedades del sistema respiratorio;De 55 a 59 años;Hombres;15
Total Nacional;11 Extremadura;062-067 X.Enfermedades del sistema respiratorio;De 55 a 59 años;Mujeres;3
Total Nacional;11 Extremadura;062-067 X.Enfermedades del sistema respiratorio;De 60 a 64 años;Hombres;35
Total Nacional;11 Extremadura;062-067 X.Enfermedades del sistema respiratorio;De 60 a 64 años;Mujeres;11
Total Nacional;11 Extremadura;062-067 X.Enfermedades del sistema respiratorio;De 65 a 69 años;Hombres;38
Total Nacional;11 Extremadura;062-067 X.Enfermedades del sistema respiratorio;De 65 a 69 años;Mujeres;13
Total Nacional;11 Extremadura;062-067 X.Enfermedades del sistema respiratorio;De 70 a 74 años;Hombres;53
Total Nacional;11 Extremadura;062-067 X.Enfermedades del sistema respiratorio;De 70 a 74 años;Mujeres;18
Total Nacional;11 Extremadura;062-067 X.Enfermedades del sistema respiratorio;De 75 a 79 años;Hombres;108
Total Nacional;11 Extremadura;062-067 X.Enfermedades del sistema respiratorio;De 75 a 79 años;Mujeres;33
Total Nacional;11 Extremadura;062-067 X.Enfermedades del sistema respiratorio;De 80 a 84 años;Hombres;136
Total Nacional;11 Extremadura;062-067 X.Enfermedades del sistema respiratorio;De 80 a 84 años;Mujeres;65
Total Nacional;11 Extremadura;062-067 X.Enfermedades del sistema respiratorio;De 85 a 89 años;Hombres;174
Total Nacional;11 Extremadura;062-067 X.Enfermedades del sistema respiratorio;De 85 a 89 años;Mujeres;166
Total Nacional;11 Extremadura;062-067 X.Enfermedades del sistema respiratorio;De 90 a 94 años;Hombres;193
Total Nacional;11 Extremadura;062-067 X.Enfermedades del sistema respiratorio;De 90 a 94 años;Mujeres;186
Total Nacional;11 Extremadura;062-067 X.Enfermedades del sistema respiratorio;De 95 años y más;Hombres;66
Total Nacional;11 Extremadura;062-067 X.Enfermedades del sistema respiratorio;De 95 años y más;Mujeres;111
Total Nacional;11 Extremadura;068-072 XI.Enfermedades del sistema digestivo;De 1 a 14 años;Hombres;0
Total Nacional;11 Extremadura;068-072 XI.Enfermedades del sistema digestivo;De 1 a 14 años;Mujeres;0
Total Nacional;11 Extremadura;068-072 XI.Enfermedades del sistema digestivo;De 15 a 29 años;Hombres;0
Total Nacional;11 Extremadura;068-072 XI.Enfermedades del sistema digestivo;De 15 a 29 años;Mujeres;0
Total Nacional;11 Extremadura;068-072 XI.Enfermedades del sistema digestivo;De 30 a 39 años;Hombres;2
Total Nacional;11 Extremadura;068-072 XI.Enfermedades del sistema digestivo;De 30 a 39 años;Mujeres;4
Total Nacional;11 Extremadura;068-072 XI.Enfermedades del sistema digestivo;De 40 a 44 años;Hombres;4
Total Nacional;11 Extremadura;068-072 XI.Enfermedades del sistema digestivo;De 40 a 44 años;Mujeres;0
Total Nacional;11 Extremadura;068-072 XI.Enfermedades del sistema digestivo;De 45 a 49 años;Hombres;4
Total Nacional;11 Extremadura;068-072 XI.Enfermedades del sistema digestivo;De 45 a 49 años;Mujeres;2
Total Nacional;11 Extremadura;068-072 XI.Enfermedades del sistema digestivo;De 50 a 54 años;Hombres;15
Total Nacional;11 Extremadura;068-072 XI.Enfermedades del sistema digestivo;De 50 a 54 años;Mujeres;4
Total Nacional;11 Extremadura;068-072 XI.Enfermedades del sistema digestivo;De 55 a 59 años;Hombres;18
Total Nacional;11 Extremadura;068-072 XI.Enfermedades del sistema digestivo;De 55 a 59 años;Mujeres;3
Total Nacional;11 Extremadura;068-072 XI.Enfermedades del sistema digestivo;De 60 a 64 años;Hombres;23
Total Nacional;11 Extremadura;068-072 XI.Enfermedades del sistema digestivo;De 60 a 64 años;Mujeres;6
Total Nacional;11 Extremadura;068-072 XI.Enfermedades del sistema digestivo;De 65 a 69 años;Hombres;28
Total Nacional;11 Extremadura;068-072 XI.Enfermedades del sistema digestivo;De 65 a 69 años;Mujeres;13
Total Nacional;11 Extremadura;068-072 XI.Enfermedades del sistema digestivo;De 70 a 74 años;Hombres;34
Total Nacional;11 Extremadura;068-072 XI.Enfermedades del sistema digestivo;De 70 a 74 años;Mujeres;14
Total Nacional;11 Extremadura;068-072 XI.Enfermedades del sistema digestivo;De 75 a 79 años;Hombres;42
Total Nacional;11 Extremadura;068-072 XI.Enfermedades del sistema digestivo;De 75 a 79 años;Mujeres;36
Total Nacional;11 Extremadura;068-072 XI.Enfermedades del sistema digestivo;De 80 a 84 años;Hombres;48
Total Nacional;11 Extremadura;068-072 XI.Enfermedades del sistema digestivo;De 80 a 84 años;Mujeres;33
Total Nacional;11 Extremadura;068-072 XI.Enfermedades del sistema digestivo;De 85 a 89 años;Hombres;51
Total Nacional;11 Extremadura;068-072 XI.Enfermedades del sistema digestivo;De 85 a 89 años;Mujeres;74
Total Nacional;11 Extremadura;068-072 XI.Enfermedades del sistema digestivo;De 90 a 94 años;Hombres;40
Total Nacional;11 Extremadura;068-072 XI.Enfermedades del sistema digestivo;De 90 a 94 años;Mujeres;82
Total Nacional;11 Extremadura;068-072 XI.Enfermedades del sistema digestivo;De 95 años y más;Hombres;17
Total Nacional;11 Extremadura;068-072 XI.Enfermedades del sistema digestivo;De 95 años y más;Mujeres;45
Total Nacional;11 Extremadura;073 XII.Enfermedades de la piel y del tejido subcutáneo;De 1 a 14 años;Hombres;0
Total Nacional;11 Extremadura;073 XII.Enfermedades de la piel y del tejido subcutáneo;De 1 a 14 años;Mujeres;0
Total Nacional;11 Extremadura;073 XII.Enfermedades de la piel y del tejido subcutáneo;De 15 a 29 años;Hombres;0
Total Nacional;11 Extremadura;073 XII.Enfermedades de la piel y del tejido subcutáneo;De 15 a 29 años;Mujeres;0
Total Nacional;11 Extremadura;073 XII.Enfermedades de la piel y del tejido subcutáneo;De 30 a 39 años;Hombres;0
Total Nacional;11 Extremadura;073 XII.Enfermedades de la piel y del tejido subcutáneo;De 30 a 39 años;Mujeres;0
Total Nacional;11 Extremadura;073 XII.Enfermedades de la piel y del tejido subcutáneo;De 40 a 44 años;Hombres;0
Total Nacional;11 Extremadura;073 XII.Enfermedades de la piel y del tejido subcutáneo;De 40 a 44 años;Mujeres;0
Total Nacional;11 Extremadura;073 XII.Enfermedades de la piel y del tejido subcutáneo;De 45 a 49 años;Hombres;0
Total Nacional;11 Extremadura;073 XII.Enfermedades de la piel y del tejido subcutáneo;De 45 a 49 años;Mujeres;0
Total Nacional;11 Extremadura;073 XII.Enfermedades de la piel y del tejido subcutáneo;De 50 a 54 años;Hombres;0
Total Nacional;11 Extremadura;073 XII.Enfermedades de la piel y del tejido subcutáneo;De 50 a 54 años;Mujeres;0
Total Nacional;11 Extremadura;073 XII.Enfermedades de la piel y del tejido subcutáneo;De 55 a 59 años;Hombres;1
Total Nacional;11 Extremadura;073 XII.Enfermedades de la piel y del tejido subcutáneo;De 55 a 59 años;Mujeres;1
Total Nacional;11 Extremadura;073 XII.Enfermedades de la piel y del tejido subcutáneo;De 60 a 64 años;Hombres;0
Total Nacional;11 Extremadura;073 XII.Enfermedades de la piel y del tejido subcutáneo;De 60 a 64 años;Mujeres;0
Total Nacional;11 Extremadura;073 XII.Enfermedades de la piel y del tejido subcutáneo;De 65 a 69 años;Hombres;1
Total Nacional;11 Extremadura;073 XII.Enfermedades de la piel y del tejido subcutáneo;De 65 a 69 años;Mujeres;1
Total Nacional;11 Extremadura;073 XII.Enfermedades de la piel y del tejido subcutáneo;De 70 a 74 años;Hombres;1
Total Nacional;11 Extremadura;073 XII.Enfermedades de la piel y del tejido subcutáneo;De 70 a 74 años;Mujeres;2
Total Nacional;11 Extremadura;073 XII.Enfermedades de la piel y del tejido subcutáneo;De 75 a 79 años;Hombres;5
Total Nacional;11 Extremadura;073 XII.Enfermedades de la piel y del tejido subcutáneo;De 75 a 79 años;Mujeres;2
Total Nacional;11 Extremadura;073 XII.Enfermedades de la piel y del tejido subcutáneo;De 80 a 84 años;Hombres;6
Total Nacional;11 Extremadura;073 XII.Enfermedades de la piel y del tejido subcutáneo;De 80 a 84 años;Mujeres;5
Total Nacional;11 Extremadura;073 XII.Enfermedades de la piel y del tejido subcutáneo;De 85 a 89 años;Hombres;10
Total Nacional;11 Extremadura;073 XII.Enfermedades de la piel y del tejido subcutáneo;De 85 a 89 años;Mujeres;8
Total Nacional;11 Extremadura;073 XII.Enfermedades de la piel y del tejido subcutáneo;De 90 a 94 años;Hombres;8
Total Nacional;11 Extremadura;073 XII.Enfermedades de la piel y del tejido subcutáneo;De 90 a 94 años;Mujeres;19
Total Nacional;11 Extremadura;073 XII.Enfermedades de la piel y del tejido subcutáneo;De 95 años y más;Hombres;1
Total Nacional;11 Extremadura;073 XII.Enfermedades de la piel y del tejido subcutáneo;De 95 años y más;Mujeres;7
Total Nacional;11 Extremadura;074-076 XIII.Enfermedades del sistema osteomuscular y del tejido conjuntivo;De 1 a 14 años;Hombres;0
Total Nacional;11 Extremadura;074-076 XIII.Enfermedades del sistema osteomuscular y del tejido conjuntivo;De 1 a 14 años;Mujeres;0
Total Nacional;11 Extremadura;074-076 XIII.Enfermedades del sistema osteomuscular y del tejido conjuntivo;De 15 a 29 años;Hombres;0
Total Nacional;11 Extremadura;074-076 XIII.Enfermedades del sistema osteomuscular y del tejido conjuntivo;De 15 a 29 años;Mujeres;0
Total Nacional;11 Extremadura;074-076 XIII.Enfermedades del sistema osteomuscular y del tejido conjuntivo;De 30 a 39 años;Hombres;0
Total Nacional;11 Extremadura;074-076 XIII.Enfermedades del sistema osteomuscular y del tejido conjuntivo;De 30 a 39 años;Mujeres;0
Total Nacional;11 Extremadura;074-076 XIII.Enfermedades del sistema osteomuscular y del tejido conjuntivo;De 40 a 44 años;Hombres;0
Total Nacional;11 Extremadura;074-076 XIII.Enfermedades del sistema osteomuscular y del tejido conjuntivo;De 40 a 44 años;Mujeres;0
Total Nacional;11 Extremadura;074-076 XIII.Enfermedades del sistema osteomuscular y del tejido conjuntivo;De 45 a 49 años;Hombres;0
Total Nacional;11 Extremadura;074-076 XIII.Enfermedades del sistema osteomuscular y del tejido conjuntivo;De 45 a 49 años;Mujeres;0
Total Nacional;11 Extremadura;074-076 XIII.Enfermedades del sistema osteomuscular y del tejido conjuntivo;De 50 a 54 años;Hombres;0
Total Nacional;11 Extremadura;074-076 XIII.Enfermedades del sistema osteomuscular y del tejido conjuntivo;De 50 a 54 años;Mujeres;0
Total Nacional;11 Extremadura;074-076 XIII.Enfermedades del sistema osteomuscular y del tejido conjuntivo;De 55 a 59 años;Hombres;0
Total Nacional;11 Extremadura;074-076 XIII.Enfermedades del sistema osteomuscular y del tejido conjuntivo;De 55 a 59 años;Mujeres;0
Total Nacional;11 Extremadura;074-076 XIII.Enfermedades del sistema osteomuscular y del tejido conjuntivo;De 60 a 64 años;Hombres;3
Total Nacional;11 Extremadura;074-076 XIII.Enfermedades del sistema osteomuscular y del tejido conjuntivo;De 60 a 64 años;Mujeres;0
Total Nacional;11 Extremadura;074-076 XIII.Enfermedades del sistema osteomuscular y del tejido conjuntivo;De 65 a 69 años;Hombres;2
Total Nacional;11 Extremadura;074-076 XIII.Enfermedades del sistema osteomuscular y del tejido conjuntivo;De 65 a 69 años;Mujeres;2
Total Nacional;11 Extremadura;074-076 XIII.Enfermedades del sistema osteomuscular y del tejido conjuntivo;De 70 a 74 años;Hombres;5
Total Nacional;11 Extremadura;074-076 XIII.Enfermedades del sistema osteomuscular y del tejido conjuntivo;De 70 a 74 años;Mujeres;5
Total Nacional;11 Extremadura;074-076 XIII.Enfermedades del sistema osteomuscular y del tejido conjuntivo;De 75 a 79 años;Hombres;7
Total Nacional;11 Extremadura;074-076 XIII.Enfermedades del sistema osteomuscular y del tejido conjuntivo;De 75 a 79 años;Mujeres;9
Total Nacional;11 Extremadura;074-076 XIII.Enfermedades del sistema osteomuscular y del tejido conjuntivo;De 80 a 84 años;Hombres;11
Total Nacional;11 Extremadura;074-076 XIII.Enfermedades del sistema osteomuscular y del tejido conjuntivo;De 80 a 84 años;Mujeres;18
Total Nacional;11 Extremadura;074-076 XIII.Enfermedades del sistema osteomuscular y del tejido conjuntivo;De 85 a 89 años;Hombres;15
Total Nacional;11 Extremadura;074-076 XIII.Enfermedades del sistema osteomuscular y del tejido conjuntivo;De 85 a 89 años;Mujeres;24
Total Nacional;11 Extremadura;074-076 XIII.Enfermedades del sistema osteomuscular y del tejido conjuntivo;De 90 a 94 años;Hombres;12
Total Nacional;11 Extremadura;074-076 XIII.Enfermedades del sistema osteomuscular y del tejido conjuntivo;De 90 a 94 años;Mujeres;31
Total Nacional;11 Extremadura;074-076 XIII.Enfermedades del sistema osteomuscular y del tejido conjuntivo;De 95 años y más;Hombres;3
Total Nacional;11 Extremadura;074-076 XIII.Enfermedades del sistema osteomuscular y del tejido conjuntivo;De 95 años y más;Mujeres;14
Total Nacional;11 Extremadura;077-080 XIV.Enfermedades del sistema genitourinario;De 1 a 14 años;Hombres;0
Total Nacional;11 Extremadura;077-080 XIV.Enfermedades del sistema genitourinario;De 1 a 14 años;Mujeres;0
Total Nacional;11 Extremadura;077-080 XIV.Enfermedades del sistema genitourinario;De 15 a 29 años;Hombres;0
Total Nacional;11 Extremadura;077-080 XIV.Enfermedades del sistema genitourinario;De 15 a 29 años;Mujeres;0
Total Nacional;11 Extremadura;077-080 XIV.Enfermedades del sistema genitourinario;De 30 a 39 años;Hombres;0
Total Nacional;11 Extremadura;077-080 XIV.Enfermedades del sistema genitourinario;De 30 a 39 años;Mujeres;0
Total Nacional;11 Extremadura;077-080 XIV.Enfermedades del sistema genitourinario;De 40 a 44 años;Hombres;0
Total Nacional;11 Extremadura;077-080 XIV.Enfermedades del sistema genitourinario;De 40 a 44 años;Mujeres;0
Total Nacional;11 Extremadura;077-080 XIV.Enfermedades del sistema genitourinario;De 45 a 49 años;Hombres;1
Total Nacional;11 Extremadura;077-080 XIV.Enfermedades del sistema genitourinario;De 45 a 49 años;Mujeres;0
Total Nacional;11 Extremadura;077-080 XIV.Enfermedades del sistema genitourinario;De 50 a 54 años;Hombres;3
Total Nacional;11 Extremadura;077-080 XIV.Enfermedades del sistema genitourinario;De 50 a 54 años;Mujeres;0
Total Nacional;11 Extremadura;077-080 XIV.Enfermedades del sistema genitourinario;De 55 a 59 años;Hombres;2
Total Nacional;11 Extremadura;077-080 XIV.Enfermedades del sistema genitourinario;De 55 a 59 años;Mujeres;0
Total Nacional;11 Extremadura;077-080 XIV.Enfermedades del sistema genitourinario;De 60 a 64 años;Hombres;5
Total Nacional;11 Extremadura;077-080 XIV.Enfermedades del sistema genitourinario;De 60 a 64 años;Mujeres;2
Total Nacional;11 Extremadura;077-080 XIV.Enfermedades del sistema genitourinario;De 65 a 69 años;Hombres;5
Total Nacional;11 Extremadura;077-080 XIV.Enfermedades del sistema genitourinario;De 65 a 69 años;Mujeres;9
Total Nacional;11 Extremadura;077-080 XIV.Enfermedades del sistema genitourinario;De 70 a 74 años;Hombres;11
Total Nacional;11 Extremadura;077-080 XIV.Enfermedades del sistema genitourinario;De 70 a 74 años;Mujeres;6
Total Nacional;11 Extremadura;077-080 XIV.Enfermedades del sistema genitourinario;De 75 a 79 años;Hombres;24
Total Nacional;11 Extremadura;077-080 XIV.Enfermedades del sistema genitourinario;De 75 a 79 años;Mujeres;29
Total Nacional;11 Extremadura;077-080 XIV.Enfermedades del sistema genitourinario;De 80 a 84 años;Hombres;45
Total Nacional;11 Extremadura;077-080 XIV.Enfermedades del sistema genitourinario;De 80 a 84 años;Mujeres;48
Total Nacional;11 Extremadura;077-080 XIV.Enfermedades del sistema genitourinario;De 85 a 89 años;Hombres;51
Total Nacional;11 Extremadura;077-080 XIV.Enfermedades del sistema genitourinario;De 85 a 89 años;Mujeres;71
Total Nacional;11 Extremadura;077-080 XIV.Enfermedades del sistema genitourinario;De 90 a 94 años;Hombres;62
Total Nacional;11 Extremadura;077-080 XIV.Enfermedades del sistema genitourinario;De 90 a 94 años;Mujeres;110
Total Nacional;11 Extremadura;077-080 XIV.Enfermedades del sistema genitourinario;De 95 años y más;Hombres;18
Total Nacional;11 Extremadura;077-080 XIV.Enfermedades del sistema genitourinario;De 95 años y más;Mujeres;55
Total Nacional;11 Extremadura;081 XV.Embarazo, parto y puerperio;De 1 a 14 años;Hombres;0
Total Nacional;11 Extremadura;081 XV.Embarazo, parto y puerperio;De 1 a 14 años;Mujeres;0
Total Nacional;11 Extremadura;081 XV.Embarazo, parto y puerperio;De 15 a 29 años;Hombres;0
Total Nacional;11 Extremadura;081 XV.Embarazo, parto y puerperio;De 15 a 29 años;Mujeres;0
Total Nacional;11 Extremadura;081 XV.Embarazo, parto y puerperio;De 30 a 39 años;Hombres;0
Total Nacional;11 Extremadura;081 XV.Embarazo, parto y puerperio;De 30 a 39 años;Mujeres;0
Total Nacional;11 Extremadura;081 XV.Embarazo, parto y puerperio;De 40 a 44 años;Hombres;0
Total Nacional;11 Extremadura;081 XV.Embarazo, parto y puerperio;De 40 a 44 años;Mujeres;0
Total Nacional;11 Extremadura;081 XV.Embarazo, parto y puerperio;De 45 a 49 años;Hombres;0
Total Nacional;11 Extremadura;081 XV.Embarazo, parto y puerperio;De 45 a 49 años;Mujeres;0
Total Nacional;11 Extremadura;081 XV.Embarazo, parto y puerperio;De 50 a 54 años;Hombres;0
Total Nacional;11 Extremadura;081 XV.Embarazo, parto y puerperio;De 50 a 54 años;Mujeres;0
Total Nacional;11 Extremadura;081 XV.Embarazo, parto y puerperio;De 55 a 59 años;Hombres;0
Total Nacional;11 Extremadura;081 XV.Embarazo, parto y puerperio;De 55 a 59 años;Mujeres;0
Total Nacional;11 Extremadura;081 XV.Embarazo, parto y puerperio;De 60 a 64 años;Hombres;0
Total Nacional;11 Extremadura;081 XV.Embarazo, parto y puerperio;De 60 a 64 años;Mujeres;0
Total Nacional;11 Extremadura;081 XV.Embarazo, parto y puerperio;De 65 a 69 años;Hombres;0
Total Nacional;11 Extremadura;081 XV.Embarazo, parto y puerperio;De 65 a 69 años;Mujeres;0
Total Nacional;11 Extremadura;081 XV.Embarazo, parto y puerperio;De 70 a 74 años;Hombres;0
Total Nacional;11 Extremadura;081 XV.Embarazo, parto y puerperio;De 70 a 74 años;Mujeres;0
Total Nacional;11 Extremadura;081 XV.Embarazo, parto y puerperio;De 75 a 79 años;Hombres;0
Total Nacional;11 Extremadura;081 XV.Embarazo, parto y puerperio;De 75 a 79 años;Mujeres;0
Total Nacional;11 Extremadura;081 XV.Embarazo, parto y puerperio;De 80 a 84 años;Hombres;0
Total Nacional;11 Extremadura;081 XV.Embarazo, parto y puerperio;De 80 a 84 años;Mujeres;0
Total Nacional;11 Extremadura;081 XV.Embarazo, parto y puerperio;De 85 a 89 años;Hombres;0
Total Nacional;11 Extremadura;081 XV.Embarazo, parto y puerperio;De 85 a 89 años;Mujeres;0
Total Nacional;11 Extremadura;081 XV.Embarazo, parto y puerperio;De 90 a 94 años;Hombres;0
Total Nacional;11 Extremadura;081 XV.Embarazo, parto y puerperio;De 90 a 94 años;Mujeres;0
Total Nacional;11 Extremadura;081 XV.Embarazo, parto y puerperio;De 95 años y más;Hombres;0
Total Nacional;11 Extremadura;081 XV.Embarazo, parto y puerperio;De 95 años y más;Mujeres;0
Total Nacional;11 Extremadura;082 XVI.Afecciones originadas en el periodo perinatal;De 1 a 14 años;Hombres;1
Total Nacional;11 Extremadura;082 XVI.Afecciones originadas en el periodo perinatal;De 1 a 14 años;Mujeres;0
Total Nacional;11 Extremadura;082 XVI.Afecciones originadas en el periodo perinatal;De 15 a 29 años;Hombres;0
Total Nacional;11 Extremadura;082 XVI.Afecciones originadas en el periodo perinatal;De 15 a 29 años;Mujeres;0
Total Nacional;11 Extremadura;082 XVI.Afecciones originadas en el periodo perinatal;De 30 a 39 años;Hombres;0
Total Nacional;11 Extremadura;082 XVI.Afecciones originadas en el periodo perinatal;De 30 a 39 años;Mujeres;0
Total Nacional;11 Extremadura;082 XVI.Afecciones originadas en el periodo perinatal;De 40 a 44 años;Hombres;0
Total Nacional;11 Extremadura;082 XVI.Afecciones originadas en el periodo perinatal;De 40 a 44 años;Mujeres;0
Total Nacional;11 Extremadura;082 XVI.Afecciones originadas en el periodo perinatal;De 45 a 49 años;Hombres;0
Total Nacional;11 Extremadura;082 XVI.Afecciones originadas en el periodo perinatal;De 45 a 49 años;Mujeres;0
Total Nacional;11 Extremadura;082 XVI.Afecciones originadas en el periodo perinatal;De 50 a 54 años;Hombres;0
Total Nacional;11 Extremadura;082 XVI.Afecciones originadas en el periodo perinatal;De 50 a 54 años;Mujeres;0
Total Nacional;11 Extremadura;082 XVI.Afecciones originadas en el periodo perinatal;De 55 a 59 años;Hombres;0
Total Nacional;11 Extremadura;082 XVI.Afecciones originadas en el periodo perinatal;De 55 a 59 años;Mujeres;0
Total Nacional;11 Extremadura;082 XVI.Afecciones originadas en el periodo perinatal;De 60 a 64 años;Hombres;0
Total Nacional;11 Extremadura;082 XVI.Afecciones originadas en el periodo perinatal;De 60 a 64 años;Mujeres;0
Total Nacional;11 Extremadura;082 XVI.Afecciones originadas en el periodo perinatal;De 65 a 69 años;Hombres;0
Total Nacional;11 Extremadura;082 XVI.Afecciones originadas en el periodo perinatal;De 65 a 69 años;Mujeres;0
Total Nacional;11 Extremadura;082 XVI.Afecciones originadas en el periodo perinatal;De 70 a 74 años;Hombres;0
Total Nacional;11 Extremadura;082 XVI.Afecciones originadas en el periodo perinatal;De 70 a 74 años;Mujeres;0
Total Nacional;11 Extremadura;082 XVI.Afecciones originadas en el periodo perinatal;De 75 a 79 años;Hombres;0
Total Nacional;11 Extremadura;082 XVI.Afecciones originadas en el periodo perinatal;De 75 a 79 años;Mujeres;0
Total Nacional;11 Extremadura;082 XVI.Afecciones originadas en el periodo perinatal;De 80 a 84 años;Hombres;0
Total Nacional;11 Extremadura;082 XVI.Afecciones originadas en el periodo perinatal;De 80 a 84 años;Mujeres;0
Total Nacional;11 Extremadura;082 XVI.Afecciones originadas en el periodo perinatal;De 85 a 89 años;Hombres;0
Total Nacional;11 Extremadura;082 XVI.Afecciones originadas en el periodo perinatal;De 85 a 89 años;Mujeres;0
Total Nacional;11 Extremadura;082 XVI.Afecciones originadas en el periodo perinatal;De 90 a 94 años;Hombres;0
Total Nacional;11 Extremadura;082 XVI.Afecciones originadas en el periodo perinatal;De 90 a 94 años;Mujeres;0
Total Nacional;11 Extremadura;082 XVI.Afecciones originadas en el periodo perinatal;De 95 años y más;Hombres;0
Total Nacional;11 Extremadura;082 XVI.Afecciones originadas en el periodo perinatal;De 95 años y más;Mujeres;0
Total Nacional;11 Extremadura;083-085 XVII.Malformaciones congénitas, deformidades y anomalías cromosómicas;De 1 a 14 años;Hombres;1
Total Nacional;11 Extremadura;083-085 XVII.Malformaciones congénitas, deformidades y anomalías cromosómicas;De 1 a 14 años;Mujeres;1
Total Nacional;11 Extremadura;083-085 XVII.Malformaciones congénitas, deformidades y anomalías cromosómicas;De 15 a 29 años;Hombres;2
Total Nacional;11 Extremadura;083-085 XVII.Malformaciones congénitas, deformidades y anomalías cromosómicas;De 15 a 29 años;Mujeres;0
Total Nacional;11 Extremadura;083-085 XVII.Malformaciones congénitas, deformidades y anomalías cromosómicas;De 30 a 39 años;Hombres;0
Total Nacional;11 Extremadura;083-085 XVII.Malformaciones congénitas, deformidades y anomalías cromosómicas;De 30 a 39 años;Mujeres;1
Total Nacional;11 Extremadura;083-085 XVII.Malformaciones congénitas, deformidades y anomalías cromosómicas;De 40 a 44 años;Hombres;0
Total Nacional;11 Extremadura;083-085 XVII.Malformaciones congénitas, deformidades y anomalías cromosómicas;De 40 a 44 años;Mujeres;0
Total Nacional;11 Extremadura;083-085 XVII.Malformaciones congénitas, deformidades y anomalías cromosómicas;De 45 a 49 años;Hombres;0
Total Nacional;11 Extremadura;083-085 XVII.Malformaciones congénitas, deformidades y anomalías cromosómicas;De 45 a 49 años;Mujeres;0
Total Nacional;11 Extremadura;083-085 XVII.Malformaciones congénitas, deformidades y anomalías cromosómicas;De 50 a 54 años;Hombres;1
Total Nacional;11 Extremadura;083-085 XVII.Malformaciones congénitas, deformidades y anomalías cromosómicas;De 50 a 54 años;Mujeres;0
Total Nacional;11 Extremadura;083-085 XVII.Malformaciones congénitas, deformidades y anomalías cromosómicas;De 55 a 59 años;Hombres;1
Total Nacional;11 Extremadura;083-085 XVII.Malformaciones congénitas, deformidades y anomalías cromosómicas;De 55 a 59 años;Mujeres;1
Total Nacional;11 Extremadura;083-085 XVII.Malformaciones congénitas, deformidades y anomalías cromosómicas;De 60 a 64 años;Hombres;1
Total Nacional;11 Extremadura;083-085 XVII.Malformaciones congénitas, deformidades y anomalías cromosómicas;De 60 a 64 años;Mujeres;0
Total Nacional;11 Extremadura;083-085 XVII.Malformaciones congénitas, deformidades y anomalías cromosómicas;De 65 a 69 años;Hombres;0
Total Nacional;11 Extremadura;083-085 XVII.Malformaciones congénitas, deformidades y anomalías cromosómicas;De 65 a 69 años;Mujeres;2
Total Nacional;11 Extremadura;083-085 XVII.Malformaciones congénitas, deformidades y anomalías cromosómicas;De 70 a 74 años;Hombres;0
Total Nacional;11 Extremadura;083-085 XVII.Malformaciones congénitas, deformidades y anomalías cromosómicas;De 70 a 74 años;Mujeres;0
Total Nacional;11 Extremadura;083-085 XVII.Malformaciones congénitas, deformidades y anomalías cromosómicas;De 75 a 79 años;Hombres;0
Total Nacional;11 Extremadura;083-085 XVII.Malformaciones congénitas, deformidades y anomalías cromosómicas;De 75 a 79 años;Mujeres;0
Total Nacional;11 Extremadura;083-085 XVII.Malformaciones congénitas, deformidades y anomalías cromosómicas;De 80 a 84 años;Hombres;0
Total Nacional;11 Extremadura;083-085 XVII.Malformaciones congénitas, deformidades y anomalías cromosómicas;De 80 a 84 años;Mujeres;0
Total Nacional;11 Extremadura;083-085 XVII.Malformaciones congénitas, deformidades y anomalías cromosómicas;De 85 a 89 años;Hombres;0
Total Nacional;11 Extremadura;083-085 XVII.Malformaciones congénitas, deformidades y anomalías cromosómicas;De 85 a 89 años;Mujeres;1
Total Nacional;11 Extremadura;083-085 XVII.Malformaciones congénitas, deformidades y anomalías cromosómicas;De 90 a 94 años;Hombres;0
Total Nacional;11 Extremadura;083-085 XVII.Malformaciones congénitas, deformidades y anomalías cromosómicas;De 90 a 94 años;Mujeres;0
Total Nacional;11 Extremadura;083-085 XVII.Malformaciones congénitas, deformidades y anomalías cromosómicas;De 95 años y más;Hombres;0
Total Nacional;11 Extremadura;083-085 XVII.Malformaciones congénitas, deformidades y anomalías cromosómicas;De 95 años y más;Mujeres;0
Total Nacional;11 Extremadura;086-089 XVIII.Síntomas, signos y hallazgos anormales clínicos y de laboratorio, no clasificados en otra parte;De 1 a 14 años;Hombres;1
Total Nacional;11 Extremadura;086-089 XVIII.Síntomas, signos y hallazgos anormales clínicos y de laboratorio, no clasificados en otra parte;De 1 a 14 años;Mujeres;0
Total Nacional;11 Extremadura;086-089 XVIII.Síntomas, signos y hallazgos anormales clínicos y de laboratorio, no clasificados en otra parte;De 15 a 29 años;Hombres;2
Total Nacional;11 Extremadura;086-089 XVIII.Síntomas, signos y hallazgos anormales clínicos y de laboratorio, no clasificados en otra parte;De 15 a 29 años;Mujeres;0
Total Nacional;11 Extremadura;086-089 XVIII.Síntomas, signos y hallazgos anormales clínicos y de laboratorio, no clasificados en otra parte;De 30 a 39 años;Hombres;1
Total Nacional;11 Extremadura;086-089 XVIII.Síntomas, signos y hallazgos anormales clínicos y de laboratorio, no clasificados en otra parte;De 30 a 39 años;Mujeres;1
Total Nacional;11 Extremadura;086-089 XVIII.Síntomas, signos y hallazgos anormales clínicos y de laboratorio, no clasificados en otra parte;De 40 a 44 años;Hombres;4
Total Nacional;11 Extremadura;086-089 XVIII.Síntomas, signos y hallazgos anormales clínicos y de laboratorio, no clasificados en otra parte;De 40 a 44 años;Mujeres;0
Total Nacional;11 Extremadura;086-089 XVIII.Síntomas, signos y hallazgos anormales clínicos y de laboratorio, no clasificados en otra parte;De 45 a 49 años;Hombres;3
Total Nacional;11 Extremadura;086-089 XVIII.Síntomas, signos y hallazgos anormales clínicos y de laboratorio, no clasificados en otra parte;De 45 a 49 años;Mujeres;1
Total Nacional;11 Extremadura;086-089 XVIII.Síntomas, signos y hallazgos anormales clínicos y de laboratorio, no clasificados en otra parte;De 50 a 54 años;Hombres;4
Total Nacional;11 Extremadura;086-089 XVIII.Síntomas, signos y hallazgos anormales clínicos y de laboratorio, no clasificados en otra parte;De 50 a 54 años;Mujeres;3
Total Nacional;11 Extremadura;086-089 XVIII.Síntomas, signos y hallazgos anormales clínicos y de laboratorio, no clasificados en otra parte;De 55 a 59 años;Hombres;9
Total Nacional;11 Extremadura;086-089 XVIII.Síntomas, signos y hallazgos anormales clínicos y de laboratorio, no clasificados en otra parte;De 55 a 59 años;Mujeres;4
Total Nacional;11 Extremadura;086-089 XVIII.Síntomas, signos y hallazgos anormales clínicos y de laboratorio, no clasificados en otra parte;De 60 a 64 años;Hombres;6
Total Nacional;11 Extremadura;086-089 XVIII.Síntomas, signos y hallazgos anormales clínicos y de laboratorio, no clasificados en otra parte;De 60 a 64 años;Mujeres;2
Total Nacional;11 Extremadura;086-089 XVIII.Síntomas, signos y hallazgos anormales clínicos y de laboratorio, no clasificados en otra parte;De 65 a 69 años;Hombres;5
Total Nacional;11 Extremadura;086-089 XVIII.Síntomas, signos y hallazgos anormales clínicos y de laboratorio, no clasificados en otra parte;De 65 a 69 años;Mujeres;4
Total Nacional;11 Extremadura;086-089 XVIII.Síntomas, signos y hallazgos anormales clínicos y de laboratorio, no clasificados en otra parte;De 70 a 74 años;Hombres;10
Total Nacional;11 Extremadura;086-089 XVIII.Síntomas, signos y hallazgos anormales clínicos y de laboratorio, no clasificados en otra parte;De 70 a 74 años;Mujeres;4
Total Nacional;11 Extremadura;086-089 XVIII.Síntomas, signos y hallazgos anormales clínicos y de laboratorio, no clasificados en otra parte;De 75 a 79 años;Hombres;21
Total Nacional;11 Extremadura;086-089 XVIII.Síntomas, signos y hallazgos anormales clínicos y de laboratorio, no clasificados en otra parte;De 75 a 79 años;Mujeres;12
Total Nacional;11 Extremadura;086-089 XVIII.Síntomas, signos y hallazgos anormales clínicos y de laboratorio, no clasificados en otra parte;De 80 a 84 años;Hombres;18
Total Nacional;11 Extremadura;086-089 XVIII.Síntomas, signos y hallazgos anormales clínicos y de laboratorio, no clasificados en otra parte;De 80 a 84 años;Mujeres;20
Total Nacional;11 Extremadura;086-089 XVIII.Síntomas, signos y hallazgos anormales clínicos y de laboratorio, no clasificados en otra parte;De 85 a 89 años;Hombres;21
Total Nacional;11 Extremadura;086-089 XVIII.Síntomas, signos y hallazgos anormales clínicos y de laboratorio, no clasificados en otra parte;De 85 a 89 años;Mujeres;27
Total Nacional;11 Extremadura;086-089 XVIII.Síntomas, signos y hallazgos anormales clínicos y de laboratorio, no clasificados en otra parte;De 90 a 94 años;Hombres;34
Total Nacional;11 Extremadura;086-089 XVIII.Síntomas, signos y hallazgos anormales clínicos y de laboratorio, no clasificados en otra parte;De 90 a 94 años;Mujeres;66
Total Nacional;11 Extremadura;086-089 XVIII.Síntomas, signos y hallazgos anormales clínicos y de laboratorio, no clasificados en otra parte;De 95 años y más;Hombres;25
Total Nacional;11 Extremadura;086-089 XVIII.Síntomas, signos y hallazgos anormales clínicos y de laboratorio, no clasificados en otra parte;De 95 años y más;Mujeres;58
Total Nacional;11 Extremadura;090-102 XX.Causas externas de mortalidad;De 1 a 14 años;Hombres;2
Total Nacional;11 Extremadura;090-102 XX.Causas externas de mortalidad;De 1 a 14 años;Mujeres;0
Total Nacional;11 Extremadura;090-102 XX.Causas externas de mortalidad;De 15 a 29 años;Hombres;16
Total Nacional;11 Extremadura;090-102 XX.Causas externas de mortalidad;De 15 a 29 años;Mujeres;3
Total Nacional;11 Extremadura;090-102 XX.Causas externas de mortalidad;De 30 a 39 años;Hombres;10
Total Nacional;11 Extremadura;090-102 XX.Causas externas de mortalidad;De 30 a 39 años;Mujeres;0
Total Nacional;11 Extremadura;090-102 XX.Causas externas de mortalidad;De 40 a 44 años;Hombres;11
Total Nacional;11 Extremadura;090-102 XX.Causas externas de mortalidad;De 40 a 44 años;Mujeres;2
Total Nacional;11 Extremadura;090-102 XX.Causas externas de mortalidad;De 45 a 49 años;Hombres;25
Total Nacional;11 Extremadura;090-102 XX.Causas externas de mortalidad;De 45 a 49 años;Mujeres;3
Total Nacional;11 Extremadura;090-102 XX.Causas externas de mortalidad;De 50 a 54 años;Hombres;20
Total Nacional;11 Extremadura;090-102 XX.Causas externas de mortalidad;De 50 a 54 años;Mujeres;6
Total Nacional;11 Extremadura;090-102 XX.Causas externas de mortalidad;De 55 a 59 años;Hombres;20
Total Nacional;11 Extremadura;090-102 XX.Causas externas de mortalidad;De 55 a 59 años;Mujeres;5
Total Nacional;11 Extremadura;090-102 XX.Causas externas de mortalidad;De 60 a 64 años;Hombres;21
Total Nacional;11 Extremadura;090-102 XX.Causas externas de mortalidad;De 60 a 64 años;Mujeres;7
Total Nacional;11 Extremadura;090-102 XX.Causas externas de mortalidad;De 65 a 69 años;Hombres;27
Total Nacional;11 Extremadura;090-102 XX.Causas externas de mortalidad;De 65 a 69 años;Mujeres;7
Total Nacional;11 Extremadura;090-102 XX.Causas externas de mortalidad;De 70 a 74 años;Hombres;18
Total Nacional;11 Extremadura;090-102 XX.Causas externas de mortalidad;De 70 a 74 años;Mujeres;9
Total Nacional;11 Extremadura;090-102 XX.Causas externas de mortalidad;De 75 a 79 años;Hombres;23
Total Nacional;11 Extremadura;090-102 XX.Causas externas de mortalidad;De 75 a 79 años;Mujeres;18
Total Nacional;11 Extremadura;090-102 XX.Causas externas de mortalidad;De 80 a 84 años;Hombres;18
Total Nacional;11 Extremadura;090-102 XX.Causas externas de mortalidad;De 80 a 84 años;Mujeres;19
Total Nacional;11 Extremadura;090-102 XX.Causas externas de mortalidad;De 85 a 89 años;Hombres;30
Total Nacional;11 Extremadura;090-102 XX.Causas externas de mortalidad;De 85 a 89 años;Mujeres;24
Total Nacional;11 Extremadura;090-102 XX.Causas externas de mortalidad;De 90 a 94 años;Hombres;21
Total Nacional;11 Extremadura;090-102 XX.Causas externas de mortalidad;De 90 a 94 años;Mujeres;37
Total Nacional;11 Extremadura;090-102 XX.Causas externas de mortalidad;De 95 años y más;Hombres;16
Total Nacional;11 Extremadura;090-102 XX.Causas externas de mortalidad;De 95 años y más;Mujeres;19
Total Nacional;12 Galicia;001-008 I.Enfermedades infecciosas y parasitarias;De 1 a 14 años;Hombres;0
Total Nacional;12 Galicia;001-008 I.Enfermedades infecciosas y parasitarias;De 1 a 14 años;Mujeres;0
Total Nacional;12 Galicia;001-008 I.Enfermedades infecciosas y parasitarias;De 15 a 29 años;Hombres;0
Total Nacional;12 Galicia;001-008 I.Enfermedades infecciosas y parasitarias;De 15 a 29 años;Mujeres;0
Total Nacional;12 Galicia;001-008 I.Enfermedades infecciosas y parasitarias;De 30 a 39 años;Hombres;1
Total Nacional;12 Galicia;001-008 I.Enfermedades infecciosas y parasitarias;De 30 a 39 años;Mujeres;1
Total Nacional;12 Galicia;001-008 I.Enfermedades infecciosas y parasitarias;De 40 a 44 años;Hombres;3
Total Nacional;12 Galicia;001-008 I.Enfermedades infecciosas y parasitarias;De 40 a 44 años;Mujeres;0
Total Nacional;12 Galicia;001-008 I.Enfermedades infecciosas y parasitarias;De 45 a 49 años;Hombres;4
Total Nacional;12 Galicia;001-008 I.Enfermedades infecciosas y parasitarias;De 45 a 49 años;Mujeres;2
Total Nacional;12 Galicia;001-008 I.Enfermedades infecciosas y parasitarias;De 50 a 54 años;Hombres;4
Total Nacional;12 Galicia;001-008 I.Enfermedades infecciosas y parasitarias;De 50 a 54 años;Mujeres;0
Total Nacional;12 Galicia;001-008 I.Enfermedades infecciosas y parasitarias;De 55 a 59 años;Hombres;12
Total Nacional;12 Galicia;001-008 I.Enfermedades infecciosas y parasitarias;De 55 a 59 años;Mujeres;6
Total Nacional;12 Galicia;001-008 I.Enfermedades infecciosas y parasitarias;De 60 a 64 años;Hombres;18
Total Nacional;12 Galicia;001-008 I.Enfermedades infecciosas y parasitarias;De 60 a 64 años;Mujeres;11
Total Nacional;12 Galicia;001-008 I.Enfermedades infecciosas y parasitarias;De 65 a 69 años;Hombres;21
Total Nacional;12 Galicia;001-008 I.Enfermedades infecciosas y parasitarias;De 65 a 69 años;Mujeres;10
Total Nacional;12 Galicia;001-008 I.Enfermedades infecciosas y parasitarias;De 70 a 74 años;Hombres;36
Total Nacional;12 Galicia;001-008 I.Enfermedades infecciosas y parasitarias;De 70 a 74 años;Mujeres;12
Total Nacional;12 Galicia;001-008 I.Enfermedades infecciosas y parasitarias;De 75 a 79 años;Hombres;54
Total Nacional;12 Galicia;001-008 I.Enfermedades infecciosas y parasitarias;De 75 a 79 años;Mujeres;28
Total Nacional;12 Galicia;001-008 I.Enfermedades infecciosas y parasitarias;De 80 a 84 años;Hombres;66
Total Nacional;12 Galicia;001-008 I.Enfermedades infecciosas y parasitarias;De 80 a 84 años;Mujeres;60
Total Nacional;12 Galicia;001-008 I.Enfermedades infecciosas y parasitarias;De 85 a 89 años;Hombres;76
Total Nacional;12 Galicia;001-008 I.Enfermedades infecciosas y parasitarias;De 85 a 89 años;Mujeres;101
Total Nacional;12 Galicia;001-008 I.Enfermedades infecciosas y parasitarias;De 90 a 94 años;Hombres;83
Total Nacional;12 Galicia;001-008 I.Enfermedades infecciosas y parasitarias;De 90 a 94 años;Mujeres;125
Total Nacional;12 Galicia;001-008 I.Enfermedades infecciosas y parasitarias;De 95 años y más;Hombres;23
Total Nacional;12 Galicia;001-008 I.Enfermedades infecciosas y parasitarias;De 95 años y más;Mujeres;53
Total Nacional;12 Galicia;009-041 II.Tumores;De 1 a 14 años;Hombres;1
Total Nacional;12 Galicia;009-041 II.Tumores;De 1 a 14 años;Mujeres;4
Total Nacional;12 Galicia;009-041 II.Tumores;De 15 a 29 años;Hombres;8
Total Nacional;12 Galicia;009-041 II.Tumores;De 15 a 29 años;Mujeres;4
Total Nacional;12 Galicia;009-041 II.Tumores;De 30 a 39 años;Hombres;17
Total Nacional;12 Galicia;009-041 II.Tumores;De 30 a 39 años;Mujeres;18
Total Nacional;12 Galicia;009-041 II.Tumores;De 40 a 44 años;Hombres;29
Total Nacional;12 Galicia;009-041 II.Tumores;De 40 a 44 años;Mujeres;30
Total Nacional;12 Galicia;009-041 II.Tumores;De 45 a 49 años;Hombres;64
Total Nacional;12 Galicia;009-041 II.Tumores;De 45 a 49 años;Mujeres;46
Total Nacional;12 Galicia;009-041 II.Tumores;De 50 a 54 años;Hombres;126
Total Nacional;12 Galicia;009-041 II.Tumores;De 50 a 54 años;Mujeres;117
Total Nacional;12 Galicia;009-041 II.Tumores;De 55 a 59 años;Hombres;225
Total Nacional;12 Galicia;009-041 II.Tumores;De 55 a 59 años;Mujeres;178
Total Nacional;12 Galicia;009-041 II.Tumores;De 60 a 64 años;Hombres;426
Total Nacional;12 Galicia;009-041 II.Tumores;De 60 a 64 años;Mujeres;211
Total Nacional;12 Galicia;009-041 II.Tumores;De 65 a 69 años;Hombres;569
Total Nacional;12 Galicia;009-041 II.Tumores;De 65 a 69 años;Mujeres;321
Total Nacional;12 Galicia;009-041 II.Tumores;De 70 a 74 años;Hombres;697
Total Nacional;12 Galicia;009-041 II.Tumores;De 70 a 74 años;Mujeres;315
Total Nacional;12 Galicia;009-041 II.Tumores;De 75 a 79 años;Hombres;834
Total Nacional;12 Galicia;009-041 II.Tumores;De 75 a 79 años;Mujeres;433
Total Nacional;12 Galicia;009-041 II.Tumores;De 80 a 84 años;Hombres;715
Total Nacional;12 Galicia;009-041 II.Tumores;De 80 a 84 años;Mujeres;482
Total Nacional;12 Galicia;009-041 II.Tumores;De 85 a 89 años;Hombres;628
Total Nacional;12 Galicia;009-041 II.Tumores;De 85 a 89 años;Mujeres;546
Total Nacional;12 Galicia;009-041 II.Tumores;De 90 a 94 años;Hombres;408
Total Nacional;12 Galicia;009-041 II.Tumores;De 90 a 94 años;Mujeres;467
Total Nacional;12 Galicia;009-041 II.Tumores;De 95 años y más;Hombres;131
Total Nacional;12 Galicia;009-041 II.Tumores;De 95 años y más;Mujeres;184
Total Nacional;12 Galicia;050-052 VI-VIII.Enfermedades del sistema nervioso y de los órganos de los sentidos;De 1 a 14 años;Hombres;1
Total Nacional;12 Galicia;050-052 VI-VIII.Enfermedades del sistema nervioso y de los órganos de los sentidos;De 1 a 14 años;Mujeres;2
Total Nacional;12 Galicia;050-052 VI-VIII.Enfermedades del sistema nervioso y de los órganos de los sentidos;De 15 a 29 años;Hombres;5
Total Nacional;12 Galicia;050-052 VI-VIII.Enfermedades del sistema nervioso y de los órganos de los sentidos;De 15 a 29 años;Mujeres;2
Total Nacional;12 Galicia;050-052 VI-VIII.Enfermedades del sistema nervioso y de los órganos de los sentidos;De 30 a 39 años;Hombres;0
Total Nacional;12 Galicia;050-052 VI-VIII.Enfermedades del sistema nervioso y de los órganos de los sentidos;De 30 a 39 años;Mujeres;4
Total Nacional;12 Galicia;050-052 VI-VIII.Enfermedades del sistema nervioso y de los órganos de los sentidos;De 40 a 44 años;Hombres;3
Total Nacional;12 Galicia;050-052 VI-VIII.Enfermedades del sistema nervioso y de los órganos de los sentidos;De 40 a 44 años;Mujeres;1
Total Nacional;12 Galicia;050-052 VI-VIII.Enfermedades del sistema nervioso y de los órganos de los sentidos;De 45 a 49 años;Hombres;11
Total Nacional;12 Galicia;050-052 VI-VIII.Enfermedades del sistema nervioso y de los órganos de los sentidos;De 45 a 49 años;Mujeres;5
Total Nacional;12 Galicia;050-052 VI-VIII.Enfermedades del sistema nervioso y de los órganos de los sentidos;De 50 a 54 años;Hombres;12
Total Nacional;12 Galicia;050-052 VI-VIII.Enfermedades del sistema nervioso y de los órganos de los sentidos;De 50 a 54 años;Mujeres;8
Total Nacional;12 Galicia;050-052 VI-VIII.Enfermedades del sistema nervioso y de los órganos de los sentidos;De 55 a 59 años;Hombres;14
Total Nacional;12 Galicia;050-052 VI-VIII.Enfermedades del sistema nervioso y de los órganos de los sentidos;De 55 a 59 años;Mujeres;14
Total Nacional;12 Galicia;050-052 VI-VIII.Enfermedades del sistema nervioso y de los órganos de los sentidos;De 60 a 64 años;Hombres;29
Total Nacional;12 Galicia;050-052 VI-VIII.Enfermedades del sistema nervioso y de los órganos de los sentidos;De 60 a 64 años;Mujeres;22
Total Nacional;12 Galicia;050-052 VI-VIII.Enfermedades del sistema nervioso y de los órganos de los sentidos;De 65 a 69 años;Hombres;46
Total Nacional;12 Galicia;050-052 VI-VIII.Enfermedades del sistema nervioso y de los órganos de los sentidos;De 65 a 69 años;Mujeres;35
Total Nacional;12 Galicia;050-052 VI-VIII.Enfermedades del sistema nervioso y de los órganos de los sentidos;De 70 a 74 años;Hombres;81
Total Nacional;12 Galicia;050-052 VI-VIII.Enfermedades del sistema nervioso y de los órganos de los sentidos;De 70 a 74 años;Mujeres;47
Total Nacional;12 Galicia;050-052 VI-VIII.Enfermedades del sistema nervioso y de los órganos de los sentidos;De 75 a 79 años;Hombres;116
Total Nacional;12 Galicia;050-052 VI-VIII.Enfermedades del sistema nervioso y de los órganos de los sentidos;De 75 a 79 años;Mujeres;132
Total Nacional;12 Galicia;050-052 VI-VIII.Enfermedades del sistema nervioso y de los órganos de los sentidos;De 80 a 84 años;Hombres;144
Total Nacional;12 Galicia;050-052 VI-VIII.Enfermedades del sistema nervioso y de los órganos de los sentidos;De 80 a 84 años;Mujeres;161
Total Nacional;12 Galicia;050-052 VI-VIII.Enfermedades del sistema nervioso y de los órganos de los sentidos;De 85 a 89 años;Hombres;171
Total Nacional;12 Galicia;050-052 VI-VIII.Enfermedades del sistema nervioso y de los órganos de los sentidos;De 85 a 89 años;Mujeres;253
Total Nacional;12 Galicia;050-052 VI-VIII.Enfermedades del sistema nervioso y de los órganos de los sentidos;De 90 a 94 años;Hombres;112
Total Nacional;12 Galicia;050-052 VI-VIII.Enfermedades del sistema nervioso y de los órganos de los sentidos;De 90 a 94 años;Mujeres;240
Total Nacional;12 Galicia;050-052 VI-VIII.Enfermedades del sistema nervioso y de los órganos de los sentidos;De 95 años y más;Hombres;25
Total Nacional;12 Galicia;050-052 VI-VIII.Enfermedades del sistema nervioso y de los órganos de los sentidos;De 95 años y más;Mujeres;115
Total Nacional;12 Galicia;053-061 IX.Enfermedades del sistema circulatorio;De 1 a 14 años;Hombres;1
Total Nacional;12 Galicia;053-061 IX.Enfermedades del sistema circulatorio;De 1 a 14 años;Mujeres;0
Total Nacional;12 Galicia;053-061 IX.Enfermedades del sistema circulatorio;De 15 a 29 años;Hombres;2
Total Nacional;12 Galicia;053-061 IX.Enfermedades del sistema circulatorio;De 15 a 29 años;Mujeres;2
Total Nacional;12 Galicia;053-061 IX.Enfermedades del sistema circulatorio;De 30 a 39 años;Hombres;9
Total Nacional;12 Galicia;053-061 IX.Enfermedades del sistema circulatorio;De 30 a 39 años;Mujeres;4
Total Nacional;12 Galicia;053-061 IX.Enfermedades del sistema circulatorio;De 40 a 44 años;Hombres;28
Total Nacional;12 Galicia;053-061 IX.Enfermedades del sistema circulatorio;De 40 a 44 años;Mujeres;3
Total Nacional;12 Galicia;053-061 IX.Enfermedades del sistema circulatorio;De 45 a 49 años;Hombres;47
Total Nacional;12 Galicia;053-061 IX.Enfermedades del sistema circulatorio;De 45 a 49 años;Mujeres;13
Total Nacional;12 Galicia;053-061 IX.Enfermedades del sistema circulatorio;De 50 a 54 años;Hombres;81
Total Nacional;12 Galicia;053-061 IX.Enfermedades del sistema circulatorio;De 50 a 54 años;Mujeres;19
Total Nacional;12 Galicia;053-061 IX.Enfermedades del sistema circulatorio;De 55 a 59 años;Hombres;144
Total Nacional;12 Galicia;053-061 IX.Enfermedades del sistema circulatorio;De 55 a 59 años;Mujeres;35
Total Nacional;12 Galicia;053-061 IX.Enfermedades del sistema circulatorio;De 60 a 64 años;Hombres;188
Total Nacional;12 Galicia;053-061 IX.Enfermedades del sistema circulatorio;De 60 a 64 años;Mujeres;59
Total Nacional;12 Galicia;053-061 IX.Enfermedades del sistema circulatorio;De 65 a 69 años;Hombres;225
Total Nacional;12 Galicia;053-061 IX.Enfermedades del sistema circulatorio;De 65 a 69 años;Mujeres;115
Total Nacional;12 Galicia;053-061 IX.Enfermedades del sistema circulatorio;De 70 a 74 años;Hombres;310
Total Nacional;12 Galicia;053-061 IX.Enfermedades del sistema circulatorio;De 70 a 74 años;Mujeres;148
Total Nacional;12 Galicia;053-061 IX.Enfermedades del sistema circulatorio;De 75 a 79 años;Hombres;496
Total Nacional;12 Galicia;053-061 IX.Enfermedades del sistema circulatorio;De 75 a 79 años;Mujeres;272
Total Nacional;12 Galicia;053-061 IX.Enfermedades del sistema circulatorio;De 80 a 84 años;Hombres;609
Total Nacional;12 Galicia;053-061 IX.Enfermedades del sistema circulatorio;De 80 a 84 años;Mujeres;559
Total Nacional;12 Galicia;053-061 IX.Enfermedades del sistema circulatorio;De 85 a 89 años;Hombres;863
Total Nacional;12 Galicia;053-061 IX.Enfermedades del sistema circulatorio;De 85 a 89 años;Mujeres;1.068
Total Nacional;12 Galicia;053-061 IX.Enfermedades del sistema circulatorio;De 90 a 94 años;Hombres;823
Total Nacional;12 Galicia;053-061 IX.Enfermedades del sistema circulatorio;De 90 a 94 años;Mujeres;1.438
Total Nacional;12 Galicia;053-061 IX.Enfermedades del sistema circulatorio;De 95 años y más;Hombres;334
Total Nacional;12 Galicia;053-061 IX.Enfermedades del sistema circulatorio;De 95 años y más;Mujeres;1.060
Total Nacional;12 Galicia;062-067 X.Enfermedades del sistema respiratorio;De 1 a 14 años;Hombres;1
Total Nacional;12 Galicia;062-067 X.Enfermedades del sistema respiratorio;De 1 a 14 años;Mujeres;0
Total Nacional;12 Galicia;062-067 X.Enfermedades del sistema respiratorio;De 15 a 29 años;Hombres;0
Total Nacional;12 Galicia;062-067 X.Enfermedades del sistema respiratorio;De 15 a 29 años;Mujeres;0
Total Nacional;12 Galicia;062-067 X.Enfermedades del sistema respiratorio;De 30 a 39 años;Hombres;1
Total Nacional;12 Galicia;062-067 X.Enfermedades del sistema respiratorio;De 30 a 39 años;Mujeres;1
Total Nacional;12 Galicia;062-067 X.Enfermedades del sistema respiratorio;De 40 a 44 años;Hombres;3
Total Nacional;12 Galicia;062-067 X.Enfermedades del sistema respiratorio;De 40 a 44 años;Mujeres;3
Total Nacional;12 Galicia;062-067 X.Enfermedades del sistema respiratorio;De 45 a 49 años;Hombres;5
Total Nacional;12 Galicia;062-067 X.Enfermedades del sistema respiratorio;De 45 a 49 años;Mujeres;5
Total Nacional;12 Galicia;062-067 X.Enfermedades del sistema respiratorio;De 50 a 54 años;Hombres;21
Total Nacional;12 Galicia;062-067 X.Enfermedades del sistema respiratorio;De 50 a 54 años;Mujeres;7
Total Nacional;12 Galicia;062-067 X.Enfermedades del sistema respiratorio;De 55 a 59 años;Hombres;29
Total Nacional;12 Galicia;062-067 X.Enfermedades del sistema respiratorio;De 55 a 59 años;Mujeres;14
Total Nacional;12 Galicia;062-067 X.Enfermedades del sistema respiratorio;De 60 a 64 años;Hombres;48
Total Nacional;12 Galicia;062-067 X.Enfermedades del sistema respiratorio;De 60 a 64 años;Mujeres;25
Total Nacional;12 Galicia;062-067 X.Enfermedades del sistema respiratorio;De 65 a 69 años;Hombres;98
Total Nacional;12 Galicia;062-067 X.Enfermedades del sistema respiratorio;De 65 a 69 años;Mujeres;33
Total Nacional;12 Galicia;062-067 X.Enfermedades del sistema respiratorio;De 70 a 74 años;Hombres;155
Total Nacional;12 Galicia;062-067 X.Enfermedades del sistema respiratorio;De 70 a 74 años;Mujeres;66
Total Nacional;12 Galicia;062-067 X.Enfermedades del sistema respiratorio;De 75 a 79 años;Hombres;258
Total Nacional;12 Galicia;062-067 X.Enfermedades del sistema respiratorio;De 75 a 79 años;Mujeres;122
Total Nacional;12 Galicia;062-067 X.Enfermedades del sistema respiratorio;De 80 a 84 años;Hombres;332
Total Nacional;12 Galicia;062-067 X.Enfermedades del sistema respiratorio;De 80 a 84 años;Mujeres;217
Total Nacional;12 Galicia;062-067 X.Enfermedades del sistema respiratorio;De 85 a 89 años;Hombres;389
Total Nacional;12 Galicia;062-067 X.Enfermedades del sistema respiratorio;De 85 a 89 años;Mujeres;432
Total Nacional;12 Galicia;062-067 X.Enfermedades del sistema respiratorio;De 90 a 94 años;Hombres;448
Total Nacional;12 Galicia;062-067 X.Enfermedades del sistema respiratorio;De 90 a 94 años;Mujeres;628
Total Nacional;12 Galicia;062-067 X.Enfermedades del sistema respiratorio;De 95 años y más;Hombres;190
Total Nacional;12 Galicia;062-067 X.Enfermedades del sistema respiratorio;De 95 años y más;Mujeres;377
Total Nacional;12 Galicia;068-072 XI.Enfermedades del sistema digestivo;De 1 a 14 años;Hombres;0
Total Nacional;12 Galicia;068-072 XI.Enfermedades del sistema digestivo;De 1 a 14 años;Mujeres;0
Total Nacional;12 Galicia;068-072 XI.Enfermedades del sistema digestivo;De 15 a 29 años;Hombres;3
Total Nacional;12 Galicia;068-072 XI.Enfermedades del sistema digestivo;De 15 a 29 años;Mujeres;0
Total Nacional;12 Galicia;068-072 XI.Enfermedades del sistema digestivo;De 30 a 39 años;Hombres;1
Total Nacional;12 Galicia;068-072 XI.Enfermedades del sistema digestivo;De 30 a 39 años;Mujeres;1
Total Nacional;12 Galicia;068-072 XI.Enfermedades del sistema digestivo;De 40 a 44 años;Hombres;5
Total Nacional;12 Galicia;068-072 XI.Enfermedades del sistema digestivo;De 40 a 44 años;Mujeres;0
Total Nacional;12 Galicia;068-072 XI.Enfermedades del sistema digestivo;De 45 a 49 años;Hombres;10
Total Nacional;12 Galicia;068-072 XI.Enfermedades del sistema digestivo;De 45 a 49 años;Mujeres;4
Total Nacional;12 Galicia;068-072 XI.Enfermedades del sistema digestivo;De 50 a 54 años;Hombres;29
Total Nacional;12 Galicia;068-072 XI.Enfermedades del sistema digestivo;De 50 a 54 años;Mujeres;7
Total Nacional;12 Galicia;068-072 XI.Enfermedades del sistema digestivo;De 55 a 59 años;Hombres;54
Total Nacional;12 Galicia;068-072 XI.Enfermedades del sistema digestivo;De 55 a 59 años;Mujeres;13
Total Nacional;12 Galicia;068-072 XI.Enfermedades del sistema digestivo;De 60 a 64 años;Hombres;52
Total Nacional;12 Galicia;068-072 XI.Enfermedades del sistema digestivo;De 60 a 64 años;Mujeres;30
Total Nacional;12 Galicia;068-072 XI.Enfermedades del sistema digestivo;De 65 a 69 años;Hombres;76
Total Nacional;12 Galicia;068-072 XI.Enfermedades del sistema digestivo;De 65 a 69 años;Mujeres;32
Total Nacional;12 Galicia;068-072 XI.Enfermedades del sistema digestivo;De 70 a 74 años;Hombres;87
Total Nacional;12 Galicia;068-072 XI.Enfermedades del sistema digestivo;De 70 a 74 años;Mujeres;31
Total Nacional;12 Galicia;068-072 XI.Enfermedades del sistema digestivo;De 75 a 79 años;Hombres;121
Total Nacional;12 Galicia;068-072 XI.Enfermedades del sistema digestivo;De 75 a 79 años;Mujeres;64
Total Nacional;12 Galicia;068-072 XI.Enfermedades del sistema digestivo;De 80 a 84 años;Hombres;117
Total Nacional;12 Galicia;068-072 XI.Enfermedades del sistema digestivo;De 80 a 84 años;Mujeres;105
Total Nacional;12 Galicia;068-072 XI.Enfermedades del sistema digestivo;De 85 a 89 años;Hombres;130
Total Nacional;12 Galicia;068-072 XI.Enfermedades del sistema digestivo;De 85 a 89 años;Mujeres;149
Total Nacional;12 Galicia;068-072 XI.Enfermedades del sistema digestivo;De 90 a 94 años;Hombres;108
Total Nacional;12 Galicia;068-072 XI.Enfermedades del sistema digestivo;De 90 a 94 años;Mujeres;215
Total Nacional;12 Galicia;068-072 XI.Enfermedades del sistema digestivo;De 95 años y más;Hombres;42
Total Nacional;12 Galicia;068-072 XI.Enfermedades del sistema digestivo;De 95 años y más;Mujeres;121
Total Nacional;12 Galicia;073 XII.Enfermedades de la piel y del tejido subcutáneo;De 1 a 14 años;Hombres;0
Total Nacional;12 Galicia;073 XII.Enfermedades de la piel y del tejido subcutáneo;De 1 a 14 años;Mujeres;0
Total Nacional;12 Galicia;073 XII.Enfermedades de la piel y del tejido subcutáneo;De 15 a 29 años;Hombres;0
Total Nacional;12 Galicia;073 XII.Enfermedades de la piel y del tejido subcutáneo;De 15 a 29 años;Mujeres;0
Total Nacional;12 Galicia;073 XII.Enfermedades de la piel y del tejido subcutáneo;De 30 a 39 años;Hombres;0
Total Nacional;12 Galicia;073 XII.Enfermedades de la piel y del tejido subcutáneo;De 30 a 39 años;Mujeres;0
Total Nacional;12 Galicia;073 XII.Enfermedades de la piel y del tejido subcutáneo;De 40 a 44 años;Hombres;0
Total Nacional;12 Galicia;073 XII.Enfermedades de la piel y del tejido subcutáneo;De 40 a 44 años;Mujeres;1
Total Nacional;12 Galicia;073 XII.Enfermedades de la piel y del tejido subcutáneo;De 45 a 49 años;Hombres;0
Total Nacional;12 Galicia;073 XII.Enfermedades de la piel y del tejido subcutáneo;De 45 a 49 años;Mujeres;0
Total Nacional;12 Galicia;073 XII.Enfermedades de la piel y del tejido subcutáneo;De 50 a 54 años;Hombres;1
Total Nacional;12 Galicia;073 XII.Enfermedades de la piel y del tejido subcutáneo;De 50 a 54 años;Mujeres;0
Total Nacional;12 Galicia;073 XII.Enfermedades de la piel y del tejido subcutáneo;De 55 a 59 años;Hombres;0
Total Nacional;12 Galicia;073 XII.Enfermedades de la piel y del tejido subcutáneo;De 55 a 59 años;Mujeres;0
Total Nacional;12 Galicia;073 XII.Enfermedades de la piel y del tejido subcutáneo;De 60 a 64 años;Hombres;1
Total Nacional;12 Galicia;073 XII.Enfermedades de la piel y del tejido subcutáneo;De 60 a 64 años;Mujeres;1
Total Nacional;12 Galicia;073 XII.Enfermedades de la piel y del tejido subcutáneo;De 65 a 69 años;Hombres;2
Total Nacional;12 Galicia;073 XII.Enfermedades de la piel y del tejido subcutáneo;De 65 a 69 años;Mujeres;0
Total Nacional;12 Galicia;073 XII.Enfermedades de la piel y del tejido subcutáneo;De 70 a 74 años;Hombres;4
Total Nacional;12 Galicia;073 XII.Enfermedades de la piel y del tejido subcutáneo;De 70 a 74 años;Mujeres;4
Total Nacional;12 Galicia;073 XII.Enfermedades de la piel y del tejido subcutáneo;De 75 a 79 años;Hombres;5
Total Nacional;12 Galicia;073 XII.Enfermedades de la piel y del tejido subcutáneo;De 75 a 79 años;Mujeres;14
Total Nacional;12 Galicia;073 XII.Enfermedades de la piel y del tejido subcutáneo;De 80 a 84 años;Hombres;15
Total Nacional;12 Galicia;073 XII.Enfermedades de la piel y del tejido subcutáneo;De 80 a 84 años;Mujeres;10
Total Nacional;12 Galicia;073 XII.Enfermedades de la piel y del tejido subcutáneo;De 85 a 89 años;Hombres;12
Total Nacional;12 Galicia;073 XII.Enfermedades de la piel y del tejido subcutáneo;De 85 a 89 años;Mujeres;24
Total Nacional;12 Galicia;073 XII.Enfermedades de la piel y del tejido subcutáneo;De 90 a 94 años;Hombres;7
Total Nacional;12 Galicia;073 XII.Enfermedades de la piel y del tejido subcutáneo;De 90 a 94 años;Mujeres;25
Total Nacional;12 Galicia;073 XII.Enfermedades de la piel y del tejido subcutáneo;De 95 años y más;Hombres;6
Total Nacional;12 Galicia;073 XII.Enfermedades de la piel y del tejido subcutáneo;De 95 años y más;Mujeres;26
Total Nacional;12 Galicia;074-076 XIII.Enfermedades del sistema osteomuscular y del tejido conjuntivo;De 1 a 14 años;Hombres;0
Total Nacional;12 Galicia;074-076 XIII.Enfermedades del sistema osteomuscular y del tejido conjuntivo;De 1 a 14 años;Mujeres;0
Total Nacional;12 Galicia;074-076 XIII.Enfermedades del sistema osteomuscular y del tejido conjuntivo;De 15 a 29 años;Hombres;0
Total Nacional;12 Galicia;074-076 XIII.Enfermedades del sistema osteomuscular y del tejido conjuntivo;De 15 a 29 años;Mujeres;0
Total Nacional;12 Galicia;074-076 XIII.Enfermedades del sistema osteomuscular y del tejido conjuntivo;De 30 a 39 años;Hombres;0
Total Nacional;12 Galicia;074-076 XIII.Enfermedades del sistema osteomuscular y del tejido conjuntivo;De 30 a 39 años;Mujeres;1
Total Nacional;12 Galicia;074-076 XIII.Enfermedades del sistema osteomuscular y del tejido conjuntivo;De 40 a 44 años;Hombres;0
Total Nacional;12 Galicia;074-076 XIII.Enfermedades del sistema osteomuscular y del tejido conjuntivo;De 40 a 44 años;Mujeres;0
Total Nacional;12 Galicia;074-076 XIII.Enfermedades del sistema osteomuscular y del tejido conjuntivo;De 45 a 49 años;Hombres;1
Total Nacional;12 Galicia;074-076 XIII.Enfermedades del sistema osteomuscular y del tejido conjuntivo;De 45 a 49 años;Mujeres;1
Total Nacional;12 Galicia;074-076 XIII.Enfermedades del sistema osteomuscular y del tejido conjuntivo;De 50 a 54 años;Hombres;3
Total Nacional;12 Galicia;074-076 XIII.Enfermedades del sistema osteomuscular y del tejido conjuntivo;De 50 a 54 años;Mujeres;0
Total Nacional;12 Galicia;074-076 XIII.Enfermedades del sistema osteomuscular y del tejido conjuntivo;De 55 a 59 años;Hombres;1
Total Nacional;12 Galicia;074-076 XIII.Enfermedades del sistema osteomuscular y del tejido conjuntivo;De 55 a 59 años;Mujeres;2
Total Nacional;12 Galicia;074-076 XIII.Enfermedades del sistema osteomuscular y del tejido conjuntivo;De 60 a 64 años;Hombres;4
Total Nacional;12 Galicia;074-076 XIII.Enfermedades del sistema osteomuscular y del tejido conjuntivo;De 60 a 64 años;Mujeres;4
Total Nacional;12 Galicia;074-076 XIII.Enfermedades del sistema osteomuscular y del tejido conjuntivo;De 65 a 69 años;Hombres;3
Total Nacional;12 Galicia;074-076 XIII.Enfermedades del sistema osteomuscular y del tejido conjuntivo;De 65 a 69 años;Mujeres;4
Total Nacional;12 Galicia;074-076 XIII.Enfermedades del sistema osteomuscular y del tejido conjuntivo;De 70 a 74 años;Hombres;4
Total Nacional;12 Galicia;074-076 XIII.Enfermedades del sistema osteomuscular y del tejido conjuntivo;De 70 a 74 años;Mujeres;4
Total Nacional;12 Galicia;074-076 XIII.Enfermedades del sistema osteomuscular y del tejido conjuntivo;De 75 a 79 años;Hombres;9
Total Nacional;12 Galicia;074-076 XIII.Enfermedades del sistema osteomuscular y del tejido conjuntivo;De 75 a 79 años;Mujeres;6
Total Nacional;12 Galicia;074-076 XIII.Enfermedades del sistema osteomuscular y del tejido conjuntivo;De 80 a 84 años;Hombres;6
Total Nacional;12 Galicia;074-076 XIII.Enfermedades del sistema osteomuscular y del tejido conjuntivo;De 80 a 84 años;Mujeres;8
Total Nacional;12 Galicia;074-076 XIII.Enfermedades del sistema osteomuscular y del tejido conjuntivo;De 85 a 89 años;Hombres;15
Total Nacional;12 Galicia;074-076 XIII.Enfermedades del sistema osteomuscular y del tejido conjuntivo;De 85 a 89 años;Mujeres;16
Total Nacional;12 Galicia;074-076 XIII.Enfermedades del sistema osteomuscular y del tejido conjuntivo;De 90 a 94 años;Hombres;8
Total Nacional;12 Galicia;074-076 XIII.Enfermedades del sistema osteomuscular y del tejido conjuntivo;De 90 a 94 años;Mujeres;20
Total Nacional;12 Galicia;074-076 XIII.Enfermedades del sistema osteomuscular y del tejido conjuntivo;De 95 años y más;Hombres;6
Total Nacional;12 Galicia;074-076 XIII.Enfermedades del sistema osteomuscular y del tejido conjuntivo;De 95 años y más;Mujeres;11
Total Nacional;12 Galicia;077-080 XIV.Enfermedades del sistema genitourinario;De 1 a 14 años;Hombres;0
Total Nacional;12 Galicia;077-080 XIV.Enfermedades del sistema genitourinario;De 1 a 14 años;Mujeres;0
Total Nacional;12 Galicia;077-080 XIV.Enfermedades del sistema genitourinario;De 15 a 29 años;Hombres;0
Total Nacional;12 Galicia;077-080 XIV.Enfermedades del sistema genitourinario;De 15 a 29 años;Mujeres;0
Total Nacional;12 Galicia;077-080 XIV.Enfermedades del sistema genitourinario;De 30 a 39 años;Hombres;0
Total Nacional;12 Galicia;077-080 XIV.Enfermedades del sistema genitourinario;De 30 a 39 años;Mujeres;0
Total Nacional;12 Galicia;077-080 XIV.Enfermedades del sistema genitourinario;De 40 a 44 años;Hombres;1
Total Nacional;12 Galicia;077-080 XIV.Enfermedades del sistema genitourinario;De 40 a 44 años;Mujeres;0
Total Nacional;12 Galicia;077-080 XIV.Enfermedades del sistema genitourinario;De 45 a 49 años;Hombres;1
Total Nacional;12 Galicia;077-080 XIV.Enfermedades del sistema genitourinario;De 45 a 49 años;Mujeres;1
Total Nacional;12 Galicia;077-080 XIV.Enfermedades del sistema genitourinario;De 50 a 54 años;Hombres;3
Total Nacional;12 Galicia;077-080 XIV.Enfermedades del sistema genitourinario;De 50 a 54 años;Mujeres;1
Total Nacional;12 Galicia;077-080 XIV.Enfermedades del sistema genitourinario;De 55 a 59 años;Hombres;7
Total Nacional;12 Galicia;077-080 XIV.Enfermedades del sistema genitourinario;De 55 a 59 años;Mujeres;1
Total Nacional;12 Galicia;077-080 XIV.Enfermedades del sistema genitourinario;De 60 a 64 años;Hombres;7
Total Nacional;12 Galicia;077-080 XIV.Enfermedades del sistema genitourinario;De 60 a 64 años;Mujeres;3
Total Nacional;12 Galicia;077-080 XIV.Enfermedades del sistema genitourinario;De 65 a 69 años;Hombres;9
Total Nacional;12 Galicia;077-080 XIV.Enfermedades del sistema genitourinario;De 65 a 69 años;Mujeres;10
Total Nacional;12 Galicia;077-080 XIV.Enfermedades del sistema genitourinario;De 70 a 74 años;Hombres;39
Total Nacional;12 Galicia;077-080 XIV.Enfermedades del sistema genitourinario;De 70 a 74 años;Mujeres;14
Total Nacional;12 Galicia;077-080 XIV.Enfermedades del sistema genitourinario;De 75 a 79 años;Hombres;52
Total Nacional;12 Galicia;077-080 XIV.Enfermedades del sistema genitourinario;De 75 a 79 años;Mujeres;48
Total Nacional;12 Galicia;077-080 XIV.Enfermedades del sistema genitourinario;De 80 a 84 años;Hombres;79
Total Nacional;12 Galicia;077-080 XIV.Enfermedades del sistema genitourinario;De 80 a 84 años;Mujeres;88
Total Nacional;12 Galicia;077-080 XIV.Enfermedades del sistema genitourinario;De 85 a 89 años;Hombres;140
Total Nacional;12 Galicia;077-080 XIV.Enfermedades del sistema genitourinario;De 85 a 89 años;Mujeres;190
Total Nacional;12 Galicia;077-080 XIV.Enfermedades del sistema genitourinario;De 90 a 94 años;Hombres;116
Total Nacional;12 Galicia;077-080 XIV.Enfermedades del sistema genitourinario;De 90 a 94 años;Mujeres;217
Total Nacional;12 Galicia;077-080 XIV.Enfermedades del sistema genitourinario;De 95 años y más;Hombres;72
Total Nacional;12 Galicia;077-080 XIV.Enfermedades del sistema genitourinario;De 95 años y más;Mujeres;112
Total Nacional;12 Galicia;081 XV.Embarazo, parto y puerperio;De 1 a 14 años;Hombres;0
Total Nacional;12 Galicia;081 XV.Embarazo, parto y puerperio;De 1 a 14 años;Mujeres;0
Total Nacional;12 Galicia;081 XV.Embarazo, parto y puerperio;De 15 a 29 años;Hombres;0
Total Nacional;12 Galicia;081 XV.Embarazo, parto y puerperio;De 15 a 29 años;Mujeres;0
Total Nacional;12 Galicia;081 XV.Embarazo, parto y puerperio;De 30 a 39 años;Hombres;0
Total Nacional;12 Galicia;081 XV.Embarazo, parto y puerperio;De 30 a 39 años;Mujeres;0
Total Nacional;12 Galicia;081 XV.Embarazo, parto y puerperio;De 40 a 44 años;Hombres;0
Total Nacional;12 Galicia;081 XV.Embarazo, parto y puerperio;De 40 a 44 años;Mujeres;0
Total Nacional;12 Galicia;081 XV.Embarazo, parto y puerperio;De 45 a 49 años;Hombres;0
Total Nacional;12 Galicia;081 XV.Embarazo, parto y puerperio;De 45 a 49 años;Mujeres;0
Total Nacional;12 Galicia;081 XV.Embarazo, parto y puerperio;De 50 a 54 años;Hombres;0
Total Nacional;12 Galicia;081 XV.Embarazo, parto y puerperio;De 50 a 54 años;Mujeres;0
Total Nacional;12 Galicia;081 XV.Embarazo, parto y puerperio;De 55 a 59 años;Hombres;0
Total Nacional;12 Galicia;081 XV.Embarazo, parto y puerperio;De 55 a 59 años;Mujeres;0
Total Nacional;12 Galicia;081 XV.Embarazo, parto y puerperio;De 60 a 64 años;Hombres;0
Total Nacional;12 Galicia;081 XV.Embarazo, parto y puerperio;De 60 a 64 años;Mujeres;0
Total Nacional;12 Galicia;081 XV.Embarazo, parto y puerperio;De 65 a 69 años;Hombres;0
Total Nacional;12 Galicia;081 XV.Embarazo, parto y puerperio;De 65 a 69 años;Mujeres;0
Total Nacional;12 Galicia;081 XV.Embarazo, parto y puerperio;De 70 a 74 años;Hombres;0
Total Nacional;12 Galicia;081 XV.Embarazo, parto y puerperio;De 70 a 74 años;Mujeres;0
Total Nacional;12 Galicia;081 XV.Embarazo, parto y puerperio;De 75 a 79 años;Hombres;0
Total Nacional;12 Galicia;081 XV.Embarazo, parto y puerperio;De 75 a 79 años;Mujeres;0
Total Nacional;12 Galicia;081 XV.Embarazo, parto y puerperio;De 80 a 84 años;Hombres;0
Total Nacional;12 Galicia;081 XV.Embarazo, parto y puerperio;De 80 a 84 años;Mujeres;0
Total Nacional;12 Galicia;081 XV.Embarazo, parto y puerperio;De 85 a 89 años;Hombres;0
Total Nacional;12 Galicia;081 XV.Embarazo, parto y puerperio;De 85 a 89 años;Mujeres;0
Total Nacional;12 Galicia;081 XV.Embarazo, parto y puerperio;De 90 a 94 años;Hombres;0
Total Nacional;12 Galicia;081 XV.Embarazo, parto y puerperio;De 90 a 94 años;Mujeres;0
Total Nacional;12 Galicia;081 XV.Embarazo, parto y puerperio;De 95 años y más;Hombres;0
Total Nacional;12 Galicia;081 XV.Embarazo, parto y puerperio;De 95 años y más;Mujeres;0
Total Nacional;12 Galicia;082 XVI.Afecciones originadas en el periodo perinatal;De 1 a 14 años;Hombres;0
Total Nacional;12 Galicia;082 XVI.Afecciones originadas en el periodo perinatal;De 1 a 14 años;Mujeres;0
Total Nacional;12 Galicia;082 XVI.Afecciones originadas en el periodo perinatal;De 15 a 29 años;Hombres;0
Total Nacional;12 Galicia;082 XVI.Afecciones originadas en el periodo perinatal;De 15 a 29 años;Mujeres;0
Total Nacional;12 Galicia;082 XVI.Afecciones originadas en el periodo perinatal;De 30 a 39 años;Hombres;0
Total Nacional;12 Galicia;082 XVI.Afecciones originadas en el periodo perinatal;De 30 a 39 años;Mujeres;0
Total Nacional;12 Galicia;082 XVI.Afecciones originadas en el periodo perinatal;De 40 a 44 años;Hombres;0
Total Nacional;12 Galicia;082 XVI.Afecciones originadas en el periodo perinatal;De 40 a 44 años;Mujeres;0
Total Nacional;12 Galicia;082 XVI.Afecciones originadas en el periodo perinatal;De 45 a 49 años;Hombres;0
Total Nacional;12 Galicia;082 XVI.Afecciones originadas en el periodo perinatal;De 45 a 49 años;Mujeres;0
Total Nacional;12 Galicia;082 XVI.Afecciones originadas en el periodo perinatal;De 50 a 54 años;Hombres;0
Total Nacional;12 Galicia;082 XVI.Afecciones originadas en el periodo perinatal;De 50 a 54 años;Mujeres;1
Total Nacional;12 Galicia;082 XVI.Afecciones originadas en el periodo perinatal;De 55 a 59 años;Hombres;0
Total Nacional;12 Galicia;082 XVI.Afecciones originadas en el periodo perinatal;De 55 a 59 años;Mujeres;0
Total Nacional;12 Galicia;082 XVI.Afecciones originadas en el periodo perinatal;De 60 a 64 años;Hombres;0
Total Nacional;12 Galicia;082 XVI.Afecciones originadas en el periodo perinatal;De 60 a 64 años;Mujeres;0
Total Nacional;12 Galicia;082 XVI.Afecciones originadas en el periodo perinatal;De 65 a 69 años;Hombres;0
Total Nacional;12 Galicia;082 XVI.Afecciones originadas en el periodo perinatal;De 65 a 69 años;Mujeres;0
Total Nacional;12 Galicia;082 XVI.Afecciones originadas en el periodo perinatal;De 70 a 74 años;Hombres;0
Total Nacional;12 Galicia;082 XVI.Afecciones originadas en el periodo perinatal;De 70 a 74 años;Mujeres;0
Total Nacional;12 Galicia;082 XVI.Afecciones originadas en el periodo perinatal;De 75 a 79 años;Hombres;0
Total Nacional;12 Galicia;082 XVI.Afecciones originadas en el periodo perinatal;De 75 a 79 años;Mujeres;0
Total Nacional;12 Galicia;082 XVI.Afecciones originadas en el periodo perinatal;De 80 a 84 años;Hombres;0
Total Nacional;12 Galicia;082 XVI.Afecciones originadas en el periodo perinatal;De 80 a 84 años;Mujeres;0
Total Nacional;12 Galicia;082 XVI.Afecciones originadas en el periodo perinatal;De 85 a 89 años;Hombres;0
Total Nacional;12 Galicia;082 XVI.Afecciones originadas en el periodo perinatal;De 85 a 89 años;Mujeres;0
Total Nacional;12 Galicia;082 XVI.Afecciones originadas en el periodo perinatal;De 90 a 94 años;Hombres;0
Total Nacional;12 Galicia;082 XVI.Afecciones originadas en el periodo perinatal;De 90 a 94 años;Mujeres;0
Total Nacional;12 Galicia;082 XVI.Afecciones originadas en el periodo perinatal;De 95 años y más;Hombres;0
Total Nacional;12 Galicia;082 XVI.Afecciones originadas en el periodo perinatal;De 95 años y más;Mujeres;0
Total Nacional;12 Galicia;083-085 XVII.Malformaciones congénitas, deformidades y anomalías cromosómicas;De 1 a 14 años;Hombres;0
Total Nacional;12 Galicia;083-085 XVII.Malformaciones congénitas, deformidades y anomalías cromosómicas;De 1 a 14 años;Mujeres;1
Total Nacional;12 Galicia;083-085 XVII.Malformaciones congénitas, deformidades y anomalías cromosómicas;De 15 a 29 años;Hombres;0
Total Nacional;12 Galicia;083-085 XVII.Malformaciones congénitas, deformidades y anomalías cromosómicas;De 15 a 29 años;Mujeres;2
Total Nacional;12 Galicia;083-085 XVII.Malformaciones congénitas, deformidades y anomalías cromosómicas;De 30 a 39 años;Hombres;1
Total Nacional;12 Galicia;083-085 XVII.Malformaciones congénitas, deformidades y anomalías cromosómicas;De 30 a 39 años;Mujeres;1
Total Nacional;12 Galicia;083-085 XVII.Malformaciones congénitas, deformidades y anomalías cromosómicas;De 40 a 44 años;Hombres;2
Total Nacional;12 Galicia;083-085 XVII.Malformaciones congénitas, deformidades y anomalías cromosómicas;De 40 a 44 años;Mujeres;1
Total Nacional;12 Galicia;083-085 XVII.Malformaciones congénitas, deformidades y anomalías cromosómicas;De 45 a 49 años;Hombres;3
Total Nacional;12 Galicia;083-085 XVII.Malformaciones congénitas, deformidades y anomalías cromosómicas;De 45 a 49 años;Mujeres;1
Total Nacional;12 Galicia;083-085 XVII.Malformaciones congénitas, deformidades y anomalías cromosómicas;De 50 a 54 años;Hombres;1
Total Nacional;12 Galicia;083-085 XVII.Malformaciones congénitas, deformidades y anomalías cromosómicas;De 50 a 54 años;Mujeres;1
Total Nacional;12 Galicia;083-085 XVII.Malformaciones congénitas, deformidades y anomalías cromosómicas;De 55 a 59 años;Hombres;3
Total Nacional;12 Galicia;083-085 XVII.Malformaciones congénitas, deformidades y anomalías cromosómicas;De 55 a 59 años;Mujeres;2
Total Nacional;12 Galicia;083-085 XVII.Malformaciones congénitas, deformidades y anomalías cromosómicas;De 60 a 64 años;Hombres;7
Total Nacional;12 Galicia;083-085 XVII.Malformaciones congénitas, deformidades y anomalías cromosómicas;De 60 a 64 años;Mujeres;1
Total Nacional;12 Galicia;083-085 XVII.Malformaciones congénitas, deformidades y anomalías cromosómicas;De 65 a 69 años;Hombres;1
Total Nacional;12 Galicia;083-085 XVII.Malformaciones congénitas, deformidades y anomalías cromosómicas;De 65 a 69 años;Mujeres;1
Total Nacional;12 Galicia;083-085 XVII.Malformaciones congénitas, deformidades y anomalías cromosómicas;De 70 a 74 años;Hombres;3
Total Nacional;12 Galicia;083-085 XVII.Malformaciones congénitas, deformidades y anomalías cromosómicas;De 70 a 74 años;Mujeres;2
Total Nacional;12 Galicia;083-085 XVII.Malformaciones congénitas, deformidades y anomalías cromosómicas;De 75 a 79 años;Hombres;2
Total Nacional;12 Galicia;083-085 XVII.Malformaciones congénitas, deformidades y anomalías cromosómicas;De 75 a 79 años;Mujeres;1
Total Nacional;12 Galicia;083-085 XVII.Malformaciones congénitas, deformidades y anomalías cromosómicas;De 80 a 84 años;Hombres;2
Total Nacional;12 Galicia;083-085 XVII.Malformaciones congénitas, deformidades y anomalías cromosómicas;De 80 a 84 años;Mujeres;0
Total Nacional;12 Galicia;083-085 XVII.Malformaciones congénitas, deformidades y anomalías cromosómicas;De 85 a 89 años;Hombres;2
Total Nacional;12 Galicia;083-085 XVII.Malformaciones congénitas, deformidades y anomalías cromosómicas;De 85 a 89 años;Mujeres;1
Total Nacional;12 Galicia;083-085 XVII.Malformaciones congénitas, deformidades y anomalías cromosómicas;De 90 a 94 años;Hombres;0
Total Nacional;12 Galicia;083-085 XVII.Malformaciones congénitas, deformidades y anomalías cromosómicas;De 90 a 94 años;Mujeres;1
Total Nacional;12 Galicia;083-085 XVII.Malformaciones congénitas, deformidades y anomalías cromosómicas;De 95 años y más;Hombres;0
Total Nacional;12 Galicia;083-085 XVII.Malformaciones congénitas, deformidades y anomalías cromosómicas;De 95 años y más;Mujeres;0
Total Nacional;12 Galicia;086-089 XVIII.Síntomas, signos y hallazgos anormales clínicos y de laboratorio, no clasificados en otra parte;De 1 a 14 años;Hombres;2
Total Nacional;12 Galicia;086-089 XVIII.Síntomas, signos y hallazgos anormales clínicos y de laboratorio, no clasificados en otra parte;De 1 a 14 años;Mujeres;0
Total Nacional;12 Galicia;086-089 XVIII.Síntomas, signos y hallazgos anormales clínicos y de laboratorio, no clasificados en otra parte;De 15 a 29 años;Hombres;4
Total Nacional;12 Galicia;086-089 XVIII.Síntomas, signos y hallazgos anormales clínicos y de laboratorio, no clasificados en otra parte;De 15 a 29 años;Mujeres;1
Total Nacional;12 Galicia;086-089 XVIII.Síntomas, signos y hallazgos anormales clínicos y de laboratorio, no clasificados en otra parte;De 30 a 39 años;Hombres;1
Total Nacional;12 Galicia;086-089 XVIII.Síntomas, signos y hallazgos anormales clínicos y de laboratorio, no clasificados en otra parte;De 30 a 39 años;Mujeres;0
Total Nacional;12 Galicia;086-089 XVIII.Síntomas, signos y hallazgos anormales clínicos y de laboratorio, no clasificados en otra parte;De 40 a 44 años;Hombres;1
Total Nacional;12 Galicia;086-089 XVIII.Síntomas, signos y hallazgos anormales clínicos y de laboratorio, no clasificados en otra parte;De 40 a 44 años;Mujeres;1
Total Nacional;12 Galicia;086-089 XVIII.Síntomas, signos y hallazgos anormales clínicos y de laboratorio, no clasificados en otra parte;De 45 a 49 años;Hombres;12
Total Nacional;12 Galicia;086-089 XVIII.Síntomas, signos y hallazgos anormales clínicos y de laboratorio, no clasificados en otra parte;De 45 a 49 años;Mujeres;4
Total Nacional;12 Galicia;086-089 XVIII.Síntomas, signos y hallazgos anormales clínicos y de laboratorio, no clasificados en otra parte;De 50 a 54 años;Hombres;8
Total Nacional;12 Galicia;086-089 XVIII.Síntomas, signos y hallazgos anormales clínicos y de laboratorio, no clasificados en otra parte;De 50 a 54 años;Mujeres;5
Total Nacional;12 Galicia;086-089 XVIII.Síntomas, signos y hallazgos anormales clínicos y de laboratorio, no clasificados en otra parte;De 55 a 59 años;Hombres;8
Total Nacional;12 Galicia;086-089 XVIII.Síntomas, signos y hallazgos anormales clínicos y de laboratorio, no clasificados en otra parte;De 55 a 59 años;Mujeres;4
Total Nacional;12 Galicia;086-089 XVIII.Síntomas, signos y hallazgos anormales clínicos y de laboratorio, no clasificados en otra parte;De 60 a 64 años;Hombres;15
Total Nacional;12 Galicia;086-089 XVIII.Síntomas, signos y hallazgos anormales clínicos y de laboratorio, no clasificados en otra parte;De 60 a 64 años;Mujeres;4
Total Nacional;12 Galicia;086-089 XVIII.Síntomas, signos y hallazgos anormales clínicos y de laboratorio, no clasificados en otra parte;De 65 a 69 años;Hombres;11
Total Nacional;12 Galicia;086-089 XVIII.Síntomas, signos y hallazgos anormales clínicos y de laboratorio, no clasificados en otra parte;De 65 a 69 años;Mujeres;4
Total Nacional;12 Galicia;086-089 XVIII.Síntomas, signos y hallazgos anormales clínicos y de laboratorio, no clasificados en otra parte;De 70 a 74 años;Hombres;6
Total Nacional;12 Galicia;086-089 XVIII.Síntomas, signos y hallazgos anormales clínicos y de laboratorio, no clasificados en otra parte;De 70 a 74 años;Mujeres;2
Total Nacional;12 Galicia;086-089 XVIII.Síntomas, signos y hallazgos anormales clínicos y de laboratorio, no clasificados en otra parte;De 75 a 79 años;Hombres;6
Total Nacional;12 Galicia;086-089 XVIII.Síntomas, signos y hallazgos anormales clínicos y de laboratorio, no clasificados en otra parte;De 75 a 79 años;Mujeres;8
Total Nacional;12 Galicia;086-089 XVIII.Síntomas, signos y hallazgos anormales clínicos y de laboratorio, no clasificados en otra parte;De 80 a 84 años;Hombres;7
Total Nacional;12 Galicia;086-089 XVIII.Síntomas, signos y hallazgos anormales clínicos y de laboratorio, no clasificados en otra parte;De 80 a 84 años;Mujeres;4
Total Nacional;12 Galicia;086-089 XVIII.Síntomas, signos y hallazgos anormales clínicos y de laboratorio, no clasificados en otra parte;De 85 a 89 años;Hombres;8
Total Nacional;12 Galicia;086-089 XVIII.Síntomas, signos y hallazgos anormales clínicos y de laboratorio, no clasificados en otra parte;De 85 a 89 años;Mujeres;9
Total Nacional;12 Galicia;086-089 XVIII.Síntomas, signos y hallazgos anormales clínicos y de laboratorio, no clasificados en otra parte;De 90 a 94 años;Hombres;9
Total Nacional;12 Galicia;086-089 XVIII.Síntomas, signos y hallazgos anormales clínicos y de laboratorio, no clasificados en otra parte;De 90 a 94 años;Mujeres;16
Total Nacional;12 Galicia;086-089 XVIII.Síntomas, signos y hallazgos anormales clínicos y de laboratorio, no clasificados en otra parte;De 95 años y más;Hombres;4
Total Nacional;12 Galicia;086-089 XVIII.Síntomas, signos y hallazgos anormales clínicos y de laboratorio, no clasificados en otra parte;De 95 años y más;Mujeres;12
Total Nacional;12 Galicia;090-102 XX.Causas externas de mortalidad;De 1 a 14 años;Hombres;3
Total Nacional;12 Galicia;090-102 XX.Causas externas de mortalidad;De 1 a 14 años;Mujeres;1
Total Nacional;12 Galicia;090-102 XX.Causas externas de mortalidad;De 15 a 29 años;Hombres;40
Total Nacional;12 Galicia;090-102 XX.Causas externas de mortalidad;De 15 a 29 años;Mujeres;7
Total Nacional;12 Galicia;090-102 XX.Causas externas de mortalidad;De 30 a 39 años;Hombres;47
Total Nacional;12 Galicia;090-102 XX.Causas externas de mortalidad;De 30 a 39 años;Mujeres;13
Total Nacional;12 Galicia;090-102 XX.Causas externas de mortalidad;De 40 a 44 años;Hombres;44
Total Nacional;12 Galicia;090-102 XX.Causas externas de mortalidad;De 40 a 44 años;Mujeres;14
Total Nacional;12 Galicia;090-102 XX.Causas externas de mortalidad;De 45 a 49 años;Hombres;58
Total Nacional;12 Galicia;090-102 XX.Causas externas de mortalidad;De 45 a 49 años;Mujeres;26
Total Nacional;12 Galicia;090-102 XX.Causas externas de mortalidad;De 50 a 54 años;Hombres;73
Total Nacional;12 Galicia;090-102 XX.Causas externas de mortalidad;De 50 a 54 años;Mujeres;21
Total Nacional;12 Galicia;090-102 XX.Causas externas de mortalidad;De 55 a 59 años;Hombres;73
Total Nacional;12 Galicia;090-102 XX.Causas externas de mortalidad;De 55 a 59 años;Mujeres;27
Total Nacional;12 Galicia;090-102 XX.Causas externas de mortalidad;De 60 a 64 años;Hombres;65
Total Nacional;12 Galicia;090-102 XX.Causas externas de mortalidad;De 60 a 64 años;Mujeres;17
Total Nacional;12 Galicia;090-102 XX.Causas externas de mortalidad;De 65 a 69 años;Hombres;55
Total Nacional;12 Galicia;090-102 XX.Causas externas de mortalidad;De 65 a 69 años;Mujeres;20
Total Nacional;12 Galicia;090-102 XX.Causas externas de mortalidad;De 70 a 74 años;Hombres;43
Total Nacional;12 Galicia;090-102 XX.Causas externas de mortalidad;De 70 a 74 años;Mujeres;29
Total Nacional;12 Galicia;090-102 XX.Causas externas de mortalidad;De 75 a 79 años;Hombres;67
Total Nacional;12 Galicia;090-102 XX.Causas externas de mortalidad;De 75 a 79 años;Mujeres;35
Total Nacional;12 Galicia;090-102 XX.Causas externas de mortalidad;De 80 a 84 años;Hombres;86
Total Nacional;12 Galicia;090-102 XX.Causas externas de mortalidad;De 80 a 84 años;Mujeres;50
Total Nacional;12 Galicia;090-102 XX.Causas externas de mortalidad;De 85 a 89 años;Hombres;87
Total Nacional;12 Galicia;090-102 XX.Causas externas de mortalidad;De 85 a 89 años;Mujeres;101
Total Nacional;12 Galicia;090-102 XX.Causas externas de mortalidad;De 90 a 94 años;Hombres;79
Total Nacional;12 Galicia;090-102 XX.Causas externas de mortalidad;De 90 a 94 años;Mujeres;131
Total Nacional;12 Galicia;090-102 XX.Causas externas de mortalidad;De 95 años y más;Hombres;28
Total Nacional;12 Galicia;090-102 XX.Causas externas de mortalidad;De 95 años y más;Mujeres;79
Total Nacional;13 Madrid, Comunidad de;001-008 I.Enfermedades infecciosas y parasitarias;De 1 a 14 años;Hombres;2
Total Nacional;13 Madrid, Comunidad de;001-008 I.Enfermedades infecciosas y parasitarias;De 1 a 14 años;Mujeres;1
Total Nacional;13 Madrid, Comunidad de;001-008 I.Enfermedades infecciosas y parasitarias;De 15 a 29 años;Hombres;2
Total Nacional;13 Madrid, Comunidad de;001-008 I.Enfermedades infecciosas y parasitarias;De 15 a 29 años;Mujeres;0
Total Nacional;13 Madrid, Comunidad de;001-008 I.Enfermedades infecciosas y parasitarias;De 30 a 39 años;Hombres;7
Total Nacional;13 Madrid, Comunidad de;001-008 I.Enfermedades infecciosas y parasitarias;De 30 a 39 años;Mujeres;4
Total Nacional;13 Madrid, Comunidad de;001-008 I.Enfermedades infecciosas y parasitarias;De 40 a 44 años;Hombres;2
Total Nacional;13 Madrid, Comunidad de;001-008 I.Enfermedades infecciosas y parasitarias;De 40 a 44 años;Mujeres;4
Total Nacional;13 Madrid, Comunidad de;001-008 I.Enfermedades infecciosas y parasitarias;De 45 a 49 años;Hombres;9
Total Nacional;13 Madrid, Comunidad de;001-008 I.Enfermedades infecciosas y parasitarias;De 45 a 49 años;Mujeres;5
Total Nacional;13 Madrid, Comunidad de;001-008 I.Enfermedades infecciosas y parasitarias;De 50 a 54 años;Hombres;17
Total Nacional;13 Madrid, Comunidad de;001-008 I.Enfermedades infecciosas y parasitarias;De 50 a 54 años;Mujeres;8
Total Nacional;13 Madrid, Comunidad de;001-008 I.Enfermedades infecciosas y parasitarias;De 55 a 59 años;Hombres;23
Total Nacional;13 Madrid, Comunidad de;001-008 I.Enfermedades infecciosas y parasitarias;De 55 a 59 años;Mujeres;14
Total Nacional;13 Madrid, Comunidad de;001-008 I.Enfermedades infecciosas y parasitarias;De 60 a 64 años;Hombres;41
Total Nacional;13 Madrid, Comunidad de;001-008 I.Enfermedades infecciosas y parasitarias;De 60 a 64 años;Mujeres;22
Total Nacional;13 Madrid, Comunidad de;001-008 I.Enfermedades infecciosas y parasitarias;De 65 a 69 años;Hombres;52
Total Nacional;13 Madrid, Comunidad de;001-008 I.Enfermedades infecciosas y parasitarias;De 65 a 69 años;Mujeres;27
Total Nacional;13 Madrid, Comunidad de;001-008 I.Enfermedades infecciosas y parasitarias;De 70 a 74 años;Hombres;49
Total Nacional;13 Madrid, Comunidad de;001-008 I.Enfermedades infecciosas y parasitarias;De 70 a 74 años;Mujeres;28
Total Nacional;13 Madrid, Comunidad de;001-008 I.Enfermedades infecciosas y parasitarias;De 75 a 79 años;Hombres;83
Total Nacional;13 Madrid, Comunidad de;001-008 I.Enfermedades infecciosas y parasitarias;De 75 a 79 años;Mujeres;67
Total Nacional;13 Madrid, Comunidad de;001-008 I.Enfermedades infecciosas y parasitarias;De 80 a 84 años;Hombres;111
Total Nacional;13 Madrid, Comunidad de;001-008 I.Enfermedades infecciosas y parasitarias;De 80 a 84 años;Mujeres;96
Total Nacional;13 Madrid, Comunidad de;001-008 I.Enfermedades infecciosas y parasitarias;De 85 a 89 años;Hombres;143
Total Nacional;13 Madrid, Comunidad de;001-008 I.Enfermedades infecciosas y parasitarias;De 85 a 89 años;Mujeres;191
Total Nacional;13 Madrid, Comunidad de;001-008 I.Enfermedades infecciosas y parasitarias;De 90 a 94 años;Hombres;116
Total Nacional;13 Madrid, Comunidad de;001-008 I.Enfermedades infecciosas y parasitarias;De 90 a 94 años;Mujeres;178
Total Nacional;13 Madrid, Comunidad de;001-008 I.Enfermedades infecciosas y parasitarias;De 95 años y más;Hombres;43
Total Nacional;13 Madrid, Comunidad de;001-008 I.Enfermedades infecciosas y parasitarias;De 95 años y más;Mujeres;130
Total Nacional;13 Madrid, Comunidad de;009-041 II.Tumores;De 1 a 14 años;Hombres;14
Total Nacional;13 Madrid, Comunidad de;009-041 II.Tumores;De 1 a 14 años;Mujeres;12
Total Nacional;13 Madrid, Comunidad de;009-041 II.Tumores;De 15 a 29 años;Hombres;20
Total Nacional;13 Madrid, Comunidad de;009-041 II.Tumores;De 15 a 29 años;Mujeres;26
Total Nacional;13 Madrid, Comunidad de;009-041 II.Tumores;De 30 a 39 años;Hombres;45
Total Nacional;13 Madrid, Comunidad de;009-041 II.Tumores;De 30 a 39 años;Mujeres;58
Total Nacional;13 Madrid, Comunidad de;009-041 II.Tumores;De 40 a 44 años;Hombres;66
Total Nacional;13 Madrid, Comunidad de;009-041 II.Tumores;De 40 a 44 años;Mujeres;58
Total Nacional;13 Madrid, Comunidad de;009-041 II.Tumores;De 45 a 49 años;Hombres;106
Total Nacional;13 Madrid, Comunidad de;009-041 II.Tumores;De 45 a 49 años;Mujeres;136
Total Nacional;13 Madrid, Comunidad de;009-041 II.Tumores;De 50 a 54 años;Hombres;209
Total Nacional;13 Madrid, Comunidad de;009-041 II.Tumores;De 50 a 54 años;Mujeres;224
Total Nacional;13 Madrid, Comunidad de;009-041 II.Tumores;De 55 a 59 años;Hombres;396
Total Nacional;13 Madrid, Comunidad de;009-041 II.Tumores;De 55 a 59 años;Mujeres;323
Total Nacional;13 Madrid, Comunidad de;009-041 II.Tumores;De 60 a 64 años;Hombres;637
Total Nacional;13 Madrid, Comunidad de;009-041 II.Tumores;De 60 a 64 años;Mujeres;467
Total Nacional;13 Madrid, Comunidad de;009-041 II.Tumores;De 65 a 69 años;Hombres;841
Total Nacional;13 Madrid, Comunidad de;009-041 II.Tumores;De 65 a 69 años;Mujeres;590
Total Nacional;13 Madrid, Comunidad de;009-041 II.Tumores;De 70 a 74 años;Hombres;995
Total Nacional;13 Madrid, Comunidad de;009-041 II.Tumores;De 70 a 74 años;Mujeres;622
Total Nacional;13 Madrid, Comunidad de;009-041 II.Tumores;De 75 a 79 años;Hombres;1.302
Total Nacional;13 Madrid, Comunidad de;009-041 II.Tumores;De 75 a 79 años;Mujeres;807
Total Nacional;13 Madrid, Comunidad de;009-041 II.Tumores;De 80 a 84 años;Hombres;1.159
Total Nacional;13 Madrid, Comunidad de;009-041 II.Tumores;De 80 a 84 años;Mujeres;801
Total Nacional;13 Madrid, Comunidad de;009-041 II.Tumores;De 85 a 89 años;Hombres;950
Total Nacional;13 Madrid, Comunidad de;009-041 II.Tumores;De 85 a 89 años;Mujeres;826
Total Nacional;13 Madrid, Comunidad de;009-041 II.Tumores;De 90 a 94 años;Hombres;611
Total Nacional;13 Madrid, Comunidad de;009-041 II.Tumores;De 90 a 94 años;Mujeres;690
Total Nacional;13 Madrid, Comunidad de;009-041 II.Tumores;De 95 años y más;Hombres;182
Total Nacional;13 Madrid, Comunidad de;009-041 II.Tumores;De 95 años y más;Mujeres;298
Total Nacional;13 Madrid, Comunidad de;050-052 VI-VIII.Enfermedades del sistema nervioso y de los órganos de los sentidos;De 1 a 14 años;Hombres;5
Total Nacional;13 Madrid, Comunidad de;050-052 VI-VIII.Enfermedades del sistema nervioso y de los órganos de los sentidos;De 1 a 14 años;Mujeres;5
Total Nacional;13 Madrid, Comunidad de;050-052 VI-VIII.Enfermedades del sistema nervioso y de los órganos de los sentidos;De 15 a 29 años;Hombres;10
Total Nacional;13 Madrid, Comunidad de;050-052 VI-VIII.Enfermedades del sistema nervioso y de los órganos de los sentidos;De 15 a 29 años;Mujeres;5
Total Nacional;13 Madrid, Comunidad de;050-052 VI-VIII.Enfermedades del sistema nervioso y de los órganos de los sentidos;De 30 a 39 años;Hombres;10
Total Nacional;13 Madrid, Comunidad de;050-052 VI-VIII.Enfermedades del sistema nervioso y de los órganos de los sentidos;De 30 a 39 años;Mujeres;6
Total Nacional;13 Madrid, Comunidad de;050-052 VI-VIII.Enfermedades del sistema nervioso y de los órganos de los sentidos;De 40 a 44 años;Hombres;7
Total Nacional;13 Madrid, Comunidad de;050-052 VI-VIII.Enfermedades del sistema nervioso y de los órganos de los sentidos;De 40 a 44 años;Mujeres;6
Total Nacional;13 Madrid, Comunidad de;050-052 VI-VIII.Enfermedades del sistema nervioso y de los órganos de los sentidos;De 45 a 49 años;Hombres;17
Total Nacional;13 Madrid, Comunidad de;050-052 VI-VIII.Enfermedades del sistema nervioso y de los órganos de los sentidos;De 45 a 49 años;Mujeres;11
Total Nacional;13 Madrid, Comunidad de;050-052 VI-VIII.Enfermedades del sistema nervioso y de los órganos de los sentidos;De 50 a 54 años;Hombres;20
Total Nacional;13 Madrid, Comunidad de;050-052 VI-VIII.Enfermedades del sistema nervioso y de los órganos de los sentidos;De 50 a 54 años;Mujeres;17
Total Nacional;13 Madrid, Comunidad de;050-052 VI-VIII.Enfermedades del sistema nervioso y de los órganos de los sentidos;De 55 a 59 años;Hombres;38
Total Nacional;13 Madrid, Comunidad de;050-052 VI-VIII.Enfermedades del sistema nervioso y de los órganos de los sentidos;De 55 a 59 años;Mujeres;27
Total Nacional;13 Madrid, Comunidad de;050-052 VI-VIII.Enfermedades del sistema nervioso y de los órganos de los sentidos;De 60 a 64 años;Hombres;52
Total Nacional;13 Madrid, Comunidad de;050-052 VI-VIII.Enfermedades del sistema nervioso y de los órganos de los sentidos;De 60 a 64 años;Mujeres;33
Total Nacional;13 Madrid, Comunidad de;050-052 VI-VIII.Enfermedades del sistema nervioso y de los órganos de los sentidos;De 65 a 69 años;Hombres;64
Total Nacional;13 Madrid, Comunidad de;050-052 VI-VIII.Enfermedades del sistema nervioso y de los órganos de los sentidos;De 65 a 69 años;Mujeres;45
Total Nacional;13 Madrid, Comunidad de;050-052 VI-VIII.Enfermedades del sistema nervioso y de los órganos de los sentidos;De 70 a 74 años;Hombres;95
Total Nacional;13 Madrid, Comunidad de;050-052 VI-VIII.Enfermedades del sistema nervioso y de los órganos de los sentidos;De 70 a 74 años;Mujeres;70
Total Nacional;13 Madrid, Comunidad de;050-052 VI-VIII.Enfermedades del sistema nervioso y de los órganos de los sentidos;De 75 a 79 años;Hombres;152
Total Nacional;13 Madrid, Comunidad de;050-052 VI-VIII.Enfermedades del sistema nervioso y de los órganos de los sentidos;De 75 a 79 años;Mujeres;160
Total Nacional;13 Madrid, Comunidad de;050-052 VI-VIII.Enfermedades del sistema nervioso y de los órganos de los sentidos;De 80 a 84 años;Hombres;205
Total Nacional;13 Madrid, Comunidad de;050-052 VI-VIII.Enfermedades del sistema nervioso y de los órganos de los sentidos;De 80 a 84 años;Mujeres;250
Total Nacional;13 Madrid, Comunidad de;050-052 VI-VIII.Enfermedades del sistema nervioso y de los órganos de los sentidos;De 85 a 89 años;Hombres;218
Total Nacional;13 Madrid, Comunidad de;050-052 VI-VIII.Enfermedades del sistema nervioso y de los órganos de los sentidos;De 85 a 89 años;Mujeres;375
Total Nacional;13 Madrid, Comunidad de;050-052 VI-VIII.Enfermedades del sistema nervioso y de los órganos de los sentidos;De 90 a 94 años;Hombres;157
Total Nacional;13 Madrid, Comunidad de;050-052 VI-VIII.Enfermedades del sistema nervioso y de los órganos de los sentidos;De 90 a 94 años;Mujeres;426
Total Nacional;13 Madrid, Comunidad de;050-052 VI-VIII.Enfermedades del sistema nervioso y de los órganos de los sentidos;De 95 años y más;Hombres;42
Total Nacional;13 Madrid, Comunidad de;050-052 VI-VIII.Enfermedades del sistema nervioso y de los órganos de los sentidos;De 95 años y más;Mujeres;238
Total Nacional;13 Madrid, Comunidad de;053-061 IX.Enfermedades del sistema circulatorio;De 1 a 14 años;Hombres;3
Total Nacional;13 Madrid, Comunidad de;053-061 IX.Enfermedades del sistema circulatorio;De 1 a 14 años;Mujeres;4
Total Nacional;13 Madrid, Comunidad de;053-061 IX.Enfermedades del sistema circulatorio;De 15 a 29 años;Hombres;11
Total Nacional;13 Madrid, Comunidad de;053-061 IX.Enfermedades del sistema circulatorio;De 15 a 29 años;Mujeres;6
Total Nacional;13 Madrid, Comunidad de;053-061 IX.Enfermedades del sistema circulatorio;De 30 a 39 años;Hombres;33
Total Nacional;13 Madrid, Comunidad de;053-061 IX.Enfermedades del sistema circulatorio;De 30 a 39 años;Mujeres;10
Total Nacional;13 Madrid, Comunidad de;053-061 IX.Enfermedades del sistema circulatorio;De 40 a 44 años;Hombres;45
Total Nacional;13 Madrid, Comunidad de;053-061 IX.Enfermedades del sistema circulatorio;De 40 a 44 años;Mujeres;17
Total Nacional;13 Madrid, Comunidad de;053-061 IX.Enfermedades del sistema circulatorio;De 45 a 49 años;Hombres;100
Total Nacional;13 Madrid, Comunidad de;053-061 IX.Enfermedades del sistema circulatorio;De 45 a 49 años;Mujeres;38
Total Nacional;13 Madrid, Comunidad de;053-061 IX.Enfermedades del sistema circulatorio;De 50 a 54 años;Hombres;159
Total Nacional;13 Madrid, Comunidad de;053-061 IX.Enfermedades del sistema circulatorio;De 50 a 54 años;Mujeres;47
Total Nacional;13 Madrid, Comunidad de;053-061 IX.Enfermedades del sistema circulatorio;De 55 a 59 años;Hombres;257
Total Nacional;13 Madrid, Comunidad de;053-061 IX.Enfermedades del sistema circulatorio;De 55 a 59 años;Mujeres;73
Total Nacional;13 Madrid, Comunidad de;053-061 IX.Enfermedades del sistema circulatorio;De 60 a 64 años;Hombres;365
Total Nacional;13 Madrid, Comunidad de;053-061 IX.Enfermedades del sistema circulatorio;De 60 a 64 años;Mujeres;117
Total Nacional;13 Madrid, Comunidad de;053-061 IX.Enfermedades del sistema circulatorio;De 65 a 69 años;Hombres;368
Total Nacional;13 Madrid, Comunidad de;053-061 IX.Enfermedades del sistema circulatorio;De 65 a 69 años;Mujeres;176
Total Nacional;13 Madrid, Comunidad de;053-061 IX.Enfermedades del sistema circulatorio;De 70 a 74 años;Hombres;436
Total Nacional;13 Madrid, Comunidad de;053-061 IX.Enfermedades del sistema circulatorio;De 70 a 74 años;Mujeres;238
Total Nacional;13 Madrid, Comunidad de;053-061 IX.Enfermedades del sistema circulatorio;De 75 a 79 años;Hombres;630
Total Nacional;13 Madrid, Comunidad de;053-061 IX.Enfermedades del sistema circulatorio;De 75 a 79 años;Mujeres;457
Total Nacional;13 Madrid, Comunidad de;053-061 IX.Enfermedades del sistema circulatorio;De 80 a 84 años;Hombres;823
Total Nacional;13 Madrid, Comunidad de;053-061 IX.Enfermedades del sistema circulatorio;De 80 a 84 años;Mujeres;722
Total Nacional;13 Madrid, Comunidad de;053-061 IX.Enfermedades del sistema circulatorio;De 85 a 89 años;Hombres;907
Total Nacional;13 Madrid, Comunidad de;053-061 IX.Enfermedades del sistema circulatorio;De 85 a 89 años;Mujeres;1.240
Total Nacional;13 Madrid, Comunidad de;053-061 IX.Enfermedades del sistema circulatorio;De 90 a 94 años;Hombres;852
Total Nacional;13 Madrid, Comunidad de;053-061 IX.Enfermedades del sistema circulatorio;De 90 a 94 años;Mujeres;1.734
Total Nacional;13 Madrid, Comunidad de;053-061 IX.Enfermedades del sistema circulatorio;De 95 años y más;Hombres;376
Total Nacional;13 Madrid, Comunidad de;053-061 IX.Enfermedades del sistema circulatorio;De 95 años y más;Mujeres;1.376
Total Nacional;13 Madrid, Comunidad de;062-067 X.Enfermedades del sistema respiratorio;De 1 a 14 años;Hombres;0
Total Nacional;13 Madrid, Comunidad de;062-067 X.Enfermedades del sistema respiratorio;De 1 a 14 años;Mujeres;1
Total Nacional;13 Madrid, Comunidad de;062-067 X.Enfermedades del sistema respiratorio;De 15 a 29 años;Hombres;8
Total Nacional;13 Madrid, Comunidad de;062-067 X.Enfermedades del sistema respiratorio;De 15 a 29 años;Mujeres;2
Total Nacional;13 Madrid, Comunidad de;062-067 X.Enfermedades del sistema respiratorio;De 30 a 39 años;Hombres;4
Total Nacional;13 Madrid, Comunidad de;062-067 X.Enfermedades del sistema respiratorio;De 30 a 39 años;Mujeres;4
Total Nacional;13 Madrid, Comunidad de;062-067 X.Enfermedades del sistema respiratorio;De 40 a 44 años;Hombres;7
Total Nacional;13 Madrid, Comunidad de;062-067 X.Enfermedades del sistema respiratorio;De 40 a 44 años;Mujeres;7
Total Nacional;13 Madrid, Comunidad de;062-067 X.Enfermedades del sistema respiratorio;De 45 a 49 años;Hombres;19
Total Nacional;13 Madrid, Comunidad de;062-067 X.Enfermedades del sistema respiratorio;De 45 a 49 años;Mujeres;13
Total Nacional;13 Madrid, Comunidad de;062-067 X.Enfermedades del sistema respiratorio;De 50 a 54 años;Hombres;34
Total Nacional;13 Madrid, Comunidad de;062-067 X.Enfermedades del sistema respiratorio;De 50 a 54 años;Mujeres;26
Total Nacional;13 Madrid, Comunidad de;062-067 X.Enfermedades del sistema respiratorio;De 55 a 59 años;Hombres;68
Total Nacional;13 Madrid, Comunidad de;062-067 X.Enfermedades del sistema respiratorio;De 55 a 59 años;Mujeres;40
Total Nacional;13 Madrid, Comunidad de;062-067 X.Enfermedades del sistema respiratorio;De 60 a 64 años;Hombres;112
Total Nacional;13 Madrid, Comunidad de;062-067 X.Enfermedades del sistema respiratorio;De 60 a 64 años;Mujeres;60
Total Nacional;13 Madrid, Comunidad de;062-067 X.Enfermedades del sistema respiratorio;De 65 a 69 años;Hombres;153
Total Nacional;13 Madrid, Comunidad de;062-067 X.Enfermedades del sistema respiratorio;De 65 a 69 años;Mujeres;80
Total Nacional;13 Madrid, Comunidad de;062-067 X.Enfermedades del sistema respiratorio;De 70 a 74 años;Hombres;259
Total Nacional;13 Madrid, Comunidad de;062-067 X.Enfermedades del sistema respiratorio;De 70 a 74 años;Mujeres;131
Total Nacional;13 Madrid, Comunidad de;062-067 X.Enfermedades del sistema respiratorio;De 75 a 79 años;Hombres;456
Total Nacional;13 Madrid, Comunidad de;062-067 X.Enfermedades del sistema respiratorio;De 75 a 79 años;Mujeres;265
Total Nacional;13 Madrid, Comunidad de;062-067 X.Enfermedades del sistema respiratorio;De 80 a 84 años;Hombres;608
Total Nacional;13 Madrid, Comunidad de;062-067 X.Enfermedades del sistema respiratorio;De 80 a 84 años;Mujeres;410
Total Nacional;13 Madrid, Comunidad de;062-067 X.Enfermedades del sistema respiratorio;De 85 a 89 años;Hombres;809
Total Nacional;13 Madrid, Comunidad de;062-067 X.Enfermedades del sistema respiratorio;De 85 a 89 años;Mujeres;775
Total Nacional;13 Madrid, Comunidad de;062-067 X.Enfermedades del sistema respiratorio;De 90 a 94 años;Hombres;815
Total Nacional;13 Madrid, Comunidad de;062-067 X.Enfermedades del sistema respiratorio;De 90 a 94 años;Mujeres;1.054
Total Nacional;13 Madrid, Comunidad de;062-067 X.Enfermedades del sistema respiratorio;De 95 años y más;Hombres;387
Total Nacional;13 Madrid, Comunidad de;062-067 X.Enfermedades del sistema respiratorio;De 95 años y más;Mujeres;841
Total Nacional;13 Madrid, Comunidad de;068-072 XI.Enfermedades del sistema digestivo;De 1 a 14 años;Hombres;2
Total Nacional;13 Madrid, Comunidad de;068-072 XI.Enfermedades del sistema digestivo;De 1 a 14 años;Mujeres;1
Total Nacional;13 Madrid, Comunidad de;068-072 XI.Enfermedades del sistema digestivo;De 15 a 29 años;Hombres;2
Total Nacional;13 Madrid, Comunidad de;068-072 XI.Enfermedades del sistema digestivo;De 15 a 29 años;Mujeres;1
Total Nacional;13 Madrid, Comunidad de;068-072 XI.Enfermedades del sistema digestivo;De 30 a 39 años;Hombres;5
Total Nacional;13 Madrid, Comunidad de;068-072 XI.Enfermedades del sistema digestivo;De 30 a 39 años;Mujeres;2
Total Nacional;13 Madrid, Comunidad de;068-072 XI.Enfermedades del sistema digestivo;De 40 a 44 años;Hombres;11
Total Nacional;13 Madrid, Comunidad de;068-072 XI.Enfermedades del sistema digestivo;De 40 a 44 años;Mujeres;6
Total Nacional;13 Madrid, Comunidad de;068-072 XI.Enfermedades del sistema digestivo;De 45 a 49 años;Hombres;23
Total Nacional;13 Madrid, Comunidad de;068-072 XI.Enfermedades del sistema digestivo;De 45 a 49 años;Mujeres;8
Total Nacional;13 Madrid, Comunidad de;068-072 XI.Enfermedades del sistema digestivo;De 50 a 54 años;Hombres;52
Total Nacional;13 Madrid, Comunidad de;068-072 XI.Enfermedades del sistema digestivo;De 50 a 54 años;Mujeres;19
Total Nacional;13 Madrid, Comunidad de;068-072 XI.Enfermedades del sistema digestivo;De 55 a 59 años;Hombres;81
Total Nacional;13 Madrid, Comunidad de;068-072 XI.Enfermedades del sistema digestivo;De 55 a 59 años;Mujeres;19
Total Nacional;13 Madrid, Comunidad de;068-072 XI.Enfermedades del sistema digestivo;De 60 a 64 años;Hombres;99
Total Nacional;13 Madrid, Comunidad de;068-072 XI.Enfermedades del sistema digestivo;De 60 a 64 años;Mujeres;29
Total Nacional;13 Madrid, Comunidad de;068-072 XI.Enfermedades del sistema digestivo;De 65 a 69 años;Hombres;115
Total Nacional;13 Madrid, Comunidad de;068-072 XI.Enfermedades del sistema digestivo;De 65 a 69 años;Mujeres;49
Total Nacional;13 Madrid, Comunidad de;068-072 XI.Enfermedades del sistema digestivo;De 70 a 74 años;Hombres;120
Total Nacional;13 Madrid, Comunidad de;068-072 XI.Enfermedades del sistema digestivo;De 70 a 74 años;Mujeres;77
Total Nacional;13 Madrid, Comunidad de;068-072 XI.Enfermedades del sistema digestivo;De 75 a 79 años;Hombres;152
Total Nacional;13 Madrid, Comunidad de;068-072 XI.Enfermedades del sistema digestivo;De 75 a 79 años;Mujeres;130
Total Nacional;13 Madrid, Comunidad de;068-072 XI.Enfermedades del sistema digestivo;De 80 a 84 años;Hombres;195
Total Nacional;13 Madrid, Comunidad de;068-072 XI.Enfermedades del sistema digestivo;De 80 a 84 años;Mujeres;179
Total Nacional;13 Madrid, Comunidad de;068-072 XI.Enfermedades del sistema digestivo;De 85 a 89 años;Hombres;184
Total Nacional;13 Madrid, Comunidad de;068-072 XI.Enfermedades del sistema digestivo;De 85 a 89 años;Mujeres;313
Total Nacional;13 Madrid, Comunidad de;068-072 XI.Enfermedades del sistema digestivo;De 90 a 94 años;Hombres;179
Total Nacional;13 Madrid, Comunidad de;068-072 XI.Enfermedades del sistema digestivo;De 90 a 94 años;Mujeres;367
Total Nacional;13 Madrid, Comunidad de;068-072 XI.Enfermedades del sistema digestivo;De 95 años y más;Hombres;71
Total Nacional;13 Madrid, Comunidad de;068-072 XI.Enfermedades del sistema digestivo;De 95 años y más;Mujeres;229
Total Nacional;13 Madrid, Comunidad de;073 XII.Enfermedades de la piel y del tejido subcutáneo;De 1 a 14 años;Hombres;0
Total Nacional;13 Madrid, Comunidad de;073 XII.Enfermedades de la piel y del tejido subcutáneo;De 1 a 14 años;Mujeres;0
Total Nacional;13 Madrid, Comunidad de;073 XII.Enfermedades de la piel y del tejido subcutáneo;De 15 a 29 años;Hombres;0
Total Nacional;13 Madrid, Comunidad de;073 XII.Enfermedades de la piel y del tejido subcutáneo;De 15 a 29 años;Mujeres;0
Total Nacional;13 Madrid, Comunidad de;073 XII.Enfermedades de la piel y del tejido subcutáneo;De 30 a 39 años;Hombres;0
Total Nacional;13 Madrid, Comunidad de;073 XII.Enfermedades de la piel y del tejido subcutáneo;De 30 a 39 años;Mujeres;0
Total Nacional;13 Madrid, Comunidad de;073 XII.Enfermedades de la piel y del tejido subcutáneo;De 40 a 44 años;Hombres;0
Total Nacional;13 Madrid, Comunidad de;073 XII.Enfermedades de la piel y del tejido subcutáneo;De 40 a 44 años;Mujeres;0
Total Nacional;13 Madrid, Comunidad de;073 XII.Enfermedades de la piel y del tejido subcutáneo;De 45 a 49 años;Hombres;0
Total Nacional;13 Madrid, Comunidad de;073 XII.Enfermedades de la piel y del tejido subcutáneo;De 45 a 49 años;Mujeres;0
Total Nacional;13 Madrid, Comunidad de;073 XII.Enfermedades de la piel y del tejido subcutáneo;De 50 a 54 años;Hombres;1
Total Nacional;13 Madrid, Comunidad de;073 XII.Enfermedades de la piel y del tejido subcutáneo;De 50 a 54 años;Mujeres;0
Total Nacional;13 Madrid, Comunidad de;073 XII.Enfermedades de la piel y del tejido subcutáneo;De 55 a 59 años;Hombres;3
Total Nacional;13 Madrid, Comunidad de;073 XII.Enfermedades de la piel y del tejido subcutáneo;De 55 a 59 años;Mujeres;1
Total Nacional;13 Madrid, Comunidad de;073 XII.Enfermedades de la piel y del tejido subcutáneo;De 60 a 64 años;Hombres;3
Total Nacional;13 Madrid, Comunidad de;073 XII.Enfermedades de la piel y del tejido subcutáneo;De 60 a 64 años;Mujeres;2
Total Nacional;13 Madrid, Comunidad de;073 XII.Enfermedades de la piel y del tejido subcutáneo;De 65 a 69 años;Hombres;5
Total Nacional;13 Madrid, Comunidad de;073 XII.Enfermedades de la piel y del tejido subcutáneo;De 65 a 69 años;Mujeres;4
Total Nacional;13 Madrid, Comunidad de;073 XII.Enfermedades de la piel y del tejido subcutáneo;De 70 a 74 años;Hombres;3
Total Nacional;13 Madrid, Comunidad de;073 XII.Enfermedades de la piel y del tejido subcutáneo;De 70 a 74 años;Mujeres;4
Total Nacional;13 Madrid, Comunidad de;073 XII.Enfermedades de la piel y del tejido subcutáneo;De 75 a 79 años;Hombres;7
Total Nacional;13 Madrid, Comunidad de;073 XII.Enfermedades de la piel y del tejido subcutáneo;De 75 a 79 años;Mujeres;8
Total Nacional;13 Madrid, Comunidad de;073 XII.Enfermedades de la piel y del tejido subcutáneo;De 80 a 84 años;Hombres;22
Total Nacional;13 Madrid, Comunidad de;073 XII.Enfermedades de la piel y del tejido subcutáneo;De 80 a 84 años;Mujeres;15
Total Nacional;13 Madrid, Comunidad de;073 XII.Enfermedades de la piel y del tejido subcutáneo;De 85 a 89 años;Hombres;24
Total Nacional;13 Madrid, Comunidad de;073 XII.Enfermedades de la piel y del tejido subcutáneo;De 85 a 89 años;Mujeres;46
Total Nacional;13 Madrid, Comunidad de;073 XII.Enfermedades de la piel y del tejido subcutáneo;De 90 a 94 años;Hombres;20
Total Nacional;13 Madrid, Comunidad de;073 XII.Enfermedades de la piel y del tejido subcutáneo;De 90 a 94 años;Mujeres;75
Total Nacional;13 Madrid, Comunidad de;073 XII.Enfermedades de la piel y del tejido subcutáneo;De 95 años y más;Hombres;10
Total Nacional;13 Madrid, Comunidad de;073 XII.Enfermedades de la piel y del tejido subcutáneo;De 95 años y más;Mujeres;43
Total Nacional;13 Madrid, Comunidad de;074-076 XIII.Enfermedades del sistema osteomuscular y del tejido conjuntivo;De 1 a 14 años;Hombres;0
Total Nacional;13 Madrid, Comunidad de;074-076 XIII.Enfermedades del sistema osteomuscular y del tejido conjuntivo;De 1 a 14 años;Mujeres;0
Total Nacional;13 Madrid, Comunidad de;074-076 XIII.Enfermedades del sistema osteomuscular y del tejido conjuntivo;De 15 a 29 años;Hombres;1
Total Nacional;13 Madrid, Comunidad de;074-076 XIII.Enfermedades del sistema osteomuscular y del tejido conjuntivo;De 15 a 29 años;Mujeres;0
Total Nacional;13 Madrid, Comunidad de;074-076 XIII.Enfermedades del sistema osteomuscular y del tejido conjuntivo;De 30 a 39 años;Hombres;0
Total Nacional;13 Madrid, Comunidad de;074-076 XIII.Enfermedades del sistema osteomuscular y del tejido conjuntivo;De 30 a 39 años;Mujeres;1
Total Nacional;13 Madrid, Comunidad de;074-076 XIII.Enfermedades del sistema osteomuscular y del tejido conjuntivo;De 40 a 44 años;Hombres;1
Total Nacional;13 Madrid, Comunidad de;074-076 XIII.Enfermedades del sistema osteomuscular y del tejido conjuntivo;De 40 a 44 años;Mujeres;0
Total Nacional;13 Madrid, Comunidad de;074-076 XIII.Enfermedades del sistema osteomuscular y del tejido conjuntivo;De 45 a 49 años;Hombres;2
Total Nacional;13 Madrid, Comunidad de;074-076 XIII.Enfermedades del sistema osteomuscular y del tejido conjuntivo;De 45 a 49 años;Mujeres;0
Total Nacional;13 Madrid, Comunidad de;074-076 XIII.Enfermedades del sistema osteomuscular y del tejido conjuntivo;De 50 a 54 años;Hombres;1
Total Nacional;13 Madrid, Comunidad de;074-076 XIII.Enfermedades del sistema osteomuscular y del tejido conjuntivo;De 50 a 54 años;Mujeres;4
Total Nacional;13 Madrid, Comunidad de;074-076 XIII.Enfermedades del sistema osteomuscular y del tejido conjuntivo;De 55 a 59 años;Hombres;2
Total Nacional;13 Madrid, Comunidad de;074-076 XIII.Enfermedades del sistema osteomuscular y del tejido conjuntivo;De 55 a 59 años;Mujeres;1
Total Nacional;13 Madrid, Comunidad de;074-076 XIII.Enfermedades del sistema osteomuscular y del tejido conjuntivo;De 60 a 64 años;Hombres;11
Total Nacional;13 Madrid, Comunidad de;074-076 XIII.Enfermedades del sistema osteomuscular y del tejido conjuntivo;De 60 a 64 años;Mujeres;3
Total Nacional;13 Madrid, Comunidad de;074-076 XIII.Enfermedades del sistema osteomuscular y del tejido conjuntivo;De 65 a 69 años;Hombres;5
Total Nacional;13 Madrid, Comunidad de;074-076 XIII.Enfermedades del sistema osteomuscular y del tejido conjuntivo;De 65 a 69 años;Mujeres;5
Total Nacional;13 Madrid, Comunidad de;074-076 XIII.Enfermedades del sistema osteomuscular y del tejido conjuntivo;De 70 a 74 años;Hombres;16
Total Nacional;13 Madrid, Comunidad de;074-076 XIII.Enfermedades del sistema osteomuscular y del tejido conjuntivo;De 70 a 74 años;Mujeres;13
Total Nacional;13 Madrid, Comunidad de;074-076 XIII.Enfermedades del sistema osteomuscular y del tejido conjuntivo;De 75 a 79 años;Hombres;24
Total Nacional;13 Madrid, Comunidad de;074-076 XIII.Enfermedades del sistema osteomuscular y del tejido conjuntivo;De 75 a 79 años;Mujeres;23
Total Nacional;13 Madrid, Comunidad de;074-076 XIII.Enfermedades del sistema osteomuscular y del tejido conjuntivo;De 80 a 84 años;Hombres;14
Total Nacional;13 Madrid, Comunidad de;074-076 XIII.Enfermedades del sistema osteomuscular y del tejido conjuntivo;De 80 a 84 años;Mujeres;39
Total Nacional;13 Madrid, Comunidad de;074-076 XIII.Enfermedades del sistema osteomuscular y del tejido conjuntivo;De 85 a 89 años;Hombres;41
Total Nacional;13 Madrid, Comunidad de;074-076 XIII.Enfermedades del sistema osteomuscular y del tejido conjuntivo;De 85 a 89 años;Mujeres;88
Total Nacional;13 Madrid, Comunidad de;074-076 XIII.Enfermedades del sistema osteomuscular y del tejido conjuntivo;De 90 a 94 años;Hombres;39
Total Nacional;13 Madrid, Comunidad de;074-076 XIII.Enfermedades del sistema osteomuscular y del tejido conjuntivo;De 90 a 94 años;Mujeres;115
Total Nacional;13 Madrid, Comunidad de;074-076 XIII.Enfermedades del sistema osteomuscular y del tejido conjuntivo;De 95 años y más;Hombres;18
Total Nacional;13 Madrid, Comunidad de;074-076 XIII.Enfermedades del sistema osteomuscular y del tejido conjuntivo;De 95 años y más;Mujeres;83
Total Nacional;13 Madrid, Comunidad de;077-080 XIV.Enfermedades del sistema genitourinario;De 1 a 14 años;Hombres;0
Total Nacional;13 Madrid, Comunidad de;077-080 XIV.Enfermedades del sistema genitourinario;De 1 a 14 años;Mujeres;0
Total Nacional;13 Madrid, Comunidad de;077-080 XIV.Enfermedades del sistema genitourinario;De 15 a 29 años;Hombres;0
Total Nacional;13 Madrid, Comunidad de;077-080 XIV.Enfermedades del sistema genitourinario;De 15 a 29 años;Mujeres;0
Total Nacional;13 Madrid, Comunidad de;077-080 XIV.Enfermedades del sistema genitourinario;De 30 a 39 años;Hombres;0
Total Nacional;13 Madrid, Comunidad de;077-080 XIV.Enfermedades del sistema genitourinario;De 30 a 39 años;Mujeres;2
Total Nacional;13 Madrid, Comunidad de;077-080 XIV.Enfermedades del sistema genitourinario;De 40 a 44 años;Hombres;2
Total Nacional;13 Madrid, Comunidad de;077-080 XIV.Enfermedades del sistema genitourinario;De 40 a 44 años;Mujeres;1
Total Nacional;13 Madrid, Comunidad de;077-080 XIV.Enfermedades del sistema genitourinario;De 45 a 49 años;Hombres;0
Total Nacional;13 Madrid, Comunidad de;077-080 XIV.Enfermedades del sistema genitourinario;De 45 a 49 años;Mujeres;2
Total Nacional;13 Madrid, Comunidad de;077-080 XIV.Enfermedades del sistema genitourinario;De 50 a 54 años;Hombres;2
Total Nacional;13 Madrid, Comunidad de;077-080 XIV.Enfermedades del sistema genitourinario;De 50 a 54 años;Mujeres;1
Total Nacional;13 Madrid, Comunidad de;077-080 XIV.Enfermedades del sistema genitourinario;De 55 a 59 años;Hombres;7
Total Nacional;13 Madrid, Comunidad de;077-080 XIV.Enfermedades del sistema genitourinario;De 55 a 59 años;Mujeres;2
Total Nacional;13 Madrid, Comunidad de;077-080 XIV.Enfermedades del sistema genitourinario;De 60 a 64 años;Hombres;18
Total Nacional;13 Madrid, Comunidad de;077-080 XIV.Enfermedades del sistema genitourinario;De 60 a 64 años;Mujeres;9
Total Nacional;13 Madrid, Comunidad de;077-080 XIV.Enfermedades del sistema genitourinario;De 65 a 69 años;Hombres;22
Total Nacional;13 Madrid, Comunidad de;077-080 XIV.Enfermedades del sistema genitourinario;De 65 a 69 años;Mujeres;10
Total Nacional;13 Madrid, Comunidad de;077-080 XIV.Enfermedades del sistema genitourinario;De 70 a 74 años;Hombres;38
Total Nacional;13 Madrid, Comunidad de;077-080 XIV.Enfermedades del sistema genitourinario;De 70 a 74 años;Mujeres;31
Total Nacional;13 Madrid, Comunidad de;077-080 XIV.Enfermedades del sistema genitourinario;De 75 a 79 años;Hombres;84
Total Nacional;13 Madrid, Comunidad de;077-080 XIV.Enfermedades del sistema genitourinario;De 75 a 79 años;Mujeres;52
Total Nacional;13 Madrid, Comunidad de;077-080 XIV.Enfermedades del sistema genitourinario;De 80 a 84 años;Hombres;130
Total Nacional;13 Madrid, Comunidad de;077-080 XIV.Enfermedades del sistema genitourinario;De 80 a 84 años;Mujeres;115
Total Nacional;13 Madrid, Comunidad de;077-080 XIV.Enfermedades del sistema genitourinario;De 85 a 89 años;Hombres;159
Total Nacional;13 Madrid, Comunidad de;077-080 XIV.Enfermedades del sistema genitourinario;De 85 a 89 años;Mujeres;254
Total Nacional;13 Madrid, Comunidad de;077-080 XIV.Enfermedades del sistema genitourinario;De 90 a 94 años;Hombres;180
Total Nacional;13 Madrid, Comunidad de;077-080 XIV.Enfermedades del sistema genitourinario;De 90 a 94 años;Mujeres;367
Total Nacional;13 Madrid, Comunidad de;077-080 XIV.Enfermedades del sistema genitourinario;De 95 años y más;Hombres;84
Total Nacional;13 Madrid, Comunidad de;077-080 XIV.Enfermedades del sistema genitourinario;De 95 años y más;Mujeres;228
Total Nacional;13 Madrid, Comunidad de;081 XV.Embarazo, parto y puerperio;De 1 a 14 años;Hombres;0
Total Nacional;13 Madrid, Comunidad de;081 XV.Embarazo, parto y puerperio;De 1 a 14 años;Mujeres;0
Total Nacional;13 Madrid, Comunidad de;081 XV.Embarazo, parto y puerperio;De 15 a 29 años;Hombres;0
Total Nacional;13 Madrid, Comunidad de;081 XV.Embarazo, parto y puerperio;De 15 a 29 años;Mujeres;0
Total Nacional;13 Madrid, Comunidad de;081 XV.Embarazo, parto y puerperio;De 30 a 39 años;Hombres;0
Total Nacional;13 Madrid, Comunidad de;081 XV.Embarazo, parto y puerperio;De 30 a 39 años;Mujeres;0
Total Nacional;13 Madrid, Comunidad de;081 XV.Embarazo, parto y puerperio;De 40 a 44 años;Hombres;0
Total Nacional;13 Madrid, Comunidad de;081 XV.Embarazo, parto y puerperio;De 40 a 44 años;Mujeres;0
Total Nacional;13 Madrid, Comunidad de;081 XV.Embarazo, parto y puerperio;De 45 a 49 años;Hombres;0
Total Nacional;13 Madrid, Comunidad de;081 XV.Embarazo, parto y puerperio;De 45 a 49 años;Mujeres;0
Total Nacional;13 Madrid, Comunidad de;081 XV.Embarazo, parto y puerperio;De 50 a 54 años;Hombres;0
Total Nacional;13 Madrid, Comunidad de;081 XV.Embarazo, parto y puerperio;De 50 a 54 años;Mujeres;0
Total Nacional;13 Madrid, Comunidad de;081 XV.Embarazo, parto y puerperio;De 55 a 59 años;Hombres;0
Total Nacional;13 Madrid, Comunidad de;081 XV.Embarazo, parto y puerperio;De 55 a 59 años;Mujeres;0
Total Nacional;13 Madrid, Comunidad de;081 XV.Embarazo, parto y puerperio;De 60 a 64 años;Hombres;0
Total Nacional;13 Madrid, Comunidad de;081 XV.Embarazo, parto y puerperio;De 60 a 64 años;Mujeres;0
Total Nacional;13 Madrid, Comunidad de;081 XV.Embarazo, parto y puerperio;De 65 a 69 años;Hombres;0
Total Nacional;13 Madrid, Comunidad de;081 XV.Embarazo, parto y puerperio;De 65 a 69 años;Mujeres;0
Total Nacional;13 Madrid, Comunidad de;081 XV.Embarazo, parto y puerperio;De 70 a 74 años;Hombres;0
Total Nacional;13 Madrid, Comunidad de;081 XV.Embarazo, parto y puerperio;De 70 a 74 años;Mujeres;0
Total Nacional;13 Madrid, Comunidad de;081 XV.Embarazo, parto y puerperio;De 75 a 79 años;Hombres;0
Total Nacional;13 Madrid, Comunidad de;081 XV.Embarazo, parto y puerperio;De 75 a 79 años;Mujeres;0
Total Nacional;13 Madrid, Comunidad de;081 XV.Embarazo, parto y puerperio;De 80 a 84 años;Hombres;0
Total Nacional;13 Madrid, Comunidad de;081 XV.Embarazo, parto y puerperio;De 80 a 84 años;Mujeres;0
Total Nacional;13 Madrid, Comunidad de;081 XV.Embarazo, parto y puerperio;De 85 a 89 años;Hombres;0
Total Nacional;13 Madrid, Comunidad de;081 XV.Embarazo, parto y puerperio;De 85 a 89 años;Mujeres;0
Total Nacional;13 Madrid, Comunidad de;081 XV.Embarazo, parto y puerperio;De 90 a 94 años;Hombres;0
Total Nacional;13 Madrid, Comunidad de;081 XV.Embarazo, parto y puerperio;De 90 a 94 años;Mujeres;0
Total Nacional;13 Madrid, Comunidad de;081 XV.Embarazo, parto y puerperio;De 95 años y más;Hombres;0
Total Nacional;13 Madrid, Comunidad de;081 XV.Embarazo, parto y puerperio;De 95 años y más;Mujeres;0
Total Nacional;13 Madrid, Comunidad de;082 XVI.Afecciones originadas en el periodo perinatal;De 1 a 14 años;Hombres;0
Total Nacional;13 Madrid, Comunidad de;082 XVI.Afecciones originadas en el periodo perinatal;De 1 a 14 años;Mujeres;0
Total Nacional;13 Madrid, Comunidad de;082 XVI.Afecciones originadas en el periodo perinatal;De 15 a 29 años;Hombres;0
Total Nacional;13 Madrid, Comunidad de;082 XVI.Afecciones originadas en el periodo perinatal;De 15 a 29 años;Mujeres;0
Total Nacional;13 Madrid, Comunidad de;082 XVI.Afecciones originadas en el periodo perinatal;De 30 a 39 años;Hombres;0
Total Nacional;13 Madrid, Comunidad de;082 XVI.Afecciones originadas en el periodo perinatal;De 30 a 39 años;Mujeres;0
Total Nacional;13 Madrid, Comunidad de;082 XVI.Afecciones originadas en el periodo perinatal;De 40 a 44 años;Hombres;0
Total Nacional;13 Madrid, Comunidad de;082 XVI.Afecciones originadas en el periodo perinatal;De 40 a 44 años;Mujeres;0
Total Nacional;13 Madrid, Comunidad de;082 XVI.Afecciones originadas en el periodo perinatal;De 45 a 49 años;Hombres;0
Total Nacional;13 Madrid, Comunidad de;082 XVI.Afecciones originadas en el periodo perinatal;De 45 a 49 años;Mujeres;0
Total Nacional;13 Madrid, Comunidad de;082 XVI.Afecciones originadas en el periodo perinatal;De 50 a 54 años;Hombres;1
Total Nacional;13 Madrid, Comunidad de;082 XVI.Afecciones originadas en el periodo perinatal;De 50 a 54 años;Mujeres;1
Total Nacional;13 Madrid, Comunidad de;082 XVI.Afecciones originadas en el periodo perinatal;De 55 a 59 años;Hombres;0
Total Nacional;13 Madrid, Comunidad de;082 XVI.Afecciones originadas en el periodo perinatal;De 55 a 59 años;Mujeres;0
Total Nacional;13 Madrid, Comunidad de;082 XVI.Afecciones originadas en el periodo perinatal;De 60 a 64 años;Hombres;0
Total Nacional;13 Madrid, Comunidad de;082 XVI.Afecciones originadas en el periodo perinatal;De 60 a 64 años;Mujeres;1
Total Nacional;13 Madrid, Comunidad de;082 XVI.Afecciones originadas en el periodo perinatal;De 65 a 69 años;Hombres;0
Total Nacional;13 Madrid, Comunidad de;082 XVI.Afecciones originadas en el periodo perinatal;De 65 a 69 años;Mujeres;0
Total Nacional;13 Madrid, Comunidad de;082 XVI.Afecciones originadas en el periodo perinatal;De 70 a 74 años;Hombres;0
Total Nacional;13 Madrid, Comunidad de;082 XVI.Afecciones originadas en el periodo perinatal;De 70 a 74 años;Mujeres;0
Total Nacional;13 Madrid, Comunidad de;082 XVI.Afecciones originadas en el periodo perinatal;De 75 a 79 años;Hombres;0
Total Nacional;13 Madrid, Comunidad de;082 XVI.Afecciones originadas en el periodo perinatal;De 75 a 79 años;Mujeres;0
Total Nacional;13 Madrid, Comunidad de;082 XVI.Afecciones originadas en el periodo perinatal;De 80 a 84 años;Hombres;0
Total Nacional;13 Madrid, Comunidad de;082 XVI.Afecciones originadas en el periodo perinatal;De 80 a 84 años;Mujeres;0
Total Nacional;13 Madrid, Comunidad de;082 XVI.Afecciones originadas en el periodo perinatal;De 85 a 89 años;Hombres;0
Total Nacional;13 Madrid, Comunidad de;082 XVI.Afecciones originadas en el periodo perinatal;De 85 a 89 años;Mujeres;0
Total Nacional;13 Madrid, Comunidad de;082 XVI.Afecciones originadas en el periodo perinatal;De 90 a 94 años;Hombres;0
Total Nacional;13 Madrid, Comunidad de;082 XVI.Afecciones originadas en el periodo perinatal;De 90 a 94 años;Mujeres;0
Total Nacional;13 Madrid, Comunidad de;082 XVI.Afecciones originadas en el periodo perinatal;De 95 años y más;Hombres;0
Total Nacional;13 Madrid, Comunidad de;082 XVI.Afecciones originadas en el periodo perinatal;De 95 años y más;Mujeres;0
Total Nacional;13 Madrid, Comunidad de;083-085 XVII.Malformaciones congénitas, deformidades y anomalías cromosómicas;De 1 a 14 años;Hombres;2
Total Nacional;13 Madrid, Comunidad de;083-085 XVII.Malformaciones congénitas, deformidades y anomalías cromosómicas;De 1 a 14 años;Mujeres;0
Total Nacional;13 Madrid, Comunidad de;083-085 XVII.Malformaciones congénitas, deformidades y anomalías cromosómicas;De 15 a 29 años;Hombres;3
Total Nacional;13 Madrid, Comunidad de;083-085 XVII.Malformaciones congénitas, deformidades y anomalías cromosómicas;De 15 a 29 años;Mujeres;3
Total Nacional;13 Madrid, Comunidad de;083-085 XVII.Malformaciones congénitas, deformidades y anomalías cromosómicas;De 30 a 39 años;Hombres;3
Total Nacional;13 Madrid, Comunidad de;083-085 XVII.Malformaciones congénitas, deformidades y anomalías cromosómicas;De 30 a 39 años;Mujeres;1
Total Nacional;13 Madrid, Comunidad de;083-085 XVII.Malformaciones congénitas, deformidades y anomalías cromosómicas;De 40 a 44 años;Hombres;2
Total Nacional;13 Madrid, Comunidad de;083-085 XVII.Malformaciones congénitas, deformidades y anomalías cromosómicas;De 40 a 44 años;Mujeres;0
Total Nacional;13 Madrid, Comunidad de;083-085 XVII.Malformaciones congénitas, deformidades y anomalías cromosómicas;De 45 a 49 años;Hombres;1
Total Nacional;13 Madrid, Comunidad de;083-085 XVII.Malformaciones congénitas, deformidades y anomalías cromosómicas;De 45 a 49 años;Mujeres;3
Total Nacional;13 Madrid, Comunidad de;083-085 XVII.Malformaciones congénitas, deformidades y anomalías cromosómicas;De 50 a 54 años;Hombres;5
Total Nacional;13 Madrid, Comunidad de;083-085 XVII.Malformaciones congénitas, deformidades y anomalías cromosómicas;De 50 a 54 años;Mujeres;2
Total Nacional;13 Madrid, Comunidad de;083-085 XVII.Malformaciones congénitas, deformidades y anomalías cromosómicas;De 55 a 59 años;Hombres;7
Total Nacional;13 Madrid, Comunidad de;083-085 XVII.Malformaciones congénitas, deformidades y anomalías cromosómicas;De 55 a 59 años;Mujeres;8
Total Nacional;13 Madrid, Comunidad de;083-085 XVII.Malformaciones congénitas, deformidades y anomalías cromosómicas;De 60 a 64 años;Hombres;9
Total Nacional;13 Madrid, Comunidad de;083-085 XVII.Malformaciones congénitas, deformidades y anomalías cromosómicas;De 60 a 64 años;Mujeres;2
Total Nacional;13 Madrid, Comunidad de;083-085 XVII.Malformaciones congénitas, deformidades y anomalías cromosómicas;De 65 a 69 años;Hombres;4
Total Nacional;13 Madrid, Comunidad de;083-085 XVII.Malformaciones congénitas, deformidades y anomalías cromosómicas;De 65 a 69 años;Mujeres;2
Total Nacional;13 Madrid, Comunidad de;083-085 XVII.Malformaciones congénitas, deformidades y anomalías cromosómicas;De 70 a 74 años;Hombres;3
Total Nacional;13 Madrid, Comunidad de;083-085 XVII.Malformaciones congénitas, deformidades y anomalías cromosómicas;De 70 a 74 años;Mujeres;5
Total Nacional;13 Madrid, Comunidad de;083-085 XVII.Malformaciones congénitas, deformidades y anomalías cromosómicas;De 75 a 79 años;Hombres;1
Total Nacional;13 Madrid, Comunidad de;083-085 XVII.Malformaciones congénitas, deformidades y anomalías cromosómicas;De 75 a 79 años;Mujeres;2
Total Nacional;13 Madrid, Comunidad de;083-085 XVII.Malformaciones congénitas, deformidades y anomalías cromosómicas;De 80 a 84 años;Hombres;4
Total Nacional;13 Madrid, Comunidad de;083-085 XVII.Malformaciones congénitas, deformidades y anomalías cromosómicas;De 80 a 84 años;Mujeres;7
Total Nacional;13 Madrid, Comunidad de;083-085 XVII.Malformaciones congénitas, deformidades y anomalías cromosómicas;De 85 a 89 años;Hombres;4
Total Nacional;13 Madrid, Comunidad de;083-085 XVII.Malformaciones congénitas, deformidades y anomalías cromosómicas;De 85 a 89 años;Mujeres;4
Total Nacional;13 Madrid, Comunidad de;083-085 XVII.Malformaciones congénitas, deformidades y anomalías cromosómicas;De 90 a 94 años;Hombres;4
Total Nacional;13 Madrid, Comunidad de;083-085 XVII.Malformaciones congénitas, deformidades y anomalías cromosómicas;De 90 a 94 años;Mujeres;3
Total Nacional;13 Madrid, Comunidad de;083-085 XVII.Malformaciones congénitas, deformidades y anomalías cromosómicas;De 95 años y más;Hombres;0
Total Nacional;13 Madrid, Comunidad de;083-085 XVII.Malformaciones congénitas, deformidades y anomalías cromosómicas;De 95 años y más;Mujeres;4
Total Nacional;13 Madrid, Comunidad de;086-089 XVIII.Síntomas, signos y hallazgos anormales clínicos y de laboratorio, no clasificados en otra parte;De 1 a 14 años;Hombres;4
Total Nacional;13 Madrid, Comunidad de;086-089 XVIII.Síntomas, signos y hallazgos anormales clínicos y de laboratorio, no clasificados en otra parte;De 1 a 14 años;Mujeres;0
Total Nacional;13 Madrid, Comunidad de;086-089 XVIII.Síntomas, signos y hallazgos anormales clínicos y de laboratorio, no clasificados en otra parte;De 15 a 29 años;Hombres;4
Total Nacional;13 Madrid, Comunidad de;086-089 XVIII.Síntomas, signos y hallazgos anormales clínicos y de laboratorio, no clasificados en otra parte;De 15 a 29 años;Mujeres;2
Total Nacional;13 Madrid, Comunidad de;086-089 XVIII.Síntomas, signos y hallazgos anormales clínicos y de laboratorio, no clasificados en otra parte;De 30 a 39 años;Hombres;9
Total Nacional;13 Madrid, Comunidad de;086-089 XVIII.Síntomas, signos y hallazgos anormales clínicos y de laboratorio, no clasificados en otra parte;De 30 a 39 años;Mujeres;2
Total Nacional;13 Madrid, Comunidad de;086-089 XVIII.Síntomas, signos y hallazgos anormales clínicos y de laboratorio, no clasificados en otra parte;De 40 a 44 años;Hombres;3
Total Nacional;13 Madrid, Comunidad de;086-089 XVIII.Síntomas, signos y hallazgos anormales clínicos y de laboratorio, no clasificados en otra parte;De 40 a 44 años;Mujeres;0
Total Nacional;13 Madrid, Comunidad de;086-089 XVIII.Síntomas, signos y hallazgos anormales clínicos y de laboratorio, no clasificados en otra parte;De 45 a 49 años;Hombres;5
Total Nacional;13 Madrid, Comunidad de;086-089 XVIII.Síntomas, signos y hallazgos anormales clínicos y de laboratorio, no clasificados en otra parte;De 45 a 49 años;Mujeres;3
Total Nacional;13 Madrid, Comunidad de;086-089 XVIII.Síntomas, signos y hallazgos anormales clínicos y de laboratorio, no clasificados en otra parte;De 50 a 54 años;Hombres;10
Total Nacional;13 Madrid, Comunidad de;086-089 XVIII.Síntomas, signos y hallazgos anormales clínicos y de laboratorio, no clasificados en otra parte;De 50 a 54 años;Mujeres;4
Total Nacional;13 Madrid, Comunidad de;086-089 XVIII.Síntomas, signos y hallazgos anormales clínicos y de laboratorio, no clasificados en otra parte;De 55 a 59 años;Hombres;14
Total Nacional;13 Madrid, Comunidad de;086-089 XVIII.Síntomas, signos y hallazgos anormales clínicos y de laboratorio, no clasificados en otra parte;De 55 a 59 años;Mujeres;4
Total Nacional;13 Madrid, Comunidad de;086-089 XVIII.Síntomas, signos y hallazgos anormales clínicos y de laboratorio, no clasificados en otra parte;De 60 a 64 años;Hombres;17
Total Nacional;13 Madrid, Comunidad de;086-089 XVIII.Síntomas, signos y hallazgos anormales clínicos y de laboratorio, no clasificados en otra parte;De 60 a 64 años;Mujeres;6
Total Nacional;13 Madrid, Comunidad de;086-089 XVIII.Síntomas, signos y hallazgos anormales clínicos y de laboratorio, no clasificados en otra parte;De 65 a 69 años;Hombres;17
Total Nacional;13 Madrid, Comunidad de;086-089 XVIII.Síntomas, signos y hallazgos anormales clínicos y de laboratorio, no clasificados en otra parte;De 65 a 69 años;Mujeres;13
Total Nacional;13 Madrid, Comunidad de;086-089 XVIII.Síntomas, signos y hallazgos anormales clínicos y de laboratorio, no clasificados en otra parte;De 70 a 74 años;Hombres;19
Total Nacional;13 Madrid, Comunidad de;086-089 XVIII.Síntomas, signos y hallazgos anormales clínicos y de laboratorio, no clasificados en otra parte;De 70 a 74 años;Mujeres;13
Total Nacional;13 Madrid, Comunidad de;086-089 XVIII.Síntomas, signos y hallazgos anormales clínicos y de laboratorio, no clasificados en otra parte;De 75 a 79 años;Hombres;25
Total Nacional;13 Madrid, Comunidad de;086-089 XVIII.Síntomas, signos y hallazgos anormales clínicos y de laboratorio, no clasificados en otra parte;De 75 a 79 años;Mujeres;24
Total Nacional;13 Madrid, Comunidad de;086-089 XVIII.Síntomas, signos y hallazgos anormales clínicos y de laboratorio, no clasificados en otra parte;De 80 a 84 años;Hombres;24
Total Nacional;13 Madrid, Comunidad de;086-089 XVIII.Síntomas, signos y hallazgos anormales clínicos y de laboratorio, no clasificados en otra parte;De 80 a 84 años;Mujeres;30
Total Nacional;13 Madrid, Comunidad de;086-089 XVIII.Síntomas, signos y hallazgos anormales clínicos y de laboratorio, no clasificados en otra parte;De 85 a 89 años;Hombres;38
Total Nacional;13 Madrid, Comunidad de;086-089 XVIII.Síntomas, signos y hallazgos anormales clínicos y de laboratorio, no clasificados en otra parte;De 85 a 89 años;Mujeres;44
Total Nacional;13 Madrid, Comunidad de;086-089 XVIII.Síntomas, signos y hallazgos anormales clínicos y de laboratorio, no clasificados en otra parte;De 90 a 94 años;Hombres;29
Total Nacional;13 Madrid, Comunidad de;086-089 XVIII.Síntomas, signos y hallazgos anormales clínicos y de laboratorio, no clasificados en otra parte;De 90 a 94 años;Mujeres;60
Total Nacional;13 Madrid, Comunidad de;086-089 XVIII.Síntomas, signos y hallazgos anormales clínicos y de laboratorio, no clasificados en otra parte;De 95 años y más;Hombres;15
Total Nacional;13 Madrid, Comunidad de;086-089 XVIII.Síntomas, signos y hallazgos anormales clínicos y de laboratorio, no clasificados en otra parte;De 95 años y más;Mujeres;63
Total Nacional;13 Madrid, Comunidad de;090-102 XX.Causas externas de mortalidad;De 1 a 14 años;Hombres;5
Total Nacional;13 Madrid, Comunidad de;090-102 XX.Causas externas de mortalidad;De 1 a 14 años;Mujeres;8
Total Nacional;13 Madrid, Comunidad de;090-102 XX.Causas externas de mortalidad;De 15 a 29 años;Hombres;74
Total Nacional;13 Madrid, Comunidad de;090-102 XX.Causas externas de mortalidad;De 15 a 29 años;Mujeres;34
Total Nacional;13 Madrid, Comunidad de;090-102 XX.Causas externas de mortalidad;De 30 a 39 años;Hombres;90
Total Nacional;13 Madrid, Comunidad de;090-102 XX.Causas externas de mortalidad;De 30 a 39 años;Mujeres;20
Total Nacional;13 Madrid, Comunidad de;090-102 XX.Causas externas de mortalidad;De 40 a 44 años;Hombres;69
Total Nacional;13 Madrid, Comunidad de;090-102 XX.Causas externas de mortalidad;De 40 a 44 años;Mujeres;17
Total Nacional;13 Madrid, Comunidad de;090-102 XX.Causas externas de mortalidad;De 45 a 49 años;Hombres;68
Total Nacional;13 Madrid, Comunidad de;090-102 XX.Causas externas de mortalidad;De 45 a 49 años;Mujeres;28
Total Nacional;13 Madrid, Comunidad de;090-102 XX.Causas externas de mortalidad;De 50 a 54 años;Hombres;78
Total Nacional;13 Madrid, Comunidad de;090-102 XX.Causas externas de mortalidad;De 50 a 54 años;Mujeres;31
Total Nacional;13 Madrid, Comunidad de;090-102 XX.Causas externas de mortalidad;De 55 a 59 años;Hombres;83
Total Nacional;13 Madrid, Comunidad de;090-102 XX.Causas externas de mortalidad;De 55 a 59 años;Mujeres;36
Total Nacional;13 Madrid, Comunidad de;090-102 XX.Causas externas de mortalidad;De 60 a 64 años;Hombres;58
Total Nacional;13 Madrid, Comunidad de;090-102 XX.Causas externas de mortalidad;De 60 a 64 años;Mujeres;25
Total Nacional;13 Madrid, Comunidad de;090-102 XX.Causas externas de mortalidad;De 65 a 69 años;Hombres;58
Total Nacional;13 Madrid, Comunidad de;090-102 XX.Causas externas de mortalidad;De 65 a 69 años;Mujeres;31
Total Nacional;13 Madrid, Comunidad de;090-102 XX.Causas externas de mortalidad;De 70 a 74 años;Hombres;64
Total Nacional;13 Madrid, Comunidad de;090-102 XX.Causas externas de mortalidad;De 70 a 74 años;Mujeres;29
Total Nacional;13 Madrid, Comunidad de;090-102 XX.Causas externas de mortalidad;De 75 a 79 años;Hombres;69
Total Nacional;13 Madrid, Comunidad de;090-102 XX.Causas externas de mortalidad;De 75 a 79 años;Mujeres;56
Total Nacional;13 Madrid, Comunidad de;090-102 XX.Causas externas de mortalidad;De 80 a 84 años;Hombres;115
Total Nacional;13 Madrid, Comunidad de;090-102 XX.Causas externas de mortalidad;De 80 a 84 años;Mujeres;84
Total Nacional;13 Madrid, Comunidad de;090-102 XX.Causas externas de mortalidad;De 85 a 89 años;Hombres;147
Total Nacional;13 Madrid, Comunidad de;090-102 XX.Causas externas de mortalidad;De 85 a 89 años;Mujeres;104
Total Nacional;13 Madrid, Comunidad de;090-102 XX.Causas externas de mortalidad;De 90 a 94 años;Hombres;101
Total Nacional;13 Madrid, Comunidad de;090-102 XX.Causas externas de mortalidad;De 90 a 94 años;Mujeres;166
Total Nacional;13 Madrid, Comunidad de;090-102 XX.Causas externas de mortalidad;De 95 años y más;Hombres;44
Total Nacional;13 Madrid, Comunidad de;090-102 XX.Causas externas de mortalidad;De 95 años y más;Mujeres;106
Total Nacional;14 Murcia, Región de;001-008 I.Enfermedades infecciosas y parasitarias;De 1 a 14 años;Hombres;1
Total Nacional;14 Murcia, Región de;001-008 I.Enfermedades infecciosas y parasitarias;De 1 a 14 años;Mujeres;1
Total Nacional;14 Murcia, Región de;001-008 I.Enfermedades infecciosas y parasitarias;De 15 a 29 años;Hombres;0
Total Nacional;14 Murcia, Región de;001-008 I.Enfermedades infecciosas y parasitarias;De 15 a 29 años;Mujeres;0
Total Nacional;14 Murcia, Región de;001-008 I.Enfermedades infecciosas y parasitarias;De 30 a 39 años;Hombres;1
Total Nacional;14 Murcia, Región de;001-008 I.Enfermedades infecciosas y parasitarias;De 30 a 39 años;Mujeres;0
Total Nacional;14 Murcia, Región de;001-008 I.Enfermedades infecciosas y parasitarias;De 40 a 44 años;Hombres;0
Total Nacional;14 Murcia, Región de;001-008 I.Enfermedades infecciosas y parasitarias;De 40 a 44 años;Mujeres;0
Total Nacional;14 Murcia, Región de;001-008 I.Enfermedades infecciosas y parasitarias;De 45 a 49 años;Hombres;5
Total Nacional;14 Murcia, Región de;001-008 I.Enfermedades infecciosas y parasitarias;De 45 a 49 años;Mujeres;1
Total Nacional;14 Murcia, Región de;001-008 I.Enfermedades infecciosas y parasitarias;De 50 a 54 años;Hombres;4
Total Nacional;14 Murcia, Región de;001-008 I.Enfermedades infecciosas y parasitarias;De 50 a 54 años;Mujeres;1
Total Nacional;14 Murcia, Región de;001-008 I.Enfermedades infecciosas y parasitarias;De 55 a 59 años;Hombres;5
Total Nacional;14 Murcia, Región de;001-008 I.Enfermedades infecciosas y parasitarias;De 55 a 59 años;Mujeres;3
Total Nacional;14 Murcia, Región de;001-008 I.Enfermedades infecciosas y parasitarias;De 60 a 64 años;Hombres;10
Total Nacional;14 Murcia, Región de;001-008 I.Enfermedades infecciosas y parasitarias;De 60 a 64 años;Mujeres;6
Total Nacional;14 Murcia, Región de;001-008 I.Enfermedades infecciosas y parasitarias;De 65 a 69 años;Hombres;13
Total Nacional;14 Murcia, Región de;001-008 I.Enfermedades infecciosas y parasitarias;De 65 a 69 años;Mujeres;4
Total Nacional;14 Murcia, Región de;001-008 I.Enfermedades infecciosas y parasitarias;De 70 a 74 años;Hombres;17
Total Nacional;14 Murcia, Región de;001-008 I.Enfermedades infecciosas y parasitarias;De 70 a 74 años;Mujeres;10
Total Nacional;14 Murcia, Región de;001-008 I.Enfermedades infecciosas y parasitarias;De 75 a 79 años;Hombres;23
Total Nacional;14 Murcia, Región de;001-008 I.Enfermedades infecciosas y parasitarias;De 75 a 79 años;Mujeres;26
Total Nacional;14 Murcia, Región de;001-008 I.Enfermedades infecciosas y parasitarias;De 80 a 84 años;Hombres;27
Total Nacional;14 Murcia, Región de;001-008 I.Enfermedades infecciosas y parasitarias;De 80 a 84 años;Mujeres;30
Total Nacional;14 Murcia, Región de;001-008 I.Enfermedades infecciosas y parasitarias;De 85 a 89 años;Hombres;40
Total Nacional;14 Murcia, Región de;001-008 I.Enfermedades infecciosas y parasitarias;De 85 a 89 años;Mujeres;50
Total Nacional;14 Murcia, Región de;001-008 I.Enfermedades infecciosas y parasitarias;De 90 a 94 años;Hombres;28
Total Nacional;14 Murcia, Región de;001-008 I.Enfermedades infecciosas y parasitarias;De 90 a 94 años;Mujeres;49
Total Nacional;14 Murcia, Región de;001-008 I.Enfermedades infecciosas y parasitarias;De 95 años y más;Hombres;12
Total Nacional;14 Murcia, Región de;001-008 I.Enfermedades infecciosas y parasitarias;De 95 años y más;Mujeres;24
Total Nacional;14 Murcia, Región de;009-041 II.Tumores;De 1 a 14 años;Hombres;5
Total Nacional;14 Murcia, Región de;009-041 II.Tumores;De 1 a 14 años;Mujeres;3
Total Nacional;14 Murcia, Región de;009-041 II.Tumores;De 15 a 29 años;Hombres;7
Total Nacional;14 Murcia, Región de;009-041 II.Tumores;De 15 a 29 años;Mujeres;9
Total Nacional;14 Murcia, Región de;009-041 II.Tumores;De 30 a 39 años;Hombres;9
Total Nacional;14 Murcia, Región de;009-041 II.Tumores;De 30 a 39 años;Mujeres;13
Total Nacional;14 Murcia, Región de;009-041 II.Tumores;De 40 a 44 años;Hombres;27
Total Nacional;14 Murcia, Región de;009-041 II.Tumores;De 40 a 44 años;Mujeres;18
Total Nacional;14 Murcia, Región de;009-041 II.Tumores;De 45 a 49 años;Hombres;37
Total Nacional;14 Murcia, Región de;009-041 II.Tumores;De 45 a 49 años;Mujeres;31
Total Nacional;14 Murcia, Región de;009-041 II.Tumores;De 50 a 54 años;Hombres;56
Total Nacional;14 Murcia, Región de;009-041 II.Tumores;De 50 a 54 años;Mujeres;44
Total Nacional;14 Murcia, Región de;009-041 II.Tumores;De 55 a 59 años;Hombres;105
Total Nacional;14 Murcia, Región de;009-041 II.Tumores;De 55 a 59 años;Mujeres;85
Total Nacional;14 Murcia, Región de;009-041 II.Tumores;De 60 a 64 años;Hombres;170
Total Nacional;14 Murcia, Región de;009-041 II.Tumores;De 60 a 64 años;Mujeres;111
Total Nacional;14 Murcia, Región de;009-041 II.Tumores;De 65 a 69 años;Hombres;209
Total Nacional;14 Murcia, Región de;009-041 II.Tumores;De 65 a 69 años;Mujeres;139
Total Nacional;14 Murcia, Región de;009-041 II.Tumores;De 70 a 74 años;Hombres;279
Total Nacional;14 Murcia, Región de;009-041 II.Tumores;De 70 a 74 años;Mujeres;126
Total Nacional;14 Murcia, Región de;009-041 II.Tumores;De 75 a 79 años;Hombres;315
Total Nacional;14 Murcia, Región de;009-041 II.Tumores;De 75 a 79 años;Mujeres;152
Total Nacional;14 Murcia, Región de;009-041 II.Tumores;De 80 a 84 años;Hombres;273
Total Nacional;14 Murcia, Región de;009-041 II.Tumores;De 80 a 84 años;Mujeres;170
Total Nacional;14 Murcia, Región de;009-041 II.Tumores;De 85 a 89 años;Hombres;239
Total Nacional;14 Murcia, Región de;009-041 II.Tumores;De 85 a 89 años;Mujeres;160
Total Nacional;14 Murcia, Región de;009-041 II.Tumores;De 90 a 94 años;Hombres;133
Total Nacional;14 Murcia, Región de;009-041 II.Tumores;De 90 a 94 años;Mujeres;134
Total Nacional;14 Murcia, Región de;009-041 II.Tumores;De 95 años y más;Hombres;40
Total Nacional;14 Murcia, Región de;009-041 II.Tumores;De 95 años y más;Mujeres;29
Total Nacional;14 Murcia, Región de;050-052 VI-VIII.Enfermedades del sistema nervioso y de los órganos de los sentidos;De 1 a 14 años;Hombres;3
Total Nacional;14 Murcia, Región de;050-052 VI-VIII.Enfermedades del sistema nervioso y de los órganos de los sentidos;De 1 a 14 años;Mujeres;1
Total Nacional;14 Murcia, Región de;050-052 VI-VIII.Enfermedades del sistema nervioso y de los órganos de los sentidos;De 15 a 29 años;Hombres;6
Total Nacional;14 Murcia, Región de;050-052 VI-VIII.Enfermedades del sistema nervioso y de los órganos de los sentidos;De 15 a 29 años;Mujeres;1
Total Nacional;14 Murcia, Región de;050-052 VI-VIII.Enfermedades del sistema nervioso y de los órganos de los sentidos;De 30 a 39 años;Hombres;2
Total Nacional;14 Murcia, Región de;050-052 VI-VIII.Enfermedades del sistema nervioso y de los órganos de los sentidos;De 30 a 39 años;Mujeres;0
Total Nacional;14 Murcia, Región de;050-052 VI-VIII.Enfermedades del sistema nervioso y de los órganos de los sentidos;De 40 a 44 años;Hombres;5
Total Nacional;14 Murcia, Región de;050-052 VI-VIII.Enfermedades del sistema nervioso y de los órganos de los sentidos;De 40 a 44 años;Mujeres;3
Total Nacional;14 Murcia, Región de;050-052 VI-VIII.Enfermedades del sistema nervioso y de los órganos de los sentidos;De 45 a 49 años;Hombres;5
Total Nacional;14 Murcia, Región de;050-052 VI-VIII.Enfermedades del sistema nervioso y de los órganos de los sentidos;De 45 a 49 años;Mujeres;0
Total Nacional;14 Murcia, Región de;050-052 VI-VIII.Enfermedades del sistema nervioso y de los órganos de los sentidos;De 50 a 54 años;Hombres;7
Total Nacional;14 Murcia, Región de;050-052 VI-VIII.Enfermedades del sistema nervioso y de los órganos de los sentidos;De 50 a 54 años;Mujeres;2
Total Nacional;14 Murcia, Región de;050-052 VI-VIII.Enfermedades del sistema nervioso y de los órganos de los sentidos;De 55 a 59 años;Hombres;8
Total Nacional;14 Murcia, Región de;050-052 VI-VIII.Enfermedades del sistema nervioso y de los órganos de los sentidos;De 55 a 59 años;Mujeres;4
Total Nacional;14 Murcia, Región de;050-052 VI-VIII.Enfermedades del sistema nervioso y de los órganos de los sentidos;De 60 a 64 años;Hombres;11
Total Nacional;14 Murcia, Región de;050-052 VI-VIII.Enfermedades del sistema nervioso y de los órganos de los sentidos;De 60 a 64 años;Mujeres;6
Total Nacional;14 Murcia, Región de;050-052 VI-VIII.Enfermedades del sistema nervioso y de los órganos de los sentidos;De 65 a 69 años;Hombres;19
Total Nacional;14 Murcia, Región de;050-052 VI-VIII.Enfermedades del sistema nervioso y de los órganos de los sentidos;De 65 a 69 años;Mujeres;10
Total Nacional;14 Murcia, Región de;050-052 VI-VIII.Enfermedades del sistema nervioso y de los órganos de los sentidos;De 70 a 74 años;Hombres;26
Total Nacional;14 Murcia, Región de;050-052 VI-VIII.Enfermedades del sistema nervioso y de los órganos de los sentidos;De 70 a 74 años;Mujeres;43
Total Nacional;14 Murcia, Región de;050-052 VI-VIII.Enfermedades del sistema nervioso y de los órganos de los sentidos;De 75 a 79 años;Hombres;56
Total Nacional;14 Murcia, Región de;050-052 VI-VIII.Enfermedades del sistema nervioso y de los órganos de los sentidos;De 75 a 79 años;Mujeres;56
Total Nacional;14 Murcia, Región de;050-052 VI-VIII.Enfermedades del sistema nervioso y de los órganos de los sentidos;De 80 a 84 años;Hombres;54
Total Nacional;14 Murcia, Región de;050-052 VI-VIII.Enfermedades del sistema nervioso y de los órganos de los sentidos;De 80 a 84 años;Mujeres;94
Total Nacional;14 Murcia, Región de;050-052 VI-VIII.Enfermedades del sistema nervioso y de los órganos de los sentidos;De 85 a 89 años;Hombres;84
Total Nacional;14 Murcia, Región de;050-052 VI-VIII.Enfermedades del sistema nervioso y de los órganos de los sentidos;De 85 a 89 años;Mujeres;139
Total Nacional;14 Murcia, Región de;050-052 VI-VIII.Enfermedades del sistema nervioso y de los órganos de los sentidos;De 90 a 94 años;Hombres;52
Total Nacional;14 Murcia, Región de;050-052 VI-VIII.Enfermedades del sistema nervioso y de los órganos de los sentidos;De 90 a 94 años;Mujeres;117
Total Nacional;14 Murcia, Región de;050-052 VI-VIII.Enfermedades del sistema nervioso y de los órganos de los sentidos;De 95 años y más;Hombres;8
Total Nacional;14 Murcia, Región de;050-052 VI-VIII.Enfermedades del sistema nervioso y de los órganos de los sentidos;De 95 años y más;Mujeres;37
Total Nacional;14 Murcia, Región de;053-061 IX.Enfermedades del sistema circulatorio;De 1 a 14 años;Hombres;1
Total Nacional;14 Murcia, Región de;053-061 IX.Enfermedades del sistema circulatorio;De 1 a 14 años;Mujeres;0
Total Nacional;14 Murcia, Región de;053-061 IX.Enfermedades del sistema circulatorio;De 15 a 29 años;Hombres;5
Total Nacional;14 Murcia, Región de;053-061 IX.Enfermedades del sistema circulatorio;De 15 a 29 años;Mujeres;2
Total Nacional;14 Murcia, Región de;053-061 IX.Enfermedades del sistema circulatorio;De 30 a 39 años;Hombres;8
Total Nacional;14 Murcia, Región de;053-061 IX.Enfermedades del sistema circulatorio;De 30 a 39 años;Mujeres;4
Total Nacional;14 Murcia, Región de;053-061 IX.Enfermedades del sistema circulatorio;De 40 a 44 años;Hombres;15
Total Nacional;14 Murcia, Región de;053-061 IX.Enfermedades del sistema circulatorio;De 40 a 44 años;Mujeres;8
Total Nacional;14 Murcia, Región de;053-061 IX.Enfermedades del sistema circulatorio;De 45 a 49 años;Hombres;29
Total Nacional;14 Murcia, Región de;053-061 IX.Enfermedades del sistema circulatorio;De 45 a 49 años;Mujeres;7
Total Nacional;14 Murcia, Región de;053-061 IX.Enfermedades del sistema circulatorio;De 50 a 54 años;Hombres;31
Total Nacional;14 Murcia, Región de;053-061 IX.Enfermedades del sistema circulatorio;De 50 a 54 años;Mujeres;13
Total Nacional;14 Murcia, Región de;053-061 IX.Enfermedades del sistema circulatorio;De 55 a 59 años;Hombres;84
Total Nacional;14 Murcia, Región de;053-061 IX.Enfermedades del sistema circulatorio;De 55 a 59 años;Mujeres;24
Total Nacional;14 Murcia, Región de;053-061 IX.Enfermedades del sistema circulatorio;De 60 a 64 años;Hombres;94
Total Nacional;14 Murcia, Región de;053-061 IX.Enfermedades del sistema circulatorio;De 60 a 64 años;Mujeres;29
Total Nacional;14 Murcia, Región de;053-061 IX.Enfermedades del sistema circulatorio;De 65 a 69 años;Hombres;136
Total Nacional;14 Murcia, Región de;053-061 IX.Enfermedades del sistema circulatorio;De 65 a 69 años;Mujeres;48
Total Nacional;14 Murcia, Región de;053-061 IX.Enfermedades del sistema circulatorio;De 70 a 74 años;Hombres;159
Total Nacional;14 Murcia, Región de;053-061 IX.Enfermedades del sistema circulatorio;De 70 a 74 años;Mujeres;65
Total Nacional;14 Murcia, Región de;053-061 IX.Enfermedades del sistema circulatorio;De 75 a 79 años;Hombres;201
Total Nacional;14 Murcia, Región de;053-061 IX.Enfermedades del sistema circulatorio;De 75 a 79 años;Mujeres;130
Total Nacional;14 Murcia, Región de;053-061 IX.Enfermedades del sistema circulatorio;De 80 a 84 años;Hombres;226
Total Nacional;14 Murcia, Región de;053-061 IX.Enfermedades del sistema circulatorio;De 80 a 84 años;Mujeres;211
Total Nacional;14 Murcia, Región de;053-061 IX.Enfermedades del sistema circulatorio;De 85 a 89 años;Hombres;287
Total Nacional;14 Murcia, Región de;053-061 IX.Enfermedades del sistema circulatorio;De 85 a 89 años;Mujeres;408
Total Nacional;14 Murcia, Región de;053-061 IX.Enfermedades del sistema circulatorio;De 90 a 94 años;Hombres;246
Total Nacional;14 Murcia, Región de;053-061 IX.Enfermedades del sistema circulatorio;De 90 a 94 años;Mujeres;451
Total Nacional;14 Murcia, Región de;053-061 IX.Enfermedades del sistema circulatorio;De 95 años y más;Hombres;86
Total Nacional;14 Murcia, Región de;053-061 IX.Enfermedades del sistema circulatorio;De 95 años y más;Mujeres;245
Total Nacional;14 Murcia, Región de;062-067 X.Enfermedades del sistema respiratorio;De 1 a 14 años;Hombres;0
Total Nacional;14 Murcia, Región de;062-067 X.Enfermedades del sistema respiratorio;De 1 a 14 años;Mujeres;0
Total Nacional;14 Murcia, Región de;062-067 X.Enfermedades del sistema respiratorio;De 15 a 29 años;Hombres;2
Total Nacional;14 Murcia, Región de;062-067 X.Enfermedades del sistema respiratorio;De 15 a 29 años;Mujeres;0
Total Nacional;14 Murcia, Región de;062-067 X.Enfermedades del sistema respiratorio;De 30 a 39 años;Hombres;1
Total Nacional;14 Murcia, Región de;062-067 X.Enfermedades del sistema respiratorio;De 30 a 39 años;Mujeres;3
Total Nacional;14 Murcia, Región de;062-067 X.Enfermedades del sistema respiratorio;De 40 a 44 años;Hombres;4
Total Nacional;14 Murcia, Región de;062-067 X.Enfermedades del sistema respiratorio;De 40 a 44 años;Mujeres;0
Total Nacional;14 Murcia, Región de;062-067 X.Enfermedades del sistema respiratorio;De 45 a 49 años;Hombres;8
Total Nacional;14 Murcia, Región de;062-067 X.Enfermedades del sistema respiratorio;De 45 a 49 años;Mujeres;2
Total Nacional;14 Murcia, Región de;062-067 X.Enfermedades del sistema respiratorio;De 50 a 54 años;Hombres;1
Total Nacional;14 Murcia, Región de;062-067 X.Enfermedades del sistema respiratorio;De 50 a 54 años;Mujeres;1
Total Nacional;14 Murcia, Región de;062-067 X.Enfermedades del sistema respiratorio;De 55 a 59 años;Hombres;21
Total Nacional;14 Murcia, Región de;062-067 X.Enfermedades del sistema respiratorio;De 55 a 59 años;Mujeres;12
Total Nacional;14 Murcia, Región de;062-067 X.Enfermedades del sistema respiratorio;De 60 a 64 años;Hombres;27
Total Nacional;14 Murcia, Región de;062-067 X.Enfermedades del sistema respiratorio;De 60 a 64 años;Mujeres;11
Total Nacional;14 Murcia, Región de;062-067 X.Enfermedades del sistema respiratorio;De 65 a 69 años;Hombres;33
Total Nacional;14 Murcia, Región de;062-067 X.Enfermedades del sistema respiratorio;De 65 a 69 años;Mujeres;20
Total Nacional;14 Murcia, Región de;062-067 X.Enfermedades del sistema respiratorio;De 70 a 74 años;Hombres;56
Total Nacional;14 Murcia, Región de;062-067 X.Enfermedades del sistema respiratorio;De 70 a 74 años;Mujeres;21
Total Nacional;14 Murcia, Región de;062-067 X.Enfermedades del sistema respiratorio;De 75 a 79 años;Hombres;92
Total Nacional;14 Murcia, Región de;062-067 X.Enfermedades del sistema respiratorio;De 75 a 79 años;Mujeres;44
Total Nacional;14 Murcia, Región de;062-067 X.Enfermedades del sistema respiratorio;De 80 a 84 años;Hombres;118
Total Nacional;14 Murcia, Región de;062-067 X.Enfermedades del sistema respiratorio;De 80 a 84 años;Mujeres;63
Total Nacional;14 Murcia, Región de;062-067 X.Enfermedades del sistema respiratorio;De 85 a 89 años;Hombres;147
Total Nacional;14 Murcia, Región de;062-067 X.Enfermedades del sistema respiratorio;De 85 a 89 años;Mujeres;119
Total Nacional;14 Murcia, Región de;062-067 X.Enfermedades del sistema respiratorio;De 90 a 94 años;Hombres;131
Total Nacional;14 Murcia, Región de;062-067 X.Enfermedades del sistema respiratorio;De 90 a 94 años;Mujeres;147
Total Nacional;14 Murcia, Región de;062-067 X.Enfermedades del sistema respiratorio;De 95 años y más;Hombres;44
Total Nacional;14 Murcia, Región de;062-067 X.Enfermedades del sistema respiratorio;De 95 años y más;Mujeres;71
Total Nacional;14 Murcia, Región de;068-072 XI.Enfermedades del sistema digestivo;De 1 a 14 años;Hombres;0
Total Nacional;14 Murcia, Región de;068-072 XI.Enfermedades del sistema digestivo;De 1 a 14 años;Mujeres;0
Total Nacional;14 Murcia, Región de;068-072 XI.Enfermedades del sistema digestivo;De 15 a 29 años;Hombres;0
Total Nacional;14 Murcia, Región de;068-072 XI.Enfermedades del sistema digestivo;De 15 a 29 años;Mujeres;0
Total Nacional;14 Murcia, Región de;068-072 XI.Enfermedades del sistema digestivo;De 30 a 39 años;Hombres;2
Total Nacional;14 Murcia, Región de;068-072 XI.Enfermedades del sistema digestivo;De 30 a 39 años;Mujeres;2
Total Nacional;14 Murcia, Región de;068-072 XI.Enfermedades del sistema digestivo;De 40 a 44 años;Hombres;3
Total Nacional;14 Murcia, Región de;068-072 XI.Enfermedades del sistema digestivo;De 40 a 44 años;Mujeres;4
Total Nacional;14 Murcia, Región de;068-072 XI.Enfermedades del sistema digestivo;De 45 a 49 años;Hombres;6
Total Nacional;14 Murcia, Región de;068-072 XI.Enfermedades del sistema digestivo;De 45 a 49 años;Mujeres;6
Total Nacional;14 Murcia, Región de;068-072 XI.Enfermedades del sistema digestivo;De 50 a 54 años;Hombres;13
Total Nacional;14 Murcia, Región de;068-072 XI.Enfermedades del sistema digestivo;De 50 a 54 años;Mujeres;6
Total Nacional;14 Murcia, Región de;068-072 XI.Enfermedades del sistema digestivo;De 55 a 59 años;Hombres;27
Total Nacional;14 Murcia, Región de;068-072 XI.Enfermedades del sistema digestivo;De 55 a 59 años;Mujeres;6
Total Nacional;14 Murcia, Región de;068-072 XI.Enfermedades del sistema digestivo;De 60 a 64 años;Hombres;20
Total Nacional;14 Murcia, Región de;068-072 XI.Enfermedades del sistema digestivo;De 60 a 64 años;Mujeres;12
Total Nacional;14 Murcia, Región de;068-072 XI.Enfermedades del sistema digestivo;De 65 a 69 años;Hombres;28
Total Nacional;14 Murcia, Región de;068-072 XI.Enfermedades del sistema digestivo;De 65 a 69 años;Mujeres;16
Total Nacional;14 Murcia, Región de;068-072 XI.Enfermedades del sistema digestivo;De 70 a 74 años;Hombres;30
Total Nacional;14 Murcia, Región de;068-072 XI.Enfermedades del sistema digestivo;De 70 a 74 años;Mujeres;13
Total Nacional;14 Murcia, Región de;068-072 XI.Enfermedades del sistema digestivo;De 75 a 79 años;Hombres;41
Total Nacional;14 Murcia, Región de;068-072 XI.Enfermedades del sistema digestivo;De 75 a 79 años;Mujeres;17
Total Nacional;14 Murcia, Región de;068-072 XI.Enfermedades del sistema digestivo;De 80 a 84 años;Hombres;35
Total Nacional;14 Murcia, Región de;068-072 XI.Enfermedades del sistema digestivo;De 80 a 84 años;Mujeres;52
Total Nacional;14 Murcia, Región de;068-072 XI.Enfermedades del sistema digestivo;De 85 a 89 años;Hombres;46
Total Nacional;14 Murcia, Región de;068-072 XI.Enfermedades del sistema digestivo;De 85 a 89 años;Mujeres;66
Total Nacional;14 Murcia, Región de;068-072 XI.Enfermedades del sistema digestivo;De 90 a 94 años;Hombres;39
Total Nacional;14 Murcia, Región de;068-072 XI.Enfermedades del sistema digestivo;De 90 a 94 años;Mujeres;51
Total Nacional;14 Murcia, Región de;068-072 XI.Enfermedades del sistema digestivo;De 95 años y más;Hombres;10
Total Nacional;14 Murcia, Región de;068-072 XI.Enfermedades del sistema digestivo;De 95 años y más;Mujeres;23
Total Nacional;14 Murcia, Región de;073 XII.Enfermedades de la piel y del tejido subcutáneo;De 1 a 14 años;Hombres;0
Total Nacional;14 Murcia, Región de;073 XII.Enfermedades de la piel y del tejido subcutáneo;De 1 a 14 años;Mujeres;0
Total Nacional;14 Murcia, Región de;073 XII.Enfermedades de la piel y del tejido subcutáneo;De 15 a 29 años;Hombres;0
Total Nacional;14 Murcia, Región de;073 XII.Enfermedades de la piel y del tejido subcutáneo;De 15 a 29 años;Mujeres;0
Total Nacional;14 Murcia, Región de;073 XII.Enfermedades de la piel y del tejido subcutáneo;De 30 a 39 años;Hombres;0
Total Nacional;14 Murcia, Región de;073 XII.Enfermedades de la piel y del tejido subcutáneo;De 30 a 39 años;Mujeres;0
Total Nacional;14 Murcia, Región de;073 XII.Enfermedades de la piel y del tejido subcutáneo;De 40 a 44 años;Hombres;0
Total Nacional;14 Murcia, Región de;073 XII.Enfermedades de la piel y del tejido subcutáneo;De 40 a 44 años;Mujeres;0
Total Nacional;14 Murcia, Región de;073 XII.Enfermedades de la piel y del tejido subcutáneo;De 45 a 49 años;Hombres;1
Total Nacional;14 Murcia, Región de;073 XII.Enfermedades de la piel y del tejido subcutáneo;De 45 a 49 años;Mujeres;0
Total Nacional;14 Murcia, Región de;073 XII.Enfermedades de la piel y del tejido subcutáneo;De 50 a 54 años;Hombres;0
Total Nacional;14 Murcia, Región de;073 XII.Enfermedades de la piel y del tejido subcutáneo;De 50 a 54 años;Mujeres;0
Total Nacional;14 Murcia, Región de;073 XII.Enfermedades de la piel y del tejido subcutáneo;De 55 a 59 años;Hombres;1
Total Nacional;14 Murcia, Región de;073 XII.Enfermedades de la piel y del tejido subcutáneo;De 55 a 59 años;Mujeres;0
Total Nacional;14 Murcia, Región de;073 XII.Enfermedades de la piel y del tejido subcutáneo;De 60 a 64 años;Hombres;0
Total Nacional;14 Murcia, Región de;073 XII.Enfermedades de la piel y del tejido subcutáneo;De 60 a 64 años;Mujeres;0
Total Nacional;14 Murcia, Región de;073 XII.Enfermedades de la piel y del tejido subcutáneo;De 65 a 69 años;Hombres;1
Total Nacional;14 Murcia, Región de;073 XII.Enfermedades de la piel y del tejido subcutáneo;De 65 a 69 años;Mujeres;0
Total Nacional;14 Murcia, Región de;073 XII.Enfermedades de la piel y del tejido subcutáneo;De 70 a 74 años;Hombres;2
Total Nacional;14 Murcia, Región de;073 XII.Enfermedades de la piel y del tejido subcutáneo;De 70 a 74 años;Mujeres;0
Total Nacional;14 Murcia, Región de;073 XII.Enfermedades de la piel y del tejido subcutáneo;De 75 a 79 años;Hombres;2
Total Nacional;14 Murcia, Región de;073 XII.Enfermedades de la piel y del tejido subcutáneo;De 75 a 79 años;Mujeres;4
Total Nacional;14 Murcia, Región de;073 XII.Enfermedades de la piel y del tejido subcutáneo;De 80 a 84 años;Hombres;3
Total Nacional;14 Murcia, Región de;073 XII.Enfermedades de la piel y del tejido subcutáneo;De 80 a 84 años;Mujeres;5
Total Nacional;14 Murcia, Región de;073 XII.Enfermedades de la piel y del tejido subcutáneo;De 85 a 89 años;Hombres;3
Total Nacional;14 Murcia, Región de;073 XII.Enfermedades de la piel y del tejido subcutáneo;De 85 a 89 años;Mujeres;8
Total Nacional;14 Murcia, Región de;073 XII.Enfermedades de la piel y del tejido subcutáneo;De 90 a 94 años;Hombres;6
Total Nacional;14 Murcia, Región de;073 XII.Enfermedades de la piel y del tejido subcutáneo;De 90 a 94 años;Mujeres;6
Total Nacional;14 Murcia, Región de;073 XII.Enfermedades de la piel y del tejido subcutáneo;De 95 años y más;Hombres;2
Total Nacional;14 Murcia, Región de;073 XII.Enfermedades de la piel y del tejido subcutáneo;De 95 años y más;Mujeres;1
Total Nacional;14 Murcia, Región de;074-076 XIII.Enfermedades del sistema osteomuscular y del tejido conjuntivo;De 1 a 14 años;Hombres;0
Total Nacional;14 Murcia, Región de;074-076 XIII.Enfermedades del sistema osteomuscular y del tejido conjuntivo;De 1 a 14 años;Mujeres;0
Total Nacional;14 Murcia, Región de;074-076 XIII.Enfermedades del sistema osteomuscular y del tejido conjuntivo;De 15 a 29 años;Hombres;0
Total Nacional;14 Murcia, Región de;074-076 XIII.Enfermedades del sistema osteomuscular y del tejido conjuntivo;De 15 a 29 años;Mujeres;0
Total Nacional;14 Murcia, Región de;074-076 XIII.Enfermedades del sistema osteomuscular y del tejido conjuntivo;De 30 a 39 años;Hombres;1
Total Nacional;14 Murcia, Región de;074-076 XIII.Enfermedades del sistema osteomuscular y del tejido conjuntivo;De 30 a 39 años;Mujeres;0
Total Nacional;14 Murcia, Región de;074-076 XIII.Enfermedades del sistema osteomuscular y del tejido conjuntivo;De 40 a 44 años;Hombres;0
Total Nacional;14 Murcia, Región de;074-076 XIII.Enfermedades del sistema osteomuscular y del tejido conjuntivo;De 40 a 44 años;Mujeres;0
Total Nacional;14 Murcia, Región de;074-076 XIII.Enfermedades del sistema osteomuscular y del tejido conjuntivo;De 45 a 49 años;Hombres;0
Total Nacional;14 Murcia, Región de;074-076 XIII.Enfermedades del sistema osteomuscular y del tejido conjuntivo;De 45 a 49 años;Mujeres;2
Total Nacional;14 Murcia, Región de;074-076 XIII.Enfermedades del sistema osteomuscular y del tejido conjuntivo;De 50 a 54 años;Hombres;0
Total Nacional;14 Murcia, Región de;074-076 XIII.Enfermedades del sistema osteomuscular y del tejido conjuntivo;De 50 a 54 años;Mujeres;0
Total Nacional;14 Murcia, Región de;074-076 XIII.Enfermedades del sistema osteomuscular y del tejido conjuntivo;De 55 a 59 años;Hombres;0
Total Nacional;14 Murcia, Región de;074-076 XIII.Enfermedades del sistema osteomuscular y del tejido conjuntivo;De 55 a 59 años;Mujeres;1
Total Nacional;14 Murcia, Región de;074-076 XIII.Enfermedades del sistema osteomuscular y del tejido conjuntivo;De 60 a 64 años;Hombres;1
Total Nacional;14 Murcia, Región de;074-076 XIII.Enfermedades del sistema osteomuscular y del tejido conjuntivo;De 60 a 64 años;Mujeres;0
Total Nacional;14 Murcia, Región de;074-076 XIII.Enfermedades del sistema osteomuscular y del tejido conjuntivo;De 65 a 69 años;Hombres;3
Total Nacional;14 Murcia, Región de;074-076 XIII.Enfermedades del sistema osteomuscular y del tejido conjuntivo;De 65 a 69 años;Mujeres;2
Total Nacional;14 Murcia, Región de;074-076 XIII.Enfermedades del sistema osteomuscular y del tejido conjuntivo;De 70 a 74 años;Hombres;2
Total Nacional;14 Murcia, Región de;074-076 XIII.Enfermedades del sistema osteomuscular y del tejido conjuntivo;De 70 a 74 años;Mujeres;0
Total Nacional;14 Murcia, Región de;074-076 XIII.Enfermedades del sistema osteomuscular y del tejido conjuntivo;De 75 a 79 años;Hombres;5
Total Nacional;14 Murcia, Región de;074-076 XIII.Enfermedades del sistema osteomuscular y del tejido conjuntivo;De 75 a 79 años;Mujeres;9
Total Nacional;14 Murcia, Región de;074-076 XIII.Enfermedades del sistema osteomuscular y del tejido conjuntivo;De 80 a 84 años;Hombres;6
Total Nacional;14 Murcia, Región de;074-076 XIII.Enfermedades del sistema osteomuscular y del tejido conjuntivo;De 80 a 84 años;Mujeres;14
Total Nacional;14 Murcia, Región de;074-076 XIII.Enfermedades del sistema osteomuscular y del tejido conjuntivo;De 85 a 89 años;Hombres;10
Total Nacional;14 Murcia, Región de;074-076 XIII.Enfermedades del sistema osteomuscular y del tejido conjuntivo;De 85 a 89 años;Mujeres;26
Total Nacional;14 Murcia, Región de;074-076 XIII.Enfermedades del sistema osteomuscular y del tejido conjuntivo;De 90 a 94 años;Hombres;10
Total Nacional;14 Murcia, Región de;074-076 XIII.Enfermedades del sistema osteomuscular y del tejido conjuntivo;De 90 a 94 años;Mujeres;36
Total Nacional;14 Murcia, Región de;074-076 XIII.Enfermedades del sistema osteomuscular y del tejido conjuntivo;De 95 años y más;Hombres;9
Total Nacional;14 Murcia, Región de;074-076 XIII.Enfermedades del sistema osteomuscular y del tejido conjuntivo;De 95 años y más;Mujeres;16
Total Nacional;14 Murcia, Región de;077-080 XIV.Enfermedades del sistema genitourinario;De 1 a 14 años;Hombres;1
Total Nacional;14 Murcia, Región de;077-080 XIV.Enfermedades del sistema genitourinario;De 1 a 14 años;Mujeres;0
Total Nacional;14 Murcia, Región de;077-080 XIV.Enfermedades del sistema genitourinario;De 15 a 29 años;Hombres;1
Total Nacional;14 Murcia, Región de;077-080 XIV.Enfermedades del sistema genitourinario;De 15 a 29 años;Mujeres;0
Total Nacional;14 Murcia, Región de;077-080 XIV.Enfermedades del sistema genitourinario;De 30 a 39 años;Hombres;0
Total Nacional;14 Murcia, Región de;077-080 XIV.Enfermedades del sistema genitourinario;De 30 a 39 años;Mujeres;0
Total Nacional;14 Murcia, Región de;077-080 XIV.Enfermedades del sistema genitourinario;De 40 a 44 años;Hombres;0
Total Nacional;14 Murcia, Región de;077-080 XIV.Enfermedades del sistema genitourinario;De 40 a 44 años;Mujeres;0
Total Nacional;14 Murcia, Región de;077-080 XIV.Enfermedades del sistema genitourinario;De 45 a 49 años;Hombres;2
Total Nacional;14 Murcia, Región de;077-080 XIV.Enfermedades del sistema genitourinario;De 45 a 49 años;Mujeres;1
Total Nacional;14 Murcia, Región de;077-080 XIV.Enfermedades del sistema genitourinario;De 50 a 54 años;Hombres;0
Total Nacional;14 Murcia, Región de;077-080 XIV.Enfermedades del sistema genitourinario;De 50 a 54 años;Mujeres;0
Total Nacional;14 Murcia, Región de;077-080 XIV.Enfermedades del sistema genitourinario;De 55 a 59 años;Hombres;3
Total Nacional;14 Murcia, Región de;077-080 XIV.Enfermedades del sistema genitourinario;De 55 a 59 años;Mujeres;2
Total Nacional;14 Murcia, Región de;077-080 XIV.Enfermedades del sistema genitourinario;De 60 a 64 años;Hombres;6
Total Nacional;14 Murcia, Región de;077-080 XIV.Enfermedades del sistema genitourinario;De 60 a 64 años;Mujeres;2
Total Nacional;14 Murcia, Región de;077-080 XIV.Enfermedades del sistema genitourinario;De 65 a 69 años;Hombres;9
Total Nacional;14 Murcia, Región de;077-080 XIV.Enfermedades del sistema genitourinario;De 65 a 69 años;Mujeres;6
Total Nacional;14 Murcia, Región de;077-080 XIV.Enfermedades del sistema genitourinario;De 70 a 74 años;Hombres;12
Total Nacional;14 Murcia, Región de;077-080 XIV.Enfermedades del sistema genitourinario;De 70 a 74 años;Mujeres;9
Total Nacional;14 Murcia, Región de;077-080 XIV.Enfermedades del sistema genitourinario;De 75 a 79 años;Hombres;31
Total Nacional;14 Murcia, Región de;077-080 XIV.Enfermedades del sistema genitourinario;De 75 a 79 años;Mujeres;23
Total Nacional;14 Murcia, Región de;077-080 XIV.Enfermedades del sistema genitourinario;De 80 a 84 años;Hombres;51
Total Nacional;14 Murcia, Región de;077-080 XIV.Enfermedades del sistema genitourinario;De 80 a 84 años;Mujeres;61
Total Nacional;14 Murcia, Región de;077-080 XIV.Enfermedades del sistema genitourinario;De 85 a 89 años;Hombres;67
Total Nacional;14 Murcia, Región de;077-080 XIV.Enfermedades del sistema genitourinario;De 85 a 89 años;Mujeres;107
Total Nacional;14 Murcia, Región de;077-080 XIV.Enfermedades del sistema genitourinario;De 90 a 94 años;Hombres;58
Total Nacional;14 Murcia, Región de;077-080 XIV.Enfermedades del sistema genitourinario;De 90 a 94 años;Mujeres;88
Total Nacional;14 Murcia, Región de;077-080 XIV.Enfermedades del sistema genitourinario;De 95 años y más;Hombres;17
Total Nacional;14 Murcia, Región de;077-080 XIV.Enfermedades del sistema genitourinario;De 95 años y más;Mujeres;47
Total Nacional;14 Murcia, Región de;081 XV.Embarazo, parto y puerperio;De 1 a 14 años;Hombres;0
Total Nacional;14 Murcia, Región de;081 XV.Embarazo, parto y puerperio;De 1 a 14 años;Mujeres;0
Total Nacional;14 Murcia, Región de;081 XV.Embarazo, parto y puerperio;De 15 a 29 años;Hombres;0
Total Nacional;14 Murcia, Región de;081 XV.Embarazo, parto y puerperio;De 15 a 29 años;Mujeres;0
Total Nacional;14 Murcia, Región de;081 XV.Embarazo, parto y puerperio;De 30 a 39 años;Hombres;0
Total Nacional;14 Murcia, Región de;081 XV.Embarazo, parto y puerperio;De 30 a 39 años;Mujeres;0
Total Nacional;14 Murcia, Región de;081 XV.Embarazo, parto y puerperio;De 40 a 44 años;Hombres;0
Total Nacional;14 Murcia, Región de;081 XV.Embarazo, parto y puerperio;De 40 a 44 años;Mujeres;0
Total Nacional;14 Murcia, Región de;081 XV.Embarazo, parto y puerperio;De 45 a 49 años;Hombres;0
Total Nacional;14 Murcia, Región de;081 XV.Embarazo, parto y puerperio;De 45 a 49 años;Mujeres;0
Total Nacional;14 Murcia, Región de;081 XV.Embarazo, parto y puerperio;De 50 a 54 años;Hombres;0
Total Nacional;14 Murcia, Región de;081 XV.Embarazo, parto y puerperio;De 50 a 54 años;Mujeres;0
Total Nacional;14 Murcia, Región de;081 XV.Embarazo, parto y puerperio;De 55 a 59 años;Hombres;0
Total Nacional;14 Murcia, Región de;081 XV.Embarazo, parto y puerperio;De 55 a 59 años;Mujeres;0
Total Nacional;14 Murcia, Región de;081 XV.Embarazo, parto y puerperio;De 60 a 64 años;Hombres;0
Total Nacional;14 Murcia, Región de;081 XV.Embarazo, parto y puerperio;De 60 a 64 años;Mujeres;0
Total Nacional;14 Murcia, Región de;081 XV.Embarazo, parto y puerperio;De 65 a 69 años;Hombres;0
Total Nacional;14 Murcia, Región de;081 XV.Embarazo, parto y puerperio;De 65 a 69 años;Mujeres;0
Total Nacional;14 Murcia, Región de;081 XV.Embarazo, parto y puerperio;De 70 a 74 años;Hombres;0
Total Nacional;14 Murcia, Región de;081 XV.Embarazo, parto y puerperio;De 70 a 74 años;Mujeres;0
Total Nacional;14 Murcia, Región de;081 XV.Embarazo, parto y puerperio;De 75 a 79 años;Hombres;0
Total Nacional;14 Murcia, Región de;081 XV.Embarazo, parto y puerperio;De 75 a 79 años;Mujeres;0
Total Nacional;14 Murcia, Región de;081 XV.Embarazo, parto y puerperio;De 80 a 84 años;Hombres;0
Total Nacional;14 Murcia, Región de;081 XV.Embarazo, parto y puerperio;De 80 a 84 años;Mujeres;0
Total Nacional;14 Murcia, Región de;081 XV.Embarazo, parto y puerperio;De 85 a 89 años;Hombres;0
Total Nacional;14 Murcia, Región de;081 XV.Embarazo, parto y puerperio;De 85 a 89 años;Mujeres;0
Total Nacional;14 Murcia, Región de;081 XV.Embarazo, parto y puerperio;De 90 a 94 años;Hombres;0
Total Nacional;14 Murcia, Región de;081 XV.Embarazo, parto y puerperio;De 90 a 94 años;Mujeres;0
Total Nacional;14 Murcia, Región de;081 XV.Embarazo, parto y puerperio;De 95 años y más;Hombres;0
Total Nacional;14 Murcia, Región de;081 XV.Embarazo, parto y puerperio;De 95 años y más;Mujeres;0
Total Nacional;14 Murcia, Región de;082 XVI.Afecciones originadas en el periodo perinatal;De 1 a 14 años;Hombres;0
Total Nacional;14 Murcia, Región de;082 XVI.Afecciones originadas en el periodo perinatal;De 1 a 14 años;Mujeres;0
Total Nacional;14 Murcia, Región de;082 XVI.Afecciones originadas en el periodo perinatal;De 15 a 29 años;Hombres;0
Total Nacional;14 Murcia, Región de;082 XVI.Afecciones originadas en el periodo perinatal;De 15 a 29 años;Mujeres;0
Total Nacional;14 Murcia, Región de;082 XVI.Afecciones originadas en el periodo perinatal;De 30 a 39 años;Hombres;0
Total Nacional;14 Murcia, Región de;082 XVI.Afecciones originadas en el periodo perinatal;De 30 a 39 años;Mujeres;0
Total Nacional;14 Murcia, Región de;082 XVI.Afecciones originadas en el periodo perinatal;De 40 a 44 años;Hombres;0
Total Nacional;14 Murcia, Región de;082 XVI.Afecciones originadas en el periodo perinatal;De 40 a 44 años;Mujeres;0
Total Nacional;14 Murcia, Región de;082 XVI.Afecciones originadas en el periodo perinatal;De 45 a 49 años;Hombres;0
Total Nacional;14 Murcia, Región de;082 XVI.Afecciones originadas en el periodo perinatal;De 45 a 49 años;Mujeres;0
Total Nacional;14 Murcia, Región de;082 XVI.Afecciones originadas en el periodo perinatal;De 50 a 54 años;Hombres;0
Total Nacional;14 Murcia, Región de;082 XVI.Afecciones originadas en el periodo perinatal;De 50 a 54 años;Mujeres;0
Total Nacional;14 Murcia, Región de;082 XVI.Afecciones originadas en el periodo perinatal;De 55 a 59 años;Hombres;1
Total Nacional;14 Murcia, Región de;082 XVI.Afecciones originadas en el periodo perinatal;De 55 a 59 años;Mujeres;0
Total Nacional;14 Murcia, Región de;082 XVI.Afecciones originadas en el periodo perinatal;De 60 a 64 años;Hombres;0
Total Nacional;14 Murcia, Región de;082 XVI.Afecciones originadas en el periodo perinatal;De 60 a 64 años;Mujeres;0
Total Nacional;14 Murcia, Región de;082 XVI.Afecciones originadas en el periodo perinatal;De 65 a 69 años;Hombres;0
Total Nacional;14 Murcia, Región de;082 XVI.Afecciones originadas en el periodo perinatal;De 65 a 69 años;Mujeres;0
Total Nacional;14 Murcia, Región de;082 XVI.Afecciones originadas en el periodo perinatal;De 70 a 74 años;Hombres;0
Total Nacional;14 Murcia, Región de;082 XVI.Afecciones originadas en el periodo perinatal;De 70 a 74 años;Mujeres;0
Total Nacional;14 Murcia, Región de;082 XVI.Afecciones originadas en el periodo perinatal;De 75 a 79 años;Hombres;0
Total Nacional;14 Murcia, Región de;082 XVI.Afecciones originadas en el periodo perinatal;De 75 a 79 años;Mujeres;0
Total Nacional;14 Murcia, Región de;082 XVI.Afecciones originadas en el periodo perinatal;De 80 a 84 años;Hombres;0
Total Nacional;14 Murcia, Región de;082 XVI.Afecciones originadas en el periodo perinatal;De 80 a 84 años;Mujeres;0
Total Nacional;14 Murcia, Región de;082 XVI.Afecciones originadas en el periodo perinatal;De 85 a 89 años;Hombres;0
Total Nacional;14 Murcia, Región de;082 XVI.Afecciones originadas en el periodo perinatal;De 85 a 89 años;Mujeres;0
Total Nacional;14 Murcia, Región de;082 XVI.Afecciones originadas en el periodo perinatal;De 90 a 94 años;Hombres;0
Total Nacional;14 Murcia, Región de;082 XVI.Afecciones originadas en el periodo perinatal;De 90 a 94 años;Mujeres;0
Total Nacional;14 Murcia, Región de;082 XVI.Afecciones originadas en el periodo perinatal;De 95 años y más;Hombres;0
Total Nacional;14 Murcia, Región de;082 XVI.Afecciones originadas en el periodo perinatal;De 95 años y más;Mujeres;0
Total Nacional;14 Murcia, Región de;083-085 XVII.Malformaciones congénitas, deformidades y anomalías cromosómicas;De 1 a 14 años;Hombres;1
Total Nacional;14 Murcia, Región de;083-085 XVII.Malformaciones congénitas, deformidades y anomalías cromosómicas;De 1 a 14 años;Mujeres;0
Total Nacional;14 Murcia, Región de;083-085 XVII.Malformaciones congénitas, deformidades y anomalías cromosómicas;De 15 a 29 años;Hombres;0
Total Nacional;14 Murcia, Región de;083-085 XVII.Malformaciones congénitas, deformidades y anomalías cromosómicas;De 15 a 29 años;Mujeres;1
Total Nacional;14 Murcia, Región de;083-085 XVII.Malformaciones congénitas, deformidades y anomalías cromosómicas;De 30 a 39 años;Hombres;0
Total Nacional;14 Murcia, Región de;083-085 XVII.Malformaciones congénitas, deformidades y anomalías cromosómicas;De 30 a 39 años;Mujeres;0
Total Nacional;14 Murcia, Región de;083-085 XVII.Malformaciones congénitas, deformidades y anomalías cromosómicas;De 40 a 44 años;Hombres;3
Total Nacional;14 Murcia, Región de;083-085 XVII.Malformaciones congénitas, deformidades y anomalías cromosómicas;De 40 a 44 años;Mujeres;0
Total Nacional;14 Murcia, Región de;083-085 XVII.Malformaciones congénitas, deformidades y anomalías cromosómicas;De 45 a 49 años;Hombres;1
Total Nacional;14 Murcia, Región de;083-085 XVII.Malformaciones congénitas, deformidades y anomalías cromosómicas;De 45 a 49 años;Mujeres;0
Total Nacional;14 Murcia, Región de;083-085 XVII.Malformaciones congénitas, deformidades y anomalías cromosómicas;De 50 a 54 años;Hombres;0
Total Nacional;14 Murcia, Región de;083-085 XVII.Malformaciones congénitas, deformidades y anomalías cromosómicas;De 50 a 54 años;Mujeres;0
Total Nacional;14 Murcia, Región de;083-085 XVII.Malformaciones congénitas, deformidades y anomalías cromosómicas;De 55 a 59 años;Hombres;3
Total Nacional;14 Murcia, Región de;083-085 XVII.Malformaciones congénitas, deformidades y anomalías cromosómicas;De 55 a 59 años;Mujeres;1
Total Nacional;14 Murcia, Región de;083-085 XVII.Malformaciones congénitas, deformidades y anomalías cromosómicas;De 60 a 64 años;Hombres;1
Total Nacional;14 Murcia, Región de;083-085 XVII.Malformaciones congénitas, deformidades y anomalías cromosómicas;De 60 a 64 años;Mujeres;1
Total Nacional;14 Murcia, Región de;083-085 XVII.Malformaciones congénitas, deformidades y anomalías cromosómicas;De 65 a 69 años;Hombres;0
Total Nacional;14 Murcia, Región de;083-085 XVII.Malformaciones congénitas, deformidades y anomalías cromosómicas;De 65 a 69 años;Mujeres;1
Total Nacional;14 Murcia, Región de;083-085 XVII.Malformaciones congénitas, deformidades y anomalías cromosómicas;De 70 a 74 años;Hombres;0
Total Nacional;14 Murcia, Región de;083-085 XVII.Malformaciones congénitas, deformidades y anomalías cromosómicas;De 70 a 74 años;Mujeres;1
Total Nacional;14 Murcia, Región de;083-085 XVII.Malformaciones congénitas, deformidades y anomalías cromosómicas;De 75 a 79 años;Hombres;1
Total Nacional;14 Murcia, Región de;083-085 XVII.Malformaciones congénitas, deformidades y anomalías cromosómicas;De 75 a 79 años;Mujeres;0
Total Nacional;14 Murcia, Región de;083-085 XVII.Malformaciones congénitas, deformidades y anomalías cromosómicas;De 80 a 84 años;Hombres;1
Total Nacional;14 Murcia, Región de;083-085 XVII.Malformaciones congénitas, deformidades y anomalías cromosómicas;De 80 a 84 años;Mujeres;1
Total Nacional;14 Murcia, Región de;083-085 XVII.Malformaciones congénitas, deformidades y anomalías cromosómicas;De 85 a 89 años;Hombres;1
Total Nacional;14 Murcia, Región de;083-085 XVII.Malformaciones congénitas, deformidades y anomalías cromosómicas;De 85 a 89 años;Mujeres;1
Total Nacional;14 Murcia, Región de;083-085 XVII.Malformaciones congénitas, deformidades y anomalías cromosómicas;De 90 a 94 años;Hombres;0
Total Nacional;14 Murcia, Región de;083-085 XVII.Malformaciones congénitas, deformidades y anomalías cromosómicas;De 90 a 94 años;Mujeres;0
Total Nacional;14 Murcia, Región de;083-085 XVII.Malformaciones congénitas, deformidades y anomalías cromosómicas;De 95 años y más;Hombres;0
Total Nacional;14 Murcia, Región de;083-085 XVII.Malformaciones congénitas, deformidades y anomalías cromosómicas;De 95 años y más;Mujeres;0
Total Nacional;14 Murcia, Región de;086-089 XVIII.Síntomas, signos y hallazgos anormales clínicos y de laboratorio, no clasificados en otra parte;De 1 a 14 años;Hombres;0
Total Nacional;14 Murcia, Región de;086-089 XVIII.Síntomas, signos y hallazgos anormales clínicos y de laboratorio, no clasificados en otra parte;De 1 a 14 años;Mujeres;0
Total Nacional;14 Murcia, Región de;086-089 XVIII.Síntomas, signos y hallazgos anormales clínicos y de laboratorio, no clasificados en otra parte;De 15 a 29 años;Hombres;7
Total Nacional;14 Murcia, Región de;086-089 XVIII.Síntomas, signos y hallazgos anormales clínicos y de laboratorio, no clasificados en otra parte;De 15 a 29 años;Mujeres;0
Total Nacional;14 Murcia, Región de;086-089 XVIII.Síntomas, signos y hallazgos anormales clínicos y de laboratorio, no clasificados en otra parte;De 30 a 39 años;Hombres;1
Total Nacional;14 Murcia, Región de;086-089 XVIII.Síntomas, signos y hallazgos anormales clínicos y de laboratorio, no clasificados en otra parte;De 30 a 39 años;Mujeres;0
Total Nacional;14 Murcia, Región de;086-089 XVIII.Síntomas, signos y hallazgos anormales clínicos y de laboratorio, no clasificados en otra parte;De 40 a 44 años;Hombres;4
Total Nacional;14 Murcia, Región de;086-089 XVIII.Síntomas, signos y hallazgos anormales clínicos y de laboratorio, no clasificados en otra parte;De 40 a 44 años;Mujeres;3
Total Nacional;14 Murcia, Región de;086-089 XVIII.Síntomas, signos y hallazgos anormales clínicos y de laboratorio, no clasificados en otra parte;De 45 a 49 años;Hombres;1
Total Nacional;14 Murcia, Región de;086-089 XVIII.Síntomas, signos y hallazgos anormales clínicos y de laboratorio, no clasificados en otra parte;De 45 a 49 años;Mujeres;1
Total Nacional;14 Murcia, Región de;086-089 XVIII.Síntomas, signos y hallazgos anormales clínicos y de laboratorio, no clasificados en otra parte;De 50 a 54 años;Hombres;5
Total Nacional;14 Murcia, Región de;086-089 XVIII.Síntomas, signos y hallazgos anormales clínicos y de laboratorio, no clasificados en otra parte;De 50 a 54 años;Mujeres;1
Total Nacional;14 Murcia, Región de;086-089 XVIII.Síntomas, signos y hallazgos anormales clínicos y de laboratorio, no clasificados en otra parte;De 55 a 59 años;Hombres;4
Total Nacional;14 Murcia, Región de;086-089 XVIII.Síntomas, signos y hallazgos anormales clínicos y de laboratorio, no clasificados en otra parte;De 55 a 59 años;Mujeres;0
Total Nacional;14 Murcia, Región de;086-089 XVIII.Síntomas, signos y hallazgos anormales clínicos y de laboratorio, no clasificados en otra parte;De 60 a 64 años;Hombres;1
Total Nacional;14 Murcia, Región de;086-089 XVIII.Síntomas, signos y hallazgos anormales clínicos y de laboratorio, no clasificados en otra parte;De 60 a 64 años;Mujeres;2
Total Nacional;14 Murcia, Región de;086-089 XVIII.Síntomas, signos y hallazgos anormales clínicos y de laboratorio, no clasificados en otra parte;De 65 a 69 años;Hombres;1
Total Nacional;14 Murcia, Región de;086-089 XVIII.Síntomas, signos y hallazgos anormales clínicos y de laboratorio, no clasificados en otra parte;De 65 a 69 años;Mujeres;0
Total Nacional;14 Murcia, Región de;086-089 XVIII.Síntomas, signos y hallazgos anormales clínicos y de laboratorio, no clasificados en otra parte;De 70 a 74 años;Hombres;0
Total Nacional;14 Murcia, Región de;086-089 XVIII.Síntomas, signos y hallazgos anormales clínicos y de laboratorio, no clasificados en otra parte;De 70 a 74 años;Mujeres;1
Total Nacional;14 Murcia, Región de;086-089 XVIII.Síntomas, signos y hallazgos anormales clínicos y de laboratorio, no clasificados en otra parte;De 75 a 79 años;Hombres;1
Total Nacional;14 Murcia, Región de;086-089 XVIII.Síntomas, signos y hallazgos anormales clínicos y de laboratorio, no clasificados en otra parte;De 75 a 79 años;Mujeres;2
Total Nacional;14 Murcia, Región de;086-089 XVIII.Síntomas, signos y hallazgos anormales clínicos y de laboratorio, no clasificados en otra parte;De 80 a 84 años;Hombres;0
Total Nacional;14 Murcia, Región de;086-089 XVIII.Síntomas, signos y hallazgos anormales clínicos y de laboratorio, no clasificados en otra parte;De 80 a 84 años;Mujeres;0
Total Nacional;14 Murcia, Región de;086-089 XVIII.Síntomas, signos y hallazgos anormales clínicos y de laboratorio, no clasificados en otra parte;De 85 a 89 años;Hombres;0
Total Nacional;14 Murcia, Región de;086-089 XVIII.Síntomas, signos y hallazgos anormales clínicos y de laboratorio, no clasificados en otra parte;De 85 a 89 años;Mujeres;0
Total Nacional;14 Murcia, Región de;086-089 XVIII.Síntomas, signos y hallazgos anormales clínicos y de laboratorio, no clasificados en otra parte;De 90 a 94 años;Hombres;0
Total Nacional;14 Murcia, Región de;086-089 XVIII.Síntomas, signos y hallazgos anormales clínicos y de laboratorio, no clasificados en otra parte;De 90 a 94 años;Mujeres;1
Total Nacional;14 Murcia, Región de;086-089 XVIII.Síntomas, signos y hallazgos anormales clínicos y de laboratorio, no clasificados en otra parte;De 95 años y más;Hombres;1
Total Nacional;14 Murcia, Región de;086-089 XVIII.Síntomas, signos y hallazgos anormales clínicos y de laboratorio, no clasificados en otra parte;De 95 años y más;Mujeres;4
Total Nacional;14 Murcia, Región de;090-102 XX.Causas externas de mortalidad;De 1 a 14 años;Hombres;3
Total Nacional;14 Murcia, Región de;090-102 XX.Causas externas de mortalidad;De 1 a 14 años;Mujeres;1
Total Nacional;14 Murcia, Región de;090-102 XX.Causas externas de mortalidad;De 15 a 29 años;Hombres;20
Total Nacional;14 Murcia, Región de;090-102 XX.Causas externas de mortalidad;De 15 a 29 años;Mujeres;5
Total Nacional;14 Murcia, Región de;090-102 XX.Causas externas de mortalidad;De 30 a 39 años;Hombres;32
Total Nacional;14 Murcia, Región de;090-102 XX.Causas externas de mortalidad;De 30 a 39 años;Mujeres;7
Total Nacional;14 Murcia, Región de;090-102 XX.Causas externas de mortalidad;De 40 a 44 años;Hombres;22
Total Nacional;14 Murcia, Región de;090-102 XX.Causas externas de mortalidad;De 40 a 44 años;Mujeres;6
Total Nacional;14 Murcia, Región de;090-102 XX.Causas externas de mortalidad;De 45 a 49 años;Hombres;24
Total Nacional;14 Murcia, Región de;090-102 XX.Causas externas de mortalidad;De 45 a 49 años;Mujeres;5
Total Nacional;14 Murcia, Región de;090-102 XX.Causas externas de mortalidad;De 50 a 54 años;Hombres;33
Total Nacional;14 Murcia, Región de;090-102 XX.Causas externas de mortalidad;De 50 a 54 años;Mujeres;12
Total Nacional;14 Murcia, Región de;090-102 XX.Causas externas de mortalidad;De 55 a 59 años;Hombres;37
Total Nacional;14 Murcia, Región de;090-102 XX.Causas externas de mortalidad;De 55 a 59 años;Mujeres;5
Total Nacional;14 Murcia, Región de;090-102 XX.Causas externas de mortalidad;De 60 a 64 años;Hombres;20
Total Nacional;14 Murcia, Región de;090-102 XX.Causas externas de mortalidad;De 60 a 64 años;Mujeres;12
Total Nacional;14 Murcia, Región de;090-102 XX.Causas externas de mortalidad;De 65 a 69 años;Hombres;16
Total Nacional;14 Murcia, Región de;090-102 XX.Causas externas de mortalidad;De 65 a 69 años;Mujeres;5
Total Nacional;14 Murcia, Región de;090-102 XX.Causas externas de mortalidad;De 70 a 74 años;Hombres;11
Total Nacional;14 Murcia, Región de;090-102 XX.Causas externas de mortalidad;De 70 a 74 años;Mujeres;18
Total Nacional;14 Murcia, Región de;090-102 XX.Causas externas de mortalidad;De 75 a 79 años;Hombres;20
Total Nacional;14 Murcia, Región de;090-102 XX.Causas externas de mortalidad;De 75 a 79 años;Mujeres;10
Total Nacional;14 Murcia, Región de;090-102 XX.Causas externas de mortalidad;De 80 a 84 años;Hombres;22
Total Nacional;14 Murcia, Región de;090-102 XX.Causas externas de mortalidad;De 80 a 84 años;Mujeres;12
Total Nacional;14 Murcia, Región de;090-102 XX.Causas externas de mortalidad;De 85 a 89 años;Hombres;12
Total Nacional;14 Murcia, Región de;090-102 XX.Causas externas de mortalidad;De 85 a 89 años;Mujeres;23
Total Nacional;14 Murcia, Región de;090-102 XX.Causas externas de mortalidad;De 90 a 94 años;Hombres;14
Total Nacional;14 Murcia, Región de;090-102 XX.Causas externas de mortalidad;De 90 a 94 años;Mujeres;15
Total Nacional;14 Murcia, Región de;090-102 XX.Causas externas de mortalidad;De 95 años y más;Hombres;2
Total Nacional;14 Murcia, Región de;090-102 XX.Causas externas de mortalidad;De 95 años y más;Mujeres;2
Total Nacional;15 Navarra, Comunidad Foral de;001-008 I.Enfermedades infecciosas y parasitarias;De 1 a 14 años;Hombres;0
Total Nacional;15 Navarra, Comunidad Foral de;001-008 I.Enfermedades infecciosas y parasitarias;De 1 a 14 años;Mujeres;0
Total Nacional;15 Navarra, Comunidad Foral de;001-008 I.Enfermedades infecciosas y parasitarias;De 15 a 29 años;Hombres;1
Total Nacional;15 Navarra, Comunidad Foral de;001-008 I.Enfermedades infecciosas y parasitarias;De 15 a 29 años;Mujeres;0
Total Nacional;15 Navarra, Comunidad Foral de;001-008 I.Enfermedades infecciosas y parasitarias;De 30 a 39 años;Hombres;1
Total Nacional;15 Navarra, Comunidad Foral de;001-008 I.Enfermedades infecciosas y parasitarias;De 30 a 39 años;Mujeres;0
Total Nacional;15 Navarra, Comunidad Foral de;001-008 I.Enfermedades infecciosas y parasitarias;De 40 a 44 años;Hombres;2
Total Nacional;15 Navarra, Comunidad Foral de;001-008 I.Enfermedades infecciosas y parasitarias;De 40 a 44 años;Mujeres;0
Total Nacional;15 Navarra, Comunidad Foral de;001-008 I.Enfermedades infecciosas y parasitarias;De 45 a 49 años;Hombres;0
Total Nacional;15 Navarra, Comunidad Foral de;001-008 I.Enfermedades infecciosas y parasitarias;De 45 a 49 años;Mujeres;0
Total Nacional;15 Navarra, Comunidad Foral de;001-008 I.Enfermedades infecciosas y parasitarias;De 50 a 54 años;Hombres;1
Total Nacional;15 Navarra, Comunidad Foral de;001-008 I.Enfermedades infecciosas y parasitarias;De 50 a 54 años;Mujeres;0
Total Nacional;15 Navarra, Comunidad Foral de;001-008 I.Enfermedades infecciosas y parasitarias;De 55 a 59 años;Hombres;1
Total Nacional;15 Navarra, Comunidad Foral de;001-008 I.Enfermedades infecciosas y parasitarias;De 55 a 59 años;Mujeres;1
Total Nacional;15 Navarra, Comunidad Foral de;001-008 I.Enfermedades infecciosas y parasitarias;De 60 a 64 años;Hombres;4
Total Nacional;15 Navarra, Comunidad Foral de;001-008 I.Enfermedades infecciosas y parasitarias;De 60 a 64 años;Mujeres;0
Total Nacional;15 Navarra, Comunidad Foral de;001-008 I.Enfermedades infecciosas y parasitarias;De 65 a 69 años;Hombres;4
Total Nacional;15 Navarra, Comunidad Foral de;001-008 I.Enfermedades infecciosas y parasitarias;De 65 a 69 años;Mujeres;4
Total Nacional;15 Navarra, Comunidad Foral de;001-008 I.Enfermedades infecciosas y parasitarias;De 70 a 74 años;Hombres;4
Total Nacional;15 Navarra, Comunidad Foral de;001-008 I.Enfermedades infecciosas y parasitarias;De 70 a 74 años;Mujeres;4
Total Nacional;15 Navarra, Comunidad Foral de;001-008 I.Enfermedades infecciosas y parasitarias;De 75 a 79 años;Hombres;7
Total Nacional;15 Navarra, Comunidad Foral de;001-008 I.Enfermedades infecciosas y parasitarias;De 75 a 79 años;Mujeres;6
Total Nacional;15 Navarra, Comunidad Foral de;001-008 I.Enfermedades infecciosas y parasitarias;De 80 a 84 años;Hombres;11
Total Nacional;15 Navarra, Comunidad Foral de;001-008 I.Enfermedades infecciosas y parasitarias;De 80 a 84 años;Mujeres;13
Total Nacional;15 Navarra, Comunidad Foral de;001-008 I.Enfermedades infecciosas y parasitarias;De 85 a 89 años;Hombres;20
Total Nacional;15 Navarra, Comunidad Foral de;001-008 I.Enfermedades infecciosas y parasitarias;De 85 a 89 años;Mujeres;17
Total Nacional;15 Navarra, Comunidad Foral de;001-008 I.Enfermedades infecciosas y parasitarias;De 90 a 94 años;Hombres;14
Total Nacional;15 Navarra, Comunidad Foral de;001-008 I.Enfermedades infecciosas y parasitarias;De 90 a 94 años;Mujeres;29
Total Nacional;15 Navarra, Comunidad Foral de;001-008 I.Enfermedades infecciosas y parasitarias;De 95 años y más;Hombres;7
Total Nacional;15 Navarra, Comunidad Foral de;001-008 I.Enfermedades infecciosas y parasitarias;De 95 años y más;Mujeres;18
Total Nacional;15 Navarra, Comunidad Foral de;009-041 II.Tumores;De 1 a 14 años;Hombres;1
Total Nacional;15 Navarra, Comunidad Foral de;009-041 II.Tumores;De 1 a 14 años;Mujeres;1
Total Nacional;15 Navarra, Comunidad Foral de;009-041 II.Tumores;De 15 a 29 años;Hombres;0
Total Nacional;15 Navarra, Comunidad Foral de;009-041 II.Tumores;De 15 a 29 años;Mujeres;1
Total Nacional;15 Navarra, Comunidad Foral de;009-041 II.Tumores;De 30 a 39 años;Hombres;4
Total Nacional;15 Navarra, Comunidad Foral de;009-041 II.Tumores;De 30 a 39 años;Mujeres;6
Total Nacional;15 Navarra, Comunidad Foral de;009-041 II.Tumores;De 40 a 44 años;Hombres;4
Total Nacional;15 Navarra, Comunidad Foral de;009-041 II.Tumores;De 40 a 44 años;Mujeres;4
Total Nacional;15 Navarra, Comunidad Foral de;009-041 II.Tumores;De 45 a 49 años;Hombres;17
Total Nacional;15 Navarra, Comunidad Foral de;009-041 II.Tumores;De 45 a 49 años;Mujeres;15
Total Nacional;15 Navarra, Comunidad Foral de;009-041 II.Tumores;De 50 a 54 años;Hombres;21
Total Nacional;15 Navarra, Comunidad Foral de;009-041 II.Tumores;De 50 a 54 años;Mujeres;17
Total Nacional;15 Navarra, Comunidad Foral de;009-041 II.Tumores;De 55 a 59 años;Hombres;33
Total Nacional;15 Navarra, Comunidad Foral de;009-041 II.Tumores;De 55 a 59 años;Mujeres;32
Total Nacional;15 Navarra, Comunidad Foral de;009-041 II.Tumores;De 60 a 64 años;Hombres;92
Total Nacional;15 Navarra, Comunidad Foral de;009-041 II.Tumores;De 60 a 64 años;Mujeres;57
Total Nacional;15 Navarra, Comunidad Foral de;009-041 II.Tumores;De 65 a 69 años;Hombres;121
Total Nacional;15 Navarra, Comunidad Foral de;009-041 II.Tumores;De 65 a 69 años;Mujeres;80
Total Nacional;15 Navarra, Comunidad Foral de;009-041 II.Tumores;De 70 a 74 años;Hombres;154
Total Nacional;15 Navarra, Comunidad Foral de;009-041 II.Tumores;De 70 a 74 años;Mujeres;72
Total Nacional;15 Navarra, Comunidad Foral de;009-041 II.Tumores;De 75 a 79 años;Hombres;150
Total Nacional;15 Navarra, Comunidad Foral de;009-041 II.Tumores;De 75 a 79 años;Mujeres;83
Total Nacional;15 Navarra, Comunidad Foral de;009-041 II.Tumores;De 80 a 84 años;Hombres;146
Total Nacional;15 Navarra, Comunidad Foral de;009-041 II.Tumores;De 80 a 84 años;Mujeres;84
Total Nacional;15 Navarra, Comunidad Foral de;009-041 II.Tumores;De 85 a 89 años;Hombres;110
Total Nacional;15 Navarra, Comunidad Foral de;009-041 II.Tumores;De 85 a 89 años;Mujeres;100
Total Nacional;15 Navarra, Comunidad Foral de;009-041 II.Tumores;De 90 a 94 años;Hombres;72
Total Nacional;15 Navarra, Comunidad Foral de;009-041 II.Tumores;De 90 a 94 años;Mujeres;87
Total Nacional;15 Navarra, Comunidad Foral de;009-041 II.Tumores;De 95 años y más;Hombres;31
Total Nacional;15 Navarra, Comunidad Foral de;009-041 II.Tumores;De 95 años y más;Mujeres;35
Total Nacional;15 Navarra, Comunidad Foral de;050-052 VI-VIII.Enfermedades del sistema nervioso y de los órganos de los sentidos;De 1 a 14 años;Hombres;1
Total Nacional;15 Navarra, Comunidad Foral de;050-052 VI-VIII.Enfermedades del sistema nervioso y de los órganos de los sentidos;De 1 a 14 años;Mujeres;0
Total Nacional;15 Navarra, Comunidad Foral de;050-052 VI-VIII.Enfermedades del sistema nervioso y de los órganos de los sentidos;De 15 a 29 años;Hombres;1
Total Nacional;15 Navarra, Comunidad Foral de;050-052 VI-VIII.Enfermedades del sistema nervioso y de los órganos de los sentidos;De 15 a 29 años;Mujeres;2
Total Nacional;15 Navarra, Comunidad Foral de;050-052 VI-VIII.Enfermedades del sistema nervioso y de los órganos de los sentidos;De 30 a 39 años;Hombres;0
Total Nacional;15 Navarra, Comunidad Foral de;050-052 VI-VIII.Enfermedades del sistema nervioso y de los órganos de los sentidos;De 30 a 39 años;Mujeres;0
Total Nacional;15 Navarra, Comunidad Foral de;050-052 VI-VIII.Enfermedades del sistema nervioso y de los órganos de los sentidos;De 40 a 44 años;Hombres;2
Total Nacional;15 Navarra, Comunidad Foral de;050-052 VI-VIII.Enfermedades del sistema nervioso y de los órganos de los sentidos;De 40 a 44 años;Mujeres;0
Total Nacional;15 Navarra, Comunidad Foral de;050-052 VI-VIII.Enfermedades del sistema nervioso y de los órganos de los sentidos;De 45 a 49 años;Hombres;3
Total Nacional;15 Navarra, Comunidad Foral de;050-052 VI-VIII.Enfermedades del sistema nervioso y de los órganos de los sentidos;De 45 a 49 años;Mujeres;2
Total Nacional;15 Navarra, Comunidad Foral de;050-052 VI-VIII.Enfermedades del sistema nervioso y de los órganos de los sentidos;De 50 a 54 años;Hombres;0
Total Nacional;15 Navarra, Comunidad Foral de;050-052 VI-VIII.Enfermedades del sistema nervioso y de los órganos de los sentidos;De 50 a 54 años;Mujeres;2
Total Nacional;15 Navarra, Comunidad Foral de;050-052 VI-VIII.Enfermedades del sistema nervioso y de los órganos de los sentidos;De 55 a 59 años;Hombres;6
Total Nacional;15 Navarra, Comunidad Foral de;050-052 VI-VIII.Enfermedades del sistema nervioso y de los órganos de los sentidos;De 55 a 59 años;Mujeres;2
Total Nacional;15 Navarra, Comunidad Foral de;050-052 VI-VIII.Enfermedades del sistema nervioso y de los órganos de los sentidos;De 60 a 64 años;Hombres;4
Total Nacional;15 Navarra, Comunidad Foral de;050-052 VI-VIII.Enfermedades del sistema nervioso y de los órganos de los sentidos;De 60 a 64 años;Mujeres;5
Total Nacional;15 Navarra, Comunidad Foral de;050-052 VI-VIII.Enfermedades del sistema nervioso y de los órganos de los sentidos;De 65 a 69 años;Hombres;7
Total Nacional;15 Navarra, Comunidad Foral de;050-052 VI-VIII.Enfermedades del sistema nervioso y de los órganos de los sentidos;De 65 a 69 años;Mujeres;0
Total Nacional;15 Navarra, Comunidad Foral de;050-052 VI-VIII.Enfermedades del sistema nervioso y de los órganos de los sentidos;De 70 a 74 años;Hombres;15
Total Nacional;15 Navarra, Comunidad Foral de;050-052 VI-VIII.Enfermedades del sistema nervioso y de los órganos de los sentidos;De 70 a 74 años;Mujeres;11
Total Nacional;15 Navarra, Comunidad Foral de;050-052 VI-VIII.Enfermedades del sistema nervioso y de los órganos de los sentidos;De 75 a 79 años;Hombres;23
Total Nacional;15 Navarra, Comunidad Foral de;050-052 VI-VIII.Enfermedades del sistema nervioso y de los órganos de los sentidos;De 75 a 79 años;Mujeres;24
Total Nacional;15 Navarra, Comunidad Foral de;050-052 VI-VIII.Enfermedades del sistema nervioso y de los órganos de los sentidos;De 80 a 84 años;Hombres;38
Total Nacional;15 Navarra, Comunidad Foral de;050-052 VI-VIII.Enfermedades del sistema nervioso y de los órganos de los sentidos;De 80 a 84 años;Mujeres;41
Total Nacional;15 Navarra, Comunidad Foral de;050-052 VI-VIII.Enfermedades del sistema nervioso y de los órganos de los sentidos;De 85 a 89 años;Hombres;44
Total Nacional;15 Navarra, Comunidad Foral de;050-052 VI-VIII.Enfermedades del sistema nervioso y de los órganos de los sentidos;De 85 a 89 años;Mujeres;50
Total Nacional;15 Navarra, Comunidad Foral de;050-052 VI-VIII.Enfermedades del sistema nervioso y de los órganos de los sentidos;De 90 a 94 años;Hombres;32
Total Nacional;15 Navarra, Comunidad Foral de;050-052 VI-VIII.Enfermedades del sistema nervioso y de los órganos de los sentidos;De 90 a 94 años;Mujeres;93
Total Nacional;15 Navarra, Comunidad Foral de;050-052 VI-VIII.Enfermedades del sistema nervioso y de los órganos de los sentidos;De 95 años y más;Hombres;11
Total Nacional;15 Navarra, Comunidad Foral de;050-052 VI-VIII.Enfermedades del sistema nervioso y de los órganos de los sentidos;De 95 años y más;Mujeres;52
Total Nacional;15 Navarra, Comunidad Foral de;053-061 IX.Enfermedades del sistema circulatorio;De 1 a 14 años;Hombres;0
Total Nacional;15 Navarra, Comunidad Foral de;053-061 IX.Enfermedades del sistema circulatorio;De 1 a 14 años;Mujeres;0
Total Nacional;15 Navarra, Comunidad Foral de;053-061 IX.Enfermedades del sistema circulatorio;De 15 a 29 años;Hombres;0
Total Nacional;15 Navarra, Comunidad Foral de;053-061 IX.Enfermedades del sistema circulatorio;De 15 a 29 años;Mujeres;0
Total Nacional;15 Navarra, Comunidad Foral de;053-061 IX.Enfermedades del sistema circulatorio;De 30 a 39 años;Hombres;4
Total Nacional;15 Navarra, Comunidad Foral de;053-061 IX.Enfermedades del sistema circulatorio;De 30 a 39 años;Mujeres;1
Total Nacional;15 Navarra, Comunidad Foral de;053-061 IX.Enfermedades del sistema circulatorio;De 40 a 44 años;Hombres;7
Total Nacional;15 Navarra, Comunidad Foral de;053-061 IX.Enfermedades del sistema circulatorio;De 40 a 44 años;Mujeres;2
Total Nacional;15 Navarra, Comunidad Foral de;053-061 IX.Enfermedades del sistema circulatorio;De 45 a 49 años;Hombres;12
Total Nacional;15 Navarra, Comunidad Foral de;053-061 IX.Enfermedades del sistema circulatorio;De 45 a 49 años;Mujeres;1
Total Nacional;15 Navarra, Comunidad Foral de;053-061 IX.Enfermedades del sistema circulatorio;De 50 a 54 años;Hombres;13
Total Nacional;15 Navarra, Comunidad Foral de;053-061 IX.Enfermedades del sistema circulatorio;De 50 a 54 años;Mujeres;1
Total Nacional;15 Navarra, Comunidad Foral de;053-061 IX.Enfermedades del sistema circulatorio;De 55 a 59 años;Hombres;30
Total Nacional;15 Navarra, Comunidad Foral de;053-061 IX.Enfermedades del sistema circulatorio;De 55 a 59 años;Mujeres;8
Total Nacional;15 Navarra, Comunidad Foral de;053-061 IX.Enfermedades del sistema circulatorio;De 60 a 64 años;Hombres;27
Total Nacional;15 Navarra, Comunidad Foral de;053-061 IX.Enfermedades del sistema circulatorio;De 60 a 64 años;Mujeres;9
Total Nacional;15 Navarra, Comunidad Foral de;053-061 IX.Enfermedades del sistema circulatorio;De 65 a 69 años;Hombres;44
Total Nacional;15 Navarra, Comunidad Foral de;053-061 IX.Enfermedades del sistema circulatorio;De 65 a 69 años;Mujeres;12
Total Nacional;15 Navarra, Comunidad Foral de;053-061 IX.Enfermedades del sistema circulatorio;De 70 a 74 años;Hombres;52
Total Nacional;15 Navarra, Comunidad Foral de;053-061 IX.Enfermedades del sistema circulatorio;De 70 a 74 años;Mujeres;19
Total Nacional;15 Navarra, Comunidad Foral de;053-061 IX.Enfermedades del sistema circulatorio;De 75 a 79 años;Hombres;72
Total Nacional;15 Navarra, Comunidad Foral de;053-061 IX.Enfermedades del sistema circulatorio;De 75 a 79 años;Mujeres;30
Total Nacional;15 Navarra, Comunidad Foral de;053-061 IX.Enfermedades del sistema circulatorio;De 80 a 84 años;Hombres;94
Total Nacional;15 Navarra, Comunidad Foral de;053-061 IX.Enfermedades del sistema circulatorio;De 80 a 84 años;Mujeres;73
Total Nacional;15 Navarra, Comunidad Foral de;053-061 IX.Enfermedades del sistema circulatorio;De 85 a 89 años;Hombres;124
Total Nacional;15 Navarra, Comunidad Foral de;053-061 IX.Enfermedades del sistema circulatorio;De 85 a 89 años;Mujeres;141
Total Nacional;15 Navarra, Comunidad Foral de;053-061 IX.Enfermedades del sistema circulatorio;De 90 a 94 años;Hombres;138
Total Nacional;15 Navarra, Comunidad Foral de;053-061 IX.Enfermedades del sistema circulatorio;De 90 a 94 años;Mujeres;217
Total Nacional;15 Navarra, Comunidad Foral de;053-061 IX.Enfermedades del sistema circulatorio;De 95 años y más;Hombres;48
Total Nacional;15 Navarra, Comunidad Foral de;053-061 IX.Enfermedades del sistema circulatorio;De 95 años y más;Mujeres;197
Total Nacional;15 Navarra, Comunidad Foral de;062-067 X.Enfermedades del sistema respiratorio;De 1 a 14 años;Hombres;1
Total Nacional;15 Navarra, Comunidad Foral de;062-067 X.Enfermedades del sistema respiratorio;De 1 a 14 años;Mujeres;0
Total Nacional;15 Navarra, Comunidad Foral de;062-067 X.Enfermedades del sistema respiratorio;De 15 a 29 años;Hombres;1
Total Nacional;15 Navarra, Comunidad Foral de;062-067 X.Enfermedades del sistema respiratorio;De 15 a 29 años;Mujeres;0
Total Nacional;15 Navarra, Comunidad Foral de;062-067 X.Enfermedades del sistema respiratorio;De 30 a 39 años;Hombres;0
Total Nacional;15 Navarra, Comunidad Foral de;062-067 X.Enfermedades del sistema respiratorio;De 30 a 39 años;Mujeres;0
Total Nacional;15 Navarra, Comunidad Foral de;062-067 X.Enfermedades del sistema respiratorio;De 40 a 44 años;Hombres;1
Total Nacional;15 Navarra, Comunidad Foral de;062-067 X.Enfermedades del sistema respiratorio;De 40 a 44 años;Mujeres;0
Total Nacional;15 Navarra, Comunidad Foral de;062-067 X.Enfermedades del sistema respiratorio;De 45 a 49 años;Hombres;0
Total Nacional;15 Navarra, Comunidad Foral de;062-067 X.Enfermedades del sistema respiratorio;De 45 a 49 años;Mujeres;1
Total Nacional;15 Navarra, Comunidad Foral de;062-067 X.Enfermedades del sistema respiratorio;De 50 a 54 años;Hombres;3
Total Nacional;15 Navarra, Comunidad Foral de;062-067 X.Enfermedades del sistema respiratorio;De 50 a 54 años;Mujeres;0
Total Nacional;15 Navarra, Comunidad Foral de;062-067 X.Enfermedades del sistema respiratorio;De 55 a 59 años;Hombres;4
Total Nacional;15 Navarra, Comunidad Foral de;062-067 X.Enfermedades del sistema respiratorio;De 55 a 59 años;Mujeres;7
Total Nacional;15 Navarra, Comunidad Foral de;062-067 X.Enfermedades del sistema respiratorio;De 60 a 64 años;Hombres;10
Total Nacional;15 Navarra, Comunidad Foral de;062-067 X.Enfermedades del sistema respiratorio;De 60 a 64 años;Mujeres;2
Total Nacional;15 Navarra, Comunidad Foral de;062-067 X.Enfermedades del sistema respiratorio;De 65 a 69 años;Hombres;16
Total Nacional;15 Navarra, Comunidad Foral de;062-067 X.Enfermedades del sistema respiratorio;De 65 a 69 años;Mujeres;10
Total Nacional;15 Navarra, Comunidad Foral de;062-067 X.Enfermedades del sistema respiratorio;De 70 a 74 años;Hombres;29
Total Nacional;15 Navarra, Comunidad Foral de;062-067 X.Enfermedades del sistema respiratorio;De 70 a 74 años;Mujeres;15
Total Nacional;15 Navarra, Comunidad Foral de;062-067 X.Enfermedades del sistema respiratorio;De 75 a 79 años;Hombres;41
Total Nacional;15 Navarra, Comunidad Foral de;062-067 X.Enfermedades del sistema respiratorio;De 75 a 79 años;Mujeres;19
Total Nacional;15 Navarra, Comunidad Foral de;062-067 X.Enfermedades del sistema respiratorio;De 80 a 84 años;Hombres;58
Total Nacional;15 Navarra, Comunidad Foral de;062-067 X.Enfermedades del sistema respiratorio;De 80 a 84 años;Mujeres;36
Total Nacional;15 Navarra, Comunidad Foral de;062-067 X.Enfermedades del sistema respiratorio;De 85 a 89 años;Hombres;94
Total Nacional;15 Navarra, Comunidad Foral de;062-067 X.Enfermedades del sistema respiratorio;De 85 a 89 años;Mujeres;68
Total Nacional;15 Navarra, Comunidad Foral de;062-067 X.Enfermedades del sistema respiratorio;De 90 a 94 años;Hombres;79
Total Nacional;15 Navarra, Comunidad Foral de;062-067 X.Enfermedades del sistema respiratorio;De 90 a 94 años;Mujeres;97
Total Nacional;15 Navarra, Comunidad Foral de;062-067 X.Enfermedades del sistema respiratorio;De 95 años y más;Hombres;32
Total Nacional;15 Navarra, Comunidad Foral de;062-067 X.Enfermedades del sistema respiratorio;De 95 años y más;Mujeres;71
Total Nacional;15 Navarra, Comunidad Foral de;068-072 XI.Enfermedades del sistema digestivo;De 1 a 14 años;Hombres;0
Total Nacional;15 Navarra, Comunidad Foral de;068-072 XI.Enfermedades del sistema digestivo;De 1 a 14 años;Mujeres;0
Total Nacional;15 Navarra, Comunidad Foral de;068-072 XI.Enfermedades del sistema digestivo;De 15 a 29 años;Hombres;0
Total Nacional;15 Navarra, Comunidad Foral de;068-072 XI.Enfermedades del sistema digestivo;De 15 a 29 años;Mujeres;0
Total Nacional;15 Navarra, Comunidad Foral de;068-072 XI.Enfermedades del sistema digestivo;De 30 a 39 años;Hombres;0
Total Nacional;15 Navarra, Comunidad Foral de;068-072 XI.Enfermedades del sistema digestivo;De 30 a 39 años;Mujeres;0
Total Nacional;15 Navarra, Comunidad Foral de;068-072 XI.Enfermedades del sistema digestivo;De 40 a 44 años;Hombres;0
Total Nacional;15 Navarra, Comunidad Foral de;068-072 XI.Enfermedades del sistema digestivo;De 40 a 44 años;Mujeres;0
Total Nacional;15 Navarra, Comunidad Foral de;068-072 XI.Enfermedades del sistema digestivo;De 45 a 49 años;Hombres;4
Total Nacional;15 Navarra, Comunidad Foral de;068-072 XI.Enfermedades del sistema digestivo;De 45 a 49 años;Mujeres;0
Total Nacional;15 Navarra, Comunidad Foral de;068-072 XI.Enfermedades del sistema digestivo;De 50 a 54 años;Hombres;6
Total Nacional;15 Navarra, Comunidad Foral de;068-072 XI.Enfermedades del sistema digestivo;De 50 a 54 años;Mujeres;1
Total Nacional;15 Navarra, Comunidad Foral de;068-072 XI.Enfermedades del sistema digestivo;De 55 a 59 años;Hombres;11
Total Nacional;15 Navarra, Comunidad Foral de;068-072 XI.Enfermedades del sistema digestivo;De 55 a 59 años;Mujeres;2
Total Nacional;15 Navarra, Comunidad Foral de;068-072 XI.Enfermedades del sistema digestivo;De 60 a 64 años;Hombres;14
Total Nacional;15 Navarra, Comunidad Foral de;068-072 XI.Enfermedades del sistema digestivo;De 60 a 64 años;Mujeres;2
Total Nacional;15 Navarra, Comunidad Foral de;068-072 XI.Enfermedades del sistema digestivo;De 65 a 69 años;Hombres;18
Total Nacional;15 Navarra, Comunidad Foral de;068-072 XI.Enfermedades del sistema digestivo;De 65 a 69 años;Mujeres;5
Total Nacional;15 Navarra, Comunidad Foral de;068-072 XI.Enfermedades del sistema digestivo;De 70 a 74 años;Hombres;17
Total Nacional;15 Navarra, Comunidad Foral de;068-072 XI.Enfermedades del sistema digestivo;De 70 a 74 años;Mujeres;9
Total Nacional;15 Navarra, Comunidad Foral de;068-072 XI.Enfermedades del sistema digestivo;De 75 a 79 años;Hombres;15
Total Nacional;15 Navarra, Comunidad Foral de;068-072 XI.Enfermedades del sistema digestivo;De 75 a 79 años;Mujeres;12
Total Nacional;15 Navarra, Comunidad Foral de;068-072 XI.Enfermedades del sistema digestivo;De 80 a 84 años;Hombres;18
Total Nacional;15 Navarra, Comunidad Foral de;068-072 XI.Enfermedades del sistema digestivo;De 80 a 84 años;Mujeres;18
Total Nacional;15 Navarra, Comunidad Foral de;068-072 XI.Enfermedades del sistema digestivo;De 85 a 89 años;Hombres;21
Total Nacional;15 Navarra, Comunidad Foral de;068-072 XI.Enfermedades del sistema digestivo;De 85 a 89 años;Mujeres;30
Total Nacional;15 Navarra, Comunidad Foral de;068-072 XI.Enfermedades del sistema digestivo;De 90 a 94 años;Hombres;34
Total Nacional;15 Navarra, Comunidad Foral de;068-072 XI.Enfermedades del sistema digestivo;De 90 a 94 años;Mujeres;45
Total Nacional;15 Navarra, Comunidad Foral de;068-072 XI.Enfermedades del sistema digestivo;De 95 años y más;Hombres;13
Total Nacional;15 Navarra, Comunidad Foral de;068-072 XI.Enfermedades del sistema digestivo;De 95 años y más;Mujeres;21
Total Nacional;15 Navarra, Comunidad Foral de;073 XII.Enfermedades de la piel y del tejido subcutáneo;De 1 a 14 años;Hombres;0
Total Nacional;15 Navarra, Comunidad Foral de;073 XII.Enfermedades de la piel y del tejido subcutáneo;De 1 a 14 años;Mujeres;0
Total Nacional;15 Navarra, Comunidad Foral de;073 XII.Enfermedades de la piel y del tejido subcutáneo;De 15 a 29 años;Hombres;0
Total Nacional;15 Navarra, Comunidad Foral de;073 XII.Enfermedades de la piel y del tejido subcutáneo;De 15 a 29 años;Mujeres;0
Total Nacional;15 Navarra, Comunidad Foral de;073 XII.Enfermedades de la piel y del tejido subcutáneo;De 30 a 39 años;Hombres;0
Total Nacional;15 Navarra, Comunidad Foral de;073 XII.Enfermedades de la piel y del tejido subcutáneo;De 30 a 39 años;Mujeres;0
Total Nacional;15 Navarra, Comunidad Foral de;073 XII.Enfermedades de la piel y del tejido subcutáneo;De 40 a 44 años;Hombres;0
Total Nacional;15 Navarra, Comunidad Foral de;073 XII.Enfermedades de la piel y del tejido subcutáneo;De 40 a 44 años;Mujeres;0
Total Nacional;15 Navarra, Comunidad Foral de;073 XII.Enfermedades de la piel y del tejido subcutáneo;De 45 a 49 años;Hombres;0
Total Nacional;15 Navarra, Comunidad Foral de;073 XII.Enfermedades de la piel y del tejido subcutáneo;De 45 a 49 años;Mujeres;0
Total Nacional;15 Navarra, Comunidad Foral de;073 XII.Enfermedades de la piel y del tejido subcutáneo;De 50 a 54 años;Hombres;0
Total Nacional;15 Navarra, Comunidad Foral de;073 XII.Enfermedades de la piel y del tejido subcutáneo;De 50 a 54 años;Mujeres;0
Total Nacional;15 Navarra, Comunidad Foral de;073 XII.Enfermedades de la piel y del tejido subcutáneo;De 55 a 59 años;Hombres;0
Total Nacional;15 Navarra, Comunidad Foral de;073 XII.Enfermedades de la piel y del tejido subcutáneo;De 55 a 59 años;Mujeres;1
Total Nacional;15 Navarra, Comunidad Foral de;073 XII.Enfermedades de la piel y del tejido subcutáneo;De 60 a 64 años;Hombres;1
Total Nacional;15 Navarra, Comunidad Foral de;073 XII.Enfermedades de la piel y del tejido subcutáneo;De 60 a 64 años;Mujeres;0
Total Nacional;15 Navarra, Comunidad Foral de;073 XII.Enfermedades de la piel y del tejido subcutáneo;De 65 a 69 años;Hombres;1
Total Nacional;15 Navarra, Comunidad Foral de;073 XII.Enfermedades de la piel y del tejido subcutáneo;De 65 a 69 años;Mujeres;0
Total Nacional;15 Navarra, Comunidad Foral de;073 XII.Enfermedades de la piel y del tejido subcutáneo;De 70 a 74 años;Hombres;0
Total Nacional;15 Navarra, Comunidad Foral de;073 XII.Enfermedades de la piel y del tejido subcutáneo;De 70 a 74 años;Mujeres;0
Total Nacional;15 Navarra, Comunidad Foral de;073 XII.Enfermedades de la piel y del tejido subcutáneo;De 75 a 79 años;Hombres;0
Total Nacional;15 Navarra, Comunidad Foral de;073 XII.Enfermedades de la piel y del tejido subcutáneo;De 75 a 79 años;Mujeres;3
Total Nacional;15 Navarra, Comunidad Foral de;073 XII.Enfermedades de la piel y del tejido subcutáneo;De 80 a 84 años;Hombres;1
Total Nacional;15 Navarra, Comunidad Foral de;073 XII.Enfermedades de la piel y del tejido subcutáneo;De 80 a 84 años;Mujeres;3
Total Nacional;15 Navarra, Comunidad Foral de;073 XII.Enfermedades de la piel y del tejido subcutáneo;De 85 a 89 años;Hombres;5
Total Nacional;15 Navarra, Comunidad Foral de;073 XII.Enfermedades de la piel y del tejido subcutáneo;De 85 a 89 años;Mujeres;2
Total Nacional;15 Navarra, Comunidad Foral de;073 XII.Enfermedades de la piel y del tejido subcutáneo;De 90 a 94 años;Hombres;2
Total Nacional;15 Navarra, Comunidad Foral de;073 XII.Enfermedades de la piel y del tejido subcutáneo;De 90 a 94 años;Mujeres;8
Total Nacional;15 Navarra, Comunidad Foral de;073 XII.Enfermedades de la piel y del tejido subcutáneo;De 95 años y más;Hombres;4
Total Nacional;15 Navarra, Comunidad Foral de;073 XII.Enfermedades de la piel y del tejido subcutáneo;De 95 años y más;Mujeres;11
Total Nacional;15 Navarra, Comunidad Foral de;074-076 XIII.Enfermedades del sistema osteomuscular y del tejido conjuntivo;De 1 a 14 años;Hombres;0
Total Nacional;15 Navarra, Comunidad Foral de;074-076 XIII.Enfermedades del sistema osteomuscular y del tejido conjuntivo;De 1 a 14 años;Mujeres;0
Total Nacional;15 Navarra, Comunidad Foral de;074-076 XIII.Enfermedades del sistema osteomuscular y del tejido conjuntivo;De 15 a 29 años;Hombres;0
Total Nacional;15 Navarra, Comunidad Foral de;074-076 XIII.Enfermedades del sistema osteomuscular y del tejido conjuntivo;De 15 a 29 años;Mujeres;0
Total Nacional;15 Navarra, Comunidad Foral de;074-076 XIII.Enfermedades del sistema osteomuscular y del tejido conjuntivo;De 30 a 39 años;Hombres;0
Total Nacional;15 Navarra, Comunidad Foral de;074-076 XIII.Enfermedades del sistema osteomuscular y del tejido conjuntivo;De 30 a 39 años;Mujeres;0
Total Nacional;15 Navarra, Comunidad Foral de;074-076 XIII.Enfermedades del sistema osteomuscular y del tejido conjuntivo;De 40 a 44 años;Hombres;0
Total Nacional;15 Navarra, Comunidad Foral de;074-076 XIII.Enfermedades del sistema osteomuscular y del tejido conjuntivo;De 40 a 44 años;Mujeres;0
Total Nacional;15 Navarra, Comunidad Foral de;074-076 XIII.Enfermedades del sistema osteomuscular y del tejido conjuntivo;De 45 a 49 años;Hombres;1
Total Nacional;15 Navarra, Comunidad Foral de;074-076 XIII.Enfermedades del sistema osteomuscular y del tejido conjuntivo;De 45 a 49 años;Mujeres;0
Total Nacional;15 Navarra, Comunidad Foral de;074-076 XIII.Enfermedades del sistema osteomuscular y del tejido conjuntivo;De 50 a 54 años;Hombres;0
Total Nacional;15 Navarra, Comunidad Foral de;074-076 XIII.Enfermedades del sistema osteomuscular y del tejido conjuntivo;De 50 a 54 años;Mujeres;0
Total Nacional;15 Navarra, Comunidad Foral de;074-076 XIII.Enfermedades del sistema osteomuscular y del tejido conjuntivo;De 55 a 59 años;Hombres;0
Total Nacional;15 Navarra, Comunidad Foral de;074-076 XIII.Enfermedades del sistema osteomuscular y del tejido conjuntivo;De 55 a 59 años;Mujeres;0
Total Nacional;15 Navarra, Comunidad Foral de;074-076 XIII.Enfermedades del sistema osteomuscular y del tejido conjuntivo;De 60 a 64 años;Hombres;0
Total Nacional;15 Navarra, Comunidad Foral de;074-076 XIII.Enfermedades del sistema osteomuscular y del tejido conjuntivo;De 60 a 64 años;Mujeres;0
Total Nacional;15 Navarra, Comunidad Foral de;074-076 XIII.Enfermedades del sistema osteomuscular y del tejido conjuntivo;De 65 a 69 años;Hombres;0
Total Nacional;15 Navarra, Comunidad Foral de;074-076 XIII.Enfermedades del sistema osteomuscular y del tejido conjuntivo;De 65 a 69 años;Mujeres;1
Total Nacional;15 Navarra, Comunidad Foral de;074-076 XIII.Enfermedades del sistema osteomuscular y del tejido conjuntivo;De 70 a 74 años;Hombres;2
Total Nacional;15 Navarra, Comunidad Foral de;074-076 XIII.Enfermedades del sistema osteomuscular y del tejido conjuntivo;De 70 a 74 años;Mujeres;2
Total Nacional;15 Navarra, Comunidad Foral de;074-076 XIII.Enfermedades del sistema osteomuscular y del tejido conjuntivo;De 75 a 79 años;Hombres;2
Total Nacional;15 Navarra, Comunidad Foral de;074-076 XIII.Enfermedades del sistema osteomuscular y del tejido conjuntivo;De 75 a 79 años;Mujeres;0
Total Nacional;15 Navarra, Comunidad Foral de;074-076 XIII.Enfermedades del sistema osteomuscular y del tejido conjuntivo;De 80 a 84 años;Hombres;5
Total Nacional;15 Navarra, Comunidad Foral de;074-076 XIII.Enfermedades del sistema osteomuscular y del tejido conjuntivo;De 80 a 84 años;Mujeres;6
Total Nacional;15 Navarra, Comunidad Foral de;074-076 XIII.Enfermedades del sistema osteomuscular y del tejido conjuntivo;De 85 a 89 años;Hombres;5
Total Nacional;15 Navarra, Comunidad Foral de;074-076 XIII.Enfermedades del sistema osteomuscular y del tejido conjuntivo;De 85 a 89 años;Mujeres;14
Total Nacional;15 Navarra, Comunidad Foral de;074-076 XIII.Enfermedades del sistema osteomuscular y del tejido conjuntivo;De 90 a 94 años;Hombres;9
Total Nacional;15 Navarra, Comunidad Foral de;074-076 XIII.Enfermedades del sistema osteomuscular y del tejido conjuntivo;De 90 a 94 años;Mujeres;13
Total Nacional;15 Navarra, Comunidad Foral de;074-076 XIII.Enfermedades del sistema osteomuscular y del tejido conjuntivo;De 95 años y más;Hombres;2
Total Nacional;15 Navarra, Comunidad Foral de;074-076 XIII.Enfermedades del sistema osteomuscular y del tejido conjuntivo;De 95 años y más;Mujeres;11
Total Nacional;15 Navarra, Comunidad Foral de;077-080 XIV.Enfermedades del sistema genitourinario;De 1 a 14 años;Hombres;0
Total Nacional;15 Navarra, Comunidad Foral de;077-080 XIV.Enfermedades del sistema genitourinario;De 1 a 14 años;Mujeres;0
Total Nacional;15 Navarra, Comunidad Foral de;077-080 XIV.Enfermedades del sistema genitourinario;De 15 a 29 años;Hombres;0
Total Nacional;15 Navarra, Comunidad Foral de;077-080 XIV.Enfermedades del sistema genitourinario;De 15 a 29 años;Mujeres;0
Total Nacional;15 Navarra, Comunidad Foral de;077-080 XIV.Enfermedades del sistema genitourinario;De 30 a 39 años;Hombres;0
Total Nacional;15 Navarra, Comunidad Foral de;077-080 XIV.Enfermedades del sistema genitourinario;De 30 a 39 años;Mujeres;0
Total Nacional;15 Navarra, Comunidad Foral de;077-080 XIV.Enfermedades del sistema genitourinario;De 40 a 44 años;Hombres;0
Total Nacional;15 Navarra, Comunidad Foral de;077-080 XIV.Enfermedades del sistema genitourinario;De 40 a 44 años;Mujeres;0
Total Nacional;15 Navarra, Comunidad Foral de;077-080 XIV.Enfermedades del sistema genitourinario;De 45 a 49 años;Hombres;0
Total Nacional;15 Navarra, Comunidad Foral de;077-080 XIV.Enfermedades del sistema genitourinario;De 45 a 49 años;Mujeres;0
Total Nacional;15 Navarra, Comunidad Foral de;077-080 XIV.Enfermedades del sistema genitourinario;De 50 a 54 años;Hombres;2
Total Nacional;15 Navarra, Comunidad Foral de;077-080 XIV.Enfermedades del sistema genitourinario;De 50 a 54 años;Mujeres;0
Total Nacional;15 Navarra, Comunidad Foral de;077-080 XIV.Enfermedades del sistema genitourinario;De 55 a 59 años;Hombres;1
Total Nacional;15 Navarra, Comunidad Foral de;077-080 XIV.Enfermedades del sistema genitourinario;De 55 a 59 años;Mujeres;0
Total Nacional;15 Navarra, Comunidad Foral de;077-080 XIV.Enfermedades del sistema genitourinario;De 60 a 64 años;Hombres;1
Total Nacional;15 Navarra, Comunidad Foral de;077-080 XIV.Enfermedades del sistema genitourinario;De 60 a 64 años;Mujeres;2
Total Nacional;15 Navarra, Comunidad Foral de;077-080 XIV.Enfermedades del sistema genitourinario;De 65 a 69 años;Hombres;1
Total Nacional;15 Navarra, Comunidad Foral de;077-080 XIV.Enfermedades del sistema genitourinario;De 65 a 69 años;Mujeres;1
Total Nacional;15 Navarra, Comunidad Foral de;077-080 XIV.Enfermedades del sistema genitourinario;De 70 a 74 años;Hombres;9
Total Nacional;15 Navarra, Comunidad Foral de;077-080 XIV.Enfermedades del sistema genitourinario;De 70 a 74 años;Mujeres;4
Total Nacional;15 Navarra, Comunidad Foral de;077-080 XIV.Enfermedades del sistema genitourinario;De 75 a 79 años;Hombres;12
Total Nacional;15 Navarra, Comunidad Foral de;077-080 XIV.Enfermedades del sistema genitourinario;De 75 a 79 años;Mujeres;5
Total Nacional;15 Navarra, Comunidad Foral de;077-080 XIV.Enfermedades del sistema genitourinario;De 80 a 84 años;Hombres;29
Total Nacional;15 Navarra, Comunidad Foral de;077-080 XIV.Enfermedades del sistema genitourinario;De 80 a 84 años;Mujeres;16
Total Nacional;15 Navarra, Comunidad Foral de;077-080 XIV.Enfermedades del sistema genitourinario;De 85 a 89 años;Hombres;30
Total Nacional;15 Navarra, Comunidad Foral de;077-080 XIV.Enfermedades del sistema genitourinario;De 85 a 89 años;Mujeres;27
Total Nacional;15 Navarra, Comunidad Foral de;077-080 XIV.Enfermedades del sistema genitourinario;De 90 a 94 años;Hombres;29
Total Nacional;15 Navarra, Comunidad Foral de;077-080 XIV.Enfermedades del sistema genitourinario;De 90 a 94 años;Mujeres;50
Total Nacional;15 Navarra, Comunidad Foral de;077-080 XIV.Enfermedades del sistema genitourinario;De 95 años y más;Hombres;11
Total Nacional;15 Navarra, Comunidad Foral de;077-080 XIV.Enfermedades del sistema genitourinario;De 95 años y más;Mujeres;37
Total Nacional;15 Navarra, Comunidad Foral de;081 XV.Embarazo, parto y puerperio;De 1 a 14 años;Hombres;0
Total Nacional;15 Navarra, Comunidad Foral de;081 XV.Embarazo, parto y puerperio;De 1 a 14 años;Mujeres;0
Total Nacional;15 Navarra, Comunidad Foral de;081 XV.Embarazo, parto y puerperio;De 15 a 29 años;Hombres;0
Total Nacional;15 Navarra, Comunidad Foral de;081 XV.Embarazo, parto y puerperio;De 15 a 29 años;Mujeres;0
Total Nacional;15 Navarra, Comunidad Foral de;081 XV.Embarazo, parto y puerperio;De 30 a 39 años;Hombres;0
Total Nacional;15 Navarra, Comunidad Foral de;081 XV.Embarazo, parto y puerperio;De 30 a 39 años;Mujeres;0
Total Nacional;15 Navarra, Comunidad Foral de;081 XV.Embarazo, parto y puerperio;De 40 a 44 años;Hombres;0
Total Nacional;15 Navarra, Comunidad Foral de;081 XV.Embarazo, parto y puerperio;De 40 a 44 años;Mujeres;0
Total Nacional;15 Navarra, Comunidad Foral de;081 XV.Embarazo, parto y puerperio;De 45 a 49 años;Hombres;0
Total Nacional;15 Navarra, Comunidad Foral de;081 XV.Embarazo, parto y puerperio;De 45 a 49 años;Mujeres;0
Total Nacional;15 Navarra, Comunidad Foral de;081 XV.Embarazo, parto y puerperio;De 50 a 54 años;Hombres;0
Total Nacional;15 Navarra, Comunidad Foral de;081 XV.Embarazo, parto y puerperio;De 50 a 54 años;Mujeres;0
Total Nacional;15 Navarra, Comunidad Foral de;081 XV.Embarazo, parto y puerperio;De 55 a 59 años;Hombres;0
Total Nacional;15 Navarra, Comunidad Foral de;081 XV.Embarazo, parto y puerperio;De 55 a 59 años;Mujeres;0
Total Nacional;15 Navarra, Comunidad Foral de;081 XV.Embarazo, parto y puerperio;De 60 a 64 años;Hombres;0
Total Nacional;15 Navarra, Comunidad Foral de;081 XV.Embarazo, parto y puerperio;De 60 a 64 años;Mujeres;0
Total Nacional;15 Navarra, Comunidad Foral de;081 XV.Embarazo, parto y puerperio;De 65 a 69 años;Hombres;0
Total Nacional;15 Navarra, Comunidad Foral de;081 XV.Embarazo, parto y puerperio;De 65 a 69 años;Mujeres;0
Total Nacional;15 Navarra, Comunidad Foral de;081 XV.Embarazo, parto y puerperio;De 70 a 74 años;Hombres;0
Total Nacional;15 Navarra, Comunidad Foral de;081 XV.Embarazo, parto y puerperio;De 70 a 74 años;Mujeres;0
Total Nacional;15 Navarra, Comunidad Foral de;081 XV.Embarazo, parto y puerperio;De 75 a 79 años;Hombres;0
Total Nacional;15 Navarra, Comunidad Foral de;081 XV.Embarazo, parto y puerperio;De 75 a 79 años;Mujeres;0
Total Nacional;15 Navarra, Comunidad Foral de;081 XV.Embarazo, parto y puerperio;De 80 a 84 años;Hombres;0
Total Nacional;15 Navarra, Comunidad Foral de;081 XV.Embarazo, parto y puerperio;De 80 a 84 años;Mujeres;0
Total Nacional;15 Navarra, Comunidad Foral de;081 XV.Embarazo, parto y puerperio;De 85 a 89 años;Hombres;0
Total Nacional;15 Navarra, Comunidad Foral de;081 XV.Embarazo, parto y puerperio;De 85 a 89 años;Mujeres;0
Total Nacional;15 Navarra, Comunidad Foral de;081 XV.Embarazo, parto y puerperio;De 90 a 94 años;Hombres;0
Total Nacional;15 Navarra, Comunidad Foral de;081 XV.Embarazo, parto y puerperio;De 90 a 94 años;Mujeres;0
Total Nacional;15 Navarra, Comunidad Foral de;081 XV.Embarazo, parto y puerperio;De 95 años y más;Hombres;0
Total Nacional;15 Navarra, Comunidad Foral de;081 XV.Embarazo, parto y puerperio;De 95 años y más;Mujeres;0
Total Nacional;15 Navarra, Comunidad Foral de;082 XVI.Afecciones originadas en el periodo perinatal;De 1 a 14 años;Hombres;0
Total Nacional;15 Navarra, Comunidad Foral de;082 XVI.Afecciones originadas en el periodo perinatal;De 1 a 14 años;Mujeres;0
Total Nacional;15 Navarra, Comunidad Foral de;082 XVI.Afecciones originadas en el periodo perinatal;De 15 a 29 años;Hombres;0
Total Nacional;15 Navarra, Comunidad Foral de;082 XVI.Afecciones originadas en el periodo perinatal;De 15 a 29 años;Mujeres;0
Total Nacional;15 Navarra, Comunidad Foral de;082 XVI.Afecciones originadas en el periodo perinatal;De 30 a 39 años;Hombres;0
Total Nacional;15 Navarra, Comunidad Foral de;082 XVI.Afecciones originadas en el periodo perinatal;De 30 a 39 años;Mujeres;0
Total Nacional;15 Navarra, Comunidad Foral de;082 XVI.Afecciones originadas en el periodo perinatal;De 40 a 44 años;Hombres;0
Total Nacional;15 Navarra, Comunidad Foral de;082 XVI.Afecciones originadas en el periodo perinatal;De 40 a 44 años;Mujeres;0
Total Nacional;15 Navarra, Comunidad Foral de;082 XVI.Afecciones originadas en el periodo perinatal;De 45 a 49 años;Hombres;0
Total Nacional;15 Navarra, Comunidad Foral de;082 XVI.Afecciones originadas en el periodo perinatal;De 45 a 49 años;Mujeres;0
Total Nacional;15 Navarra, Comunidad Foral de;082 XVI.Afecciones originadas en el periodo perinatal;De 50 a 54 años;Hombres;0
Total Nacional;15 Navarra, Comunidad Foral de;082 XVI.Afecciones originadas en el periodo perinatal;De 50 a 54 años;Mujeres;0
Total Nacional;15 Navarra, Comunidad Foral de;082 XVI.Afecciones originadas en el periodo perinatal;De 55 a 59 años;Hombres;0
Total Nacional;15 Navarra, Comunidad Foral de;082 XVI.Afecciones originadas en el periodo perinatal;De 55 a 59 años;Mujeres;0
Total Nacional;15 Navarra, Comunidad Foral de;082 XVI.Afecciones originadas en el periodo perinatal;De 60 a 64 años;Hombres;0
Total Nacional;15 Navarra, Comunidad Foral de;082 XVI.Afecciones originadas en el periodo perinatal;De 60 a 64 años;Mujeres;0
Total Nacional;15 Navarra, Comunidad Foral de;082 XVI.Afecciones originadas en el periodo perinatal;De 65 a 69 años;Hombres;0
Total Nacional;15 Navarra, Comunidad Foral de;082 XVI.Afecciones originadas en el periodo perinatal;De 65 a 69 años;Mujeres;0
Total Nacional;15 Navarra, Comunidad Foral de;082 XVI.Afecciones originadas en el periodo perinatal;De 70 a 74 años;Hombres;0
Total Nacional;15 Navarra, Comunidad Foral de;082 XVI.Afecciones originadas en el periodo perinatal;De 70 a 74 años;Mujeres;0
Total Nacional;15 Navarra, Comunidad Foral de;082 XVI.Afecciones originadas en el periodo perinatal;De 75 a 79 años;Hombres;0
Total Nacional;15 Navarra, Comunidad Foral de;082 XVI.Afecciones originadas en el periodo perinatal;De 75 a 79 años;Mujeres;0
Total Nacional;15 Navarra, Comunidad Foral de;082 XVI.Afecciones originadas en el periodo perinatal;De 80 a 84 años;Hombres;0
Total Nacional;15 Navarra, Comunidad Foral de;082 XVI.Afecciones originadas en el periodo perinatal;De 80 a 84 años;Mujeres;0
Total Nacional;15 Navarra, Comunidad Foral de;082 XVI.Afecciones originadas en el periodo perinatal;De 85 a 89 años;Hombres;0
Total Nacional;15 Navarra, Comunidad Foral de;082 XVI.Afecciones originadas en el periodo perinatal;De 85 a 89 años;Mujeres;0
Total Nacional;15 Navarra, Comunidad Foral de;082 XVI.Afecciones originadas en el periodo perinatal;De 90 a 94 años;Hombres;0
Total Nacional;15 Navarra, Comunidad Foral de;082 XVI.Afecciones originadas en el periodo perinatal;De 90 a 94 años;Mujeres;0
Total Nacional;15 Navarra, Comunidad Foral de;082 XVI.Afecciones originadas en el periodo perinatal;De 95 años y más;Hombres;0
Total Nacional;15 Navarra, Comunidad Foral de;082 XVI.Afecciones originadas en el periodo perinatal;De 95 años y más;Mujeres;0
Total Nacional;15 Navarra, Comunidad Foral de;083-085 XVII.Malformaciones congénitas, deformidades y anomalías cromosómicas;De 1 a 14 años;Hombres;0
Total Nacional;15 Navarra, Comunidad Foral de;083-085 XVII.Malformaciones congénitas, deformidades y anomalías cromosómicas;De 1 a 14 años;Mujeres;0
Total Nacional;15 Navarra, Comunidad Foral de;083-085 XVII.Malformaciones congénitas, deformidades y anomalías cromosómicas;De 15 a 29 años;Hombres;0
Total Nacional;15 Navarra, Comunidad Foral de;083-085 XVII.Malformaciones congénitas, deformidades y anomalías cromosómicas;De 15 a 29 años;Mujeres;0
Total Nacional;15 Navarra, Comunidad Foral de;083-085 XVII.Malformaciones congénitas, deformidades y anomalías cromosómicas;De 30 a 39 años;Hombres;1
Total Nacional;15 Navarra, Comunidad Foral de;083-085 XVII.Malformaciones congénitas, deformidades y anomalías cromosómicas;De 30 a 39 años;Mujeres;0
Total Nacional;15 Navarra, Comunidad Foral de;083-085 XVII.Malformaciones congénitas, deformidades y anomalías cromosómicas;De 40 a 44 años;Hombres;0
Total Nacional;15 Navarra, Comunidad Foral de;083-085 XVII.Malformaciones congénitas, deformidades y anomalías cromosómicas;De 40 a 44 años;Mujeres;0
Total Nacional;15 Navarra, Comunidad Foral de;083-085 XVII.Malformaciones congénitas, deformidades y anomalías cromosómicas;De 45 a 49 años;Hombres;0
Total Nacional;15 Navarra, Comunidad Foral de;083-085 XVII.Malformaciones congénitas, deformidades y anomalías cromosómicas;De 45 a 49 años;Mujeres;0
Total Nacional;15 Navarra, Comunidad Foral de;083-085 XVII.Malformaciones congénitas, deformidades y anomalías cromosómicas;De 50 a 54 años;Hombres;3
Total Nacional;15 Navarra, Comunidad Foral de;083-085 XVII.Malformaciones congénitas, deformidades y anomalías cromosómicas;De 50 a 54 años;Mujeres;0
Total Nacional;15 Navarra, Comunidad Foral de;083-085 XVII.Malformaciones congénitas, deformidades y anomalías cromosómicas;De 55 a 59 años;Hombres;0
Total Nacional;15 Navarra, Comunidad Foral de;083-085 XVII.Malformaciones congénitas, deformidades y anomalías cromosómicas;De 55 a 59 años;Mujeres;1
Total Nacional;15 Navarra, Comunidad Foral de;083-085 XVII.Malformaciones congénitas, deformidades y anomalías cromosómicas;De 60 a 64 años;Hombres;3
Total Nacional;15 Navarra, Comunidad Foral de;083-085 XVII.Malformaciones congénitas, deformidades y anomalías cromosómicas;De 60 a 64 años;Mujeres;2
Total Nacional;15 Navarra, Comunidad Foral de;083-085 XVII.Malformaciones congénitas, deformidades y anomalías cromosómicas;De 65 a 69 años;Hombres;0
Total Nacional;15 Navarra, Comunidad Foral de;083-085 XVII.Malformaciones congénitas, deformidades y anomalías cromosómicas;De 65 a 69 años;Mujeres;0
Total Nacional;15 Navarra, Comunidad Foral de;083-085 XVII.Malformaciones congénitas, deformidades y anomalías cromosómicas;De 70 a 74 años;Hombres;0
Total Nacional;15 Navarra, Comunidad Foral de;083-085 XVII.Malformaciones congénitas, deformidades y anomalías cromosómicas;De 70 a 74 años;Mujeres;0
Total Nacional;15 Navarra, Comunidad Foral de;083-085 XVII.Malformaciones congénitas, deformidades y anomalías cromosómicas;De 75 a 79 años;Hombres;0
Total Nacional;15 Navarra, Comunidad Foral de;083-085 XVII.Malformaciones congénitas, deformidades y anomalías cromosómicas;De 75 a 79 años;Mujeres;0
Total Nacional;15 Navarra, Comunidad Foral de;083-085 XVII.Malformaciones congénitas, deformidades y anomalías cromosómicas;De 80 a 84 años;Hombres;1
Total Nacional;15 Navarra, Comunidad Foral de;083-085 XVII.Malformaciones congénitas, deformidades y anomalías cromosómicas;De 80 a 84 años;Mujeres;0
Total Nacional;15 Navarra, Comunidad Foral de;083-085 XVII.Malformaciones congénitas, deformidades y anomalías cromosómicas;De 85 a 89 años;Hombres;0
Total Nacional;15 Navarra, Comunidad Foral de;083-085 XVII.Malformaciones congénitas, deformidades y anomalías cromosómicas;De 85 a 89 años;Mujeres;0
Total Nacional;15 Navarra, Comunidad Foral de;083-085 XVII.Malformaciones congénitas, deformidades y anomalías cromosómicas;De 90 a 94 años;Hombres;1
Total Nacional;15 Navarra, Comunidad Foral de;083-085 XVII.Malformaciones congénitas, deformidades y anomalías cromosómicas;De 90 a 94 años;Mujeres;1
Total Nacional;15 Navarra, Comunidad Foral de;083-085 XVII.Malformaciones congénitas, deformidades y anomalías cromosómicas;De 95 años y más;Hombres;0
Total Nacional;15 Navarra, Comunidad Foral de;083-085 XVII.Malformaciones congénitas, deformidades y anomalías cromosómicas;De 95 años y más;Mujeres;0
Total Nacional;15 Navarra, Comunidad Foral de;086-089 XVIII.Síntomas, signos y hallazgos anormales clínicos y de laboratorio, no clasificados en otra parte;De 1 a 14 años;Hombres;0
Total Nacional;15 Navarra, Comunidad Foral de;086-089 XVIII.Síntomas, signos y hallazgos anormales clínicos y de laboratorio, no clasificados en otra parte;De 1 a 14 años;Mujeres;0
Total Nacional;15 Navarra, Comunidad Foral de;086-089 XVIII.Síntomas, signos y hallazgos anormales clínicos y de laboratorio, no clasificados en otra parte;De 15 a 29 años;Hombres;0
Total Nacional;15 Navarra, Comunidad Foral de;086-089 XVIII.Síntomas, signos y hallazgos anormales clínicos y de laboratorio, no clasificados en otra parte;De 15 a 29 años;Mujeres;0
Total Nacional;15 Navarra, Comunidad Foral de;086-089 XVIII.Síntomas, signos y hallazgos anormales clínicos y de laboratorio, no clasificados en otra parte;De 30 a 39 años;Hombres;0
Total Nacional;15 Navarra, Comunidad Foral de;086-089 XVIII.Síntomas, signos y hallazgos anormales clínicos y de laboratorio, no clasificados en otra parte;De 30 a 39 años;Mujeres;0
Total Nacional;15 Navarra, Comunidad Foral de;086-089 XVIII.Síntomas, signos y hallazgos anormales clínicos y de laboratorio, no clasificados en otra parte;De 40 a 44 años;Hombres;0
Total Nacional;15 Navarra, Comunidad Foral de;086-089 XVIII.Síntomas, signos y hallazgos anormales clínicos y de laboratorio, no clasificados en otra parte;De 40 a 44 años;Mujeres;0
Total Nacional;15 Navarra, Comunidad Foral de;086-089 XVIII.Síntomas, signos y hallazgos anormales clínicos y de laboratorio, no clasificados en otra parte;De 45 a 49 años;Hombres;1
Total Nacional;15 Navarra, Comunidad Foral de;086-089 XVIII.Síntomas, signos y hallazgos anormales clínicos y de laboratorio, no clasificados en otra parte;De 45 a 49 años;Mujeres;0
Total Nacional;15 Navarra, Comunidad Foral de;086-089 XVIII.Síntomas, signos y hallazgos anormales clínicos y de laboratorio, no clasificados en otra parte;De 50 a 54 años;Hombres;2
Total Nacional;15 Navarra, Comunidad Foral de;086-089 XVIII.Síntomas, signos y hallazgos anormales clínicos y de laboratorio, no clasificados en otra parte;De 50 a 54 años;Mujeres;1
Total Nacional;15 Navarra, Comunidad Foral de;086-089 XVIII.Síntomas, signos y hallazgos anormales clínicos y de laboratorio, no clasificados en otra parte;De 55 a 59 años;Hombres;0
Total Nacional;15 Navarra, Comunidad Foral de;086-089 XVIII.Síntomas, signos y hallazgos anormales clínicos y de laboratorio, no clasificados en otra parte;De 55 a 59 años;Mujeres;1
Total Nacional;15 Navarra, Comunidad Foral de;086-089 XVIII.Síntomas, signos y hallazgos anormales clínicos y de laboratorio, no clasificados en otra parte;De 60 a 64 años;Hombres;0
Total Nacional;15 Navarra, Comunidad Foral de;086-089 XVIII.Síntomas, signos y hallazgos anormales clínicos y de laboratorio, no clasificados en otra parte;De 60 a 64 años;Mujeres;0
Total Nacional;15 Navarra, Comunidad Foral de;086-089 XVIII.Síntomas, signos y hallazgos anormales clínicos y de laboratorio, no clasificados en otra parte;De 65 a 69 años;Hombres;2
Total Nacional;15 Navarra, Comunidad Foral de;086-089 XVIII.Síntomas, signos y hallazgos anormales clínicos y de laboratorio, no clasificados en otra parte;De 65 a 69 años;Mujeres;0
Total Nacional;15 Navarra, Comunidad Foral de;086-089 XVIII.Síntomas, signos y hallazgos anormales clínicos y de laboratorio, no clasificados en otra parte;De 70 a 74 años;Hombres;2
Total Nacional;15 Navarra, Comunidad Foral de;086-089 XVIII.Síntomas, signos y hallazgos anormales clínicos y de laboratorio, no clasificados en otra parte;De 70 a 74 años;Mujeres;1
Total Nacional;15 Navarra, Comunidad Foral de;086-089 XVIII.Síntomas, signos y hallazgos anormales clínicos y de laboratorio, no clasificados en otra parte;De 75 a 79 años;Hombres;0
Total Nacional;15 Navarra, Comunidad Foral de;086-089 XVIII.Síntomas, signos y hallazgos anormales clínicos y de laboratorio, no clasificados en otra parte;De 75 a 79 años;Mujeres;1
Total Nacional;15 Navarra, Comunidad Foral de;086-089 XVIII.Síntomas, signos y hallazgos anormales clínicos y de laboratorio, no clasificados en otra parte;De 80 a 84 años;Hombres;1
Total Nacional;15 Navarra, Comunidad Foral de;086-089 XVIII.Síntomas, signos y hallazgos anormales clínicos y de laboratorio, no clasificados en otra parte;De 80 a 84 años;Mujeres;0
Total Nacional;15 Navarra, Comunidad Foral de;086-089 XVIII.Síntomas, signos y hallazgos anormales clínicos y de laboratorio, no clasificados en otra parte;De 85 a 89 años;Hombres;0
Total Nacional;15 Navarra, Comunidad Foral de;086-089 XVIII.Síntomas, signos y hallazgos anormales clínicos y de laboratorio, no clasificados en otra parte;De 85 a 89 años;Mujeres;1
Total Nacional;15 Navarra, Comunidad Foral de;086-089 XVIII.Síntomas, signos y hallazgos anormales clínicos y de laboratorio, no clasificados en otra parte;De 90 a 94 años;Hombres;2
Total Nacional;15 Navarra, Comunidad Foral de;086-089 XVIII.Síntomas, signos y hallazgos anormales clínicos y de laboratorio, no clasificados en otra parte;De 90 a 94 años;Mujeres;1
Total Nacional;15 Navarra, Comunidad Foral de;086-089 XVIII.Síntomas, signos y hallazgos anormales clínicos y de laboratorio, no clasificados en otra parte;De 95 años y más;Hombres;0
Total Nacional;15 Navarra, Comunidad Foral de;086-089 XVIII.Síntomas, signos y hallazgos anormales clínicos y de laboratorio, no clasificados en otra parte;De 95 años y más;Mujeres;2
Total Nacional;15 Navarra, Comunidad Foral de;090-102 XX.Causas externas de mortalidad;De 1 a 14 años;Hombres;1
Total Nacional;15 Navarra, Comunidad Foral de;090-102 XX.Causas externas de mortalidad;De 1 a 14 años;Mujeres;0
Total Nacional;15 Navarra, Comunidad Foral de;090-102 XX.Causas externas de mortalidad;De 15 a 29 años;Hombres;16
Total Nacional;15 Navarra, Comunidad Foral de;090-102 XX.Causas externas de mortalidad;De 15 a 29 años;Mujeres;3
Total Nacional;15 Navarra, Comunidad Foral de;090-102 XX.Causas externas de mortalidad;De 30 a 39 años;Hombres;5
Total Nacional;15 Navarra, Comunidad Foral de;090-102 XX.Causas externas de mortalidad;De 30 a 39 años;Mujeres;2
Total Nacional;15 Navarra, Comunidad Foral de;090-102 XX.Causas externas de mortalidad;De 40 a 44 años;Hombres;13
Total Nacional;15 Navarra, Comunidad Foral de;090-102 XX.Causas externas de mortalidad;De 40 a 44 años;Mujeres;1
Total Nacional;15 Navarra, Comunidad Foral de;090-102 XX.Causas externas de mortalidad;De 45 a 49 años;Hombres;10
Total Nacional;15 Navarra, Comunidad Foral de;090-102 XX.Causas externas de mortalidad;De 45 a 49 años;Mujeres;6
Total Nacional;15 Navarra, Comunidad Foral de;090-102 XX.Causas externas de mortalidad;De 50 a 54 años;Hombres;12
Total Nacional;15 Navarra, Comunidad Foral de;090-102 XX.Causas externas de mortalidad;De 50 a 54 años;Mujeres;4
Total Nacional;15 Navarra, Comunidad Foral de;090-102 XX.Causas externas de mortalidad;De 55 a 59 años;Hombres;11
Total Nacional;15 Navarra, Comunidad Foral de;090-102 XX.Causas externas de mortalidad;De 55 a 59 años;Mujeres;5
Total Nacional;15 Navarra, Comunidad Foral de;090-102 XX.Causas externas de mortalidad;De 60 a 64 años;Hombres;11
Total Nacional;15 Navarra, Comunidad Foral de;090-102 XX.Causas externas de mortalidad;De 60 a 64 años;Mujeres;2
Total Nacional;15 Navarra, Comunidad Foral de;090-102 XX.Causas externas de mortalidad;De 65 a 69 años;Hombres;10
Total Nacional;15 Navarra, Comunidad Foral de;090-102 XX.Causas externas de mortalidad;De 65 a 69 años;Mujeres;0
Total Nacional;15 Navarra, Comunidad Foral de;090-102 XX.Causas externas de mortalidad;De 70 a 74 años;Hombres;20
Total Nacional;15 Navarra, Comunidad Foral de;090-102 XX.Causas externas de mortalidad;De 70 a 74 años;Mujeres;4
Total Nacional;15 Navarra, Comunidad Foral de;090-102 XX.Causas externas de mortalidad;De 75 a 79 años;Hombres;14
Total Nacional;15 Navarra, Comunidad Foral de;090-102 XX.Causas externas de mortalidad;De 75 a 79 años;Mujeres;10
Total Nacional;15 Navarra, Comunidad Foral de;090-102 XX.Causas externas de mortalidad;De 80 a 84 años;Hombres;15
Total Nacional;15 Navarra, Comunidad Foral de;090-102 XX.Causas externas de mortalidad;De 80 a 84 años;Mujeres;8
Total Nacional;15 Navarra, Comunidad Foral de;090-102 XX.Causas externas de mortalidad;De 85 a 89 años;Hombres;25
Total Nacional;15 Navarra, Comunidad Foral de;090-102 XX.Causas externas de mortalidad;De 85 a 89 años;Mujeres;18
Total Nacional;15 Navarra, Comunidad Foral de;090-102 XX.Causas externas de mortalidad;De 90 a 94 años;Hombres;19
Total Nacional;15 Navarra, Comunidad Foral de;090-102 XX.Causas externas de mortalidad;De 90 a 94 años;Mujeres;19
Total Nacional;15 Navarra, Comunidad Foral de;090-102 XX.Causas externas de mortalidad;De 95 años y más;Hombres;5
Total Nacional;15 Navarra, Comunidad Foral de;090-102 XX.Causas externas de mortalidad;De 95 años y más;Mujeres;10
Total Nacional;16 País Vasco;001-008 I.Enfermedades infecciosas y parasitarias;De 1 a 14 años;Hombres;0
Total Nacional;16 País Vasco;001-008 I.Enfermedades infecciosas y parasitarias;De 1 a 14 años;Mujeres;0
Total Nacional;16 País Vasco;001-008 I.Enfermedades infecciosas y parasitarias;De 15 a 29 años;Hombres;2
Total Nacional;16 País Vasco;001-008 I.Enfermedades infecciosas y parasitarias;De 15 a 29 años;Mujeres;0
Total Nacional;16 País Vasco;001-008 I.Enfermedades infecciosas y parasitarias;De 30 a 39 años;Hombres;3
Total Nacional;16 País Vasco;001-008 I.Enfermedades infecciosas y parasitarias;De 30 a 39 años;Mujeres;1
Total Nacional;16 País Vasco;001-008 I.Enfermedades infecciosas y parasitarias;De 40 a 44 años;Hombres;0
Total Nacional;16 País Vasco;001-008 I.Enfermedades infecciosas y parasitarias;De 40 a 44 años;Mujeres;0
Total Nacional;16 País Vasco;001-008 I.Enfermedades infecciosas y parasitarias;De 45 a 49 años;Hombres;5
Total Nacional;16 País Vasco;001-008 I.Enfermedades infecciosas y parasitarias;De 45 a 49 años;Mujeres;1
Total Nacional;16 País Vasco;001-008 I.Enfermedades infecciosas y parasitarias;De 50 a 54 años;Hombres;2
Total Nacional;16 País Vasco;001-008 I.Enfermedades infecciosas y parasitarias;De 50 a 54 años;Mujeres;0
Total Nacional;16 País Vasco;001-008 I.Enfermedades infecciosas y parasitarias;De 55 a 59 años;Hombres;6
Total Nacional;16 País Vasco;001-008 I.Enfermedades infecciosas y parasitarias;De 55 a 59 años;Mujeres;3
Total Nacional;16 País Vasco;001-008 I.Enfermedades infecciosas y parasitarias;De 60 a 64 años;Hombres;16
Total Nacional;16 País Vasco;001-008 I.Enfermedades infecciosas y parasitarias;De 60 a 64 años;Mujeres;4
Total Nacional;16 País Vasco;001-008 I.Enfermedades infecciosas y parasitarias;De 65 a 69 años;Hombres;15
Total Nacional;16 País Vasco;001-008 I.Enfermedades infecciosas y parasitarias;De 65 a 69 años;Mujeres;7
Total Nacional;16 País Vasco;001-008 I.Enfermedades infecciosas y parasitarias;De 70 a 74 años;Hombres;22
Total Nacional;16 País Vasco;001-008 I.Enfermedades infecciosas y parasitarias;De 70 a 74 años;Mujeres;8
Total Nacional;16 País Vasco;001-008 I.Enfermedades infecciosas y parasitarias;De 75 a 79 años;Hombres;33
Total Nacional;16 País Vasco;001-008 I.Enfermedades infecciosas y parasitarias;De 75 a 79 años;Mujeres;30
Total Nacional;16 País Vasco;001-008 I.Enfermedades infecciosas y parasitarias;De 80 a 84 años;Hombres;55
Total Nacional;16 País Vasco;001-008 I.Enfermedades infecciosas y parasitarias;De 80 a 84 años;Mujeres;36
Total Nacional;16 País Vasco;001-008 I.Enfermedades infecciosas y parasitarias;De 85 a 89 años;Hombres;65
Total Nacional;16 País Vasco;001-008 I.Enfermedades infecciosas y parasitarias;De 85 a 89 años;Mujeres;70
Total Nacional;16 País Vasco;001-008 I.Enfermedades infecciosas y parasitarias;De 90 a 94 años;Hombres;60
Total Nacional;16 País Vasco;001-008 I.Enfermedades infecciosas y parasitarias;De 90 a 94 años;Mujeres;108
Total Nacional;16 País Vasco;001-008 I.Enfermedades infecciosas y parasitarias;De 95 años y más;Hombres;18
Total Nacional;16 País Vasco;001-008 I.Enfermedades infecciosas y parasitarias;De 95 años y más;Mujeres;53
Total Nacional;16 País Vasco;009-041 II.Tumores;De 1 a 14 años;Hombres;2
Total Nacional;16 País Vasco;009-041 II.Tumores;De 1 a 14 años;Mujeres;4
Total Nacional;16 País Vasco;009-041 II.Tumores;De 15 a 29 años;Hombres;6
Total Nacional;16 País Vasco;009-041 II.Tumores;De 15 a 29 años;Mujeres;12
Total Nacional;16 País Vasco;009-041 II.Tumores;De 30 a 39 años;Hombres;10
Total Nacional;16 País Vasco;009-041 II.Tumores;De 30 a 39 años;Mujeres;11
Total Nacional;16 País Vasco;009-041 II.Tumores;De 40 a 44 años;Hombres;13
Total Nacional;16 País Vasco;009-041 II.Tumores;De 40 a 44 años;Mujeres;10
Total Nacional;16 País Vasco;009-041 II.Tumores;De 45 a 49 años;Hombres;47
Total Nacional;16 País Vasco;009-041 II.Tumores;De 45 a 49 años;Mujeres;41
Total Nacional;16 País Vasco;009-041 II.Tumores;De 50 a 54 años;Hombres;95
Total Nacional;16 País Vasco;009-041 II.Tumores;De 50 a 54 años;Mujeres;77
Total Nacional;16 País Vasco;009-041 II.Tumores;De 55 a 59 años;Hombres;166
Total Nacional;16 País Vasco;009-041 II.Tumores;De 55 a 59 años;Mujeres;127
Total Nacional;16 País Vasco;009-041 II.Tumores;De 60 a 64 años;Hombres;301
Total Nacional;16 País Vasco;009-041 II.Tumores;De 60 a 64 años;Mujeres;217
Total Nacional;16 País Vasco;009-041 II.Tumores;De 65 a 69 años;Hombres;453
Total Nacional;16 País Vasco;009-041 II.Tumores;De 65 a 69 años;Mujeres;263
Total Nacional;16 País Vasco;009-041 II.Tumores;De 70 a 74 años;Hombres;468
Total Nacional;16 País Vasco;009-041 II.Tumores;De 70 a 74 años;Mujeres;315
Total Nacional;16 País Vasco;009-041 II.Tumores;De 75 a 79 años;Hombres;668
Total Nacional;16 País Vasco;009-041 II.Tumores;De 75 a 79 años;Mujeres;297
Total Nacional;16 País Vasco;009-041 II.Tumores;De 80 a 84 años;Hombres;573
Total Nacional;16 País Vasco;009-041 II.Tumores;De 80 a 84 años;Mujeres;390
Total Nacional;16 País Vasco;009-041 II.Tumores;De 85 a 89 años;Hombres;481
Total Nacional;16 País Vasco;009-041 II.Tumores;De 85 a 89 años;Mujeres;382
Total Nacional;16 País Vasco;009-041 II.Tumores;De 90 a 94 años;Hombres;314
Total Nacional;16 País Vasco;009-041 II.Tumores;De 90 a 94 años;Mujeres;295
Total Nacional;16 País Vasco;009-041 II.Tumores;De 95 años y más;Hombres;75
Total Nacional;16 País Vasco;009-041 II.Tumores;De 95 años y más;Mujeres;100
Total Nacional;16 País Vasco;050-052 VI-VIII.Enfermedades del sistema nervioso y de los órganos de los sentidos;De 1 a 14 años;Hombres;0
Total Nacional;16 País Vasco;050-052 VI-VIII.Enfermedades del sistema nervioso y de los órganos de los sentidos;De 1 a 14 años;Mujeres;2
Total Nacional;16 País Vasco;050-052 VI-VIII.Enfermedades del sistema nervioso y de los órganos de los sentidos;De 15 a 29 años;Hombres;5
Total Nacional;16 País Vasco;050-052 VI-VIII.Enfermedades del sistema nervioso y de los órganos de los sentidos;De 15 a 29 años;Mujeres;3
Total Nacional;16 País Vasco;050-052 VI-VIII.Enfermedades del sistema nervioso y de los órganos de los sentidos;De 30 a 39 años;Hombres;2
Total Nacional;16 País Vasco;050-052 VI-VIII.Enfermedades del sistema nervioso y de los órganos de los sentidos;De 30 a 39 años;Mujeres;2
Total Nacional;16 País Vasco;050-052 VI-VIII.Enfermedades del sistema nervioso y de los órganos de los sentidos;De 40 a 44 años;Hombres;8
Total Nacional;16 País Vasco;050-052 VI-VIII.Enfermedades del sistema nervioso y de los órganos de los sentidos;De 40 a 44 años;Mujeres;1
Total Nacional;16 País Vasco;050-052 VI-VIII.Enfermedades del sistema nervioso y de los órganos de los sentidos;De 45 a 49 años;Hombres;11
Total Nacional;16 País Vasco;050-052 VI-VIII.Enfermedades del sistema nervioso y de los órganos de los sentidos;De 45 a 49 años;Mujeres;4
Total Nacional;16 País Vasco;050-052 VI-VIII.Enfermedades del sistema nervioso y de los órganos de los sentidos;De 50 a 54 años;Hombres;12
Total Nacional;16 País Vasco;050-052 VI-VIII.Enfermedades del sistema nervioso y de los órganos de los sentidos;De 50 a 54 años;Mujeres;7
Total Nacional;16 País Vasco;050-052 VI-VIII.Enfermedades del sistema nervioso y de los órganos de los sentidos;De 55 a 59 años;Hombres;10
Total Nacional;16 País Vasco;050-052 VI-VIII.Enfermedades del sistema nervioso y de los órganos de los sentidos;De 55 a 59 años;Mujeres;9
Total Nacional;16 País Vasco;050-052 VI-VIII.Enfermedades del sistema nervioso y de los órganos de los sentidos;De 60 a 64 años;Hombres;25
Total Nacional;16 País Vasco;050-052 VI-VIII.Enfermedades del sistema nervioso y de los órganos de los sentidos;De 60 a 64 años;Mujeres;17
Total Nacional;16 País Vasco;050-052 VI-VIII.Enfermedades del sistema nervioso y de los órganos de los sentidos;De 65 a 69 años;Hombres;22
Total Nacional;16 País Vasco;050-052 VI-VIII.Enfermedades del sistema nervioso y de los órganos de los sentidos;De 65 a 69 años;Mujeres;29
Total Nacional;16 País Vasco;050-052 VI-VIII.Enfermedades del sistema nervioso y de los órganos de los sentidos;De 70 a 74 años;Hombres;55
Total Nacional;16 País Vasco;050-052 VI-VIII.Enfermedades del sistema nervioso y de los órganos de los sentidos;De 70 a 74 años;Mujeres;40
Total Nacional;16 País Vasco;050-052 VI-VIII.Enfermedades del sistema nervioso y de los órganos de los sentidos;De 75 a 79 años;Hombres;83
Total Nacional;16 País Vasco;050-052 VI-VIII.Enfermedades del sistema nervioso y de los órganos de los sentidos;De 75 a 79 años;Mujeres;89
Total Nacional;16 País Vasco;050-052 VI-VIII.Enfermedades del sistema nervioso y de los órganos de los sentidos;De 80 a 84 años;Hombres;140
Total Nacional;16 País Vasco;050-052 VI-VIII.Enfermedades del sistema nervioso y de los órganos de los sentidos;De 80 a 84 años;Mujeres;123
Total Nacional;16 País Vasco;050-052 VI-VIII.Enfermedades del sistema nervioso y de los órganos de los sentidos;De 85 a 89 años;Hombres;124
Total Nacional;16 País Vasco;050-052 VI-VIII.Enfermedades del sistema nervioso y de los órganos de los sentidos;De 85 a 89 años;Mujeres;207
Total Nacional;16 País Vasco;050-052 VI-VIII.Enfermedades del sistema nervioso y de los órganos de los sentidos;De 90 a 94 años;Hombres;78
Total Nacional;16 País Vasco;050-052 VI-VIII.Enfermedades del sistema nervioso y de los órganos de los sentidos;De 90 a 94 años;Mujeres;203
Total Nacional;16 País Vasco;050-052 VI-VIII.Enfermedades del sistema nervioso y de los órganos de los sentidos;De 95 años y más;Hombres;24
Total Nacional;16 País Vasco;050-052 VI-VIII.Enfermedades del sistema nervioso y de los órganos de los sentidos;De 95 años y más;Mujeres;96
Total Nacional;16 País Vasco;053-061 IX.Enfermedades del sistema circulatorio;De 1 a 14 años;Hombres;0
Total Nacional;16 País Vasco;053-061 IX.Enfermedades del sistema circulatorio;De 1 a 14 años;Mujeres;1
Total Nacional;16 País Vasco;053-061 IX.Enfermedades del sistema circulatorio;De 15 a 29 años;Hombres;3
Total Nacional;16 País Vasco;053-061 IX.Enfermedades del sistema circulatorio;De 15 a 29 años;Mujeres;0
Total Nacional;16 País Vasco;053-061 IX.Enfermedades del sistema circulatorio;De 30 a 39 años;Hombres;12
Total Nacional;16 País Vasco;053-061 IX.Enfermedades del sistema circulatorio;De 30 a 39 años;Mujeres;6
Total Nacional;16 País Vasco;053-061 IX.Enfermedades del sistema circulatorio;De 40 a 44 años;Hombres;13
Total Nacional;16 País Vasco;053-061 IX.Enfermedades del sistema circulatorio;De 40 a 44 años;Mujeres;4
Total Nacional;16 País Vasco;053-061 IX.Enfermedades del sistema circulatorio;De 45 a 49 años;Hombres;37
Total Nacional;16 País Vasco;053-061 IX.Enfermedades del sistema circulatorio;De 45 a 49 años;Mujeres;6
Total Nacional;16 País Vasco;053-061 IX.Enfermedades del sistema circulatorio;De 50 a 54 años;Hombres;62
Total Nacional;16 País Vasco;053-061 IX.Enfermedades del sistema circulatorio;De 50 a 54 años;Mujeres;14
Total Nacional;16 País Vasco;053-061 IX.Enfermedades del sistema circulatorio;De 55 a 59 años;Hombres;103
Total Nacional;16 País Vasco;053-061 IX.Enfermedades del sistema circulatorio;De 55 a 59 años;Mujeres;21
Total Nacional;16 País Vasco;053-061 IX.Enfermedades del sistema circulatorio;De 60 a 64 años;Hombres;141
Total Nacional;16 País Vasco;053-061 IX.Enfermedades del sistema circulatorio;De 60 a 64 años;Mujeres;33
Total Nacional;16 País Vasco;053-061 IX.Enfermedades del sistema circulatorio;De 65 a 69 años;Hombres;202
Total Nacional;16 País Vasco;053-061 IX.Enfermedades del sistema circulatorio;De 65 a 69 años;Mujeres;67
Total Nacional;16 País Vasco;053-061 IX.Enfermedades del sistema circulatorio;De 70 a 74 años;Hombres;232
Total Nacional;16 País Vasco;053-061 IX.Enfermedades del sistema circulatorio;De 70 a 74 años;Mujeres;85
Total Nacional;16 País Vasco;053-061 IX.Enfermedades del sistema circulatorio;De 75 a 79 años;Hombres;340
Total Nacional;16 País Vasco;053-061 IX.Enfermedades del sistema circulatorio;De 75 a 79 años;Mujeres;182
Total Nacional;16 País Vasco;053-061 IX.Enfermedades del sistema circulatorio;De 80 a 84 años;Hombres;410
Total Nacional;16 País Vasco;053-061 IX.Enfermedades del sistema circulatorio;De 80 a 84 años;Mujeres;325
Total Nacional;16 País Vasco;053-061 IX.Enfermedades del sistema circulatorio;De 85 a 89 años;Hombres;543
Total Nacional;16 País Vasco;053-061 IX.Enfermedades del sistema circulatorio;De 85 a 89 años;Mujeres;594
Total Nacional;16 País Vasco;053-061 IX.Enfermedades del sistema circulatorio;De 90 a 94 años;Hombres;494
Total Nacional;16 País Vasco;053-061 IX.Enfermedades del sistema circulatorio;De 90 a 94 años;Mujeres;935
Total Nacional;16 País Vasco;053-061 IX.Enfermedades del sistema circulatorio;De 95 años y más;Hombres;182
Total Nacional;16 País Vasco;053-061 IX.Enfermedades del sistema circulatorio;De 95 años y más;Mujeres;662
Total Nacional;16 País Vasco;062-067 X.Enfermedades del sistema respiratorio;De 1 a 14 años;Hombres;1
Total Nacional;16 País Vasco;062-067 X.Enfermedades del sistema respiratorio;De 1 a 14 años;Mujeres;0
Total Nacional;16 País Vasco;062-067 X.Enfermedades del sistema respiratorio;De 15 a 29 años;Hombres;0
Total Nacional;16 País Vasco;062-067 X.Enfermedades del sistema respiratorio;De 15 a 29 años;Mujeres;0
Total Nacional;16 País Vasco;062-067 X.Enfermedades del sistema respiratorio;De 30 a 39 años;Hombres;2
Total Nacional;16 País Vasco;062-067 X.Enfermedades del sistema respiratorio;De 30 a 39 años;Mujeres;1
Total Nacional;16 País Vasco;062-067 X.Enfermedades del sistema respiratorio;De 40 a 44 años;Hombres;1
Total Nacional;16 País Vasco;062-067 X.Enfermedades del sistema respiratorio;De 40 a 44 años;Mujeres;0
Total Nacional;16 País Vasco;062-067 X.Enfermedades del sistema respiratorio;De 45 a 49 años;Hombres;1
Total Nacional;16 País Vasco;062-067 X.Enfermedades del sistema respiratorio;De 45 a 49 años;Mujeres;3
Total Nacional;16 País Vasco;062-067 X.Enfermedades del sistema respiratorio;De 50 a 54 años;Hombres;7
Total Nacional;16 País Vasco;062-067 X.Enfermedades del sistema respiratorio;De 50 a 54 años;Mujeres;2
Total Nacional;16 País Vasco;062-067 X.Enfermedades del sistema respiratorio;De 55 a 59 años;Hombres;18
Total Nacional;16 País Vasco;062-067 X.Enfermedades del sistema respiratorio;De 55 a 59 años;Mujeres;10
Total Nacional;16 País Vasco;062-067 X.Enfermedades del sistema respiratorio;De 60 a 64 años;Hombres;25
Total Nacional;16 País Vasco;062-067 X.Enfermedades del sistema respiratorio;De 60 a 64 años;Mujeres;22
Total Nacional;16 País Vasco;062-067 X.Enfermedades del sistema respiratorio;De 65 a 69 años;Hombres;47
Total Nacional;16 País Vasco;062-067 X.Enfermedades del sistema respiratorio;De 65 a 69 años;Mujeres;23
Total Nacional;16 País Vasco;062-067 X.Enfermedades del sistema respiratorio;De 70 a 74 años;Hombres;64
Total Nacional;16 País Vasco;062-067 X.Enfermedades del sistema respiratorio;De 70 a 74 años;Mujeres;37
Total Nacional;16 País Vasco;062-067 X.Enfermedades del sistema respiratorio;De 75 a 79 años;Hombres;121
Total Nacional;16 País Vasco;062-067 X.Enfermedades del sistema respiratorio;De 75 a 79 años;Mujeres;54
Total Nacional;16 País Vasco;062-067 X.Enfermedades del sistema respiratorio;De 80 a 84 años;Hombres;138
Total Nacional;16 País Vasco;062-067 X.Enfermedades del sistema respiratorio;De 80 a 84 años;Mujeres;100
Total Nacional;16 País Vasco;062-067 X.Enfermedades del sistema respiratorio;De 85 a 89 años;Hombres;210
Total Nacional;16 País Vasco;062-067 X.Enfermedades del sistema respiratorio;De 85 a 89 años;Mujeres;200
Total Nacional;16 País Vasco;062-067 X.Enfermedades del sistema respiratorio;De 90 a 94 años;Hombres;196
Total Nacional;16 País Vasco;062-067 X.Enfermedades del sistema respiratorio;De 90 a 94 años;Mujeres;300
Total Nacional;16 País Vasco;062-067 X.Enfermedades del sistema respiratorio;De 95 años y más;Hombres;87
Total Nacional;16 País Vasco;062-067 X.Enfermedades del sistema respiratorio;De 95 años y más;Mujeres;196
Total Nacional;16 País Vasco;068-072 XI.Enfermedades del sistema digestivo;De 1 a 14 años;Hombres;0
Total Nacional;16 País Vasco;068-072 XI.Enfermedades del sistema digestivo;De 1 a 14 años;Mujeres;0
Total Nacional;16 País Vasco;068-072 XI.Enfermedades del sistema digestivo;De 15 a 29 años;Hombres;1
Total Nacional;16 País Vasco;068-072 XI.Enfermedades del sistema digestivo;De 15 a 29 años;Mujeres;0
Total Nacional;16 País Vasco;068-072 XI.Enfermedades del sistema digestivo;De 30 a 39 años;Hombres;5
Total Nacional;16 País Vasco;068-072 XI.Enfermedades del sistema digestivo;De 30 a 39 años;Mujeres;1
Total Nacional;16 País Vasco;068-072 XI.Enfermedades del sistema digestivo;De 40 a 44 años;Hombres;1
Total Nacional;16 País Vasco;068-072 XI.Enfermedades del sistema digestivo;De 40 a 44 años;Mujeres;1
Total Nacional;16 País Vasco;068-072 XI.Enfermedades del sistema digestivo;De 45 a 49 años;Hombres;1
Total Nacional;16 País Vasco;068-072 XI.Enfermedades del sistema digestivo;De 45 a 49 años;Mujeres;2
Total Nacional;16 País Vasco;068-072 XI.Enfermedades del sistema digestivo;De 50 a 54 años;Hombres;13
Total Nacional;16 País Vasco;068-072 XI.Enfermedades del sistema digestivo;De 50 a 54 años;Mujeres;8
Total Nacional;16 País Vasco;068-072 XI.Enfermedades del sistema digestivo;De 55 a 59 años;Hombres;26
Total Nacional;16 País Vasco;068-072 XI.Enfermedades del sistema digestivo;De 55 a 59 años;Mujeres;5
Total Nacional;16 País Vasco;068-072 XI.Enfermedades del sistema digestivo;De 60 a 64 años;Hombres;43
Total Nacional;16 País Vasco;068-072 XI.Enfermedades del sistema digestivo;De 60 a 64 años;Mujeres;19
Total Nacional;16 País Vasco;068-072 XI.Enfermedades del sistema digestivo;De 65 a 69 años;Hombres;39
Total Nacional;16 País Vasco;068-072 XI.Enfermedades del sistema digestivo;De 65 a 69 años;Mujeres;18
Total Nacional;16 País Vasco;068-072 XI.Enfermedades del sistema digestivo;De 70 a 74 años;Hombres;43
Total Nacional;16 País Vasco;068-072 XI.Enfermedades del sistema digestivo;De 70 a 74 años;Mujeres;30
Total Nacional;16 País Vasco;068-072 XI.Enfermedades del sistema digestivo;De 75 a 79 años;Hombres;67
Total Nacional;16 País Vasco;068-072 XI.Enfermedades del sistema digestivo;De 75 a 79 años;Mujeres;43
Total Nacional;16 País Vasco;068-072 XI.Enfermedades del sistema digestivo;De 80 a 84 años;Hombres;79
Total Nacional;16 País Vasco;068-072 XI.Enfermedades del sistema digestivo;De 80 a 84 años;Mujeres;59
Total Nacional;16 País Vasco;068-072 XI.Enfermedades del sistema digestivo;De 85 a 89 años;Hombres;87
Total Nacional;16 País Vasco;068-072 XI.Enfermedades del sistema digestivo;De 85 a 89 años;Mujeres;135
Total Nacional;16 País Vasco;068-072 XI.Enfermedades del sistema digestivo;De 90 a 94 años;Hombres;67
Total Nacional;16 País Vasco;068-072 XI.Enfermedades del sistema digestivo;De 90 a 94 años;Mujeres;155
Total Nacional;16 País Vasco;068-072 XI.Enfermedades del sistema digestivo;De 95 años y más;Hombres;27
Total Nacional;16 País Vasco;068-072 XI.Enfermedades del sistema digestivo;De 95 años y más;Mujeres;91
Total Nacional;16 País Vasco;073 XII.Enfermedades de la piel y del tejido subcutáneo;De 1 a 14 años;Hombres;0
Total Nacional;16 País Vasco;073 XII.Enfermedades de la piel y del tejido subcutáneo;De 1 a 14 años;Mujeres;0
Total Nacional;16 País Vasco;073 XII.Enfermedades de la piel y del tejido subcutáneo;De 15 a 29 años;Hombres;0
Total Nacional;16 País Vasco;073 XII.Enfermedades de la piel y del tejido subcutáneo;De 15 a 29 años;Mujeres;0
Total Nacional;16 País Vasco;073 XII.Enfermedades de la piel y del tejido subcutáneo;De 30 a 39 años;Hombres;0
Total Nacional;16 País Vasco;073 XII.Enfermedades de la piel y del tejido subcutáneo;De 30 a 39 años;Mujeres;0
Total Nacional;16 País Vasco;073 XII.Enfermedades de la piel y del tejido subcutáneo;De 40 a 44 años;Hombres;1
Total Nacional;16 País Vasco;073 XII.Enfermedades de la piel y del tejido subcutáneo;De 40 a 44 años;Mujeres;0
Total Nacional;16 País Vasco;073 XII.Enfermedades de la piel y del tejido subcutáneo;De 45 a 49 años;Hombres;0
Total Nacional;16 País Vasco;073 XII.Enfermedades de la piel y del tejido subcutáneo;De 45 a 49 años;Mujeres;0
Total Nacional;16 País Vasco;073 XII.Enfermedades de la piel y del tejido subcutáneo;De 50 a 54 años;Hombres;0
Total Nacional;16 País Vasco;073 XII.Enfermedades de la piel y del tejido subcutáneo;De 50 a 54 años;Mujeres;0
Total Nacional;16 País Vasco;073 XII.Enfermedades de la piel y del tejido subcutáneo;De 55 a 59 años;Hombres;0
Total Nacional;16 País Vasco;073 XII.Enfermedades de la piel y del tejido subcutáneo;De 55 a 59 años;Mujeres;0
Total Nacional;16 País Vasco;073 XII.Enfermedades de la piel y del tejido subcutáneo;De 60 a 64 años;Hombres;0
Total Nacional;16 País Vasco;073 XII.Enfermedades de la piel y del tejido subcutáneo;De 60 a 64 años;Mujeres;1
Total Nacional;16 País Vasco;073 XII.Enfermedades de la piel y del tejido subcutáneo;De 65 a 69 años;Hombres;2
Total Nacional;16 País Vasco;073 XII.Enfermedades de la piel y del tejido subcutáneo;De 65 a 69 años;Mujeres;2
Total Nacional;16 País Vasco;073 XII.Enfermedades de la piel y del tejido subcutáneo;De 70 a 74 años;Hombres;1
Total Nacional;16 País Vasco;073 XII.Enfermedades de la piel y del tejido subcutáneo;De 70 a 74 años;Mujeres;1
Total Nacional;16 País Vasco;073 XII.Enfermedades de la piel y del tejido subcutáneo;De 75 a 79 años;Hombres;4
Total Nacional;16 País Vasco;073 XII.Enfermedades de la piel y del tejido subcutáneo;De 75 a 79 años;Mujeres;5
Total Nacional;16 País Vasco;073 XII.Enfermedades de la piel y del tejido subcutáneo;De 80 a 84 años;Hombres;7
Total Nacional;16 País Vasco;073 XII.Enfermedades de la piel y del tejido subcutáneo;De 80 a 84 años;Mujeres;7
Total Nacional;16 País Vasco;073 XII.Enfermedades de la piel y del tejido subcutáneo;De 85 a 89 años;Hombres;8
Total Nacional;16 País Vasco;073 XII.Enfermedades de la piel y del tejido subcutáneo;De 85 a 89 años;Mujeres;14
Total Nacional;16 País Vasco;073 XII.Enfermedades de la piel y del tejido subcutáneo;De 90 a 94 años;Hombres;5
Total Nacional;16 País Vasco;073 XII.Enfermedades de la piel y del tejido subcutáneo;De 90 a 94 años;Mujeres;21
Total Nacional;16 País Vasco;073 XII.Enfermedades de la piel y del tejido subcutáneo;De 95 años y más;Hombres;5
Total Nacional;16 País Vasco;073 XII.Enfermedades de la piel y del tejido subcutáneo;De 95 años y más;Mujeres;17
Total Nacional;16 País Vasco;074-076 XIII.Enfermedades del sistema osteomuscular y del tejido conjuntivo;De 1 a 14 años;Hombres;0
Total Nacional;16 País Vasco;074-076 XIII.Enfermedades del sistema osteomuscular y del tejido conjuntivo;De 1 a 14 años;Mujeres;0
Total Nacional;16 País Vasco;074-076 XIII.Enfermedades del sistema osteomuscular y del tejido conjuntivo;De 15 a 29 años;Hombres;1
Total Nacional;16 País Vasco;074-076 XIII.Enfermedades del sistema osteomuscular y del tejido conjuntivo;De 15 a 29 años;Mujeres;0
Total Nacional;16 País Vasco;074-076 XIII.Enfermedades del sistema osteomuscular y del tejido conjuntivo;De 30 a 39 años;Hombres;0
Total Nacional;16 País Vasco;074-076 XIII.Enfermedades del sistema osteomuscular y del tejido conjuntivo;De 30 a 39 años;Mujeres;0
Total Nacional;16 País Vasco;074-076 XIII.Enfermedades del sistema osteomuscular y del tejido conjuntivo;De 40 a 44 años;Hombres;0
Total Nacional;16 País Vasco;074-076 XIII.Enfermedades del sistema osteomuscular y del tejido conjuntivo;De 40 a 44 años;Mujeres;0
Total Nacional;16 País Vasco;074-076 XIII.Enfermedades del sistema osteomuscular y del tejido conjuntivo;De 45 a 49 años;Hombres;0
Total Nacional;16 País Vasco;074-076 XIII.Enfermedades del sistema osteomuscular y del tejido conjuntivo;De 45 a 49 años;Mujeres;0
Total Nacional;16 País Vasco;074-076 XIII.Enfermedades del sistema osteomuscular y del tejido conjuntivo;De 50 a 54 años;Hombres;1
Total Nacional;16 País Vasco;074-076 XIII.Enfermedades del sistema osteomuscular y del tejido conjuntivo;De 50 a 54 años;Mujeres;0
Total Nacional;16 País Vasco;074-076 XIII.Enfermedades del sistema osteomuscular y del tejido conjuntivo;De 55 a 59 años;Hombres;1
Total Nacional;16 País Vasco;074-076 XIII.Enfermedades del sistema osteomuscular y del tejido conjuntivo;De 55 a 59 años;Mujeres;2
Total Nacional;16 País Vasco;074-076 XIII.Enfermedades del sistema osteomuscular y del tejido conjuntivo;De 60 a 64 años;Hombres;1
Total Nacional;16 País Vasco;074-076 XIII.Enfermedades del sistema osteomuscular y del tejido conjuntivo;De 60 a 64 años;Mujeres;1
Total Nacional;16 País Vasco;074-076 XIII.Enfermedades del sistema osteomuscular y del tejido conjuntivo;De 65 a 69 años;Hombres;3
Total Nacional;16 País Vasco;074-076 XIII.Enfermedades del sistema osteomuscular y del tejido conjuntivo;De 65 a 69 años;Mujeres;4
Total Nacional;16 País Vasco;074-076 XIII.Enfermedades del sistema osteomuscular y del tejido conjuntivo;De 70 a 74 años;Hombres;9
Total Nacional;16 País Vasco;074-076 XIII.Enfermedades del sistema osteomuscular y del tejido conjuntivo;De 70 a 74 años;Mujeres;6
Total Nacional;16 País Vasco;074-076 XIII.Enfermedades del sistema osteomuscular y del tejido conjuntivo;De 75 a 79 años;Hombres;7
Total Nacional;16 País Vasco;074-076 XIII.Enfermedades del sistema osteomuscular y del tejido conjuntivo;De 75 a 79 años;Mujeres;15
Total Nacional;16 País Vasco;074-076 XIII.Enfermedades del sistema osteomuscular y del tejido conjuntivo;De 80 a 84 años;Hombres;17
Total Nacional;16 País Vasco;074-076 XIII.Enfermedades del sistema osteomuscular y del tejido conjuntivo;De 80 a 84 años;Mujeres;22
Total Nacional;16 País Vasco;074-076 XIII.Enfermedades del sistema osteomuscular y del tejido conjuntivo;De 85 a 89 años;Hombres;23
Total Nacional;16 País Vasco;074-076 XIII.Enfermedades del sistema osteomuscular y del tejido conjuntivo;De 85 a 89 años;Mujeres;32
Total Nacional;16 País Vasco;074-076 XIII.Enfermedades del sistema osteomuscular y del tejido conjuntivo;De 90 a 94 años;Hombres;33
Total Nacional;16 País Vasco;074-076 XIII.Enfermedades del sistema osteomuscular y del tejido conjuntivo;De 90 a 94 años;Mujeres;73
Total Nacional;16 País Vasco;074-076 XIII.Enfermedades del sistema osteomuscular y del tejido conjuntivo;De 95 años y más;Hombres;13
Total Nacional;16 País Vasco;074-076 XIII.Enfermedades del sistema osteomuscular y del tejido conjuntivo;De 95 años y más;Mujeres;40
Total Nacional;16 País Vasco;077-080 XIV.Enfermedades del sistema genitourinario;De 1 a 14 años;Hombres;0
Total Nacional;16 País Vasco;077-080 XIV.Enfermedades del sistema genitourinario;De 1 a 14 años;Mujeres;0
Total Nacional;16 País Vasco;077-080 XIV.Enfermedades del sistema genitourinario;De 15 a 29 años;Hombres;1
Total Nacional;16 País Vasco;077-080 XIV.Enfermedades del sistema genitourinario;De 15 a 29 años;Mujeres;0
Total Nacional;16 País Vasco;077-080 XIV.Enfermedades del sistema genitourinario;De 30 a 39 años;Hombres;0
Total Nacional;16 País Vasco;077-080 XIV.Enfermedades del sistema genitourinario;De 30 a 39 años;Mujeres;1
Total Nacional;16 País Vasco;077-080 XIV.Enfermedades del sistema genitourinario;De 40 a 44 años;Hombres;0
Total Nacional;16 País Vasco;077-080 XIV.Enfermedades del sistema genitourinario;De 40 a 44 años;Mujeres;0
Total Nacional;16 País Vasco;077-080 XIV.Enfermedades del sistema genitourinario;De 45 a 49 años;Hombres;0
Total Nacional;16 País Vasco;077-080 XIV.Enfermedades del sistema genitourinario;De 45 a 49 años;Mujeres;0
Total Nacional;16 País Vasco;077-080 XIV.Enfermedades del sistema genitourinario;De 50 a 54 años;Hombres;3
Total Nacional;16 País Vasco;077-080 XIV.Enfermedades del sistema genitourinario;De 50 a 54 años;Mujeres;1
Total Nacional;16 País Vasco;077-080 XIV.Enfermedades del sistema genitourinario;De 55 a 59 años;Hombres;2
Total Nacional;16 País Vasco;077-080 XIV.Enfermedades del sistema genitourinario;De 55 a 59 años;Mujeres;1
Total Nacional;16 País Vasco;077-080 XIV.Enfermedades del sistema genitourinario;De 60 a 64 años;Hombres;9
Total Nacional;16 País Vasco;077-080 XIV.Enfermedades del sistema genitourinario;De 60 a 64 años;Mujeres;2
Total Nacional;16 País Vasco;077-080 XIV.Enfermedades del sistema genitourinario;De 65 a 69 años;Hombres;7
Total Nacional;16 País Vasco;077-080 XIV.Enfermedades del sistema genitourinario;De 65 a 69 años;Mujeres;3
Total Nacional;16 País Vasco;077-080 XIV.Enfermedades del sistema genitourinario;De 70 a 74 años;Hombres;21
Total Nacional;16 País Vasco;077-080 XIV.Enfermedades del sistema genitourinario;De 70 a 74 años;Mujeres;11
Total Nacional;16 País Vasco;077-080 XIV.Enfermedades del sistema genitourinario;De 75 a 79 años;Hombres;37
Total Nacional;16 País Vasco;077-080 XIV.Enfermedades del sistema genitourinario;De 75 a 79 años;Mujeres;19
Total Nacional;16 País Vasco;077-080 XIV.Enfermedades del sistema genitourinario;De 80 a 84 años;Hombres;60
Total Nacional;16 País Vasco;077-080 XIV.Enfermedades del sistema genitourinario;De 80 a 84 años;Mujeres;41
Total Nacional;16 País Vasco;077-080 XIV.Enfermedades del sistema genitourinario;De 85 a 89 años;Hombres;81
Total Nacional;16 País Vasco;077-080 XIV.Enfermedades del sistema genitourinario;De 85 a 89 años;Mujeres;95
Total Nacional;16 País Vasco;077-080 XIV.Enfermedades del sistema genitourinario;De 90 a 94 años;Hombres;69
Total Nacional;16 País Vasco;077-080 XIV.Enfermedades del sistema genitourinario;De 90 a 94 años;Mujeres;142
Total Nacional;16 País Vasco;077-080 XIV.Enfermedades del sistema genitourinario;De 95 años y más;Hombres;33
Total Nacional;16 País Vasco;077-080 XIV.Enfermedades del sistema genitourinario;De 95 años y más;Mujeres;82
Total Nacional;16 País Vasco;081 XV.Embarazo, parto y puerperio;De 1 a 14 años;Hombres;0
Total Nacional;16 País Vasco;081 XV.Embarazo, parto y puerperio;De 1 a 14 años;Mujeres;0
Total Nacional;16 País Vasco;081 XV.Embarazo, parto y puerperio;De 15 a 29 años;Hombres;0
Total Nacional;16 País Vasco;081 XV.Embarazo, parto y puerperio;De 15 a 29 años;Mujeres;0
Total Nacional;16 País Vasco;081 XV.Embarazo, parto y puerperio;De 30 a 39 años;Hombres;0
Total Nacional;16 País Vasco;081 XV.Embarazo, parto y puerperio;De 30 a 39 años;Mujeres;0
Total Nacional;16 País Vasco;081 XV.Embarazo, parto y puerperio;De 40 a 44 años;Hombres;0
Total Nacional;16 País Vasco;081 XV.Embarazo, parto y puerperio;De 40 a 44 años;Mujeres;0
Total Nacional;16 País Vasco;081 XV.Embarazo, parto y puerperio;De 45 a 49 años;Hombres;0
Total Nacional;16 País Vasco;081 XV.Embarazo, parto y puerperio;De 45 a 49 años;Mujeres;0
Total Nacional;16 País Vasco;081 XV.Embarazo, parto y puerperio;De 50 a 54 años;Hombres;0
Total Nacional;16 País Vasco;081 XV.Embarazo, parto y puerperio;De 50 a 54 años;Mujeres;0
Total Nacional;16 País Vasco;081 XV.Embarazo, parto y puerperio;De 55 a 59 años;Hombres;0
Total Nacional;16 País Vasco;081 XV.Embarazo, parto y puerperio;De 55 a 59 años;Mujeres;0
Total Nacional;16 País Vasco;081 XV.Embarazo, parto y puerperio;De 60 a 64 años;Hombres;0
Total Nacional;16 País Vasco;081 XV.Embarazo, parto y puerperio;De 60 a 64 años;Mujeres;0
Total Nacional;16 País Vasco;081 XV.Embarazo, parto y puerperio;De 65 a 69 años;Hombres;0
Total Nacional;16 País Vasco;081 XV.Embarazo, parto y puerperio;De 65 a 69 años;Mujeres;0
Total Nacional;16 País Vasco;081 XV.Embarazo, parto y puerperio;De 70 a 74 años;Hombres;0
Total Nacional;16 País Vasco;081 XV.Embarazo, parto y puerperio;De 70 a 74 años;Mujeres;0
Total Nacional;16 País Vasco;081 XV.Embarazo, parto y puerperio;De 75 a 79 años;Hombres;0
Total Nacional;16 País Vasco;081 XV.Embarazo, parto y puerperio;De 75 a 79 años;Mujeres;0
Total Nacional;16 País Vasco;081 XV.Embarazo, parto y puerperio;De 80 a 84 años;Hombres;0
Total Nacional;16 País Vasco;081 XV.Embarazo, parto y puerperio;De 80 a 84 años;Mujeres;0
Total Nacional;16 País Vasco;081 XV.Embarazo, parto y puerperio;De 85 a 89 años;Hombres;0
Total Nacional;16 País Vasco;081 XV.Embarazo, parto y puerperio;De 85 a 89 años;Mujeres;0
Total Nacional;16 País Vasco;081 XV.Embarazo, parto y puerperio;De 90 a 94 años;Hombres;0
Total Nacional;16 País Vasco;081 XV.Embarazo, parto y puerperio;De 90 a 94 años;Mujeres;0
Total Nacional;16 País Vasco;081 XV.Embarazo, parto y puerperio;De 95 años y más;Hombres;0
Total Nacional;16 País Vasco;081 XV.Embarazo, parto y puerperio;De 95 años y más;Mujeres;0
Total Nacional;16 País Vasco;082 XVI.Afecciones originadas en el periodo perinatal;De 1 a 14 años;Hombres;0
Total Nacional;16 País Vasco;082 XVI.Afecciones originadas en el periodo perinatal;De 1 a 14 años;Mujeres;0
Total Nacional;16 País Vasco;082 XVI.Afecciones originadas en el periodo perinatal;De 15 a 29 años;Hombres;0
Total Nacional;16 País Vasco;082 XVI.Afecciones originadas en el periodo perinatal;De 15 a 29 años;Mujeres;0
Total Nacional;16 País Vasco;082 XVI.Afecciones originadas en el periodo perinatal;De 30 a 39 años;Hombres;0
Total Nacional;16 País Vasco;082 XVI.Afecciones originadas en el periodo perinatal;De 30 a 39 años;Mujeres;0
Total Nacional;16 País Vasco;082 XVI.Afecciones originadas en el periodo perinatal;De 40 a 44 años;Hombres;0
Total Nacional;16 País Vasco;082 XVI.Afecciones originadas en el periodo perinatal;De 40 a 44 años;Mujeres;0
Total Nacional;16 País Vasco;082 XVI.Afecciones originadas en el periodo perinatal;De 45 a 49 años;Hombres;0
Total Nacional;16 País Vasco;082 XVI.Afecciones originadas en el periodo perinatal;De 45 a 49 años;Mujeres;0
Total Nacional;16 País Vasco;082 XVI.Afecciones originadas en el periodo perinatal;De 50 a 54 años;Hombres;0
Total Nacional;16 País Vasco;082 XVI.Afecciones originadas en el periodo perinatal;De 50 a 54 años;Mujeres;0
Total Nacional;16 País Vasco;082 XVI.Afecciones originadas en el periodo perinatal;De 55 a 59 años;Hombres;0
Total Nacional;16 País Vasco;082 XVI.Afecciones originadas en el periodo perinatal;De 55 a 59 años;Mujeres;0
Total Nacional;16 País Vasco;082 XVI.Afecciones originadas en el periodo perinatal;De 60 a 64 años;Hombres;0
Total Nacional;16 País Vasco;082 XVI.Afecciones originadas en el periodo perinatal;De 60 a 64 años;Mujeres;0
Total Nacional;16 País Vasco;082 XVI.Afecciones originadas en el periodo perinatal;De 65 a 69 años;Hombres;0
Total Nacional;16 País Vasco;082 XVI.Afecciones originadas en el periodo perinatal;De 65 a 69 años;Mujeres;0
Total Nacional;16 País Vasco;082 XVI.Afecciones originadas en el periodo perinatal;De 70 a 74 años;Hombres;0
Total Nacional;16 País Vasco;082 XVI.Afecciones originadas en el periodo perinatal;De 70 a 74 años;Mujeres;0
Total Nacional;16 País Vasco;082 XVI.Afecciones originadas en el periodo perinatal;De 75 a 79 años;Hombres;0
Total Nacional;16 País Vasco;082 XVI.Afecciones originadas en el periodo perinatal;De 75 a 79 años;Mujeres;0
Total Nacional;16 País Vasco;082 XVI.Afecciones originadas en el periodo perinatal;De 80 a 84 años;Hombres;0
Total Nacional;16 País Vasco;082 XVI.Afecciones originadas en el periodo perinatal;De 80 a 84 años;Mujeres;0
Total Nacional;16 País Vasco;082 XVI.Afecciones originadas en el periodo perinatal;De 85 a 89 años;Hombres;0
Total Nacional;16 País Vasco;082 XVI.Afecciones originadas en el periodo perinatal;De 85 a 89 años;Mujeres;0
Total Nacional;16 País Vasco;082 XVI.Afecciones originadas en el periodo perinatal;De 90 a 94 años;Hombres;0
Total Nacional;16 País Vasco;082 XVI.Afecciones originadas en el periodo perinatal;De 90 a 94 años;Mujeres;0
Total Nacional;16 País Vasco;082 XVI.Afecciones originadas en el periodo perinatal;De 95 años y más;Hombres;0
Total Nacional;16 País Vasco;082 XVI.Afecciones originadas en el periodo perinatal;De 95 años y más;Mujeres;0
Total Nacional;16 País Vasco;083-085 XVII.Malformaciones congénitas, deformidades y anomalías cromosómicas;De 1 a 14 años;Hombres;0
Total Nacional;16 País Vasco;083-085 XVII.Malformaciones congénitas, deformidades y anomalías cromosómicas;De 1 a 14 años;Mujeres;1
Total Nacional;16 País Vasco;083-085 XVII.Malformaciones congénitas, deformidades y anomalías cromosómicas;De 15 a 29 años;Hombres;1
Total Nacional;16 País Vasco;083-085 XVII.Malformaciones congénitas, deformidades y anomalías cromosómicas;De 15 a 29 años;Mujeres;1
Total Nacional;16 País Vasco;083-085 XVII.Malformaciones congénitas, deformidades y anomalías cromosómicas;De 30 a 39 años;Hombres;0
Total Nacional;16 País Vasco;083-085 XVII.Malformaciones congénitas, deformidades y anomalías cromosómicas;De 30 a 39 años;Mujeres;0
Total Nacional;16 País Vasco;083-085 XVII.Malformaciones congénitas, deformidades y anomalías cromosómicas;De 40 a 44 años;Hombres;0
Total Nacional;16 País Vasco;083-085 XVII.Malformaciones congénitas, deformidades y anomalías cromosómicas;De 40 a 44 años;Mujeres;0
Total Nacional;16 País Vasco;083-085 XVII.Malformaciones congénitas, deformidades y anomalías cromosómicas;De 45 a 49 años;Hombres;2
Total Nacional;16 País Vasco;083-085 XVII.Malformaciones congénitas, deformidades y anomalías cromosómicas;De 45 a 49 años;Mujeres;1
Total Nacional;16 País Vasco;083-085 XVII.Malformaciones congénitas, deformidades y anomalías cromosómicas;De 50 a 54 años;Hombres;3
Total Nacional;16 País Vasco;083-085 XVII.Malformaciones congénitas, deformidades y anomalías cromosómicas;De 50 a 54 años;Mujeres;3
Total Nacional;16 País Vasco;083-085 XVII.Malformaciones congénitas, deformidades y anomalías cromosómicas;De 55 a 59 años;Hombres;3
Total Nacional;16 País Vasco;083-085 XVII.Malformaciones congénitas, deformidades y anomalías cromosómicas;De 55 a 59 años;Mujeres;3
Total Nacional;16 País Vasco;083-085 XVII.Malformaciones congénitas, deformidades y anomalías cromosómicas;De 60 a 64 años;Hombres;7
Total Nacional;16 País Vasco;083-085 XVII.Malformaciones congénitas, deformidades y anomalías cromosómicas;De 60 a 64 años;Mujeres;4
Total Nacional;16 País Vasco;083-085 XVII.Malformaciones congénitas, deformidades y anomalías cromosómicas;De 65 a 69 años;Hombres;2
Total Nacional;16 País Vasco;083-085 XVII.Malformaciones congénitas, deformidades y anomalías cromosómicas;De 65 a 69 años;Mujeres;4
Total Nacional;16 País Vasco;083-085 XVII.Malformaciones congénitas, deformidades y anomalías cromosómicas;De 70 a 74 años;Hombres;1
Total Nacional;16 País Vasco;083-085 XVII.Malformaciones congénitas, deformidades y anomalías cromosómicas;De 70 a 74 años;Mujeres;0
Total Nacional;16 País Vasco;083-085 XVII.Malformaciones congénitas, deformidades y anomalías cromosómicas;De 75 a 79 años;Hombres;1
Total Nacional;16 País Vasco;083-085 XVII.Malformaciones congénitas, deformidades y anomalías cromosómicas;De 75 a 79 años;Mujeres;1
Total Nacional;16 País Vasco;083-085 XVII.Malformaciones congénitas, deformidades y anomalías cromosómicas;De 80 a 84 años;Hombres;0
Total Nacional;16 País Vasco;083-085 XVII.Malformaciones congénitas, deformidades y anomalías cromosómicas;De 80 a 84 años;Mujeres;1
Total Nacional;16 País Vasco;083-085 XVII.Malformaciones congénitas, deformidades y anomalías cromosómicas;De 85 a 89 años;Hombres;0
Total Nacional;16 País Vasco;083-085 XVII.Malformaciones congénitas, deformidades y anomalías cromosómicas;De 85 a 89 años;Mujeres;0
Total Nacional;16 País Vasco;083-085 XVII.Malformaciones congénitas, deformidades y anomalías cromosómicas;De 90 a 94 años;Hombres;0
Total Nacional;16 País Vasco;083-085 XVII.Malformaciones congénitas, deformidades y anomalías cromosómicas;De 90 a 94 años;Mujeres;1
Total Nacional;16 País Vasco;083-085 XVII.Malformaciones congénitas, deformidades y anomalías cromosómicas;De 95 años y más;Hombres;0
Total Nacional;16 País Vasco;083-085 XVII.Malformaciones congénitas, deformidades y anomalías cromosómicas;De 95 años y más;Mujeres;0
Total Nacional;16 País Vasco;086-089 XVIII.Síntomas, signos y hallazgos anormales clínicos y de laboratorio, no clasificados en otra parte;De 1 a 14 años;Hombres;1
Total Nacional;16 País Vasco;086-089 XVIII.Síntomas, signos y hallazgos anormales clínicos y de laboratorio, no clasificados en otra parte;De 1 a 14 años;Mujeres;0
Total Nacional;16 País Vasco;086-089 XVIII.Síntomas, signos y hallazgos anormales clínicos y de laboratorio, no clasificados en otra parte;De 15 a 29 años;Hombres;0
Total Nacional;16 País Vasco;086-089 XVIII.Síntomas, signos y hallazgos anormales clínicos y de laboratorio, no clasificados en otra parte;De 15 a 29 años;Mujeres;0
Total Nacional;16 País Vasco;086-089 XVIII.Síntomas, signos y hallazgos anormales clínicos y de laboratorio, no clasificados en otra parte;De 30 a 39 años;Hombres;1
Total Nacional;16 País Vasco;086-089 XVIII.Síntomas, signos y hallazgos anormales clínicos y de laboratorio, no clasificados en otra parte;De 30 a 39 años;Mujeres;0
Total Nacional;16 País Vasco;086-089 XVIII.Síntomas, signos y hallazgos anormales clínicos y de laboratorio, no clasificados en otra parte;De 40 a 44 años;Hombres;0
Total Nacional;16 País Vasco;086-089 XVIII.Síntomas, signos y hallazgos anormales clínicos y de laboratorio, no clasificados en otra parte;De 40 a 44 años;Mujeres;0
Total Nacional;16 País Vasco;086-089 XVIII.Síntomas, signos y hallazgos anormales clínicos y de laboratorio, no clasificados en otra parte;De 45 a 49 años;Hombres;1
Total Nacional;16 País Vasco;086-089 XVIII.Síntomas, signos y hallazgos anormales clínicos y de laboratorio, no clasificados en otra parte;De 45 a 49 años;Mujeres;0
Total Nacional;16 País Vasco;086-089 XVIII.Síntomas, signos y hallazgos anormales clínicos y de laboratorio, no clasificados en otra parte;De 50 a 54 años;Hombres;3
Total Nacional;16 País Vasco;086-089 XVIII.Síntomas, signos y hallazgos anormales clínicos y de laboratorio, no clasificados en otra parte;De 50 a 54 años;Mujeres;1
Total Nacional;16 País Vasco;086-089 XVIII.Síntomas, signos y hallazgos anormales clínicos y de laboratorio, no clasificados en otra parte;De 55 a 59 años;Hombres;9
Total Nacional;16 País Vasco;086-089 XVIII.Síntomas, signos y hallazgos anormales clínicos y de laboratorio, no clasificados en otra parte;De 55 a 59 años;Mujeres;2
Total Nacional;16 País Vasco;086-089 XVIII.Síntomas, signos y hallazgos anormales clínicos y de laboratorio, no clasificados en otra parte;De 60 a 64 años;Hombres;7
Total Nacional;16 País Vasco;086-089 XVIII.Síntomas, signos y hallazgos anormales clínicos y de laboratorio, no clasificados en otra parte;De 60 a 64 años;Mujeres;0
Total Nacional;16 País Vasco;086-089 XVIII.Síntomas, signos y hallazgos anormales clínicos y de laboratorio, no clasificados en otra parte;De 65 a 69 años;Hombres;10
Total Nacional;16 País Vasco;086-089 XVIII.Síntomas, signos y hallazgos anormales clínicos y de laboratorio, no clasificados en otra parte;De 65 a 69 años;Mujeres;0
Total Nacional;16 País Vasco;086-089 XVIII.Síntomas, signos y hallazgos anormales clínicos y de laboratorio, no clasificados en otra parte;De 70 a 74 años;Hombres;3
Total Nacional;16 País Vasco;086-089 XVIII.Síntomas, signos y hallazgos anormales clínicos y de laboratorio, no clasificados en otra parte;De 70 a 74 años;Mujeres;4
Total Nacional;16 País Vasco;086-089 XVIII.Síntomas, signos y hallazgos anormales clínicos y de laboratorio, no clasificados en otra parte;De 75 a 79 años;Hombres;13
Total Nacional;16 País Vasco;086-089 XVIII.Síntomas, signos y hallazgos anormales clínicos y de laboratorio, no clasificados en otra parte;De 75 a 79 años;Mujeres;9
Total Nacional;16 País Vasco;086-089 XVIII.Síntomas, signos y hallazgos anormales clínicos y de laboratorio, no clasificados en otra parte;De 80 a 84 años;Hombres;29
Total Nacional;16 País Vasco;086-089 XVIII.Síntomas, signos y hallazgos anormales clínicos y de laboratorio, no clasificados en otra parte;De 80 a 84 años;Mujeres;30
Total Nacional;16 País Vasco;086-089 XVIII.Síntomas, signos y hallazgos anormales clínicos y de laboratorio, no clasificados en otra parte;De 85 a 89 años;Hombres;47
Total Nacional;16 País Vasco;086-089 XVIII.Síntomas, signos y hallazgos anormales clínicos y de laboratorio, no clasificados en otra parte;De 85 a 89 años;Mujeres;72
Total Nacional;16 País Vasco;086-089 XVIII.Síntomas, signos y hallazgos anormales clínicos y de laboratorio, no clasificados en otra parte;De 90 a 94 años;Hombres;63
Total Nacional;16 País Vasco;086-089 XVIII.Síntomas, signos y hallazgos anormales clínicos y de laboratorio, no clasificados en otra parte;De 90 a 94 años;Mujeres;147
Total Nacional;16 País Vasco;086-089 XVIII.Síntomas, signos y hallazgos anormales clínicos y de laboratorio, no clasificados en otra parte;De 95 años y más;Hombres;38
Total Nacional;16 País Vasco;086-089 XVIII.Síntomas, signos y hallazgos anormales clínicos y de laboratorio, no clasificados en otra parte;De 95 años y más;Mujeres;173
Total Nacional;16 País Vasco;090-102 XX.Causas externas de mortalidad;De 1 a 14 años;Hombres;4
Total Nacional;16 País Vasco;090-102 XX.Causas externas de mortalidad;De 1 a 14 años;Mujeres;1
Total Nacional;16 País Vasco;090-102 XX.Causas externas de mortalidad;De 15 a 29 años;Hombres;28
Total Nacional;16 País Vasco;090-102 XX.Causas externas de mortalidad;De 15 a 29 años;Mujeres;7
Total Nacional;16 País Vasco;090-102 XX.Causas externas de mortalidad;De 30 a 39 años;Hombres;22
Total Nacional;16 País Vasco;090-102 XX.Causas externas de mortalidad;De 30 a 39 años;Mujeres;7
Total Nacional;16 País Vasco;090-102 XX.Causas externas de mortalidad;De 40 a 44 años;Hombres;21
Total Nacional;16 País Vasco;090-102 XX.Causas externas de mortalidad;De 40 a 44 años;Mujeres;13
Total Nacional;16 País Vasco;090-102 XX.Causas externas de mortalidad;De 45 a 49 años;Hombres;35
Total Nacional;16 País Vasco;090-102 XX.Causas externas de mortalidad;De 45 a 49 años;Mujeres;4
Total Nacional;16 País Vasco;090-102 XX.Causas externas de mortalidad;De 50 a 54 años;Hombres;43
Total Nacional;16 País Vasco;090-102 XX.Causas externas de mortalidad;De 50 a 54 años;Mujeres;14
Total Nacional;16 País Vasco;090-102 XX.Causas externas de mortalidad;De 55 a 59 años;Hombres;49
Total Nacional;16 País Vasco;090-102 XX.Causas externas de mortalidad;De 55 a 59 años;Mujeres;17
Total Nacional;16 País Vasco;090-102 XX.Causas externas de mortalidad;De 60 a 64 años;Hombres;39
Total Nacional;16 País Vasco;090-102 XX.Causas externas de mortalidad;De 60 a 64 años;Mujeres;11
Total Nacional;16 País Vasco;090-102 XX.Causas externas de mortalidad;De 65 a 69 años;Hombres;30
Total Nacional;16 País Vasco;090-102 XX.Causas externas de mortalidad;De 65 a 69 años;Mujeres;11
Total Nacional;16 País Vasco;090-102 XX.Causas externas de mortalidad;De 70 a 74 años;Hombres;37
Total Nacional;16 País Vasco;090-102 XX.Causas externas de mortalidad;De 70 a 74 años;Mujeres;15
Total Nacional;16 País Vasco;090-102 XX.Causas externas de mortalidad;De 75 a 79 años;Hombres;37
Total Nacional;16 País Vasco;090-102 XX.Causas externas de mortalidad;De 75 a 79 años;Mujeres;17
Total Nacional;16 País Vasco;090-102 XX.Causas externas de mortalidad;De 80 a 84 años;Hombres;60
Total Nacional;16 País Vasco;090-102 XX.Causas externas de mortalidad;De 80 a 84 años;Mujeres;28
Total Nacional;16 País Vasco;090-102 XX.Causas externas de mortalidad;De 85 a 89 años;Hombres;46
Total Nacional;16 País Vasco;090-102 XX.Causas externas de mortalidad;De 85 a 89 años;Mujeres;47
Total Nacional;16 País Vasco;090-102 XX.Causas externas de mortalidad;De 90 a 94 años;Hombres;45
Total Nacional;16 País Vasco;090-102 XX.Causas externas de mortalidad;De 90 a 94 años;Mujeres;68
Total Nacional;16 País Vasco;090-102 XX.Causas externas de mortalidad;De 95 años y más;Hombres;16
Total Nacional;16 País Vasco;090-102 XX.Causas externas de mortalidad;De 95 años y más;Mujeres;34
Total Nacional;17 Rioja, La;001-008 I.Enfermedades infecciosas y parasitarias;De 1 a 14 años;Hombres;0
Total Nacional;17 Rioja, La;001-008 I.Enfermedades infecciosas y parasitarias;De 1 a 14 años;Mujeres;0
Total Nacional;17 Rioja, La;001-008 I.Enfermedades infecciosas y parasitarias;De 15 a 29 años;Hombres;0
Total Nacional;17 Rioja, La;001-008 I.Enfermedades infecciosas y parasitarias;De 15 a 29 años;Mujeres;0
Total Nacional;17 Rioja, La;001-008 I.Enfermedades infecciosas y parasitarias;De 30 a 39 años;Hombres;0
Total Nacional;17 Rioja, La;001-008 I.Enfermedades infecciosas y parasitarias;De 30 a 39 años;Mujeres;1
Total Nacional;17 Rioja, La;001-008 I.Enfermedades infecciosas y parasitarias;De 40 a 44 años;Hombres;0
Total Nacional;17 Rioja, La;001-008 I.Enfermedades infecciosas y parasitarias;De 40 a 44 años;Mujeres;0
Total Nacional;17 Rioja, La;001-008 I.Enfermedades infecciosas y parasitarias;De 45 a 49 años;Hombres;1
Total Nacional;17 Rioja, La;001-008 I.Enfermedades infecciosas y parasitarias;De 45 a 49 años;Mujeres;1
Total Nacional;17 Rioja, La;001-008 I.Enfermedades infecciosas y parasitarias;De 50 a 54 años;Hombres;0
Total Nacional;17 Rioja, La;001-008 I.Enfermedades infecciosas y parasitarias;De 50 a 54 años;Mujeres;0
Total Nacional;17 Rioja, La;001-008 I.Enfermedades infecciosas y parasitarias;De 55 a 59 años;Hombres;3
Total Nacional;17 Rioja, La;001-008 I.Enfermedades infecciosas y parasitarias;De 55 a 59 años;Mujeres;0
Total Nacional;17 Rioja, La;001-008 I.Enfermedades infecciosas y parasitarias;De 60 a 64 años;Hombres;3
Total Nacional;17 Rioja, La;001-008 I.Enfermedades infecciosas y parasitarias;De 60 a 64 años;Mujeres;2
Total Nacional;17 Rioja, La;001-008 I.Enfermedades infecciosas y parasitarias;De 65 a 69 años;Hombres;2
Total Nacional;17 Rioja, La;001-008 I.Enfermedades infecciosas y parasitarias;De 65 a 69 años;Mujeres;1
Total Nacional;17 Rioja, La;001-008 I.Enfermedades infecciosas y parasitarias;De 70 a 74 años;Hombres;0
Total Nacional;17 Rioja, La;001-008 I.Enfermedades infecciosas y parasitarias;De 70 a 74 años;Mujeres;3
Total Nacional;17 Rioja, La;001-008 I.Enfermedades infecciosas y parasitarias;De 75 a 79 años;Hombres;3
Total Nacional;17 Rioja, La;001-008 I.Enfermedades infecciosas y parasitarias;De 75 a 79 años;Mujeres;3
Total Nacional;17 Rioja, La;001-008 I.Enfermedades infecciosas y parasitarias;De 80 a 84 años;Hombres;12
Total Nacional;17 Rioja, La;001-008 I.Enfermedades infecciosas y parasitarias;De 80 a 84 años;Mujeres;9
Total Nacional;17 Rioja, La;001-008 I.Enfermedades infecciosas y parasitarias;De 85 a 89 años;Hombres;8
Total Nacional;17 Rioja, La;001-008 I.Enfermedades infecciosas y parasitarias;De 85 a 89 años;Mujeres;6
Total Nacional;17 Rioja, La;001-008 I.Enfermedades infecciosas y parasitarias;De 90 a 94 años;Hombres;4
Total Nacional;17 Rioja, La;001-008 I.Enfermedades infecciosas y parasitarias;De 90 a 94 años;Mujeres;17
Total Nacional;17 Rioja, La;001-008 I.Enfermedades infecciosas y parasitarias;De 95 años y más;Hombres;7
Total Nacional;17 Rioja, La;001-008 I.Enfermedades infecciosas y parasitarias;De 95 años y más;Mujeres;10
Total Nacional;17 Rioja, La;009-041 II.Tumores;De 1 a 14 años;Hombres;2
Total Nacional;17 Rioja, La;009-041 II.Tumores;De 1 a 14 años;Mujeres;0
Total Nacional;17 Rioja, La;009-041 II.Tumores;De 15 a 29 años;Hombres;0
Total Nacional;17 Rioja, La;009-041 II.Tumores;De 15 a 29 años;Mujeres;1
Total Nacional;17 Rioja, La;009-041 II.Tumores;De 30 a 39 años;Hombres;5
Total Nacional;17 Rioja, La;009-041 II.Tumores;De 30 a 39 años;Mujeres;1
Total Nacional;17 Rioja, La;009-041 II.Tumores;De 40 a 44 años;Hombres;1
Total Nacional;17 Rioja, La;009-041 II.Tumores;De 40 a 44 años;Mujeres;4
Total Nacional;17 Rioja, La;009-041 II.Tumores;De 45 a 49 años;Hombres;4
Total Nacional;17 Rioja, La;009-041 II.Tumores;De 45 a 49 años;Mujeres;5
Total Nacional;17 Rioja, La;009-041 II.Tumores;De 50 a 54 años;Hombres;12
Total Nacional;17 Rioja, La;009-041 II.Tumores;De 50 a 54 años;Mujeres;9
Total Nacional;17 Rioja, La;009-041 II.Tumores;De 55 a 59 años;Hombres;19
Total Nacional;17 Rioja, La;009-041 II.Tumores;De 55 a 59 años;Mujeres;23
Total Nacional;17 Rioja, La;009-041 II.Tumores;De 60 a 64 años;Hombres;40
Total Nacional;17 Rioja, La;009-041 II.Tumores;De 60 a 64 años;Mujeres;31
Total Nacional;17 Rioja, La;009-041 II.Tumores;De 65 a 69 años;Hombres;55
Total Nacional;17 Rioja, La;009-041 II.Tumores;De 65 a 69 años;Mujeres;26
Total Nacional;17 Rioja, La;009-041 II.Tumores;De 70 a 74 años;Hombres;72
Total Nacional;17 Rioja, La;009-041 II.Tumores;De 70 a 74 años;Mujeres;33
Total Nacional;17 Rioja, La;009-041 II.Tumores;De 75 a 79 años;Hombres;85
Total Nacional;17 Rioja, La;009-041 II.Tumores;De 75 a 79 años;Mujeres;47
Total Nacional;17 Rioja, La;009-041 II.Tumores;De 80 a 84 años;Hombres;80
Total Nacional;17 Rioja, La;009-041 II.Tumores;De 80 a 84 años;Mujeres;39
Total Nacional;17 Rioja, La;009-041 II.Tumores;De 85 a 89 años;Hombres;54
Total Nacional;17 Rioja, La;009-041 II.Tumores;De 85 a 89 años;Mujeres;63
Total Nacional;17 Rioja, La;009-041 II.Tumores;De 90 a 94 años;Hombres;31
Total Nacional;17 Rioja, La;009-041 II.Tumores;De 90 a 94 años;Mujeres;50
Total Nacional;17 Rioja, La;009-041 II.Tumores;De 95 años y más;Hombres;8
Total Nacional;17 Rioja, La;009-041 II.Tumores;De 95 años y más;Mujeres;16
Total Nacional;17 Rioja, La;050-052 VI-VIII.Enfermedades del sistema nervioso y de los órganos de los sentidos;De 1 a 14 años;Hombres;1
Total Nacional;17 Rioja, La;050-052 VI-VIII.Enfermedades del sistema nervioso y de los órganos de los sentidos;De 1 a 14 años;Mujeres;0
Total Nacional;17 Rioja, La;050-052 VI-VIII.Enfermedades del sistema nervioso y de los órganos de los sentidos;De 15 a 29 años;Hombres;0
Total Nacional;17 Rioja, La;050-052 VI-VIII.Enfermedades del sistema nervioso y de los órganos de los sentidos;De 15 a 29 años;Mujeres;0
Total Nacional;17 Rioja, La;050-052 VI-VIII.Enfermedades del sistema nervioso y de los órganos de los sentidos;De 30 a 39 años;Hombres;3
Total Nacional;17 Rioja, La;050-052 VI-VIII.Enfermedades del sistema nervioso y de los órganos de los sentidos;De 30 a 39 años;Mujeres;0
Total Nacional;17 Rioja, La;050-052 VI-VIII.Enfermedades del sistema nervioso y de los órganos de los sentidos;De 40 a 44 años;Hombres;0
Total Nacional;17 Rioja, La;050-052 VI-VIII.Enfermedades del sistema nervioso y de los órganos de los sentidos;De 40 a 44 años;Mujeres;0
Total Nacional;17 Rioja, La;050-052 VI-VIII.Enfermedades del sistema nervioso y de los órganos de los sentidos;De 45 a 49 años;Hombres;3
Total Nacional;17 Rioja, La;050-052 VI-VIII.Enfermedades del sistema nervioso y de los órganos de los sentidos;De 45 a 49 años;Mujeres;1
Total Nacional;17 Rioja, La;050-052 VI-VIII.Enfermedades del sistema nervioso y de los órganos de los sentidos;De 50 a 54 años;Hombres;2
Total Nacional;17 Rioja, La;050-052 VI-VIII.Enfermedades del sistema nervioso y de los órganos de los sentidos;De 50 a 54 años;Mujeres;2
Total Nacional;17 Rioja, La;050-052 VI-VIII.Enfermedades del sistema nervioso y de los órganos de los sentidos;De 55 a 59 años;Hombres;4
Total Nacional;17 Rioja, La;050-052 VI-VIII.Enfermedades del sistema nervioso y de los órganos de los sentidos;De 55 a 59 años;Mujeres;3
Total Nacional;17 Rioja, La;050-052 VI-VIII.Enfermedades del sistema nervioso y de los órganos de los sentidos;De 60 a 64 años;Hombres;2
Total Nacional;17 Rioja, La;050-052 VI-VIII.Enfermedades del sistema nervioso y de los órganos de los sentidos;De 60 a 64 años;Mujeres;1
Total Nacional;17 Rioja, La;050-052 VI-VIII.Enfermedades del sistema nervioso y de los órganos de los sentidos;De 65 a 69 años;Hombres;7
Total Nacional;17 Rioja, La;050-052 VI-VIII.Enfermedades del sistema nervioso y de los órganos de los sentidos;De 65 a 69 años;Mujeres;9
Total Nacional;17 Rioja, La;050-052 VI-VIII.Enfermedades del sistema nervioso y de los órganos de los sentidos;De 70 a 74 años;Hombres;8
Total Nacional;17 Rioja, La;050-052 VI-VIII.Enfermedades del sistema nervioso y de los órganos de los sentidos;De 70 a 74 años;Mujeres;9
Total Nacional;17 Rioja, La;050-052 VI-VIII.Enfermedades del sistema nervioso y de los órganos de los sentidos;De 75 a 79 años;Hombres;15
Total Nacional;17 Rioja, La;050-052 VI-VIII.Enfermedades del sistema nervioso y de los órganos de los sentidos;De 75 a 79 años;Mujeres;15
Total Nacional;17 Rioja, La;050-052 VI-VIII.Enfermedades del sistema nervioso y de los órganos de los sentidos;De 80 a 84 años;Hombres;20
Total Nacional;17 Rioja, La;050-052 VI-VIII.Enfermedades del sistema nervioso y de los órganos de los sentidos;De 80 a 84 años;Mujeres;18
Total Nacional;17 Rioja, La;050-052 VI-VIII.Enfermedades del sistema nervioso y de los órganos de los sentidos;De 85 a 89 años;Hombres;12
Total Nacional;17 Rioja, La;050-052 VI-VIII.Enfermedades del sistema nervioso y de los órganos de los sentidos;De 85 a 89 años;Mujeres;33
Total Nacional;17 Rioja, La;050-052 VI-VIII.Enfermedades del sistema nervioso y de los órganos de los sentidos;De 90 a 94 años;Hombres;15
Total Nacional;17 Rioja, La;050-052 VI-VIII.Enfermedades del sistema nervioso y de los órganos de los sentidos;De 90 a 94 años;Mujeres;31
Total Nacional;17 Rioja, La;050-052 VI-VIII.Enfermedades del sistema nervioso y de los órganos de los sentidos;De 95 años y más;Hombres;2
Total Nacional;17 Rioja, La;050-052 VI-VIII.Enfermedades del sistema nervioso y de los órganos de los sentidos;De 95 años y más;Mujeres;11
Total Nacional;17 Rioja, La;053-061 IX.Enfermedades del sistema circulatorio;De 1 a 14 años;Hombres;1
Total Nacional;17 Rioja, La;053-061 IX.Enfermedades del sistema circulatorio;De 1 a 14 años;Mujeres;0
Total Nacional;17 Rioja, La;053-061 IX.Enfermedades del sistema circulatorio;De 15 a 29 años;Hombres;0
Total Nacional;17 Rioja, La;053-061 IX.Enfermedades del sistema circulatorio;De 15 a 29 años;Mujeres;0
Total Nacional;17 Rioja, La;053-061 IX.Enfermedades del sistema circulatorio;De 30 a 39 años;Hombres;3
Total Nacional;17 Rioja, La;053-061 IX.Enfermedades del sistema circulatorio;De 30 a 39 años;Mujeres;0
Total Nacional;17 Rioja, La;053-061 IX.Enfermedades del sistema circulatorio;De 40 a 44 años;Hombres;5
Total Nacional;17 Rioja, La;053-061 IX.Enfermedades del sistema circulatorio;De 40 a 44 años;Mujeres;2
Total Nacional;17 Rioja, La;053-061 IX.Enfermedades del sistema circulatorio;De 45 a 49 años;Hombres;8
Total Nacional;17 Rioja, La;053-061 IX.Enfermedades del sistema circulatorio;De 45 a 49 años;Mujeres;1
Total Nacional;17 Rioja, La;053-061 IX.Enfermedades del sistema circulatorio;De 50 a 54 años;Hombres;7
Total Nacional;17 Rioja, La;053-061 IX.Enfermedades del sistema circulatorio;De 50 a 54 años;Mujeres;2
Total Nacional;17 Rioja, La;053-061 IX.Enfermedades del sistema circulatorio;De 55 a 59 años;Hombres;19
Total Nacional;17 Rioja, La;053-061 IX.Enfermedades del sistema circulatorio;De 55 a 59 años;Mujeres;2
Total Nacional;17 Rioja, La;053-061 IX.Enfermedades del sistema circulatorio;De 60 a 64 años;Hombres;21
Total Nacional;17 Rioja, La;053-061 IX.Enfermedades del sistema circulatorio;De 60 a 64 años;Mujeres;7
Total Nacional;17 Rioja, La;053-061 IX.Enfermedades del sistema circulatorio;De 65 a 69 años;Hombres;24
Total Nacional;17 Rioja, La;053-061 IX.Enfermedades del sistema circulatorio;De 65 a 69 años;Mujeres;9
Total Nacional;17 Rioja, La;053-061 IX.Enfermedades del sistema circulatorio;De 70 a 74 años;Hombres;31
Total Nacional;17 Rioja, La;053-061 IX.Enfermedades del sistema circulatorio;De 70 a 74 años;Mujeres;10
Total Nacional;17 Rioja, La;053-061 IX.Enfermedades del sistema circulatorio;De 75 a 79 años;Hombres;44
Total Nacional;17 Rioja, La;053-061 IX.Enfermedades del sistema circulatorio;De 75 a 79 años;Mujeres;23
Total Nacional;17 Rioja, La;053-061 IX.Enfermedades del sistema circulatorio;De 80 a 84 años;Hombres;45
Total Nacional;17 Rioja, La;053-061 IX.Enfermedades del sistema circulatorio;De 80 a 84 años;Mujeres;47
Total Nacional;17 Rioja, La;053-061 IX.Enfermedades del sistema circulatorio;De 85 a 89 años;Hombres;76
Total Nacional;17 Rioja, La;053-061 IX.Enfermedades del sistema circulatorio;De 85 a 89 años;Mujeres;113
Total Nacional;17 Rioja, La;053-061 IX.Enfermedades del sistema circulatorio;De 90 a 94 años;Hombres;95
Total Nacional;17 Rioja, La;053-061 IX.Enfermedades del sistema circulatorio;De 90 a 94 años;Mujeres;137
Total Nacional;17 Rioja, La;053-061 IX.Enfermedades del sistema circulatorio;De 95 años y más;Hombres;44
Total Nacional;17 Rioja, La;053-061 IX.Enfermedades del sistema circulatorio;De 95 años y más;Mujeres;106
Total Nacional;17 Rioja, La;062-067 X.Enfermedades del sistema respiratorio;De 1 a 14 años;Hombres;0
Total Nacional;17 Rioja, La;062-067 X.Enfermedades del sistema respiratorio;De 1 a 14 años;Mujeres;0
Total Nacional;17 Rioja, La;062-067 X.Enfermedades del sistema respiratorio;De 15 a 29 años;Hombres;0
Total Nacional;17 Rioja, La;062-067 X.Enfermedades del sistema respiratorio;De 15 a 29 años;Mujeres;0
Total Nacional;17 Rioja, La;062-067 X.Enfermedades del sistema respiratorio;De 30 a 39 años;Hombres;0
Total Nacional;17 Rioja, La;062-067 X.Enfermedades del sistema respiratorio;De 30 a 39 años;Mujeres;2
Total Nacional;17 Rioja, La;062-067 X.Enfermedades del sistema respiratorio;De 40 a 44 años;Hombres;2
Total Nacional;17 Rioja, La;062-067 X.Enfermedades del sistema respiratorio;De 40 a 44 años;Mujeres;1
Total Nacional;17 Rioja, La;062-067 X.Enfermedades del sistema respiratorio;De 45 a 49 años;Hombres;0
Total Nacional;17 Rioja, La;062-067 X.Enfermedades del sistema respiratorio;De 45 a 49 años;Mujeres;0
Total Nacional;17 Rioja, La;062-067 X.Enfermedades del sistema respiratorio;De 50 a 54 años;Hombres;2
Total Nacional;17 Rioja, La;062-067 X.Enfermedades del sistema respiratorio;De 50 a 54 años;Mujeres;1
Total Nacional;17 Rioja, La;062-067 X.Enfermedades del sistema respiratorio;De 55 a 59 años;Hombres;2
Total Nacional;17 Rioja, La;062-067 X.Enfermedades del sistema respiratorio;De 55 a 59 años;Mujeres;0
Total Nacional;17 Rioja, La;062-067 X.Enfermedades del sistema respiratorio;De 60 a 64 años;Hombres;5
Total Nacional;17 Rioja, La;062-067 X.Enfermedades del sistema respiratorio;De 60 a 64 años;Mujeres;0
Total Nacional;17 Rioja, La;062-067 X.Enfermedades del sistema respiratorio;De 65 a 69 años;Hombres;5
Total Nacional;17 Rioja, La;062-067 X.Enfermedades del sistema respiratorio;De 65 a 69 años;Mujeres;4
Total Nacional;17 Rioja, La;062-067 X.Enfermedades del sistema respiratorio;De 70 a 74 años;Hombres;22
Total Nacional;17 Rioja, La;062-067 X.Enfermedades del sistema respiratorio;De 70 a 74 años;Mujeres;7
Total Nacional;17 Rioja, La;062-067 X.Enfermedades del sistema respiratorio;De 75 a 79 años;Hombres;25
Total Nacional;17 Rioja, La;062-067 X.Enfermedades del sistema respiratorio;De 75 a 79 años;Mujeres;11
Total Nacional;17 Rioja, La;062-067 X.Enfermedades del sistema respiratorio;De 80 a 84 años;Hombres;33
Total Nacional;17 Rioja, La;062-067 X.Enfermedades del sistema respiratorio;De 80 a 84 años;Mujeres;18
Total Nacional;17 Rioja, La;062-067 X.Enfermedades del sistema respiratorio;De 85 a 89 años;Hombres;55
Total Nacional;17 Rioja, La;062-067 X.Enfermedades del sistema respiratorio;De 85 a 89 años;Mujeres;36
Total Nacional;17 Rioja, La;062-067 X.Enfermedades del sistema respiratorio;De 90 a 94 años;Hombres;39
Total Nacional;17 Rioja, La;062-067 X.Enfermedades del sistema respiratorio;De 90 a 94 años;Mujeres;58
Total Nacional;17 Rioja, La;062-067 X.Enfermedades del sistema respiratorio;De 95 años y más;Hombres;24
Total Nacional;17 Rioja, La;062-067 X.Enfermedades del sistema respiratorio;De 95 años y más;Mujeres;56
Total Nacional;17 Rioja, La;068-072 XI.Enfermedades del sistema digestivo;De 1 a 14 años;Hombres;0
Total Nacional;17 Rioja, La;068-072 XI.Enfermedades del sistema digestivo;De 1 a 14 años;Mujeres;0
Total Nacional;17 Rioja, La;068-072 XI.Enfermedades del sistema digestivo;De 15 a 29 años;Hombres;0
Total Nacional;17 Rioja, La;068-072 XI.Enfermedades del sistema digestivo;De 15 a 29 años;Mujeres;0
Total Nacional;17 Rioja, La;068-072 XI.Enfermedades del sistema digestivo;De 30 a 39 años;Hombres;0
Total Nacional;17 Rioja, La;068-072 XI.Enfermedades del sistema digestivo;De 30 a 39 años;Mujeres;0
Total Nacional;17 Rioja, La;068-072 XI.Enfermedades del sistema digestivo;De 40 a 44 años;Hombres;1
Total Nacional;17 Rioja, La;068-072 XI.Enfermedades del sistema digestivo;De 40 a 44 años;Mujeres;1
Total Nacional;17 Rioja, La;068-072 XI.Enfermedades del sistema digestivo;De 45 a 49 años;Hombres;4
Total Nacional;17 Rioja, La;068-072 XI.Enfermedades del sistema digestivo;De 45 a 49 años;Mujeres;1
Total Nacional;17 Rioja, La;068-072 XI.Enfermedades del sistema digestivo;De 50 a 54 años;Hombres;3
Total Nacional;17 Rioja, La;068-072 XI.Enfermedades del sistema digestivo;De 50 a 54 años;Mujeres;0
Total Nacional;17 Rioja, La;068-072 XI.Enfermedades del sistema digestivo;De 55 a 59 años;Hombres;2
Total Nacional;17 Rioja, La;068-072 XI.Enfermedades del sistema digestivo;De 55 a 59 años;Mujeres;3
Total Nacional;17 Rioja, La;068-072 XI.Enfermedades del sistema digestivo;De 60 a 64 años;Hombres;7
Total Nacional;17 Rioja, La;068-072 XI.Enfermedades del sistema digestivo;De 60 a 64 años;Mujeres;2
Total Nacional;17 Rioja, La;068-072 XI.Enfermedades del sistema digestivo;De 65 a 69 años;Hombres;4
Total Nacional;17 Rioja, La;068-072 XI.Enfermedades del sistema digestivo;De 65 a 69 años;Mujeres;4
Total Nacional;17 Rioja, La;068-072 XI.Enfermedades del sistema digestivo;De 70 a 74 años;Hombres;10
Total Nacional;17 Rioja, La;068-072 XI.Enfermedades del sistema digestivo;De 70 a 74 años;Mujeres;1
Total Nacional;17 Rioja, La;068-072 XI.Enfermedades del sistema digestivo;De 75 a 79 años;Hombres;9
Total Nacional;17 Rioja, La;068-072 XI.Enfermedades del sistema digestivo;De 75 a 79 años;Mujeres;4
Total Nacional;17 Rioja, La;068-072 XI.Enfermedades del sistema digestivo;De 80 a 84 años;Hombres;20
Total Nacional;17 Rioja, La;068-072 XI.Enfermedades del sistema digestivo;De 80 a 84 años;Mujeres;13
Total Nacional;17 Rioja, La;068-072 XI.Enfermedades del sistema digestivo;De 85 a 89 años;Hombres;12
Total Nacional;17 Rioja, La;068-072 XI.Enfermedades del sistema digestivo;De 85 a 89 años;Mujeres;20
Total Nacional;17 Rioja, La;068-072 XI.Enfermedades del sistema digestivo;De 90 a 94 años;Hombres;16
Total Nacional;17 Rioja, La;068-072 XI.Enfermedades del sistema digestivo;De 90 a 94 años;Mujeres;31
Total Nacional;17 Rioja, La;068-072 XI.Enfermedades del sistema digestivo;De 95 años y más;Hombres;6
Total Nacional;17 Rioja, La;068-072 XI.Enfermedades del sistema digestivo;De 95 años y más;Mujeres;19
Total Nacional;17 Rioja, La;073 XII.Enfermedades de la piel y del tejido subcutáneo;De 1 a 14 años;Hombres;0
Total Nacional;17 Rioja, La;073 XII.Enfermedades de la piel y del tejido subcutáneo;De 1 a 14 años;Mujeres;0
Total Nacional;17 Rioja, La;073 XII.Enfermedades de la piel y del tejido subcutáneo;De 15 a 29 años;Hombres;0
Total Nacional;17 Rioja, La;073 XII.Enfermedades de la piel y del tejido subcutáneo;De 15 a 29 años;Mujeres;0
Total Nacional;17 Rioja, La;073 XII.Enfermedades de la piel y del tejido subcutáneo;De 30 a 39 años;Hombres;0
Total Nacional;17 Rioja, La;073 XII.Enfermedades de la piel y del tejido subcutáneo;De 30 a 39 años;Mujeres;0
Total Nacional;17 Rioja, La;073 XII.Enfermedades de la piel y del tejido subcutáneo;De 40 a 44 años;Hombres;0
Total Nacional;17 Rioja, La;073 XII.Enfermedades de la piel y del tejido subcutáneo;De 40 a 44 años;Mujeres;0
Total Nacional;17 Rioja, La;073 XII.Enfermedades de la piel y del tejido subcutáneo;De 45 a 49 años;Hombres;0
Total Nacional;17 Rioja, La;073 XII.Enfermedades de la piel y del tejido subcutáneo;De 45 a 49 años;Mujeres;0
Total Nacional;17 Rioja, La;073 XII.Enfermedades de la piel y del tejido subcutáneo;De 50 a 54 años;Hombres;0
Total Nacional;17 Rioja, La;073 XII.Enfermedades de la piel y del tejido subcutáneo;De 50 a 54 años;Mujeres;0
Total Nacional;17 Rioja, La;073 XII.Enfermedades de la piel y del tejido subcutáneo;De 55 a 59 años;Hombres;0
Total Nacional;17 Rioja, La;073 XII.Enfermedades de la piel y del tejido subcutáneo;De 55 a 59 años;Mujeres;0
Total Nacional;17 Rioja, La;073 XII.Enfermedades de la piel y del tejido subcutáneo;De 60 a 64 años;Hombres;0
Total Nacional;17 Rioja, La;073 XII.Enfermedades de la piel y del tejido subcutáneo;De 60 a 64 años;Mujeres;0
Total Nacional;17 Rioja, La;073 XII.Enfermedades de la piel y del tejido subcutáneo;De 65 a 69 años;Hombres;0
Total Nacional;17 Rioja, La;073 XII.Enfermedades de la piel y del tejido subcutáneo;De 65 a 69 años;Mujeres;0
Total Nacional;17 Rioja, La;073 XII.Enfermedades de la piel y del tejido subcutáneo;De 70 a 74 años;Hombres;0
Total Nacional;17 Rioja, La;073 XII.Enfermedades de la piel y del tejido subcutáneo;De 70 a 74 años;Mujeres;1
Total Nacional;17 Rioja, La;073 XII.Enfermedades de la piel y del tejido subcutáneo;De 75 a 79 años;Hombres;1
Total Nacional;17 Rioja, La;073 XII.Enfermedades de la piel y del tejido subcutáneo;De 75 a 79 años;Mujeres;1
Total Nacional;17 Rioja, La;073 XII.Enfermedades de la piel y del tejido subcutáneo;De 80 a 84 años;Hombres;1
Total Nacional;17 Rioja, La;073 XII.Enfermedades de la piel y del tejido subcutáneo;De 80 a 84 años;Mujeres;1
Total Nacional;17 Rioja, La;073 XII.Enfermedades de la piel y del tejido subcutáneo;De 85 a 89 años;Hombres;5
Total Nacional;17 Rioja, La;073 XII.Enfermedades de la piel y del tejido subcutáneo;De 85 a 89 años;Mujeres;2
Total Nacional;17 Rioja, La;073 XII.Enfermedades de la piel y del tejido subcutáneo;De 90 a 94 años;Hombres;1
Total Nacional;17 Rioja, La;073 XII.Enfermedades de la piel y del tejido subcutáneo;De 90 a 94 años;Mujeres;2
Total Nacional;17 Rioja, La;073 XII.Enfermedades de la piel y del tejido subcutáneo;De 95 años y más;Hombres;2
Total Nacional;17 Rioja, La;073 XII.Enfermedades de la piel y del tejido subcutáneo;De 95 años y más;Mujeres;3
Total Nacional;17 Rioja, La;074-076 XIII.Enfermedades del sistema osteomuscular y del tejido conjuntivo;De 1 a 14 años;Hombres;0
Total Nacional;17 Rioja, La;074-076 XIII.Enfermedades del sistema osteomuscular y del tejido conjuntivo;De 1 a 14 años;Mujeres;0
Total Nacional;17 Rioja, La;074-076 XIII.Enfermedades del sistema osteomuscular y del tejido conjuntivo;De 15 a 29 años;Hombres;0
Total Nacional;17 Rioja, La;074-076 XIII.Enfermedades del sistema osteomuscular y del tejido conjuntivo;De 15 a 29 años;Mujeres;0
Total Nacional;17 Rioja, La;074-076 XIII.Enfermedades del sistema osteomuscular y del tejido conjuntivo;De 30 a 39 años;Hombres;0
Total Nacional;17 Rioja, La;074-076 XIII.Enfermedades del sistema osteomuscular y del tejido conjuntivo;De 30 a 39 años;Mujeres;0
Total Nacional;17 Rioja, La;074-076 XIII.Enfermedades del sistema osteomuscular y del tejido conjuntivo;De 40 a 44 años;Hombres;0
Total Nacional;17 Rioja, La;074-076 XIII.Enfermedades del sistema osteomuscular y del tejido conjuntivo;De 40 a 44 años;Mujeres;0
Total Nacional;17 Rioja, La;074-076 XIII.Enfermedades del sistema osteomuscular y del tejido conjuntivo;De 45 a 49 años;Hombres;1
Total Nacional;17 Rioja, La;074-076 XIII.Enfermedades del sistema osteomuscular y del tejido conjuntivo;De 45 a 49 años;Mujeres;0
Total Nacional;17 Rioja, La;074-076 XIII.Enfermedades del sistema osteomuscular y del tejido conjuntivo;De 50 a 54 años;Hombres;0
Total Nacional;17 Rioja, La;074-076 XIII.Enfermedades del sistema osteomuscular y del tejido conjuntivo;De 50 a 54 años;Mujeres;1
Total Nacional;17 Rioja, La;074-076 XIII.Enfermedades del sistema osteomuscular y del tejido conjuntivo;De 55 a 59 años;Hombres;0
Total Nacional;17 Rioja, La;074-076 XIII.Enfermedades del sistema osteomuscular y del tejido conjuntivo;De 55 a 59 años;Mujeres;0
Total Nacional;17 Rioja, La;074-076 XIII.Enfermedades del sistema osteomuscular y del tejido conjuntivo;De 60 a 64 años;Hombres;1
Total Nacional;17 Rioja, La;074-076 XIII.Enfermedades del sistema osteomuscular y del tejido conjuntivo;De 60 a 64 años;Mujeres;1
Total Nacional;17 Rioja, La;074-076 XIII.Enfermedades del sistema osteomuscular y del tejido conjuntivo;De 65 a 69 años;Hombres;0
Total Nacional;17 Rioja, La;074-076 XIII.Enfermedades del sistema osteomuscular y del tejido conjuntivo;De 65 a 69 años;Mujeres;1
Total Nacional;17 Rioja, La;074-076 XIII.Enfermedades del sistema osteomuscular y del tejido conjuntivo;De 70 a 74 años;Hombres;2
Total Nacional;17 Rioja, La;074-076 XIII.Enfermedades del sistema osteomuscular y del tejido conjuntivo;De 70 a 74 años;Mujeres;1
Total Nacional;17 Rioja, La;074-076 XIII.Enfermedades del sistema osteomuscular y del tejido conjuntivo;De 75 a 79 años;Hombres;1
Total Nacional;17 Rioja, La;074-076 XIII.Enfermedades del sistema osteomuscular y del tejido conjuntivo;De 75 a 79 años;Mujeres;0
Total Nacional;17 Rioja, La;074-076 XIII.Enfermedades del sistema osteomuscular y del tejido conjuntivo;De 80 a 84 años;Hombres;1
Total Nacional;17 Rioja, La;074-076 XIII.Enfermedades del sistema osteomuscular y del tejido conjuntivo;De 80 a 84 años;Mujeres;2
Total Nacional;17 Rioja, La;074-076 XIII.Enfermedades del sistema osteomuscular y del tejido conjuntivo;De 85 a 89 años;Hombres;4
Total Nacional;17 Rioja, La;074-076 XIII.Enfermedades del sistema osteomuscular y del tejido conjuntivo;De 85 a 89 años;Mujeres;6
Total Nacional;17 Rioja, La;074-076 XIII.Enfermedades del sistema osteomuscular y del tejido conjuntivo;De 90 a 94 años;Hombres;1
Total Nacional;17 Rioja, La;074-076 XIII.Enfermedades del sistema osteomuscular y del tejido conjuntivo;De 90 a 94 años;Mujeres;9
Total Nacional;17 Rioja, La;074-076 XIII.Enfermedades del sistema osteomuscular y del tejido conjuntivo;De 95 años y más;Hombres;5
Total Nacional;17 Rioja, La;074-076 XIII.Enfermedades del sistema osteomuscular y del tejido conjuntivo;De 95 años y más;Mujeres;3
Total Nacional;17 Rioja, La;077-080 XIV.Enfermedades del sistema genitourinario;De 1 a 14 años;Hombres;0
Total Nacional;17 Rioja, La;077-080 XIV.Enfermedades del sistema genitourinario;De 1 a 14 años;Mujeres;0
Total Nacional;17 Rioja, La;077-080 XIV.Enfermedades del sistema genitourinario;De 15 a 29 años;Hombres;1
Total Nacional;17 Rioja, La;077-080 XIV.Enfermedades del sistema genitourinario;De 15 a 29 años;Mujeres;0
Total Nacional;17 Rioja, La;077-080 XIV.Enfermedades del sistema genitourinario;De 30 a 39 años;Hombres;0
Total Nacional;17 Rioja, La;077-080 XIV.Enfermedades del sistema genitourinario;De 30 a 39 años;Mujeres;0
Total Nacional;17 Rioja, La;077-080 XIV.Enfermedades del sistema genitourinario;De 40 a 44 años;Hombres;0
Total Nacional;17 Rioja, La;077-080 XIV.Enfermedades del sistema genitourinario;De 40 a 44 años;Mujeres;0
Total Nacional;17 Rioja, La;077-080 XIV.Enfermedades del sistema genitourinario;De 45 a 49 años;Hombres;0
Total Nacional;17 Rioja, La;077-080 XIV.Enfermedades del sistema genitourinario;De 45 a 49 años;Mujeres;0
Total Nacional;17 Rioja, La;077-080 XIV.Enfermedades del sistema genitourinario;De 50 a 54 años;Hombres;0
Total Nacional;17 Rioja, La;077-080 XIV.Enfermedades del sistema genitourinario;De 50 a 54 años;Mujeres;0
Total Nacional;17 Rioja, La;077-080 XIV.Enfermedades del sistema genitourinario;De 55 a 59 años;Hombres;0
Total Nacional;17 Rioja, La;077-080 XIV.Enfermedades del sistema genitourinario;De 55 a 59 años;Mujeres;1
Total Nacional;17 Rioja, La;077-080 XIV.Enfermedades del sistema genitourinario;De 60 a 64 años;Hombres;1
Total Nacional;17 Rioja, La;077-080 XIV.Enfermedades del sistema genitourinario;De 60 a 64 años;Mujeres;0
Total Nacional;17 Rioja, La;077-080 XIV.Enfermedades del sistema genitourinario;De 65 a 69 años;Hombres;0
Total Nacional;17 Rioja, La;077-080 XIV.Enfermedades del sistema genitourinario;De 65 a 69 años;Mujeres;1
Total Nacional;17 Rioja, La;077-080 XIV.Enfermedades del sistema genitourinario;De 70 a 74 años;Hombres;3
Total Nacional;17 Rioja, La;077-080 XIV.Enfermedades del sistema genitourinario;De 70 a 74 años;Mujeres;1
Total Nacional;17 Rioja, La;077-080 XIV.Enfermedades del sistema genitourinario;De 75 a 79 años;Hombres;7
Total Nacional;17 Rioja, La;077-080 XIV.Enfermedades del sistema genitourinario;De 75 a 79 años;Mujeres;3
Total Nacional;17 Rioja, La;077-080 XIV.Enfermedades del sistema genitourinario;De 80 a 84 años;Hombres;6
Total Nacional;17 Rioja, La;077-080 XIV.Enfermedades del sistema genitourinario;De 80 a 84 años;Mujeres;6
Total Nacional;17 Rioja, La;077-080 XIV.Enfermedades del sistema genitourinario;De 85 a 89 años;Hombres;19
Total Nacional;17 Rioja, La;077-080 XIV.Enfermedades del sistema genitourinario;De 85 a 89 años;Mujeres;16
Total Nacional;17 Rioja, La;077-080 XIV.Enfermedades del sistema genitourinario;De 90 a 94 años;Hombres;18
Total Nacional;17 Rioja, La;077-080 XIV.Enfermedades del sistema genitourinario;De 90 a 94 años;Mujeres;18
Total Nacional;17 Rioja, La;077-080 XIV.Enfermedades del sistema genitourinario;De 95 años y más;Hombres;5
Total Nacional;17 Rioja, La;077-080 XIV.Enfermedades del sistema genitourinario;De 95 años y más;Mujeres;15
Total Nacional;17 Rioja, La;081 XV.Embarazo, parto y puerperio;De 1 a 14 años;Hombres;0
Total Nacional;17 Rioja, La;081 XV.Embarazo, parto y puerperio;De 1 a 14 años;Mujeres;0
Total Nacional;17 Rioja, La;081 XV.Embarazo, parto y puerperio;De 15 a 29 años;Hombres;0
Total Nacional;17 Rioja, La;081 XV.Embarazo, parto y puerperio;De 15 a 29 años;Mujeres;0
Total Nacional;17 Rioja, La;081 XV.Embarazo, parto y puerperio;De 30 a 39 años;Hombres;0
Total Nacional;17 Rioja, La;081 XV.Embarazo, parto y puerperio;De 30 a 39 años;Mujeres;0
Total Nacional;17 Rioja, La;081 XV.Embarazo, parto y puerperio;De 40 a 44 años;Hombres;0
Total Nacional;17 Rioja, La;081 XV.Embarazo, parto y puerperio;De 40 a 44 años;Mujeres;0
Total Nacional;17 Rioja, La;081 XV.Embarazo, parto y puerperio;De 45 a 49 años;Hombres;0
Total Nacional;17 Rioja, La;081 XV.Embarazo, parto y puerperio;De 45 a 49 años;Mujeres;0
Total Nacional;17 Rioja, La;081 XV.Embarazo, parto y puerperio;De 50 a 54 años;Hombres;0
Total Nacional;17 Rioja, La;081 XV.Embarazo, parto y puerperio;De 50 a 54 años;Mujeres;0
Total Nacional;17 Rioja, La;081 XV.Embarazo, parto y puerperio;De 55 a 59 años;Hombres;0
Total Nacional;17 Rioja, La;081 XV.Embarazo, parto y puerperio;De 55 a 59 años;Mujeres;0
Total Nacional;17 Rioja, La;081 XV.Embarazo, parto y puerperio;De 60 a 64 años;Hombres;0
Total Nacional;17 Rioja, La;081 XV.Embarazo, parto y puerperio;De 60 a 64 años;Mujeres;0
Total Nacional;17 Rioja, La;081 XV.Embarazo, parto y puerperio;De 65 a 69 años;Hombres;0
Total Nacional;17 Rioja, La;081 XV.Embarazo, parto y puerperio;De 65 a 69 años;Mujeres;0
Total Nacional;17 Rioja, La;081 XV.Embarazo, parto y puerperio;De 70 a 74 años;Hombres;0
Total Nacional;17 Rioja, La;081 XV.Embarazo, parto y puerperio;De 70 a 74 años;Mujeres;0
Total Nacional;17 Rioja, La;081 XV.Embarazo, parto y puerperio;De 75 a 79 años;Hombres;0
Total Nacional;17 Rioja, La;081 XV.Embarazo, parto y puerperio;De 75 a 79 años;Mujeres;0
Total Nacional;17 Rioja, La;081 XV.Embarazo, parto y puerperio;De 80 a 84 años;Hombres;0
Total Nacional;17 Rioja, La;081 XV.Embarazo, parto y puerperio;De 80 a 84 años;Mujeres;0
Total Nacional;17 Rioja, La;081 XV.Embarazo, parto y puerperio;De 85 a 89 años;Hombres;0
Total Nacional;17 Rioja, La;081 XV.Embarazo, parto y puerperio;De 85 a 89 años;Mujeres;0
Total Nacional;17 Rioja, La;081 XV.Embarazo, parto y puerperio;De 90 a 94 años;Hombres;0
Total Nacional;17 Rioja, La;081 XV.Embarazo, parto y puerperio;De 90 a 94 años;Mujeres;0
Total Nacional;17 Rioja, La;081 XV.Embarazo, parto y puerperio;De 95 años y más;Hombres;0
Total Nacional;17 Rioja, La;081 XV.Embarazo, parto y puerperio;De 95 años y más;Mujeres;0
Total Nacional;17 Rioja, La;082 XVI.Afecciones originadas en el periodo perinatal;De 1 a 14 años;Hombres;0
Total Nacional;17 Rioja, La;082 XVI.Afecciones originadas en el periodo perinatal;De 1 a 14 años;Mujeres;0
Total Nacional;17 Rioja, La;082 XVI.Afecciones originadas en el periodo perinatal;De 15 a 29 años;Hombres;0
Total Nacional;17 Rioja, La;082 XVI.Afecciones originadas en el periodo perinatal;De 15 a 29 años;Mujeres;0
Total Nacional;17 Rioja, La;082 XVI.Afecciones originadas en el periodo perinatal;De 30 a 39 años;Hombres;0
Total Nacional;17 Rioja, La;082 XVI.Afecciones originadas en el periodo perinatal;De 30 a 39 años;Mujeres;0
Total Nacional;17 Rioja, La;082 XVI.Afecciones originadas en el periodo perinatal;De 40 a 44 años;Hombres;0
Total Nacional;17 Rioja, La;082 XVI.Afecciones originadas en el periodo perinatal;De 40 a 44 años;Mujeres;0
Total Nacional;17 Rioja, La;082 XVI.Afecciones originadas en el periodo perinatal;De 45 a 49 años;Hombres;0
Total Nacional;17 Rioja, La;082 XVI.Afecciones originadas en el periodo perinatal;De 45 a 49 años;Mujeres;0
Total Nacional;17 Rioja, La;082 XVI.Afecciones originadas en el periodo perinatal;De 50 a 54 años;Hombres;0
Total Nacional;17 Rioja, La;082 XVI.Afecciones originadas en el periodo perinatal;De 50 a 54 años;Mujeres;0
Total Nacional;17 Rioja, La;082 XVI.Afecciones originadas en el periodo perinatal;De 55 a 59 años;Hombres;0
Total Nacional;17 Rioja, La;082 XVI.Afecciones originadas en el periodo perinatal;De 55 a 59 años;Mujeres;0
Total Nacional;17 Rioja, La;082 XVI.Afecciones originadas en el periodo perinatal;De 60 a 64 años;Hombres;0
Total Nacional;17 Rioja, La;082 XVI.Afecciones originadas en el periodo perinatal;De 60 a 64 años;Mujeres;0
Total Nacional;17 Rioja, La;082 XVI.Afecciones originadas en el periodo perinatal;De 65 a 69 años;Hombres;0
Total Nacional;17 Rioja, La;082 XVI.Afecciones originadas en el periodo perinatal;De 65 a 69 años;Mujeres;0
Total Nacional;17 Rioja, La;082 XVI.Afecciones originadas en el periodo perinatal;De 70 a 74 años;Hombres;0
Total Nacional;17 Rioja, La;082 XVI.Afecciones originadas en el periodo perinatal;De 70 a 74 años;Mujeres;0
Total Nacional;17 Rioja, La;082 XVI.Afecciones originadas en el periodo perinatal;De 75 a 79 años;Hombres;0
Total Nacional;17 Rioja, La;082 XVI.Afecciones originadas en el periodo perinatal;De 75 a 79 años;Mujeres;0
Total Nacional;17 Rioja, La;082 XVI.Afecciones originadas en el periodo perinatal;De 80 a 84 años;Hombres;0
Total Nacional;17 Rioja, La;082 XVI.Afecciones originadas en el periodo perinatal;De 80 a 84 años;Mujeres;0
Total Nacional;17 Rioja, La;082 XVI.Afecciones originadas en el periodo perinatal;De 85 a 89 años;Hombres;0
Total Nacional;17 Rioja, La;082 XVI.Afecciones originadas en el periodo perinatal;De 85 a 89 años;Mujeres;0
Total Nacional;17 Rioja, La;082 XVI.Afecciones originadas en el periodo perinatal;De 90 a 94 años;Hombres;0
Total Nacional;17 Rioja, La;082 XVI.Afecciones originadas en el periodo perinatal;De 90 a 94 años;Mujeres;0
Total Nacional;17 Rioja, La;082 XVI.Afecciones originadas en el periodo perinatal;De 95 años y más;Hombres;0
Total Nacional;17 Rioja, La;082 XVI.Afecciones originadas en el periodo perinatal;De 95 años y más;Mujeres;0
Total Nacional;17 Rioja, La;083-085 XVII.Malformaciones congénitas, deformidades y anomalías cromosómicas;De 1 a 14 años;Hombres;1
Total Nacional;17 Rioja, La;083-085 XVII.Malformaciones congénitas, deformidades y anomalías cromosómicas;De 1 a 14 años;Mujeres;0
Total Nacional;17 Rioja, La;083-085 XVII.Malformaciones congénitas, deformidades y anomalías cromosómicas;De 15 a 29 años;Hombres;0
Total Nacional;17 Rioja, La;083-085 XVII.Malformaciones congénitas, deformidades y anomalías cromosómicas;De 15 a 29 años;Mujeres;0
Total Nacional;17 Rioja, La;083-085 XVII.Malformaciones congénitas, deformidades y anomalías cromosómicas;De 30 a 39 años;Hombres;0
Total Nacional;17 Rioja, La;083-085 XVII.Malformaciones congénitas, deformidades y anomalías cromosómicas;De 30 a 39 años;Mujeres;1
Total Nacional;17 Rioja, La;083-085 XVII.Malformaciones congénitas, deformidades y anomalías cromosómicas;De 40 a 44 años;Hombres;0
Total Nacional;17 Rioja, La;083-085 XVII.Malformaciones congénitas, deformidades y anomalías cromosómicas;De 40 a 44 años;Mujeres;0
Total Nacional;17 Rioja, La;083-085 XVII.Malformaciones congénitas, deformidades y anomalías cromosómicas;De 45 a 49 años;Hombres;0
Total Nacional;17 Rioja, La;083-085 XVII.Malformaciones congénitas, deformidades y anomalías cromosómicas;De 45 a 49 años;Mujeres;0
Total Nacional;17 Rioja, La;083-085 XVII.Malformaciones congénitas, deformidades y anomalías cromosómicas;De 50 a 54 años;Hombres;0
Total Nacional;17 Rioja, La;083-085 XVII.Malformaciones congénitas, deformidades y anomalías cromosómicas;De 50 a 54 años;Mujeres;0
Total Nacional;17 Rioja, La;083-085 XVII.Malformaciones congénitas, deformidades y anomalías cromosómicas;De 55 a 59 años;Hombres;0
Total Nacional;17 Rioja, La;083-085 XVII.Malformaciones congénitas, deformidades y anomalías cromosómicas;De 55 a 59 años;Mujeres;0
Total Nacional;17 Rioja, La;083-085 XVII.Malformaciones congénitas, deformidades y anomalías cromosómicas;De 60 a 64 años;Hombres;0
Total Nacional;17 Rioja, La;083-085 XVII.Malformaciones congénitas, deformidades y anomalías cromosómicas;De 60 a 64 años;Mujeres;0
Total Nacional;17 Rioja, La;083-085 XVII.Malformaciones congénitas, deformidades y anomalías cromosómicas;De 65 a 69 años;Hombres;0
Total Nacional;17 Rioja, La;083-085 XVII.Malformaciones congénitas, deformidades y anomalías cromosómicas;De 65 a 69 años;Mujeres;0
Total Nacional;17 Rioja, La;083-085 XVII.Malformaciones congénitas, deformidades y anomalías cromosómicas;De 70 a 74 años;Hombres;0
Total Nacional;17 Rioja, La;083-085 XVII.Malformaciones congénitas, deformidades y anomalías cromosómicas;De 70 a 74 años;Mujeres;0
Total Nacional;17 Rioja, La;083-085 XVII.Malformaciones congénitas, deformidades y anomalías cromosómicas;De 75 a 79 años;Hombres;1
Total Nacional;17 Rioja, La;083-085 XVII.Malformaciones congénitas, deformidades y anomalías cromosómicas;De 75 a 79 años;Mujeres;0
Total Nacional;17 Rioja, La;083-085 XVII.Malformaciones congénitas, deformidades y anomalías cromosómicas;De 80 a 84 años;Hombres;0
Total Nacional;17 Rioja, La;083-085 XVII.Malformaciones congénitas, deformidades y anomalías cromosómicas;De 80 a 84 años;Mujeres;0
Total Nacional;17 Rioja, La;083-085 XVII.Malformaciones congénitas, deformidades y anomalías cromosómicas;De 85 a 89 años;Hombres;1
Total Nacional;17 Rioja, La;083-085 XVII.Malformaciones congénitas, deformidades y anomalías cromosómicas;De 85 a 89 años;Mujeres;1
Total Nacional;17 Rioja, La;083-085 XVII.Malformaciones congénitas, deformidades y anomalías cromosómicas;De 90 a 94 años;Hombres;0
Total Nacional;17 Rioja, La;083-085 XVII.Malformaciones congénitas, deformidades y anomalías cromosómicas;De 90 a 94 años;Mujeres;1
Total Nacional;17 Rioja, La;083-085 XVII.Malformaciones congénitas, deformidades y anomalías cromosómicas;De 95 años y más;Hombres;0
Total Nacional;17 Rioja, La;083-085 XVII.Malformaciones congénitas, deformidades y anomalías cromosómicas;De 95 años y más;Mujeres;0
Total Nacional;17 Rioja, La;086-089 XVIII.Síntomas, signos y hallazgos anormales clínicos y de laboratorio, no clasificados en otra parte;De 1 a 14 años;Hombres;0
Total Nacional;17 Rioja, La;086-089 XVIII.Síntomas, signos y hallazgos anormales clínicos y de laboratorio, no clasificados en otra parte;De 1 a 14 años;Mujeres;0
Total Nacional;17 Rioja, La;086-089 XVIII.Síntomas, signos y hallazgos anormales clínicos y de laboratorio, no clasificados en otra parte;De 15 a 29 años;Hombres;0
Total Nacional;17 Rioja, La;086-089 XVIII.Síntomas, signos y hallazgos anormales clínicos y de laboratorio, no clasificados en otra parte;De 15 a 29 años;Mujeres;0
Total Nacional;17 Rioja, La;086-089 XVIII.Síntomas, signos y hallazgos anormales clínicos y de laboratorio, no clasificados en otra parte;De 30 a 39 años;Hombres;0
Total Nacional;17 Rioja, La;086-089 XVIII.Síntomas, signos y hallazgos anormales clínicos y de laboratorio, no clasificados en otra parte;De 30 a 39 años;Mujeres;0
Total Nacional;17 Rioja, La;086-089 XVIII.Síntomas, signos y hallazgos anormales clínicos y de laboratorio, no clasificados en otra parte;De 40 a 44 años;Hombres;0
Total Nacional;17 Rioja, La;086-089 XVIII.Síntomas, signos y hallazgos anormales clínicos y de laboratorio, no clasificados en otra parte;De 40 a 44 años;Mujeres;0
Total Nacional;17 Rioja, La;086-089 XVIII.Síntomas, signos y hallazgos anormales clínicos y de laboratorio, no clasificados en otra parte;De 45 a 49 años;Hombres;1
Total Nacional;17 Rioja, La;086-089 XVIII.Síntomas, signos y hallazgos anormales clínicos y de laboratorio, no clasificados en otra parte;De 45 a 49 años;Mujeres;0
Total Nacional;17 Rioja, La;086-089 XVIII.Síntomas, signos y hallazgos anormales clínicos y de laboratorio, no clasificados en otra parte;De 50 a 54 años;Hombres;0
Total Nacional;17 Rioja, La;086-089 XVIII.Síntomas, signos y hallazgos anormales clínicos y de laboratorio, no clasificados en otra parte;De 50 a 54 años;Mujeres;0
Total Nacional;17 Rioja, La;086-089 XVIII.Síntomas, signos y hallazgos anormales clínicos y de laboratorio, no clasificados en otra parte;De 55 a 59 años;Hombres;1
Total Nacional;17 Rioja, La;086-089 XVIII.Síntomas, signos y hallazgos anormales clínicos y de laboratorio, no clasificados en otra parte;De 55 a 59 años;Mujeres;0
Total Nacional;17 Rioja, La;086-089 XVIII.Síntomas, signos y hallazgos anormales clínicos y de laboratorio, no clasificados en otra parte;De 60 a 64 años;Hombres;0
Total Nacional;17 Rioja, La;086-089 XVIII.Síntomas, signos y hallazgos anormales clínicos y de laboratorio, no clasificados en otra parte;De 60 a 64 años;Mujeres;0
Total Nacional;17 Rioja, La;086-089 XVIII.Síntomas, signos y hallazgos anormales clínicos y de laboratorio, no clasificados en otra parte;De 65 a 69 años;Hombres;0
Total Nacional;17 Rioja, La;086-089 XVIII.Síntomas, signos y hallazgos anormales clínicos y de laboratorio, no clasificados en otra parte;De 65 a 69 años;Mujeres;0
Total Nacional;17 Rioja, La;086-089 XVIII.Síntomas, signos y hallazgos anormales clínicos y de laboratorio, no clasificados en otra parte;De 70 a 74 años;Hombres;0
Total Nacional;17 Rioja, La;086-089 XVIII.Síntomas, signos y hallazgos anormales clínicos y de laboratorio, no clasificados en otra parte;De 70 a 74 años;Mujeres;0
Total Nacional;17 Rioja, La;086-089 XVIII.Síntomas, signos y hallazgos anormales clínicos y de laboratorio, no clasificados en otra parte;De 75 a 79 años;Hombres;0
Total Nacional;17 Rioja, La;086-089 XVIII.Síntomas, signos y hallazgos anormales clínicos y de laboratorio, no clasificados en otra parte;De 75 a 79 años;Mujeres;0
Total Nacional;17 Rioja, La;086-089 XVIII.Síntomas, signos y hallazgos anormales clínicos y de laboratorio, no clasificados en otra parte;De 80 a 84 años;Hombres;0
Total Nacional;17 Rioja, La;086-089 XVIII.Síntomas, signos y hallazgos anormales clínicos y de laboratorio, no clasificados en otra parte;De 80 a 84 años;Mujeres;0
Total Nacional;17 Rioja, La;086-089 XVIII.Síntomas, signos y hallazgos anormales clínicos y de laboratorio, no clasificados en otra parte;De 85 a 89 años;Hombres;0
Total Nacional;17 Rioja, La;086-089 XVIII.Síntomas, signos y hallazgos anormales clínicos y de laboratorio, no clasificados en otra parte;De 85 a 89 años;Mujeres;0
Total Nacional;17 Rioja, La;086-089 XVIII.Síntomas, signos y hallazgos anormales clínicos y de laboratorio, no clasificados en otra parte;De 90 a 94 años;Hombres;0
Total Nacional;17 Rioja, La;086-089 XVIII.Síntomas, signos y hallazgos anormales clínicos y de laboratorio, no clasificados en otra parte;De 90 a 94 años;Mujeres;0
Total Nacional;17 Rioja, La;086-089 XVIII.Síntomas, signos y hallazgos anormales clínicos y de laboratorio, no clasificados en otra parte;De 95 años y más;Hombres;0
Total Nacional;17 Rioja, La;086-089 XVIII.Síntomas, signos y hallazgos anormales clínicos y de laboratorio, no clasificados en otra parte;De 95 años y más;Mujeres;1
Total Nacional;17 Rioja, La;090-102 XX.Causas externas de mortalidad;De 1 a 14 años;Hombres;0
Total Nacional;17 Rioja, La;090-102 XX.Causas externas de mortalidad;De 1 a 14 años;Mujeres;1
Total Nacional;17 Rioja, La;090-102 XX.Causas externas de mortalidad;De 15 a 29 años;Hombres;3
Total Nacional;17 Rioja, La;090-102 XX.Causas externas de mortalidad;De 15 a 29 años;Mujeres;1
Total Nacional;17 Rioja, La;090-102 XX.Causas externas de mortalidad;De 30 a 39 años;Hombres;6
Total Nacional;17 Rioja, La;090-102 XX.Causas externas de mortalidad;De 30 a 39 años;Mujeres;2
Total Nacional;17 Rioja, La;090-102 XX.Causas externas de mortalidad;De 40 a 44 años;Hombres;3
Total Nacional;17 Rioja, La;090-102 XX.Causas externas de mortalidad;De 40 a 44 años;Mujeres;0
Total Nacional;17 Rioja, La;090-102 XX.Causas externas de mortalidad;De 45 a 49 años;Hombres;3
Total Nacional;17 Rioja, La;090-102 XX.Causas externas de mortalidad;De 45 a 49 años;Mujeres;2
Total Nacional;17 Rioja, La;090-102 XX.Causas externas de mortalidad;De 50 a 54 años;Hombres;3
Total Nacional;17 Rioja, La;090-102 XX.Causas externas de mortalidad;De 50 a 54 años;Mujeres;1
Total Nacional;17 Rioja, La;090-102 XX.Causas externas de mortalidad;De 55 a 59 años;Hombres;6
Total Nacional;17 Rioja, La;090-102 XX.Causas externas de mortalidad;De 55 a 59 años;Mujeres;3
Total Nacional;17 Rioja, La;090-102 XX.Causas externas de mortalidad;De 60 a 64 años;Hombres;8
Total Nacional;17 Rioja, La;090-102 XX.Causas externas de mortalidad;De 60 a 64 años;Mujeres;3
Total Nacional;17 Rioja, La;090-102 XX.Causas externas de mortalidad;De 65 a 69 años;Hombres;5
Total Nacional;17 Rioja, La;090-102 XX.Causas externas de mortalidad;De 65 a 69 años;Mujeres;2
Total Nacional;17 Rioja, La;090-102 XX.Causas externas de mortalidad;De 70 a 74 años;Hombres;2
Total Nacional;17 Rioja, La;090-102 XX.Causas externas de mortalidad;De 70 a 74 años;Mujeres;5
Total Nacional;17 Rioja, La;090-102 XX.Causas externas de mortalidad;De 75 a 79 años;Hombres;11
Total Nacional;17 Rioja, La;090-102 XX.Causas externas de mortalidad;De 75 a 79 años;Mujeres;8
Total Nacional;17 Rioja, La;090-102 XX.Causas externas de mortalidad;De 80 a 84 años;Hombres;5
Total Nacional;17 Rioja, La;090-102 XX.Causas externas de mortalidad;De 80 a 84 años;Mujeres;3
Total Nacional;17 Rioja, La;090-102 XX.Causas externas de mortalidad;De 85 a 89 años;Hombres;5
Total Nacional;17 Rioja, La;090-102 XX.Causas externas de mortalidad;De 85 a 89 años;Mujeres;10
Total Nacional;17 Rioja, La;090-102 XX.Causas externas de mortalidad;De 90 a 94 años;Hombres;6
Total Nacional;17 Rioja, La;090-102 XX.Causas externas de mortalidad;De 90 a 94 años;Mujeres;11
Total Nacional;17 Rioja, La;090-102 XX.Causas externas de mortalidad;De 95 años y más;Hombres;5
Total Nacional;17 Rioja, La;090-102 XX.Causas externas de mortalidad;De 95 años y más;Mujeres;3
Total Nacional;18 Ceuta;001-008 I.Enfermedades infecciosas y parasitarias;De 1 a 14 años;Hombres;0
Total Nacional;18 Ceuta;001-008 I.Enfermedades infecciosas y parasitarias;De 1 a 14 años;Mujeres;0
Total Nacional;18 Ceuta;001-008 I.Enfermedades infecciosas y parasitarias;De 15 a 29 años;Hombres;0
Total Nacional;18 Ceuta;001-008 I.Enfermedades infecciosas y parasitarias;De 15 a 29 años;Mujeres;0
Total Nacional;18 Ceuta;001-008 I.Enfermedades infecciosas y parasitarias;De 30 a 39 años;Hombres;0
Total Nacional;18 Ceuta;001-008 I.Enfermedades infecciosas y parasitarias;De 30 a 39 años;Mujeres;0
Total Nacional;18 Ceuta;001-008 I.Enfermedades infecciosas y parasitarias;De 40 a 44 años;Hombres;0
Total Nacional;18 Ceuta;001-008 I.Enfermedades infecciosas y parasitarias;De 40 a 44 años;Mujeres;0
Total Nacional;18 Ceuta;001-008 I.Enfermedades infecciosas y parasitarias;De 45 a 49 años;Hombres;0
Total Nacional;18 Ceuta;001-008 I.Enfermedades infecciosas y parasitarias;De 45 a 49 años;Mujeres;0
Total Nacional;18 Ceuta;001-008 I.Enfermedades infecciosas y parasitarias;De 50 a 54 años;Hombres;0
Total Nacional;18 Ceuta;001-008 I.Enfermedades infecciosas y parasitarias;De 50 a 54 años;Mujeres;0
Total Nacional;18 Ceuta;001-008 I.Enfermedades infecciosas y parasitarias;De 55 a 59 años;Hombres;2
Total Nacional;18 Ceuta;001-008 I.Enfermedades infecciosas y parasitarias;De 55 a 59 años;Mujeres;0
Total Nacional;18 Ceuta;001-008 I.Enfermedades infecciosas y parasitarias;De 60 a 64 años;Hombres;0
Total Nacional;18 Ceuta;001-008 I.Enfermedades infecciosas y parasitarias;De 60 a 64 años;Mujeres;2
Total Nacional;18 Ceuta;001-008 I.Enfermedades infecciosas y parasitarias;De 65 a 69 años;Hombres;1
Total Nacional;18 Ceuta;001-008 I.Enfermedades infecciosas y parasitarias;De 65 a 69 años;Mujeres;1
Total Nacional;18 Ceuta;001-008 I.Enfermedades infecciosas y parasitarias;De 70 a 74 años;Hombres;1
Total Nacional;18 Ceuta;001-008 I.Enfermedades infecciosas y parasitarias;De 70 a 74 años;Mujeres;0
Total Nacional;18 Ceuta;001-008 I.Enfermedades infecciosas y parasitarias;De 75 a 79 años;Hombres;2
Total Nacional;18 Ceuta;001-008 I.Enfermedades infecciosas y parasitarias;De 75 a 79 años;Mujeres;0
Total Nacional;18 Ceuta;001-008 I.Enfermedades infecciosas y parasitarias;De 80 a 84 años;Hombres;0
Total Nacional;18 Ceuta;001-008 I.Enfermedades infecciosas y parasitarias;De 80 a 84 años;Mujeres;0
Total Nacional;18 Ceuta;001-008 I.Enfermedades infecciosas y parasitarias;De 85 a 89 años;Hombres;1
Total Nacional;18 Ceuta;001-008 I.Enfermedades infecciosas y parasitarias;De 85 a 89 años;Mujeres;1
Total Nacional;18 Ceuta;001-008 I.Enfermedades infecciosas y parasitarias;De 90 a 94 años;Hombres;1
Total Nacional;18 Ceuta;001-008 I.Enfermedades infecciosas y parasitarias;De 90 a 94 años;Mujeres;1
Total Nacional;18 Ceuta;001-008 I.Enfermedades infecciosas y parasitarias;De 95 años y más;Hombres;0
Total Nacional;18 Ceuta;001-008 I.Enfermedades infecciosas y parasitarias;De 95 años y más;Mujeres;0
Total Nacional;18 Ceuta;009-041 II.Tumores;De 1 a 14 años;Hombres;0
Total Nacional;18 Ceuta;009-041 II.Tumores;De 1 a 14 años;Mujeres;0
Total Nacional;18 Ceuta;009-041 II.Tumores;De 15 a 29 años;Hombres;0
Total Nacional;18 Ceuta;009-041 II.Tumores;De 15 a 29 años;Mujeres;0
Total Nacional;18 Ceuta;009-041 II.Tumores;De 30 a 39 años;Hombres;1
Total Nacional;18 Ceuta;009-041 II.Tumores;De 30 a 39 años;Mujeres;2
Total Nacional;18 Ceuta;009-041 II.Tumores;De 40 a 44 años;Hombres;0
Total Nacional;18 Ceuta;009-041 II.Tumores;De 40 a 44 años;Mujeres;1
Total Nacional;18 Ceuta;009-041 II.Tumores;De 45 a 49 años;Hombres;2
Total Nacional;18 Ceuta;009-041 II.Tumores;De 45 a 49 años;Mujeres;0
Total Nacional;18 Ceuta;009-041 II.Tumores;De 50 a 54 años;Hombres;2
Total Nacional;18 Ceuta;009-041 II.Tumores;De 50 a 54 años;Mujeres;3
Total Nacional;18 Ceuta;009-041 II.Tumores;De 55 a 59 años;Hombres;8
Total Nacional;18 Ceuta;009-041 II.Tumores;De 55 a 59 años;Mujeres;1
Total Nacional;18 Ceuta;009-041 II.Tumores;De 60 a 64 años;Hombres;8
Total Nacional;18 Ceuta;009-041 II.Tumores;De 60 a 64 años;Mujeres;8
Total Nacional;18 Ceuta;009-041 II.Tumores;De 65 a 69 años;Hombres;7
Total Nacional;18 Ceuta;009-041 II.Tumores;De 65 a 69 años;Mujeres;8
Total Nacional;18 Ceuta;009-041 II.Tumores;De 70 a 74 años;Hombres;9
Total Nacional;18 Ceuta;009-041 II.Tumores;De 70 a 74 años;Mujeres;8
Total Nacional;18 Ceuta;009-041 II.Tumores;De 75 a 79 años;Hombres;13
Total Nacional;18 Ceuta;009-041 II.Tumores;De 75 a 79 años;Mujeres;7
Total Nacional;18 Ceuta;009-041 II.Tumores;De 80 a 84 años;Hombres;8
Total Nacional;18 Ceuta;009-041 II.Tumores;De 80 a 84 años;Mujeres;6
Total Nacional;18 Ceuta;009-041 II.Tumores;De 85 a 89 años;Hombres;16
Total Nacional;18 Ceuta;009-041 II.Tumores;De 85 a 89 años;Mujeres;3
Total Nacional;18 Ceuta;009-041 II.Tumores;De 90 a 94 años;Hombres;4
Total Nacional;18 Ceuta;009-041 II.Tumores;De 90 a 94 años;Mujeres;5
Total Nacional;18 Ceuta;009-041 II.Tumores;De 95 años y más;Hombres;0
Total Nacional;18 Ceuta;009-041 II.Tumores;De 95 años y más;Mujeres;0
Total Nacional;18 Ceuta;050-052 VI-VIII.Enfermedades del sistema nervioso y de los órganos de los sentidos;De 1 a 14 años;Hombres;0
Total Nacional;18 Ceuta;050-052 VI-VIII.Enfermedades del sistema nervioso y de los órganos de los sentidos;De 1 a 14 años;Mujeres;0
Total Nacional;18 Ceuta;050-052 VI-VIII.Enfermedades del sistema nervioso y de los órganos de los sentidos;De 15 a 29 años;Hombres;0
Total Nacional;18 Ceuta;050-052 VI-VIII.Enfermedades del sistema nervioso y de los órganos de los sentidos;De 15 a 29 años;Mujeres;0
Total Nacional;18 Ceuta;050-052 VI-VIII.Enfermedades del sistema nervioso y de los órganos de los sentidos;De 30 a 39 años;Hombres;0
Total Nacional;18 Ceuta;050-052 VI-VIII.Enfermedades del sistema nervioso y de los órganos de los sentidos;De 30 a 39 años;Mujeres;0
Total Nacional;18 Ceuta;050-052 VI-VIII.Enfermedades del sistema nervioso y de los órganos de los sentidos;De 40 a 44 años;Hombres;0
Total Nacional;18 Ceuta;050-052 VI-VIII.Enfermedades del sistema nervioso y de los órganos de los sentidos;De 40 a 44 años;Mujeres;0
Total Nacional;18 Ceuta;050-052 VI-VIII.Enfermedades del sistema nervioso y de los órganos de los sentidos;De 45 a 49 años;Hombres;0
Total Nacional;18 Ceuta;050-052 VI-VIII.Enfermedades del sistema nervioso y de los órganos de los sentidos;De 45 a 49 años;Mujeres;0
Total Nacional;18 Ceuta;050-052 VI-VIII.Enfermedades del sistema nervioso y de los órganos de los sentidos;De 50 a 54 años;Hombres;1
Total Nacional;18 Ceuta;050-052 VI-VIII.Enfermedades del sistema nervioso y de los órganos de los sentidos;De 50 a 54 años;Mujeres;0
Total Nacional;18 Ceuta;050-052 VI-VIII.Enfermedades del sistema nervioso y de los órganos de los sentidos;De 55 a 59 años;Hombres;0
Total Nacional;18 Ceuta;050-052 VI-VIII.Enfermedades del sistema nervioso y de los órganos de los sentidos;De 55 a 59 años;Mujeres;0
Total Nacional;18 Ceuta;050-052 VI-VIII.Enfermedades del sistema nervioso y de los órganos de los sentidos;De 60 a 64 años;Hombres;1
Total Nacional;18 Ceuta;050-052 VI-VIII.Enfermedades del sistema nervioso y de los órganos de los sentidos;De 60 a 64 años;Mujeres;2
Total Nacional;18 Ceuta;050-052 VI-VIII.Enfermedades del sistema nervioso y de los órganos de los sentidos;De 65 a 69 años;Hombres;0
Total Nacional;18 Ceuta;050-052 VI-VIII.Enfermedades del sistema nervioso y de los órganos de los sentidos;De 65 a 69 años;Mujeres;2
Total Nacional;18 Ceuta;050-052 VI-VIII.Enfermedades del sistema nervioso y de los órganos de los sentidos;De 70 a 74 años;Hombres;1
Total Nacional;18 Ceuta;050-052 VI-VIII.Enfermedades del sistema nervioso y de los órganos de los sentidos;De 70 a 74 años;Mujeres;1
Total Nacional;18 Ceuta;050-052 VI-VIII.Enfermedades del sistema nervioso y de los órganos de los sentidos;De 75 a 79 años;Hombres;2
Total Nacional;18 Ceuta;050-052 VI-VIII.Enfermedades del sistema nervioso y de los órganos de los sentidos;De 75 a 79 años;Mujeres;1
Total Nacional;18 Ceuta;050-052 VI-VIII.Enfermedades del sistema nervioso y de los órganos de los sentidos;De 80 a 84 años;Hombres;2
Total Nacional;18 Ceuta;050-052 VI-VIII.Enfermedades del sistema nervioso y de los órganos de los sentidos;De 80 a 84 años;Mujeres;3
Total Nacional;18 Ceuta;050-052 VI-VIII.Enfermedades del sistema nervioso y de los órganos de los sentidos;De 85 a 89 años;Hombres;0
Total Nacional;18 Ceuta;050-052 VI-VIII.Enfermedades del sistema nervioso y de los órganos de los sentidos;De 85 a 89 años;Mujeres;4
Total Nacional;18 Ceuta;050-052 VI-VIII.Enfermedades del sistema nervioso y de los órganos de los sentidos;De 90 a 94 años;Hombres;0
Total Nacional;18 Ceuta;050-052 VI-VIII.Enfermedades del sistema nervioso y de los órganos de los sentidos;De 90 a 94 años;Mujeres;0
Total Nacional;18 Ceuta;050-052 VI-VIII.Enfermedades del sistema nervioso y de los órganos de los sentidos;De 95 años y más;Hombres;0
Total Nacional;18 Ceuta;050-052 VI-VIII.Enfermedades del sistema nervioso y de los órganos de los sentidos;De 95 años y más;Mujeres;0
Total Nacional;18 Ceuta;053-061 IX.Enfermedades del sistema circulatorio;De 1 a 14 años;Hombres;0
Total Nacional;18 Ceuta;053-061 IX.Enfermedades del sistema circulatorio;De 1 a 14 años;Mujeres;0
Total Nacional;18 Ceuta;053-061 IX.Enfermedades del sistema circulatorio;De 15 a 29 años;Hombres;0
Total Nacional;18 Ceuta;053-061 IX.Enfermedades del sistema circulatorio;De 15 a 29 años;Mujeres;1
Total Nacional;18 Ceuta;053-061 IX.Enfermedades del sistema circulatorio;De 30 a 39 años;Hombres;1
Total Nacional;18 Ceuta;053-061 IX.Enfermedades del sistema circulatorio;De 30 a 39 años;Mujeres;0
Total Nacional;18 Ceuta;053-061 IX.Enfermedades del sistema circulatorio;De 40 a 44 años;Hombres;0
Total Nacional;18 Ceuta;053-061 IX.Enfermedades del sistema circulatorio;De 40 a 44 años;Mujeres;0
Total Nacional;18 Ceuta;053-061 IX.Enfermedades del sistema circulatorio;De 45 a 49 años;Hombres;3
Total Nacional;18 Ceuta;053-061 IX.Enfermedades del sistema circulatorio;De 45 a 49 años;Mujeres;0
Total Nacional;18 Ceuta;053-061 IX.Enfermedades del sistema circulatorio;De 50 a 54 años;Hombres;3
Total Nacional;18 Ceuta;053-061 IX.Enfermedades del sistema circulatorio;De 50 a 54 años;Mujeres;0
Total Nacional;18 Ceuta;053-061 IX.Enfermedades del sistema circulatorio;De 55 a 59 años;Hombres;5
Total Nacional;18 Ceuta;053-061 IX.Enfermedades del sistema circulatorio;De 55 a 59 años;Mujeres;1
Total Nacional;18 Ceuta;053-061 IX.Enfermedades del sistema circulatorio;De 60 a 64 años;Hombres;3
Total Nacional;18 Ceuta;053-061 IX.Enfermedades del sistema circulatorio;De 60 a 64 años;Mujeres;1
Total Nacional;18 Ceuta;053-061 IX.Enfermedades del sistema circulatorio;De 65 a 69 años;Hombres;9
Total Nacional;18 Ceuta;053-061 IX.Enfermedades del sistema circulatorio;De 65 a 69 años;Mujeres;3
Total Nacional;18 Ceuta;053-061 IX.Enfermedades del sistema circulatorio;De 70 a 74 años;Hombres;10
Total Nacional;18 Ceuta;053-061 IX.Enfermedades del sistema circulatorio;De 70 a 74 años;Mujeres;5
Total Nacional;18 Ceuta;053-061 IX.Enfermedades del sistema circulatorio;De 75 a 79 años;Hombres;7
Total Nacional;18 Ceuta;053-061 IX.Enfermedades del sistema circulatorio;De 75 a 79 años;Mujeres;7
Total Nacional;18 Ceuta;053-061 IX.Enfermedades del sistema circulatorio;De 80 a 84 años;Hombres;10
Total Nacional;18 Ceuta;053-061 IX.Enfermedades del sistema circulatorio;De 80 a 84 años;Mujeres;15
Total Nacional;18 Ceuta;053-061 IX.Enfermedades del sistema circulatorio;De 85 a 89 años;Hombres;10
Total Nacional;18 Ceuta;053-061 IX.Enfermedades del sistema circulatorio;De 85 a 89 años;Mujeres;16
Total Nacional;18 Ceuta;053-061 IX.Enfermedades del sistema circulatorio;De 90 a 94 años;Hombres;10
Total Nacional;18 Ceuta;053-061 IX.Enfermedades del sistema circulatorio;De 90 a 94 años;Mujeres;26
Total Nacional;18 Ceuta;053-061 IX.Enfermedades del sistema circulatorio;De 95 años y más;Hombres;1
Total Nacional;18 Ceuta;053-061 IX.Enfermedades del sistema circulatorio;De 95 años y más;Mujeres;7
Total Nacional;18 Ceuta;062-067 X.Enfermedades del sistema respiratorio;De 1 a 14 años;Hombres;0
Total Nacional;18 Ceuta;062-067 X.Enfermedades del sistema respiratorio;De 1 a 14 años;Mujeres;0
Total Nacional;18 Ceuta;062-067 X.Enfermedades del sistema respiratorio;De 15 a 29 años;Hombres;0
Total Nacional;18 Ceuta;062-067 X.Enfermedades del sistema respiratorio;De 15 a 29 años;Mujeres;0
Total Nacional;18 Ceuta;062-067 X.Enfermedades del sistema respiratorio;De 30 a 39 años;Hombres;0
Total Nacional;18 Ceuta;062-067 X.Enfermedades del sistema respiratorio;De 30 a 39 años;Mujeres;0
Total Nacional;18 Ceuta;062-067 X.Enfermedades del sistema respiratorio;De 40 a 44 años;Hombres;1
Total Nacional;18 Ceuta;062-067 X.Enfermedades del sistema respiratorio;De 40 a 44 años;Mujeres;0
Total Nacional;18 Ceuta;062-067 X.Enfermedades del sistema respiratorio;De 45 a 49 años;Hombres;0
Total Nacional;18 Ceuta;062-067 X.Enfermedades del sistema respiratorio;De 45 a 49 años;Mujeres;0
Total Nacional;18 Ceuta;062-067 X.Enfermedades del sistema respiratorio;De 50 a 54 años;Hombres;1
Total Nacional;18 Ceuta;062-067 X.Enfermedades del sistema respiratorio;De 50 a 54 años;Mujeres;0
Total Nacional;18 Ceuta;062-067 X.Enfermedades del sistema respiratorio;De 55 a 59 años;Hombres;0
Total Nacional;18 Ceuta;062-067 X.Enfermedades del sistema respiratorio;De 55 a 59 años;Mujeres;0
Total Nacional;18 Ceuta;062-067 X.Enfermedades del sistema respiratorio;De 60 a 64 años;Hombres;3
Total Nacional;18 Ceuta;062-067 X.Enfermedades del sistema respiratorio;De 60 a 64 años;Mujeres;2
Total Nacional;18 Ceuta;062-067 X.Enfermedades del sistema respiratorio;De 65 a 69 años;Hombres;3
Total Nacional;18 Ceuta;062-067 X.Enfermedades del sistema respiratorio;De 65 a 69 años;Mujeres;1
Total Nacional;18 Ceuta;062-067 X.Enfermedades del sistema respiratorio;De 70 a 74 años;Hombres;5
Total Nacional;18 Ceuta;062-067 X.Enfermedades del sistema respiratorio;De 70 a 74 años;Mujeres;5
Total Nacional;18 Ceuta;062-067 X.Enfermedades del sistema respiratorio;De 75 a 79 años;Hombres;7
Total Nacional;18 Ceuta;062-067 X.Enfermedades del sistema respiratorio;De 75 a 79 años;Mujeres;2
Total Nacional;18 Ceuta;062-067 X.Enfermedades del sistema respiratorio;De 80 a 84 años;Hombres;8
Total Nacional;18 Ceuta;062-067 X.Enfermedades del sistema respiratorio;De 80 a 84 años;Mujeres;3
Total Nacional;18 Ceuta;062-067 X.Enfermedades del sistema respiratorio;De 85 a 89 años;Hombres;6
Total Nacional;18 Ceuta;062-067 X.Enfermedades del sistema respiratorio;De 85 a 89 años;Mujeres;12
Total Nacional;18 Ceuta;062-067 X.Enfermedades del sistema respiratorio;De 90 a 94 años;Hombres;2
Total Nacional;18 Ceuta;062-067 X.Enfermedades del sistema respiratorio;De 90 a 94 años;Mujeres;4
Total Nacional;18 Ceuta;062-067 X.Enfermedades del sistema respiratorio;De 95 años y más;Hombres;1
Total Nacional;18 Ceuta;062-067 X.Enfermedades del sistema respiratorio;De 95 años y más;Mujeres;9
Total Nacional;18 Ceuta;068-072 XI.Enfermedades del sistema digestivo;De 1 a 14 años;Hombres;0
Total Nacional;18 Ceuta;068-072 XI.Enfermedades del sistema digestivo;De 1 a 14 años;Mujeres;0
Total Nacional;18 Ceuta;068-072 XI.Enfermedades del sistema digestivo;De 15 a 29 años;Hombres;0
Total Nacional;18 Ceuta;068-072 XI.Enfermedades del sistema digestivo;De 15 a 29 años;Mujeres;0
Total Nacional;18 Ceuta;068-072 XI.Enfermedades del sistema digestivo;De 30 a 39 años;Hombres;0
Total Nacional;18 Ceuta;068-072 XI.Enfermedades del sistema digestivo;De 30 a 39 años;Mujeres;0
Total Nacional;18 Ceuta;068-072 XI.Enfermedades del sistema digestivo;De 40 a 44 años;Hombres;0
Total Nacional;18 Ceuta;068-072 XI.Enfermedades del sistema digestivo;De 40 a 44 años;Mujeres;0
Total Nacional;18 Ceuta;068-072 XI.Enfermedades del sistema digestivo;De 45 a 49 años;Hombres;0
Total Nacional;18 Ceuta;068-072 XI.Enfermedades del sistema digestivo;De 45 a 49 años;Mujeres;0
Total Nacional;18 Ceuta;068-072 XI.Enfermedades del sistema digestivo;De 50 a 54 años;Hombres;1
Total Nacional;18 Ceuta;068-072 XI.Enfermedades del sistema digestivo;De 50 a 54 años;Mujeres;1
Total Nacional;18 Ceuta;068-072 XI.Enfermedades del sistema digestivo;De 55 a 59 años;Hombres;1
Total Nacional;18 Ceuta;068-072 XI.Enfermedades del sistema digestivo;De 55 a 59 años;Mujeres;1
Total Nacional;18 Ceuta;068-072 XI.Enfermedades del sistema digestivo;De 60 a 64 años;Hombres;0
Total Nacional;18 Ceuta;068-072 XI.Enfermedades del sistema digestivo;De 60 a 64 años;Mujeres;1
Total Nacional;18 Ceuta;068-072 XI.Enfermedades del sistema digestivo;De 65 a 69 años;Hombres;3
Total Nacional;18 Ceuta;068-072 XI.Enfermedades del sistema digestivo;De 65 a 69 años;Mujeres;1
Total Nacional;18 Ceuta;068-072 XI.Enfermedades del sistema digestivo;De 70 a 74 años;Hombres;2
Total Nacional;18 Ceuta;068-072 XI.Enfermedades del sistema digestivo;De 70 a 74 años;Mujeres;2
Total Nacional;18 Ceuta;068-072 XI.Enfermedades del sistema digestivo;De 75 a 79 años;Hombres;1
Total Nacional;18 Ceuta;068-072 XI.Enfermedades del sistema digestivo;De 75 a 79 años;Mujeres;3
Total Nacional;18 Ceuta;068-072 XI.Enfermedades del sistema digestivo;De 80 a 84 años;Hombres;1
Total Nacional;18 Ceuta;068-072 XI.Enfermedades del sistema digestivo;De 80 a 84 años;Mujeres;1
Total Nacional;18 Ceuta;068-072 XI.Enfermedades del sistema digestivo;De 85 a 89 años;Hombres;0
Total Nacional;18 Ceuta;068-072 XI.Enfermedades del sistema digestivo;De 85 a 89 años;Mujeres;6
Total Nacional;18 Ceuta;068-072 XI.Enfermedades del sistema digestivo;De 90 a 94 años;Hombres;1
Total Nacional;18 Ceuta;068-072 XI.Enfermedades del sistema digestivo;De 90 a 94 años;Mujeres;3
Total Nacional;18 Ceuta;068-072 XI.Enfermedades del sistema digestivo;De 95 años y más;Hombres;0
Total Nacional;18 Ceuta;068-072 XI.Enfermedades del sistema digestivo;De 95 años y más;Mujeres;0
Total Nacional;18 Ceuta;073 XII.Enfermedades de la piel y del tejido subcutáneo;De 1 a 14 años;Hombres;0
Total Nacional;18 Ceuta;073 XII.Enfermedades de la piel y del tejido subcutáneo;De 1 a 14 años;Mujeres;0
Total Nacional;18 Ceuta;073 XII.Enfermedades de la piel y del tejido subcutáneo;De 15 a 29 años;Hombres;0
Total Nacional;18 Ceuta;073 XII.Enfermedades de la piel y del tejido subcutáneo;De 15 a 29 años;Mujeres;0
Total Nacional;18 Ceuta;073 XII.Enfermedades de la piel y del tejido subcutáneo;De 30 a 39 años;Hombres;0
Total Nacional;18 Ceuta;073 XII.Enfermedades de la piel y del tejido subcutáneo;De 30 a 39 años;Mujeres;0
Total Nacional;18 Ceuta;073 XII.Enfermedades de la piel y del tejido subcutáneo;De 40 a 44 años;Hombres;0
Total Nacional;18 Ceuta;073 XII.Enfermedades de la piel y del tejido subcutáneo;De 40 a 44 años;Mujeres;0
Total Nacional;18 Ceuta;073 XII.Enfermedades de la piel y del tejido subcutáneo;De 45 a 49 años;Hombres;0
Total Nacional;18 Ceuta;073 XII.Enfermedades de la piel y del tejido subcutáneo;De 45 a 49 años;Mujeres;0
Total Nacional;18 Ceuta;073 XII.Enfermedades de la piel y del tejido subcutáneo;De 50 a 54 años;Hombres;0
Total Nacional;18 Ceuta;073 XII.Enfermedades de la piel y del tejido subcutáneo;De 50 a 54 años;Mujeres;0
Total Nacional;18 Ceuta;073 XII.Enfermedades de la piel y del tejido subcutáneo;De 55 a 59 años;Hombres;0
Total Nacional;18 Ceuta;073 XII.Enfermedades de la piel y del tejido subcutáneo;De 55 a 59 años;Mujeres;0
Total Nacional;18 Ceuta;073 XII.Enfermedades de la piel y del tejido subcutáneo;De 60 a 64 años;Hombres;1
Total Nacional;18 Ceuta;073 XII.Enfermedades de la piel y del tejido subcutáneo;De 60 a 64 años;Mujeres;0
Total Nacional;18 Ceuta;073 XII.Enfermedades de la piel y del tejido subcutáneo;De 65 a 69 años;Hombres;0
Total Nacional;18 Ceuta;073 XII.Enfermedades de la piel y del tejido subcutáneo;De 65 a 69 años;Mujeres;0
Total Nacional;18 Ceuta;073 XII.Enfermedades de la piel y del tejido subcutáneo;De 70 a 74 años;Hombres;0
Total Nacional;18 Ceuta;073 XII.Enfermedades de la piel y del tejido subcutáneo;De 70 a 74 años;Mujeres;0
Total Nacional;18 Ceuta;073 XII.Enfermedades de la piel y del tejido subcutáneo;De 75 a 79 años;Hombres;0
Total Nacional;18 Ceuta;073 XII.Enfermedades de la piel y del tejido subcutáneo;De 75 a 79 años;Mujeres;1
Total Nacional;18 Ceuta;073 XII.Enfermedades de la piel y del tejido subcutáneo;De 80 a 84 años;Hombres;0
Total Nacional;18 Ceuta;073 XII.Enfermedades de la piel y del tejido subcutáneo;De 80 a 84 años;Mujeres;0
Total Nacional;18 Ceuta;073 XII.Enfermedades de la piel y del tejido subcutáneo;De 85 a 89 años;Hombres;0
Total Nacional;18 Ceuta;073 XII.Enfermedades de la piel y del tejido subcutáneo;De 85 a 89 años;Mujeres;0
Total Nacional;18 Ceuta;073 XII.Enfermedades de la piel y del tejido subcutáneo;De 90 a 94 años;Hombres;0
Total Nacional;18 Ceuta;073 XII.Enfermedades de la piel y del tejido subcutáneo;De 90 a 94 años;Mujeres;1
Total Nacional;18 Ceuta;073 XII.Enfermedades de la piel y del tejido subcutáneo;De 95 años y más;Hombres;0
Total Nacional;18 Ceuta;073 XII.Enfermedades de la piel y del tejido subcutáneo;De 95 años y más;Mujeres;0
Total Nacional;18 Ceuta;074-076 XIII.Enfermedades del sistema osteomuscular y del tejido conjuntivo;De 1 a 14 años;Hombres;0
Total Nacional;18 Ceuta;074-076 XIII.Enfermedades del sistema osteomuscular y del tejido conjuntivo;De 1 a 14 años;Mujeres;0
Total Nacional;18 Ceuta;074-076 XIII.Enfermedades del sistema osteomuscular y del tejido conjuntivo;De 15 a 29 años;Hombres;0
Total Nacional;18 Ceuta;074-076 XIII.Enfermedades del sistema osteomuscular y del tejido conjuntivo;De 15 a 29 años;Mujeres;0
Total Nacional;18 Ceuta;074-076 XIII.Enfermedades del sistema osteomuscular y del tejido conjuntivo;De 30 a 39 años;Hombres;0
Total Nacional;18 Ceuta;074-076 XIII.Enfermedades del sistema osteomuscular y del tejido conjuntivo;De 30 a 39 años;Mujeres;0
Total Nacional;18 Ceuta;074-076 XIII.Enfermedades del sistema osteomuscular y del tejido conjuntivo;De 40 a 44 años;Hombres;0
Total Nacional;18 Ceuta;074-076 XIII.Enfermedades del sistema osteomuscular y del tejido conjuntivo;De 40 a 44 años;Mujeres;0
Total Nacional;18 Ceuta;074-076 XIII.Enfermedades del sistema osteomuscular y del tejido conjuntivo;De 45 a 49 años;Hombres;0
Total Nacional;18 Ceuta;074-076 XIII.Enfermedades del sistema osteomuscular y del tejido conjuntivo;De 45 a 49 años;Mujeres;0
Total Nacional;18 Ceuta;074-076 XIII.Enfermedades del sistema osteomuscular y del tejido conjuntivo;De 50 a 54 años;Hombres;0
Total Nacional;18 Ceuta;074-076 XIII.Enfermedades del sistema osteomuscular y del tejido conjuntivo;De 50 a 54 años;Mujeres;0
Total Nacional;18 Ceuta;074-076 XIII.Enfermedades del sistema osteomuscular y del tejido conjuntivo;De 55 a 59 años;Hombres;0
Total Nacional;18 Ceuta;074-076 XIII.Enfermedades del sistema osteomuscular y del tejido conjuntivo;De 55 a 59 años;Mujeres;0
Total Nacional;18 Ceuta;074-076 XIII.Enfermedades del sistema osteomuscular y del tejido conjuntivo;De 60 a 64 años;Hombres;0
Total Nacional;18 Ceuta;074-076 XIII.Enfermedades del sistema osteomuscular y del tejido conjuntivo;De 60 a 64 años;Mujeres;0
Total Nacional;18 Ceuta;074-076 XIII.Enfermedades del sistema osteomuscular y del tejido conjuntivo;De 65 a 69 años;Hombres;0
Total Nacional;18 Ceuta;074-076 XIII.Enfermedades del sistema osteomuscular y del tejido conjuntivo;De 65 a 69 años;Mujeres;0
Total Nacional;18 Ceuta;074-076 XIII.Enfermedades del sistema osteomuscular y del tejido conjuntivo;De 70 a 74 años;Hombres;0
Total Nacional;18 Ceuta;074-076 XIII.Enfermedades del sistema osteomuscular y del tejido conjuntivo;De 70 a 74 años;Mujeres;0
Total Nacional;18 Ceuta;074-076 XIII.Enfermedades del sistema osteomuscular y del tejido conjuntivo;De 75 a 79 años;Hombres;0
Total Nacional;18 Ceuta;074-076 XIII.Enfermedades del sistema osteomuscular y del tejido conjuntivo;De 75 a 79 años;Mujeres;0
Total Nacional;18 Ceuta;074-076 XIII.Enfermedades del sistema osteomuscular y del tejido conjuntivo;De 80 a 84 años;Hombres;1
Total Nacional;18 Ceuta;074-076 XIII.Enfermedades del sistema osteomuscular y del tejido conjuntivo;De 80 a 84 años;Mujeres;1
Total Nacional;18 Ceuta;074-076 XIII.Enfermedades del sistema osteomuscular y del tejido conjuntivo;De 85 a 89 años;Hombres;0
Total Nacional;18 Ceuta;074-076 XIII.Enfermedades del sistema osteomuscular y del tejido conjuntivo;De 85 a 89 años;Mujeres;1
Total Nacional;18 Ceuta;074-076 XIII.Enfermedades del sistema osteomuscular y del tejido conjuntivo;De 90 a 94 años;Hombres;0
Total Nacional;18 Ceuta;074-076 XIII.Enfermedades del sistema osteomuscular y del tejido conjuntivo;De 90 a 94 años;Mujeres;1
Total Nacional;18 Ceuta;074-076 XIII.Enfermedades del sistema osteomuscular y del tejido conjuntivo;De 95 años y más;Hombres;0
Total Nacional;18 Ceuta;074-076 XIII.Enfermedades del sistema osteomuscular y del tejido conjuntivo;De 95 años y más;Mujeres;1
Total Nacional;18 Ceuta;077-080 XIV.Enfermedades del sistema genitourinario;De 1 a 14 años;Hombres;0
Total Nacional;18 Ceuta;077-080 XIV.Enfermedades del sistema genitourinario;De 1 a 14 años;Mujeres;0
Total Nacional;18 Ceuta;077-080 XIV.Enfermedades del sistema genitourinario;De 15 a 29 años;Hombres;0
Total Nacional;18 Ceuta;077-080 XIV.Enfermedades del sistema genitourinario;De 15 a 29 años;Mujeres;1
Total Nacional;18 Ceuta;077-080 XIV.Enfermedades del sistema genitourinario;De 30 a 39 años;Hombres;0
Total Nacional;18 Ceuta;077-080 XIV.Enfermedades del sistema genitourinario;De 30 a 39 años;Mujeres;0
Total Nacional;18 Ceuta;077-080 XIV.Enfermedades del sistema genitourinario;De 40 a 44 años;Hombres;0
Total Nacional;18 Ceuta;077-080 XIV.Enfermedades del sistema genitourinario;De 40 a 44 años;Mujeres;0
Total Nacional;18 Ceuta;077-080 XIV.Enfermedades del sistema genitourinario;De 45 a 49 años;Hombres;0
Total Nacional;18 Ceuta;077-080 XIV.Enfermedades del sistema genitourinario;De 45 a 49 años;Mujeres;0
Total Nacional;18 Ceuta;077-080 XIV.Enfermedades del sistema genitourinario;De 50 a 54 años;Hombres;0
Total Nacional;18 Ceuta;077-080 XIV.Enfermedades del sistema genitourinario;De 50 a 54 años;Mujeres;0
Total Nacional;18 Ceuta;077-080 XIV.Enfermedades del sistema genitourinario;De 55 a 59 años;Hombres;1
Total Nacional;18 Ceuta;077-080 XIV.Enfermedades del sistema genitourinario;De 55 a 59 años;Mujeres;0
Total Nacional;18 Ceuta;077-080 XIV.Enfermedades del sistema genitourinario;De 60 a 64 años;Hombres;1
Total Nacional;18 Ceuta;077-080 XIV.Enfermedades del sistema genitourinario;De 60 a 64 años;Mujeres;1
Total Nacional;18 Ceuta;077-080 XIV.Enfermedades del sistema genitourinario;De 65 a 69 años;Hombres;0
Total Nacional;18 Ceuta;077-080 XIV.Enfermedades del sistema genitourinario;De 65 a 69 años;Mujeres;1
Total Nacional;18 Ceuta;077-080 XIV.Enfermedades del sistema genitourinario;De 70 a 74 años;Hombres;1
Total Nacional;18 Ceuta;077-080 XIV.Enfermedades del sistema genitourinario;De 70 a 74 años;Mujeres;2
Total Nacional;18 Ceuta;077-080 XIV.Enfermedades del sistema genitourinario;De 75 a 79 años;Hombres;2
Total Nacional;18 Ceuta;077-080 XIV.Enfermedades del sistema genitourinario;De 75 a 79 años;Mujeres;2
Total Nacional;18 Ceuta;077-080 XIV.Enfermedades del sistema genitourinario;De 80 a 84 años;Hombres;0
Total Nacional;18 Ceuta;077-080 XIV.Enfermedades del sistema genitourinario;De 80 a 84 años;Mujeres;4
Total Nacional;18 Ceuta;077-080 XIV.Enfermedades del sistema genitourinario;De 85 a 89 años;Hombres;2
Total Nacional;18 Ceuta;077-080 XIV.Enfermedades del sistema genitourinario;De 85 a 89 años;Mujeres;3
Total Nacional;18 Ceuta;077-080 XIV.Enfermedades del sistema genitourinario;De 90 a 94 años;Hombres;1
Total Nacional;18 Ceuta;077-080 XIV.Enfermedades del sistema genitourinario;De 90 a 94 años;Mujeres;2
Total Nacional;18 Ceuta;077-080 XIV.Enfermedades del sistema genitourinario;De 95 años y más;Hombres;0
Total Nacional;18 Ceuta;077-080 XIV.Enfermedades del sistema genitourinario;De 95 años y más;Mujeres;0
Total Nacional;18 Ceuta;081 XV.Embarazo, parto y puerperio;De 1 a 14 años;Hombres;0
Total Nacional;18 Ceuta;081 XV.Embarazo, parto y puerperio;De 1 a 14 años;Mujeres;0
Total Nacional;18 Ceuta;081 XV.Embarazo, parto y puerperio;De 15 a 29 años;Hombres;0
Total Nacional;18 Ceuta;081 XV.Embarazo, parto y puerperio;De 15 a 29 años;Mujeres;0
Total Nacional;18 Ceuta;081 XV.Embarazo, parto y puerperio;De 30 a 39 años;Hombres;0
Total Nacional;18 Ceuta;081 XV.Embarazo, parto y puerperio;De 30 a 39 años;Mujeres;0
Total Nacional;18 Ceuta;081 XV.Embarazo, parto y puerperio;De 40 a 44 años;Hombres;0
Total Nacional;18 Ceuta;081 XV.Embarazo, parto y puerperio;De 40 a 44 años;Mujeres;0
Total Nacional;18 Ceuta;081 XV.Embarazo, parto y puerperio;De 45 a 49 años;Hombres;0
Total Nacional;18 Ceuta;081 XV.Embarazo, parto y puerperio;De 45 a 49 años;Mujeres;0
Total Nacional;18 Ceuta;081 XV.Embarazo, parto y puerperio;De 50 a 54 años;Hombres;0
Total Nacional;18 Ceuta;081 XV.Embarazo, parto y puerperio;De 50 a 54 años;Mujeres;0
Total Nacional;18 Ceuta;081 XV.Embarazo, parto y puerperio;De 55 a 59 años;Hombres;0
Total Nacional;18 Ceuta;081 XV.Embarazo, parto y puerperio;De 55 a 59 años;Mujeres;0
Total Nacional;18 Ceuta;081 XV.Embarazo, parto y puerperio;De 60 a 64 años;Hombres;0
Total Nacional;18 Ceuta;081 XV.Embarazo, parto y puerperio;De 60 a 64 años;Mujeres;0
Total Nacional;18 Ceuta;081 XV.Embarazo, parto y puerperio;De 65 a 69 años;Hombres;0
Total Nacional;18 Ceuta;081 XV.Embarazo, parto y puerperio;De 65 a 69 años;Mujeres;0
Total Nacional;18 Ceuta;081 XV.Embarazo, parto y puerperio;De 70 a 74 años;Hombres;0
Total Nacional;18 Ceuta;081 XV.Embarazo, parto y puerperio;De 70 a 74 años;Mujeres;0
Total Nacional;18 Ceuta;081 XV.Embarazo, parto y puerperio;De 75 a 79 años;Hombres;0
Total Nacional;18 Ceuta;081 XV.Embarazo, parto y puerperio;De 75 a 79 años;Mujeres;0
Total Nacional;18 Ceuta;081 XV.Embarazo, parto y puerperio;De 80 a 84 años;Hombres;0
Total Nacional;18 Ceuta;081 XV.Embarazo, parto y puerperio;De 80 a 84 años;Mujeres;0
Total Nacional;18 Ceuta;081 XV.Embarazo, parto y puerperio;De 85 a 89 años;Hombres;0
Total Nacional;18 Ceuta;081 XV.Embarazo, parto y puerperio;De 85 a 89 años;Mujeres;0
Total Nacional;18 Ceuta;081 XV.Embarazo, parto y puerperio;De 90 a 94 años;Hombres;0
Total Nacional;18 Ceuta;081 XV.Embarazo, parto y puerperio;De 90 a 94 años;Mujeres;0
Total Nacional;18 Ceuta;081 XV.Embarazo, parto y puerperio;De 95 años y más;Hombres;0
Total Nacional;18 Ceuta;081 XV.Embarazo, parto y puerperio;De 95 años y más;Mujeres;0
Total Nacional;18 Ceuta;082 XVI.Afecciones originadas en el periodo perinatal;De 1 a 14 años;Hombres;0
Total Nacional;18 Ceuta;082 XVI.Afecciones originadas en el periodo perinatal;De 1 a 14 años;Mujeres;0
Total Nacional;18 Ceuta;082 XVI.Afecciones originadas en el periodo perinatal;De 15 a 29 años;Hombres;0
Total Nacional;18 Ceuta;082 XVI.Afecciones originadas en el periodo perinatal;De 15 a 29 años;Mujeres;0
Total Nacional;18 Ceuta;082 XVI.Afecciones originadas en el periodo perinatal;De 30 a 39 años;Hombres;0
Total Nacional;18 Ceuta;082 XVI.Afecciones originadas en el periodo perinatal;De 30 a 39 años;Mujeres;0
Total Nacional;18 Ceuta;082 XVI.Afecciones originadas en el periodo perinatal;De 40 a 44 años;Hombres;0
Total Nacional;18 Ceuta;082 XVI.Afecciones originadas en el periodo perinatal;De 40 a 44 años;Mujeres;0
Total Nacional;18 Ceuta;082 XVI.Afecciones originadas en el periodo perinatal;De 45 a 49 años;Hombres;0
Total Nacional;18 Ceuta;082 XVI.Afecciones originadas en el periodo perinatal;De 45 a 49 años;Mujeres;0
Total Nacional;18 Ceuta;082 XVI.Afecciones originadas en el periodo perinatal;De 50 a 54 años;Hombres;0
Total Nacional;18 Ceuta;082 XVI.Afecciones originadas en el periodo perinatal;De 50 a 54 años;Mujeres;0
Total Nacional;18 Ceuta;082 XVI.Afecciones originadas en el periodo perinatal;De 55 a 59 años;Hombres;0
Total Nacional;18 Ceuta;082 XVI.Afecciones originadas en el periodo perinatal;De 55 a 59 años;Mujeres;0
Total Nacional;18 Ceuta;082 XVI.Afecciones originadas en el periodo perinatal;De 60 a 64 años;Hombres;0
Total Nacional;18 Ceuta;082 XVI.Afecciones originadas en el periodo perinatal;De 60 a 64 años;Mujeres;0
Total Nacional;18 Ceuta;082 XVI.Afecciones originadas en el periodo perinatal;De 65 a 69 años;Hombres;0
Total Nacional;18 Ceuta;082 XVI.Afecciones originadas en el periodo perinatal;De 65 a 69 años;Mujeres;0
Total Nacional;18 Ceuta;082 XVI.Afecciones originadas en el periodo perinatal;De 70 a 74 años;Hombres;0
Total Nacional;18 Ceuta;082 XVI.Afecciones originadas en el periodo perinatal;De 70 a 74 años;Mujeres;0
Total Nacional;18 Ceuta;082 XVI.Afecciones originadas en el periodo perinatal;De 75 a 79 años;Hombres;0
Total Nacional;18 Ceuta;082 XVI.Afecciones originadas en el periodo perinatal;De 75 a 79 años;Mujeres;0
Total Nacional;18 Ceuta;082 XVI.Afecciones originadas en el periodo perinatal;De 80 a 84 años;Hombres;0
Total Nacional;18 Ceuta;082 XVI.Afecciones originadas en el periodo perinatal;De 80 a 84 años;Mujeres;0
Total Nacional;18 Ceuta;082 XVI.Afecciones originadas en el periodo perinatal;De 85 a 89 años;Hombres;0
Total Nacional;18 Ceuta;082 XVI.Afecciones originadas en el periodo perinatal;De 85 a 89 años;Mujeres;0
Total Nacional;18 Ceuta;082 XVI.Afecciones originadas en el periodo perinatal;De 90 a 94 años;Hombres;0
Total Nacional;18 Ceuta;082 XVI.Afecciones originadas en el periodo perinatal;De 90 a 94 años;Mujeres;0
Total Nacional;18 Ceuta;082 XVI.Afecciones originadas en el periodo perinatal;De 95 años y más;Hombres;0
Total Nacional;18 Ceuta;082 XVI.Afecciones originadas en el periodo perinatal;De 95 años y más;Mujeres;0
Total Nacional;18 Ceuta;083-085 XVII.Malformaciones congénitas, deformidades y anomalías cromosómicas;De 1 a 14 años;Hombres;0
Total Nacional;18 Ceuta;083-085 XVII.Malformaciones congénitas, deformidades y anomalías cromosómicas;De 1 a 14 años;Mujeres;0
Total Nacional;18 Ceuta;083-085 XVII.Malformaciones congénitas, deformidades y anomalías cromosómicas;De 15 a 29 años;Hombres;0
Total Nacional;18 Ceuta;083-085 XVII.Malformaciones congénitas, deformidades y anomalías cromosómicas;De 15 a 29 años;Mujeres;0
Total Nacional;18 Ceuta;083-085 XVII.Malformaciones congénitas, deformidades y anomalías cromosómicas;De 30 a 39 años;Hombres;0
Total Nacional;18 Ceuta;083-085 XVII.Malformaciones congénitas, deformidades y anomalías cromosómicas;De 30 a 39 años;Mujeres;0
Total Nacional;18 Ceuta;083-085 XVII.Malformaciones congénitas, deformidades y anomalías cromosómicas;De 40 a 44 años;Hombres;0
Total Nacional;18 Ceuta;083-085 XVII.Malformaciones congénitas, deformidades y anomalías cromosómicas;De 40 a 44 años;Mujeres;0
Total Nacional;18 Ceuta;083-085 XVII.Malformaciones congénitas, deformidades y anomalías cromosómicas;De 45 a 49 años;Hombres;0
Total Nacional;18 Ceuta;083-085 XVII.Malformaciones congénitas, deformidades y anomalías cromosómicas;De 45 a 49 años;Mujeres;0
Total Nacional;18 Ceuta;083-085 XVII.Malformaciones congénitas, deformidades y anomalías cromosómicas;De 50 a 54 años;Hombres;0
Total Nacional;18 Ceuta;083-085 XVII.Malformaciones congénitas, deformidades y anomalías cromosómicas;De 50 a 54 años;Mujeres;0
Total Nacional;18 Ceuta;083-085 XVII.Malformaciones congénitas, deformidades y anomalías cromosómicas;De 55 a 59 años;Hombres;0
Total Nacional;18 Ceuta;083-085 XVII.Malformaciones congénitas, deformidades y anomalías cromosómicas;De 55 a 59 años;Mujeres;0
Total Nacional;18 Ceuta;083-085 XVII.Malformaciones congénitas, deformidades y anomalías cromosómicas;De 60 a 64 años;Hombres;0
Total Nacional;18 Ceuta;083-085 XVII.Malformaciones congénitas, deformidades y anomalías cromosómicas;De 60 a 64 años;Mujeres;0
Total Nacional;18 Ceuta;083-085 XVII.Malformaciones congénitas, deformidades y anomalías cromosómicas;De 65 a 69 años;Hombres;0
Total Nacional;18 Ceuta;083-085 XVII.Malformaciones congénitas, deformidades y anomalías cromosómicas;De 65 a 69 años;Mujeres;0
Total Nacional;18 Ceuta;083-085 XVII.Malformaciones congénitas, deformidades y anomalías cromosómicas;De 70 a 74 años;Hombres;0
Total Nacional;18 Ceuta;083-085 XVII.Malformaciones congénitas, deformidades y anomalías cromosómicas;De 70 a 74 años;Mujeres;0
Total Nacional;18 Ceuta;083-085 XVII.Malformaciones congénitas, deformidades y anomalías cromosómicas;De 75 a 79 años;Hombres;0
Total Nacional;18 Ceuta;083-085 XVII.Malformaciones congénitas, deformidades y anomalías cromosómicas;De 75 a 79 años;Mujeres;0
Total Nacional;18 Ceuta;083-085 XVII.Malformaciones congénitas, deformidades y anomalías cromosómicas;De 80 a 84 años;Hombres;0
Total Nacional;18 Ceuta;083-085 XVII.Malformaciones congénitas, deformidades y anomalías cromosómicas;De 80 a 84 años;Mujeres;0
Total Nacional;18 Ceuta;083-085 XVII.Malformaciones congénitas, deformidades y anomalías cromosómicas;De 85 a 89 años;Hombres;0
Total Nacional;18 Ceuta;083-085 XVII.Malformaciones congénitas, deformidades y anomalías cromosómicas;De 85 a 89 años;Mujeres;0
Total Nacional;18 Ceuta;083-085 XVII.Malformaciones congénitas, deformidades y anomalías cromosómicas;De 90 a 94 años;Hombres;0
Total Nacional;18 Ceuta;083-085 XVII.Malformaciones congénitas, deformidades y anomalías cromosómicas;De 90 a 94 años;Mujeres;0
Total Nacional;18 Ceuta;083-085 XVII.Malformaciones congénitas, deformidades y anomalías cromosómicas;De 95 años y más;Hombres;0
Total Nacional;18 Ceuta;083-085 XVII.Malformaciones congénitas, deformidades y anomalías cromosómicas;De 95 años y más;Mujeres;0
Total Nacional;18 Ceuta;086-089 XVIII.Síntomas, signos y hallazgos anormales clínicos y de laboratorio, no clasificados en otra parte;De 1 a 14 años;Hombres;0
Total Nacional;18 Ceuta;086-089 XVIII.Síntomas, signos y hallazgos anormales clínicos y de laboratorio, no clasificados en otra parte;De 1 a 14 años;Mujeres;0
Total Nacional;18 Ceuta;086-089 XVIII.Síntomas, signos y hallazgos anormales clínicos y de laboratorio, no clasificados en otra parte;De 15 a 29 años;Hombres;0
Total Nacional;18 Ceuta;086-089 XVIII.Síntomas, signos y hallazgos anormales clínicos y de laboratorio, no clasificados en otra parte;De 15 a 29 años;Mujeres;0
Total Nacional;18 Ceuta;086-089 XVIII.Síntomas, signos y hallazgos anormales clínicos y de laboratorio, no clasificados en otra parte;De 30 a 39 años;Hombres;0
Total Nacional;18 Ceuta;086-089 XVIII.Síntomas, signos y hallazgos anormales clínicos y de laboratorio, no clasificados en otra parte;De 30 a 39 años;Mujeres;0
Total Nacional;18 Ceuta;086-089 XVIII.Síntomas, signos y hallazgos anormales clínicos y de laboratorio, no clasificados en otra parte;De 40 a 44 años;Hombres;0
Total Nacional;18 Ceuta;086-089 XVIII.Síntomas, signos y hallazgos anormales clínicos y de laboratorio, no clasificados en otra parte;De 40 a 44 años;Mujeres;0
Total Nacional;18 Ceuta;086-089 XVIII.Síntomas, signos y hallazgos anormales clínicos y de laboratorio, no clasificados en otra parte;De 45 a 49 años;Hombres;0
Total Nacional;18 Ceuta;086-089 XVIII.Síntomas, signos y hallazgos anormales clínicos y de laboratorio, no clasificados en otra parte;De 45 a 49 años;Mujeres;0
Total Nacional;18 Ceuta;086-089 XVIII.Síntomas, signos y hallazgos anormales clínicos y de laboratorio, no clasificados en otra parte;De 50 a 54 años;Hombres;0
Total Nacional;18 Ceuta;086-089 XVIII.Síntomas, signos y hallazgos anormales clínicos y de laboratorio, no clasificados en otra parte;De 50 a 54 años;Mujeres;0
Total Nacional;18 Ceuta;086-089 XVIII.Síntomas, signos y hallazgos anormales clínicos y de laboratorio, no clasificados en otra parte;De 55 a 59 años;Hombres;0
Total Nacional;18 Ceuta;086-089 XVIII.Síntomas, signos y hallazgos anormales clínicos y de laboratorio, no clasificados en otra parte;De 55 a 59 años;Mujeres;0
Total Nacional;18 Ceuta;086-089 XVIII.Síntomas, signos y hallazgos anormales clínicos y de laboratorio, no clasificados en otra parte;De 60 a 64 años;Hombres;2
Total Nacional;18 Ceuta;086-089 XVIII.Síntomas, signos y hallazgos anormales clínicos y de laboratorio, no clasificados en otra parte;De 60 a 64 años;Mujeres;0
Total Nacional;18 Ceuta;086-089 XVIII.Síntomas, signos y hallazgos anormales clínicos y de laboratorio, no clasificados en otra parte;De 65 a 69 años;Hombres;1
Total Nacional;18 Ceuta;086-089 XVIII.Síntomas, signos y hallazgos anormales clínicos y de laboratorio, no clasificados en otra parte;De 65 a 69 años;Mujeres;0
Total Nacional;18 Ceuta;086-089 XVIII.Síntomas, signos y hallazgos anormales clínicos y de laboratorio, no clasificados en otra parte;De 70 a 74 años;Hombres;0
Total Nacional;18 Ceuta;086-089 XVIII.Síntomas, signos y hallazgos anormales clínicos y de laboratorio, no clasificados en otra parte;De 70 a 74 años;Mujeres;0
Total Nacional;18 Ceuta;086-089 XVIII.Síntomas, signos y hallazgos anormales clínicos y de laboratorio, no clasificados en otra parte;De 75 a 79 años;Hombres;0
Total Nacional;18 Ceuta;086-089 XVIII.Síntomas, signos y hallazgos anormales clínicos y de laboratorio, no clasificados en otra parte;De 75 a 79 años;Mujeres;2
Total Nacional;18 Ceuta;086-089 XVIII.Síntomas, signos y hallazgos anormales clínicos y de laboratorio, no clasificados en otra parte;De 80 a 84 años;Hombres;1
Total Nacional;18 Ceuta;086-089 XVIII.Síntomas, signos y hallazgos anormales clínicos y de laboratorio, no clasificados en otra parte;De 80 a 84 años;Mujeres;0
Total Nacional;18 Ceuta;086-089 XVIII.Síntomas, signos y hallazgos anormales clínicos y de laboratorio, no clasificados en otra parte;De 85 a 89 años;Hombres;1
Total Nacional;18 Ceuta;086-089 XVIII.Síntomas, signos y hallazgos anormales clínicos y de laboratorio, no clasificados en otra parte;De 85 a 89 años;Mujeres;4
Total Nacional;18 Ceuta;086-089 XVIII.Síntomas, signos y hallazgos anormales clínicos y de laboratorio, no clasificados en otra parte;De 90 a 94 años;Hombres;1
Total Nacional;18 Ceuta;086-089 XVIII.Síntomas, signos y hallazgos anormales clínicos y de laboratorio, no clasificados en otra parte;De 90 a 94 años;Mujeres;2
Total Nacional;18 Ceuta;086-089 XVIII.Síntomas, signos y hallazgos anormales clínicos y de laboratorio, no clasificados en otra parte;De 95 años y más;Hombres;1
Total Nacional;18 Ceuta;086-089 XVIII.Síntomas, signos y hallazgos anormales clínicos y de laboratorio, no clasificados en otra parte;De 95 años y más;Mujeres;4
Total Nacional;18 Ceuta;090-102 XX.Causas externas de mortalidad;De 1 a 14 años;Hombres;1
Total Nacional;18 Ceuta;090-102 XX.Causas externas de mortalidad;De 1 a 14 años;Mujeres;0
Total Nacional;18 Ceuta;090-102 XX.Causas externas de mortalidad;De 15 a 29 años;Hombres;5
Total Nacional;18 Ceuta;090-102 XX.Causas externas de mortalidad;De 15 a 29 años;Mujeres;0
Total Nacional;18 Ceuta;090-102 XX.Causas externas de mortalidad;De 30 a 39 años;Hombres;3
Total Nacional;18 Ceuta;090-102 XX.Causas externas de mortalidad;De 30 a 39 años;Mujeres;0
Total Nacional;18 Ceuta;090-102 XX.Causas externas de mortalidad;De 40 a 44 años;Hombres;1
Total Nacional;18 Ceuta;090-102 XX.Causas externas de mortalidad;De 40 a 44 años;Mujeres;0
Total Nacional;18 Ceuta;090-102 XX.Causas externas de mortalidad;De 45 a 49 años;Hombres;0
Total Nacional;18 Ceuta;090-102 XX.Causas externas de mortalidad;De 45 a 49 años;Mujeres;0
Total Nacional;18 Ceuta;090-102 XX.Causas externas de mortalidad;De 50 a 54 años;Hombres;2
Total Nacional;18 Ceuta;090-102 XX.Causas externas de mortalidad;De 50 a 54 años;Mujeres;0
Total Nacional;18 Ceuta;090-102 XX.Causas externas de mortalidad;De 55 a 59 años;Hombres;1
Total Nacional;18 Ceuta;090-102 XX.Causas externas de mortalidad;De 55 a 59 años;Mujeres;0
Total Nacional;18 Ceuta;090-102 XX.Causas externas de mortalidad;De 60 a 64 años;Hombres;0
Total Nacional;18 Ceuta;090-102 XX.Causas externas de mortalidad;De 60 a 64 años;Mujeres;0
Total Nacional;18 Ceuta;090-102 XX.Causas externas de mortalidad;De 65 a 69 años;Hombres;1
Total Nacional;18 Ceuta;090-102 XX.Causas externas de mortalidad;De 65 a 69 años;Mujeres;0
Total Nacional;18 Ceuta;090-102 XX.Causas externas de mortalidad;De 70 a 74 años;Hombres;1
Total Nacional;18 Ceuta;090-102 XX.Causas externas de mortalidad;De 70 a 74 años;Mujeres;0
Total Nacional;18 Ceuta;090-102 XX.Causas externas de mortalidad;De 75 a 79 años;Hombres;0
Total Nacional;18 Ceuta;090-102 XX.Causas externas de mortalidad;De 75 a 79 años;Mujeres;0
Total Nacional;18 Ceuta;090-102 XX.Causas externas de mortalidad;De 80 a 84 años;Hombres;0
Total Nacional;18 Ceuta;090-102 XX.Causas externas de mortalidad;De 80 a 84 años;Mujeres;0
Total Nacional;18 Ceuta;090-102 XX.Causas externas de mortalidad;De 85 a 89 años;Hombres;0
Total Nacional;18 Ceuta;090-102 XX.Causas externas de mortalidad;De 85 a 89 años;Mujeres;1
Total Nacional;18 Ceuta;090-102 XX.Causas externas de mortalidad;De 90 a 94 años;Hombres;1
Total Nacional;18 Ceuta;090-102 XX.Causas externas de mortalidad;De 90 a 94 años;Mujeres;0
Total Nacional;18 Ceuta;090-102 XX.Causas externas de mortalidad;De 95 años y más;Hombres;0
Total Nacional;18 Ceuta;090-102 XX.Causas externas de mortalidad;De 95 años y más;Mujeres;0
Total Nacional;19 Melilla;001-008 I.Enfermedades infecciosas y parasitarias;De 1 a 14 años;Hombres;0
Total Nacional;19 Melilla;001-008 I.Enfermedades infecciosas y parasitarias;De 1 a 14 años;Mujeres;0
Total Nacional;19 Melilla;001-008 I.Enfermedades infecciosas y parasitarias;De 15 a 29 años;Hombres;0
Total Nacional;19 Melilla;001-008 I.Enfermedades infecciosas y parasitarias;De 15 a 29 años;Mujeres;0
Total Nacional;19 Melilla;001-008 I.Enfermedades infecciosas y parasitarias;De 30 a 39 años;Hombres;0
Total Nacional;19 Melilla;001-008 I.Enfermedades infecciosas y parasitarias;De 30 a 39 años;Mujeres;0
Total Nacional;19 Melilla;001-008 I.Enfermedades infecciosas y parasitarias;De 40 a 44 años;Hombres;0
Total Nacional;19 Melilla;001-008 I.Enfermedades infecciosas y parasitarias;De 40 a 44 años;Mujeres;0
Total Nacional;19 Melilla;001-008 I.Enfermedades infecciosas y parasitarias;De 45 a 49 años;Hombres;1
Total Nacional;19 Melilla;001-008 I.Enfermedades infecciosas y parasitarias;De 45 a 49 años;Mujeres;0
Total Nacional;19 Melilla;001-008 I.Enfermedades infecciosas y parasitarias;De 50 a 54 años;Hombres;0
Total Nacional;19 Melilla;001-008 I.Enfermedades infecciosas y parasitarias;De 50 a 54 años;Mujeres;0
Total Nacional;19 Melilla;001-008 I.Enfermedades infecciosas y parasitarias;De 55 a 59 años;Hombres;0
Total Nacional;19 Melilla;001-008 I.Enfermedades infecciosas y parasitarias;De 55 a 59 años;Mujeres;0
Total Nacional;19 Melilla;001-008 I.Enfermedades infecciosas y parasitarias;De 60 a 64 años;Hombres;0
Total Nacional;19 Melilla;001-008 I.Enfermedades infecciosas y parasitarias;De 60 a 64 años;Mujeres;0
Total Nacional;19 Melilla;001-008 I.Enfermedades infecciosas y parasitarias;De 65 a 69 años;Hombres;0
Total Nacional;19 Melilla;001-008 I.Enfermedades infecciosas y parasitarias;De 65 a 69 años;Mujeres;0
Total Nacional;19 Melilla;001-008 I.Enfermedades infecciosas y parasitarias;De 70 a 74 años;Hombres;0
Total Nacional;19 Melilla;001-008 I.Enfermedades infecciosas y parasitarias;De 70 a 74 años;Mujeres;0
Total Nacional;19 Melilla;001-008 I.Enfermedades infecciosas y parasitarias;De 75 a 79 años;Hombres;2
Total Nacional;19 Melilla;001-008 I.Enfermedades infecciosas y parasitarias;De 75 a 79 años;Mujeres;2
Total Nacional;19 Melilla;001-008 I.Enfermedades infecciosas y parasitarias;De 80 a 84 años;Hombres;1
Total Nacional;19 Melilla;001-008 I.Enfermedades infecciosas y parasitarias;De 80 a 84 años;Mujeres;0
Total Nacional;19 Melilla;001-008 I.Enfermedades infecciosas y parasitarias;De 85 a 89 años;Hombres;2
Total Nacional;19 Melilla;001-008 I.Enfermedades infecciosas y parasitarias;De 85 a 89 años;Mujeres;2
Total Nacional;19 Melilla;001-008 I.Enfermedades infecciosas y parasitarias;De 90 a 94 años;Hombres;1
Total Nacional;19 Melilla;001-008 I.Enfermedades infecciosas y parasitarias;De 90 a 94 años;Mujeres;3
Total Nacional;19 Melilla;001-008 I.Enfermedades infecciosas y parasitarias;De 95 años y más;Hombres;0
Total Nacional;19 Melilla;001-008 I.Enfermedades infecciosas y parasitarias;De 95 años y más;Mujeres;1
Total Nacional;19 Melilla;009-041 II.Tumores;De 1 a 14 años;Hombres;1
Total Nacional;19 Melilla;009-041 II.Tumores;De 1 a 14 años;Mujeres;0
Total Nacional;19 Melilla;009-041 II.Tumores;De 15 a 29 años;Hombres;1
Total Nacional;19 Melilla;009-041 II.Tumores;De 15 a 29 años;Mujeres;0
Total Nacional;19 Melilla;009-041 II.Tumores;De 30 a 39 años;Hombres;1
Total Nacional;19 Melilla;009-041 II.Tumores;De 30 a 39 años;Mujeres;1
Total Nacional;19 Melilla;009-041 II.Tumores;De 40 a 44 años;Hombres;0
Total Nacional;19 Melilla;009-041 II.Tumores;De 40 a 44 años;Mujeres;2
Total Nacional;19 Melilla;009-041 II.Tumores;De 45 a 49 años;Hombres;1
Total Nacional;19 Melilla;009-041 II.Tumores;De 45 a 49 años;Mujeres;3
Total Nacional;19 Melilla;009-041 II.Tumores;De 50 a 54 años;Hombres;4
Total Nacional;19 Melilla;009-041 II.Tumores;De 50 a 54 años;Mujeres;1
Total Nacional;19 Melilla;009-041 II.Tumores;De 55 a 59 años;Hombres;6
Total Nacional;19 Melilla;009-041 II.Tumores;De 55 a 59 años;Mujeres;4
Total Nacional;19 Melilla;009-041 II.Tumores;De 60 a 64 años;Hombres;13
Total Nacional;19 Melilla;009-041 II.Tumores;De 60 a 64 años;Mujeres;4
Total Nacional;19 Melilla;009-041 II.Tumores;De 65 a 69 años;Hombres;11
Total Nacional;19 Melilla;009-041 II.Tumores;De 65 a 69 años;Mujeres;8
Total Nacional;19 Melilla;009-041 II.Tumores;De 70 a 74 años;Hombres;8
Total Nacional;19 Melilla;009-041 II.Tumores;De 70 a 74 años;Mujeres;6
Total Nacional;19 Melilla;009-041 II.Tumores;De 75 a 79 años;Hombres;22
Total Nacional;19 Melilla;009-041 II.Tumores;De 75 a 79 años;Mujeres;13
Total Nacional;19 Melilla;009-041 II.Tumores;De 80 a 84 años;Hombres;9
Total Nacional;19 Melilla;009-041 II.Tumores;De 80 a 84 años;Mujeres;7
Total Nacional;19 Melilla;009-041 II.Tumores;De 85 a 89 años;Hombres;6
Total Nacional;19 Melilla;009-041 II.Tumores;De 85 a 89 años;Mujeres;4
Total Nacional;19 Melilla;009-041 II.Tumores;De 90 a 94 años;Hombres;2
Total Nacional;19 Melilla;009-041 II.Tumores;De 90 a 94 años;Mujeres;1
Total Nacional;19 Melilla;009-041 II.Tumores;De 95 años y más;Hombres;1
Total Nacional;19 Melilla;009-041 II.Tumores;De 95 años y más;Mujeres;1
Total Nacional;19 Melilla;050-052 VI-VIII.Enfermedades del sistema nervioso y de los órganos de los sentidos;De 1 a 14 años;Hombres;1
Total Nacional;19 Melilla;050-052 VI-VIII.Enfermedades del sistema nervioso y de los órganos de los sentidos;De 1 a 14 años;Mujeres;0
Total Nacional;19 Melilla;050-052 VI-VIII.Enfermedades del sistema nervioso y de los órganos de los sentidos;De 15 a 29 años;Hombres;0
Total Nacional;19 Melilla;050-052 VI-VIII.Enfermedades del sistema nervioso y de los órganos de los sentidos;De 15 a 29 años;Mujeres;0
Total Nacional;19 Melilla;050-052 VI-VIII.Enfermedades del sistema nervioso y de los órganos de los sentidos;De 30 a 39 años;Hombres;0
Total Nacional;19 Melilla;050-052 VI-VIII.Enfermedades del sistema nervioso y de los órganos de los sentidos;De 30 a 39 años;Mujeres;0
Total Nacional;19 Melilla;050-052 VI-VIII.Enfermedades del sistema nervioso y de los órganos de los sentidos;De 40 a 44 años;Hombres;0
Total Nacional;19 Melilla;050-052 VI-VIII.Enfermedades del sistema nervioso y de los órganos de los sentidos;De 40 a 44 años;Mujeres;0
Total Nacional;19 Melilla;050-052 VI-VIII.Enfermedades del sistema nervioso y de los órganos de los sentidos;De 45 a 49 años;Hombres;0
Total Nacional;19 Melilla;050-052 VI-VIII.Enfermedades del sistema nervioso y de los órganos de los sentidos;De 45 a 49 años;Mujeres;0
Total Nacional;19 Melilla;050-052 VI-VIII.Enfermedades del sistema nervioso y de los órganos de los sentidos;De 50 a 54 años;Hombres;0
Total Nacional;19 Melilla;050-052 VI-VIII.Enfermedades del sistema nervioso y de los órganos de los sentidos;De 50 a 54 años;Mujeres;1
Total Nacional;19 Melilla;050-052 VI-VIII.Enfermedades del sistema nervioso y de los órganos de los sentidos;De 55 a 59 años;Hombres;0
Total Nacional;19 Melilla;050-052 VI-VIII.Enfermedades del sistema nervioso y de los órganos de los sentidos;De 55 a 59 años;Mujeres;0
Total Nacional;19 Melilla;050-052 VI-VIII.Enfermedades del sistema nervioso y de los órganos de los sentidos;De 60 a 64 años;Hombres;2
Total Nacional;19 Melilla;050-052 VI-VIII.Enfermedades del sistema nervioso y de los órganos de los sentidos;De 60 a 64 años;Mujeres;1
Total Nacional;19 Melilla;050-052 VI-VIII.Enfermedades del sistema nervioso y de los órganos de los sentidos;De 65 a 69 años;Hombres;0
Total Nacional;19 Melilla;050-052 VI-VIII.Enfermedades del sistema nervioso y de los órganos de los sentidos;De 65 a 69 años;Mujeres;0
Total Nacional;19 Melilla;050-052 VI-VIII.Enfermedades del sistema nervioso y de los órganos de los sentidos;De 70 a 74 años;Hombres;0
Total Nacional;19 Melilla;050-052 VI-VIII.Enfermedades del sistema nervioso y de los órganos de los sentidos;De 70 a 74 años;Mujeres;1
Total Nacional;19 Melilla;050-052 VI-VIII.Enfermedades del sistema nervioso y de los órganos de los sentidos;De 75 a 79 años;Hombres;0
Total Nacional;19 Melilla;050-052 VI-VIII.Enfermedades del sistema nervioso y de los órganos de los sentidos;De 75 a 79 años;Mujeres;2
Total Nacional;19 Melilla;050-052 VI-VIII.Enfermedades del sistema nervioso y de los órganos de los sentidos;De 80 a 84 años;Hombres;1
Total Nacional;19 Melilla;050-052 VI-VIII.Enfermedades del sistema nervioso y de los órganos de los sentidos;De 80 a 84 años;Mujeres;1
Total Nacional;19 Melilla;050-052 VI-VIII.Enfermedades del sistema nervioso y de los órganos de los sentidos;De 85 a 89 años;Hombres;0
Total Nacional;19 Melilla;050-052 VI-VIII.Enfermedades del sistema nervioso y de los órganos de los sentidos;De 85 a 89 años;Mujeres;3
Total Nacional;19 Melilla;050-052 VI-VIII.Enfermedades del sistema nervioso y de los órganos de los sentidos;De 90 a 94 años;Hombres;2
Total Nacional;19 Melilla;050-052 VI-VIII.Enfermedades del sistema nervioso y de los órganos de los sentidos;De 90 a 94 años;Mujeres;3
Total Nacional;19 Melilla;050-052 VI-VIII.Enfermedades del sistema nervioso y de los órganos de los sentidos;De 95 años y más;Hombres;0
Total Nacional;19 Melilla;050-052 VI-VIII.Enfermedades del sistema nervioso y de los órganos de los sentidos;De 95 años y más;Mujeres;2
Total Nacional;19 Melilla;053-061 IX.Enfermedades del sistema circulatorio;De 1 a 14 años;Hombres;0
Total Nacional;19 Melilla;053-061 IX.Enfermedades del sistema circulatorio;De 1 a 14 años;Mujeres;0
Total Nacional;19 Melilla;053-061 IX.Enfermedades del sistema circulatorio;De 15 a 29 años;Hombres;0
Total Nacional;19 Melilla;053-061 IX.Enfermedades del sistema circulatorio;De 15 a 29 años;Mujeres;0
Total Nacional;19 Melilla;053-061 IX.Enfermedades del sistema circulatorio;De 30 a 39 años;Hombres;0
Total Nacional;19 Melilla;053-061 IX.Enfermedades del sistema circulatorio;De 30 a 39 años;Mujeres;0
Total Nacional;19 Melilla;053-061 IX.Enfermedades del sistema circulatorio;De 40 a 44 años;Hombres;0
Total Nacional;19 Melilla;053-061 IX.Enfermedades del sistema circulatorio;De 40 a 44 años;Mujeres;0
Total Nacional;19 Melilla;053-061 IX.Enfermedades del sistema circulatorio;De 45 a 49 años;Hombres;1
Total Nacional;19 Melilla;053-061 IX.Enfermedades del sistema circulatorio;De 45 a 49 años;Mujeres;1
Total Nacional;19 Melilla;053-061 IX.Enfermedades del sistema circulatorio;De 50 a 54 años;Hombres;3
Total Nacional;19 Melilla;053-061 IX.Enfermedades del sistema circulatorio;De 50 a 54 años;Mujeres;1
Total Nacional;19 Melilla;053-061 IX.Enfermedades del sistema circulatorio;De 55 a 59 años;Hombres;7
Total Nacional;19 Melilla;053-061 IX.Enfermedades del sistema circulatorio;De 55 a 59 años;Mujeres;1
Total Nacional;19 Melilla;053-061 IX.Enfermedades del sistema circulatorio;De 60 a 64 años;Hombres;5
Total Nacional;19 Melilla;053-061 IX.Enfermedades del sistema circulatorio;De 60 a 64 años;Mujeres;4
Total Nacional;19 Melilla;053-061 IX.Enfermedades del sistema circulatorio;De 65 a 69 años;Hombres;4
Total Nacional;19 Melilla;053-061 IX.Enfermedades del sistema circulatorio;De 65 a 69 años;Mujeres;3
Total Nacional;19 Melilla;053-061 IX.Enfermedades del sistema circulatorio;De 70 a 74 años;Hombres;6
Total Nacional;19 Melilla;053-061 IX.Enfermedades del sistema circulatorio;De 70 a 74 años;Mujeres;7
Total Nacional;19 Melilla;053-061 IX.Enfermedades del sistema circulatorio;De 75 a 79 años;Hombres;9
Total Nacional;19 Melilla;053-061 IX.Enfermedades del sistema circulatorio;De 75 a 79 años;Mujeres;2
Total Nacional;19 Melilla;053-061 IX.Enfermedades del sistema circulatorio;De 80 a 84 años;Hombres;7
Total Nacional;19 Melilla;053-061 IX.Enfermedades del sistema circulatorio;De 80 a 84 años;Mujeres;5
Total Nacional;19 Melilla;053-061 IX.Enfermedades del sistema circulatorio;De 85 a 89 años;Hombres;14
Total Nacional;19 Melilla;053-061 IX.Enfermedades del sistema circulatorio;De 85 a 89 años;Mujeres;9
Total Nacional;19 Melilla;053-061 IX.Enfermedades del sistema circulatorio;De 90 a 94 años;Hombres;4
Total Nacional;19 Melilla;053-061 IX.Enfermedades del sistema circulatorio;De 90 a 94 años;Mujeres;5
Total Nacional;19 Melilla;053-061 IX.Enfermedades del sistema circulatorio;De 95 años y más;Hombres;1
Total Nacional;19 Melilla;053-061 IX.Enfermedades del sistema circulatorio;De 95 años y más;Mujeres;4
Total Nacional;19 Melilla;062-067 X.Enfermedades del sistema respiratorio;De 1 a 14 años;Hombres;0
Total Nacional;19 Melilla;062-067 X.Enfermedades del sistema respiratorio;De 1 a 14 años;Mujeres;0
Total Nacional;19 Melilla;062-067 X.Enfermedades del sistema respiratorio;De 15 a 29 años;Hombres;0
Total Nacional;19 Melilla;062-067 X.Enfermedades del sistema respiratorio;De 15 a 29 años;Mujeres;0
Total Nacional;19 Melilla;062-067 X.Enfermedades del sistema respiratorio;De 30 a 39 años;Hombres;0
Total Nacional;19 Melilla;062-067 X.Enfermedades del sistema respiratorio;De 30 a 39 años;Mujeres;0
Total Nacional;19 Melilla;062-067 X.Enfermedades del sistema respiratorio;De 40 a 44 años;Hombres;1
Total Nacional;19 Melilla;062-067 X.Enfermedades del sistema respiratorio;De 40 a 44 años;Mujeres;0
Total Nacional;19 Melilla;062-067 X.Enfermedades del sistema respiratorio;De 45 a 49 años;Hombres;0
Total Nacional;19 Melilla;062-067 X.Enfermedades del sistema respiratorio;De 45 a 49 años;Mujeres;0
Total Nacional;19 Melilla;062-067 X.Enfermedades del sistema respiratorio;De 50 a 54 años;Hombres;0
Total Nacional;19 Melilla;062-067 X.Enfermedades del sistema respiratorio;De 50 a 54 años;Mujeres;0
Total Nacional;19 Melilla;062-067 X.Enfermedades del sistema respiratorio;De 55 a 59 años;Hombres;0
Total Nacional;19 Melilla;062-067 X.Enfermedades del sistema respiratorio;De 55 a 59 años;Mujeres;0
Total Nacional;19 Melilla;062-067 X.Enfermedades del sistema respiratorio;De 60 a 64 años;Hombres;1
Total Nacional;19 Melilla;062-067 X.Enfermedades del sistema respiratorio;De 60 a 64 años;Mujeres;0
Total Nacional;19 Melilla;062-067 X.Enfermedades del sistema respiratorio;De 65 a 69 años;Hombres;2
Total Nacional;19 Melilla;062-067 X.Enfermedades del sistema respiratorio;De 65 a 69 años;Mujeres;1
Total Nacional;19 Melilla;062-067 X.Enfermedades del sistema respiratorio;De 70 a 74 años;Hombres;4
Total Nacional;19 Melilla;062-067 X.Enfermedades del sistema respiratorio;De 70 a 74 años;Mujeres;1
Total Nacional;19 Melilla;062-067 X.Enfermedades del sistema respiratorio;De 75 a 79 años;Hombres;5
Total Nacional;19 Melilla;062-067 X.Enfermedades del sistema respiratorio;De 75 a 79 años;Mujeres;2
Total Nacional;19 Melilla;062-067 X.Enfermedades del sistema respiratorio;De 80 a 84 años;Hombres;2
Total Nacional;19 Melilla;062-067 X.Enfermedades del sistema respiratorio;De 80 a 84 años;Mujeres;5
Total Nacional;19 Melilla;062-067 X.Enfermedades del sistema respiratorio;De 85 a 89 años;Hombres;3
Total Nacional;19 Melilla;062-067 X.Enfermedades del sistema respiratorio;De 85 a 89 años;Mujeres;7
Total Nacional;19 Melilla;062-067 X.Enfermedades del sistema respiratorio;De 90 a 94 años;Hombres;2
Total Nacional;19 Melilla;062-067 X.Enfermedades del sistema respiratorio;De 90 a 94 años;Mujeres;8
Total Nacional;19 Melilla;062-067 X.Enfermedades del sistema respiratorio;De 95 años y más;Hombres;1
Total Nacional;19 Melilla;062-067 X.Enfermedades del sistema respiratorio;De 95 años y más;Mujeres;2
Total Nacional;19 Melilla;068-072 XI.Enfermedades del sistema digestivo;De 1 a 14 años;Hombres;0
Total Nacional;19 Melilla;068-072 XI.Enfermedades del sistema digestivo;De 1 a 14 años;Mujeres;0
Total Nacional;19 Melilla;068-072 XI.Enfermedades del sistema digestivo;De 15 a 29 años;Hombres;0
Total Nacional;19 Melilla;068-072 XI.Enfermedades del sistema digestivo;De 15 a 29 años;Mujeres;0
Total Nacional;19 Melilla;068-072 XI.Enfermedades del sistema digestivo;De 30 a 39 años;Hombres;0
Total Nacional;19 Melilla;068-072 XI.Enfermedades del sistema digestivo;De 30 a 39 años;Mujeres;0
Total Nacional;19 Melilla;068-072 XI.Enfermedades del sistema digestivo;De 40 a 44 años;Hombres;0
Total Nacional;19 Melilla;068-072 XI.Enfermedades del sistema digestivo;De 40 a 44 años;Mujeres;0
Total Nacional;19 Melilla;068-072 XI.Enfermedades del sistema digestivo;De 45 a 49 años;Hombres;0
Total Nacional;19 Melilla;068-072 XI.Enfermedades del sistema digestivo;De 45 a 49 años;Mujeres;0
Total Nacional;19 Melilla;068-072 XI.Enfermedades del sistema digestivo;De 50 a 54 años;Hombres;1
Total Nacional;19 Melilla;068-072 XI.Enfermedades del sistema digestivo;De 50 a 54 años;Mujeres;0
Total Nacional;19 Melilla;068-072 XI.Enfermedades del sistema digestivo;De 55 a 59 años;Hombres;0
Total Nacional;19 Melilla;068-072 XI.Enfermedades del sistema digestivo;De 55 a 59 años;Mujeres;1
Total Nacional;19 Melilla;068-072 XI.Enfermedades del sistema digestivo;De 60 a 64 años;Hombres;1
Total Nacional;19 Melilla;068-072 XI.Enfermedades del sistema digestivo;De 60 a 64 años;Mujeres;1
Total Nacional;19 Melilla;068-072 XI.Enfermedades del sistema digestivo;De 65 a 69 años;Hombres;5
Total Nacional;19 Melilla;068-072 XI.Enfermedades del sistema digestivo;De 65 a 69 años;Mujeres;2
Total Nacional;19 Melilla;068-072 XI.Enfermedades del sistema digestivo;De 70 a 74 años;Hombres;1
Total Nacional;19 Melilla;068-072 XI.Enfermedades del sistema digestivo;De 70 a 74 años;Mujeres;1
Total Nacional;19 Melilla;068-072 XI.Enfermedades del sistema digestivo;De 75 a 79 años;Hombres;2
Total Nacional;19 Melilla;068-072 XI.Enfermedades del sistema digestivo;De 75 a 79 años;Mujeres;1
Total Nacional;19 Melilla;068-072 XI.Enfermedades del sistema digestivo;De 80 a 84 años;Hombres;0
Total Nacional;19 Melilla;068-072 XI.Enfermedades del sistema digestivo;De 80 a 84 años;Mujeres;2
Total Nacional;19 Melilla;068-072 XI.Enfermedades del sistema digestivo;De 85 a 89 años;Hombres;1
Total Nacional;19 Melilla;068-072 XI.Enfermedades del sistema digestivo;De 85 a 89 años;Mujeres;1
Total Nacional;19 Melilla;068-072 XI.Enfermedades del sistema digestivo;De 90 a 94 años;Hombres;1
Total Nacional;19 Melilla;068-072 XI.Enfermedades del sistema digestivo;De 90 a 94 años;Mujeres;0
Total Nacional;19 Melilla;068-072 XI.Enfermedades del sistema digestivo;De 95 años y más;Hombres;0
Total Nacional;19 Melilla;068-072 XI.Enfermedades del sistema digestivo;De 95 años y más;Mujeres;1
Total Nacional;19 Melilla;073 XII.Enfermedades de la piel y del tejido subcutáneo;De 1 a 14 años;Hombres;0
Total Nacional;19 Melilla;073 XII.Enfermedades de la piel y del tejido subcutáneo;De 1 a 14 años;Mujeres;0
Total Nacional;19 Melilla;073 XII.Enfermedades de la piel y del tejido subcutáneo;De 15 a 29 años;Hombres;0
Total Nacional;19 Melilla;073 XII.Enfermedades de la piel y del tejido subcutáneo;De 15 a 29 años;Mujeres;0
Total Nacional;19 Melilla;073 XII.Enfermedades de la piel y del tejido subcutáneo;De 30 a 39 años;Hombres;0
Total Nacional;19 Melilla;073 XII.Enfermedades de la piel y del tejido subcutáneo;De 30 a 39 años;Mujeres;0
Total Nacional;19 Melilla;073 XII.Enfermedades de la piel y del tejido subcutáneo;De 40 a 44 años;Hombres;0
Total Nacional;19 Melilla;073 XII.Enfermedades de la piel y del tejido subcutáneo;De 40 a 44 años;Mujeres;0
Total Nacional;19 Melilla;073 XII.Enfermedades de la piel y del tejido subcutáneo;De 45 a 49 años;Hombres;0
Total Nacional;19 Melilla;073 XII.Enfermedades de la piel y del tejido subcutáneo;De 45 a 49 años;Mujeres;0
Total Nacional;19 Melilla;073 XII.Enfermedades de la piel y del tejido subcutáneo;De 50 a 54 años;Hombres;0
Total Nacional;19 Melilla;073 XII.Enfermedades de la piel y del tejido subcutáneo;De 50 a 54 años;Mujeres;0
Total Nacional;19 Melilla;073 XII.Enfermedades de la piel y del tejido subcutáneo;De 55 a 59 años;Hombres;0
Total Nacional;19 Melilla;073 XII.Enfermedades de la piel y del tejido subcutáneo;De 55 a 59 años;Mujeres;0
Total Nacional;19 Melilla;073 XII.Enfermedades de la piel y del tejido subcutáneo;De 60 a 64 años;Hombres;0
Total Nacional;19 Melilla;073 XII.Enfermedades de la piel y del tejido subcutáneo;De 60 a 64 años;Mujeres;0
Total Nacional;19 Melilla;073 XII.Enfermedades de la piel y del tejido subcutáneo;De 65 a 69 años;Hombres;0
Total Nacional;19 Melilla;073 XII.Enfermedades de la piel y del tejido subcutáneo;De 65 a 69 años;Mujeres;0
Total Nacional;19 Melilla;073 XII.Enfermedades de la piel y del tejido subcutáneo;De 70 a 74 años;Hombres;0
Total Nacional;19 Melilla;073 XII.Enfermedades de la piel y del tejido subcutáneo;De 70 a 74 años;Mujeres;0
Total Nacional;19 Melilla;073 XII.Enfermedades de la piel y del tejido subcutáneo;De 75 a 79 años;Hombres;0
Total Nacional;19 Melilla;073 XII.Enfermedades de la piel y del tejido subcutáneo;De 75 a 79 años;Mujeres;1
Total Nacional;19 Melilla;073 XII.Enfermedades de la piel y del tejido subcutáneo;De 80 a 84 años;Hombres;0
Total Nacional;19 Melilla;073 XII.Enfermedades de la piel y del tejido subcutáneo;De 80 a 84 años;Mujeres;1
Total Nacional;19 Melilla;073 XII.Enfermedades de la piel y del tejido subcutáneo;De 85 a 89 años;Hombres;0
Total Nacional;19 Melilla;073 XII.Enfermedades de la piel y del tejido subcutáneo;De 85 a 89 años;Mujeres;0
Total Nacional;19 Melilla;073 XII.Enfermedades de la piel y del tejido subcutáneo;De 90 a 94 años;Hombres;0
Total Nacional;19 Melilla;073 XII.Enfermedades de la piel y del tejido subcutáneo;De 90 a 94 años;Mujeres;0
Total Nacional;19 Melilla;073 XII.Enfermedades de la piel y del tejido subcutáneo;De 95 años y más;Hombres;0
Total Nacional;19 Melilla;073 XII.Enfermedades de la piel y del tejido subcutáneo;De 95 años y más;Mujeres;0
Total Nacional;19 Melilla;074-076 XIII.Enfermedades del sistema osteomuscular y del tejido conjuntivo;De 1 a 14 años;Hombres;0
Total Nacional;19 Melilla;074-076 XIII.Enfermedades del sistema osteomuscular y del tejido conjuntivo;De 1 a 14 años;Mujeres;0
Total Nacional;19 Melilla;074-076 XIII.Enfermedades del sistema osteomuscular y del tejido conjuntivo;De 15 a 29 años;Hombres;0
Total Nacional;19 Melilla;074-076 XIII.Enfermedades del sistema osteomuscular y del tejido conjuntivo;De 15 a 29 años;Mujeres;0
Total Nacional;19 Melilla;074-076 XIII.Enfermedades del sistema osteomuscular y del tejido conjuntivo;De 30 a 39 años;Hombres;0
Total Nacional;19 Melilla;074-076 XIII.Enfermedades del sistema osteomuscular y del tejido conjuntivo;De 30 a 39 años;Mujeres;0
Total Nacional;19 Melilla;074-076 XIII.Enfermedades del sistema osteomuscular y del tejido conjuntivo;De 40 a 44 años;Hombres;0
Total Nacional;19 Melilla;074-076 XIII.Enfermedades del sistema osteomuscular y del tejido conjuntivo;De 40 a 44 años;Mujeres;0
Total Nacional;19 Melilla;074-076 XIII.Enfermedades del sistema osteomuscular y del tejido conjuntivo;De 45 a 49 años;Hombres;0
Total Nacional;19 Melilla;074-076 XIII.Enfermedades del sistema osteomuscular y del tejido conjuntivo;De 45 a 49 años;Mujeres;0
Total Nacional;19 Melilla;074-076 XIII.Enfermedades del sistema osteomuscular y del tejido conjuntivo;De 50 a 54 años;Hombres;0
Total Nacional;19 Melilla;074-076 XIII.Enfermedades del sistema osteomuscular y del tejido conjuntivo;De 50 a 54 años;Mujeres;1
Total Nacional;19 Melilla;074-076 XIII.Enfermedades del sistema osteomuscular y del tejido conjuntivo;De 55 a 59 años;Hombres;0
Total Nacional;19 Melilla;074-076 XIII.Enfermedades del sistema osteomuscular y del tejido conjuntivo;De 55 a 59 años;Mujeres;0
Total Nacional;19 Melilla;074-076 XIII.Enfermedades del sistema osteomuscular y del tejido conjuntivo;De 60 a 64 años;Hombres;0
Total Nacional;19 Melilla;074-076 XIII.Enfermedades del sistema osteomuscular y del tejido conjuntivo;De 60 a 64 años;Mujeres;1
Total Nacional;19 Melilla;074-076 XIII.Enfermedades del sistema osteomuscular y del tejido conjuntivo;De 65 a 69 años;Hombres;0
Total Nacional;19 Melilla;074-076 XIII.Enfermedades del sistema osteomuscular y del tejido conjuntivo;De 65 a 69 años;Mujeres;0
Total Nacional;19 Melilla;074-076 XIII.Enfermedades del sistema osteomuscular y del tejido conjuntivo;De 70 a 74 años;Hombres;0
Total Nacional;19 Melilla;074-076 XIII.Enfermedades del sistema osteomuscular y del tejido conjuntivo;De 70 a 74 años;Mujeres;0
Total Nacional;19 Melilla;074-076 XIII.Enfermedades del sistema osteomuscular y del tejido conjuntivo;De 75 a 79 años;Hombres;0
Total Nacional;19 Melilla;074-076 XIII.Enfermedades del sistema osteomuscular y del tejido conjuntivo;De 75 a 79 años;Mujeres;0
Total Nacional;19 Melilla;074-076 XIII.Enfermedades del sistema osteomuscular y del tejido conjuntivo;De 80 a 84 años;Hombres;0
Total Nacional;19 Melilla;074-076 XIII.Enfermedades del sistema osteomuscular y del tejido conjuntivo;De 80 a 84 años;Mujeres;0
Total Nacional;19 Melilla;074-076 XIII.Enfermedades del sistema osteomuscular y del tejido conjuntivo;De 85 a 89 años;Hombres;0
Total Nacional;19 Melilla;074-076 XIII.Enfermedades del sistema osteomuscular y del tejido conjuntivo;De 85 a 89 años;Mujeres;0
Total Nacional;19 Melilla;074-076 XIII.Enfermedades del sistema osteomuscular y del tejido conjuntivo;De 90 a 94 años;Hombres;0
Total Nacional;19 Melilla;074-076 XIII.Enfermedades del sistema osteomuscular y del tejido conjuntivo;De 90 a 94 años;Mujeres;1
Total Nacional;19 Melilla;074-076 XIII.Enfermedades del sistema osteomuscular y del tejido conjuntivo;De 95 años y más;Hombres;0
Total Nacional;19 Melilla;074-076 XIII.Enfermedades del sistema osteomuscular y del tejido conjuntivo;De 95 años y más;Mujeres;0
Total Nacional;19 Melilla;077-080 XIV.Enfermedades del sistema genitourinario;De 1 a 14 años;Hombres;0
Total Nacional;19 Melilla;077-080 XIV.Enfermedades del sistema genitourinario;De 1 a 14 años;Mujeres;0
Total Nacional;19 Melilla;077-080 XIV.Enfermedades del sistema genitourinario;De 15 a 29 años;Hombres;0
Total Nacional;19 Melilla;077-080 XIV.Enfermedades del sistema genitourinario;De 15 a 29 años;Mujeres;0
Total Nacional;19 Melilla;077-080 XIV.Enfermedades del sistema genitourinario;De 30 a 39 años;Hombres;0
Total Nacional;19 Melilla;077-080 XIV.Enfermedades del sistema genitourinario;De 30 a 39 años;Mujeres;0
Total Nacional;19 Melilla;077-080 XIV.Enfermedades del sistema genitourinario;De 40 a 44 años;Hombres;0
Total Nacional;19 Melilla;077-080 XIV.Enfermedades del sistema genitourinario;De 40 a 44 años;Mujeres;0
Total Nacional;19 Melilla;077-080 XIV.Enfermedades del sistema genitourinario;De 45 a 49 años;Hombres;0
Total Nacional;19 Melilla;077-080 XIV.Enfermedades del sistema genitourinario;De 45 a 49 años;Mujeres;0
Total Nacional;19 Melilla;077-080 XIV.Enfermedades del sistema genitourinario;De 50 a 54 años;Hombres;0
Total Nacional;19 Melilla;077-080 XIV.Enfermedades del sistema genitourinario;De 50 a 54 años;Mujeres;0
Total Nacional;19 Melilla;077-080 XIV.Enfermedades del sistema genitourinario;De 55 a 59 años;Hombres;1
Total Nacional;19 Melilla;077-080 XIV.Enfermedades del sistema genitourinario;De 55 a 59 años;Mujeres;0
Total Nacional;19 Melilla;077-080 XIV.Enfermedades del sistema genitourinario;De 60 a 64 años;Hombres;0
Total Nacional;19 Melilla;077-080 XIV.Enfermedades del sistema genitourinario;De 60 a 64 años;Mujeres;0
Total Nacional;19 Melilla;077-080 XIV.Enfermedades del sistema genitourinario;De 65 a 69 años;Hombres;0
Total Nacional;19 Melilla;077-080 XIV.Enfermedades del sistema genitourinario;De 65 a 69 años;Mujeres;0
Total Nacional;19 Melilla;077-080 XIV.Enfermedades del sistema genitourinario;De 70 a 74 años;Hombres;2
Total Nacional;19 Melilla;077-080 XIV.Enfermedades del sistema genitourinario;De 70 a 74 años;Mujeres;1
Total Nacional;19 Melilla;077-080 XIV.Enfermedades del sistema genitourinario;De 75 a 79 años;Hombres;2
Total Nacional;19 Melilla;077-080 XIV.Enfermedades del sistema genitourinario;De 75 a 79 años;Mujeres;2
Total Nacional;19 Melilla;077-080 XIV.Enfermedades del sistema genitourinario;De 80 a 84 años;Hombres;0
Total Nacional;19 Melilla;077-080 XIV.Enfermedades del sistema genitourinario;De 80 a 84 años;Mujeres;4
Total Nacional;19 Melilla;077-080 XIV.Enfermedades del sistema genitourinario;De 85 a 89 años;Hombres;2
Total Nacional;19 Melilla;077-080 XIV.Enfermedades del sistema genitourinario;De 85 a 89 años;Mujeres;2
Total Nacional;19 Melilla;077-080 XIV.Enfermedades del sistema genitourinario;De 90 a 94 años;Hombres;3
Total Nacional;19 Melilla;077-080 XIV.Enfermedades del sistema genitourinario;De 90 a 94 años;Mujeres;2
Total Nacional;19 Melilla;077-080 XIV.Enfermedades del sistema genitourinario;De 95 años y más;Hombres;0
Total Nacional;19 Melilla;077-080 XIV.Enfermedades del sistema genitourinario;De 95 años y más;Mujeres;2
Total Nacional;19 Melilla;081 XV.Embarazo, parto y puerperio;De 1 a 14 años;Hombres;0
Total Nacional;19 Melilla;081 XV.Embarazo, parto y puerperio;De 1 a 14 años;Mujeres;0
Total Nacional;19 Melilla;081 XV.Embarazo, parto y puerperio;De 15 a 29 años;Hombres;0
Total Nacional;19 Melilla;081 XV.Embarazo, parto y puerperio;De 15 a 29 años;Mujeres;0
Total Nacional;19 Melilla;081 XV.Embarazo, parto y puerperio;De 30 a 39 años;Hombres;0
Total Nacional;19 Melilla;081 XV.Embarazo, parto y puerperio;De 30 a 39 años;Mujeres;0
Total Nacional;19 Melilla;081 XV.Embarazo, parto y puerperio;De 40 a 44 años;Hombres;0
Total Nacional;19 Melilla;081 XV.Embarazo, parto y puerperio;De 40 a 44 años;Mujeres;0
Total Nacional;19 Melilla;081 XV.Embarazo, parto y puerperio;De 45 a 49 años;Hombres;0
Total Nacional;19 Melilla;081 XV.Embarazo, parto y puerperio;De 45 a 49 años;Mujeres;0
Total Nacional;19 Melilla;081 XV.Embarazo, parto y puerperio;De 50 a 54 años;Hombres;0
Total Nacional;19 Melilla;081 XV.Embarazo, parto y puerperio;De 50 a 54 años;Mujeres;0
Total Nacional;19 Melilla;081 XV.Embarazo, parto y puerperio;De 55 a 59 años;Hombres;0
Total Nacional;19 Melilla;081 XV.Embarazo, parto y puerperio;De 55 a 59 años;Mujeres;0
Total Nacional;19 Melilla;081 XV.Embarazo, parto y puerperio;De 60 a 64 años;Hombres;0
Total Nacional;19 Melilla;081 XV.Embarazo, parto y puerperio;De 60 a 64 años;Mujeres;0
Total Nacional;19 Melilla;081 XV.Embarazo, parto y puerperio;De 65 a 69 años;Hombres;0
Total Nacional;19 Melilla;081 XV.Embarazo, parto y puerperio;De 65 a 69 años;Mujeres;0
Total Nacional;19 Melilla;081 XV.Embarazo, parto y puerperio;De 70 a 74 años;Hombres;0
Total Nacional;19 Melilla;081 XV.Embarazo, parto y puerperio;De 70 a 74 años;Mujeres;0
Total Nacional;19 Melilla;081 XV.Embarazo, parto y puerperio;De 75 a 79 años;Hombres;0
Total Nacional;19 Melilla;081 XV.Embarazo, parto y puerperio;De 75 a 79 años;Mujeres;0
Total Nacional;19 Melilla;081 XV.Embarazo, parto y puerperio;De 80 a 84 años;Hombres;0
Total Nacional;19 Melilla;081 XV.Embarazo, parto y puerperio;De 80 a 84 años;Mujeres;0
Total Nacional;19 Melilla;081 XV.Embarazo, parto y puerperio;De 85 a 89 años;Hombres;0
Total Nacional;19 Melilla;081 XV.Embarazo, parto y puerperio;De 85 a 89 años;Mujeres;0
Total Nacional;19 Melilla;081 XV.Embarazo, parto y puerperio;De 90 a 94 años;Hombres;0
Total Nacional;19 Melilla;081 XV.Embarazo, parto y puerperio;De 90 a 94 años;Mujeres;0
Total Nacional;19 Melilla;081 XV.Embarazo, parto y puerperio;De 95 años y más;Hombres;0
Total Nacional;19 Melilla;081 XV.Embarazo, parto y puerperio;De 95 años y más;Mujeres;0
Total Nacional;19 Melilla;082 XVI.Afecciones originadas en el periodo perinatal;De 1 a 14 años;Hombres;0
Total Nacional;19 Melilla;082 XVI.Afecciones originadas en el periodo perinatal;De 1 a 14 años;Mujeres;0
Total Nacional;19 Melilla;082 XVI.Afecciones originadas en el periodo perinatal;De 15 a 29 años;Hombres;0
Total Nacional;19 Melilla;082 XVI.Afecciones originadas en el periodo perinatal;De 15 a 29 años;Mujeres;0
Total Nacional;19 Melilla;082 XVI.Afecciones originadas en el periodo perinatal;De 30 a 39 años;Hombres;0
Total Nacional;19 Melilla;082 XVI.Afecciones originadas en el periodo perinatal;De 30 a 39 años;Mujeres;0
Total Nacional;19 Melilla;082 XVI.Afecciones originadas en el periodo perinatal;De 40 a 44 años;Hombres;0
Total Nacional;19 Melilla;082 XVI.Afecciones originadas en el periodo perinatal;De 40 a 44 años;Mujeres;0
Total Nacional;19 Melilla;082 XVI.Afecciones originadas en el periodo perinatal;De 45 a 49 años;Hombres;0
Total Nacional;19 Melilla;082 XVI.Afecciones originadas en el periodo perinatal;De 45 a 49 años;Mujeres;0
Total Nacional;19 Melilla;082 XVI.Afecciones originadas en el periodo perinatal;De 50 a 54 años;Hombres;0
Total Nacional;19 Melilla;082 XVI.Afecciones originadas en el periodo perinatal;De 50 a 54 años;Mujeres;0
Total Nacional;19 Melilla;082 XVI.Afecciones originadas en el periodo perinatal;De 55 a 59 años;Hombres;0
Total Nacional;19 Melilla;082 XVI.Afecciones originadas en el periodo perinatal;De 55 a 59 años;Mujeres;0
Total Nacional;19 Melilla;082 XVI.Afecciones originadas en el periodo perinatal;De 60 a 64 años;Hombres;0
Total Nacional;19 Melilla;082 XVI.Afecciones originadas en el periodo perinatal;De 60 a 64 años;Mujeres;0
Total Nacional;19 Melilla;082 XVI.Afecciones originadas en el periodo perinatal;De 65 a 69 años;Hombres;0
Total Nacional;19 Melilla;082 XVI.Afecciones originadas en el periodo perinatal;De 65 a 69 años;Mujeres;0
Total Nacional;19 Melilla;082 XVI.Afecciones originadas en el periodo perinatal;De 70 a 74 años;Hombres;0
Total Nacional;19 Melilla;082 XVI.Afecciones originadas en el periodo perinatal;De 70 a 74 años;Mujeres;0
Total Nacional;19 Melilla;082 XVI.Afecciones originadas en el periodo perinatal;De 75 a 79 años;Hombres;0
Total Nacional;19 Melilla;082 XVI.Afecciones originadas en el periodo perinatal;De 75 a 79 años;Mujeres;0
Total Nacional;19 Melilla;082 XVI.Afecciones originadas en el periodo perinatal;De 80 a 84 años;Hombres;0
Total Nacional;19 Melilla;082 XVI.Afecciones originadas en el periodo perinatal;De 80 a 84 años;Mujeres;0
Total Nacional;19 Melilla;082 XVI.Afecciones originadas en el periodo perinatal;De 85 a 89 años;Hombres;0
Total Nacional;19 Melilla;082 XVI.Afecciones originadas en el periodo perinatal;De 85 a 89 años;Mujeres;0
Total Nacional;19 Melilla;082 XVI.Afecciones originadas en el periodo perinatal;De 90 a 94 años;Hombres;0
Total Nacional;19 Melilla;082 XVI.Afecciones originadas en el periodo perinatal;De 90 a 94 años;Mujeres;0
Total Nacional;19 Melilla;082 XVI.Afecciones originadas en el periodo perinatal;De 95 años y más;Hombres;0
Total Nacional;19 Melilla;082 XVI.Afecciones originadas en el periodo perinatal;De 95 años y más;Mujeres;0
Total Nacional;19 Melilla;083-085 XVII.Malformaciones congénitas, deformidades y anomalías cromosómicas;De 1 a 14 años;Hombres;0
Total Nacional;19 Melilla;083-085 XVII.Malformaciones congénitas, deformidades y anomalías cromosómicas;De 1 a 14 años;Mujeres;0
Total Nacional;19 Melilla;083-085 XVII.Malformaciones congénitas, deformidades y anomalías cromosómicas;De 15 a 29 años;Hombres;0
Total Nacional;19 Melilla;083-085 XVII.Malformaciones congénitas, deformidades y anomalías cromosómicas;De 15 a 29 años;Mujeres;0
Total Nacional;19 Melilla;083-085 XVII.Malformaciones congénitas, deformidades y anomalías cromosómicas;De 30 a 39 años;Hombres;0
Total Nacional;19 Melilla;083-085 XVII.Malformaciones congénitas, deformidades y anomalías cromosómicas;De 30 a 39 años;Mujeres;0
Total Nacional;19 Melilla;083-085 XVII.Malformaciones congénitas, deformidades y anomalías cromosómicas;De 40 a 44 años;Hombres;0
Total Nacional;19 Melilla;083-085 XVII.Malformaciones congénitas, deformidades y anomalías cromosómicas;De 40 a 44 años;Mujeres;0
Total Nacional;19 Melilla;083-085 XVII.Malformaciones congénitas, deformidades y anomalías cromosómicas;De 45 a 49 años;Hombres;0
Total Nacional;19 Melilla;083-085 XVII.Malformaciones congénitas, deformidades y anomalías cromosómicas;De 45 a 49 años;Mujeres;0
Total Nacional;19 Melilla;083-085 XVII.Malformaciones congénitas, deformidades y anomalías cromosómicas;De 50 a 54 años;Hombres;0
Total Nacional;19 Melilla;083-085 XVII.Malformaciones congénitas, deformidades y anomalías cromosómicas;De 50 a 54 años;Mujeres;1
Total Nacional;19 Melilla;083-085 XVII.Malformaciones congénitas, deformidades y anomalías cromosómicas;De 55 a 59 años;Hombres;0
Total Nacional;19 Melilla;083-085 XVII.Malformaciones congénitas, deformidades y anomalías cromosómicas;De 55 a 59 años;Mujeres;0
Total Nacional;19 Melilla;083-085 XVII.Malformaciones congénitas, deformidades y anomalías cromosómicas;De 60 a 64 años;Hombres;0
Total Nacional;19 Melilla;083-085 XVII.Malformaciones congénitas, deformidades y anomalías cromosómicas;De 60 a 64 años;Mujeres;0
Total Nacional;19 Melilla;083-085 XVII.Malformaciones congénitas, deformidades y anomalías cromosómicas;De 65 a 69 años;Hombres;0
Total Nacional;19 Melilla;083-085 XVII.Malformaciones congénitas, deformidades y anomalías cromosómicas;De 65 a 69 años;Mujeres;0
Total Nacional;19 Melilla;083-085 XVII.Malformaciones congénitas, deformidades y anomalías cromosómicas;De 70 a 74 años;Hombres;0
Total Nacional;19 Melilla;083-085 XVII.Malformaciones congénitas, deformidades y anomalías cromosómicas;De 70 a 74 años;Mujeres;0
Total Nacional;19 Melilla;083-085 XVII.Malformaciones congénitas, deformidades y anomalías cromosómicas;De 75 a 79 años;Hombres;0
Total Nacional;19 Melilla;083-085 XVII.Malformaciones congénitas, deformidades y anomalías cromosómicas;De 75 a 79 años;Mujeres;0
Total Nacional;19 Melilla;083-085 XVII.Malformaciones congénitas, deformidades y anomalías cromosómicas;De 80 a 84 años;Hombres;0
Total Nacional;19 Melilla;083-085 XVII.Malformaciones congénitas, deformidades y anomalías cromosómicas;De 80 a 84 años;Mujeres;0
Total Nacional;19 Melilla;083-085 XVII.Malformaciones congénitas, deformidades y anomalías cromosómicas;De 85 a 89 años;Hombres;0
Total Nacional;19 Melilla;083-085 XVII.Malformaciones congénitas, deformidades y anomalías cromosómicas;De 85 a 89 años;Mujeres;0
Total Nacional;19 Melilla;083-085 XVII.Malformaciones congénitas, deformidades y anomalías cromosómicas;De 90 a 94 años;Hombres;0
Total Nacional;19 Melilla;083-085 XVII.Malformaciones congénitas, deformidades y anomalías cromosómicas;De 90 a 94 años;Mujeres;0
Total Nacional;19 Melilla;083-085 XVII.Malformaciones congénitas, deformidades y anomalías cromosómicas;De 95 años y más;Hombres;0
Total Nacional;19 Melilla;083-085 XVII.Malformaciones congénitas, deformidades y anomalías cromosómicas;De 95 años y más;Mujeres;0
Total Nacional;19 Melilla;086-089 XVIII.Síntomas, signos y hallazgos anormales clínicos y de laboratorio, no clasificados en otra parte;De 1 a 14 años;Hombres;0
Total Nacional;19 Melilla;086-089 XVIII.Síntomas, signos y hallazgos anormales clínicos y de laboratorio, no clasificados en otra parte;De 1 a 14 años;Mujeres;0
Total Nacional;19 Melilla;086-089 XVIII.Síntomas, signos y hallazgos anormales clínicos y de laboratorio, no clasificados en otra parte;De 15 a 29 años;Hombres;0
Total Nacional;19 Melilla;086-089 XVIII.Síntomas, signos y hallazgos anormales clínicos y de laboratorio, no clasificados en otra parte;De 15 a 29 años;Mujeres;0
Total Nacional;19 Melilla;086-089 XVIII.Síntomas, signos y hallazgos anormales clínicos y de laboratorio, no clasificados en otra parte;De 30 a 39 años;Hombres;1
Total Nacional;19 Melilla;086-089 XVIII.Síntomas, signos y hallazgos anormales clínicos y de laboratorio, no clasificados en otra parte;De 30 a 39 años;Mujeres;0
Total Nacional;19 Melilla;086-089 XVIII.Síntomas, signos y hallazgos anormales clínicos y de laboratorio, no clasificados en otra parte;De 40 a 44 años;Hombres;0
Total Nacional;19 Melilla;086-089 XVIII.Síntomas, signos y hallazgos anormales clínicos y de laboratorio, no clasificados en otra parte;De 40 a 44 años;Mujeres;0
Total Nacional;19 Melilla;086-089 XVIII.Síntomas, signos y hallazgos anormales clínicos y de laboratorio, no clasificados en otra parte;De 45 a 49 años;Hombres;0
Total Nacional;19 Melilla;086-089 XVIII.Síntomas, signos y hallazgos anormales clínicos y de laboratorio, no clasificados en otra parte;De 45 a 49 años;Mujeres;0
Total Nacional;19 Melilla;086-089 XVIII.Síntomas, signos y hallazgos anormales clínicos y de laboratorio, no clasificados en otra parte;De 50 a 54 años;Hombres;0
Total Nacional;19 Melilla;086-089 XVIII.Síntomas, signos y hallazgos anormales clínicos y de laboratorio, no clasificados en otra parte;De 50 a 54 años;Mujeres;0
Total Nacional;19 Melilla;086-089 XVIII.Síntomas, signos y hallazgos anormales clínicos y de laboratorio, no clasificados en otra parte;De 55 a 59 años;Hombres;0
Total Nacional;19 Melilla;086-089 XVIII.Síntomas, signos y hallazgos anormales clínicos y de laboratorio, no clasificados en otra parte;De 55 a 59 años;Mujeres;0
Total Nacional;19 Melilla;086-089 XVIII.Síntomas, signos y hallazgos anormales clínicos y de laboratorio, no clasificados en otra parte;De 60 a 64 años;Hombres;1
Total Nacional;19 Melilla;086-089 XVIII.Síntomas, signos y hallazgos anormales clínicos y de laboratorio, no clasificados en otra parte;De 60 a 64 años;Mujeres;0
Total Nacional;19 Melilla;086-089 XVIII.Síntomas, signos y hallazgos anormales clínicos y de laboratorio, no clasificados en otra parte;De 65 a 69 años;Hombres;0
Total Nacional;19 Melilla;086-089 XVIII.Síntomas, signos y hallazgos anormales clínicos y de laboratorio, no clasificados en otra parte;De 65 a 69 años;Mujeres;0
Total Nacional;19 Melilla;086-089 XVIII.Síntomas, signos y hallazgos anormales clínicos y de laboratorio, no clasificados en otra parte;De 70 a 74 años;Hombres;0
Total Nacional;19 Melilla;086-089 XVIII.Síntomas, signos y hallazgos anormales clínicos y de laboratorio, no clasificados en otra parte;De 70 a 74 años;Mujeres;0
Total Nacional;19 Melilla;086-089 XVIII.Síntomas, signos y hallazgos anormales clínicos y de laboratorio, no clasificados en otra parte;De 75 a 79 años;Hombres;0
Total Nacional;19 Melilla;086-089 XVIII.Síntomas, signos y hallazgos anormales clínicos y de laboratorio, no clasificados en otra parte;De 75 a 79 años;Mujeres;0
Total Nacional;19 Melilla;086-089 XVIII.Síntomas, signos y hallazgos anormales clínicos y de laboratorio, no clasificados en otra parte;De 80 a 84 años;Hombres;0
Total Nacional;19 Melilla;086-089 XVIII.Síntomas, signos y hallazgos anormales clínicos y de laboratorio, no clasificados en otra parte;De 80 a 84 años;Mujeres;0
Total Nacional;19 Melilla;086-089 XVIII.Síntomas, signos y hallazgos anormales clínicos y de laboratorio, no clasificados en otra parte;De 85 a 89 años;Hombres;0
Total Nacional;19 Melilla;086-089 XVIII.Síntomas, signos y hallazgos anormales clínicos y de laboratorio, no clasificados en otra parte;De 85 a 89 años;Mujeres;1
Total Nacional;19 Melilla;086-089 XVIII.Síntomas, signos y hallazgos anormales clínicos y de laboratorio, no clasificados en otra parte;De 90 a 94 años;Hombres;0
Total Nacional;19 Melilla;086-089 XVIII.Síntomas, signos y hallazgos anormales clínicos y de laboratorio, no clasificados en otra parte;De 90 a 94 años;Mujeres;2
Total Nacional;19 Melilla;086-089 XVIII.Síntomas, signos y hallazgos anormales clínicos y de laboratorio, no clasificados en otra parte;De 95 años y más;Hombres;0
Total Nacional;19 Melilla;086-089 XVIII.Síntomas, signos y hallazgos anormales clínicos y de laboratorio, no clasificados en otra parte;De 95 años y más;Mujeres;0
Total Nacional;19 Melilla;090-102 XX.Causas externas de mortalidad;De 1 a 14 años;Hombres;0
Total Nacional;19 Melilla;090-102 XX.Causas externas de mortalidad;De 1 a 14 años;Mujeres;1
Total Nacional;19 Melilla;090-102 XX.Causas externas de mortalidad;De 15 a 29 años;Hombres;1
Total Nacional;19 Melilla;090-102 XX.Causas externas de mortalidad;De 15 a 29 años;Mujeres;0
Total Nacional;19 Melilla;090-102 XX.Causas externas de mortalidad;De 30 a 39 años;Hombres;0
Total Nacional;19 Melilla;090-102 XX.Causas externas de mortalidad;De 30 a 39 años;Mujeres;0
Total Nacional;19 Melilla;090-102 XX.Causas externas de mortalidad;De 40 a 44 años;Hombres;1
Total Nacional;19 Melilla;090-102 XX.Causas externas de mortalidad;De 40 a 44 años;Mujeres;0
Total Nacional;19 Melilla;090-102 XX.Causas externas de mortalidad;De 45 a 49 años;Hombres;2
Total Nacional;19 Melilla;090-102 XX.Causas externas de mortalidad;De 45 a 49 años;Mujeres;0
Total Nacional;19 Melilla;090-102 XX.Causas externas de mortalidad;De 50 a 54 años;Hombres;1
Total Nacional;19 Melilla;090-102 XX.Causas externas de mortalidad;De 50 a 54 años;Mujeres;0
Total Nacional;19 Melilla;090-102 XX.Causas externas de mortalidad;De 55 a 59 años;Hombres;0
Total Nacional;19 Melilla;090-102 XX.Causas externas de mortalidad;De 55 a 59 años;Mujeres;0
Total Nacional;19 Melilla;090-102 XX.Causas externas de mortalidad;De 60 a 64 años;Hombres;3
Total Nacional;19 Melilla;090-102 XX.Causas externas de mortalidad;De 60 a 64 años;Mujeres;1
Total Nacional;19 Melilla;090-102 XX.Causas externas de mortalidad;De 65 a 69 años;Hombres;1
Total Nacional;19 Melilla;090-102 XX.Causas externas de mortalidad;De 65 a 69 años;Mujeres;0
Total Nacional;19 Melilla;090-102 XX.Causas externas de mortalidad;De 70 a 74 años;Hombres;2
Total Nacional;19 Melilla;090-102 XX.Causas externas de mortalidad;De 70 a 74 años;Mujeres;0
Total Nacional;19 Melilla;090-102 XX.Causas externas de mortalidad;De 75 a 79 años;Hombres;0
Total Nacional;19 Melilla;090-102 XX.Causas externas de mortalidad;De 75 a 79 años;Mujeres;1
Total Nacional;19 Melilla;090-102 XX.Causas externas de mortalidad;De 80 a 84 años;Hombres;1
Total Nacional;19 Melilla;090-102 XX.Causas externas de mortalidad;De 80 a 84 años;Mujeres;0
Total Nacional;19 Melilla;090-102 XX.Causas externas de mortalidad;De 85 a 89 años;Hombres;1
Total Nacional;19 Melilla;090-102 XX.Causas externas de mortalidad;De 85 a 89 años;Mujeres;1
Total Nacional;19 Melilla;090-102 XX.Causas externas de mortalidad;De 90 a 94 años;Hombres;0
Total Nacional;19 Melilla;090-102 XX.Causas externas de mortalidad;De 90 a 94 años;Mujeres;0
Total Nacional;19 Melilla;090-102 XX.Causas externas de mortalidad;De 95 años y más;Hombres;0
Total Nacional;19 Melilla;090-102 XX.Causas externas de mortalidad;De 95 años y más;Mujeres;0
