Provincias;Edad (grupos quinquenales);Españoles/Extranjeros;Sexo;Periodo;Total
02 Albacete;0-4 años;TOTAL;Hombres;2022;7.503
02 Albacete;0-4 años;TOTAL;Hombres;2021;7.733
02 Albacete;0-4 años;TOTAL;Hombres;2020;8.237
02 Albacete;0-4 años;TOTAL;Hombres;2019;8.569
02 Albacete;0-4 años;TOTAL;Hombres;2018;8.881
02 Albacete;0-4 años;TOTAL;Mujeres;2022;6.955
02 Albacete;0-4 años;TOTAL;Mujeres;2021;7.227
02 Albacete;0-4 años;TOTAL;Mujeres;2020;7.592
02 Albacete;0-4 años;TOTAL;Mujeres;2019;7.886
02 Albacete;0-4 años;TOTAL;Mujeres;2018;8.087
02 Albacete;5-9 años;TOTAL;Hombres;2022;9.318
02 Albacete;5-9 años;TOTAL;Hombres;2021;9.593
02 Albacete;5-9 años;TOTAL;Hombres;2020;9.710
02 Albacete;5-9 años;TOTAL;Hombres;2019;9.789
02 Albacete;5-9 años;TOTAL;Hombres;2018;9.979
02 Albacete;5-9 años;TOTAL;Mujeres;2022;8.633
02 Albacete;5-9 años;TOTAL;Mujeres;2021;8.773
02 Albacete;5-9 años;TOTAL;Mujeres;2020;8.900
02 Albacete;5-9 años;TOTAL;Mujeres;2019;9.198
02 Albacete;5-9 años;TOTAL;Mujeres;2018;9.447
02 Albacete;10-14 años;TOTAL;Hombres;2022;10.430
02 Albacete;10-14 años;TOTAL;Hombres;2021;10.427
02 Albacete;10-14 años;TOTAL;Hombres;2020;10.407
02 Albacete;10-14 años;TOTAL;Hombres;2019;10.371
02 Albacete;10-14 años;TOTAL;Hombres;2018;10.285
02 Albacete;10-14 años;TOTAL;Mujeres;2022;9.774
02 Albacete;10-14 años;TOTAL;Mujeres;2021;9.898
02 Albacete;10-14 años;TOTAL;Mujeres;2020;9.815
02 Albacete;10-14 años;TOTAL;Mujeres;2019;9.593
02 Albacete;10-14 años;TOTAL;Mujeres;2018;9.612
02 Albacete;15-19 años;TOTAL;Hombres;2022;10.412
02 Albacete;15-19 años;TOTAL;Hombres;2021;10.306
02 Albacete;15-19 años;TOTAL;Hombres;2020;10.349
02 Albacete;15-19 años;TOTAL;Hombres;2019;10.374
02 Albacete;15-19 años;TOTAL;Hombres;2018;10.382
02 Albacete;15-19 años;TOTAL;Mujeres;2022;9.807
02 Albacete;15-19 años;TOTAL;Mujeres;2021;9.744
02 Albacete;15-19 años;TOTAL;Mujeres;2020;9.863
02 Albacete;15-19 años;TOTAL;Mujeres;2019;9.945
02 Albacete;15-19 años;TOTAL;Mujeres;2018;9.900
02 Albacete;20-24 años;TOTAL;Hombres;2022;10.929
02 Albacete;20-24 años;TOTAL;Hombres;2021;10.933
02 Albacete;20-24 años;TOTAL;Hombres;2020;11.069
02 Albacete;20-24 años;TOTAL;Hombres;2019;11.019
02 Albacete;20-24 años;TOTAL;Hombres;2018;10.961
02 Albacete;20-24 años;TOTAL;Mujeres;2022;10.190
02 Albacete;20-24 años;TOTAL;Mujeres;2021;10.188
02 Albacete;20-24 años;TOTAL;Mujeres;2020;10.141
02 Albacete;20-24 años;TOTAL;Mujeres;2019;10.087
02 Albacete;20-24 años;TOTAL;Mujeres;2018;10.118
02 Albacete;25-29 años;TOTAL;Hombres;2022;11.213
02 Albacete;25-29 años;TOTAL;Hombres;2021;11.365
02 Albacete;25-29 años;TOTAL;Hombres;2020;11.471
02 Albacete;25-29 años;TOTAL;Hombres;2019;11.523
02 Albacete;25-29 años;TOTAL;Hombres;2018;11.675
02 Albacete;25-29 años;TOTAL;Mujeres;2022;9.966
02 Albacete;25-29 años;TOTAL;Mujeres;2021;10.160
02 Albacete;25-29 años;TOTAL;Mujeres;2020;10.503
02 Albacete;25-29 años;TOTAL;Mujeres;2019;10.745
02 Albacete;25-29 años;TOTAL;Mujeres;2018;10.984
02 Albacete;30-34 años;TOTAL;Hombres;2022;11.730
02 Albacete;30-34 años;TOTAL;Hombres;2021;11.826
02 Albacete;30-34 años;TOTAL;Hombres;2020;11.817
02 Albacete;30-34 años;TOTAL;Hombres;2019;11.927
02 Albacete;30-34 años;TOTAL;Hombres;2018;12.318
02 Albacete;30-34 años;TOTAL;Mujeres;2022;10.750
02 Albacete;30-34 años;TOTAL;Mujeres;2021;10.991
02 Albacete;30-34 años;TOTAL;Mujeres;2020;11.085
02 Albacete;30-34 años;TOTAL;Mujeres;2019;11.282
02 Albacete;30-34 años;TOTAL;Mujeres;2018;11.587
02 Albacete;35-39 años;TOTAL;Hombres;2022;12.679
02 Albacete;35-39 años;TOTAL;Hombres;2021;13.136
02 Albacete;35-39 años;TOTAL;Hombres;2020;13.609
02 Albacete;35-39 años;TOTAL;Hombres;2019;14.173
02 Albacete;35-39 años;TOTAL;Hombres;2018;14.907
02 Albacete;35-39 años;TOTAL;Mujeres;2022;11.758
02 Albacete;35-39 años;TOTAL;Mujeres;2021;12.177
02 Albacete;35-39 años;TOTAL;Mujeres;2020;12.553
02 Albacete;35-39 años;TOTAL;Mujeres;2019;13.005
02 Albacete;35-39 años;TOTAL;Mujeres;2018;13.606
02 Albacete;40-44 años;TOTAL;Hombres;2022;15.238
02 Albacete;40-44 años;TOTAL;Hombres;2021;15.634
02 Albacete;40-44 años;TOTAL;Hombres;2020;15.943
02 Albacete;40-44 años;TOTAL;Hombres;2019;16.099
02 Albacete;40-44 años;TOTAL;Hombres;2018;16.079
02 Albacete;40-44 años;TOTAL;Mujeres;2022;14.068
02 Albacete;40-44 años;TOTAL;Mujeres;2021;14.554
02 Albacete;40-44 años;TOTAL;Mujeres;2020;14.906
02 Albacete;40-44 años;TOTAL;Mujeres;2019;15.062
02 Albacete;40-44 años;TOTAL;Mujeres;2018;15.042
02 Albacete;45-49 años;TOTAL;Hombres;2022;15.782
02 Albacete;45-49 años;TOTAL;Hombres;2021;15.715
02 Albacete;45-49 años;TOTAL;Hombres;2020;15.648
02 Albacete;45-49 años;TOTAL;Hombres;2019;15.585
02 Albacete;45-49 años;TOTAL;Hombres;2018;15.623
02 Albacete;45-49 años;TOTAL;Mujeres;2022;15.204
02 Albacete;45-49 años;TOTAL;Mujeres;2021;15.037
02 Albacete;45-49 años;TOTAL;Mujeres;2020;15.019
02 Albacete;45-49 años;TOTAL;Mujeres;2019;15.108
02 Albacete;45-49 años;TOTAL;Mujeres;2018;15.301
02 Albacete;50-54 años;TOTAL;Hombres;2022;15.460
02 Albacete;50-54 años;TOTAL;Hombres;2021;15.476
02 Albacete;50-54 años;TOTAL;Hombres;2020;15.622
02 Albacete;50-54 años;TOTAL;Hombres;2019;15.758
02 Albacete;50-54 años;TOTAL;Hombres;2018;15.722
02 Albacete;50-54 años;TOTAL;Mujeres;2022;15.292
02 Albacete;50-54 años;TOTAL;Mujeres;2021;15.407
02 Albacete;50-54 años;TOTAL;Mujeres;2020;15.457
02 Albacete;50-54 años;TOTAL;Mujeres;2019;15.452
02 Albacete;50-54 años;TOTAL;Mujeres;2018;15.376
02 Albacete;55-59 años;TOTAL;Hombres;2022;15.143
02 Albacete;55-59 años;TOTAL;Hombres;2021;15.007
02 Albacete;55-59 años;TOTAL;Hombres;2020;14.871
02 Albacete;55-59 años;TOTAL;Hombres;2019;14.535
02 Albacete;55-59 años;TOTAL;Hombres;2018;14.076
02 Albacete;55-59 años;TOTAL;Mujeres;2022;15.173
02 Albacete;55-59 años;TOTAL;Mujeres;2021;14.902
02 Albacete;55-59 años;TOTAL;Mujeres;2020;14.665
02 Albacete;55-59 años;TOTAL;Mujeres;2019;14.153
02 Albacete;55-59 años;TOTAL;Mujeres;2018;13.736
02 Albacete;60-64 años;TOTAL;Hombres;2022;13.294
02 Albacete;60-64 años;TOTAL;Hombres;2021;12.599
02 Albacete;60-64 años;TOTAL;Hombres;2020;11.765
02 Albacete;60-64 años;TOTAL;Hombres;2019;10.928
02 Albacete;60-64 años;TOTAL;Hombres;2018;10.361
02 Albacete;60-64 años;TOTAL;Mujeres;2022;13.156
02 Albacete;60-64 años;TOTAL;Mujeres;2021;12.537
02 Albacete;60-64 años;TOTAL;Mujeres;2020;11.874
02 Albacete;60-64 años;TOTAL;Mujeres;2019;11.207
02 Albacete;60-64 años;TOTAL;Mujeres;2018;10.661
02 Albacete;65-69 años;TOTAL;Hombres;2022;9.370
02 Albacete;65-69 años;TOTAL;Hombres;2021;9.130
02 Albacete;65-69 años;TOTAL;Hombres;2020;8.973
02 Albacete;65-69 años;TOTAL;Hombres;2019;8.922
02 Albacete;65-69 años;TOTAL;Hombres;2018;8.914
02 Albacete;65-69 años;TOTAL;Mujeres;2022;10.040
02 Albacete;65-69 años;TOTAL;Mujeres;2021;9.731
02 Albacete;65-69 años;TOTAL;Mujeres;2020;9.506
02 Albacete;65-69 años;TOTAL;Mujeres;2019;9.344
02 Albacete;65-69 años;TOTAL;Mujeres;2018;9.364
02 Albacete;70-74 años;TOTAL;Hombres;2022;8.048
02 Albacete;70-74 años;TOTAL;Hombres;2021;7.862
02 Albacete;70-74 años;TOTAL;Hombres;2020;7.837
02 Albacete;70-74 años;TOTAL;Hombres;2019;7.641
02 Albacete;70-74 años;TOTAL;Hombres;2018;7.431
02 Albacete;70-74 años;TOTAL;Mujeres;2022;8.841
02 Albacete;70-74 años;TOTAL;Mujeres;2021;8.784
02 Albacete;70-74 años;TOTAL;Mujeres;2020;8.760
02 Albacete;70-74 años;TOTAL;Mujeres;2019;8.805
02 Albacete;70-74 años;TOTAL;Mujeres;2018;8.504
02 Albacete;75-79 años;TOTAL;Hombres;2022;6.343
02 Albacete;75-79 años;TOTAL;Hombres;2021;6.221
02 Albacete;75-79 años;TOTAL;Hombres;2020;6.590
02 Albacete;75-79 años;TOTAL;Hombres;2019;6.173
02 Albacete;75-79 años;TOTAL;Hombres;2018;5.999
02 Albacete;75-79 años;TOTAL;Mujeres;2022;7.872
02 Albacete;75-79 años;TOTAL;Mujeres;2021;7.735
02 Albacete;75-79 años;TOTAL;Mujeres;2020;8.158
02 Albacete;75-79 años;TOTAL;Mujeres;2019;7.541
02 Albacete;75-79 años;TOTAL;Mujeres;2018;7.476
02 Albacete;80-84 años;TOTAL;Hombres;2022;4.789
02 Albacete;80-84 años;TOTAL;Hombres;2021;5.003
02 Albacete;80-84 años;TOTAL;Hombres;2020;4.833
02 Albacete;80-84 años;TOTAL;Hombres;2019;5.298
02 Albacete;80-84 años;TOTAL;Hombres;2018;5.469
02 Albacete;80-84 años;TOTAL;Mujeres;2022;6.505
02 Albacete;80-84 años;TOTAL;Mujeres;2021;6.803
02 Albacete;80-84 años;TOTAL;Mujeres;2020;6.601
02 Albacete;80-84 años;TOTAL;Mujeres;2019;7.139
02 Albacete;80-84 años;TOTAL;Mujeres;2018;7.396
02 Albacete;85-89 años;TOTAL;Hombres;2022;3.463
02 Albacete;85-89 años;TOTAL;Hombres;2021;3.489
02 Albacete;85-89 años;TOTAL;Hombres;2020;3.577
02 Albacete;85-89 años;TOTAL;Hombres;2019;3.596
02 Albacete;85-89 años;TOTAL;Hombres;2018;3.539
02 Albacete;85-89 años;TOTAL;Mujeres;2022;5.340
02 Albacete;85-89 años;TOTAL;Mujeres;2021;5.301
02 Albacete;85-89 años;TOTAL;Mujeres;2020;5.497
02 Albacete;85-89 años;TOTAL;Mujeres;2019;5.556
02 Albacete;85-89 años;TOTAL;Mujeres;2018;5.472
02 Albacete;90-94 años;TOTAL;Hombres;2022;1.487
02 Albacete;90-94 años;TOTAL;Hombres;2021;1.424
02 Albacete;90-94 años;TOTAL;Hombres;2020;1.445
02 Albacete;90-94 años;TOTAL;Hombres;2019;1.344
02 Albacete;90-94 años;TOTAL;Hombres;2018;1.293
02 Albacete;90-94 años;TOTAL;Mujeres;2022;2.690
02 Albacete;90-94 años;TOTAL;Mujeres;2021;2.618
02 Albacete;90-94 años;TOTAL;Mujeres;2020;2.565
02 Albacete;90-94 años;TOTAL;Mujeres;2019;2.464
02 Albacete;90-94 años;TOTAL;Mujeres;2018;2.313
02 Albacete;95-99 años;TOTAL;Hombres;2022;287
02 Albacete;95-99 años;TOTAL;Hombres;2021;287
02 Albacete;95-99 años;TOTAL;Hombres;2020;266
02 Albacete;95-99 años;TOTAL;Hombres;2019;249
02 Albacete;95-99 años;TOTAL;Hombres;2018;229
02 Albacete;95-99 años;TOTAL;Mujeres;2022;653
02 Albacete;95-99 años;TOTAL;Mujeres;2021;598
02 Albacete;95-99 años;TOTAL;Mujeres;2020;630
02 Albacete;95-99 años;TOTAL;Mujeres;2019;595
02 Albacete;95-99 años;TOTAL;Mujeres;2018;559
02 Albacete;100 años y más;TOTAL;Hombres;2022;45
02 Albacete;100 años y más;TOTAL;Hombres;2021;39
02 Albacete;100 años y más;TOTAL;Hombres;2020;42
02 Albacete;100 años y más;TOTAL;Hombres;2019;38
02 Albacete;100 años y más;TOTAL;Hombres;2018;35
02 Albacete;100 años y más;TOTAL;Mujeres;2022;97
02 Albacete;100 años y más;TOTAL;Mujeres;2021;94
02 Albacete;100 años y más;TOTAL;Mujeres;2020;99
02 Albacete;100 años y más;TOTAL;Mujeres;2019;89
02 Albacete;100 años y más;TOTAL;Mujeres;2018;87
03 Alicante/Alacant;0-4 años;TOTAL;Hombres;2022;36.901
03 Alicante/Alacant;0-4 años;TOTAL;Hombres;2021;38.149
03 Alicante/Alacant;0-4 años;TOTAL;Hombres;2020;39.992
03 Alicante/Alacant;0-4 años;TOTAL;Hombres;2019;40.688
03 Alicante/Alacant;0-4 años;TOTAL;Hombres;2018;41.268
03 Alicante/Alacant;0-4 años;TOTAL;Mujeres;2022;34.743
03 Alicante/Alacant;0-4 años;TOTAL;Mujeres;2021;35.685
03 Alicante/Alacant;0-4 años;TOTAL;Mujeres;2020;37.311
03 Alicante/Alacant;0-4 años;TOTAL;Mujeres;2019;38.265
03 Alicante/Alacant;0-4 años;TOTAL;Mujeres;2018;38.667
03 Alicante/Alacant;5-9 años;TOTAL;Hombres;2022;45.836
03 Alicante/Alacant;5-9 años;TOTAL;Hombres;2021;46.229
03 Alicante/Alacant;5-9 años;TOTAL;Hombres;2020;47.177
03 Alicante/Alacant;5-9 años;TOTAL;Hombres;2019;47.686
03 Alicante/Alacant;5-9 años;TOTAL;Hombres;2018;49.046
03 Alicante/Alacant;5-9 años;TOTAL;Mujeres;2022;43.147
03 Alicante/Alacant;5-9 años;TOTAL;Mujeres;2021;43.523
03 Alicante/Alacant;5-9 años;TOTAL;Mujeres;2020;44.384
03 Alicante/Alacant;5-9 años;TOTAL;Mujeres;2019;44.711
03 Alicante/Alacant;5-9 años;TOTAL;Mujeres;2018;46.182
03 Alicante/Alacant;10-14 años;TOTAL;Hombres;2022;52.497
03 Alicante/Alacant;10-14 años;TOTAL;Hombres;2021;52.660
03 Alicante/Alacant;10-14 años;TOTAL;Hombres;2020;52.580
03 Alicante/Alacant;10-14 años;TOTAL;Hombres;2019;51.869
03 Alicante/Alacant;10-14 años;TOTAL;Hombres;2018;50.539
03 Alicante/Alacant;10-14 años;TOTAL;Mujeres;2022;49.365
03 Alicante/Alacant;10-14 años;TOTAL;Mujeres;2021;49.712
03 Alicante/Alacant;10-14 años;TOTAL;Mujeres;2020;49.871
03 Alicante/Alacant;10-14 años;TOTAL;Mujeres;2019;49.085
03 Alicante/Alacant;10-14 años;TOTAL;Mujeres;2018;47.629
03 Alicante/Alacant;15-19 años;TOTAL;Hombres;2022;51.544
03 Alicante/Alacant;15-19 años;TOTAL;Hombres;2021;50.298
03 Alicante/Alacant;15-19 años;TOTAL;Hombres;2020;49.896
03 Alicante/Alacant;15-19 años;TOTAL;Hombres;2019;47.926
03 Alicante/Alacant;15-19 años;TOTAL;Hombres;2018;46.415
03 Alicante/Alacant;15-19 años;TOTAL;Mujeres;2022;48.303
03 Alicante/Alacant;15-19 años;TOTAL;Mujeres;2021;47.012
03 Alicante/Alacant;15-19 años;TOTAL;Mujeres;2020;46.301
03 Alicante/Alacant;15-19 años;TOTAL;Mujeres;2019;45.188
03 Alicante/Alacant;15-19 años;TOTAL;Mujeres;2018;43.758
03 Alicante/Alacant;20-24 años;TOTAL;Hombres;2022;49.262
03 Alicante/Alacant;20-24 años;TOTAL;Hombres;2021;48.225
03 Alicante/Alacant;20-24 años;TOTAL;Hombres;2020;47.896
03 Alicante/Alacant;20-24 años;TOTAL;Hombres;2019;46.853
03 Alicante/Alacant;20-24 años;TOTAL;Hombres;2018;46.073
03 Alicante/Alacant;20-24 años;TOTAL;Mujeres;2022;45.833
03 Alicante/Alacant;20-24 años;TOTAL;Mujeres;2021;45.454
03 Alicante/Alacant;20-24 años;TOTAL;Mujeres;2020;45.105
03 Alicante/Alacant;20-24 años;TOTAL;Mujeres;2019;44.082
03 Alicante/Alacant;20-24 años;TOTAL;Mujeres;2018;43.870
03 Alicante/Alacant;25-29 años;TOTAL;Hombres;2022;49.527
03 Alicante/Alacant;25-29 años;TOTAL;Hombres;2021;49.934
03 Alicante/Alacant;25-29 años;TOTAL;Hombres;2020;50.785
03 Alicante/Alacant;25-29 años;TOTAL;Hombres;2019;50.394
03 Alicante/Alacant;25-29 años;TOTAL;Hombres;2018;50.303
03 Alicante/Alacant;25-29 años;TOTAL;Mujeres;2022;47.151
03 Alicante/Alacant;25-29 años;TOTAL;Mujeres;2021;47.266
03 Alicante/Alacant;25-29 años;TOTAL;Mujeres;2020;47.828
03 Alicante/Alacant;25-29 años;TOTAL;Mujeres;2019;48.098
03 Alicante/Alacant;25-29 años;TOTAL;Mujeres;2018;48.577
03 Alicante/Alacant;30-34 años;TOTAL;Hombres;2022;54.097
03 Alicante/Alacant;30-34 años;TOTAL;Hombres;2021;54.436
03 Alicante/Alacant;30-34 años;TOTAL;Hombres;2020;55.338
03 Alicante/Alacant;30-34 años;TOTAL;Hombres;2019;55.543
03 Alicante/Alacant;30-34 años;TOTAL;Hombres;2018;55.875
03 Alicante/Alacant;30-34 años;TOTAL;Mujeres;2022;53.061
03 Alicante/Alacant;30-34 años;TOTAL;Mujeres;2021;53.630
03 Alicante/Alacant;30-34 años;TOTAL;Mujeres;2020;54.613
03 Alicante/Alacant;30-34 años;TOTAL;Mujeres;2019;55.050
03 Alicante/Alacant;30-34 años;TOTAL;Mujeres;2018;55.619
03 Alicante/Alacant;35-39 años;TOTAL;Hombres;2022;61.374
03 Alicante/Alacant;35-39 años;TOTAL;Hombres;2021;63.526
03 Alicante/Alacant;35-39 años;TOTAL;Hombres;2020;66.660
03 Alicante/Alacant;35-39 años;TOTAL;Hombres;2019;68.903
03 Alicante/Alacant;35-39 años;TOTAL;Hombres;2018;71.740
03 Alicante/Alacant;35-39 años;TOTAL;Mujeres;2022;61.590
03 Alicante/Alacant;35-39 años;TOTAL;Mujeres;2021;63.042
03 Alicante/Alacant;35-39 años;TOTAL;Mujeres;2020;65.597
03 Alicante/Alacant;35-39 años;TOTAL;Mujeres;2019;67.293
03 Alicante/Alacant;35-39 años;TOTAL;Mujeres;2018;69.070
03 Alicante/Alacant;40-44 años;TOTAL;Hombres;2022;76.993
03 Alicante/Alacant;40-44 años;TOTAL;Hombres;2021;78.717
03 Alicante/Alacant;40-44 años;TOTAL;Hombres;2020;80.010
03 Alicante/Alacant;40-44 años;TOTAL;Hombres;2019;80.267
03 Alicante/Alacant;40-44 años;TOTAL;Hombres;2018;79.654
03 Alicante/Alacant;40-44 años;TOTAL;Mujeres;2022;74.423
03 Alicante/Alacant;40-44 años;TOTAL;Mujeres;2021;75.625
03 Alicante/Alacant;40-44 años;TOTAL;Mujeres;2020;76.309
03 Alicante/Alacant;40-44 años;TOTAL;Mujeres;2019;76.162
03 Alicante/Alacant;40-44 años;TOTAL;Mujeres;2018;75.126
03 Alicante/Alacant;45-49 años;TOTAL;Hombres;2022;80.168
03 Alicante/Alacant;45-49 años;TOTAL;Hombres;2021;78.863
03 Alicante/Alacant;45-49 años;TOTAL;Hombres;2020;78.100
03 Alicante/Alacant;45-49 años;TOTAL;Hombres;2019;76.555
03 Alicante/Alacant;45-49 años;TOTAL;Hombres;2018;75.108
03 Alicante/Alacant;45-49 años;TOTAL;Mujeres;2022;76.995
03 Alicante/Alacant;45-49 años;TOTAL;Mujeres;2021;75.432
03 Alicante/Alacant;45-49 años;TOTAL;Mujeres;2020;74.633
03 Alicante/Alacant;45-49 años;TOTAL;Mujeres;2019;73.000
03 Alicante/Alacant;45-49 años;TOTAL;Mujeres;2018;71.836
03 Alicante/Alacant;50-54 años;TOTAL;Hombres;2022;75.121
03 Alicante/Alacant;50-54 años;TOTAL;Hombres;2021;73.537
03 Alicante/Alacant;50-54 años;TOTAL;Hombres;2020;72.342
03 Alicante/Alacant;50-54 años;TOTAL;Hombres;2019;71.206
03 Alicante/Alacant;50-54 años;TOTAL;Hombres;2018;69.831
03 Alicante/Alacant;50-54 años;TOTAL;Mujeres;2022;74.194
03 Alicante/Alacant;50-54 años;TOTAL;Mujeres;2021;73.024
03 Alicante/Alacant;50-54 años;TOTAL;Mujeres;2020;71.950
03 Alicante/Alacant;50-54 años;TOTAL;Mujeres;2019;71.356
03 Alicante/Alacant;50-54 años;TOTAL;Mujeres;2018;69.852
03 Alicante/Alacant;55-59 años;TOTAL;Hombres;2022;69.808
03 Alicante/Alacant;55-59 años;TOTAL;Hombres;2021;67.624
03 Alicante/Alacant;55-59 años;TOTAL;Hombres;2020;66.038
03 Alicante/Alacant;55-59 años;TOTAL;Hombres;2019;63.493
03 Alicante/Alacant;55-59 años;TOTAL;Hombres;2018;61.581
03 Alicante/Alacant;55-59 años;TOTAL;Mujeres;2022;71.349
03 Alicante/Alacant;55-59 años;TOTAL;Mujeres;2021;69.289
03 Alicante/Alacant;55-59 años;TOTAL;Mujeres;2020;67.947
03 Alicante/Alacant;55-59 años;TOTAL;Mujeres;2019;65.474
03 Alicante/Alacant;55-59 años;TOTAL;Mujeres;2018;63.729
03 Alicante/Alacant;60-64 años;TOTAL;Hombres;2022;62.016
03 Alicante/Alacant;60-64 años;TOTAL;Hombres;2021;59.090
03 Alicante/Alacant;60-64 años;TOTAL;Hombres;2020;56.878
03 Alicante/Alacant;60-64 años;TOTAL;Hombres;2019;54.291
03 Alicante/Alacant;60-64 años;TOTAL;Hombres;2018;51.869
03 Alicante/Alacant;60-64 años;TOTAL;Mujeres;2022;65.867
03 Alicante/Alacant;60-64 años;TOTAL;Mujeres;2021;63.223
03 Alicante/Alacant;60-64 años;TOTAL;Mujeres;2020;61.345
03 Alicante/Alacant;60-64 años;TOTAL;Mujeres;2019;58.693
03 Alicante/Alacant;60-64 años;TOTAL;Mujeres;2018;56.248
03 Alicante/Alacant;65-69 años;TOTAL;Hombres;2022;52.320
03 Alicante/Alacant;65-69 años;TOTAL;Hombres;2021;50.822
03 Alicante/Alacant;65-69 años;TOTAL;Hombres;2020;49.635
03 Alicante/Alacant;65-69 años;TOTAL;Hombres;2019;48.836
03 Alicante/Alacant;65-69 años;TOTAL;Hombres;2018;48.630
03 Alicante/Alacant;65-69 años;TOTAL;Mujeres;2022;57.209
03 Alicante/Alacant;65-69 años;TOTAL;Mujeres;2021;55.115
03 Alicante/Alacant;65-69 años;TOTAL;Mujeres;2020;53.879
03 Alicante/Alacant;65-69 años;TOTAL;Mujeres;2019;53.360
03 Alicante/Alacant;65-69 años;TOTAL;Mujeres;2018;53.295
03 Alicante/Alacant;70-74 años;TOTAL;Hombres;2022;46.265
03 Alicante/Alacant;70-74 años;TOTAL;Hombres;2021;45.084
03 Alicante/Alacant;70-74 años;TOTAL;Hombres;2020;45.041
03 Alicante/Alacant;70-74 años;TOTAL;Hombres;2019;44.995
03 Alicante/Alacant;70-74 años;TOTAL;Hombres;2018;43.659
03 Alicante/Alacant;70-74 años;TOTAL;Mujeres;2022;51.858
03 Alicante/Alacant;70-74 años;TOTAL;Mujeres;2021;50.596
03 Alicante/Alacant;70-74 años;TOTAL;Mujeres;2020;50.691
03 Alicante/Alacant;70-74 años;TOTAL;Mujeres;2019;50.241
03 Alicante/Alacant;70-74 años;TOTAL;Mujeres;2018;48.608
03 Alicante/Alacant;75-79 años;TOTAL;Hombres;2022;35.989
03 Alicante/Alacant;75-79 años;TOTAL;Hombres;2021;33.987
03 Alicante/Alacant;75-79 años;TOTAL;Hombres;2020;34.320
03 Alicante/Alacant;75-79 años;TOTAL;Hombres;2019;32.025
03 Alicante/Alacant;75-79 años;TOTAL;Hombres;2018;30.955
03 Alicante/Alacant;75-79 años;TOTAL;Mujeres;2022;42.220
03 Alicante/Alacant;75-79 años;TOTAL;Mujeres;2021;39.645
03 Alicante/Alacant;75-79 años;TOTAL;Mujeres;2020;40.091
03 Alicante/Alacant;75-79 años;TOTAL;Mujeres;2019;37.219
03 Alicante/Alacant;75-79 años;TOTAL;Mujeres;2018;35.898
03 Alicante/Alacant;80-84 años;TOTAL;Hombres;2022;22.754
03 Alicante/Alacant;80-84 años;TOTAL;Hombres;2021;22.451
03 Alicante/Alacant;80-84 años;TOTAL;Hombres;2020;21.154
03 Alicante/Alacant;80-84 años;TOTAL;Hombres;2019;22.058
03 Alicante/Alacant;80-84 años;TOTAL;Hombres;2018;22.046
03 Alicante/Alacant;80-84 años;TOTAL;Mujeres;2022;29.669
03 Alicante/Alacant;80-84 años;TOTAL;Mujeres;2021;29.752
03 Alicante/Alacant;80-84 años;TOTAL;Mujeres;2020;28.045
03 Alicante/Alacant;80-84 años;TOTAL;Mujeres;2019;29.297
03 Alicante/Alacant;80-84 años;TOTAL;Mujeres;2018;29.671
03 Alicante/Alacant;85-89 años;TOTAL;Hombres;2022;13.048
03 Alicante/Alacant;85-89 años;TOTAL;Hombres;2021;12.881
03 Alicante/Alacant;85-89 años;TOTAL;Hombres;2020;12.770
03 Alicante/Alacant;85-89 años;TOTAL;Hombres;2019;12.429
03 Alicante/Alacant;85-89 años;TOTAL;Hombres;2018;11.907
03 Alicante/Alacant;85-89 años;TOTAL;Mujeres;2022;20.676
03 Alicante/Alacant;85-89 años;TOTAL;Mujeres;2021;20.421
03 Alicante/Alacant;85-89 años;TOTAL;Mujeres;2020;20.490
03 Alicante/Alacant;85-89 años;TOTAL;Mujeres;2019;20.046
03 Alicante/Alacant;85-89 años;TOTAL;Mujeres;2018;19.451
03 Alicante/Alacant;90-94 años;TOTAL;Hombres;2022;4.727
03 Alicante/Alacant;90-94 años;TOTAL;Hombres;2021;4.469
03 Alicante/Alacant;90-94 años;TOTAL;Hombres;2020;4.299
03 Alicante/Alacant;90-94 años;TOTAL;Hombres;2019;4.052
03 Alicante/Alacant;90-94 años;TOTAL;Hombres;2018;3.792
03 Alicante/Alacant;90-94 años;TOTAL;Mujeres;2022;9.692
03 Alicante/Alacant;90-94 años;TOTAL;Mujeres;2021;9.547
03 Alicante/Alacant;90-94 años;TOTAL;Mujeres;2020;9.002
03 Alicante/Alacant;90-94 años;TOTAL;Mujeres;2019;8.683
03 Alicante/Alacant;90-94 años;TOTAL;Mujeres;2018;8.238
03 Alicante/Alacant;95-99 años;TOTAL;Hombres;2022;934
03 Alicante/Alacant;95-99 años;TOTAL;Hombres;2021;880
03 Alicante/Alacant;95-99 años;TOTAL;Hombres;2020;802
03 Alicante/Alacant;95-99 años;TOTAL;Hombres;2019;729
03 Alicante/Alacant;95-99 años;TOTAL;Hombres;2018;689
03 Alicante/Alacant;95-99 años;TOTAL;Mujeres;2022;2.466
03 Alicante/Alacant;95-99 años;TOTAL;Mujeres;2021;2.353
03 Alicante/Alacant;95-99 años;TOTAL;Mujeres;2020;2.248
03 Alicante/Alacant;95-99 años;TOTAL;Mujeres;2019;2.106
03 Alicante/Alacant;95-99 años;TOTAL;Mujeres;2018;2.063
03 Alicante/Alacant;100 años y más;TOTAL;Hombres;2022;180
03 Alicante/Alacant;100 años y más;TOTAL;Hombres;2021;156
03 Alicante/Alacant;100 años y más;TOTAL;Hombres;2020;143
03 Alicante/Alacant;100 años y más;TOTAL;Hombres;2019;117
03 Alicante/Alacant;100 años y más;TOTAL;Hombres;2018;117
03 Alicante/Alacant;100 años y más;TOTAL;Mujeres;2022;422
03 Alicante/Alacant;100 años y más;TOTAL;Mujeres;2021;398
03 Alicante/Alacant;100 años y más;TOTAL;Mujeres;2020;392
03 Alicante/Alacant;100 años y más;TOTAL;Mujeres;2019;359
03 Alicante/Alacant;100 años y más;TOTAL;Mujeres;2018;335
04 Almería;0-4 años;TOTAL;Hombres;2022;18.707
04 Almería;0-4 años;TOTAL;Hombres;2021;19.076
04 Almería;0-4 años;TOTAL;Hombres;2020;19.673
04 Almería;0-4 años;TOTAL;Hombres;2019;19.773
04 Almería;0-4 años;TOTAL;Hombres;2018;19.886
04 Almería;0-4 años;TOTAL;Mujeres;2022;17.653
04 Almería;0-4 años;TOTAL;Mujeres;2021;18.091
04 Almería;0-4 años;TOTAL;Mujeres;2020;18.662
04 Almería;0-4 años;TOTAL;Mujeres;2019;18.644
04 Almería;0-4 años;TOTAL;Mujeres;2018;18.780
04 Almería;5-9 años;TOTAL;Hombres;2022;21.185
04 Almería;5-9 años;TOTAL;Hombres;2021;21.147
04 Almería;5-9 años;TOTAL;Hombres;2020;21.272
04 Almería;5-9 años;TOTAL;Hombres;2019;21.185
04 Almería;5-9 años;TOTAL;Hombres;2018;21.636
04 Almería;5-9 años;TOTAL;Mujeres;2022;19.848
04 Almería;5-9 años;TOTAL;Mujeres;2021;19.837
04 Almería;5-9 años;TOTAL;Mujeres;2020;20.021
04 Almería;5-9 años;TOTAL;Mujeres;2019;20.042
04 Almería;5-9 años;TOTAL;Mujeres;2018;20.567
04 Almería;10-14 años;TOTAL;Hombres;2022;22.253
04 Almería;10-14 años;TOTAL;Hombres;2021;22.120
04 Almería;10-14 años;TOTAL;Hombres;2020;21.861
04 Almería;10-14 años;TOTAL;Hombres;2019;21.478
04 Almería;10-14 años;TOTAL;Hombres;2018;20.676
04 Almería;10-14 años;TOTAL;Mujeres;2022;21.158
04 Almería;10-14 años;TOTAL;Mujeres;2021;21.131
04 Almería;10-14 años;TOTAL;Mujeres;2020;20.969
04 Almería;10-14 años;TOTAL;Mujeres;2019;20.564
04 Almería;10-14 años;TOTAL;Mujeres;2018;19.773
04 Almería;15-19 años;TOTAL;Hombres;2022;20.915
04 Almería;15-19 años;TOTAL;Hombres;2021;20.385
04 Almería;15-19 años;TOTAL;Hombres;2020;20.113
04 Almería;15-19 años;TOTAL;Hombres;2019;19.715
04 Almería;15-19 años;TOTAL;Hombres;2018;19.401
04 Almería;15-19 años;TOTAL;Mujeres;2022;19.807
04 Almería;15-19 años;TOTAL;Mujeres;2021;19.088
04 Almería;15-19 años;TOTAL;Mujeres;2020;18.737
04 Almería;15-19 años;TOTAL;Mujeres;2019;18.336
04 Almería;15-19 años;TOTAL;Mujeres;2018;17.988
04 Almería;20-24 años;TOTAL;Hombres;2022;22.440
04 Almería;20-24 años;TOTAL;Hombres;2021;21.828
04 Almería;20-24 años;TOTAL;Hombres;2020;21.782
04 Almería;20-24 años;TOTAL;Hombres;2019;21.249
04 Almería;20-24 años;TOTAL;Hombres;2018;20.577
04 Almería;20-24 años;TOTAL;Mujeres;2022;19.092
04 Almería;20-24 años;TOTAL;Mujeres;2021;18.838
04 Almería;20-24 años;TOTAL;Mujeres;2020;18.800
04 Almería;20-24 años;TOTAL;Mujeres;2019;18.538
04 Almería;20-24 años;TOTAL;Mujeres;2018;18.717
04 Almería;25-29 años;TOTAL;Hombres;2022;24.494
04 Almería;25-29 años;TOTAL;Hombres;2021;23.935
04 Almería;25-29 años;TOTAL;Hombres;2020;24.441
04 Almería;25-29 años;TOTAL;Hombres;2019;24.188
04 Almería;25-29 años;TOTAL;Hombres;2018;24.034
04 Almería;25-29 años;TOTAL;Mujeres;2022;20.254
04 Almería;25-29 años;TOTAL;Mujeres;2021;20.411
04 Almería;25-29 años;TOTAL;Mujeres;2020;20.984
04 Almería;25-29 años;TOTAL;Mujeres;2019;21.135
04 Almería;25-29 años;TOTAL;Mujeres;2018;21.519
04 Almería;30-34 años;TOTAL;Hombres;2022;26.756
04 Almería;30-34 años;TOTAL;Hombres;2021;26.666
04 Almería;30-34 años;TOTAL;Hombres;2020;26.923
04 Almería;30-34 años;TOTAL;Hombres;2019;26.993
04 Almería;30-34 años;TOTAL;Hombres;2018;27.090
04 Almería;30-34 años;TOTAL;Mujeres;2022;23.320
04 Almería;30-34 años;TOTAL;Mujeres;2021;23.420
04 Almería;30-34 años;TOTAL;Mujeres;2020;23.713
04 Almería;30-34 años;TOTAL;Mujeres;2019;23.900
04 Almería;30-34 años;TOTAL;Mujeres;2018;24.197
04 Almería;35-39 años;TOTAL;Hombres;2022;28.972
04 Almería;35-39 años;TOTAL;Hombres;2021;29.513
04 Almería;35-39 años;TOTAL;Hombres;2020;30.952
04 Almería;35-39 años;TOTAL;Hombres;2019;31.785
04 Almería;35-39 años;TOTAL;Hombres;2018;32.843
04 Almería;35-39 años;TOTAL;Mujeres;2022;26.170
04 Almería;35-39 años;TOTAL;Mujeres;2021;26.868
04 Almería;35-39 años;TOTAL;Mujeres;2020;27.615
04 Almería;35-39 años;TOTAL;Mujeres;2019;28.073
04 Almería;35-39 años;TOTAL;Mujeres;2018;28.795
04 Almería;40-44 años;TOTAL;Hombres;2022;33.406
04 Almería;40-44 años;TOTAL;Hombres;2021;33.878
04 Almería;40-44 años;TOTAL;Hombres;2020;34.231
04 Almería;40-44 años;TOTAL;Hombres;2019;33.695
04 Almería;40-44 años;TOTAL;Hombres;2018;33.212
04 Almería;40-44 años;TOTAL;Mujeres;2022;30.000
04 Almería;40-44 años;TOTAL;Mujeres;2021;29.973
04 Almería;40-44 años;TOTAL;Mujeres;2020;29.926
04 Almería;40-44 años;TOTAL;Mujeres;2019;29.563
04 Almería;40-44 años;TOTAL;Mujeres;2018;29.139
04 Almería;45-49 años;TOTAL;Hombres;2022;31.937
04 Almería;45-49 años;TOTAL;Hombres;2021;30.812
04 Almería;45-49 años;TOTAL;Hombres;2020;30.092
04 Almería;45-49 años;TOTAL;Hombres;2019;29.433
04 Almería;45-49 años;TOTAL;Hombres;2018;29.057
04 Almería;45-49 años;TOTAL;Mujeres;2022;28.960
04 Almería;45-49 años;TOTAL;Mujeres;2021;28.213
04 Almería;45-49 años;TOTAL;Mujeres;2020;27.531
04 Almería;45-49 años;TOTAL;Mujeres;2019;26.946
04 Almería;45-49 años;TOTAL;Mujeres;2018;26.633
04 Almería;50-54 años;TOTAL;Hombres;2022;28.096
04 Almería;50-54 años;TOTAL;Hombres;2021;27.819
04 Almería;50-54 años;TOTAL;Hombres;2020;27.282
04 Almería;50-54 años;TOTAL;Hombres;2019;26.687
04 Almería;50-54 años;TOTAL;Hombres;2018;26.234
04 Almería;50-54 años;TOTAL;Mujeres;2022;26.835
04 Almería;50-54 años;TOTAL;Mujeres;2021;26.483
04 Almería;50-54 años;TOTAL;Mujeres;2020;26.187
04 Almería;50-54 años;TOTAL;Mujeres;2019;25.823
04 Almería;50-54 años;TOTAL;Mujeres;2018;25.221
04 Almería;55-59 años;TOTAL;Hombres;2022;25.302
04 Almería;55-59 años;TOTAL;Hombres;2021;24.515
04 Almería;55-59 años;TOTAL;Hombres;2020;23.778
04 Almería;55-59 años;TOTAL;Hombres;2019;23.033
04 Almería;55-59 años;TOTAL;Hombres;2018;22.413
04 Almería;55-59 años;TOTAL;Mujeres;2022;24.986
04 Almería;55-59 años;TOTAL;Mujeres;2021;24.179
04 Almería;55-59 años;TOTAL;Mujeres;2020;23.531
04 Almería;55-59 años;TOTAL;Mujeres;2019;22.512
04 Almería;55-59 años;TOTAL;Mujeres;2018;21.911
04 Almería;60-64 años;TOTAL;Hombres;2022;21.843
04 Almería;60-64 años;TOTAL;Hombres;2021;21.025
04 Almería;60-64 años;TOTAL;Hombres;2020;20.054
04 Almería;60-64 años;TOTAL;Hombres;2019;18.954
04 Almería;60-64 años;TOTAL;Hombres;2018;17.947
04 Almería;60-64 años;TOTAL;Mujeres;2022;22.121
04 Almería;60-64 años;TOTAL;Mujeres;2021;21.228
04 Almería;60-64 años;TOTAL;Mujeres;2020;20.134
04 Almería;60-64 años;TOTAL;Mujeres;2019;19.011
04 Almería;60-64 años;TOTAL;Mujeres;2018;17.999
04 Almería;65-69 años;TOTAL;Hombres;2022;17.162
04 Almería;65-69 años;TOTAL;Hombres;2021;16.665
04 Almería;65-69 años;TOTAL;Hombres;2020;15.914
04 Almería;65-69 años;TOTAL;Hombres;2019;15.361
04 Almería;65-69 años;TOTAL;Hombres;2018;15.117
04 Almería;65-69 años;TOTAL;Mujeres;2022;17.464
04 Almería;65-69 años;TOTAL;Mujeres;2021;17.022
04 Almería;65-69 años;TOTAL;Mujeres;2020;16.468
04 Almería;65-69 años;TOTAL;Mujeres;2019;16.125
04 Almería;65-69 años;TOTAL;Mujeres;2018;15.985
04 Almería;70-74 años;TOTAL;Hombres;2022;13.594
04 Almería;70-74 años;TOTAL;Hombres;2021;13.208
04 Almería;70-74 años;TOTAL;Hombres;2020;13.129
04 Almería;70-74 años;TOTAL;Hombres;2019;12.775
04 Almería;70-74 años;TOTAL;Hombres;2018;12.156
04 Almería;70-74 años;TOTAL;Mujeres;2022;15.154
04 Almería;70-74 años;TOTAL;Mujeres;2021;14.863
04 Almería;70-74 años;TOTAL;Mujeres;2020;14.624
04 Almería;70-74 años;TOTAL;Mujeres;2019;14.021
04 Almería;70-74 años;TOTAL;Mujeres;2018;13.385
04 Almería;75-79 años;TOTAL;Hombres;2022;9.735
04 Almería;75-79 años;TOTAL;Hombres;2021;9.149
04 Almería;75-79 años;TOTAL;Hombres;2020;9.050
04 Almería;75-79 años;TOTAL;Hombres;2019;8.227
04 Almería;75-79 años;TOTAL;Hombres;2018;7.775
04 Almería;75-79 años;TOTAL;Mujeres;2022;11.624
04 Almería;75-79 años;TOTAL;Mujeres;2021;10.836
04 Almería;75-79 años;TOTAL;Mujeres;2020;10.730
04 Almería;75-79 años;TOTAL;Mujeres;2019;9.955
04 Almería;75-79 años;TOTAL;Mujeres;2018;9.568
04 Almería;80-84 años;TOTAL;Hombres;2022;5.719
04 Almería;80-84 años;TOTAL;Hombres;2021;5.966
04 Almería;80-84 años;TOTAL;Hombres;2020;5.716
04 Almería;80-84 años;TOTAL;Hombres;2019;6.138
04 Almería;80-84 años;TOTAL;Hombres;2018;6.423
04 Almería;80-84 años;TOTAL;Mujeres;2022;8.115
04 Almería;80-84 años;TOTAL;Mujeres;2021;8.422
04 Almería;80-84 años;TOTAL;Mujeres;2020;8.259
04 Almería;80-84 años;TOTAL;Mujeres;2019;8.813
04 Almería;80-84 años;TOTAL;Mujeres;2018;8.970
04 Almería;85-89 años;TOTAL;Hombres;2022;3.800
04 Almería;85-89 años;TOTAL;Hombres;2021;3.743
04 Almería;85-89 años;TOTAL;Hombres;2020;3.690
04 Almería;85-89 años;TOTAL;Hombres;2019;3.536
04 Almería;85-89 años;TOTAL;Hombres;2018;3.398
04 Almería;85-89 años;TOTAL;Mujeres;2022;6.296
04 Almería;85-89 años;TOTAL;Mujeres;2021;6.239
04 Almería;85-89 años;TOTAL;Mujeres;2020;6.131
04 Almería;85-89 años;TOTAL;Mujeres;2019;5.923
04 Almería;85-89 años;TOTAL;Mujeres;2018;5.827
04 Almería;90-94 años;TOTAL;Hombres;2022;1.378
04 Almería;90-94 años;TOTAL;Hombres;2021;1.325
04 Almería;90-94 años;TOTAL;Hombres;2020;1.290
04 Almería;90-94 años;TOTAL;Hombres;2019;1.214
04 Almería;90-94 años;TOTAL;Hombres;2018;1.180
04 Almería;90-94 años;TOTAL;Mujeres;2022;2.768
04 Almería;90-94 años;TOTAL;Mujeres;2021;2.706
04 Almería;90-94 años;TOTAL;Mujeres;2020;2.635
04 Almería;90-94 años;TOTAL;Mujeres;2019;2.504
04 Almería;90-94 años;TOTAL;Mujeres;2018;2.415
04 Almería;95-99 años;TOTAL;Hombres;2022;299
04 Almería;95-99 años;TOTAL;Hombres;2021;300
04 Almería;95-99 años;TOTAL;Hombres;2020;255
04 Almería;95-99 años;TOTAL;Hombres;2019;237
04 Almería;95-99 años;TOTAL;Hombres;2018;227
04 Almería;95-99 años;TOTAL;Mujeres;2022;701
04 Almería;95-99 años;TOTAL;Mujeres;2021;667
04 Almería;95-99 años;TOTAL;Mujeres;2020;597
04 Almería;95-99 años;TOTAL;Mujeres;2019;561
04 Almería;95-99 años;TOTAL;Mujeres;2018;515
04 Almería;100 años y más;TOTAL;Hombres;2022;62
04 Almería;100 años y más;TOTAL;Hombres;2021;61
04 Almería;100 años y más;TOTAL;Hombres;2020;60
04 Almería;100 años y más;TOTAL;Hombres;2019;45
04 Almería;100 años y más;TOTAL;Hombres;2018;37
04 Almería;100 años y más;TOTAL;Mujeres;2022;153
04 Almería;100 años y más;TOTAL;Mujeres;2021;141
04 Almería;100 años y más;TOTAL;Mujeres;2020;133
04 Almería;100 años y más;TOTAL;Mujeres;2019;130
04 Almería;100 años y más;TOTAL;Mujeres;2018;117
01 Araba/Álava;0-4 años;TOTAL;Hombres;2022;6.763
01 Araba/Álava;0-4 años;TOTAL;Hombres;2021;7.122
01 Araba/Álava;0-4 años;TOTAL;Hombres;2020;7.591
01 Araba/Álava;0-4 años;TOTAL;Hombres;2019;7.962
01 Araba/Álava;0-4 años;TOTAL;Hombres;2018;8.186
01 Araba/Álava;0-4 años;TOTAL;Mujeres;2022;6.418
01 Araba/Álava;0-4 años;TOTAL;Mujeres;2021;6.827
01 Araba/Álava;0-4 años;TOTAL;Mujeres;2020;7.261
01 Araba/Álava;0-4 años;TOTAL;Mujeres;2019;7.613
01 Araba/Álava;0-4 años;TOTAL;Mujeres;2018;7.747
01 Araba/Álava;5-9 años;TOTAL;Hombres;2022;8.631
01 Araba/Álava;5-9 años;TOTAL;Hombres;2021;8.871
01 Araba/Álava;5-9 años;TOTAL;Hombres;2020;9.061
01 Araba/Álava;5-9 años;TOTAL;Hombres;2019;9.079
01 Araba/Álava;5-9 años;TOTAL;Hombres;2018;9.135
01 Araba/Álava;5-9 años;TOTAL;Mujeres;2022;8.128
01 Araba/Álava;5-9 años;TOTAL;Mujeres;2021;8.237
01 Araba/Álava;5-9 años;TOTAL;Mujeres;2020;8.377
01 Araba/Álava;5-9 años;TOTAL;Mujeres;2019;8.269
01 Araba/Álava;5-9 años;TOTAL;Mujeres;2018;8.393
01 Araba/Álava;10-14 años;TOTAL;Hombres;2022;9.062
01 Araba/Álava;10-14 años;TOTAL;Hombres;2021;8.871
01 Araba/Álava;10-14 años;TOTAL;Hombres;2020;8.616
01 Araba/Álava;10-14 años;TOTAL;Hombres;2019;8.405
01 Araba/Álava;10-14 años;TOTAL;Hombres;2018;8.143
01 Araba/Álava;10-14 años;TOTAL;Mujeres;2022;8.496
01 Araba/Álava;10-14 años;TOTAL;Mujeres;2021;8.315
01 Araba/Álava;10-14 años;TOTAL;Mujeres;2020;8.079
01 Araba/Álava;10-14 años;TOTAL;Mujeres;2019;7.931
01 Araba/Álava;10-14 años;TOTAL;Mujeres;2018;7.718
01 Araba/Álava;15-19 años;TOTAL;Hombres;2022;8.365
01 Araba/Álava;15-19 años;TOTAL;Hombres;2021;8.091
01 Araba/Álava;15-19 años;TOTAL;Hombres;2020;8.092
01 Araba/Álava;15-19 años;TOTAL;Hombres;2019;7.777
01 Araba/Álava;15-19 años;TOTAL;Hombres;2018;7.432
01 Araba/Álava;15-19 años;TOTAL;Mujeres;2022;7.743
01 Araba/Álava;15-19 años;TOTAL;Mujeres;2021;7.542
01 Araba/Álava;15-19 años;TOTAL;Mujeres;2020;7.409
01 Araba/Álava;15-19 años;TOTAL;Mujeres;2019;7.239
01 Araba/Álava;15-19 años;TOTAL;Mujeres;2018;7.002
01 Araba/Álava;20-24 años;TOTAL;Hombres;2022;7.763
01 Araba/Álava;20-24 años;TOTAL;Hombres;2021;7.587
01 Araba/Álava;20-24 años;TOTAL;Hombres;2020;7.362
01 Araba/Álava;20-24 años;TOTAL;Hombres;2019;7.147
01 Araba/Álava;20-24 años;TOTAL;Hombres;2018;6.954
01 Araba/Álava;20-24 años;TOTAL;Mujeres;2022;7.380
01 Araba/Álava;20-24 años;TOTAL;Mujeres;2021;7.271
01 Araba/Álava;20-24 años;TOTAL;Mujeres;2020;7.112
01 Araba/Álava;20-24 años;TOTAL;Mujeres;2019;6.778
01 Araba/Álava;20-24 años;TOTAL;Mujeres;2018;6.665
01 Araba/Álava;25-29 años;TOTAL;Hombres;2022;7.750
01 Araba/Álava;25-29 años;TOTAL;Hombres;2021;7.629
01 Araba/Álava;25-29 años;TOTAL;Hombres;2020;7.683
01 Araba/Álava;25-29 años;TOTAL;Hombres;2019;7.641
01 Araba/Álava;25-29 años;TOTAL;Hombres;2018;7.645
01 Araba/Álava;25-29 años;TOTAL;Mujeres;2022;7.408
01 Araba/Álava;25-29 años;TOTAL;Mujeres;2021;7.422
01 Araba/Álava;25-29 años;TOTAL;Mujeres;2020;7.535
01 Araba/Álava;25-29 años;TOTAL;Mujeres;2019;7.586
01 Araba/Álava;25-29 años;TOTAL;Mujeres;2018;7.692
01 Araba/Álava;30-34 años;TOTAL;Hombres;2022;8.523
01 Araba/Álava;30-34 años;TOTAL;Hombres;2021;8.759
01 Araba/Álava;30-34 años;TOTAL;Hombres;2020;9.082
01 Araba/Álava;30-34 años;TOTAL;Hombres;2019;9.396
01 Araba/Álava;30-34 años;TOTAL;Hombres;2018;9.518
01 Araba/Álava;30-34 años;TOTAL;Mujeres;2022;8.483
01 Araba/Álava;30-34 años;TOTAL;Mujeres;2021;8.722
01 Araba/Álava;30-34 años;TOTAL;Mujeres;2020;9.142
01 Araba/Álava;30-34 años;TOTAL;Mujeres;2019;9.448
01 Araba/Álava;30-34 años;TOTAL;Mujeres;2018;9.675
01 Araba/Álava;35-39 años;TOTAL;Hombres;2022;10.577
01 Araba/Álava;35-39 años;TOTAL;Hombres;2021;11.107
01 Araba/Álava;35-39 años;TOTAL;Hombres;2020;11.630
01 Araba/Álava;35-39 años;TOTAL;Hombres;2019;12.146
01 Araba/Álava;35-39 años;TOTAL;Hombres;2018;12.783
01 Araba/Álava;35-39 años;TOTAL;Mujeres;2022;10.654
01 Araba/Álava;35-39 años;TOTAL;Mujeres;2021;11.156
01 Araba/Álava;35-39 años;TOTAL;Mujeres;2020;11.640
01 Araba/Álava;35-39 años;TOTAL;Mujeres;2019;12.091
01 Araba/Álava;35-39 años;TOTAL;Mujeres;2018;12.449
01 Araba/Álava;40-44 años;TOTAL;Hombres;2022;13.688
01 Araba/Álava;40-44 años;TOTAL;Hombres;2021;14.251
01 Araba/Álava;40-44 años;TOTAL;Hombres;2020;14.649
01 Araba/Álava;40-44 años;TOTAL;Hombres;2019;14.751
01 Araba/Álava;40-44 años;TOTAL;Hombres;2018;14.687
01 Araba/Álava;40-44 años;TOTAL;Mujeres;2022;13.179
01 Araba/Álava;40-44 años;TOTAL;Mujeres;2021;13.585
01 Araba/Álava;40-44 años;TOTAL;Mujeres;2020;13.830
01 Araba/Álava;40-44 años;TOTAL;Mujeres;2019;13.807
01 Araba/Álava;40-44 años;TOTAL;Mujeres;2018;13.619
01 Araba/Álava;45-49 años;TOTAL;Hombres;2022;14.595
01 Araba/Álava;45-49 años;TOTAL;Hombres;2021;14.384
01 Araba/Álava;45-49 años;TOTAL;Hombres;2020;14.080
01 Araba/Álava;45-49 años;TOTAL;Hombres;2019;13.821
01 Araba/Álava;45-49 años;TOTAL;Hombres;2018;13.639
01 Araba/Álava;45-49 años;TOTAL;Mujeres;2022;13.861
01 Araba/Álava;45-49 años;TOTAL;Mujeres;2021;13.618
01 Araba/Álava;45-49 años;TOTAL;Mujeres;2020;13.403
01 Araba/Álava;45-49 años;TOTAL;Mujeres;2019;13.229
01 Araba/Álava;45-49 años;TOTAL;Mujeres;2018;12.989
01 Araba/Álava;50-54 años;TOTAL;Hombres;2022;13.458
01 Araba/Álava;50-54 años;TOTAL;Hombres;2021;13.171
01 Araba/Álava;50-54 años;TOTAL;Hombres;2020;13.119
01 Araba/Álava;50-54 años;TOTAL;Hombres;2019;13.050
01 Araba/Álava;50-54 años;TOTAL;Hombres;2018;12.757
01 Araba/Álava;50-54 años;TOTAL;Mujeres;2022;12.997
01 Araba/Álava;50-54 años;TOTAL;Mujeres;2021;12.888
01 Araba/Álava;50-54 años;TOTAL;Mujeres;2020;12.867
01 Araba/Álava;50-54 años;TOTAL;Mujeres;2019;12.811
01 Araba/Álava;50-54 años;TOTAL;Mujeres;2018;12.810
01 Araba/Álava;55-59 años;TOTAL;Hombres;2022;12.249
01 Araba/Álava;55-59 años;TOTAL;Hombres;2021;12.066
01 Araba/Álava;55-59 años;TOTAL;Hombres;2020;11.808
01 Araba/Álava;55-59 años;TOTAL;Hombres;2019;11.514
01 Araba/Álava;55-59 años;TOTAL;Hombres;2018;11.310
01 Araba/Álava;55-59 años;TOTAL;Mujeres;2022;12.796
01 Araba/Álava;55-59 años;TOTAL;Mujeres;2021;12.556
01 Araba/Álava;55-59 años;TOTAL;Mujeres;2020;12.459
01 Araba/Álava;55-59 años;TOTAL;Mujeres;2019;12.156
01 Araba/Álava;55-59 años;TOTAL;Mujeres;2018;11.957
01 Araba/Álava;60-64 años;TOTAL;Hombres;2022;10.751
01 Araba/Álava;60-64 años;TOTAL;Hombres;2021;10.594
01 Araba/Álava;60-64 años;TOTAL;Hombres;2020;10.382
01 Araba/Álava;60-64 años;TOTAL;Hombres;2019;10.113
01 Araba/Álava;60-64 años;TOTAL;Hombres;2018;9.924
01 Araba/Álava;60-64 años;TOTAL;Mujeres;2022;11.604
01 Araba/Álava;60-64 años;TOTAL;Mujeres;2021;11.450
01 Araba/Álava;60-64 años;TOTAL;Mujeres;2020;11.195
01 Araba/Álava;60-64 años;TOTAL;Mujeres;2019;10.888
01 Araba/Álava;60-64 años;TOTAL;Mujeres;2018;10.618
01 Araba/Álava;65-69 años;TOTAL;Hombres;2022;9.284
01 Araba/Álava;65-69 años;TOTAL;Hombres;2021;9.020
01 Araba/Álava;65-69 años;TOTAL;Hombres;2020;8.917
01 Araba/Álava;65-69 años;TOTAL;Hombres;2019;8.919
01 Araba/Álava;65-69 años;TOTAL;Hombres;2018;8.977
01 Araba/Álava;65-69 años;TOTAL;Mujeres;2022;10.112
01 Araba/Álava;65-69 años;TOTAL;Mujeres;2021;9.892
01 Araba/Álava;65-69 años;TOTAL;Mujeres;2020;9.684
01 Araba/Álava;65-69 años;TOTAL;Mujeres;2019;9.650
01 Araba/Álava;65-69 años;TOTAL;Mujeres;2018;9.635
01 Araba/Álava;70-74 años;TOTAL;Hombres;2022;8.108
01 Araba/Álava;70-74 años;TOTAL;Hombres;2021;8.155
01 Araba/Álava;70-74 años;TOTAL;Hombres;2020;8.236
01 Araba/Álava;70-74 años;TOTAL;Hombres;2019;8.163
01 Araba/Álava;70-74 años;TOTAL;Hombres;2018;7.956
01 Araba/Álava;70-74 años;TOTAL;Mujeres;2022;9.207
01 Araba/Álava;70-74 años;TOTAL;Mujeres;2021;9.108
01 Araba/Álava;70-74 años;TOTAL;Mujeres;2020;9.145
01 Araba/Álava;70-74 años;TOTAL;Mujeres;2019;8.883
01 Araba/Álava;70-74 años;TOTAL;Mujeres;2018;8.611
01 Araba/Álava;75-79 años;TOTAL;Hombres;2022;6.755
01 Araba/Álava;75-79 años;TOTAL;Hombres;2021;6.430
01 Araba/Álava;75-79 años;TOTAL;Hombres;2020;6.197
01 Araba/Álava;75-79 años;TOTAL;Hombres;2019;5.641
01 Araba/Álava;75-79 años;TOTAL;Hombres;2018;5.249
01 Araba/Álava;75-79 años;TOTAL;Mujeres;2022;7.818
01 Araba/Álava;75-79 años;TOTAL;Mujeres;2021;7.424
01 Araba/Álava;75-79 años;TOTAL;Mujeres;2020;7.096
01 Araba/Álava;75-79 años;TOTAL;Mujeres;2019;6.579
01 Araba/Álava;75-79 años;TOTAL;Mujeres;2018;6.056
01 Araba/Álava;80-84 años;TOTAL;Hombres;2022;4.104
01 Araba/Álava;80-84 años;TOTAL;Hombres;2021;4.119
01 Araba/Álava;80-84 años;TOTAL;Hombres;2020;4.035
01 Araba/Álava;80-84 años;TOTAL;Hombres;2019;4.164
01 Araba/Álava;80-84 años;TOTAL;Hombres;2018;4.321
01 Araba/Álava;80-84 años;TOTAL;Mujeres;2022;5.336
01 Araba/Álava;80-84 años;TOTAL;Mujeres;2021;5.501
01 Araba/Álava;80-84 años;TOTAL;Mujeres;2020;5.409
01 Araba/Álava;80-84 años;TOTAL;Mujeres;2019;5.612
01 Araba/Álava;80-84 años;TOTAL;Mujeres;2018;5.841
01 Araba/Álava;85-89 años;TOTAL;Hombres;2022;2.862
01 Araba/Álava;85-89 años;TOTAL;Hombres;2021;2.806
01 Araba/Álava;85-89 años;TOTAL;Hombres;2020;2.812
01 Araba/Álava;85-89 años;TOTAL;Hombres;2019;2.703
01 Araba/Álava;85-89 años;TOTAL;Hombres;2018;2.558
01 Araba/Álava;85-89 años;TOTAL;Mujeres;2022;4.758
01 Araba/Álava;85-89 años;TOTAL;Mujeres;2021;4.577
01 Araba/Álava;85-89 años;TOTAL;Mujeres;2020;4.643
01 Araba/Álava;85-89 años;TOTAL;Mujeres;2019;4.496
01 Araba/Álava;85-89 años;TOTAL;Mujeres;2018;4.353
01 Araba/Álava;90-94 años;TOTAL;Hombres;2022;1.100
01 Araba/Álava;90-94 años;TOTAL;Hombres;2021;1.026
01 Araba/Álava;90-94 años;TOTAL;Hombres;2020;983
01 Araba/Álava;90-94 años;TOTAL;Hombres;2019;933
01 Araba/Álava;90-94 años;TOTAL;Hombres;2018;837
01 Araba/Álava;90-94 años;TOTAL;Mujeres;2022;2.549
01 Araba/Álava;90-94 años;TOTAL;Mujeres;2021;2.438
01 Araba/Álava;90-94 años;TOTAL;Mujeres;2020;2.340
01 Araba/Álava;90-94 años;TOTAL;Mujeres;2019;2.254
01 Araba/Álava;90-94 años;TOTAL;Mujeres;2018;2.177
01 Araba/Álava;95-99 años;TOTAL;Hombres;2022;186
01 Araba/Álava;95-99 años;TOTAL;Hombres;2021;182
01 Araba/Álava;95-99 años;TOTAL;Hombres;2020;173
01 Araba/Álava;95-99 años;TOTAL;Hombres;2019;156
01 Araba/Álava;95-99 años;TOTAL;Hombres;2018;147
01 Araba/Álava;95-99 años;TOTAL;Mujeres;2022;780
01 Araba/Álava;95-99 años;TOTAL;Mujeres;2021;741
01 Araba/Álava;95-99 años;TOTAL;Mujeres;2020;679
01 Araba/Álava;95-99 años;TOTAL;Mujeres;2019;627
01 Araba/Álava;95-99 años;TOTAL;Mujeres;2018;594
01 Araba/Álava;100 años y más;TOTAL;Hombres;2022;11
01 Araba/Álava;100 años y más;TOTAL;Hombres;2021;11
01 Araba/Álava;100 años y más;TOTAL;Hombres;2020;16
01 Araba/Álava;100 años y más;TOTAL;Hombres;2019;18
01 Araba/Álava;100 años y más;TOTAL;Hombres;2018;17
01 Araba/Álava;100 años y más;TOTAL;Mujeres;2022;120
01 Araba/Álava;100 años y más;TOTAL;Mujeres;2021;104
01 Araba/Álava;100 años y más;TOTAL;Mujeres;2020;111
01 Araba/Álava;100 años y más;TOTAL;Mujeres;2019;103
01 Araba/Álava;100 años y más;TOTAL;Mujeres;2018;92
33 Asturias;0-4 años;TOTAL;Hombres;2022;13.961
33 Asturias;0-4 años;TOTAL;Hombres;2021;14.686
33 Asturias;0-4 años;TOTAL;Hombres;2020;15.568
33 Asturias;0-4 años;TOTAL;Hombres;2019;16.315
33 Asturias;0-4 años;TOTAL;Hombres;2018;16.748
33 Asturias;0-4 años;TOTAL;Mujeres;2022;13.060
33 Asturias;0-4 años;TOTAL;Mujeres;2021;13.916
33 Asturias;0-4 años;TOTAL;Mujeres;2020;14.674
33 Asturias;0-4 años;TOTAL;Mujeres;2019;15.290
33 Asturias;0-4 años;TOTAL;Mujeres;2018;15.722
33 Asturias;5-9 años;TOTAL;Hombres;2022;18.300
33 Asturias;5-9 años;TOTAL;Hombres;2021;18.965
33 Asturias;5-9 años;TOTAL;Hombres;2020;19.334
33 Asturias;5-9 años;TOTAL;Hombres;2019;19.943
33 Asturias;5-9 años;TOTAL;Hombres;2018;20.548
33 Asturias;5-9 años;TOTAL;Mujeres;2022;17.083
33 Asturias;5-9 años;TOTAL;Mujeres;2021;17.589
33 Asturias;5-9 años;TOTAL;Mujeres;2020;18.254
33 Asturias;5-9 años;TOTAL;Mujeres;2019;18.965
33 Asturias;5-9 años;TOTAL;Mujeres;2018;19.724
33 Asturias;10-14 años;TOTAL;Hombres;2022;21.290
33 Asturias;10-14 años;TOTAL;Hombres;2021;21.301
33 Asturias;10-14 años;TOTAL;Hombres;2020;21.379
33 Asturias;10-14 años;TOTAL;Hombres;2019;21.046
33 Asturias;10-14 años;TOTAL;Hombres;2018;20.698
33 Asturias;10-14 años;TOTAL;Mujeres;2022;20.380
33 Asturias;10-14 años;TOTAL;Mujeres;2021;20.404
33 Asturias;10-14 años;TOTAL;Mujeres;2020;20.334
33 Asturias;10-14 años;TOTAL;Mujeres;2019;19.914
33 Asturias;10-14 años;TOTAL;Mujeres;2018;19.481
33 Asturias;15-19 años;TOTAL;Hombres;2022;20.788
33 Asturias;15-19 años;TOTAL;Hombres;2021;20.513
33 Asturias;15-19 años;TOTAL;Hombres;2020;20.289
33 Asturias;15-19 años;TOTAL;Hombres;2019;19.931
33 Asturias;15-19 años;TOTAL;Hombres;2018;19.488
33 Asturias;15-19 años;TOTAL;Mujeres;2022;19.591
33 Asturias;15-19 años;TOTAL;Mujeres;2021;19.279
33 Asturias;15-19 años;TOTAL;Mujeres;2020;19.025
33 Asturias;15-19 años;TOTAL;Mujeres;2019;18.624
33 Asturias;15-19 años;TOTAL;Mujeres;2018;18.265
33 Asturias;20-24 años;TOTAL;Hombres;2022;20.105
33 Asturias;20-24 años;TOTAL;Hombres;2021;19.890
33 Asturias;20-24 años;TOTAL;Hombres;2020;19.727
33 Asturias;20-24 años;TOTAL;Hombres;2019;19.402
33 Asturias;20-24 años;TOTAL;Hombres;2018;19.586
33 Asturias;20-24 años;TOTAL;Mujeres;2022;18.718
33 Asturias;20-24 años;TOTAL;Mujeres;2021;18.786
33 Asturias;20-24 años;TOTAL;Mujeres;2020;18.733
33 Asturias;20-24 años;TOTAL;Mujeres;2019;18.665
33 Asturias;20-24 años;TOTAL;Mujeres;2018;18.856
33 Asturias;25-29 años;TOTAL;Hombres;2022;19.622
33 Asturias;25-29 años;TOTAL;Hombres;2021;20.208
33 Asturias;25-29 años;TOTAL;Hombres;2020;20.603
33 Asturias;25-29 años;TOTAL;Hombres;2019;21.194
33 Asturias;25-29 años;TOTAL;Hombres;2018;21.879
33 Asturias;25-29 años;TOTAL;Mujeres;2022;19.282
33 Asturias;25-29 años;TOTAL;Mujeres;2021;19.684
33 Asturias;25-29 años;TOTAL;Mujeres;2020;20.048
33 Asturias;25-29 años;TOTAL;Mujeres;2019;20.573
33 Asturias;25-29 años;TOTAL;Mujeres;2018;21.402
33 Asturias;30-34 años;TOTAL;Hombres;2022;22.399
33 Asturias;30-34 años;TOTAL;Hombres;2021;23.486
33 Asturias;30-34 años;TOTAL;Hombres;2020;24.894
33 Asturias;30-34 años;TOTAL;Hombres;2019;26.142
33 Asturias;30-34 años;TOTAL;Hombres;2018;27.728
33 Asturias;30-34 años;TOTAL;Mujeres;2022;22.386
33 Asturias;30-34 años;TOTAL;Mujeres;2021;23.421
33 Asturias;30-34 años;TOTAL;Mujeres;2020;24.552
33 Asturias;30-34 años;TOTAL;Mujeres;2019;25.822
33 Asturias;30-34 años;TOTAL;Mujeres;2018;27.313
33 Asturias;35-39 años;TOTAL;Hombres;2022;29.067
33 Asturias;35-39 años;TOTAL;Hombres;2021;30.628
33 Asturias;35-39 años;TOTAL;Hombres;2020;32.263
33 Asturias;35-39 años;TOTAL;Hombres;2019;34.133
33 Asturias;35-39 años;TOTAL;Hombres;2018;36.099
33 Asturias;35-39 años;TOTAL;Mujeres;2022;29.395
33 Asturias;35-39 años;TOTAL;Mujeres;2021;31.130
33 Asturias;35-39 años;TOTAL;Mujeres;2020;32.742
33 Asturias;35-39 años;TOTAL;Mujeres;2019;34.557
33 Asturias;35-39 años;TOTAL;Mujeres;2018;36.490
33 Asturias;40-44 años;TOTAL;Hombres;2022;38.443
33 Asturias;40-44 años;TOTAL;Hombres;2021;40.453
33 Asturias;40-44 años;TOTAL;Hombres;2020;41.735
33 Asturias;40-44 años;TOTAL;Hombres;2019;42.706
33 Asturias;40-44 años;TOTAL;Hombres;2018;42.844
33 Asturias;40-44 años;TOTAL;Mujeres;2022;39.150
33 Asturias;40-44 años;TOTAL;Mujeres;2021;40.549
33 Asturias;40-44 años;TOTAL;Mujeres;2020;41.689
33 Asturias;40-44 años;TOTAL;Mujeres;2019;42.466
33 Asturias;40-44 años;TOTAL;Mujeres;2018;42.561
33 Asturias;45-49 años;TOTAL;Hombres;2022;42.615
33 Asturias;45-49 años;TOTAL;Hombres;2021;42.186
33 Asturias;45-49 años;TOTAL;Hombres;2020;41.456
33 Asturias;45-49 años;TOTAL;Hombres;2019;40.951
33 Asturias;45-49 años;TOTAL;Hombres;2018;40.673
33 Asturias;45-49 años;TOTAL;Mujeres;2022;43.135
33 Asturias;45-49 años;TOTAL;Mujeres;2021;42.827
33 Asturias;45-49 años;TOTAL;Mujeres;2020;42.113
33 Asturias;45-49 años;TOTAL;Mujeres;2019;41.409
33 Asturias;45-49 años;TOTAL;Mujeres;2018;40.994
33 Asturias;50-54 años;TOTAL;Hombres;2022;40.086
33 Asturias;50-54 años;TOTAL;Hombres;2021;39.788
33 Asturias;50-54 años;TOTAL;Hombres;2020;39.639
33 Asturias;50-54 años;TOTAL;Hombres;2019;39.803
33 Asturias;50-54 años;TOTAL;Hombres;2018;39.952
33 Asturias;50-54 años;TOTAL;Mujeres;2022;40.956
33 Asturias;50-54 años;TOTAL;Mujeres;2021;40.757
33 Asturias;50-54 años;TOTAL;Mujeres;2020;40.930
33 Asturias;50-54 años;TOTAL;Mujeres;2019;41.364
33 Asturias;50-54 años;TOTAL;Mujeres;2018;41.666
33 Asturias;55-59 años;TOTAL;Hombres;2022;39.130
33 Asturias;55-59 años;TOTAL;Hombres;2021;39.345
33 Asturias;55-59 años;TOTAL;Hombres;2020;39.724
33 Asturias;55-59 años;TOTAL;Hombres;2019;39.700
33 Asturias;55-59 años;TOTAL;Hombres;2018;39.881
33 Asturias;55-59 años;TOTAL;Mujeres;2022;41.643
33 Asturias;55-59 años;TOTAL;Mujeres;2021;41.937
33 Asturias;55-59 años;TOTAL;Mujeres;2020;42.352
33 Asturias;55-59 años;TOTAL;Mujeres;2019;42.452
33 Asturias;55-59 años;TOTAL;Mujeres;2018;42.868
33 Asturias;60-64 años;TOTAL;Hombres;2022;38.685
33 Asturias;60-64 años;TOTAL;Hombres;2021;38.591
33 Asturias;60-64 años;TOTAL;Hombres;2020;37.993
33 Asturias;60-64 años;TOTAL;Hombres;2019;37.200
33 Asturias;60-64 años;TOTAL;Hombres;2018;36.657
33 Asturias;60-64 años;TOTAL;Mujeres;2022;42.560
33 Asturias;60-64 años;TOTAL;Mujeres;2021;42.634
33 Asturias;60-64 años;TOTAL;Mujeres;2020;42.167
33 Asturias;60-64 años;TOTAL;Mujeres;2019;41.240
33 Asturias;60-64 años;TOTAL;Mujeres;2018;40.507
33 Asturias;65-69 años;TOTAL;Hombres;2022;33.925
33 Asturias;65-69 años;TOTAL;Hombres;2021;33.143
33 Asturias;65-69 años;TOTAL;Hombres;2020;32.732
33 Asturias;65-69 años;TOTAL;Hombres;2019;32.417
33 Asturias;65-69 años;TOTAL;Hombres;2018;32.393
33 Asturias;65-69 años;TOTAL;Mujeres;2022;38.737
33 Asturias;65-69 años;TOTAL;Mujeres;2021;37.581
33 Asturias;65-69 años;TOTAL;Mujeres;2020;36.760
33 Asturias;65-69 años;TOTAL;Mujeres;2019;36.541
33 Asturias;65-69 años;TOTAL;Mujeres;2018;36.388
33 Asturias;70-74 años;TOTAL;Hombres;2022;28.939
33 Asturias;70-74 años;TOTAL;Hombres;2021;28.749
33 Asturias;70-74 años;TOTAL;Hombres;2020;28.590
33 Asturias;70-74 años;TOTAL;Hombres;2019;27.968
33 Asturias;70-74 años;TOTAL;Hombres;2018;26.904
33 Asturias;70-74 años;TOTAL;Mujeres;2022;34.660
33 Asturias;70-74 años;TOTAL;Mujeres;2021;34.810
33 Asturias;70-74 años;TOTAL;Mujeres;2020;34.940
33 Asturias;70-74 años;TOTAL;Mujeres;2019;34.062
33 Asturias;70-74 años;TOTAL;Mujeres;2018;32.958
33 Asturias;75-79 años;TOTAL;Hombres;2022;22.108
33 Asturias;75-79 años;TOTAL;Hombres;2021;20.859
33 Asturias;75-79 años;TOTAL;Hombres;2020;19.858
33 Asturias;75-79 años;TOTAL;Hombres;2019;18.210
33 Asturias;75-79 años;TOTAL;Hombres;2018;17.126
33 Asturias;75-79 años;TOTAL;Mujeres;2022;29.271
33 Asturias;75-79 años;TOTAL;Mujeres;2021;27.401
33 Asturias;75-79 años;TOTAL;Mujeres;2020;25.861
33 Asturias;75-79 años;TOTAL;Mujeres;2019;23.965
33 Asturias;75-79 años;TOTAL;Mujeres;2018;22.736
33 Asturias;80-84 años;TOTAL;Hombres;2022;13.276
33 Asturias;80-84 años;TOTAL;Hombres;2021;13.686
33 Asturias;80-84 años;TOTAL;Hombres;2020;14.134
33 Asturias;80-84 años;TOTAL;Hombres;2019;15.489
33 Asturias;80-84 años;TOTAL;Hombres;2018;16.482
33 Asturias;80-84 años;TOTAL;Mujeres;2022;20.184
33 Asturias;80-84 años;TOTAL;Mujeres;2021;21.483
33 Asturias;80-84 años;TOTAL;Mujeres;2020;22.525
33 Asturias;80-84 años;TOTAL;Mujeres;2019;24.503
33 Asturias;80-84 años;TOTAL;Mujeres;2018;26.047
33 Asturias;85-89 años;TOTAL;Hombres;2022;10.872
33 Asturias;85-89 años;TOTAL;Hombres;2021;10.981
33 Asturias;85-89 años;TOTAL;Hombres;2020;11.204
33 Asturias;85-89 años;TOTAL;Hombres;2019;10.852
33 Asturias;85-89 años;TOTAL;Hombres;2018;10.539
33 Asturias;85-89 años;TOTAL;Mujeres;2022;20.522
33 Asturias;85-89 años;TOTAL;Mujeres;2021;20.592
33 Asturias;85-89 años;TOTAL;Mujeres;2020;21.086
33 Asturias;85-89 años;TOTAL;Mujeres;2019;20.911
33 Asturias;85-89 años;TOTAL;Mujeres;2018;20.783
33 Asturias;90-94 años;TOTAL;Hombres;2022;4.486
33 Asturias;90-94 años;TOTAL;Hombres;2021;4.224
33 Asturias;90-94 años;TOTAL;Hombres;2020;4.009
33 Asturias;90-94 años;TOTAL;Hombres;2019;3.863
33 Asturias;90-94 años;TOTAL;Hombres;2018;3.694
33 Asturias;90-94 años;TOTAL;Mujeres;2022;11.082
33 Asturias;90-94 años;TOTAL;Mujeres;2021;10.749
33 Asturias;90-94 años;TOTAL;Mujeres;2020;10.492
33 Asturias;90-94 años;TOTAL;Mujeres;2019;10.174
33 Asturias;90-94 años;TOTAL;Mujeres;2018;9.775
33 Asturias;95-99 años;TOTAL;Hombres;2022;894
33 Asturias;95-99 años;TOTAL;Hombres;2021;855
33 Asturias;95-99 años;TOTAL;Hombres;2020;817
33 Asturias;95-99 años;TOTAL;Hombres;2019;769
33 Asturias;95-99 años;TOTAL;Hombres;2018;729
33 Asturias;95-99 años;TOTAL;Mujeres;2022;3.214
33 Asturias;95-99 años;TOTAL;Mujeres;2021;3.104
33 Asturias;95-99 años;TOTAL;Mujeres;2020;2.997
33 Asturias;95-99 años;TOTAL;Mujeres;2019;2.757
33 Asturias;95-99 años;TOTAL;Mujeres;2018;2.593
33 Asturias;100 años y más;TOTAL;Hombres;2022;143
33 Asturias;100 años y más;TOTAL;Hombres;2021;128
33 Asturias;100 años y más;TOTAL;Hombres;2020;118
33 Asturias;100 años y más;TOTAL;Hombres;2019;103
33 Asturias;100 años y más;TOTAL;Hombres;2018;90
33 Asturias;100 años y más;TOTAL;Mujeres;2022;543
33 Asturias;100 años y más;TOTAL;Mujeres;2021;494
33 Asturias;100 años y más;TOTAL;Mujeres;2020;444
33 Asturias;100 años y más;TOTAL;Mujeres;2019;409
33 Asturias;100 años y más;TOTAL;Mujeres;2018;377
05 Ávila;0-4 años;TOTAL;Hombres;2022;2.367
05 Ávila;0-4 años;TOTAL;Hombres;2021;2.518
05 Ávila;0-4 años;TOTAL;Hombres;2020;2.621
05 Ávila;0-4 años;TOTAL;Hombres;2019;2.748
05 Ávila;0-4 años;TOTAL;Hombres;2018;2.794
05 Ávila;0-4 años;TOTAL;Mujeres;2022;2.307
05 Ávila;0-4 años;TOTAL;Mujeres;2021;2.478
05 Ávila;0-4 años;TOTAL;Mujeres;2020;2.540
05 Ávila;0-4 años;TOTAL;Mujeres;2019;2.575
05 Ávila;0-4 años;TOTAL;Mujeres;2018;2.626
05 Ávila;5-9 años;TOTAL;Hombres;2022;3.306
05 Ávila;5-9 años;TOTAL;Hombres;2021;3.395
05 Ávila;5-9 años;TOTAL;Hombres;2020;3.403
05 Ávila;5-9 años;TOTAL;Hombres;2019;3.373
05 Ávila;5-9 años;TOTAL;Hombres;2018;3.500
05 Ávila;5-9 años;TOTAL;Mujeres;2022;3.012
05 Ávila;5-9 años;TOTAL;Mujeres;2021;3.027
05 Ávila;5-9 años;TOTAL;Mujeres;2020;2.990
05 Ávila;5-9 años;TOTAL;Mujeres;2019;3.018
05 Ávila;5-9 años;TOTAL;Mujeres;2018;3.157
05 Ávila;10-14 años;TOTAL;Hombres;2022;3.766
05 Ávila;10-14 años;TOTAL;Hombres;2021;3.761
05 Ávila;10-14 años;TOTAL;Hombres;2020;3.715
05 Ávila;10-14 años;TOTAL;Hombres;2019;3.602
05 Ávila;10-14 años;TOTAL;Hombres;2018;3.527
05 Ávila;10-14 años;TOTAL;Mujeres;2022;3.410
05 Ávila;10-14 años;TOTAL;Mujeres;2021;3.447
05 Ávila;10-14 años;TOTAL;Mujeres;2020;3.520
05 Ávila;10-14 años;TOTAL;Mujeres;2019;3.398
05 Ávila;10-14 años;TOTAL;Mujeres;2018;3.387
05 Ávila;15-19 años;TOTAL;Hombres;2022;3.601
05 Ávila;15-19 años;TOTAL;Hombres;2021;3.610
05 Ávila;15-19 años;TOTAL;Hombres;2020;3.592
05 Ávila;15-19 años;TOTAL;Hombres;2019;3.483
05 Ávila;15-19 años;TOTAL;Hombres;2018;3.538
05 Ávila;15-19 años;TOTAL;Mujeres;2022;3.382
05 Ávila;15-19 años;TOTAL;Mujeres;2021;3.341
05 Ávila;15-19 años;TOTAL;Mujeres;2020;3.313
05 Ávila;15-19 años;TOTAL;Mujeres;2019;3.359
05 Ávila;15-19 años;TOTAL;Mujeres;2018;3.327
05 Ávila;20-24 años;TOTAL;Hombres;2022;3.668
05 Ávila;20-24 años;TOTAL;Hombres;2021;3.655
05 Ávila;20-24 años;TOTAL;Hombres;2020;3.680
05 Ávila;20-24 años;TOTAL;Hombres;2019;3.681
05 Ávila;20-24 años;TOTAL;Hombres;2018;3.746
05 Ávila;20-24 años;TOTAL;Mujeres;2022;3.434
05 Ávila;20-24 años;TOTAL;Mujeres;2021;3.514
05 Ávila;20-24 años;TOTAL;Mujeres;2020;3.471
05 Ávila;20-24 años;TOTAL;Mujeres;2019;3.460
05 Ávila;20-24 años;TOTAL;Mujeres;2018;3.489
05 Ávila;25-29 años;TOTAL;Hombres;2022;3.760
05 Ávila;25-29 años;TOTAL;Hombres;2021;3.822
05 Ávila;25-29 años;TOTAL;Hombres;2020;3.796
05 Ávila;25-29 años;TOTAL;Hombres;2019;3.834
05 Ávila;25-29 años;TOTAL;Hombres;2018;3.959
05 Ávila;25-29 años;TOTAL;Mujeres;2022;3.436
05 Ávila;25-29 años;TOTAL;Mujeres;2021;3.417
05 Ávila;25-29 años;TOTAL;Mujeres;2020;3.445
05 Ávila;25-29 años;TOTAL;Mujeres;2019;3.521
05 Ávila;25-29 años;TOTAL;Mujeres;2018;3.606
05 Ávila;30-34 años;TOTAL;Hombres;2022;3.967
05 Ávila;30-34 años;TOTAL;Hombres;2021;4.024
05 Ávila;30-34 años;TOTAL;Hombres;2020;4.056
05 Ávila;30-34 años;TOTAL;Hombres;2019;4.161
05 Ávila;30-34 años;TOTAL;Hombres;2018;4.221
05 Ávila;30-34 años;TOTAL;Mujeres;2022;3.651
05 Ávila;30-34 años;TOTAL;Mujeres;2021;3.814
05 Ávila;30-34 años;TOTAL;Mujeres;2020;3.813
05 Ávila;30-34 años;TOTAL;Mujeres;2019;3.888
05 Ávila;30-34 años;TOTAL;Mujeres;2018;4.102
05 Ávila;35-39 años;TOTAL;Hombres;2022;4.430
05 Ávila;35-39 años;TOTAL;Hombres;2021;4.554
05 Ávila;35-39 años;TOTAL;Hombres;2020;4.658
05 Ávila;35-39 años;TOTAL;Hombres;2019;4.802
05 Ávila;35-39 años;TOTAL;Hombres;2018;5.096
05 Ávila;35-39 años;TOTAL;Mujeres;2022;4.316
05 Ávila;35-39 años;TOTAL;Mujeres;2021;4.478
05 Ávila;35-39 años;TOTAL;Mujeres;2020;4.534
05 Ávila;35-39 años;TOTAL;Mujeres;2019;4.700
05 Ávila;35-39 años;TOTAL;Mujeres;2018;4.862
05 Ávila;40-44 años;TOTAL;Hombres;2022;5.544
05 Ávila;40-44 años;TOTAL;Hombres;2021;5.741
05 Ávila;40-44 años;TOTAL;Hombres;2020;5.841
05 Ávila;40-44 años;TOTAL;Hombres;2019;5.935
05 Ávila;40-44 años;TOTAL;Hombres;2018;5.939
05 Ávila;40-44 años;TOTAL;Mujeres;2022;5.332
05 Ávila;40-44 años;TOTAL;Mujeres;2021;5.428
05 Ávila;40-44 años;TOTAL;Mujeres;2020;5.534
05 Ávila;40-44 años;TOTAL;Mujeres;2019;5.509
05 Ávila;40-44 años;TOTAL;Mujeres;2018;5.572
05 Ávila;45-49 años;TOTAL;Hombres;2022;6.117
05 Ávila;45-49 años;TOTAL;Hombres;2021;6.102
05 Ávila;45-49 años;TOTAL;Hombres;2020;5.914
05 Ávila;45-49 años;TOTAL;Hombres;2019;5.954
05 Ávila;45-49 años;TOTAL;Hombres;2018;5.987
05 Ávila;45-49 años;TOTAL;Mujeres;2022;5.728
05 Ávila;45-49 años;TOTAL;Mujeres;2021;5.773
05 Ávila;45-49 años;TOTAL;Mujeres;2020;5.635
05 Ávila;45-49 años;TOTAL;Mujeres;2019;5.717
05 Ávila;45-49 años;TOTAL;Mujeres;2018;5.791
05 Ávila;50-54 años;TOTAL;Hombres;2022;6.250
05 Ávila;50-54 años;TOTAL;Hombres;2021;6.255
05 Ávila;50-54 años;TOTAL;Hombres;2020;6.189
05 Ávila;50-54 años;TOTAL;Hombres;2019;6.261
05 Ávila;50-54 años;TOTAL;Hombres;2018;6.453
05 Ávila;50-54 años;TOTAL;Mujeres;2022;6.048
05 Ávila;50-54 años;TOTAL;Mujeres;2021;6.143
05 Ávila;50-54 años;TOTAL;Mujeres;2020;6.068
05 Ávila;50-54 años;TOTAL;Mujeres;2019;6.084
05 Ávila;50-54 años;TOTAL;Mujeres;2018;6.088
05 Ávila;55-59 años;TOTAL;Hombres;2022;6.712
05 Ávila;55-59 años;TOTAL;Hombres;2021;6.699
05 Ávila;55-59 años;TOTAL;Hombres;2020;6.685
05 Ávila;55-59 años;TOTAL;Hombres;2019;6.653
05 Ávila;55-59 años;TOTAL;Hombres;2018;6.558
05 Ávila;55-59 años;TOTAL;Mujeres;2022;6.337
05 Ávila;55-59 años;TOTAL;Mujeres;2021;6.251
05 Ávila;55-59 años;TOTAL;Mujeres;2020;6.237
05 Ávila;55-59 años;TOTAL;Mujeres;2019;6.090
05 Ávila;55-59 años;TOTAL;Mujeres;2018;5.988
05 Ávila;60-64 años;TOTAL;Hombres;2022;6.481
05 Ávila;60-64 años;TOTAL;Hombres;2021;6.318
05 Ávila;60-64 años;TOTAL;Hombres;2020;6.024
05 Ávila;60-64 años;TOTAL;Hombres;2019;5.743
05 Ávila;60-64 años;TOTAL;Hombres;2018;5.569
05 Ávila;60-64 años;TOTAL;Mujeres;2022;5.923
05 Ávila;60-64 años;TOTAL;Mujeres;2021;5.639
05 Ávila;60-64 años;TOTAL;Mujeres;2020;5.258
05 Ávila;60-64 años;TOTAL;Mujeres;2019;5.061
05 Ávila;60-64 años;TOTAL;Mujeres;2018;4.773
05 Ávila;65-69 años;TOTAL;Hombres;2022;5.371
05 Ávila;65-69 años;TOTAL;Hombres;2021;5.133
05 Ávila;65-69 años;TOTAL;Hombres;2020;4.866
05 Ávila;65-69 años;TOTAL;Hombres;2019;4.822
05 Ávila;65-69 años;TOTAL;Hombres;2018;4.743
05 Ávila;65-69 años;TOTAL;Mujeres;2022;4.723
05 Ávila;65-69 años;TOTAL;Mujeres;2021;4.474
05 Ávila;65-69 años;TOTAL;Mujeres;2020;4.377
05 Ávila;65-69 años;TOTAL;Mujeres;2019;4.347
05 Ávila;65-69 años;TOTAL;Mujeres;2018;4.441
05 Ávila;70-74 años;TOTAL;Hombres;2022;4.463
05 Ávila;70-74 años;TOTAL;Hombres;2021;4.345
05 Ávila;70-74 años;TOTAL;Hombres;2020;4.322
05 Ávila;70-74 años;TOTAL;Hombres;2019;4.288
05 Ávila;70-74 años;TOTAL;Hombres;2018;4.173
05 Ávila;70-74 años;TOTAL;Mujeres;2022;4.324
05 Ávila;70-74 años;TOTAL;Mujeres;2021;4.350
05 Ávila;70-74 años;TOTAL;Mujeres;2020;4.339
05 Ávila;70-74 años;TOTAL;Mujeres;2019;4.304
05 Ávila;70-74 años;TOTAL;Mujeres;2018;4.229
05 Ávila;75-79 años;TOTAL;Hombres;2022;3.606
05 Ávila;75-79 años;TOTAL;Hombres;2021;3.513
05 Ávila;75-79 años;TOTAL;Hombres;2020;3.470
05 Ávila;75-79 años;TOTAL;Hombres;2019;3.265
05 Ávila;75-79 años;TOTAL;Hombres;2018;3.162
05 Ávila;75-79 años;TOTAL;Mujeres;2022;4.044
05 Ávila;75-79 años;TOTAL;Mujeres;2021;3.987
05 Ávila;75-79 años;TOTAL;Mujeres;2020;4.011
05 Ávila;75-79 años;TOTAL;Mujeres;2019;3.871
05 Ávila;75-79 años;TOTAL;Mujeres;2018;3.755
05 Ávila;80-84 años;TOTAL;Hombres;2022;2.528
05 Ávila;80-84 años;TOTAL;Hombres;2021;2.686
05 Ávila;80-84 años;TOTAL;Hombres;2020;2.717
05 Ávila;80-84 años;TOTAL;Hombres;2019;3.010
05 Ávila;80-84 años;TOTAL;Hombres;2018;3.216
05 Ávila;80-84 años;TOTAL;Mujeres;2022;3.321
05 Ávila;80-84 años;TOTAL;Mujeres;2021;3.500
05 Ávila;80-84 años;TOTAL;Mujeres;2020;3.496
05 Ávila;80-84 años;TOTAL;Mujeres;2019;3.846
05 Ávila;80-84 años;TOTAL;Mujeres;2018;4.070
05 Ávila;85-89 años;TOTAL;Hombres;2022;2.164
05 Ávila;85-89 años;TOTAL;Hombres;2021;2.154
05 Ávila;85-89 años;TOTAL;Hombres;2020;2.288
05 Ávila;85-89 años;TOTAL;Hombres;2019;2.261
05 Ávila;85-89 años;TOTAL;Hombres;2018;2.214
05 Ávila;85-89 años;TOTAL;Mujeres;2022;3.329
05 Ávila;85-89 años;TOTAL;Mujeres;2021;3.302
05 Ávila;85-89 años;TOTAL;Mujeres;2020;3.445
05 Ávila;85-89 años;TOTAL;Mujeres;2019;3.386
05 Ávila;85-89 años;TOTAL;Mujeres;2018;3.330
05 Ávila;90-94 años;TOTAL;Hombres;2022;1.037
05 Ávila;90-94 años;TOTAL;Hombres;2021;995
05 Ávila;90-94 años;TOTAL;Hombres;2020;995
05 Ávila;90-94 años;TOTAL;Hombres;2019;947
05 Ávila;90-94 años;TOTAL;Hombres;2018;909
05 Ávila;90-94 años;TOTAL;Mujeres;2022;1.934
05 Ávila;90-94 años;TOTAL;Mujeres;2021;1.866
05 Ávila;90-94 años;TOTAL;Mujeres;2020;1.861
05 Ávila;90-94 años;TOTAL;Mujeres;2019;1.775
05 Ávila;90-94 años;TOTAL;Mujeres;2018;1.756
05 Ávila;95-99 años;TOTAL;Hombres;2022;265
05 Ávila;95-99 años;TOTAL;Hombres;2021;250
05 Ávila;95-99 años;TOTAL;Hombres;2020;249
05 Ávila;95-99 años;TOTAL;Hombres;2019;225
05 Ávila;95-99 años;TOTAL;Hombres;2018;214
05 Ávila;95-99 años;TOTAL;Mujeres;2022;593
05 Ávila;95-99 años;TOTAL;Mujeres;2021;547
05 Ávila;95-99 años;TOTAL;Mujeres;2020;590
05 Ávila;95-99 años;TOTAL;Mujeres;2019;567
05 Ávila;95-99 años;TOTAL;Mujeres;2018;524
05 Ávila;100 años y más;TOTAL;Hombres;2022;39
05 Ávila;100 años y más;TOTAL;Hombres;2021;32
05 Ávila;100 años y más;TOTAL;Hombres;2020;28
05 Ávila;100 años y más;TOTAL;Hombres;2019;23
05 Ávila;100 años y más;TOTAL;Hombres;2018;20
05 Ávila;100 años y más;TOTAL;Mujeres;2022;114
05 Ávila;100 años y más;TOTAL;Mujeres;2021;83
05 Ávila;100 años y más;TOTAL;Mujeres;2020;78
05 Ávila;100 años y más;TOTAL;Mujeres;2019;93
05 Ávila;100 años y más;TOTAL;Mujeres;2018;87
06 Badajoz;0-4 años;TOTAL;Hombres;2022;13.277
06 Badajoz;0-4 años;TOTAL;Hombres;2021;13.809
06 Badajoz;0-4 años;TOTAL;Hombres;2020;14.313
06 Badajoz;0-4 años;TOTAL;Hombres;2019;14.795
06 Badajoz;0-4 años;TOTAL;Hombres;2018;15.110
06 Badajoz;0-4 años;TOTAL;Mujeres;2022;12.466
06 Badajoz;0-4 años;TOTAL;Mujeres;2021;13.017
06 Badajoz;0-4 años;TOTAL;Mujeres;2020;13.477
06 Badajoz;0-4 años;TOTAL;Mujeres;2019;13.914
06 Badajoz;0-4 años;TOTAL;Mujeres;2018;14.384
06 Badajoz;5-9 años;TOTAL;Hombres;2022;15.676
06 Badajoz;5-9 años;TOTAL;Hombres;2021;16.027
06 Badajoz;5-9 años;TOTAL;Hombres;2020;16.443
06 Badajoz;5-9 años;TOTAL;Hombres;2019;16.882
06 Badajoz;5-9 años;TOTAL;Hombres;2018;17.601
06 Badajoz;5-9 años;TOTAL;Mujeres;2022;14.881
06 Badajoz;5-9 años;TOTAL;Mujeres;2021;15.150
06 Badajoz;5-9 años;TOTAL;Mujeres;2020;15.589
06 Badajoz;5-9 años;TOTAL;Mujeres;2019;15.951
06 Badajoz;5-9 años;TOTAL;Mujeres;2018;16.511
06 Badajoz;10-14 años;TOTAL;Hombres;2022;18.035
06 Badajoz;10-14 años;TOTAL;Hombres;2021;18.132
06 Badajoz;10-14 años;TOTAL;Hombres;2020;18.077
06 Badajoz;10-14 años;TOTAL;Hombres;2019;17.823
06 Badajoz;10-14 años;TOTAL;Hombres;2018;17.581
06 Badajoz;10-14 años;TOTAL;Mujeres;2022;16.796
06 Badajoz;10-14 años;TOTAL;Mujeres;2021;17.082
06 Badajoz;10-14 años;TOTAL;Mujeres;2020;17.103
06 Badajoz;10-14 años;TOTAL;Mujeres;2019;17.004
06 Badajoz;10-14 años;TOTAL;Mujeres;2018;16.861
06 Badajoz;15-19 años;TOTAL;Hombres;2022;17.505
06 Badajoz;15-19 años;TOTAL;Hombres;2021;17.488
06 Badajoz;15-19 años;TOTAL;Hombres;2020;17.583
06 Badajoz;15-19 años;TOTAL;Hombres;2019;17.706
06 Badajoz;15-19 años;TOTAL;Hombres;2018;17.605
06 Badajoz;15-19 años;TOTAL;Mujeres;2022;16.978
06 Badajoz;15-19 años;TOTAL;Mujeres;2021;16.931
06 Badajoz;15-19 años;TOTAL;Mujeres;2020;16.973
06 Badajoz;15-19 años;TOTAL;Mujeres;2019;17.099
06 Badajoz;15-19 años;TOTAL;Mujeres;2018;17.104
06 Badajoz;20-24 años;TOTAL;Hombres;2022;18.043
06 Badajoz;20-24 años;TOTAL;Hombres;2021;18.134
06 Badajoz;20-24 años;TOTAL;Hombres;2020;18.270
06 Badajoz;20-24 años;TOTAL;Hombres;2019;18.514
06 Badajoz;20-24 años;TOTAL;Hombres;2018;19.159
06 Badajoz;20-24 años;TOTAL;Mujeres;2022;17.250
06 Badajoz;20-24 años;TOTAL;Mujeres;2021;17.445
06 Badajoz;20-24 años;TOTAL;Mujeres;2020;17.511
06 Badajoz;20-24 años;TOTAL;Mujeres;2019;17.730
06 Badajoz;20-24 años;TOTAL;Mujeres;2018;18.322
06 Badajoz;25-29 años;TOTAL;Hombres;2022;18.739
06 Badajoz;25-29 años;TOTAL;Hombres;2021;19.359
06 Badajoz;25-29 años;TOTAL;Hombres;2020;19.839
06 Badajoz;25-29 años;TOTAL;Hombres;2019;20.489
06 Badajoz;25-29 años;TOTAL;Hombres;2018;21.248
06 Badajoz;25-29 años;TOTAL;Mujeres;2022;17.988
06 Badajoz;25-29 años;TOTAL;Mujeres;2021;18.534
06 Badajoz;25-29 años;TOTAL;Mujeres;2020;19.037
06 Badajoz;25-29 años;TOTAL;Mujeres;2019;19.545
06 Badajoz;25-29 años;TOTAL;Mujeres;2018;19.948
06 Badajoz;30-34 años;TOTAL;Hombres;2022;20.462
06 Badajoz;30-34 años;TOTAL;Hombres;2021;20.858
06 Badajoz;30-34 años;TOTAL;Hombres;2020;21.119
06 Badajoz;30-34 años;TOTAL;Hombres;2019;21.479
06 Badajoz;30-34 años;TOTAL;Hombres;2018;21.927
06 Badajoz;30-34 años;TOTAL;Mujeres;2022;19.529
06 Badajoz;30-34 años;TOTAL;Mujeres;2021;19.712
06 Badajoz;30-34 años;TOTAL;Mujeres;2020;19.854
06 Badajoz;30-34 años;TOTAL;Mujeres;2019;20.186
06 Badajoz;30-34 años;TOTAL;Mujeres;2018;20.679
06 Badajoz;35-39 años;TOTAL;Hombres;2022;21.850
06 Badajoz;35-39 años;TOTAL;Hombres;2021;22.408
06 Badajoz;35-39 años;TOTAL;Hombres;2020;23.006
06 Badajoz;35-39 años;TOTAL;Hombres;2019;23.696
06 Badajoz;35-39 años;TOTAL;Hombres;2018;24.294
06 Badajoz;35-39 años;TOTAL;Mujeres;2022;21.185
06 Badajoz;35-39 años;TOTAL;Mujeres;2021;21.724
06 Badajoz;35-39 años;TOTAL;Mujeres;2020;22.652
06 Badajoz;35-39 años;TOTAL;Mujeres;2019;23.183
06 Badajoz;35-39 años;TOTAL;Mujeres;2018;23.927
06 Badajoz;40-44 años;TOTAL;Hombres;2022;24.463
06 Badajoz;40-44 años;TOTAL;Hombres;2021;24.948
06 Badajoz;40-44 años;TOTAL;Hombres;2020;25.414
06 Badajoz;40-44 años;TOTAL;Hombres;2019;25.705
06 Badajoz;40-44 años;TOTAL;Hombres;2018;26.125
06 Badajoz;40-44 años;TOTAL;Mujeres;2022;24.490
06 Badajoz;40-44 años;TOTAL;Mujeres;2021;25.092
06 Badajoz;40-44 años;TOTAL;Mujeres;2020;25.198
06 Badajoz;40-44 años;TOTAL;Mujeres;2019;25.393
06 Badajoz;40-44 años;TOTAL;Mujeres;2018;25.368
06 Badajoz;45-49 años;TOTAL;Hombres;2022;26.273
06 Badajoz;45-49 años;TOTAL;Hombres;2021;26.334
06 Badajoz;45-49 años;TOTAL;Hombres;2020;26.291
06 Badajoz;45-49 años;TOTAL;Hombres;2019;26.306
06 Badajoz;45-49 años;TOTAL;Hombres;2018;26.449
06 Badajoz;45-49 años;TOTAL;Mujeres;2022;25.605
06 Badajoz;45-49 años;TOTAL;Mujeres;2021;25.652
06 Badajoz;45-49 años;TOTAL;Mujeres;2020;25.691
06 Badajoz;45-49 años;TOTAL;Mujeres;2019;25.804
06 Badajoz;45-49 años;TOTAL;Mujeres;2018;26.056
06 Badajoz;50-54 años;TOTAL;Hombres;2022;26.037
06 Badajoz;50-54 años;TOTAL;Hombres;2021;26.181
06 Badajoz;50-54 años;TOTAL;Hombres;2020;26.499
06 Badajoz;50-54 años;TOTAL;Hombres;2019;26.922
06 Badajoz;50-54 años;TOTAL;Hombres;2018;27.072
06 Badajoz;50-54 años;TOTAL;Mujeres;2022;26.321
06 Badajoz;50-54 años;TOTAL;Mujeres;2021;26.338
06 Badajoz;50-54 años;TOTAL;Mujeres;2020;26.492
06 Badajoz;50-54 años;TOTAL;Mujeres;2019;26.825
06 Badajoz;50-54 años;TOTAL;Mujeres;2018;26.797
06 Badajoz;55-59 años;TOTAL;Hombres;2022;26.422
06 Badajoz;55-59 años;TOTAL;Hombres;2021;26.285
06 Badajoz;55-59 años;TOTAL;Hombres;2020;26.107
06 Badajoz;55-59 años;TOTAL;Hombres;2019;25.373
06 Badajoz;55-59 años;TOTAL;Hombres;2018;24.846
06 Badajoz;55-59 años;TOTAL;Mujeres;2022;26.197
06 Badajoz;55-59 años;TOTAL;Mujeres;2021;25.976
06 Badajoz;55-59 años;TOTAL;Mujeres;2020;25.591
06 Badajoz;55-59 años;TOTAL;Mujeres;2019;24.749
06 Badajoz;55-59 años;TOTAL;Mujeres;2018;24.045
06 Badajoz;60-64 años;TOTAL;Hombres;2022;23.313
06 Badajoz;60-64 años;TOTAL;Hombres;2021;22.452
06 Badajoz;60-64 años;TOTAL;Hombres;2020;21.241
06 Badajoz;60-64 años;TOTAL;Hombres;2019;20.112
06 Badajoz;60-64 años;TOTAL;Hombres;2018;19.116
06 Badajoz;60-64 años;TOTAL;Mujeres;2022;22.927
06 Badajoz;60-64 años;TOTAL;Mujeres;2021;21.904
06 Badajoz;60-64 años;TOTAL;Mujeres;2020;20.775
06 Badajoz;60-64 años;TOTAL;Mujeres;2019;19.608
06 Badajoz;60-64 años;TOTAL;Mujeres;2018;18.672
06 Badajoz;65-69 años;TOTAL;Hombres;2022;17.555
06 Badajoz;65-69 años;TOTAL;Hombres;2021;17.196
06 Badajoz;65-69 años;TOTAL;Hombres;2020;16.590
06 Badajoz;65-69 años;TOTAL;Hombres;2019;16.470
06 Badajoz;65-69 años;TOTAL;Hombres;2018;16.434
06 Badajoz;65-69 años;TOTAL;Mujeres;2022;17.784
06 Badajoz;65-69 años;TOTAL;Mujeres;2021;17.344
06 Badajoz;65-69 años;TOTAL;Mujeres;2020;16.766
06 Badajoz;65-69 años;TOTAL;Mujeres;2019;16.669
06 Badajoz;65-69 años;TOTAL;Mujeres;2018;16.958
06 Badajoz;70-74 años;TOTAL;Hombres;2022;14.712
06 Badajoz;70-74 años;TOTAL;Hombres;2021;14.157
06 Badajoz;70-74 años;TOTAL;Hombres;2020;14.368
06 Badajoz;70-74 años;TOTAL;Hombres;2019;14.469
06 Badajoz;70-74 años;TOTAL;Hombres;2018;14.255
06 Badajoz;70-74 años;TOTAL;Mujeres;2022;16.348
06 Badajoz;70-74 años;TOTAL;Mujeres;2021;15.986
06 Badajoz;70-74 años;TOTAL;Mujeres;2020;16.236
06 Badajoz;70-74 años;TOTAL;Mujeres;2019;16.297
06 Badajoz;70-74 años;TOTAL;Mujeres;2018;16.029
06 Badajoz;75-79 años;TOTAL;Hombres;2022;11.667
06 Badajoz;75-79 años;TOTAL;Hombres;2021;11.271
06 Badajoz;75-79 años;TOTAL;Hombres;2020;11.132
06 Badajoz;75-79 años;TOTAL;Hombres;2019;10.108
06 Badajoz;75-79 años;TOTAL;Hombres;2018;9.335
06 Badajoz;75-79 años;TOTAL;Mujeres;2022;14.458
06 Badajoz;75-79 años;TOTAL;Mujeres;2021;14.039
06 Badajoz;75-79 años;TOTAL;Mujeres;2020;14.184
06 Badajoz;75-79 años;TOTAL;Mujeres;2019;13.319
06 Badajoz;75-79 años;TOTAL;Mujeres;2018;12.464
06 Badajoz;80-84 años;TOTAL;Hombres;2022;7.169
06 Badajoz;80-84 años;TOTAL;Hombres;2021;7.816
06 Badajoz;80-84 años;TOTAL;Hombres;2020;7.926
06 Badajoz;80-84 años;TOTAL;Hombres;2019;8.576
06 Badajoz;80-84 años;TOTAL;Hombres;2018;9.132
06 Badajoz;80-84 años;TOTAL;Mujeres;2022;10.663
06 Badajoz;80-84 años;TOTAL;Mujeres;2021;11.794
06 Badajoz;80-84 años;TOTAL;Mujeres;2020;11.874
06 Badajoz;80-84 años;TOTAL;Mujeres;2019;12.671
06 Badajoz;80-84 años;TOTAL;Mujeres;2018;13.523
06 Badajoz;85-89 años;TOTAL;Hombres;2022;5.790
06 Badajoz;85-89 años;TOTAL;Hombres;2021;5.778
06 Badajoz;85-89 años;TOTAL;Hombres;2020;5.576
06 Badajoz;85-89 años;TOTAL;Hombres;2019;5.474
06 Badajoz;85-89 años;TOTAL;Hombres;2018;5.312
06 Badajoz;85-89 años;TOTAL;Mujeres;2022;9.967
06 Badajoz;85-89 años;TOTAL;Mujeres;2021;9.829
06 Badajoz;85-89 años;TOTAL;Mujeres;2020;9.713
06 Badajoz;85-89 años;TOTAL;Mujeres;2019;9.569
06 Badajoz;85-89 años;TOTAL;Mujeres;2018;9.322
06 Badajoz;90-94 años;TOTAL;Hombres;2022;2.077
06 Badajoz;90-94 años;TOTAL;Hombres;2021;1.980
06 Badajoz;90-94 años;TOTAL;Hombres;2020;2.021
06 Badajoz;90-94 años;TOTAL;Hombres;2019;1.861
06 Badajoz;90-94 años;TOTAL;Hombres;2018;1.727
06 Badajoz;90-94 años;TOTAL;Mujeres;2022;4.352
06 Badajoz;90-94 años;TOTAL;Mujeres;2021;4.164
06 Badajoz;90-94 años;TOTAL;Mujeres;2020;4.090
06 Badajoz;90-94 años;TOTAL;Mujeres;2019;3.873
06 Badajoz;90-94 años;TOTAL;Mujeres;2018;3.756
06 Badajoz;95-99 años;TOTAL;Hombres;2022;407
06 Badajoz;95-99 años;TOTAL;Hombres;2021;376
06 Badajoz;95-99 años;TOTAL;Hombres;2020;359
06 Badajoz;95-99 años;TOTAL;Hombres;2019;323
06 Badajoz;95-99 años;TOTAL;Hombres;2018;281
06 Badajoz;95-99 años;TOTAL;Mujeres;2022;1.117
06 Badajoz;95-99 años;TOTAL;Mujeres;2021;1.067
06 Badajoz;95-99 años;TOTAL;Mujeres;2020;996
06 Badajoz;95-99 años;TOTAL;Mujeres;2019;926
06 Badajoz;95-99 años;TOTAL;Mujeres;2018;878
06 Badajoz;100 años y más;TOTAL;Hombres;2022;35
06 Badajoz;100 años y más;TOTAL;Hombres;2021;36
06 Badajoz;100 años y más;TOTAL;Hombres;2020;30
06 Badajoz;100 años y más;TOTAL;Hombres;2019;29
06 Badajoz;100 años y más;TOTAL;Hombres;2018;27
06 Badajoz;100 años y más;TOTAL;Mujeres;2022;162
06 Badajoz;100 años y más;TOTAL;Mujeres;2021;138
06 Badajoz;100 años y más;TOTAL;Mujeres;2020;131
06 Badajoz;100 años y más;TOTAL;Mujeres;2019;132
06 Badajoz;100 años y más;TOTAL;Mujeres;2018;136
07 Balears, Illes;0-4 años;TOTAL;Hombres;2022;25.265
07 Balears, Illes;0-4 años;TOTAL;Hombres;2021;26.008
07 Balears, Illes;0-4 años;TOTAL;Hombres;2020;26.947
07 Balears, Illes;0-4 años;TOTAL;Hombres;2019;27.666
07 Balears, Illes;0-4 años;TOTAL;Hombres;2018;27.636
07 Balears, Illes;0-4 años;TOTAL;Mujeres;2022;23.981
07 Balears, Illes;0-4 años;TOTAL;Mujeres;2021;24.665
07 Balears, Illes;0-4 años;TOTAL;Mujeres;2020;25.512
07 Balears, Illes;0-4 años;TOTAL;Mujeres;2019;25.857
07 Balears, Illes;0-4 años;TOTAL;Mujeres;2018;26.067
07 Balears, Illes;5-9 años;TOTAL;Hombres;2022;29.420
07 Balears, Illes;5-9 años;TOTAL;Hombres;2021;29.709
07 Balears, Illes;5-9 años;TOTAL;Hombres;2020;30.214
07 Balears, Illes;5-9 años;TOTAL;Hombres;2019;30.120
07 Balears, Illes;5-9 años;TOTAL;Hombres;2018;30.877
07 Balears, Illes;5-9 años;TOTAL;Mujeres;2022;28.046
07 Balears, Illes;5-9 años;TOTAL;Mujeres;2021;28.245
07 Balears, Illes;5-9 años;TOTAL;Mujeres;2020;28.672
07 Balears, Illes;5-9 años;TOTAL;Mujeres;2019;28.810
07 Balears, Illes;5-9 años;TOTAL;Mujeres;2018;29.324
07 Balears, Illes;10-14 años;TOTAL;Hombres;2022;32.129
07 Balears, Illes;10-14 años;TOTAL;Hombres;2021;32.190
07 Balears, Illes;10-14 años;TOTAL;Hombres;2020;31.994
07 Balears, Illes;10-14 años;TOTAL;Hombres;2019;31.477
07 Balears, Illes;10-14 años;TOTAL;Hombres;2018;30.321
07 Balears, Illes;10-14 años;TOTAL;Mujeres;2022;30.164
07 Balears, Illes;10-14 años;TOTAL;Mujeres;2021;30.370
07 Balears, Illes;10-14 años;TOTAL;Mujeres;2020;30.021
07 Balears, Illes;10-14 años;TOTAL;Mujeres;2019;29.567
07 Balears, Illes;10-14 años;TOTAL;Mujeres;2018;28.765
07 Balears, Illes;15-19 años;TOTAL;Hombres;2022;31.193
07 Balears, Illes;15-19 años;TOTAL;Hombres;2021;30.421
07 Balears, Illes;15-19 años;TOTAL;Hombres;2020;30.221
07 Balears, Illes;15-19 años;TOTAL;Hombres;2019;29.230
07 Balears, Illes;15-19 años;TOTAL;Hombres;2018;28.389
07 Balears, Illes;15-19 años;TOTAL;Mujeres;2022;29.374
07 Balears, Illes;15-19 años;TOTAL;Mujeres;2021;28.783
07 Balears, Illes;15-19 años;TOTAL;Mujeres;2020;28.575
07 Balears, Illes;15-19 años;TOTAL;Mujeres;2019;27.734
07 Balears, Illes;15-19 años;TOTAL;Mujeres;2018;26.703
07 Balears, Illes;20-24 años;TOTAL;Hombres;2022;31.803
07 Balears, Illes;20-24 años;TOTAL;Hombres;2021;31.689
07 Balears, Illes;20-24 años;TOTAL;Hombres;2020;31.715
07 Balears, Illes;20-24 años;TOTAL;Hombres;2019;30.476
07 Balears, Illes;20-24 años;TOTAL;Hombres;2018;29.382
07 Balears, Illes;20-24 años;TOTAL;Mujeres;2022;30.229
07 Balears, Illes;20-24 años;TOTAL;Mujeres;2021;30.043
07 Balears, Illes;20-24 años;TOTAL;Mujeres;2020;30.532
07 Balears, Illes;20-24 años;TOTAL;Mujeres;2019;29.571
07 Balears, Illes;20-24 años;TOTAL;Mujeres;2018;28.904
07 Balears, Illes;25-29 años;TOTAL;Hombres;2022;35.758
07 Balears, Illes;25-29 años;TOTAL;Hombres;2021;36.832
07 Balears, Illes;25-29 años;TOTAL;Hombres;2020;37.870
07 Balears, Illes;25-29 años;TOTAL;Hombres;2019;36.842
07 Balears, Illes;25-29 años;TOTAL;Hombres;2018;35.909
07 Balears, Illes;25-29 años;TOTAL;Mujeres;2022;35.796
07 Balears, Illes;25-29 años;TOTAL;Mujeres;2021;36.772
07 Balears, Illes;25-29 años;TOTAL;Mujeres;2020;37.825
07 Balears, Illes;25-29 años;TOTAL;Mujeres;2019;37.246
07 Balears, Illes;25-29 años;TOTAL;Mujeres;2018;36.529
07 Balears, Illes;30-34 años;TOTAL;Hombres;2022;41.141
07 Balears, Illes;30-34 años;TOTAL;Hombres;2021;41.940
07 Balears, Illes;30-34 años;TOTAL;Hombres;2020;42.803
07 Balears, Illes;30-34 años;TOTAL;Hombres;2019;42.172
07 Balears, Illes;30-34 años;TOTAL;Hombres;2018;41.779
07 Balears, Illes;30-34 años;TOTAL;Mujeres;2022;40.937
07 Balears, Illes;30-34 años;TOTAL;Mujeres;2021;41.674
07 Balears, Illes;30-34 años;TOTAL;Mujeres;2020;42.437
07 Balears, Illes;30-34 años;TOTAL;Mujeres;2019;42.125
07 Balears, Illes;30-34 años;TOTAL;Mujeres;2018;42.136
07 Balears, Illes;35-39 años;TOTAL;Hombres;2022;45.668
07 Balears, Illes;35-39 años;TOTAL;Hombres;2021;47.427
07 Balears, Illes;35-39 años;TOTAL;Hombres;2020;49.346
07 Balears, Illes;35-39 años;TOTAL;Hombres;2019;49.861
07 Balears, Illes;35-39 años;TOTAL;Hombres;2018;50.589
07 Balears, Illes;35-39 años;TOTAL;Mujeres;2022;44.783
07 Balears, Illes;35-39 años;TOTAL;Mujeres;2021;46.095
07 Balears, Illes;35-39 años;TOTAL;Mujeres;2020;47.601
07 Balears, Illes;35-39 años;TOTAL;Mujeres;2019;47.889
07 Balears, Illes;35-39 años;TOTAL;Mujeres;2018;48.312
07 Balears, Illes;40-44 años;TOTAL;Hombres;2022;52.590
07 Balears, Illes;40-44 años;TOTAL;Hombres;2021;54.136
07 Balears, Illes;40-44 años;TOTAL;Hombres;2020;54.888
07 Balears, Illes;40-44 años;TOTAL;Hombres;2019;54.629
07 Balears, Illes;40-44 años;TOTAL;Hombres;2018;53.708
07 Balears, Illes;40-44 años;TOTAL;Mujeres;2022;50.252
07 Balears, Illes;40-44 años;TOTAL;Mujeres;2021;50.591
07 Balears, Illes;40-44 años;TOTAL;Mujeres;2020;50.718
07 Balears, Illes;40-44 años;TOTAL;Mujeres;2019;50.218
07 Balears, Illes;40-44 años;TOTAL;Mujeres;2018;49.413
07 Balears, Illes;45-49 años;TOTAL;Hombres;2022;53.736
07 Balears, Illes;45-49 años;TOTAL;Hombres;2021;53.125
07 Balears, Illes;45-49 años;TOTAL;Hombres;2020;52.170
07 Balears, Illes;45-49 años;TOTAL;Hombres;2019;50.127
07 Balears, Illes;45-49 años;TOTAL;Hombres;2018;48.554
07 Balears, Illes;45-49 años;TOTAL;Mujeres;2022;49.685
07 Balears, Illes;45-49 años;TOTAL;Mujeres;2021;49.202
07 Balears, Illes;45-49 años;TOTAL;Mujeres;2020;48.396
07 Balears, Illes;45-49 años;TOTAL;Mujeres;2019;46.895
07 Balears, Illes;45-49 años;TOTAL;Mujeres;2018;45.335
07 Balears, Illes;50-54 años;TOTAL;Hombres;2022;47.262
07 Balears, Illes;50-54 años;TOTAL;Hombres;2021;46.069
07 Balears, Illes;50-54 años;TOTAL;Hombres;2020;45.088
07 Balears, Illes;50-54 años;TOTAL;Hombres;2019;44.033
07 Balears, Illes;50-54 años;TOTAL;Hombres;2018;42.595
07 Balears, Illes;50-54 años;TOTAL;Mujeres;2022;45.201
07 Balears, Illes;50-54 años;TOTAL;Mujeres;2021;44.189
07 Balears, Illes;50-54 años;TOTAL;Mujeres;2020;43.489
07 Balears, Illes;50-54 años;TOTAL;Mujeres;2019;42.496
07 Balears, Illes;50-54 años;TOTAL;Mujeres;2018;41.634
07 Balears, Illes;55-59 años;TOTAL;Hombres;2022;40.672
07 Balears, Illes;55-59 años;TOTAL;Hombres;2021;39.416
07 Balears, Illes;55-59 años;TOTAL;Hombres;2020;38.357
07 Balears, Illes;55-59 años;TOTAL;Hombres;2019;36.777
07 Balears, Illes;55-59 años;TOTAL;Hombres;2018;35.490
07 Balears, Illes;55-59 años;TOTAL;Mujeres;2022;40.819
07 Balears, Illes;55-59 años;TOTAL;Mujeres;2021;39.571
07 Balears, Illes;55-59 años;TOTAL;Mujeres;2020;38.863
07 Balears, Illes;55-59 años;TOTAL;Mujeres;2019;37.202
07 Balears, Illes;55-59 años;TOTAL;Mujeres;2018;36.116
07 Balears, Illes;60-64 años;TOTAL;Hombres;2022;33.445
07 Balears, Illes;60-64 años;TOTAL;Hombres;2021;32.476
07 Balears, Illes;60-64 años;TOTAL;Hombres;2020;31.164
07 Balears, Illes;60-64 años;TOTAL;Hombres;2019;29.958
07 Balears, Illes;60-64 años;TOTAL;Hombres;2018;28.998
07 Balears, Illes;60-64 años;TOTAL;Mujeres;2022;35.025
07 Balears, Illes;60-64 años;TOTAL;Mujeres;2021;34.008
07 Balears, Illes;60-64 años;TOTAL;Mujeres;2020;32.901
07 Balears, Illes;60-64 años;TOTAL;Mujeres;2019;31.838
07 Balears, Illes;60-64 años;TOTAL;Mujeres;2018;30.604
07 Balears, Illes;65-69 años;TOTAL;Hombres;2022;26.902
07 Balears, Illes;65-69 años;TOTAL;Hombres;2021;26.339
07 Balears, Illes;65-69 años;TOTAL;Hombres;2020;25.795
07 Balears, Illes;65-69 años;TOTAL;Hombres;2019;25.300
07 Balears, Illes;65-69 años;TOTAL;Hombres;2018;25.231
07 Balears, Illes;65-69 años;TOTAL;Mujeres;2022;29.019
07 Balears, Illes;65-69 años;TOTAL;Mujeres;2021;28.204
07 Balears, Illes;65-69 años;TOTAL;Mujeres;2020;27.371
07 Balears, Illes;65-69 años;TOTAL;Mujeres;2019;26.781
07 Balears, Illes;65-69 años;TOTAL;Mujeres;2018;26.881
07 Balears, Illes;70-74 años;TOTAL;Hombres;2022;22.316
07 Balears, Illes;70-74 años;TOTAL;Hombres;2021;21.995
07 Balears, Illes;70-74 años;TOTAL;Hombres;2020;21.924
07 Balears, Illes;70-74 años;TOTAL;Hombres;2019;21.448
07 Balears, Illes;70-74 años;TOTAL;Hombres;2018;20.689
07 Balears, Illes;70-74 años;TOTAL;Mujeres;2022;25.237
07 Balears, Illes;70-74 años;TOTAL;Mujeres;2021;24.705
07 Balears, Illes;70-74 años;TOTAL;Mujeres;2020;24.362
07 Balears, Illes;70-74 años;TOTAL;Mujeres;2019;23.915
07 Balears, Illes;70-74 años;TOTAL;Mujeres;2018;23.003
07 Balears, Illes;75-79 años;TOTAL;Hombres;2022;17.128
07 Balears, Illes;75-79 años;TOTAL;Hombres;2021;16.059
07 Balears, Illes;75-79 años;TOTAL;Hombres;2020;15.501
07 Balears, Illes;75-79 años;TOTAL;Hombres;2019;14.483
07 Balears, Illes;75-79 años;TOTAL;Hombres;2018;13.527
07 Balears, Illes;75-79 años;TOTAL;Mujeres;2022;20.415
07 Balears, Illes;75-79 años;TOTAL;Mujeres;2021;19.239
07 Balears, Illes;75-79 años;TOTAL;Mujeres;2020;18.729
07 Balears, Illes;75-79 años;TOTAL;Mujeres;2019;17.409
07 Balears, Illes;75-79 años;TOTAL;Mujeres;2018;16.305
07 Balears, Illes;80-84 años;TOTAL;Hombres;2022;10.056
07 Balears, Illes;80-84 años;TOTAL;Hombres;2021;10.059
07 Balears, Illes;80-84 años;TOTAL;Hombres;2020;9.616
07 Balears, Illes;80-84 años;TOTAL;Hombres;2019;9.859
07 Balears, Illes;80-84 años;TOTAL;Hombres;2018;10.164
07 Balears, Illes;80-84 años;TOTAL;Mujeres;2022;13.751
07 Balears, Illes;80-84 años;TOTAL;Mujeres;2021;13.911
07 Balears, Illes;80-84 años;TOTAL;Mujeres;2020;13.847
07 Balears, Illes;80-84 años;TOTAL;Mujeres;2019;14.179
07 Balears, Illes;80-84 años;TOTAL;Mujeres;2018;14.617
07 Balears, Illes;85-89 años;TOTAL;Hombres;2022;6.374
07 Balears, Illes;85-89 años;TOTAL;Hombres;2021;6.179
07 Balears, Illes;85-89 años;TOTAL;Hombres;2020;6.006
07 Balears, Illes;85-89 años;TOTAL;Hombres;2019;5.729
07 Balears, Illes;85-89 años;TOTAL;Hombres;2018;5.477
07 Balears, Illes;85-89 años;TOTAL;Mujeres;2022;11.005
07 Balears, Illes;85-89 años;TOTAL;Mujeres;2021;10.823
07 Balears, Illes;85-89 años;TOTAL;Mujeres;2020;10.572
07 Balears, Illes;85-89 años;TOTAL;Mujeres;2019;10.507
07 Balears, Illes;85-89 años;TOTAL;Mujeres;2018;10.260
07 Balears, Illes;90-94 años;TOTAL;Hombres;2022;2.266
07 Balears, Illes;90-94 años;TOTAL;Hombres;2021;2.216
07 Balears, Illes;90-94 años;TOTAL;Hombres;2020;2.153
07 Balears, Illes;90-94 años;TOTAL;Hombres;2019;2.071
07 Balears, Illes;90-94 años;TOTAL;Hombres;2018;2.053
07 Balears, Illes;90-94 años;TOTAL;Mujeres;2022;5.467
07 Balears, Illes;90-94 años;TOTAL;Mujeres;2021;5.367
07 Balears, Illes;90-94 años;TOTAL;Mujeres;2020;5.211
07 Balears, Illes;90-94 años;TOTAL;Mujeres;2019;4.952
07 Balears, Illes;90-94 años;TOTAL;Mujeres;2018;4.731
07 Balears, Illes;95-99 años;TOTAL;Hombres;2022;497
07 Balears, Illes;95-99 años;TOTAL;Hombres;2021;495
07 Balears, Illes;95-99 años;TOTAL;Hombres;2020;469
07 Balears, Illes;95-99 años;TOTAL;Hombres;2019;446
07 Balears, Illes;95-99 años;TOTAL;Hombres;2018;385
07 Balears, Illes;95-99 años;TOTAL;Mujeres;2022;1.525
07 Balears, Illes;95-99 años;TOTAL;Mujeres;2021;1.454
07 Balears, Illes;95-99 años;TOTAL;Mujeres;2020;1.397
07 Balears, Illes;95-99 años;TOTAL;Mujeres;2019;1.302
07 Balears, Illes;95-99 años;TOTAL;Mujeres;2018;1.277
07 Balears, Illes;100 años y más;TOTAL;Hombres;2022;75
07 Balears, Illes;100 años y más;TOTAL;Hombres;2021;73
07 Balears, Illes;100 años y más;TOTAL;Hombres;2020;57
07 Balears, Illes;100 años y más;TOTAL;Hombres;2019;53
07 Balears, Illes;100 años y más;TOTAL;Hombres;2018;50
07 Balears, Illes;100 años y más;TOTAL;Mujeres;2022;252
07 Balears, Illes;100 años y más;TOTAL;Mujeres;2021;244
07 Balears, Illes;100 años y más;TOTAL;Mujeres;2020;214
07 Balears, Illes;100 años y más;TOTAL;Mujeres;2019;210
07 Balears, Illes;100 años y más;TOTAL;Mujeres;2018;189
08 Barcelona;0-4 años;TOTAL;Hombres;2022;115.362
08 Barcelona;0-4 años;TOTAL;Hombres;2021;120.251
08 Barcelona;0-4 años;TOTAL;Hombres;2020;127.418
08 Barcelona;0-4 años;TOTAL;Hombres;2019;131.088
08 Barcelona;0-4 años;TOTAL;Hombres;2018;133.219
08 Barcelona;0-4 años;TOTAL;Mujeres;2022;109.924
08 Barcelona;0-4 años;TOTAL;Mujeres;2021;114.425
08 Barcelona;0-4 años;TOTAL;Mujeres;2020;121.071
08 Barcelona;0-4 años;TOTAL;Mujeres;2019;123.719
08 Barcelona;0-4 años;TOTAL;Mujeres;2018;125.521
08 Barcelona;5-9 años;TOTAL;Hombres;2022;141.918
08 Barcelona;5-9 años;TOTAL;Hombres;2021;144.623
08 Barcelona;5-9 años;TOTAL;Hombres;2020;148.938
08 Barcelona;5-9 años;TOTAL;Hombres;2019;150.599
08 Barcelona;5-9 años;TOTAL;Hombres;2018;154.758
08 Barcelona;5-9 años;TOTAL;Mujeres;2022;133.761
08 Barcelona;5-9 años;TOTAL;Mujeres;2021;136.417
08 Barcelona;5-9 años;TOTAL;Mujeres;2020;140.077
08 Barcelona;5-9 años;TOTAL;Mujeres;2019;141.780
08 Barcelona;5-9 años;TOTAL;Mujeres;2018;145.314
08 Barcelona;10-14 años;TOTAL;Hombres;2022;160.238
08 Barcelona;10-14 años;TOTAL;Hombres;2021;160.792
08 Barcelona;10-14 años;TOTAL;Hombres;2020;160.979
08 Barcelona;10-14 años;TOTAL;Hombres;2019;158.323
08 Barcelona;10-14 años;TOTAL;Hombres;2018;154.386
08 Barcelona;10-14 años;TOTAL;Mujeres;2022;150.145
08 Barcelona;10-14 años;TOTAL;Mujeres;2021;150.681
08 Barcelona;10-14 años;TOTAL;Mujeres;2020;150.967
08 Barcelona;10-14 años;TOTAL;Mujeres;2019;149.330
08 Barcelona;10-14 años;TOTAL;Mujeres;2018;145.773
08 Barcelona;15-19 años;TOTAL;Hombres;2022;158.619
08 Barcelona;15-19 años;TOTAL;Hombres;2021;154.766
08 Barcelona;15-19 años;TOTAL;Hombres;2020;153.111
08 Barcelona;15-19 años;TOTAL;Hombres;2019;146.915
08 Barcelona;15-19 años;TOTAL;Hombres;2018;140.717
08 Barcelona;15-19 años;TOTAL;Mujeres;2022;148.066
08 Barcelona;15-19 años;TOTAL;Mujeres;2021;144.053
08 Barcelona;15-19 años;TOTAL;Mujeres;2020;141.812
08 Barcelona;15-19 años;TOTAL;Mujeres;2019;136.966
08 Barcelona;15-19 años;TOTAL;Mujeres;2018;131.662
08 Barcelona;20-24 años;TOTAL;Hombres;2022;155.210
08 Barcelona;20-24 años;TOTAL;Hombres;2021;152.781
08 Barcelona;20-24 años;TOTAL;Hombres;2020;151.060
08 Barcelona;20-24 años;TOTAL;Hombres;2019;143.849
08 Barcelona;20-24 años;TOTAL;Hombres;2018;138.981
08 Barcelona;20-24 años;TOTAL;Mujeres;2022;145.412
08 Barcelona;20-24 años;TOTAL;Mujeres;2021;142.689
08 Barcelona;20-24 años;TOTAL;Mujeres;2020;142.005
08 Barcelona;20-24 años;TOTAL;Mujeres;2019;136.696
08 Barcelona;20-24 años;TOTAL;Mujeres;2018;133.892
08 Barcelona;25-29 años;TOTAL;Hombres;2022;165.529
08 Barcelona;25-29 años;TOTAL;Hombres;2021;165.307
08 Barcelona;25-29 años;TOTAL;Hombres;2020;167.321
08 Barcelona;25-29 años;TOTAL;Hombres;2019;161.074
08 Barcelona;25-29 años;TOTAL;Hombres;2018;156.054
08 Barcelona;25-29 años;TOTAL;Mujeres;2022;161.659
08 Barcelona;25-29 años;TOTAL;Mujeres;2021;161.970
08 Barcelona;25-29 años;TOTAL;Mujeres;2020;165.612
08 Barcelona;25-29 años;TOTAL;Mujeres;2019;160.590
08 Barcelona;25-29 años;TOTAL;Mujeres;2018;157.588
08 Barcelona;30-34 años;TOTAL;Hombres;2022;178.026
08 Barcelona;30-34 años;TOTAL;Hombres;2021;177.965
08 Barcelona;30-34 años;TOTAL;Hombres;2020;180.116
08 Barcelona;30-34 años;TOTAL;Hombres;2019;176.600
08 Barcelona;30-34 años;TOTAL;Hombres;2018;176.642
08 Barcelona;30-34 años;TOTAL;Mujeres;2022;175.888
08 Barcelona;30-34 años;TOTAL;Mujeres;2021;176.857
08 Barcelona;30-34 años;TOTAL;Mujeres;2020;180.760
08 Barcelona;30-34 años;TOTAL;Mujeres;2019;179.437
08 Barcelona;30-34 años;TOTAL;Mujeres;2018;180.502
08 Barcelona;35-39 años;TOTAL;Hombres;2022;193.204
08 Barcelona;35-39 años;TOTAL;Hombres;2021;200.344
08 Barcelona;35-39 años;TOTAL;Hombres;2020;209.637
08 Barcelona;35-39 años;TOTAL;Hombres;2019;215.549
08 Barcelona;35-39 años;TOTAL;Hombres;2018;224.496
08 Barcelona;35-39 años;TOTAL;Mujeres;2022;194.647
08 Barcelona;35-39 años;TOTAL;Mujeres;2021;200.311
08 Barcelona;35-39 años;TOTAL;Mujeres;2020;208.718
08 Barcelona;35-39 años;TOTAL;Mujeres;2019;213.354
08 Barcelona;35-39 años;TOTAL;Mujeres;2018;220.615
08 Barcelona;40-44 años;TOTAL;Hombres;2022;235.597
08 Barcelona;40-44 años;TOTAL;Hombres;2021;244.145
08 Barcelona;40-44 años;TOTAL;Hombres;2020;252.372
08 Barcelona;40-44 años;TOTAL;Hombres;2019;255.179
08 Barcelona;40-44 años;TOTAL;Hombres;2018;254.711
08 Barcelona;40-44 años;TOTAL;Mujeres;2022;231.569
08 Barcelona;40-44 años;TOTAL;Mujeres;2021;238.691
08 Barcelona;40-44 años;TOTAL;Mujeres;2020;244.991
08 Barcelona;40-44 años;TOTAL;Mujeres;2019;246.071
08 Barcelona;40-44 años;TOTAL;Mujeres;2018;244.859
08 Barcelona;45-49 años;TOTAL;Hombres;2022;250.389
08 Barcelona;45-49 años;TOTAL;Hombres;2021;247.091
08 Barcelona;45-49 años;TOTAL;Hombres;2020;242.806
08 Barcelona;45-49 años;TOTAL;Hombres;2019;234.650
08 Barcelona;45-49 años;TOTAL;Hombres;2018;228.891
08 Barcelona;45-49 años;TOTAL;Mujeres;2022;243.507
08 Barcelona;45-49 años;TOTAL;Mujeres;2021;239.656
08 Barcelona;45-49 años;TOTAL;Mujeres;2020;235.617
08 Barcelona;45-49 años;TOTAL;Mujeres;2019;228.513
08 Barcelona;45-49 años;TOTAL;Mujeres;2018;222.957
08 Barcelona;50-54 años;TOTAL;Hombres;2022;220.304
08 Barcelona;50-54 años;TOTAL;Hombres;2021;215.922
08 Barcelona;50-54 años;TOTAL;Hombres;2020;212.262
08 Barcelona;50-54 años;TOTAL;Hombres;2019;209.324
08 Barcelona;50-54 años;TOTAL;Hombres;2018;204.447
08 Barcelona;50-54 años;TOTAL;Mujeres;2022;218.498
08 Barcelona;50-54 años;TOTAL;Mujeres;2021;215.159
08 Barcelona;50-54 años;TOTAL;Mujeres;2020;212.843
08 Barcelona;50-54 años;TOTAL;Mujeres;2019;210.384
08 Barcelona;50-54 años;TOTAL;Mujeres;2018;206.974
08 Barcelona;55-59 años;TOTAL;Hombres;2022;192.600
08 Barcelona;55-59 años;TOTAL;Hombres;2021;186.564
08 Barcelona;55-59 años;TOTAL;Hombres;2020;182.408
08 Barcelona;55-59 años;TOTAL;Hombres;2019;175.814
08 Barcelona;55-59 años;TOTAL;Hombres;2018;172.977
08 Barcelona;55-59 años;TOTAL;Mujeres;2022;199.965
08 Barcelona;55-59 años;TOTAL;Mujeres;2021;195.964
08 Barcelona;55-59 años;TOTAL;Mujeres;2020;193.053
08 Barcelona;55-59 años;TOTAL;Mujeres;2019;188.417
08 Barcelona;55-59 años;TOTAL;Mujeres;2018;185.810
08 Barcelona;60-64 años;TOTAL;Hombres;2022;161.818
08 Barcelona;60-64 años;TOTAL;Hombres;2021;159.337
08 Barcelona;60-64 años;TOTAL;Hombres;2020;156.019
08 Barcelona;60-64 años;TOTAL;Hombres;2019;151.882
08 Barcelona;60-64 años;TOTAL;Hombres;2018;148.191
08 Barcelona;60-64 años;TOTAL;Mujeres;2022;179.827
08 Barcelona;60-64 años;TOTAL;Mujeres;2021;177.068
08 Barcelona;60-64 años;TOTAL;Mujeres;2020;174.090
08 Barcelona;60-64 años;TOTAL;Mujeres;2019;169.232
08 Barcelona;60-64 años;TOTAL;Mujeres;2018;165.006
08 Barcelona;65-69 años;TOTAL;Hombres;2022;134.200
08 Barcelona;65-69 años;TOTAL;Hombres;2021;131.883
08 Barcelona;65-69 años;TOTAL;Hombres;2020;130.377
08 Barcelona;65-69 años;TOTAL;Hombres;2019;130.330
08 Barcelona;65-69 años;TOTAL;Hombres;2018;131.637
08 Barcelona;65-69 años;TOTAL;Mujeres;2022;155.912
08 Barcelona;65-69 años;TOTAL;Mujeres;2021;153.636
08 Barcelona;65-69 años;TOTAL;Mujeres;2020;152.045
08 Barcelona;65-69 años;TOTAL;Mujeres;2019;151.279
08 Barcelona;65-69 años;TOTAL;Mujeres;2018;153.061
08 Barcelona;70-74 años;TOTAL;Hombres;2022;117.512
08 Barcelona;70-74 años;TOTAL;Hombres;2021;116.895
08 Barcelona;70-74 años;TOTAL;Hombres;2020;119.499
08 Barcelona;70-74 años;TOTAL;Hombres;2019;117.595
08 Barcelona;70-74 años;TOTAL;Hombres;2018;114.335
08 Barcelona;70-74 años;TOTAL;Mujeres;2022;144.359
08 Barcelona;70-74 años;TOTAL;Mujeres;2021;143.461
08 Barcelona;70-74 años;TOTAL;Mujeres;2020;145.706
08 Barcelona;70-74 años;TOTAL;Mujeres;2019;143.550
08 Barcelona;70-74 años;TOTAL;Mujeres;2018;138.660
08 Barcelona;75-79 años;TOTAL;Hombres;2022;94.188
08 Barcelona;75-79 años;TOTAL;Hombres;2021;90.920
08 Barcelona;75-79 años;TOTAL;Hombres;2020;90.670
08 Barcelona;75-79 años;TOTAL;Hombres;2019;82.740
08 Barcelona;75-79 años;TOTAL;Hombres;2018;77.580
08 Barcelona;75-79 años;TOTAL;Mujeres;2022;123.468
08 Barcelona;75-79 años;TOTAL;Mujeres;2021;118.622
08 Barcelona;75-79 años;TOTAL;Mujeres;2020;117.043
08 Barcelona;75-79 años;TOTAL;Mujeres;2019;106.282
08 Barcelona;75-79 años;TOTAL;Mujeres;2018;99.448
08 Barcelona;80-84 años;TOTAL;Hombres;2022;60.354
08 Barcelona;80-84 años;TOTAL;Hombres;2021;61.585
08 Barcelona;80-84 años;TOTAL;Hombres;2020;59.475
08 Barcelona;80-84 años;TOTAL;Hombres;2019;63.773
08 Barcelona;80-84 años;TOTAL;Hombres;2018;66.396
08 Barcelona;80-84 años;TOTAL;Mujeres;2022;87.093
08 Barcelona;80-84 años;TOTAL;Mujeres;2021;90.103
08 Barcelona;80-84 años;TOTAL;Mujeres;2020;88.464
08 Barcelona;80-84 años;TOTAL;Mujeres;2019;95.344
08 Barcelona;80-84 años;TOTAL;Mujeres;2018;100.338
08 Barcelona;85-89 años;TOTAL;Hombres;2022;42.055
08 Barcelona;85-89 años;TOTAL;Hombres;2021;41.228
08 Barcelona;85-89 años;TOTAL;Hombres;2020;41.331
08 Barcelona;85-89 años;TOTAL;Hombres;2019;40.062
08 Barcelona;85-89 años;TOTAL;Hombres;2018;38.555
08 Barcelona;85-89 años;TOTAL;Mujeres;2022;75.406
08 Barcelona;85-89 años;TOTAL;Mujeres;2021;74.291
08 Barcelona;85-89 años;TOTAL;Mujeres;2020;75.416
08 Barcelona;85-89 años;TOTAL;Mujeres;2019;74.129
08 Barcelona;85-89 años;TOTAL;Mujeres;2018;72.255
08 Barcelona;90-94 años;TOTAL;Hombres;2022;16.122
08 Barcelona;90-94 años;TOTAL;Hombres;2021;15.463
08 Barcelona;90-94 años;TOTAL;Hombres;2020;15.176
08 Barcelona;90-94 años;TOTAL;Hombres;2019;14.343
08 Barcelona;90-94 años;TOTAL;Hombres;2018;13.694
08 Barcelona;90-94 años;TOTAL;Mujeres;2022;38.698
08 Barcelona;90-94 años;TOTAL;Mujeres;2021;37.294
08 Barcelona;90-94 años;TOTAL;Mujeres;2020;36.733
08 Barcelona;90-94 años;TOTAL;Mujeres;2019;35.597
08 Barcelona;90-94 años;TOTAL;Mujeres;2018;34.879
08 Barcelona;95-99 años;TOTAL;Hombres;2022;3.250
08 Barcelona;95-99 años;TOTAL;Hombres;2021;3.063
08 Barcelona;95-99 años;TOTAL;Hombres;2020;3.039
08 Barcelona;95-99 años;TOTAL;Hombres;2019;2.712
08 Barcelona;95-99 años;TOTAL;Hombres;2018;2.501
08 Barcelona;95-99 años;TOTAL;Mujeres;2022;11.314
08 Barcelona;95-99 años;TOTAL;Mujeres;2021;10.604
08 Barcelona;95-99 años;TOTAL;Mujeres;2020;10.530
08 Barcelona;95-99 años;TOTAL;Mujeres;2019;9.785
08 Barcelona;95-99 años;TOTAL;Mujeres;2018;9.405
08 Barcelona;100 años y más;TOTAL;Hombres;2022;357
08 Barcelona;100 años y más;TOTAL;Hombres;2021;325
08 Barcelona;100 años y más;TOTAL;Hombres;2020;302
08 Barcelona;100 años y más;TOTAL;Hombres;2019;288
08 Barcelona;100 años y más;TOTAL;Hombres;2018;298
08 Barcelona;100 años y más;TOTAL;Mujeres;2022;1.645
08 Barcelona;100 años y más;TOTAL;Mujeres;2021;1.528
08 Barcelona;100 años y más;TOTAL;Mujeres;2020;1.533
08 Barcelona;100 años y más;TOTAL;Mujeres;2019;1.435
08 Barcelona;100 años y más;TOTAL;Mujeres;2018;1.365
48 Bizkaia;0-4 años;TOTAL;Hombres;2022;19.984
48 Bizkaia;0-4 años;TOTAL;Hombres;2021;21.099
48 Bizkaia;0-4 años;TOTAL;Hombres;2020;22.337
48 Bizkaia;0-4 años;TOTAL;Hombres;2019;23.157
48 Bizkaia;0-4 años;TOTAL;Hombres;2018;24.064
48 Bizkaia;0-4 años;TOTAL;Mujeres;2022;18.681
48 Bizkaia;0-4 años;TOTAL;Mujeres;2021;19.835
48 Bizkaia;0-4 años;TOTAL;Mujeres;2020;20.851
48 Bizkaia;0-4 años;TOTAL;Mujeres;2019;21.855
48 Bizkaia;0-4 años;TOTAL;Mujeres;2018;22.654
48 Bizkaia;5-9 años;TOTAL;Hombres;2022;25.637
48 Bizkaia;5-9 años;TOTAL;Hombres;2021;26.212
48 Bizkaia;5-9 años;TOTAL;Hombres;2020;26.669
48 Bizkaia;5-9 años;TOTAL;Hombres;2019;26.773
48 Bizkaia;5-9 años;TOTAL;Hombres;2018;27.289
48 Bizkaia;5-9 años;TOTAL;Mujeres;2022;24.129
48 Bizkaia;5-9 años;TOTAL;Mujeres;2021;24.870
48 Bizkaia;5-9 años;TOTAL;Mujeres;2020;25.619
48 Bizkaia;5-9 años;TOTAL;Mujeres;2019;25.652
48 Bizkaia;5-9 años;TOTAL;Mujeres;2018;26.060
48 Bizkaia;10-14 años;TOTAL;Hombres;2022;28.079
48 Bizkaia;10-14 años;TOTAL;Hombres;2021;28.003
48 Bizkaia;10-14 años;TOTAL;Hombres;2020;27.924
48 Bizkaia;10-14 años;TOTAL;Hombres;2019;27.612
48 Bizkaia;10-14 años;TOTAL;Hombres;2018;27.127
48 Bizkaia;10-14 años;TOTAL;Mujeres;2022;26.579
48 Bizkaia;10-14 años;TOTAL;Mujeres;2021;26.295
48 Bizkaia;10-14 años;TOTAL;Mujeres;2020;26.197
48 Bizkaia;10-14 años;TOTAL;Mujeres;2019;26.063
48 Bizkaia;10-14 años;TOTAL;Mujeres;2018;25.604
48 Bizkaia;15-19 años;TOTAL;Hombres;2022;28.014
48 Bizkaia;15-19 años;TOTAL;Hombres;2021;27.874
48 Bizkaia;15-19 años;TOTAL;Hombres;2020;27.613
48 Bizkaia;15-19 años;TOTAL;Hombres;2019;26.518
48 Bizkaia;15-19 años;TOTAL;Hombres;2018;25.309
48 Bizkaia;15-19 años;TOTAL;Mujeres;2022;26.126
48 Bizkaia;15-19 años;TOTAL;Mujeres;2021;25.686
48 Bizkaia;15-19 años;TOTAL;Mujeres;2020;25.234
48 Bizkaia;15-19 años;TOTAL;Mujeres;2019;24.418
48 Bizkaia;15-19 años;TOTAL;Mujeres;2018;23.333
48 Bizkaia;20-24 años;TOTAL;Hombres;2022;27.059
48 Bizkaia;20-24 años;TOTAL;Hombres;2021;26.354
48 Bizkaia;20-24 años;TOTAL;Hombres;2020;25.644
48 Bizkaia;20-24 años;TOTAL;Hombres;2019;24.488
48 Bizkaia;20-24 años;TOTAL;Hombres;2018;23.950
48 Bizkaia;20-24 años;TOTAL;Mujeres;2022;25.093
48 Bizkaia;20-24 años;TOTAL;Mujeres;2021;24.946
48 Bizkaia;20-24 años;TOTAL;Mujeres;2020;24.602
48 Bizkaia;20-24 años;TOTAL;Mujeres;2019;23.467
48 Bizkaia;20-24 años;TOTAL;Mujeres;2018;23.024
48 Bizkaia;25-29 años;TOTAL;Hombres;2022;26.670
48 Bizkaia;25-29 años;TOTAL;Hombres;2021;26.675
48 Bizkaia;25-29 años;TOTAL;Hombres;2020;26.824
48 Bizkaia;25-29 años;TOTAL;Hombres;2019;26.261
48 Bizkaia;25-29 años;TOTAL;Hombres;2018;26.135
48 Bizkaia;25-29 años;TOTAL;Mujeres;2022;26.057
48 Bizkaia;25-29 años;TOTAL;Mujeres;2021;26.120
48 Bizkaia;25-29 años;TOTAL;Mujeres;2020;26.221
48 Bizkaia;25-29 años;TOTAL;Mujeres;2019;25.769
48 Bizkaia;25-29 años;TOTAL;Mujeres;2018;25.856
48 Bizkaia;30-34 años;TOTAL;Hombres;2022;28.544
48 Bizkaia;30-34 años;TOTAL;Hombres;2021;29.503
48 Bizkaia;30-34 años;TOTAL;Hombres;2020;30.320
48 Bizkaia;30-34 años;TOTAL;Hombres;2019;30.976
48 Bizkaia;30-34 años;TOTAL;Hombres;2018;32.040
48 Bizkaia;30-34 años;TOTAL;Mujeres;2022;28.418
48 Bizkaia;30-34 años;TOTAL;Mujeres;2021;29.378
48 Bizkaia;30-34 años;TOTAL;Mujeres;2020;30.385
48 Bizkaia;30-34 años;TOTAL;Mujeres;2019;30.866
48 Bizkaia;30-34 años;TOTAL;Mujeres;2018;31.695
48 Bizkaia;35-39 años;TOTAL;Hombres;2022;34.521
48 Bizkaia;35-39 años;TOTAL;Hombres;2021;36.173
48 Bizkaia;35-39 años;TOTAL;Hombres;2020;38.151
48 Bizkaia;35-39 años;TOTAL;Hombres;2019;39.587
48 Bizkaia;35-39 años;TOTAL;Hombres;2018;41.625
48 Bizkaia;35-39 años;TOTAL;Mujeres;2022;34.100
48 Bizkaia;35-39 años;TOTAL;Mujeres;2021;35.812
48 Bizkaia;35-39 años;TOTAL;Mujeres;2020;37.455
48 Bizkaia;35-39 años;TOTAL;Mujeres;2019;38.806
48 Bizkaia;35-39 años;TOTAL;Mujeres;2018;40.702
48 Bizkaia;40-44 años;TOTAL;Hombres;2022;44.144
48 Bizkaia;40-44 años;TOTAL;Hombres;2021;46.059
48 Bizkaia;40-44 años;TOTAL;Hombres;2020;47.434
48 Bizkaia;40-44 años;TOTAL;Hombres;2019;48.151
48 Bizkaia;40-44 años;TOTAL;Hombres;2018;48.334
48 Bizkaia;40-44 años;TOTAL;Mujeres;2022;43.315
48 Bizkaia;40-44 años;TOTAL;Mujeres;2021;45.240
48 Bizkaia;40-44 años;TOTAL;Mujeres;2020;46.907
48 Bizkaia;40-44 años;TOTAL;Mujeres;2019;47.524
48 Bizkaia;40-44 años;TOTAL;Mujeres;2018;47.380
48 Bizkaia;45-49 años;TOTAL;Hombres;2022;47.924
48 Bizkaia;45-49 años;TOTAL;Hombres;2021;47.856
48 Bizkaia;45-49 años;TOTAL;Hombres;2020;47.539
48 Bizkaia;45-49 años;TOTAL;Hombres;2019;46.944
48 Bizkaia;45-49 años;TOTAL;Hombres;2018;46.484
48 Bizkaia;45-49 años;TOTAL;Mujeres;2022;47.849
48 Bizkaia;45-49 años;TOTAL;Mujeres;2021;47.456
48 Bizkaia;45-49 años;TOTAL;Mujeres;2020;46.965
48 Bizkaia;45-49 años;TOTAL;Mujeres;2019;46.259
48 Bizkaia;45-49 años;TOTAL;Mujeres;2018;45.985
48 Bizkaia;50-54 años;TOTAL;Hombres;2022;45.537
48 Bizkaia;50-54 años;TOTAL;Hombres;2021;45.261
48 Bizkaia;50-54 años;TOTAL;Hombres;2020;45.313
48 Bizkaia;50-54 años;TOTAL;Hombres;2019;45.527
48 Bizkaia;50-54 años;TOTAL;Hombres;2018;45.428
48 Bizkaia;50-54 años;TOTAL;Mujeres;2022;45.766
48 Bizkaia;50-54 años;TOTAL;Mujeres;2021;45.710
48 Bizkaia;50-54 años;TOTAL;Mujeres;2020;46.145
48 Bizkaia;50-54 años;TOTAL;Mujeres;2019;46.528
48 Bizkaia;50-54 años;TOTAL;Mujeres;2018;46.749
48 Bizkaia;55-59 años;TOTAL;Hombres;2022;44.094
48 Bizkaia;55-59 años;TOTAL;Hombres;2021;43.626
48 Bizkaia;55-59 años;TOTAL;Hombres;2020;43.399
48 Bizkaia;55-59 años;TOTAL;Hombres;2019;42.723
48 Bizkaia;55-59 años;TOTAL;Hombres;2018;42.312
48 Bizkaia;55-59 años;TOTAL;Mujeres;2022;46.418
48 Bizkaia;55-59 años;TOTAL;Mujeres;2021;46.262
48 Bizkaia;55-59 años;TOTAL;Mujeres;2020;46.089
48 Bizkaia;55-59 años;TOTAL;Mujeres;2019;45.658
48 Bizkaia;55-59 años;TOTAL;Mujeres;2018;45.254
48 Bizkaia;60-64 años;TOTAL;Hombres;2022;40.424
48 Bizkaia;60-64 años;TOTAL;Hombres;2021;40.001
48 Bizkaia;60-64 años;TOTAL;Hombres;2020;39.185
48 Bizkaia;60-64 años;TOTAL;Hombres;2019;37.760
48 Bizkaia;60-64 años;TOTAL;Hombres;2018;36.677
48 Bizkaia;60-64 años;TOTAL;Mujeres;2022;44.145
48 Bizkaia;60-64 años;TOTAL;Mujeres;2021;43.574
48 Bizkaia;60-64 años;TOTAL;Mujeres;2020;42.683
48 Bizkaia;60-64 años;TOTAL;Mujeres;2019;41.129
48 Bizkaia;60-64 años;TOTAL;Mujeres;2018;39.933
48 Bizkaia;65-69 años;TOTAL;Hombres;2022;33.216
48 Bizkaia;65-69 años;TOTAL;Hombres;2021;32.378
48 Bizkaia;65-69 años;TOTAL;Hombres;2020;31.854
48 Bizkaia;65-69 años;TOTAL;Hombres;2019;31.771
48 Bizkaia;65-69 años;TOTAL;Hombres;2018;31.891
48 Bizkaia;65-69 años;TOTAL;Mujeres;2022;37.569
48 Bizkaia;65-69 años;TOTAL;Mujeres;2021;36.476
48 Bizkaia;65-69 años;TOTAL;Mujeres;2020;36.002
48 Bizkaia;65-69 años;TOTAL;Mujeres;2019;35.851
48 Bizkaia;65-69 años;TOTAL;Mujeres;2018;35.905
48 Bizkaia;70-74 años;TOTAL;Hombres;2022;28.516
48 Bizkaia;70-74 años;TOTAL;Hombres;2021;28.503
48 Bizkaia;70-74 años;TOTAL;Hombres;2020;28.381
48 Bizkaia;70-74 años;TOTAL;Hombres;2019;27.885
48 Bizkaia;70-74 años;TOTAL;Hombres;2018;27.006
48 Bizkaia;70-74 años;TOTAL;Mujeres;2022;33.974
48 Bizkaia;70-74 años;TOTAL;Mujeres;2021;34.136
48 Bizkaia;70-74 años;TOTAL;Mujeres;2020;34.200
48 Bizkaia;70-74 años;TOTAL;Mujeres;2019;33.764
48 Bizkaia;70-74 años;TOTAL;Mujeres;2018;32.942
48 Bizkaia;75-79 años;TOTAL;Hombres;2022;22.500
48 Bizkaia;75-79 años;TOTAL;Hombres;2021;21.627
48 Bizkaia;75-79 años;TOTAL;Hombres;2020;21.183
48 Bizkaia;75-79 años;TOTAL;Hombres;2019;19.566
48 Bizkaia;75-79 años;TOTAL;Hombres;2018;18.415
48 Bizkaia;75-79 años;TOTAL;Mujeres;2022;29.856
48 Bizkaia;75-79 años;TOTAL;Mujeres;2021;28.752
48 Bizkaia;75-79 años;TOTAL;Mujeres;2020;27.868
48 Bizkaia;75-79 años;TOTAL;Mujeres;2019;25.937
48 Bizkaia;75-79 años;TOTAL;Mujeres;2018;24.512
48 Bizkaia;80-84 años;TOTAL;Hombres;2022;14.199
48 Bizkaia;80-84 años;TOTAL;Hombres;2021;14.388
48 Bizkaia;80-84 años;TOTAL;Hombres;2020;14.512
48 Bizkaia;80-84 años;TOTAL;Hombres;2019;15.671
48 Bizkaia;80-84 años;TOTAL;Hombres;2018;16.627
48 Bizkaia;80-84 años;TOTAL;Mujeres;2022;21.754
48 Bizkaia;80-84 años;TOTAL;Mujeres;2021;22.768
48 Bizkaia;80-84 años;TOTAL;Mujeres;2020;22.904
48 Bizkaia;80-84 años;TOTAL;Mujeres;2019;24.507
48 Bizkaia;80-84 años;TOTAL;Mujeres;2018;25.864
48 Bizkaia;85-89 años;TOTAL;Hombres;2022;10.899
48 Bizkaia;85-89 años;TOTAL;Hombres;2021;11.015
48 Bizkaia;85-89 años;TOTAL;Hombres;2020;10.923
48 Bizkaia;85-89 años;TOTAL;Hombres;2019;10.587
48 Bizkaia;85-89 años;TOTAL;Hombres;2018;10.216
48 Bizkaia;85-89 años;TOTAL;Mujeres;2022;20.432
48 Bizkaia;85-89 años;TOTAL;Mujeres;2021;20.207
48 Bizkaia;85-89 años;TOTAL;Mujeres;2020;20.416
48 Bizkaia;85-89 años;TOTAL;Mujeres;2019;20.008
48 Bizkaia;85-89 años;TOTAL;Mujeres;2018;19.561
48 Bizkaia;90-94 años;TOTAL;Hombres;2022;4.256
48 Bizkaia;90-94 años;TOTAL;Hombres;2021;4.047
48 Bizkaia;90-94 años;TOTAL;Hombres;2020;3.894
48 Bizkaia;90-94 años;TOTAL;Hombres;2019;3.591
48 Bizkaia;90-94 años;TOTAL;Hombres;2018;3.321
48 Bizkaia;90-94 años;TOTAL;Mujeres;2022;10.638
48 Bizkaia;90-94 años;TOTAL;Mujeres;2021;10.156
48 Bizkaia;90-94 años;TOTAL;Mujeres;2020;9.885
48 Bizkaia;90-94 años;TOTAL;Mujeres;2019;9.573
48 Bizkaia;90-94 años;TOTAL;Mujeres;2018;9.220
48 Bizkaia;95-99 años;TOTAL;Hombres;2022;766
48 Bizkaia;95-99 años;TOTAL;Hombres;2021;712
48 Bizkaia;95-99 años;TOTAL;Hombres;2020;652
48 Bizkaia;95-99 años;TOTAL;Hombres;2019;615
48 Bizkaia;95-99 años;TOTAL;Hombres;2018;571
48 Bizkaia;95-99 años;TOTAL;Mujeres;2022;3.006
48 Bizkaia;95-99 años;TOTAL;Mujeres;2021;2.879
48 Bizkaia;95-99 años;TOTAL;Mujeres;2020;2.703
48 Bizkaia;95-99 años;TOTAL;Mujeres;2019;2.506
48 Bizkaia;95-99 años;TOTAL;Mujeres;2018;2.227
48 Bizkaia;100 años y más;TOTAL;Hombres;2022;58
48 Bizkaia;100 años y más;TOTAL;Hombres;2021;50
48 Bizkaia;100 años y más;TOTAL;Hombres;2020;47
48 Bizkaia;100 años y más;TOTAL;Hombres;2019;49
48 Bizkaia;100 años y más;TOTAL;Hombres;2018;58
48 Bizkaia;100 años y más;TOTAL;Mujeres;2022;398
48 Bizkaia;100 años y más;TOTAL;Mujeres;2021;360
48 Bizkaia;100 años y más;TOTAL;Mujeres;2020;314
48 Bizkaia;100 años y más;TOTAL;Mujeres;2019;299
48 Bizkaia;100 años y más;TOTAL;Mujeres;2018;289
09 Burgos;0-4 años;TOTAL;Hombres;2022;5.928
09 Burgos;0-4 años;TOTAL;Hombres;2021;6.367
09 Burgos;0-4 años;TOTAL;Hombres;2020;6.675
09 Burgos;0-4 años;TOTAL;Hombres;2019;6.829
09 Burgos;0-4 años;TOTAL;Hombres;2018;7.099
09 Burgos;0-4 años;TOTAL;Mujeres;2022;5.561
09 Burgos;0-4 años;TOTAL;Mujeres;2021;5.950
09 Burgos;0-4 años;TOTAL;Mujeres;2020;6.325
09 Burgos;0-4 años;TOTAL;Mujeres;2019;6.432
09 Burgos;0-4 años;TOTAL;Mujeres;2018;6.687
09 Burgos;5-9 años;TOTAL;Hombres;2022;7.763
09 Burgos;5-9 años;TOTAL;Hombres;2021;7.980
09 Burgos;5-9 años;TOTAL;Hombres;2020;8.247
09 Burgos;5-9 años;TOTAL;Hombres;2019;8.319
09 Burgos;5-9 años;TOTAL;Hombres;2018;8.496
09 Burgos;5-9 años;TOTAL;Mujeres;2022;7.326
09 Burgos;5-9 años;TOTAL;Mujeres;2021;7.559
09 Burgos;5-9 años;TOTAL;Mujeres;2020;7.656
09 Burgos;5-9 años;TOTAL;Mujeres;2019;7.770
09 Burgos;5-9 años;TOTAL;Mujeres;2018;8.001
09 Burgos;10-14 años;TOTAL;Hombres;2022;8.736
09 Burgos;10-14 años;TOTAL;Hombres;2021;8.669
09 Burgos;10-14 años;TOTAL;Hombres;2020;8.591
09 Burgos;10-14 años;TOTAL;Hombres;2019;8.456
09 Burgos;10-14 años;TOTAL;Hombres;2018;8.194
09 Burgos;10-14 años;TOTAL;Mujeres;2022;8.291
09 Burgos;10-14 años;TOTAL;Mujeres;2021;8.211
09 Burgos;10-14 años;TOTAL;Mujeres;2020;8.251
09 Burgos;10-14 años;TOTAL;Mujeres;2019;8.135
09 Burgos;10-14 años;TOTAL;Mujeres;2018;7.861
09 Burgos;15-19 años;TOTAL;Hombres;2022;8.336
09 Burgos;15-19 años;TOTAL;Hombres;2021;8.249
09 Burgos;15-19 años;TOTAL;Hombres;2020;8.225
09 Burgos;15-19 años;TOTAL;Hombres;2019;8.111
09 Burgos;15-19 años;TOTAL;Hombres;2018;8.054
09 Burgos;15-19 años;TOTAL;Mujeres;2022;7.871
09 Burgos;15-19 años;TOTAL;Mujeres;2021;7.784
09 Burgos;15-19 años;TOTAL;Mujeres;2020;7.711
09 Burgos;15-19 años;TOTAL;Mujeres;2019;7.652
09 Burgos;15-19 años;TOTAL;Mujeres;2018;7.435
09 Burgos;20-24 años;TOTAL;Hombres;2022;8.531
09 Burgos;20-24 años;TOTAL;Hombres;2021;8.363
09 Burgos;20-24 años;TOTAL;Hombres;2020;8.126
09 Burgos;20-24 años;TOTAL;Hombres;2019;7.944
09 Burgos;20-24 años;TOTAL;Hombres;2018;7.896
09 Burgos;20-24 años;TOTAL;Mujeres;2022;7.750
09 Burgos;20-24 años;TOTAL;Mujeres;2021;7.734
09 Burgos;20-24 años;TOTAL;Mujeres;2020;7.614
09 Burgos;20-24 años;TOTAL;Mujeres;2019;7.439
09 Burgos;20-24 años;TOTAL;Mujeres;2018;7.568
09 Burgos;25-29 años;TOTAL;Hombres;2022;8.254
09 Burgos;25-29 años;TOTAL;Hombres;2021;8.360
09 Burgos;25-29 años;TOTAL;Hombres;2020;8.509
09 Burgos;25-29 años;TOTAL;Hombres;2019;8.546
09 Burgos;25-29 años;TOTAL;Hombres;2018;8.767
09 Burgos;25-29 años;TOTAL;Mujeres;2022;7.519
09 Burgos;25-29 años;TOTAL;Mujeres;2021;7.622
09 Burgos;25-29 años;TOTAL;Mujeres;2020;7.835
09 Burgos;25-29 años;TOTAL;Mujeres;2019;7.980
09 Burgos;25-29 años;TOTAL;Mujeres;2018;8.066
09 Burgos;30-34 años;TOTAL;Hombres;2022;9.099
09 Burgos;30-34 años;TOTAL;Hombres;2021;9.367
09 Burgos;30-34 años;TOTAL;Hombres;2020;9.523
09 Burgos;30-34 años;TOTAL;Hombres;2019;9.756
09 Burgos;30-34 años;TOTAL;Hombres;2018;10.002
09 Burgos;30-34 años;TOTAL;Mujeres;2022;8.481
09 Burgos;30-34 años;TOTAL;Mujeres;2021;8.798
09 Burgos;30-34 años;TOTAL;Mujeres;2020;9.062
09 Burgos;30-34 años;TOTAL;Mujeres;2019;9.223
09 Burgos;30-34 años;TOTAL;Mujeres;2018;9.531
09 Burgos;35-39 años;TOTAL;Hombres;2022;10.657
09 Burgos;35-39 años;TOTAL;Hombres;2021;11.023
09 Burgos;35-39 años;TOTAL;Hombres;2020;11.460
09 Burgos;35-39 años;TOTAL;Hombres;2019;11.865
09 Burgos;35-39 años;TOTAL;Hombres;2018;12.494
09 Burgos;35-39 años;TOTAL;Mujeres;2022;10.042
09 Burgos;35-39 años;TOTAL;Mujeres;2021;10.372
09 Burgos;35-39 años;TOTAL;Mujeres;2020;10.765
09 Burgos;35-39 años;TOTAL;Mujeres;2019;11.116
09 Burgos;35-39 años;TOTAL;Mujeres;2018;11.601
09 Burgos;40-44 años;TOTAL;Hombres;2022;13.352
09 Burgos;40-44 años;TOTAL;Hombres;2021;13.895
09 Burgos;40-44 años;TOTAL;Hombres;2020;14.175
09 Burgos;40-44 años;TOTAL;Hombres;2019;14.414
09 Burgos;40-44 años;TOTAL;Hombres;2018;14.479
09 Burgos;40-44 años;TOTAL;Mujeres;2022;12.502
09 Burgos;40-44 años;TOTAL;Mujeres;2021;13.075
09 Burgos;40-44 años;TOTAL;Mujeres;2020;13.420
09 Burgos;40-44 años;TOTAL;Mujeres;2019;13.729
09 Burgos;40-44 años;TOTAL;Mujeres;2018;13.762
09 Burgos;45-49 años;TOTAL;Hombres;2022;14.568
09 Burgos;45-49 años;TOTAL;Hombres;2021;14.492
09 Burgos;45-49 años;TOTAL;Hombres;2020;14.390
09 Burgos;45-49 años;TOTAL;Hombres;2019;14.458
09 Burgos;45-49 años;TOTAL;Hombres;2018;14.493
09 Burgos;45-49 años;TOTAL;Mujeres;2022;13.992
09 Burgos;45-49 años;TOTAL;Mujeres;2021;13.726
09 Burgos;45-49 años;TOTAL;Mujeres;2020;13.638
09 Burgos;45-49 años;TOTAL;Mujeres;2019;13.446
09 Burgos;45-49 años;TOTAL;Mujeres;2018;13.489
09 Burgos;50-54 años;TOTAL;Hombres;2022;14.497
09 Burgos;50-54 años;TOTAL;Hombres;2021;14.342
09 Burgos;50-54 años;TOTAL;Hombres;2020;14.490
09 Burgos;50-54 años;TOTAL;Hombres;2019;14.271
09 Burgos;50-54 años;TOTAL;Hombres;2018;14.219
09 Burgos;50-54 años;TOTAL;Mujeres;2022;13.646
09 Burgos;50-54 años;TOTAL;Mujeres;2021;13.694
09 Burgos;50-54 años;TOTAL;Mujeres;2020;13.820
09 Burgos;50-54 años;TOTAL;Mujeres;2019;14.032
09 Burgos;50-54 años;TOTAL;Mujeres;2018;13.968
09 Burgos;55-59 años;TOTAL;Hombres;2022;14.135
09 Burgos;55-59 años;TOTAL;Hombres;2021;14.144
09 Burgos;55-59 años;TOTAL;Hombres;2020;14.141
09 Burgos;55-59 años;TOTAL;Hombres;2019;14.188
09 Burgos;55-59 años;TOTAL;Hombres;2018;14.131
09 Burgos;55-59 años;TOTAL;Mujeres;2022;13.987
09 Burgos;55-59 años;TOTAL;Mujeres;2021;13.888
09 Burgos;55-59 años;TOTAL;Mujeres;2020;13.768
09 Burgos;55-59 años;TOTAL;Mujeres;2019;13.426
09 Burgos;55-59 años;TOTAL;Mujeres;2018;13.204
09 Burgos;60-64 años;TOTAL;Hombres;2022;13.696
09 Burgos;60-64 años;TOTAL;Hombres;2021;13.570
09 Burgos;60-64 años;TOTAL;Hombres;2020;13.102
09 Burgos;60-64 años;TOTAL;Hombres;2019;12.780
09 Burgos;60-64 años;TOTAL;Hombres;2018;12.475
09 Burgos;60-64 años;TOTAL;Mujeres;2022;12.984
09 Burgos;60-64 años;TOTAL;Mujeres;2021;12.758
09 Burgos;60-64 años;TOTAL;Mujeres;2020;12.342
09 Burgos;60-64 años;TOTAL;Mujeres;2019;11.929
09 Burgos;60-64 años;TOTAL;Mujeres;2018;11.541
09 Burgos;65-69 años;TOTAL;Hombres;2022;11.535
09 Burgos;65-69 años;TOTAL;Hombres;2021;11.195
09 Burgos;65-69 años;TOTAL;Hombres;2020;11.077
09 Burgos;65-69 años;TOTAL;Hombres;2019;10.970
09 Burgos;65-69 años;TOTAL;Hombres;2018;10.859
09 Burgos;65-69 años;TOTAL;Mujeres;2022;10.921
09 Burgos;65-69 años;TOTAL;Mujeres;2021;10.546
09 Burgos;65-69 años;TOTAL;Mujeres;2020;10.244
09 Burgos;65-69 años;TOTAL;Mujeres;2019;10.081
09 Burgos;65-69 años;TOTAL;Mujeres;2018;9.951
09 Burgos;70-74 años;TOTAL;Hombres;2022;9.720
09 Burgos;70-74 años;TOTAL;Hombres;2021;9.525
09 Burgos;70-74 años;TOTAL;Hombres;2020;9.440
09 Burgos;70-74 años;TOTAL;Hombres;2019;9.219
09 Burgos;70-74 años;TOTAL;Hombres;2018;8.943
09 Burgos;70-74 años;TOTAL;Mujeres;2022;9.578
09 Burgos;70-74 años;TOTAL;Mujeres;2021;9.559
09 Burgos;70-74 años;TOTAL;Mujeres;2020;9.585
09 Burgos;70-74 años;TOTAL;Mujeres;2019;9.405
09 Burgos;70-74 años;TOTAL;Mujeres;2018;9.229
09 Burgos;75-79 años;TOTAL;Hombres;2022;7.740
09 Burgos;75-79 años;TOTAL;Hombres;2021;7.434
09 Burgos;75-79 años;TOTAL;Hombres;2020;7.262
09 Burgos;75-79 años;TOTAL;Hombres;2019;6.793
09 Burgos;75-79 años;TOTAL;Hombres;2018;6.267
09 Burgos;75-79 años;TOTAL;Mujeres;2022;8.609
09 Burgos;75-79 años;TOTAL;Mujeres;2021;8.305
09 Burgos;75-79 años;TOTAL;Mujeres;2020;8.172
09 Burgos;75-79 años;TOTAL;Mujeres;2019;7.668
09 Burgos;75-79 años;TOTAL;Mujeres;2018;7.257
09 Burgos;80-84 años;TOTAL;Hombres;2022;4.907
09 Burgos;80-84 años;TOTAL;Hombres;2021;4.979
09 Burgos;80-84 años;TOTAL;Hombres;2020;5.016
09 Burgos;80-84 años;TOTAL;Hombres;2019;5.316
09 Burgos;80-84 años;TOTAL;Hombres;2018;5.561
09 Burgos;80-84 años;TOTAL;Mujeres;2022;6.485
09 Burgos;80-84 años;TOTAL;Mujeres;2021;6.786
09 Burgos;80-84 años;TOTAL;Mujeres;2020;6.859
09 Burgos;80-84 años;TOTAL;Mujeres;2019;7.437
09 Burgos;80-84 años;TOTAL;Mujeres;2018;7.961
09 Burgos;85-89 años;TOTAL;Hombres;2022;3.768
09 Burgos;85-89 años;TOTAL;Hombres;2021;3.784
09 Burgos;85-89 años;TOTAL;Hombres;2020;3.988
09 Burgos;85-89 años;TOTAL;Hombres;2019;3.958
09 Burgos;85-89 años;TOTAL;Hombres;2018;3.965
09 Burgos;85-89 años;TOTAL;Mujeres;2022;6.573
09 Burgos;85-89 años;TOTAL;Mujeres;2021;6.464
09 Burgos;85-89 años;TOTAL;Mujeres;2020;6.768
09 Burgos;85-89 años;TOTAL;Mujeres;2019;6.778
09 Burgos;85-89 años;TOTAL;Mujeres;2018;6.784
09 Burgos;90-94 años;TOTAL;Hombres;2022;1.820
09 Burgos;90-94 años;TOTAL;Hombres;2021;1.761
09 Burgos;90-94 años;TOTAL;Hombres;2020;1.689
09 Burgos;90-94 años;TOTAL;Hombres;2019;1.626
09 Burgos;90-94 años;TOTAL;Hombres;2018;1.549
09 Burgos;90-94 años;TOTAL;Mujeres;2022;3.932
09 Burgos;90-94 años;TOTAL;Mujeres;2021;3.898
09 Burgos;90-94 años;TOTAL;Mujeres;2020;3.857
09 Burgos;90-94 años;TOTAL;Mujeres;2019;3.727
09 Burgos;90-94 años;TOTAL;Mujeres;2018;3.592
09 Burgos;95-99 años;TOTAL;Hombres;2022;396
09 Burgos;95-99 años;TOTAL;Hombres;2021;385
09 Burgos;95-99 años;TOTAL;Hombres;2020;419
09 Burgos;95-99 años;TOTAL;Hombres;2019;378
09 Burgos;95-99 años;TOTAL;Hombres;2018;363
09 Burgos;95-99 años;TOTAL;Mujeres;2022;1.333
09 Burgos;95-99 años;TOTAL;Mujeres;2021;1.236
09 Burgos;95-99 años;TOTAL;Mujeres;2020;1.212
09 Burgos;95-99 años;TOTAL;Mujeres;2019;1.159
09 Burgos;95-99 años;TOTAL;Mujeres;2018;1.078
09 Burgos;100 años y más;TOTAL;Hombres;2022;41
09 Burgos;100 años y más;TOTAL;Hombres;2021;36
09 Burgos;100 años y más;TOTAL;Hombres;2020;33
09 Burgos;100 años y más;TOTAL;Hombres;2019;33
09 Burgos;100 años y más;TOTAL;Hombres;2018;31
09 Burgos;100 años y más;TOTAL;Mujeres;2022;183
09 Burgos;100 años y más;TOTAL;Mujeres;2021;170
09 Burgos;100 años y más;TOTAL;Mujeres;2020;168
09 Burgos;100 años y más;TOTAL;Mujeres;2019;164
09 Burgos;100 años y más;TOTAL;Mujeres;2018;167
10 Cáceres;0-4 años;TOTAL;Hombres;2022;6.275
10 Cáceres;0-4 años;TOTAL;Hombres;2021;6.534
10 Cáceres;0-4 años;TOTAL;Hombres;2020;6.711
10 Cáceres;0-4 años;TOTAL;Hombres;2019;6.953
10 Cáceres;0-4 años;TOTAL;Hombres;2018;7.083
10 Cáceres;0-4 años;TOTAL;Mujeres;2022;6.061
10 Cáceres;0-4 años;TOTAL;Mujeres;2021;6.298
10 Cáceres;0-4 años;TOTAL;Mujeres;2020;6.471
10 Cáceres;0-4 años;TOTAL;Mujeres;2019;6.738
10 Cáceres;0-4 años;TOTAL;Mujeres;2018;6.861
10 Cáceres;5-9 años;TOTAL;Hombres;2022;7.783
10 Cáceres;5-9 años;TOTAL;Hombres;2021;8.048
10 Cáceres;5-9 años;TOTAL;Hombres;2020;8.209
10 Cáceres;5-9 años;TOTAL;Hombres;2019;8.454
10 Cáceres;5-9 años;TOTAL;Hombres;2018;8.861
10 Cáceres;5-9 años;TOTAL;Mujeres;2022;7.477
10 Cáceres;5-9 años;TOTAL;Mujeres;2021;7.572
10 Cáceres;5-9 años;TOTAL;Mujeres;2020;7.751
10 Cáceres;5-9 años;TOTAL;Mujeres;2019;7.847
10 Cáceres;5-9 años;TOTAL;Mujeres;2018;8.134
10 Cáceres;10-14 años;TOTAL;Hombres;2022;9.228
10 Cáceres;10-14 años;TOTAL;Hombres;2021;9.184
10 Cáceres;10-14 años;TOTAL;Hombres;2020;9.344
10 Cáceres;10-14 años;TOTAL;Hombres;2019;9.363
10 Cáceres;10-14 años;TOTAL;Hombres;2018;9.322
10 Cáceres;10-14 años;TOTAL;Mujeres;2022;8.485
10 Cáceres;10-14 años;TOTAL;Mujeres;2021;8.667
10 Cáceres;10-14 años;TOTAL;Mujeres;2020;8.825
10 Cáceres;10-14 años;TOTAL;Mujeres;2019;8.921
10 Cáceres;10-14 años;TOTAL;Mujeres;2018;8.928
10 Cáceres;15-19 años;TOTAL;Hombres;2022;9.416
10 Cáceres;15-19 años;TOTAL;Hombres;2021;9.397
10 Cáceres;15-19 años;TOTAL;Hombres;2020;9.466
10 Cáceres;15-19 años;TOTAL;Hombres;2019;9.455
10 Cáceres;15-19 años;TOTAL;Hombres;2018;9.579
10 Cáceres;15-19 años;TOTAL;Mujeres;2022;8.918
10 Cáceres;15-19 años;TOTAL;Mujeres;2021;8.921
10 Cáceres;15-19 años;TOTAL;Mujeres;2020;8.965
10 Cáceres;15-19 años;TOTAL;Mujeres;2019;8.980
10 Cáceres;15-19 años;TOTAL;Mujeres;2018;8.993
10 Cáceres;20-24 años;TOTAL;Hombres;2022;9.683
10 Cáceres;20-24 años;TOTAL;Hombres;2021;9.677
10 Cáceres;20-24 años;TOTAL;Hombres;2020;9.713
10 Cáceres;20-24 años;TOTAL;Hombres;2019;9.949
10 Cáceres;20-24 años;TOTAL;Hombres;2018;10.189
10 Cáceres;20-24 años;TOTAL;Mujeres;2022;9.024
10 Cáceres;20-24 años;TOTAL;Mujeres;2021;9.032
10 Cáceres;20-24 años;TOTAL;Mujeres;2020;9.021
10 Cáceres;20-24 años;TOTAL;Mujeres;2019;9.192
10 Cáceres;20-24 años;TOTAL;Mujeres;2018;9.421
10 Cáceres;25-29 años;TOTAL;Hombres;2022;9.802
10 Cáceres;25-29 años;TOTAL;Hombres;2021;10.097
10 Cáceres;25-29 años;TOTAL;Hombres;2020;10.310
10 Cáceres;25-29 años;TOTAL;Hombres;2019;10.726
10 Cáceres;25-29 años;TOTAL;Hombres;2018;11.107
10 Cáceres;25-29 años;TOTAL;Mujeres;2022;9.191
10 Cáceres;25-29 años;TOTAL;Mujeres;2021;9.458
10 Cáceres;25-29 años;TOTAL;Mujeres;2020;9.619
10 Cáceres;25-29 años;TOTAL;Mujeres;2019;10.019
10 Cáceres;25-29 años;TOTAL;Mujeres;2018;10.450
10 Cáceres;30-34 años;TOTAL;Hombres;2022;10.726
10 Cáceres;30-34 años;TOTAL;Hombres;2021;11.053
10 Cáceres;30-34 años;TOTAL;Hombres;2020;11.328
10 Cáceres;30-34 años;TOTAL;Hombres;2019;11.638
10 Cáceres;30-34 años;TOTAL;Hombres;2018;11.959
10 Cáceres;30-34 años;TOTAL;Mujeres;2022;10.206
10 Cáceres;30-34 años;TOTAL;Mujeres;2021;10.441
10 Cáceres;30-34 años;TOTAL;Mujeres;2020;10.613
10 Cáceres;30-34 años;TOTAL;Mujeres;2019;10.770
10 Cáceres;30-34 años;TOTAL;Mujeres;2018;11.045
10 Cáceres;35-39 años;TOTAL;Hombres;2022;12.049
10 Cáceres;35-39 años;TOTAL;Hombres;2021;12.433
10 Cáceres;35-39 años;TOTAL;Hombres;2020;12.800
10 Cáceres;35-39 años;TOTAL;Hombres;2019;13.229
10 Cáceres;35-39 años;TOTAL;Hombres;2018;13.639
10 Cáceres;35-39 años;TOTAL;Mujeres;2022;11.320
10 Cáceres;35-39 años;TOTAL;Mujeres;2021;11.675
10 Cáceres;35-39 años;TOTAL;Mujeres;2020;12.107
10 Cáceres;35-39 años;TOTAL;Mujeres;2019;12.513
10 Cáceres;35-39 años;TOTAL;Mujeres;2018;12.892
10 Cáceres;40-44 años;TOTAL;Hombres;2022;13.793
10 Cáceres;40-44 años;TOTAL;Hombres;2021;14.090
10 Cáceres;40-44 años;TOTAL;Hombres;2020;14.152
10 Cáceres;40-44 años;TOTAL;Hombres;2019;14.225
10 Cáceres;40-44 años;TOTAL;Hombres;2018;14.457
10 Cáceres;40-44 años;TOTAL;Mujeres;2022;13.290
10 Cáceres;40-44 años;TOTAL;Mujeres;2021;13.537
10 Cáceres;40-44 años;TOTAL;Mujeres;2020;13.566
10 Cáceres;40-44 años;TOTAL;Mujeres;2019;13.743
10 Cáceres;40-44 años;TOTAL;Mujeres;2018;13.886
10 Cáceres;45-49 años;TOTAL;Hombres;2022;14.514
10 Cáceres;45-49 años;TOTAL;Hombres;2021;14.586
10 Cáceres;45-49 años;TOTAL;Hombres;2020;14.717
10 Cáceres;45-49 años;TOTAL;Hombres;2019;15.026
10 Cáceres;45-49 años;TOTAL;Hombres;2018;15.251
10 Cáceres;45-49 años;TOTAL;Mujeres;2022;14.185
10 Cáceres;45-49 años;TOTAL;Mujeres;2021;14.252
10 Cáceres;45-49 años;TOTAL;Mujeres;2020;14.465
10 Cáceres;45-49 años;TOTAL;Mujeres;2019;14.659
10 Cáceres;45-49 años;TOTAL;Mujeres;2018;14.966
10 Cáceres;50-54 años;TOTAL;Hombres;2022;15.474
10 Cáceres;50-54 años;TOTAL;Hombres;2021;15.722
10 Cáceres;50-54 años;TOTAL;Hombres;2020;16.020
10 Cáceres;50-54 años;TOTAL;Hombres;2019;16.414
10 Cáceres;50-54 años;TOTAL;Hombres;2018;16.580
10 Cáceres;50-54 años;TOTAL;Mujeres;2022;15.181
10 Cáceres;50-54 años;TOTAL;Mujeres;2021;15.448
10 Cáceres;50-54 años;TOTAL;Mujeres;2020;15.764
10 Cáceres;50-54 años;TOTAL;Mujeres;2019;16.121
10 Cáceres;50-54 años;TOTAL;Mujeres;2018;16.257
10 Cáceres;55-59 años;TOTAL;Hombres;2022;16.468
10 Cáceres;55-59 años;TOTAL;Hombres;2021;16.530
10 Cáceres;55-59 años;TOTAL;Hombres;2020;16.765
10 Cáceres;55-59 años;TOTAL;Hombres;2019;16.631
10 Cáceres;55-59 años;TOTAL;Hombres;2018;16.428
10 Cáceres;55-59 años;TOTAL;Mujeres;2022;16.350
10 Cáceres;55-59 años;TOTAL;Mujeres;2021;16.213
10 Cáceres;55-59 años;TOTAL;Mujeres;2020;15.978
10 Cáceres;55-59 años;TOTAL;Mujeres;2019;15.641
10 Cáceres;55-59 años;TOTAL;Mujeres;2018;15.307
10 Cáceres;60-64 años;TOTAL;Hombres;2022;15.601
10 Cáceres;60-64 años;TOTAL;Hombres;2021;15.128
10 Cáceres;60-64 años;TOTAL;Hombres;2020;14.299
10 Cáceres;60-64 años;TOTAL;Hombres;2019;13.619
10 Cáceres;60-64 años;TOTAL;Hombres;2018;13.052
10 Cáceres;60-64 años;TOTAL;Mujeres;2022;14.845
10 Cáceres;60-64 años;TOTAL;Mujeres;2021;14.201
10 Cáceres;60-64 años;TOTAL;Mujeres;2020;13.617
10 Cáceres;60-64 años;TOTAL;Mujeres;2019;12.873
10 Cáceres;60-64 años;TOTAL;Mujeres;2018;12.211
10 Cáceres;65-69 años;TOTAL;Hombres;2022;12.104
10 Cáceres;65-69 años;TOTAL;Hombres;2021;11.651
10 Cáceres;65-69 años;TOTAL;Hombres;2020;11.297
10 Cáceres;65-69 años;TOTAL;Hombres;2019;10.925
10 Cáceres;65-69 años;TOTAL;Hombres;2018;10.530
10 Cáceres;65-69 años;TOTAL;Mujeres;2022;11.572
10 Cáceres;65-69 años;TOTAL;Mujeres;2021;11.140
10 Cáceres;65-69 años;TOTAL;Mujeres;2020;10.712
10 Cáceres;65-69 años;TOTAL;Mujeres;2019;10.574
10 Cáceres;65-69 años;TOTAL;Mujeres;2018;10.507
10 Cáceres;70-74 años;TOTAL;Hombres;2022;9.298
10 Cáceres;70-74 años;TOTAL;Hombres;2021;9.030
10 Cáceres;70-74 años;TOTAL;Hombres;2020;9.032
10 Cáceres;70-74 años;TOTAL;Hombres;2019;9.021
10 Cáceres;70-74 años;TOTAL;Hombres;2018;8.980
10 Cáceres;70-74 años;TOTAL;Mujeres;2022;9.962
10 Cáceres;70-74 años;TOTAL;Mujeres;2021;9.903
10 Cáceres;70-74 años;TOTAL;Mujeres;2020;10.056
10 Cáceres;70-74 años;TOTAL;Mujeres;2019;10.231
10 Cáceres;70-74 años;TOTAL;Mujeres;2018;10.299
10 Cáceres;75-79 años;TOTAL;Hombres;2022;7.616
10 Cáceres;75-79 años;TOTAL;Hombres;2021;7.374
10 Cáceres;75-79 años;TOTAL;Hombres;2020;7.471
10 Cáceres;75-79 años;TOTAL;Hombres;2019;7.145
10 Cáceres;75-79 años;TOTAL;Hombres;2018;6.751
10 Cáceres;75-79 años;TOTAL;Mujeres;2022;9.545
10 Cáceres;75-79 años;TOTAL;Mujeres;2021;9.227
10 Cáceres;75-79 años;TOTAL;Mujeres;2020;9.397
10 Cáceres;75-79 años;TOTAL;Mujeres;2019;8.988
10 Cáceres;75-79 años;TOTAL;Mujeres;2018;8.541
10 Cáceres;80-84 años;TOTAL;Hombres;2022;5.268
10 Cáceres;80-84 años;TOTAL;Hombres;2021;5.748
10 Cáceres;80-84 años;TOTAL;Hombres;2020;5.793
10 Cáceres;80-84 años;TOTAL;Hombres;2019;6.154
10 Cáceres;80-84 años;TOTAL;Hombres;2018;6.693
10 Cáceres;80-84 años;TOTAL;Mujeres;2022;7.555
10 Cáceres;80-84 años;TOTAL;Mujeres;2021;8.190
10 Cáceres;80-84 años;TOTAL;Mujeres;2020;8.448
10 Cáceres;80-84 años;TOTAL;Mujeres;2019;9.035
10 Cáceres;80-84 años;TOTAL;Mujeres;2018;9.690
10 Cáceres;85-89 años;TOTAL;Hombres;2022;4.569
10 Cáceres;85-89 años;TOTAL;Hombres;2021;4.528
10 Cáceres;85-89 años;TOTAL;Hombres;2020;4.549
10 Cáceres;85-89 años;TOTAL;Hombres;2019;4.399
10 Cáceres;85-89 años;TOTAL;Hombres;2018;4.228
10 Cáceres;85-89 años;TOTAL;Mujeres;2022;7.646
10 Cáceres;85-89 años;TOTAL;Mujeres;2021;7.626
10 Cáceres;85-89 años;TOTAL;Mujeres;2020;7.610
10 Cáceres;85-89 años;TOTAL;Mujeres;2019;7.381
10 Cáceres;85-89 años;TOTAL;Mujeres;2018;7.231
10 Cáceres;90-94 años;TOTAL;Hombres;2022;1.814
10 Cáceres;90-94 años;TOTAL;Hombres;2021;1.674
10 Cáceres;90-94 años;TOTAL;Hombres;2020;1.655
10 Cáceres;90-94 años;TOTAL;Hombres;2019;1.626
10 Cáceres;90-94 años;TOTAL;Hombres;2018;1.539
10 Cáceres;90-94 años;TOTAL;Mujeres;2022;3.788
10 Cáceres;90-94 años;TOTAL;Mujeres;2021;3.641
10 Cáceres;90-94 años;TOTAL;Mujeres;2020;3.672
10 Cáceres;90-94 años;TOTAL;Mujeres;2019;3.502
10 Cáceres;90-94 años;TOTAL;Mujeres;2018;3.249
10 Cáceres;95-99 años;TOTAL;Hombres;2022;383
10 Cáceres;95-99 años;TOTAL;Hombres;2021;396
10 Cáceres;95-99 años;TOTAL;Hombres;2020;389
10 Cáceres;95-99 años;TOTAL;Hombres;2019;378
10 Cáceres;95-99 años;TOTAL;Hombres;2018;343
10 Cáceres;95-99 años;TOTAL;Mujeres;2022;1.055
10 Cáceres;95-99 años;TOTAL;Mujeres;2021;988
10 Cáceres;95-99 años;TOTAL;Mujeres;2020;934
10 Cáceres;95-99 años;TOTAL;Mujeres;2019;876
10 Cáceres;95-99 años;TOTAL;Mujeres;2018;850
10 Cáceres;100 años y más;TOTAL;Hombres;2022;92
10 Cáceres;100 años y más;TOTAL;Hombres;2021;71
10 Cáceres;100 años y más;TOTAL;Hombres;2020;64
10 Cáceres;100 años y más;TOTAL;Hombres;2019;58
10 Cáceres;100 años y más;TOTAL;Hombres;2018;48
10 Cáceres;100 años y más;TOTAL;Mujeres;2022;193
10 Cáceres;100 años y más;TOTAL;Mujeres;2021;177
10 Cáceres;100 años y más;TOTAL;Mujeres;2020;175
10 Cáceres;100 años y más;TOTAL;Mujeres;2019;159
10 Cáceres;100 años y más;TOTAL;Mujeres;2018;150
11 Cádiz;0-4 años;TOTAL;Hombres;2022;24.997
11 Cádiz;0-4 años;TOTAL;Hombres;2021;26.372
11 Cádiz;0-4 años;TOTAL;Hombres;2020;27.945
11 Cádiz;0-4 años;TOTAL;Hombres;2019;29.074
11 Cádiz;0-4 años;TOTAL;Hombres;2018;29.721
11 Cádiz;0-4 años;TOTAL;Mujeres;2022;23.521
11 Cádiz;0-4 años;TOTAL;Mujeres;2021;24.958
11 Cádiz;0-4 años;TOTAL;Mujeres;2020;26.263
11 Cádiz;0-4 años;TOTAL;Mujeres;2019;27.302
11 Cádiz;0-4 años;TOTAL;Mujeres;2018;28.037
11 Cádiz;5-9 años;TOTAL;Hombres;2022;31.843
11 Cádiz;5-9 años;TOTAL;Hombres;2021;32.391
11 Cádiz;5-9 años;TOTAL;Hombres;2020;33.257
11 Cádiz;5-9 años;TOTAL;Hombres;2019;34.051
11 Cádiz;5-9 años;TOTAL;Hombres;2018;35.608
11 Cádiz;5-9 años;TOTAL;Mujeres;2022;30.148
11 Cádiz;5-9 años;TOTAL;Mujeres;2021;30.665
11 Cádiz;5-9 años;TOTAL;Mujeres;2020;31.444
11 Cádiz;5-9 años;TOTAL;Mujeres;2019;32.173
11 Cádiz;5-9 años;TOTAL;Mujeres;2018;33.653
11 Cádiz;10-14 años;TOTAL;Hombres;2022;37.009
11 Cádiz;10-14 años;TOTAL;Hombres;2021;38.099
11 Cádiz;10-14 años;TOTAL;Hombres;2020;38.654
11 Cádiz;10-14 años;TOTAL;Hombres;2019;38.787
11 Cádiz;10-14 años;TOTAL;Hombres;2018;38.130
11 Cádiz;10-14 años;TOTAL;Mujeres;2022;35.199
11 Cádiz;10-14 años;TOTAL;Mujeres;2021;36.181
11 Cádiz;10-14 años;TOTAL;Mujeres;2020;36.506
11 Cádiz;10-14 años;TOTAL;Mujeres;2019;36.496
11 Cádiz;10-14 años;TOTAL;Mujeres;2018;35.931
11 Cádiz;15-19 años;TOTAL;Hombres;2022;37.930
11 Cádiz;15-19 años;TOTAL;Hombres;2021;36.828
11 Cádiz;15-19 años;TOTAL;Hombres;2020;36.016
11 Cádiz;15-19 años;TOTAL;Hombres;2019;34.917
11 Cádiz;15-19 años;TOTAL;Hombres;2018;34.190
11 Cádiz;15-19 años;TOTAL;Mujeres;2022;35.427
11 Cádiz;15-19 años;TOTAL;Mujeres;2021;34.285
11 Cádiz;15-19 años;TOTAL;Mujeres;2020;33.391
11 Cádiz;15-19 años;TOTAL;Mujeres;2019;32.690
11 Cádiz;15-19 años;TOTAL;Mujeres;2018;31.815
11 Cádiz;20-24 años;TOTAL;Hombres;2022;34.204
11 Cádiz;20-24 años;TOTAL;Hombres;2021;33.507
11 Cádiz;20-24 años;TOTAL;Hombres;2020;32.963
11 Cádiz;20-24 años;TOTAL;Hombres;2019;32.848
11 Cádiz;20-24 años;TOTAL;Hombres;2018;33.529
11 Cádiz;20-24 años;TOTAL;Mujeres;2022;31.612
11 Cádiz;20-24 años;TOTAL;Mujeres;2021;31.056
11 Cádiz;20-24 años;TOTAL;Mujeres;2020;30.905
11 Cádiz;20-24 años;TOTAL;Mujeres;2019;30.766
11 Cádiz;20-24 años;TOTAL;Mujeres;2018;31.387
11 Cádiz;25-29 años;TOTAL;Hombres;2022;33.318
11 Cádiz;25-29 años;TOTAL;Hombres;2021;34.079
11 Cádiz;25-29 años;TOTAL;Hombres;2020;34.936
11 Cádiz;25-29 años;TOTAL;Hombres;2019;35.763
11 Cádiz;25-29 años;TOTAL;Hombres;2018;36.422
11 Cádiz;25-29 años;TOTAL;Mujeres;2022;31.858
11 Cádiz;25-29 años;TOTAL;Mujeres;2021;32.604
11 Cádiz;25-29 años;TOTAL;Mujeres;2020;33.397
11 Cádiz;25-29 años;TOTAL;Mujeres;2019;34.453
11 Cádiz;25-29 años;TOTAL;Mujeres;2018;35.432
11 Cádiz;30-34 años;TOTAL;Hombres;2022;36.603
11 Cádiz;30-34 años;TOTAL;Hombres;2021;37.260
11 Cádiz;30-34 años;TOTAL;Hombres;2020;37.865
11 Cádiz;30-34 años;TOTAL;Hombres;2019;38.662
11 Cádiz;30-34 años;TOTAL;Hombres;2018;39.844
11 Cádiz;30-34 años;TOTAL;Mujeres;2022;36.495
11 Cádiz;30-34 años;TOTAL;Mujeres;2021;37.208
11 Cádiz;30-34 años;TOTAL;Mujeres;2020;37.774
11 Cádiz;30-34 años;TOTAL;Mujeres;2019;38.692
11 Cádiz;30-34 años;TOTAL;Mujeres;2018;39.880
11 Cádiz;35-39 años;TOTAL;Hombres;2022;41.683
11 Cádiz;35-39 años;TOTAL;Hombres;2021;43.249
11 Cádiz;35-39 años;TOTAL;Hombres;2020;44.867
11 Cádiz;35-39 años;TOTAL;Hombres;2019;46.600
11 Cádiz;35-39 años;TOTAL;Hombres;2018;48.338
11 Cádiz;35-39 años;TOTAL;Mujeres;2022;42.302
11 Cádiz;35-39 años;TOTAL;Mujeres;2021;43.799
11 Cádiz;35-39 años;TOTAL;Mujeres;2020;45.471
11 Cádiz;35-39 años;TOTAL;Mujeres;2019;46.864
11 Cádiz;35-39 años;TOTAL;Mujeres;2018;48.139
11 Cádiz;40-44 años;TOTAL;Hombres;2022;50.242
11 Cádiz;40-44 años;TOTAL;Hombres;2021;51.539
11 Cádiz;40-44 años;TOTAL;Hombres;2020;52.118
11 Cádiz;40-44 años;TOTAL;Hombres;2019;52.494
11 Cádiz;40-44 años;TOTAL;Hombres;2018;52.417
11 Cádiz;40-44 años;TOTAL;Mujeres;2022;50.574
11 Cádiz;40-44 años;TOTAL;Mujeres;2021;51.618
11 Cádiz;40-44 años;TOTAL;Mujeres;2020;51.902
11 Cádiz;40-44 años;TOTAL;Mujeres;2019;52.069
11 Cádiz;40-44 años;TOTAL;Mujeres;2018;51.993
11 Cádiz;45-49 años;TOTAL;Hombres;2022;52.370
11 Cádiz;45-49 años;TOTAL;Hombres;2021;51.949
11 Cádiz;45-49 años;TOTAL;Hombres;2020;51.725
11 Cádiz;45-49 años;TOTAL;Hombres;2019;51.056
11 Cádiz;45-49 años;TOTAL;Hombres;2018;50.839
11 Cádiz;45-49 años;TOTAL;Mujeres;2022;52.037
11 Cádiz;45-49 años;TOTAL;Mujeres;2021;51.232
11 Cádiz;45-49 años;TOTAL;Mujeres;2020;50.907
11 Cádiz;45-49 años;TOTAL;Mujeres;2019;50.508
11 Cádiz;45-49 años;TOTAL;Mujeres;2018;50.566
11 Cádiz;50-54 años;TOTAL;Hombres;2022;50.377
11 Cádiz;50-54 años;TOTAL;Hombres;2021;49.925
11 Cádiz;50-54 años;TOTAL;Hombres;2020;49.226
11 Cádiz;50-54 años;TOTAL;Hombres;2019;49.155
11 Cádiz;50-54 años;TOTAL;Hombres;2018;48.413
11 Cádiz;50-54 años;TOTAL;Mujeres;2022;50.847
11 Cádiz;50-54 años;TOTAL;Mujeres;2021;50.666
11 Cádiz;50-54 años;TOTAL;Mujeres;2020;50.165
11 Cádiz;50-54 años;TOTAL;Mujeres;2019;49.956
11 Cádiz;50-54 años;TOTAL;Mujeres;2018;49.123
11 Cádiz;55-59 años;TOTAL;Hombres;2022;46.312
11 Cádiz;55-59 años;TOTAL;Hombres;2021;45.106
11 Cádiz;55-59 años;TOTAL;Hombres;2020;44.150
11 Cádiz;55-59 años;TOTAL;Hombres;2019;42.836
11 Cádiz;55-59 años;TOTAL;Hombres;2018;42.179
11 Cádiz;55-59 años;TOTAL;Mujeres;2022;47.644
11 Cádiz;55-59 años;TOTAL;Mujeres;2021;46.574
11 Cádiz;55-59 años;TOTAL;Mujeres;2020;45.236
11 Cádiz;55-59 años;TOTAL;Mujeres;2019;43.927
11 Cádiz;55-59 años;TOTAL;Mujeres;2018;42.995
11 Cádiz;60-64 años;TOTAL;Hombres;2022;40.409
11 Cádiz;60-64 años;TOTAL;Hombres;2021;39.269
11 Cádiz;60-64 años;TOTAL;Hombres;2020;37.747
11 Cádiz;60-64 años;TOTAL;Hombres;2019;35.855
11 Cádiz;60-64 años;TOTAL;Hombres;2018;34.547
11 Cádiz;60-64 años;TOTAL;Mujeres;2022;42.349
11 Cádiz;60-64 años;TOTAL;Mujeres;2021;41.051
11 Cádiz;60-64 años;TOTAL;Mujeres;2020;39.827
11 Cádiz;60-64 años;TOTAL;Mujeres;2019;37.864
11 Cádiz;60-64 años;TOTAL;Mujeres;2018;36.409
11 Cádiz;65-69 años;TOTAL;Hombres;2022;31.797
11 Cádiz;65-69 años;TOTAL;Hombres;2021;30.907
11 Cádiz;65-69 años;TOTAL;Hombres;2020;29.658
11 Cádiz;65-69 años;TOTAL;Hombres;2019;29.097
11 Cádiz;65-69 años;TOTAL;Hombres;2018;28.742
11 Cádiz;65-69 años;TOTAL;Mujeres;2022;34.256
11 Cádiz;65-69 años;TOTAL;Mujeres;2021;33.369
11 Cádiz;65-69 años;TOTAL;Mujeres;2020;31.809
11 Cádiz;65-69 años;TOTAL;Mujeres;2019;31.275
11 Cádiz;65-69 años;TOTAL;Mujeres;2018;30.878
11 Cádiz;70-74 años;TOTAL;Hombres;2022;25.249
11 Cádiz;70-74 años;TOTAL;Hombres;2021;24.792
11 Cádiz;70-74 años;TOTAL;Hombres;2020;25.024
11 Cádiz;70-74 años;TOTAL;Hombres;2019;24.581
11 Cádiz;70-74 años;TOTAL;Hombres;2018;24.161
11 Cádiz;70-74 años;TOTAL;Mujeres;2022;28.775
11 Cádiz;70-74 años;TOTAL;Mujeres;2021;28.255
11 Cádiz;70-74 años;TOTAL;Mujeres;2020;28.579
11 Cádiz;70-74 años;TOTAL;Mujeres;2019;28.141
11 Cádiz;70-74 años;TOTAL;Mujeres;2018;27.555
11 Cádiz;75-79 años;TOTAL;Hombres;2022;19.562
11 Cádiz;75-79 años;TOTAL;Hombres;2021;18.492
11 Cádiz;75-79 años;TOTAL;Hombres;2020;17.880
11 Cádiz;75-79 años;TOTAL;Hombres;2019;16.873
11 Cádiz;75-79 años;TOTAL;Hombres;2018;15.328
11 Cádiz;75-79 años;TOTAL;Mujeres;2022;24.320
11 Cádiz;75-79 años;TOTAL;Mujeres;2021;23.138
11 Cádiz;75-79 años;TOTAL;Mujeres;2020;22.662
11 Cádiz;75-79 años;TOTAL;Mujeres;2019;21.601
11 Cádiz;75-79 años;TOTAL;Mujeres;2018;20.206
11 Cádiz;80-84 años;TOTAL;Hombres;2022;11.064
11 Cádiz;80-84 años;TOTAL;Hombres;2021;11.307
11 Cádiz;80-84 años;TOTAL;Hombres;2020;10.787
11 Cádiz;80-84 años;TOTAL;Hombres;2019;10.880
11 Cádiz;80-84 años;TOTAL;Hombres;2018;11.195
11 Cádiz;80-84 años;TOTAL;Mujeres;2022;16.795
11 Cádiz;80-84 años;TOTAL;Mujeres;2021;17.183
11 Cádiz;80-84 años;TOTAL;Mujeres;2020;16.695
11 Cádiz;80-84 años;TOTAL;Mujeres;2019;16.652
11 Cádiz;80-84 años;TOTAL;Mujeres;2018;17.122
11 Cádiz;85-89 años;TOTAL;Hombres;2022;6.668
11 Cádiz;85-89 años;TOTAL;Hombres;2021;6.601
11 Cádiz;85-89 años;TOTAL;Hombres;2020;6.503
11 Cádiz;85-89 años;TOTAL;Hombres;2019;6.172
11 Cádiz;85-89 años;TOTAL;Hombres;2018;5.818
11 Cádiz;85-89 años;TOTAL;Mujeres;2022;12.025
11 Cádiz;85-89 años;TOTAL;Mujeres;2021;11.941
11 Cádiz;85-89 años;TOTAL;Mujeres;2020;11.724
11 Cádiz;85-89 años;TOTAL;Mujeres;2019;11.506
11 Cádiz;85-89 años;TOTAL;Mujeres;2018;11.116
11 Cádiz;90-94 años;TOTAL;Hombres;2022;2.165
11 Cádiz;90-94 años;TOTAL;Hombres;2021;1.994
11 Cádiz;90-94 años;TOTAL;Hombres;2020;1.879
11 Cádiz;90-94 años;TOTAL;Hombres;2019;1.754
11 Cádiz;90-94 años;TOTAL;Hombres;2018;1.601
11 Cádiz;90-94 años;TOTAL;Mujeres;2022;4.998
11 Cádiz;90-94 años;TOTAL;Mujeres;2021;4.770
11 Cádiz;90-94 años;TOTAL;Mujeres;2020;4.512
11 Cádiz;90-94 años;TOTAL;Mujeres;2019;4.234
11 Cádiz;90-94 años;TOTAL;Mujeres;2018;4.018
11 Cádiz;95-99 años;TOTAL;Hombres;2022;376
11 Cádiz;95-99 años;TOTAL;Hombres;2021;365
11 Cádiz;95-99 años;TOTAL;Hombres;2020;313
11 Cádiz;95-99 años;TOTAL;Hombres;2019;284
11 Cádiz;95-99 años;TOTAL;Hombres;2018;291
11 Cádiz;95-99 años;TOTAL;Mujeres;2022;1.125
11 Cádiz;95-99 años;TOTAL;Mujeres;2021;1.113
11 Cádiz;95-99 años;TOTAL;Mujeres;2020;1.122
11 Cádiz;95-99 años;TOTAL;Mujeres;2019;1.002
11 Cádiz;95-99 años;TOTAL;Mujeres;2018;929
11 Cádiz;100 años y más;TOTAL;Hombres;2022;69
11 Cádiz;100 años y más;TOTAL;Hombres;2021;53
11 Cádiz;100 años y más;TOTAL;Hombres;2020;48
11 Cádiz;100 años y más;TOTAL;Hombres;2019;52
11 Cádiz;100 años y más;TOTAL;Hombres;2018;44
11 Cádiz;100 años y más;TOTAL;Mujeres;2022;227
11 Cádiz;100 años y más;TOTAL;Mujeres;2021;210
11 Cádiz;100 años y más;TOTAL;Mujeres;2020;197
11 Cádiz;100 años y más;TOTAL;Mujeres;2019;193
11 Cádiz;100 años y más;TOTAL;Mujeres;2018;173
39 Cantabria;0-4 años;TOTAL;Hombres;2022;9.632
39 Cantabria;0-4 años;TOTAL;Hombres;2021;10.146
39 Cantabria;0-4 años;TOTAL;Hombres;2020;10.547
39 Cantabria;0-4 años;TOTAL;Hombres;2019;10.997
39 Cantabria;0-4 años;TOTAL;Hombres;2018;11.438
39 Cantabria;0-4 años;TOTAL;Mujeres;2022;9.148
39 Cantabria;0-4 años;TOTAL;Mujeres;2021;9.603
39 Cantabria;0-4 años;TOTAL;Mujeres;2020;10.179
39 Cantabria;0-4 años;TOTAL;Mujeres;2019;10.602
39 Cantabria;0-4 años;TOTAL;Mujeres;2018;10.932
39 Cantabria;5-9 años;TOTAL;Hombres;2022;12.611
39 Cantabria;5-9 años;TOTAL;Hombres;2021;13.003
39 Cantabria;5-9 años;TOTAL;Hombres;2020;13.541
39 Cantabria;5-9 años;TOTAL;Hombres;2019;13.946
39 Cantabria;5-9 años;TOTAL;Hombres;2018;14.340
39 Cantabria;5-9 años;TOTAL;Mujeres;2022;12.014
39 Cantabria;5-9 años;TOTAL;Mujeres;2021;12.334
39 Cantabria;5-9 años;TOTAL;Mujeres;2020;12.646
39 Cantabria;5-9 años;TOTAL;Mujeres;2019;13.062
39 Cantabria;5-9 años;TOTAL;Mujeres;2018;13.517
39 Cantabria;10-14 años;TOTAL;Hombres;2022;14.925
39 Cantabria;10-14 años;TOTAL;Hombres;2021;14.886
39 Cantabria;10-14 años;TOTAL;Hombres;2020;14.804
39 Cantabria;10-14 años;TOTAL;Hombres;2019;14.498
39 Cantabria;10-14 años;TOTAL;Hombres;2018;14.142
39 Cantabria;10-14 años;TOTAL;Mujeres;2022;14.187
39 Cantabria;10-14 años;TOTAL;Mujeres;2021;14.196
39 Cantabria;10-14 años;TOTAL;Mujeres;2020;14.186
39 Cantabria;10-14 años;TOTAL;Mujeres;2019;14.001
39 Cantabria;10-14 años;TOTAL;Mujeres;2018;13.675
39 Cantabria;15-19 años;TOTAL;Hombres;2022;14.479
39 Cantabria;15-19 años;TOTAL;Hombres;2021;14.023
39 Cantabria;15-19 años;TOTAL;Hombres;2020;13.671
39 Cantabria;15-19 años;TOTAL;Hombres;2019;13.167
39 Cantabria;15-19 años;TOTAL;Hombres;2018;12.636
39 Cantabria;15-19 años;TOTAL;Mujeres;2022;13.863
39 Cantabria;15-19 años;TOTAL;Mujeres;2021;13.537
39 Cantabria;15-19 años;TOTAL;Mujeres;2020;13.167
39 Cantabria;15-19 años;TOTAL;Mujeres;2019;12.663
39 Cantabria;15-19 años;TOTAL;Mujeres;2018;12.180
39 Cantabria;20-24 años;TOTAL;Hombres;2022;13.222
39 Cantabria;20-24 años;TOTAL;Hombres;2021;12.994
39 Cantabria;20-24 años;TOTAL;Hombres;2020;12.670
39 Cantabria;20-24 años;TOTAL;Hombres;2019;12.357
39 Cantabria;20-24 años;TOTAL;Hombres;2018;12.351
39 Cantabria;20-24 años;TOTAL;Mujeres;2022;12.548
39 Cantabria;20-24 años;TOTAL;Mujeres;2021;12.249
39 Cantabria;20-24 años;TOTAL;Mujeres;2020;11.836
39 Cantabria;20-24 años;TOTAL;Mujeres;2019;11.525
39 Cantabria;20-24 años;TOTAL;Mujeres;2018;11.535
39 Cantabria;25-29 años;TOTAL;Hombres;2022;12.998
39 Cantabria;25-29 años;TOTAL;Hombres;2021;13.159
39 Cantabria;25-29 años;TOTAL;Hombres;2020;13.360
39 Cantabria;25-29 años;TOTAL;Hombres;2019;13.444
39 Cantabria;25-29 años;TOTAL;Hombres;2018;13.591
39 Cantabria;25-29 años;TOTAL;Mujeres;2022;12.284
39 Cantabria;25-29 años;TOTAL;Mujeres;2021;12.436
39 Cantabria;25-29 años;TOTAL;Mujeres;2020;12.639
39 Cantabria;25-29 años;TOTAL;Mujeres;2019;12.894
39 Cantabria;25-29 años;TOTAL;Mujeres;2018;13.254
39 Cantabria;30-34 años;TOTAL;Hombres;2022;14.388
39 Cantabria;30-34 años;TOTAL;Hombres;2021;14.697
39 Cantabria;30-34 años;TOTAL;Hombres;2020;15.048
39 Cantabria;30-34 años;TOTAL;Hombres;2019;15.802
39 Cantabria;30-34 años;TOTAL;Hombres;2018;16.517
39 Cantabria;30-34 años;TOTAL;Mujeres;2022;14.384
39 Cantabria;30-34 años;TOTAL;Mujeres;2021;14.805
39 Cantabria;30-34 años;TOTAL;Mujeres;2020;15.276
39 Cantabria;30-34 años;TOTAL;Mujeres;2019;15.819
39 Cantabria;30-34 años;TOTAL;Mujeres;2018;16.408
39 Cantabria;35-39 años;TOTAL;Hombres;2022;18.053
39 Cantabria;35-39 años;TOTAL;Hombres;2021;19.080
39 Cantabria;35-39 años;TOTAL;Hombres;2020;20.034
39 Cantabria;35-39 años;TOTAL;Hombres;2019;21.091
39 Cantabria;35-39 años;TOTAL;Hombres;2018;22.272
39 Cantabria;35-39 años;TOTAL;Mujeres;2022;18.284
39 Cantabria;35-39 años;TOTAL;Mujeres;2021;19.220
39 Cantabria;35-39 años;TOTAL;Mujeres;2020;20.115
39 Cantabria;35-39 años;TOTAL;Mujeres;2019;21.070
39 Cantabria;35-39 años;TOTAL;Mujeres;2018;22.133
39 Cantabria;40-44 años;TOTAL;Hombres;2022;23.847
39 Cantabria;40-44 años;TOTAL;Hombres;2021;24.524
39 Cantabria;40-44 años;TOTAL;Hombres;2020;24.895
39 Cantabria;40-44 años;TOTAL;Hombres;2019;25.033
39 Cantabria;40-44 años;TOTAL;Hombres;2018;24.890
39 Cantabria;40-44 años;TOTAL;Mujeres;2022;23.874
39 Cantabria;40-44 años;TOTAL;Mujeres;2021;24.643
39 Cantabria;40-44 años;TOTAL;Mujeres;2020;24.946
39 Cantabria;40-44 años;TOTAL;Mujeres;2019;24.892
39 Cantabria;40-44 años;TOTAL;Mujeres;2018;24.631
39 Cantabria;45-49 años;TOTAL;Hombres;2022;24.993
39 Cantabria;45-49 años;TOTAL;Hombres;2021;24.390
39 Cantabria;45-49 años;TOTAL;Hombres;2020;23.920
39 Cantabria;45-49 años;TOTAL;Hombres;2019;23.553
39 Cantabria;45-49 años;TOTAL;Hombres;2018;23.357
39 Cantabria;45-49 años;TOTAL;Mujeres;2022;25.127
39 Cantabria;45-49 años;TOTAL;Mujeres;2021;24.477
39 Cantabria;45-49 años;TOTAL;Mujeres;2020;24.008
39 Cantabria;45-49 años;TOTAL;Mujeres;2019;23.625
39 Cantabria;45-49 años;TOTAL;Mujeres;2018;23.261
39 Cantabria;50-54 años;TOTAL;Hombres;2022;23.340
39 Cantabria;50-54 años;TOTAL;Hombres;2021;23.261
39 Cantabria;50-54 años;TOTAL;Hombres;2020;22.888
39 Cantabria;50-54 años;TOTAL;Hombres;2019;22.644
39 Cantabria;50-54 años;TOTAL;Hombres;2018;22.414
39 Cantabria;50-54 años;TOTAL;Mujeres;2022;23.435
39 Cantabria;50-54 años;TOTAL;Mujeres;2021;23.374
39 Cantabria;50-54 años;TOTAL;Mujeres;2020;23.140
39 Cantabria;50-54 años;TOTAL;Mujeres;2019;22.933
39 Cantabria;50-54 años;TOTAL;Mujeres;2018;22.907
39 Cantabria;55-59 años;TOTAL;Hombres;2022;21.957
39 Cantabria;55-59 años;TOTAL;Hombres;2021;21.745
39 Cantabria;55-59 años;TOTAL;Hombres;2020;21.540
39 Cantabria;55-59 años;TOTAL;Hombres;2019;21.438
39 Cantabria;55-59 años;TOTAL;Hombres;2018;21.547
39 Cantabria;55-59 años;TOTAL;Mujeres;2022;22.943
39 Cantabria;55-59 años;TOTAL;Mujeres;2021;22.642
39 Cantabria;55-59 años;TOTAL;Mujeres;2020;22.396
39 Cantabria;55-59 años;TOTAL;Mujeres;2019;22.543
39 Cantabria;55-59 años;TOTAL;Mujeres;2018;22.371
39 Cantabria;60-64 años;TOTAL;Hombres;2022;21.215
39 Cantabria;60-64 años;TOTAL;Hombres;2021;20.931
39 Cantabria;60-64 años;TOTAL;Hombres;2020;20.482
39 Cantabria;60-64 años;TOTAL;Hombres;2019;19.799
39 Cantabria;60-64 años;TOTAL;Hombres;2018;19.068
39 Cantabria;60-64 años;TOTAL;Mujeres;2022;22.586
39 Cantabria;60-64 años;TOTAL;Mujeres;2021;22.136
39 Cantabria;60-64 años;TOTAL;Mujeres;2020;21.546
39 Cantabria;60-64 años;TOTAL;Mujeres;2019;20.780
39 Cantabria;60-64 años;TOTAL;Mujeres;2018;20.276
39 Cantabria;65-69 años;TOTAL;Hombres;2022;17.790
39 Cantabria;65-69 años;TOTAL;Hombres;2021;17.237
39 Cantabria;65-69 años;TOTAL;Hombres;2020;16.769
39 Cantabria;65-69 años;TOTAL;Hombres;2019;16.581
39 Cantabria;65-69 años;TOTAL;Hombres;2018;16.515
39 Cantabria;65-69 años;TOTAL;Mujeres;2022;19.444
39 Cantabria;65-69 años;TOTAL;Mujeres;2021;18.982
39 Cantabria;65-69 años;TOTAL;Mujeres;2020;18.548
39 Cantabria;65-69 años;TOTAL;Mujeres;2019;18.256
39 Cantabria;65-69 años;TOTAL;Mujeres;2018;18.039
39 Cantabria;70-74 años;TOTAL;Hombres;2022;15.060
39 Cantabria;70-74 años;TOTAL;Hombres;2021;14.720
39 Cantabria;70-74 años;TOTAL;Hombres;2020;14.194
39 Cantabria;70-74 años;TOTAL;Hombres;2019;13.696
39 Cantabria;70-74 años;TOTAL;Hombres;2018;13.070
39 Cantabria;70-74 años;TOTAL;Mujeres;2022;17.243
39 Cantabria;70-74 años;TOTAL;Mujeres;2021;16.862
39 Cantabria;70-74 años;TOTAL;Mujeres;2020;16.492
39 Cantabria;70-74 años;TOTAL;Mujeres;2019;15.897
39 Cantabria;70-74 años;TOTAL;Mujeres;2018;15.095
39 Cantabria;75-79 años;TOTAL;Hombres;2022;10.804
39 Cantabria;75-79 años;TOTAL;Hombres;2021;10.175
39 Cantabria;75-79 años;TOTAL;Hombres;2020;9.860
39 Cantabria;75-79 años;TOTAL;Hombres;2019;9.003
39 Cantabria;75-79 años;TOTAL;Hombres;2018;8.526
39 Cantabria;75-79 años;TOTAL;Mujeres;2022;13.696
39 Cantabria;75-79 años;TOTAL;Mujeres;2021;13.038
39 Cantabria;75-79 años;TOTAL;Mujeres;2020;12.520
39 Cantabria;75-79 años;TOTAL;Mujeres;2019;11.578
39 Cantabria;75-79 años;TOTAL;Mujeres;2018;11.033
39 Cantabria;80-84 años;TOTAL;Hombres;2022;6.652
39 Cantabria;80-84 años;TOTAL;Hombres;2021;6.809
39 Cantabria;80-84 años;TOTAL;Hombres;2020;6.899
39 Cantabria;80-84 años;TOTAL;Hombres;2019;7.506
39 Cantabria;80-84 años;TOTAL;Hombres;2018;7.792
39 Cantabria;80-84 años;TOTAL;Mujeres;2022;9.901
39 Cantabria;80-84 años;TOTAL;Mujeres;2021;10.224
39 Cantabria;80-84 años;TOTAL;Mujeres;2020;10.423
39 Cantabria;80-84 años;TOTAL;Mujeres;2019;11.231
39 Cantabria;80-84 años;TOTAL;Mujeres;2018;11.901
39 Cantabria;85-89 años;TOTAL;Hombres;2022;5.148
39 Cantabria;85-89 años;TOTAL;Hombres;2021;5.136
39 Cantabria;85-89 años;TOTAL;Hombres;2020;5.121
39 Cantabria;85-89 años;TOTAL;Hombres;2019;5.024
39 Cantabria;85-89 años;TOTAL;Hombres;2018;4.947
39 Cantabria;85-89 años;TOTAL;Mujeres;2022;9.582
39 Cantabria;85-89 años;TOTAL;Mujeres;2021;9.553
39 Cantabria;85-89 años;TOTAL;Mujeres;2020;9.691
39 Cantabria;85-89 años;TOTAL;Mujeres;2019;9.583
39 Cantabria;85-89 años;TOTAL;Mujeres;2018;9.447
39 Cantabria;90-94 años;TOTAL;Hombres;2022;2.127
39 Cantabria;90-94 años;TOTAL;Hombres;2021;2.023
39 Cantabria;90-94 años;TOTAL;Hombres;2020;1.909
39 Cantabria;90-94 años;TOTAL;Hombres;2019;1.814
39 Cantabria;90-94 años;TOTAL;Hombres;2018;1.764
39 Cantabria;90-94 años;TOTAL;Mujeres;2022;5.266
39 Cantabria;90-94 años;TOTAL;Mujeres;2021;5.095
39 Cantabria;90-94 años;TOTAL;Mujeres;2020;4.912
39 Cantabria;90-94 años;TOTAL;Mujeres;2019;4.783
39 Cantabria;90-94 años;TOTAL;Mujeres;2018;4.617
39 Cantabria;95-99 años;TOTAL;Hombres;2022;420
39 Cantabria;95-99 años;TOTAL;Hombres;2021;394
39 Cantabria;95-99 años;TOTAL;Hombres;2020;361
39 Cantabria;95-99 años;TOTAL;Hombres;2019;362
39 Cantabria;95-99 años;TOTAL;Hombres;2018;346
39 Cantabria;95-99 años;TOTAL;Mujeres;2022;1.614
39 Cantabria;95-99 años;TOTAL;Mujeres;2021;1.481
39 Cantabria;95-99 años;TOTAL;Mujeres;2020;1.458
39 Cantabria;95-99 años;TOTAL;Mujeres;2019;1.317
39 Cantabria;95-99 años;TOTAL;Mujeres;2018;1.234
39 Cantabria;100 años y más;TOTAL;Hombres;2022;57
39 Cantabria;100 años y más;TOTAL;Hombres;2021;45
39 Cantabria;100 años y más;TOTAL;Hombres;2020;46
39 Cantabria;100 años y más;TOTAL;Hombres;2019;46
39 Cantabria;100 años y más;TOTAL;Hombres;2018;41
39 Cantabria;100 años y más;TOTAL;Mujeres;2022;261
39 Cantabria;100 años y más;TOTAL;Mujeres;2021;242
39 Cantabria;100 años y más;TOTAL;Mujeres;2020;222
39 Cantabria;100 años y más;TOTAL;Mujeres;2019;223
39 Cantabria;100 años y más;TOTAL;Mujeres;2018;219
12 Castellón/Castelló;0-4 años;TOTAL;Hombres;2022;11.697
12 Castellón/Castelló;0-4 años;TOTAL;Hombres;2021;12.183
12 Castellón/Castelló;0-4 años;TOTAL;Hombres;2020;12.820
12 Castellón/Castelló;0-4 años;TOTAL;Hombres;2019;13.176
12 Castellón/Castelló;0-4 años;TOTAL;Hombres;2018;13.479
12 Castellón/Castelló;0-4 años;TOTAL;Mujeres;2022;10.930
12 Castellón/Castelló;0-4 años;TOTAL;Mujeres;2021;11.485
12 Castellón/Castelló;0-4 años;TOTAL;Mujeres;2020;11.999
12 Castellón/Castelló;0-4 años;TOTAL;Mujeres;2019;12.255
12 Castellón/Castelló;0-4 años;TOTAL;Mujeres;2018;12.580
12 Castellón/Castelló;5-9 años;TOTAL;Hombres;2022;14.705
12 Castellón/Castelló;5-9 años;TOTAL;Hombres;2021;14.898
12 Castellón/Castelló;5-9 años;TOTAL;Hombres;2020;15.185
12 Castellón/Castelló;5-9 años;TOTAL;Hombres;2019;15.326
12 Castellón/Castelló;5-9 años;TOTAL;Hombres;2018;15.915
12 Castellón/Castelló;5-9 años;TOTAL;Mujeres;2022;13.921
12 Castellón/Castelló;5-9 años;TOTAL;Mujeres;2021;13.878
12 Castellón/Castelló;5-9 años;TOTAL;Mujeres;2020;14.185
12 Castellón/Castelló;5-9 años;TOTAL;Mujeres;2019;14.408
12 Castellón/Castelló;5-9 años;TOTAL;Mujeres;2018;14.798
12 Castellón/Castelló;10-14 años;TOTAL;Hombres;2022;16.839
12 Castellón/Castelló;10-14 años;TOTAL;Hombres;2021;16.832
12 Castellón/Castelló;10-14 años;TOTAL;Hombres;2020;16.702
12 Castellón/Castelló;10-14 años;TOTAL;Hombres;2019;16.424
12 Castellón/Castelló;10-14 años;TOTAL;Hombres;2018;15.794
12 Castellón/Castelló;10-14 años;TOTAL;Mujeres;2022;15.532
12 Castellón/Castelló;10-14 años;TOTAL;Mujeres;2021;15.644
12 Castellón/Castelló;10-14 años;TOTAL;Mujeres;2020;15.594
12 Castellón/Castelló;10-14 años;TOTAL;Mujeres;2019;15.369
12 Castellón/Castelló;10-14 años;TOTAL;Mujeres;2018;15.024
12 Castellón/Castelló;15-19 años;TOTAL;Hombres;2022;16.160
12 Castellón/Castelló;15-19 años;TOTAL;Hombres;2021;15.543
12 Castellón/Castelló;15-19 años;TOTAL;Hombres;2020;15.319
12 Castellón/Castelló;15-19 años;TOTAL;Hombres;2019;14.887
12 Castellón/Castelló;15-19 años;TOTAL;Hombres;2018;14.434
12 Castellón/Castelló;15-19 años;TOTAL;Mujeres;2022;15.238
12 Castellón/Castelló;15-19 años;TOTAL;Mujeres;2021;14.723
12 Castellón/Castelló;15-19 años;TOTAL;Mujeres;2020;14.445
12 Castellón/Castelló;15-19 años;TOTAL;Mujeres;2019;14.124
12 Castellón/Castelló;15-19 años;TOTAL;Mujeres;2018;13.832
12 Castellón/Castelló;20-24 años;TOTAL;Hombres;2022;15.230
12 Castellón/Castelló;20-24 años;TOTAL;Hombres;2021;14.862
12 Castellón/Castelló;20-24 años;TOTAL;Hombres;2020;14.740
12 Castellón/Castelló;20-24 años;TOTAL;Hombres;2019;14.446
12 Castellón/Castelló;20-24 años;TOTAL;Hombres;2018;14.275
12 Castellón/Castelló;20-24 años;TOTAL;Mujeres;2022;14.450
12 Castellón/Castelló;20-24 años;TOTAL;Mujeres;2021;14.141
12 Castellón/Castelló;20-24 años;TOTAL;Mujeres;2020;13.910
12 Castellón/Castelló;20-24 años;TOTAL;Mujeres;2019;13.612
12 Castellón/Castelló;20-24 años;TOTAL;Mujeres;2018;13.500
12 Castellón/Castelló;25-29 años;TOTAL;Hombres;2022;15.273
12 Castellón/Castelló;25-29 años;TOTAL;Hombres;2021;15.133
12 Castellón/Castelló;25-29 años;TOTAL;Hombres;2020;15.137
12 Castellón/Castelló;25-29 años;TOTAL;Hombres;2019;15.003
12 Castellón/Castelló;25-29 años;TOTAL;Hombres;2018;14.799
12 Castellón/Castelló;25-29 años;TOTAL;Mujeres;2022;14.387
12 Castellón/Castelló;25-29 años;TOTAL;Mujeres;2021;14.399
12 Castellón/Castelló;25-29 años;TOTAL;Mujeres;2020;14.568
12 Castellón/Castelló;25-29 años;TOTAL;Mujeres;2019;14.580
12 Castellón/Castelló;25-29 años;TOTAL;Mujeres;2018;14.771
12 Castellón/Castelló;30-34 años;TOTAL;Hombres;2022;16.091
12 Castellón/Castelló;30-34 años;TOTAL;Hombres;2021;16.310
12 Castellón/Castelló;30-34 años;TOTAL;Hombres;2020;16.562
12 Castellón/Castelló;30-34 años;TOTAL;Hombres;2019;16.786
12 Castellón/Castelló;30-34 años;TOTAL;Hombres;2018;17.237
12 Castellón/Castelló;30-34 años;TOTAL;Mujeres;2022;16.128
12 Castellón/Castelló;30-34 años;TOTAL;Mujeres;2021;16.256
12 Castellón/Castelló;30-34 años;TOTAL;Mujeres;2020;16.549
12 Castellón/Castelló;30-34 años;TOTAL;Mujeres;2019;16.715
12 Castellón/Castelló;30-34 años;TOTAL;Mujeres;2018;17.097
12 Castellón/Castelló;35-39 años;TOTAL;Hombres;2022;18.878
12 Castellón/Castelló;35-39 años;TOTAL;Hombres;2021;19.701
12 Castellón/Castelló;35-39 años;TOTAL;Hombres;2020;20.777
12 Castellón/Castelló;35-39 años;TOTAL;Hombres;2019;21.636
12 Castellón/Castelló;35-39 años;TOTAL;Hombres;2018;22.991
12 Castellón/Castelló;35-39 años;TOTAL;Mujeres;2022;18.823
12 Castellón/Castelló;35-39 años;TOTAL;Mujeres;2021;19.530
12 Castellón/Castelló;35-39 años;TOTAL;Mujeres;2020;20.468
12 Castellón/Castelló;35-39 años;TOTAL;Mujeres;2019;21.357
12 Castellón/Castelló;35-39 años;TOTAL;Mujeres;2018;22.443
12 Castellón/Castelló;40-44 años;TOTAL;Hombres;2022;24.819
12 Castellón/Castelló;40-44 años;TOTAL;Hombres;2021;25.750
12 Castellón/Castelló;40-44 años;TOTAL;Hombres;2020;26.208
12 Castellón/Castelló;40-44 años;TOTAL;Hombres;2019;26.273
12 Castellón/Castelló;40-44 años;TOTAL;Hombres;2018;26.072
12 Castellón/Castelló;40-44 años;TOTAL;Mujeres;2022;24.117
12 Castellón/Castelló;40-44 años;TOTAL;Mujeres;2021;24.698
12 Castellón/Castelló;40-44 años;TOTAL;Mujeres;2020;24.998
12 Castellón/Castelló;40-44 años;TOTAL;Mujeres;2019;24.820
12 Castellón/Castelló;40-44 años;TOTAL;Mujeres;2018;24.539
12 Castellón/Castelló;45-49 años;TOTAL;Hombres;2022;26.045
12 Castellón/Castelló;45-49 años;TOTAL;Hombres;2021;25.480
12 Castellón/Castelló;45-49 años;TOTAL;Hombres;2020;25.046
12 Castellón/Castelló;45-49 años;TOTAL;Hombres;2019;24.561
12 Castellón/Castelló;45-49 años;TOTAL;Hombres;2018;24.254
12 Castellón/Castelló;45-49 años;TOTAL;Mujeres;2022;24.752
12 Castellón/Castelló;45-49 años;TOTAL;Mujeres;2021;24.083
12 Castellón/Castelló;45-49 años;TOTAL;Mujeres;2020;23.676
12 Castellón/Castelló;45-49 años;TOTAL;Mujeres;2019;23.321
12 Castellón/Castelló;45-49 años;TOTAL;Mujeres;2018;23.209
12 Castellón/Castelló;50-54 años;TOTAL;Hombres;2022;24.343
12 Castellón/Castelló;50-54 años;TOTAL;Hombres;2021;23.911
12 Castellón/Castelló;50-54 años;TOTAL;Hombres;2020;23.674
12 Castellón/Castelló;50-54 años;TOTAL;Hombres;2019;23.100
12 Castellón/Castelló;50-54 años;TOTAL;Hombres;2018;22.654
12 Castellón/Castelló;50-54 años;TOTAL;Mujeres;2022;23.561
12 Castellón/Castelló;50-54 años;TOTAL;Mujeres;2021;23.275
12 Castellón/Castelló;50-54 años;TOTAL;Mujeres;2020;22.827
12 Castellón/Castelló;50-54 años;TOTAL;Mujeres;2019;22.298
12 Castellón/Castelló;50-54 años;TOTAL;Mujeres;2018;21.643
12 Castellón/Castelló;55-59 años;TOTAL;Hombres;2022;21.727
12 Castellón/Castelló;55-59 años;TOTAL;Hombres;2021;21.087
12 Castellón/Castelló;55-59 años;TOTAL;Hombres;2020;20.541
12 Castellón/Castelló;55-59 años;TOTAL;Hombres;2019;20.168
12 Castellón/Castelló;55-59 años;TOTAL;Hombres;2018;19.672
12 Castellón/Castelló;55-59 años;TOTAL;Mujeres;2022;21.391
12 Castellón/Castelló;55-59 años;TOTAL;Mujeres;2021;20.836
12 Castellón/Castelló;55-59 años;TOTAL;Mujeres;2020;20.676
12 Castellón/Castelló;55-59 años;TOTAL;Mujeres;2019;20.032
12 Castellón/Castelló;55-59 años;TOTAL;Mujeres;2018;19.632
12 Castellón/Castelló;60-64 años;TOTAL;Hombres;2022;19.014
12 Castellón/Castelló;60-64 años;TOTAL;Hombres;2021;18.414
12 Castellón/Castelló;60-64 años;TOTAL;Hombres;2020;17.682
12 Castellón/Castelló;60-64 años;TOTAL;Hombres;2019;16.851
12 Castellón/Castelló;60-64 años;TOTAL;Hombres;2018;16.084
12 Castellón/Castelló;60-64 años;TOTAL;Mujeres;2022;19.400
12 Castellón/Castelló;60-64 años;TOTAL;Mujeres;2021;18.756
12 Castellón/Castelló;60-64 años;TOTAL;Mujeres;2020;17.990
12 Castellón/Castelló;60-64 años;TOTAL;Mujeres;2019;17.221
12 Castellón/Castelló;60-64 años;TOTAL;Mujeres;2018;16.562
12 Castellón/Castelló;65-69 años;TOTAL;Hombres;2022;15.221
12 Castellón/Castelló;65-69 años;TOTAL;Hombres;2021;14.847
12 Castellón/Castelló;65-69 años;TOTAL;Hombres;2020;14.448
12 Castellón/Castelló;65-69 años;TOTAL;Hombres;2019;14.337
12 Castellón/Castelló;65-69 años;TOTAL;Hombres;2018;14.476
12 Castellón/Castelló;65-69 años;TOTAL;Mujeres;2022;16.301
12 Castellón/Castelló;65-69 años;TOTAL;Mujeres;2021;16.125
12 Castellón/Castelló;65-69 años;TOTAL;Mujeres;2020;15.565
12 Castellón/Castelló;65-69 años;TOTAL;Mujeres;2019;15.436
12 Castellón/Castelló;65-69 años;TOTAL;Mujeres;2018;15.503
12 Castellón/Castelló;70-74 años;TOTAL;Hombres;2022;13.321
12 Castellón/Castelló;70-74 años;TOTAL;Hombres;2021;13.127
12 Castellón/Castelló;70-74 años;TOTAL;Hombres;2020;13.095
12 Castellón/Castelló;70-74 años;TOTAL;Hombres;2019;12.808
12 Castellón/Castelló;70-74 años;TOTAL;Hombres;2018;12.321
12 Castellón/Castelló;70-74 años;TOTAL;Mujeres;2022;14.740
12 Castellón/Castelló;70-74 años;TOTAL;Mujeres;2021;14.470
12 Castellón/Castelló;70-74 años;TOTAL;Mujeres;2020;14.418
12 Castellón/Castelló;70-74 años;TOTAL;Mujeres;2019;14.112
12 Castellón/Castelló;70-74 años;TOTAL;Mujeres;2018;13.715
12 Castellón/Castelló;75-79 años;TOTAL;Hombres;2022;10.293
12 Castellón/Castelló;75-79 años;TOTAL;Hombres;2021;9.925
12 Castellón/Castelló;75-79 años;TOTAL;Hombres;2020;9.919
12 Castellón/Castelló;75-79 años;TOTAL;Hombres;2019;9.092
12 Castellón/Castelló;75-79 años;TOTAL;Hombres;2018;8.545
12 Castellón/Castelló;75-79 años;TOTAL;Mujeres;2022;12.545
12 Castellón/Castelló;75-79 años;TOTAL;Mujeres;2021;12.063
12 Castellón/Castelló;75-79 años;TOTAL;Mujeres;2020;12.186
12 Castellón/Castelló;75-79 años;TOTAL;Mujeres;2019;11.149
12 Castellón/Castelló;75-79 años;TOTAL;Mujeres;2018;10.419
12 Castellón/Castelló;80-84 años;TOTAL;Hombres;2022;6.652
12 Castellón/Castelló;80-84 años;TOTAL;Hombres;2021;6.718
12 Castellón/Castelló;80-84 años;TOTAL;Hombres;2020;6.349
12 Castellón/Castelló;80-84 años;TOTAL;Hombres;2019;6.861
12 Castellón/Castelló;80-84 años;TOTAL;Hombres;2018;7.247
12 Castellón/Castelló;80-84 años;TOTAL;Mujeres;2022;9.163
12 Castellón/Castelló;80-84 años;TOTAL;Mujeres;2021;9.272
12 Castellón/Castelló;80-84 años;TOTAL;Mujeres;2020;8.828
12 Castellón/Castelló;80-84 años;TOTAL;Mujeres;2019;9.596
12 Castellón/Castelló;80-84 años;TOTAL;Mujeres;2018;10.123
12 Castellón/Castelló;85-89 años;TOTAL;Hombres;2022;4.618
12 Castellón/Castelló;85-89 años;TOTAL;Hombres;2021;4.619
12 Castellón/Castelló;85-89 años;TOTAL;Hombres;2020;4.601
12 Castellón/Castelló;85-89 años;TOTAL;Hombres;2019;4.461
12 Castellón/Castelló;85-89 años;TOTAL;Hombres;2018;4.293
12 Castellón/Castelló;85-89 años;TOTAL;Mujeres;2022;7.406
12 Castellón/Castelló;85-89 años;TOTAL;Mujeres;2021;7.337
12 Castellón/Castelló;85-89 años;TOTAL;Mujeres;2020;7.435
12 Castellón/Castelló;85-89 años;TOTAL;Mujeres;2019;7.239
12 Castellón/Castelló;85-89 años;TOTAL;Mujeres;2018;7.059
12 Castellón/Castelló;90-94 años;TOTAL;Hombres;2022;1.763
12 Castellón/Castelló;90-94 años;TOTAL;Hombres;2021;1.683
12 Castellón/Castelló;90-94 años;TOTAL;Hombres;2020;1.642
12 Castellón/Castelló;90-94 años;TOTAL;Hombres;2019;1.577
12 Castellón/Castelló;90-94 años;TOTAL;Hombres;2018;1.495
12 Castellón/Castelló;90-94 años;TOTAL;Mujeres;2022;3.619
12 Castellón/Castelló;90-94 años;TOTAL;Mujeres;2021;3.625
12 Castellón/Castelló;90-94 años;TOTAL;Mujeres;2020;3.478
12 Castellón/Castelló;90-94 años;TOTAL;Mujeres;2019;3.271
12 Castellón/Castelló;90-94 años;TOTAL;Mujeres;2018;3.160
12 Castellón/Castelló;95-99 años;TOTAL;Hombres;2022;363
12 Castellón/Castelló;95-99 años;TOTAL;Hombres;2021;346
12 Castellón/Castelló;95-99 años;TOTAL;Hombres;2020;315
12 Castellón/Castelló;95-99 años;TOTAL;Hombres;2019;272
12 Castellón/Castelló;95-99 años;TOTAL;Hombres;2018;286
12 Castellón/Castelló;95-99 años;TOTAL;Mujeres;2022;988
12 Castellón/Castelló;95-99 años;TOTAL;Mujeres;2021;921
12 Castellón/Castelló;95-99 años;TOTAL;Mujeres;2020;868
12 Castellón/Castelló;95-99 años;TOTAL;Mujeres;2019;845
12 Castellón/Castelló;95-99 años;TOTAL;Mujeres;2018;797
12 Castellón/Castelló;100 años y más;TOTAL;Hombres;2022;42
12 Castellón/Castelló;100 años y más;TOTAL;Hombres;2021;46
12 Castellón/Castelló;100 años y más;TOTAL;Hombres;2020;37
12 Castellón/Castelló;100 años y más;TOTAL;Hombres;2019;32
12 Castellón/Castelló;100 años y más;TOTAL;Hombres;2018;36
12 Castellón/Castelló;100 años y más;TOTAL;Mujeres;2022;130
12 Castellón/Castelló;100 años y más;TOTAL;Mujeres;2021;132
12 Castellón/Castelló;100 años y más;TOTAL;Mujeres;2020;128
12 Castellón/Castelló;100 años y más;TOTAL;Mujeres;2019;125
12 Castellón/Castelló;100 años y más;TOTAL;Mujeres;2018;133
13 Ciudad Real;0-4 años;TOTAL;Hombres;2022;9.477
13 Ciudad Real;0-4 años;TOTAL;Hombres;2021;9.869
13 Ciudad Real;0-4 años;TOTAL;Hombres;2020;10.255
13 Ciudad Real;0-4 años;TOTAL;Hombres;2019;10.469
13 Ciudad Real;0-4 años;TOTAL;Hombres;2018;10.858
13 Ciudad Real;0-4 años;TOTAL;Mujeres;2022;8.781
13 Ciudad Real;0-4 años;TOTAL;Mujeres;2021;9.182
13 Ciudad Real;0-4 años;TOTAL;Mujeres;2020;9.625
13 Ciudad Real;0-4 años;TOTAL;Mujeres;2019;9.890
13 Ciudad Real;0-4 años;TOTAL;Mujeres;2018;10.280
13 Ciudad Real;5-9 años;TOTAL;Hombres;2022;11.399
13 Ciudad Real;5-9 años;TOTAL;Hombres;2021;11.653
13 Ciudad Real;5-9 años;TOTAL;Hombres;2020;11.942
13 Ciudad Real;5-9 años;TOTAL;Hombres;2019;12.305
13 Ciudad Real;5-9 años;TOTAL;Hombres;2018;12.770
13 Ciudad Real;5-9 años;TOTAL;Mujeres;2022;11.049
13 Ciudad Real;5-9 años;TOTAL;Mujeres;2021;11.265
13 Ciudad Real;5-9 años;TOTAL;Mujeres;2020;11.517
13 Ciudad Real;5-9 años;TOTAL;Mujeres;2019;11.876
13 Ciudad Real;5-9 años;TOTAL;Mujeres;2018;12.332
13 Ciudad Real;10-14 años;TOTAL;Hombres;2022;12.994
13 Ciudad Real;10-14 años;TOTAL;Hombres;2021;13.176
13 Ciudad Real;10-14 años;TOTAL;Hombres;2020;13.305
13 Ciudad Real;10-14 años;TOTAL;Hombres;2019;13.296
13 Ciudad Real;10-14 años;TOTAL;Hombres;2018;13.067
13 Ciudad Real;10-14 años;TOTAL;Mujeres;2022;12.530
13 Ciudad Real;10-14 años;TOTAL;Mujeres;2021;12.673
13 Ciudad Real;10-14 años;TOTAL;Mujeres;2020;12.630
13 Ciudad Real;10-14 años;TOTAL;Mujeres;2019;12.528
13 Ciudad Real;10-14 años;TOTAL;Mujeres;2018;12.288
13 Ciudad Real;15-19 años;TOTAL;Hombres;2022;13.193
13 Ciudad Real;15-19 años;TOTAL;Hombres;2021;12.948
13 Ciudad Real;15-19 años;TOTAL;Hombres;2020;12.964
13 Ciudad Real;15-19 años;TOTAL;Hombres;2019;12.774
13 Ciudad Real;15-19 años;TOTAL;Hombres;2018;12.932
13 Ciudad Real;15-19 años;TOTAL;Mujeres;2022;12.066
13 Ciudad Real;15-19 años;TOTAL;Mujeres;2021;11.962
13 Ciudad Real;15-19 años;TOTAL;Mujeres;2020;11.895
13 Ciudad Real;15-19 años;TOTAL;Mujeres;2019;12.005
13 Ciudad Real;15-19 años;TOTAL;Mujeres;2018;12.055
13 Ciudad Real;20-24 años;TOTAL;Hombres;2022;13.566
13 Ciudad Real;20-24 años;TOTAL;Hombres;2021;13.638
13 Ciudad Real;20-24 años;TOTAL;Hombres;2020;13.695
13 Ciudad Real;20-24 años;TOTAL;Hombres;2019;13.901
13 Ciudad Real;20-24 años;TOTAL;Hombres;2018;14.353
13 Ciudad Real;20-24 años;TOTAL;Mujeres;2022;12.533
13 Ciudad Real;20-24 años;TOTAL;Mujeres;2021;12.758
13 Ciudad Real;20-24 años;TOTAL;Mujeres;2020;12.930
13 Ciudad Real;20-24 años;TOTAL;Mujeres;2019;12.958
13 Ciudad Real;20-24 años;TOTAL;Mujeres;2018;13.481
13 Ciudad Real;25-29 años;TOTAL;Hombres;2022;14.371
13 Ciudad Real;25-29 años;TOTAL;Hombres;2021;14.674
13 Ciudad Real;25-29 años;TOTAL;Hombres;2020;14.753
13 Ciudad Real;25-29 años;TOTAL;Hombres;2019;14.874
13 Ciudad Real;25-29 años;TOTAL;Hombres;2018;15.204
13 Ciudad Real;25-29 años;TOTAL;Mujeres;2022;13.126
13 Ciudad Real;25-29 años;TOTAL;Mujeres;2021;13.383
13 Ciudad Real;25-29 años;TOTAL;Mujeres;2020;13.531
13 Ciudad Real;25-29 años;TOTAL;Mujeres;2019;14.002
13 Ciudad Real;25-29 años;TOTAL;Mujeres;2018;14.389
13 Ciudad Real;30-34 años;TOTAL;Hombres;2022;14.853
13 Ciudad Real;30-34 años;TOTAL;Hombres;2021;15.060
13 Ciudad Real;30-34 años;TOTAL;Hombres;2020;15.135
13 Ciudad Real;30-34 años;TOTAL;Hombres;2019;15.488
13 Ciudad Real;30-34 años;TOTAL;Hombres;2018;15.964
13 Ciudad Real;30-34 años;TOTAL;Mujeres;2022;13.976
13 Ciudad Real;30-34 años;TOTAL;Mujeres;2021;14.229
13 Ciudad Real;30-34 años;TOTAL;Mujeres;2020;14.380
13 Ciudad Real;30-34 años;TOTAL;Mujeres;2019;14.572
13 Ciudad Real;30-34 años;TOTAL;Mujeres;2018;15.016
13 Ciudad Real;35-39 años;TOTAL;Hombres;2022;16.160
13 Ciudad Real;35-39 años;TOTAL;Hombres;2021;16.713
13 Ciudad Real;35-39 años;TOTAL;Hombres;2020;17.324
13 Ciudad Real;35-39 años;TOTAL;Hombres;2019;17.687
13 Ciudad Real;35-39 años;TOTAL;Hombres;2018;18.481
13 Ciudad Real;35-39 años;TOTAL;Mujeres;2022;15.038
13 Ciudad Real;35-39 años;TOTAL;Mujeres;2021;15.456
13 Ciudad Real;35-39 años;TOTAL;Mujeres;2020;16.006
13 Ciudad Real;35-39 años;TOTAL;Mujeres;2019;16.678
13 Ciudad Real;35-39 años;TOTAL;Mujeres;2018;17.239
13 Ciudad Real;40-44 años;TOTAL;Hombres;2022;18.715
13 Ciudad Real;40-44 años;TOTAL;Hombres;2021;19.003
13 Ciudad Real;40-44 años;TOTAL;Hombres;2020;19.120
13 Ciudad Real;40-44 años;TOTAL;Hombres;2019;19.218
13 Ciudad Real;40-44 años;TOTAL;Hombres;2018;19.324
13 Ciudad Real;40-44 años;TOTAL;Mujeres;2022;17.538
13 Ciudad Real;40-44 años;TOTAL;Mujeres;2021;17.966
13 Ciudad Real;40-44 años;TOTAL;Mujeres;2020;18.214
13 Ciudad Real;40-44 años;TOTAL;Mujeres;2019;18.237
13 Ciudad Real;40-44 años;TOTAL;Mujeres;2018;18.361
13 Ciudad Real;45-49 años;TOTAL;Hombres;2022;18.930
13 Ciudad Real;45-49 años;TOTAL;Hombres;2021;18.828
13 Ciudad Real;45-49 años;TOTAL;Hombres;2020;18.750
13 Ciudad Real;45-49 años;TOTAL;Hombres;2019;18.763
13 Ciudad Real;45-49 años;TOTAL;Hombres;2018;19.112
13 Ciudad Real;45-49 años;TOTAL;Mujeres;2022;18.515
13 Ciudad Real;45-49 años;TOTAL;Mujeres;2021;18.462
13 Ciudad Real;45-49 años;TOTAL;Mujeres;2020;18.558
13 Ciudad Real;45-49 años;TOTAL;Mujeres;2019;18.731
13 Ciudad Real;45-49 años;TOTAL;Mujeres;2018;18.975
13 Ciudad Real;50-54 años;TOTAL;Hombres;2022;18.936
13 Ciudad Real;50-54 años;TOTAL;Hombres;2021;19.279
13 Ciudad Real;50-54 años;TOTAL;Hombres;2020;19.587
13 Ciudad Real;50-54 años;TOTAL;Hombres;2019;19.894
13 Ciudad Real;50-54 años;TOTAL;Hombres;2018;19.923
13 Ciudad Real;50-54 años;TOTAL;Mujeres;2022;19.074
13 Ciudad Real;50-54 años;TOTAL;Mujeres;2021;19.123
13 Ciudad Real;50-54 años;TOTAL;Mujeres;2020;19.185
13 Ciudad Real;50-54 años;TOTAL;Mujeres;2019;19.371
13 Ciudad Real;50-54 años;TOTAL;Mujeres;2018;19.332
13 Ciudad Real;55-59 años;TOTAL;Hombres;2022;19.304
13 Ciudad Real;55-59 años;TOTAL;Hombres;2021;19.198
13 Ciudad Real;55-59 años;TOTAL;Hombres;2020;19.000
13 Ciudad Real;55-59 años;TOTAL;Hombres;2019;18.527
13 Ciudad Real;55-59 años;TOTAL;Hombres;2018;18.268
13 Ciudad Real;55-59 años;TOTAL;Mujeres;2022;18.816
13 Ciudad Real;55-59 años;TOTAL;Mujeres;2021;18.898
13 Ciudad Real;55-59 años;TOTAL;Mujeres;2020;18.800
13 Ciudad Real;55-59 años;TOTAL;Mujeres;2019;18.357
13 Ciudad Real;55-59 años;TOTAL;Mujeres;2018;18.020
13 Ciudad Real;60-64 años;TOTAL;Hombres;2022;17.208
13 Ciudad Real;60-64 años;TOTAL;Hombres;2021;16.409
13 Ciudad Real;60-64 años;TOTAL;Hombres;2020;15.481
13 Ciudad Real;60-64 años;TOTAL;Hombres;2019;14.504
13 Ciudad Real;60-64 años;TOTAL;Hombres;2018;13.718
13 Ciudad Real;60-64 años;TOTAL;Mujeres;2022;17.623
13 Ciudad Real;60-64 años;TOTAL;Mujeres;2021;16.768
13 Ciudad Real;60-64 años;TOTAL;Mujeres;2020;15.767
13 Ciudad Real;60-64 años;TOTAL;Mujeres;2019;14.751
13 Ciudad Real;60-64 años;TOTAL;Mujeres;2018;14.065
13 Ciudad Real;65-69 años;TOTAL;Hombres;2022;12.639
13 Ciudad Real;65-69 años;TOTAL;Hombres;2021;12.198
13 Ciudad Real;65-69 años;TOTAL;Hombres;2020;11.965
13 Ciudad Real;65-69 años;TOTAL;Hombres;2019;11.867
13 Ciudad Real;65-69 años;TOTAL;Hombres;2018;11.796
13 Ciudad Real;65-69 años;TOTAL;Mujeres;2022;13.350
13 Ciudad Real;65-69 años;TOTAL;Mujeres;2021;12.803
13 Ciudad Real;65-69 años;TOTAL;Mujeres;2020;12.644
13 Ciudad Real;65-69 años;TOTAL;Mujeres;2019;12.618
13 Ciudad Real;65-69 años;TOTAL;Mujeres;2018;12.844
13 Ciudad Real;70-74 años;TOTAL;Hombres;2022;10.505
13 Ciudad Real;70-74 años;TOTAL;Hombres;2021;10.392
13 Ciudad Real;70-74 años;TOTAL;Hombres;2020;10.324
13 Ciudad Real;70-74 años;TOTAL;Hombres;2019;10.119
13 Ciudad Real;70-74 años;TOTAL;Hombres;2018;9.942
13 Ciudad Real;70-74 años;TOTAL;Mujeres;2022;12.273
13 Ciudad Real;70-74 años;TOTAL;Mujeres;2021;12.099
13 Ciudad Real;70-74 años;TOTAL;Mujeres;2020;12.227
13 Ciudad Real;70-74 años;TOTAL;Mujeres;2019;12.132
13 Ciudad Real;70-74 años;TOTAL;Mujeres;2018;11.756
13 Ciudad Real;75-79 años;TOTAL;Hombres;2022;8.242
13 Ciudad Real;75-79 años;TOTAL;Hombres;2021;7.929
13 Ciudad Real;75-79 años;TOTAL;Hombres;2020;8.319
13 Ciudad Real;75-79 años;TOTAL;Hombres;2019;7.655
13 Ciudad Real;75-79 años;TOTAL;Hombres;2018;7.197
13 Ciudad Real;75-79 años;TOTAL;Mujeres;2022;10.590
13 Ciudad Real;75-79 años;TOTAL;Mujeres;2021;10.229
13 Ciudad Real;75-79 años;TOTAL;Mujeres;2020;10.758
13 Ciudad Real;75-79 años;TOTAL;Mujeres;2019;9.974
13 Ciudad Real;75-79 años;TOTAL;Mujeres;2018;9.702
13 Ciudad Real;80-84 años;TOTAL;Hombres;2022;5.640
13 Ciudad Real;80-84 años;TOTAL;Hombres;2021;6.019
13 Ciudad Real;80-84 años;TOTAL;Hombres;2020;5.818
13 Ciudad Real;80-84 años;TOTAL;Hombres;2019;6.507
13 Ciudad Real;80-84 años;TOTAL;Hombres;2018;6.958
13 Ciudad Real;80-84 años;TOTAL;Mujeres;2022;8.612
13 Ciudad Real;80-84 años;TOTAL;Mujeres;2021;9.374
13 Ciudad Real;80-84 años;TOTAL;Mujeres;2020;9.152
13 Ciudad Real;80-84 años;TOTAL;Mujeres;2019;10.030
13 Ciudad Real;80-84 años;TOTAL;Mujeres;2018;10.551
13 Ciudad Real;85-89 años;TOTAL;Hombres;2022;4.337
13 Ciudad Real;85-89 años;TOTAL;Hombres;2021;4.438
13 Ciudad Real;85-89 años;TOTAL;Hombres;2020;4.792
13 Ciudad Real;85-89 años;TOTAL;Hombres;2019;4.875
13 Ciudad Real;85-89 años;TOTAL;Hombres;2018;4.795
13 Ciudad Real;85-89 años;TOTAL;Mujeres;2022;7.567
13 Ciudad Real;85-89 años;TOTAL;Mujeres;2021;7.542
13 Ciudad Real;85-89 años;TOTAL;Mujeres;2020;7.778
13 Ciudad Real;85-89 años;TOTAL;Mujeres;2019;7.723
13 Ciudad Real;85-89 años;TOTAL;Mujeres;2018;7.554
13 Ciudad Real;90-94 años;TOTAL;Hombres;2022;2.011
13 Ciudad Real;90-94 años;TOTAL;Hombres;2021;1.939
13 Ciudad Real;90-94 años;TOTAL;Hombres;2020;1.906
13 Ciudad Real;90-94 años;TOTAL;Hombres;2019;1.775
13 Ciudad Real;90-94 años;TOTAL;Hombres;2018;1.662
13 Ciudad Real;90-94 años;TOTAL;Mujeres;2022;3.722
13 Ciudad Real;90-94 años;TOTAL;Mujeres;2021;3.595
13 Ciudad Real;90-94 años;TOTAL;Mujeres;2020;3.570
13 Ciudad Real;90-94 años;TOTAL;Mujeres;2019;3.464
13 Ciudad Real;90-94 años;TOTAL;Mujeres;2018;3.311
13 Ciudad Real;95-99 años;TOTAL;Hombres;2022;391
13 Ciudad Real;95-99 años;TOTAL;Hombres;2021;365
13 Ciudad Real;95-99 años;TOTAL;Hombres;2020;370
13 Ciudad Real;95-99 años;TOTAL;Hombres;2019;348
13 Ciudad Real;95-99 años;TOTAL;Hombres;2018;295
13 Ciudad Real;95-99 años;TOTAL;Mujeres;2022;953
13 Ciudad Real;95-99 años;TOTAL;Mujeres;2021;917
13 Ciudad Real;95-99 años;TOTAL;Mujeres;2020;900
13 Ciudad Real;95-99 años;TOTAL;Mujeres;2019;858
13 Ciudad Real;95-99 años;TOTAL;Mujeres;2018;766
13 Ciudad Real;100 años y más;TOTAL;Hombres;2022;47
13 Ciudad Real;100 años y más;TOTAL;Hombres;2021;35
13 Ciudad Real;100 años y más;TOTAL;Hombres;2020;37
13 Ciudad Real;100 años y más;TOTAL;Hombres;2019;31
13 Ciudad Real;100 años y más;TOTAL;Hombres;2018;37
13 Ciudad Real;100 años y más;TOTAL;Mujeres;2022;156
13 Ciudad Real;100 años y más;TOTAL;Mujeres;2021;144
13 Ciudad Real;100 años y más;TOTAL;Mujeres;2020;136
13 Ciudad Real;100 años y más;TOTAL;Mujeres;2019;129
13 Ciudad Real;100 años y más;TOTAL;Mujeres;2018;127
14 Córdoba;0-4 años;TOTAL;Hombres;2022;15.208
14 Córdoba;0-4 años;TOTAL;Hombres;2021;15.879
14 Córdoba;0-4 años;TOTAL;Hombres;2020;16.655
14 Córdoba;0-4 años;TOTAL;Hombres;2019;17.142
14 Córdoba;0-4 años;TOTAL;Hombres;2018;17.674
14 Córdoba;0-4 años;TOTAL;Mujeres;2022;14.526
14 Córdoba;0-4 años;TOTAL;Mujeres;2021;15.022
14 Córdoba;0-4 años;TOTAL;Mujeres;2020;15.780
14 Córdoba;0-4 años;TOTAL;Mujeres;2019;16.253
14 Córdoba;0-4 años;TOTAL;Mujeres;2018;16.657
14 Córdoba;5-9 años;TOTAL;Hombres;2022;18.408
14 Córdoba;5-9 años;TOTAL;Hombres;2021;18.932
14 Córdoba;5-9 años;TOTAL;Hombres;2020;19.332
14 Córdoba;5-9 años;TOTAL;Hombres;2019;19.810
14 Córdoba;5-9 años;TOTAL;Hombres;2018;20.571
14 Córdoba;5-9 años;TOTAL;Mujeres;2022;17.439
14 Córdoba;5-9 años;TOTAL;Mujeres;2021;17.817
14 Córdoba;5-9 años;TOTAL;Mujeres;2020;18.212
14 Córdoba;5-9 años;TOTAL;Mujeres;2019;18.638
14 Córdoba;5-9 años;TOTAL;Mujeres;2018;19.324
14 Córdoba;10-14 años;TOTAL;Hombres;2022;21.112
14 Córdoba;10-14 años;TOTAL;Hombres;2021;21.623
14 Córdoba;10-14 años;TOTAL;Hombres;2020;21.969
14 Córdoba;10-14 años;TOTAL;Hombres;2019;22.000
14 Córdoba;10-14 años;TOTAL;Hombres;2018;21.804
14 Córdoba;10-14 años;TOTAL;Mujeres;2022;19.787
14 Córdoba;10-14 años;TOTAL;Mujeres;2021;20.234
14 Córdoba;10-14 años;TOTAL;Mujeres;2020;20.536
14 Córdoba;10-14 años;TOTAL;Mujeres;2019;20.562
14 Córdoba;10-14 años;TOTAL;Mujeres;2018;20.460
14 Córdoba;15-19 años;TOTAL;Hombres;2022;21.683
14 Córdoba;15-19 años;TOTAL;Hombres;2021;21.311
14 Córdoba;15-19 años;TOTAL;Hombres;2020;21.408
14 Córdoba;15-19 años;TOTAL;Hombres;2019;21.373
14 Córdoba;15-19 años;TOTAL;Hombres;2018;21.401
14 Córdoba;15-19 años;TOTAL;Mujeres;2022;20.362
14 Córdoba;15-19 años;TOTAL;Mujeres;2021;20.272
14 Córdoba;15-19 años;TOTAL;Mujeres;2020;20.241
14 Córdoba;15-19 años;TOTAL;Mujeres;2019;20.095
14 Córdoba;15-19 años;TOTAL;Mujeres;2018;20.022
14 Córdoba;20-24 años;TOTAL;Hombres;2022;21.361
14 Córdoba;20-24 años;TOTAL;Hombres;2021;21.545
14 Córdoba;20-24 años;TOTAL;Hombres;2020;21.557
14 Córdoba;20-24 años;TOTAL;Hombres;2019;21.956
14 Córdoba;20-24 años;TOTAL;Hombres;2018;22.479
14 Córdoba;20-24 años;TOTAL;Mujeres;2022;20.102
14 Córdoba;20-24 años;TOTAL;Mujeres;2021;20.087
14 Córdoba;20-24 años;TOTAL;Mujeres;2020;20.068
14 Córdoba;20-24 años;TOTAL;Mujeres;2019;20.338
14 Córdoba;20-24 años;TOTAL;Mujeres;2018;20.921
14 Córdoba;25-29 años;TOTAL;Hombres;2022;21.944
14 Córdoba;25-29 años;TOTAL;Hombres;2021;22.583
14 Córdoba;25-29 años;TOTAL;Hombres;2020;23.334
14 Córdoba;25-29 años;TOTAL;Hombres;2019;23.923
14 Córdoba;25-29 años;TOTAL;Hombres;2018;24.566
14 Córdoba;25-29 años;TOTAL;Mujeres;2022;20.630
14 Córdoba;25-29 años;TOTAL;Mujeres;2021;21.423
14 Córdoba;25-29 años;TOTAL;Mujeres;2020;22.240
14 Córdoba;25-29 años;TOTAL;Mujeres;2019;22.647
14 Córdoba;25-29 años;TOTAL;Mujeres;2018;22.908
14 Córdoba;30-34 años;TOTAL;Hombres;2022;23.293
14 Córdoba;30-34 años;TOTAL;Hombres;2021;23.581
14 Córdoba;30-34 años;TOTAL;Hombres;2020;23.861
14 Córdoba;30-34 años;TOTAL;Hombres;2019;24.277
14 Córdoba;30-34 años;TOTAL;Hombres;2018;24.624
14 Córdoba;30-34 años;TOTAL;Mujeres;2022;22.113
14 Córdoba;30-34 años;TOTAL;Mujeres;2021;22.531
14 Córdoba;30-34 años;TOTAL;Mujeres;2020;22.724
14 Córdoba;30-34 años;TOTAL;Mujeres;2019;23.105
14 Córdoba;30-34 años;TOTAL;Mujeres;2018;23.729
14 Córdoba;35-39 años;TOTAL;Hombres;2022;24.586
14 Córdoba;35-39 años;TOTAL;Hombres;2021;25.418
14 Córdoba;35-39 años;TOTAL;Hombres;2020;26.466
14 Córdoba;35-39 años;TOTAL;Hombres;2019;27.308
14 Córdoba;35-39 años;TOTAL;Hombres;2018;28.258
14 Córdoba;35-39 años;TOTAL;Mujeres;2022;24.091
14 Córdoba;35-39 años;TOTAL;Mujeres;2021;24.695
14 Córdoba;35-39 años;TOTAL;Mujeres;2020;25.682
14 Córdoba;35-39 años;TOTAL;Mujeres;2019;26.451
14 Córdoba;35-39 años;TOTAL;Mujeres;2018;27.346
14 Córdoba;40-44 años;TOTAL;Hombres;2022;28.464
14 Córdoba;40-44 años;TOTAL;Hombres;2021;29.154
14 Córdoba;40-44 años;TOTAL;Hombres;2020;29.630
14 Córdoba;40-44 años;TOTAL;Hombres;2019;29.777
14 Córdoba;40-44 años;TOTAL;Hombres;2018;29.664
14 Córdoba;40-44 años;TOTAL;Mujeres;2022;27.934
14 Córdoba;40-44 años;TOTAL;Mujeres;2021;28.799
14 Córdoba;40-44 años;TOTAL;Mujeres;2020;29.131
14 Córdoba;40-44 años;TOTAL;Mujeres;2019;29.410
14 Córdoba;40-44 años;TOTAL;Mujeres;2018;29.315
14 Córdoba;45-49 años;TOTAL;Hombres;2022;29.229
14 Córdoba;45-49 años;TOTAL;Hombres;2021;29.134
14 Córdoba;45-49 años;TOTAL;Hombres;2020;29.153
14 Córdoba;45-49 años;TOTAL;Hombres;2019;29.322
14 Córdoba;45-49 años;TOTAL;Hombres;2018;29.741
14 Córdoba;45-49 años;TOTAL;Mujeres;2022;29.236
14 Córdoba;45-49 años;TOTAL;Mujeres;2021;29.243
14 Córdoba;45-49 años;TOTAL;Mujeres;2020;29.537
14 Córdoba;45-49 años;TOTAL;Mujeres;2019;29.715
14 Córdoba;45-49 años;TOTAL;Mujeres;2018;30.032
14 Córdoba;50-54 años;TOTAL;Hombres;2022;29.700
14 Córdoba;50-54 años;TOTAL;Hombres;2021;30.201
14 Córdoba;50-54 años;TOTAL;Hombres;2020;30.545
14 Córdoba;50-54 años;TOTAL;Hombres;2019;30.983
14 Córdoba;50-54 años;TOTAL;Hombres;2018;31.190
14 Córdoba;50-54 años;TOTAL;Mujeres;2022;30.412
14 Córdoba;50-54 años;TOTAL;Mujeres;2021;30.834
14 Córdoba;50-54 años;TOTAL;Mujeres;2020;31.152
14 Córdoba;50-54 años;TOTAL;Mujeres;2019;31.685
14 Córdoba;50-54 años;TOTAL;Mujeres;2018;31.934
14 Córdoba;55-59 años;TOTAL;Hombres;2022;29.905
14 Córdoba;55-59 años;TOTAL;Hombres;2021;29.547
14 Córdoba;55-59 años;TOTAL;Hombres;2020;29.280
14 Córdoba;55-59 años;TOTAL;Hombres;2019;28.478
14 Córdoba;55-59 años;TOTAL;Hombres;2018;27.971
14 Córdoba;55-59 años;TOTAL;Mujeres;2022;30.938
14 Córdoba;55-59 años;TOTAL;Mujeres;2021;30.631
14 Córdoba;55-59 años;TOTAL;Mujeres;2020;30.219
14 Córdoba;55-59 años;TOTAL;Mujeres;2019;29.136
14 Córdoba;55-59 años;TOTAL;Mujeres;2018;28.437
14 Córdoba;60-64 años;TOTAL;Hombres;2022;26.392
14 Córdoba;60-64 años;TOTAL;Hombres;2021;25.581
14 Córdoba;60-64 años;TOTAL;Hombres;2020;24.555
14 Córdoba;60-64 años;TOTAL;Hombres;2019;23.387
14 Córdoba;60-64 años;TOTAL;Hombres;2018;22.440
14 Córdoba;60-64 años;TOTAL;Mujeres;2022;27.525
14 Córdoba;60-64 años;TOTAL;Mujeres;2021;26.722
14 Córdoba;60-64 años;TOTAL;Mujeres;2020;25.718
14 Córdoba;60-64 años;TOTAL;Mujeres;2019;24.664
14 Córdoba;60-64 años;TOTAL;Mujeres;2018;23.562
14 Córdoba;65-69 años;TOTAL;Hombres;2022;20.465
14 Córdoba;65-69 años;TOTAL;Hombres;2021;19.717
14 Córdoba;65-69 años;TOTAL;Hombres;2020;18.658
14 Córdoba;65-69 años;TOTAL;Hombres;2019;18.188
14 Córdoba;65-69 años;TOTAL;Hombres;2018;17.889
14 Córdoba;65-69 años;TOTAL;Mujeres;2022;22.173
14 Córdoba;65-69 años;TOTAL;Mujeres;2021;21.195
14 Córdoba;65-69 años;TOTAL;Mujeres;2020;19.882
14 Córdoba;65-69 años;TOTAL;Mujeres;2019;19.518
14 Córdoba;65-69 años;TOTAL;Mujeres;2018;19.557
14 Córdoba;70-74 años;TOTAL;Hombres;2022;15.931
14 Córdoba;70-74 años;TOTAL;Hombres;2021;15.447
14 Córdoba;70-74 años;TOTAL;Hombres;2020;15.853
14 Córdoba;70-74 años;TOTAL;Hombres;2019;15.725
14 Córdoba;70-74 años;TOTAL;Hombres;2018;15.364
14 Córdoba;70-74 años;TOTAL;Mujeres;2022;18.569
14 Córdoba;70-74 años;TOTAL;Mujeres;2021;18.251
14 Córdoba;70-74 años;TOTAL;Mujeres;2020;19.117
14 Córdoba;70-74 años;TOTAL;Mujeres;2019;19.092
14 Córdoba;70-74 años;TOTAL;Mujeres;2018;18.601
14 Córdoba;75-79 años;TOTAL;Hombres;2022;12.829
14 Córdoba;75-79 años;TOTAL;Hombres;2021;12.704
14 Córdoba;75-79 años;TOTAL;Hombres;2020;12.620
14 Córdoba;75-79 años;TOTAL;Hombres;2019;11.760
14 Córdoba;75-79 años;TOTAL;Hombres;2018;11.012
14 Córdoba;75-79 años;TOTAL;Mujeres;2022;16.944
14 Córdoba;75-79 años;TOTAL;Mujeres;2021;16.735
14 Córdoba;75-79 años;TOTAL;Mujeres;2020;16.684
14 Córdoba;75-79 años;TOTAL;Mujeres;2019;15.850
14 Córdoba;75-79 años;TOTAL;Mujeres;2018;15.237
14 Córdoba;80-84 años;TOTAL;Hombres;2022;8.413
14 Córdoba;80-84 años;TOTAL;Hombres;2021;8.887
14 Córdoba;80-84 años;TOTAL;Hombres;2020;8.847
14 Córdoba;80-84 años;TOTAL;Hombres;2019;9.352
14 Córdoba;80-84 años;TOTAL;Hombres;2018;9.877
14 Córdoba;80-84 años;TOTAL;Mujeres;2022;13.074
14 Córdoba;80-84 años;TOTAL;Mujeres;2021;13.764
14 Córdoba;80-84 años;TOTAL;Mujeres;2020;13.713
14 Córdoba;80-84 años;TOTAL;Mujeres;2019;14.349
14 Córdoba;80-84 años;TOTAL;Mujeres;2018;15.063
14 Córdoba;85-89 años;TOTAL;Hombres;2022;6.236
14 Córdoba;85-89 años;TOTAL;Hombres;2021;6.277
14 Córdoba;85-89 años;TOTAL;Hombres;2020;6.326
14 Córdoba;85-89 años;TOTAL;Hombres;2019;6.322
14 Córdoba;85-89 años;TOTAL;Hombres;2018;6.092
14 Córdoba;85-89 años;TOTAL;Mujeres;2022;11.204
14 Córdoba;85-89 años;TOTAL;Mujeres;2021;11.235
14 Córdoba;85-89 años;TOTAL;Mujeres;2020;11.208
14 Córdoba;85-89 años;TOTAL;Mujeres;2019;11.237
14 Córdoba;85-89 años;TOTAL;Mujeres;2018;11.030
14 Córdoba;90-94 años;TOTAL;Hombres;2022;2.587
14 Córdoba;90-94 años;TOTAL;Hombres;2021;2.438
14 Córdoba;90-94 años;TOTAL;Hombres;2020;2.348
14 Córdoba;90-94 años;TOTAL;Hombres;2019;2.222
14 Córdoba;90-94 años;TOTAL;Hombres;2018;2.041
14 Córdoba;90-94 años;TOTAL;Mujeres;2022;5.488
14 Córdoba;90-94 años;TOTAL;Mujeres;2021;5.286
14 Córdoba;90-94 años;TOTAL;Mujeres;2020;5.223
14 Córdoba;90-94 años;TOTAL;Mujeres;2019;5.020
14 Córdoba;90-94 años;TOTAL;Mujeres;2018;4.691
14 Córdoba;95-99 años;TOTAL;Hombres;2022;472
14 Córdoba;95-99 años;TOTAL;Hombres;2021;446
14 Córdoba;95-99 años;TOTAL;Hombres;2020;421
14 Córdoba;95-99 años;TOTAL;Hombres;2019;423
14 Córdoba;95-99 años;TOTAL;Hombres;2018;372
14 Córdoba;95-99 años;TOTAL;Mujeres;2022;1.388
14 Córdoba;95-99 años;TOTAL;Mujeres;2021;1.323
14 Córdoba;95-99 años;TOTAL;Mujeres;2020;1.290
14 Córdoba;95-99 años;TOTAL;Mujeres;2019;1.245
14 Córdoba;95-99 años;TOTAL;Mujeres;2018;1.156
14 Córdoba;100 años y más;TOTAL;Hombres;2022;75
14 Córdoba;100 años y más;TOTAL;Hombres;2021;68
14 Córdoba;100 años y más;TOTAL;Hombres;2020;68
14 Córdoba;100 años y más;TOTAL;Hombres;2019;62
14 Córdoba;100 años y más;TOTAL;Hombres;2018;55
14 Córdoba;100 años y más;TOTAL;Mujeres;2022;236
14 Córdoba;100 años y más;TOTAL;Mujeres;2021;217
14 Córdoba;100 años y más;TOTAL;Mujeres;2020;208
14 Córdoba;100 años y más;TOTAL;Mujeres;2019;179
14 Córdoba;100 años y más;TOTAL;Mujeres;2018;173
15 Coruña, A;0-4 años;TOTAL;Hombres;2022;18.097
15 Coruña, A;0-4 años;TOTAL;Hombres;2021;19.088
15 Coruña, A;0-4 años;TOTAL;Hombres;2020;20.133
15 Coruña, A;0-4 años;TOTAL;Hombres;2019;20.970
15 Coruña, A;0-4 años;TOTAL;Hombres;2018;21.357
15 Coruña, A;0-4 años;TOTAL;Mujeres;2022;17.104
15 Coruña, A;0-4 años;TOTAL;Mujeres;2021;18.114
15 Coruña, A;0-4 años;TOTAL;Mujeres;2020;19.138
15 Coruña, A;0-4 años;TOTAL;Mujeres;2019;19.758
15 Coruña, A;0-4 años;TOTAL;Mujeres;2018;20.348
15 Coruña, A;5-9 años;TOTAL;Hombres;2022;23.091
15 Coruña, A;5-9 años;TOTAL;Hombres;2021;23.386
15 Coruña, A;5-9 años;TOTAL;Hombres;2020;23.781
15 Coruña, A;5-9 años;TOTAL;Hombres;2019;24.133
15 Coruña, A;5-9 años;TOTAL;Hombres;2018;24.815
15 Coruña, A;5-9 años;TOTAL;Mujeres;2022;21.713
15 Coruña, A;5-9 años;TOTAL;Mujeres;2021;21.799
15 Coruña, A;5-9 años;TOTAL;Mujeres;2020;22.124
15 Coruña, A;5-9 años;TOTAL;Mujeres;2019;22.665
15 Coruña, A;5-9 años;TOTAL;Mujeres;2018;23.057
15 Coruña, A;10-14 años;TOTAL;Hombres;2022;25.612
15 Coruña, A;10-14 años;TOTAL;Hombres;2021;25.455
15 Coruña, A;10-14 años;TOTAL;Hombres;2020;25.245
15 Coruña, A;10-14 años;TOTAL;Hombres;2019;24.780
15 Coruña, A;10-14 años;TOTAL;Hombres;2018;24.080
15 Coruña, A;10-14 años;TOTAL;Mujeres;2022;24.017
15 Coruña, A;10-14 años;TOTAL;Mujeres;2021;23.976
15 Coruña, A;10-14 años;TOTAL;Mujeres;2020;23.869
15 Coruña, A;10-14 años;TOTAL;Mujeres;2019;23.374
15 Coruña, A;10-14 años;TOTAL;Mujeres;2018;22.795
15 Coruña, A;15-19 años;TOTAL;Hombres;2022;24.366
15 Coruña, A;15-19 años;TOTAL;Hombres;2021;23.870
15 Coruña, A;15-19 años;TOTAL;Hombres;2020;23.597
15 Coruña, A;15-19 años;TOTAL;Hombres;2019;22.880
15 Coruña, A;15-19 años;TOTAL;Hombres;2018;22.428
15 Coruña, A;15-19 años;TOTAL;Mujeres;2022;23.050
15 Coruña, A;15-19 años;TOTAL;Mujeres;2021;22.641
15 Coruña, A;15-19 años;TOTAL;Mujeres;2020;22.153
15 Coruña, A;15-19 años;TOTAL;Mujeres;2019;21.743
15 Coruña, A;15-19 años;TOTAL;Mujeres;2018;21.233
15 Coruña, A;20-24 años;TOTAL;Hombres;2022;23.566
15 Coruña, A;20-24 años;TOTAL;Hombres;2021;23.132
15 Coruña, A;20-24 años;TOTAL;Hombres;2020;22.696
15 Coruña, A;20-24 años;TOTAL;Hombres;2019;22.564
15 Coruña, A;20-24 años;TOTAL;Hombres;2018;22.693
15 Coruña, A;20-24 años;TOTAL;Mujeres;2022;22.373
15 Coruña, A;20-24 años;TOTAL;Mujeres;2021;22.070
15 Coruña, A;20-24 años;TOTAL;Mujeres;2020;21.870
15 Coruña, A;20-24 años;TOTAL;Mujeres;2019;21.742
15 Coruña, A;20-24 años;TOTAL;Mujeres;2018;22.119
15 Coruña, A;25-29 años;TOTAL;Hombres;2022;24.211
15 Coruña, A;25-29 años;TOTAL;Hombres;2021;24.715
15 Coruña, A;25-29 años;TOTAL;Hombres;2020;25.170
15 Coruña, A;25-29 años;TOTAL;Hombres;2019;25.566
15 Coruña, A;25-29 años;TOTAL;Hombres;2018;25.895
15 Coruña, A;25-29 años;TOTAL;Mujeres;2022;23.888
15 Coruña, A;25-29 años;TOTAL;Mujeres;2021;24.258
15 Coruña, A;25-29 años;TOTAL;Mujeres;2020;24.755
15 Coruña, A;25-29 años;TOTAL;Mujeres;2019;25.147
15 Coruña, A;25-29 años;TOTAL;Mujeres;2018;25.353
15 Coruña, A;30-34 años;TOTAL;Hombres;2022;27.749
15 Coruña, A;30-34 años;TOTAL;Hombres;2021;28.275
15 Coruña, A;30-34 años;TOTAL;Hombres;2020;29.239
15 Coruña, A;30-34 años;TOTAL;Hombres;2019;30.193
15 Coruña, A;30-34 años;TOTAL;Hombres;2018;31.356
15 Coruña, A;30-34 años;TOTAL;Mujeres;2022;27.500
15 Coruña, A;30-34 años;TOTAL;Mujeres;2021;28.156
15 Coruña, A;30-34 años;TOTAL;Mujeres;2020;29.103
15 Coruña, A;30-34 años;TOTAL;Mujeres;2019;30.155
15 Coruña, A;30-34 años;TOTAL;Mujeres;2018;31.463
15 Coruña, A;35-39 años;TOTAL;Hombres;2022;34.146
15 Coruña, A;35-39 años;TOTAL;Hombres;2021;36.325
15 Coruña, A;35-39 años;TOTAL;Hombres;2020;38.435
15 Coruña, A;35-39 años;TOTAL;Hombres;2019;40.239
15 Coruña, A;35-39 años;TOTAL;Hombres;2018;42.352
15 Coruña, A;35-39 años;TOTAL;Mujeres;2022;34.733
15 Coruña, A;35-39 años;TOTAL;Mujeres;2021;36.681
15 Coruña, A;35-39 años;TOTAL;Mujeres;2020;38.655
15 Coruña, A;35-39 años;TOTAL;Mujeres;2019;40.422
15 Coruña, A;35-39 años;TOTAL;Mujeres;2018;42.672
15 Coruña, A;40-44 años;TOTAL;Hombres;2022;45.169
15 Coruña, A;40-44 años;TOTAL;Hombres;2021;46.386
15 Coruña, A;40-44 años;TOTAL;Hombres;2020;47.241
15 Coruña, A;40-44 años;TOTAL;Hombres;2019;47.524
15 Coruña, A;40-44 años;TOTAL;Hombres;2018;47.289
15 Coruña, A;40-44 años;TOTAL;Mujeres;2022;45.369
15 Coruña, A;40-44 años;TOTAL;Mujeres;2021;46.789
15 Coruña, A;40-44 años;TOTAL;Mujeres;2020;47.757
15 Coruña, A;40-44 años;TOTAL;Mujeres;2019;48.147
15 Coruña, A;40-44 años;TOTAL;Mujeres;2018;47.598
15 Coruña, A;45-49 años;TOTAL;Hombres;2022;47.454
15 Coruña, A;45-49 años;TOTAL;Hombres;2021;46.610
15 Coruña, A;45-49 años;TOTAL;Hombres;2020;45.576
15 Coruña, A;45-49 años;TOTAL;Hombres;2019;44.602
15 Coruña, A;45-49 años;TOTAL;Hombres;2018;44.217
15 Coruña, A;45-49 años;TOTAL;Mujeres;2022;48.132
15 Coruña, A;45-49 años;TOTAL;Mujeres;2021;47.570
15 Coruña, A;45-49 años;TOTAL;Mujeres;2020;46.693
15 Coruña, A;45-49 años;TOTAL;Mujeres;2019;46.185
15 Coruña, A;45-49 años;TOTAL;Mujeres;2018;45.767
15 Coruña, A;50-54 años;TOTAL;Hombres;2022;43.480
15 Coruña, A;50-54 años;TOTAL;Hombres;2021;42.747
15 Coruña, A;50-54 años;TOTAL;Hombres;2020;42.235
15 Coruña, A;50-54 años;TOTAL;Hombres;2019;41.846
15 Coruña, A;50-54 años;TOTAL;Hombres;2018;41.252
15 Coruña, A;50-54 años;TOTAL;Mujeres;2022;45.901
15 Coruña, A;50-54 años;TOTAL;Mujeres;2021;45.482
15 Coruña, A;50-54 años;TOTAL;Mujeres;2020;45.076
15 Coruña, A;50-54 años;TOTAL;Mujeres;2019;44.452
15 Coruña, A;50-54 años;TOTAL;Mujeres;2018;43.831
15 Coruña, A;55-59 años;TOTAL;Hombres;2022;40.179
15 Coruña, A;55-59 años;TOTAL;Hombres;2021;39.816
15 Coruña, A;55-59 años;TOTAL;Hombres;2020;39.794
15 Coruña, A;55-59 años;TOTAL;Hombres;2019;39.289
15 Coruña, A;55-59 años;TOTAL;Hombres;2018;38.954
15 Coruña, A;55-59 años;TOTAL;Mujeres;2022;43.453
15 Coruña, A;55-59 años;TOTAL;Mujeres;2021;42.607
15 Coruña, A;55-59 años;TOTAL;Mujeres;2020;42.196
15 Coruña, A;55-59 años;TOTAL;Mujeres;2019;41.603
15 Coruña, A;55-59 años;TOTAL;Mujeres;2018;41.203
15 Coruña, A;60-64 años;TOTAL;Hombres;2022;37.786
15 Coruña, A;60-64 años;TOTAL;Hombres;2021;37.205
15 Coruña, A;60-64 años;TOTAL;Hombres;2020;36.301
15 Coruña, A;60-64 años;TOTAL;Hombres;2019;35.455
15 Coruña, A;60-64 años;TOTAL;Hombres;2018;34.829
15 Coruña, A;60-64 años;TOTAL;Mujeres;2022;41.042
15 Coruña, A;60-64 años;TOTAL;Mujeres;2021;40.632
15 Coruña, A;60-64 años;TOTAL;Mujeres;2020;39.751
15 Coruña, A;60-64 años;TOTAL;Mujeres;2019;38.798
15 Coruña, A;60-64 años;TOTAL;Mujeres;2018;37.991
15 Coruña, A;65-69 años;TOTAL;Hombres;2022;33.093
15 Coruña, A;65-69 años;TOTAL;Hombres;2021;32.360
15 Coruña, A;65-69 años;TOTAL;Hombres;2020;31.917
15 Coruña, A;65-69 años;TOTAL;Hombres;2019;31.917
15 Coruña, A;65-69 años;TOTAL;Hombres;2018;32.267
15 Coruña, A;65-69 años;TOTAL;Mujeres;2022;37.001
15 Coruña, A;65-69 años;TOTAL;Mujeres;2021;36.193
15 Coruña, A;65-69 años;TOTAL;Mujeres;2020;36.029
15 Coruña, A;65-69 años;TOTAL;Mujeres;2019;36.138
15 Coruña, A;65-69 años;TOTAL;Mujeres;2018;36.585
15 Coruña, A;70-74 años;TOTAL;Hombres;2022;29.474
15 Coruña, A;70-74 años;TOTAL;Hombres;2021;29.714
15 Coruña, A;70-74 años;TOTAL;Hombres;2020;30.083
15 Coruña, A;70-74 años;TOTAL;Hombres;2019;29.647
15 Coruña, A;70-74 años;TOTAL;Hombres;2018;29.295
15 Coruña, A;70-74 años;TOTAL;Mujeres;2022;35.211
15 Coruña, A;70-74 años;TOTAL;Mujeres;2021;35.741
15 Coruña, A;70-74 años;TOTAL;Mujeres;2020;36.059
15 Coruña, A;70-74 años;TOTAL;Mujeres;2019;35.688
15 Coruña, A;70-74 años;TOTAL;Mujeres;2018;35.004
15 Coruña, A;75-79 años;TOTAL;Hombres;2022;25.098
15 Coruña, A;75-79 años;TOTAL;Hombres;2021;24.292
15 Coruña, A;75-79 años;TOTAL;Hombres;2020;23.406
15 Coruña, A;75-79 años;TOTAL;Hombres;2019;21.754
15 Coruña, A;75-79 años;TOTAL;Hombres;2018;20.180
15 Coruña, A;75-79 años;TOTAL;Mujeres;2022;32.501
15 Coruña, A;75-79 años;TOTAL;Mujeres;2021;31.022
15 Coruña, A;75-79 años;TOTAL;Mujeres;2020;30.079
15 Coruña, A;75-79 años;TOTAL;Mujeres;2019;28.003
15 Coruña, A;75-79 años;TOTAL;Mujeres;2018;26.144
15 Coruña, A;80-84 años;TOTAL;Hombres;2022;15.855
15 Coruña, A;80-84 años;TOTAL;Hombres;2021;16.232
15 Coruña, A;80-84 años;TOTAL;Hombres;2020;16.359
15 Coruña, A;80-84 años;TOTAL;Hombres;2019;17.415
15 Coruña, A;80-84 años;TOTAL;Hombres;2018;18.328
15 Coruña, A;80-84 años;TOTAL;Mujeres;2022;22.987
15 Coruña, A;80-84 años;TOTAL;Mujeres;2021;23.967
15 Coruña, A;80-84 años;TOTAL;Mujeres;2020;24.502
15 Coruña, A;80-84 años;TOTAL;Mujeres;2019;26.503
15 Coruña, A;80-84 años;TOTAL;Mujeres;2018;28.220
15 Coruña, A;85-89 años;TOTAL;Hombres;2022;12.451
15 Coruña, A;85-89 años;TOTAL;Hombres;2021;12.030
15 Coruña, A;85-89 años;TOTAL;Hombres;2020;11.568
15 Coruña, A;85-89 años;TOTAL;Hombres;2019;11.020
15 Coruña, A;85-89 años;TOTAL;Hombres;2018;10.662
15 Coruña, A;85-89 años;TOTAL;Mujeres;2022;22.352
15 Coruña, A;85-89 años;TOTAL;Mujeres;2021;21.777
15 Coruña, A;85-89 años;TOTAL;Mujeres;2020;21.274
15 Coruña, A;85-89 años;TOTAL;Mujeres;2019;20.453
15 Coruña, A;85-89 años;TOTAL;Mujeres;2018;19.717
15 Coruña, A;90-94 años;TOTAL;Hombres;2022;4.681
15 Coruña, A;90-94 años;TOTAL;Hombres;2021;4.405
15 Coruña, A;90-94 años;TOTAL;Hombres;2020;4.095
15 Coruña, A;90-94 años;TOTAL;Hombres;2019;3.806
15 Coruña, A;90-94 años;TOTAL;Hombres;2018;3.541
15 Coruña, A;90-94 años;TOTAL;Mujeres;2022;10.729
15 Coruña, A;90-94 años;TOTAL;Mujeres;2021;10.316
15 Coruña, A;90-94 años;TOTAL;Mujeres;2020;9.801
15 Coruña, A;90-94 años;TOTAL;Mujeres;2019;9.204
15 Coruña, A;90-94 años;TOTAL;Mujeres;2018;8.777
15 Coruña, A;95-99 años;TOTAL;Hombres;2022;905
15 Coruña, A;95-99 años;TOTAL;Hombres;2021;834
15 Coruña, A;95-99 años;TOTAL;Hombres;2020;805
15 Coruña, A;95-99 años;TOTAL;Hombres;2019;771
15 Coruña, A;95-99 años;TOTAL;Hombres;2018;747
15 Coruña, A;95-99 años;TOTAL;Mujeres;2022;3.015
15 Coruña, A;95-99 años;TOTAL;Mujeres;2021;2.836
15 Coruña, A;95-99 años;TOTAL;Mujeres;2020;2.713
15 Coruña, A;95-99 años;TOTAL;Mujeres;2019;2.528
15 Coruña, A;95-99 años;TOTAL;Mujeres;2018;2.447
15 Coruña, A;100 años y más;TOTAL;Hombres;2022;124
15 Coruña, A;100 años y más;TOTAL;Hombres;2021;127
15 Coruña, A;100 años y más;TOTAL;Hombres;2020;105
15 Coruña, A;100 años y más;TOTAL;Hombres;2019;99
15 Coruña, A;100 años y más;TOTAL;Hombres;2018;100
15 Coruña, A;100 años y más;TOTAL;Mujeres;2022;522
15 Coruña, A;100 años y más;TOTAL;Mujeres;2021;503
15 Coruña, A;100 años y más;TOTAL;Mujeres;2020;437
15 Coruña, A;100 años y más;TOTAL;Mujeres;2019;418
15 Coruña, A;100 años y más;TOTAL;Mujeres;2018;390
16 Cuenca;0-4 años;TOTAL;Hombres;2022;3.255
16 Cuenca;0-4 años;TOTAL;Hombres;2021;3.380
16 Cuenca;0-4 años;TOTAL;Hombres;2020;3.460
16 Cuenca;0-4 años;TOTAL;Hombres;2019;3.552
16 Cuenca;0-4 años;TOTAL;Hombres;2018;3.606
16 Cuenca;0-4 años;TOTAL;Mujeres;2022;3.173
16 Cuenca;0-4 años;TOTAL;Mujeres;2021;3.288
16 Cuenca;0-4 años;TOTAL;Mujeres;2020;3.336
16 Cuenca;0-4 años;TOTAL;Mujeres;2019;3.510
16 Cuenca;0-4 años;TOTAL;Mujeres;2018;3.549
16 Cuenca;5-9 años;TOTAL;Hombres;2022;4.065
16 Cuenca;5-9 años;TOTAL;Hombres;2021;4.091
16 Cuenca;5-9 años;TOTAL;Hombres;2020;4.158
16 Cuenca;5-9 años;TOTAL;Hombres;2019;4.176
16 Cuenca;5-9 años;TOTAL;Hombres;2018;4.408
16 Cuenca;5-9 años;TOTAL;Mujeres;2022;3.974
16 Cuenca;5-9 años;TOTAL;Mujeres;2021;4.011
16 Cuenca;5-9 años;TOTAL;Mujeres;2020;4.018
16 Cuenca;5-9 años;TOTAL;Mujeres;2019;4.031
16 Cuenca;5-9 años;TOTAL;Mujeres;2018;4.150
16 Cuenca;10-14 años;TOTAL;Hombres;2022;4.573
16 Cuenca;10-14 años;TOTAL;Hombres;2021;4.630
16 Cuenca;10-14 años;TOTAL;Hombres;2020;4.609
16 Cuenca;10-14 años;TOTAL;Hombres;2019;4.618
16 Cuenca;10-14 años;TOTAL;Hombres;2018;4.566
16 Cuenca;10-14 años;TOTAL;Mujeres;2022;4.328
16 Cuenca;10-14 años;TOTAL;Mujeres;2021;4.394
16 Cuenca;10-14 años;TOTAL;Mujeres;2020;4.434
16 Cuenca;10-14 años;TOTAL;Mujeres;2019;4.490
16 Cuenca;10-14 años;TOTAL;Mujeres;2018;4.530
16 Cuenca;15-19 años;TOTAL;Hombres;2022;4.798
16 Cuenca;15-19 años;TOTAL;Hombres;2021;4.804
16 Cuenca;15-19 años;TOTAL;Hombres;2020;4.880
16 Cuenca;15-19 años;TOTAL;Hombres;2019;4.969
16 Cuenca;15-19 años;TOTAL;Hombres;2018;4.858
16 Cuenca;15-19 años;TOTAL;Mujeres;2022;4.696
16 Cuenca;15-19 años;TOTAL;Mujeres;2021;4.630
16 Cuenca;15-19 años;TOTAL;Mujeres;2020;4.680
16 Cuenca;15-19 años;TOTAL;Mujeres;2019;4.623
16 Cuenca;15-19 años;TOTAL;Mujeres;2018;4.647
16 Cuenca;20-24 años;TOTAL;Hombres;2022;5.315
16 Cuenca;20-24 años;TOTAL;Hombres;2021;5.253
16 Cuenca;20-24 años;TOTAL;Hombres;2020;5.205
16 Cuenca;20-24 años;TOTAL;Hombres;2019;5.060
16 Cuenca;20-24 años;TOTAL;Hombres;2018;5.128
16 Cuenca;20-24 años;TOTAL;Mujeres;2022;4.916
16 Cuenca;20-24 años;TOTAL;Mujeres;2021;4.972
16 Cuenca;20-24 años;TOTAL;Mujeres;2020;5.012
16 Cuenca;20-24 años;TOTAL;Mujeres;2019;4.940
16 Cuenca;20-24 años;TOTAL;Mujeres;2018;4.909
16 Cuenca;25-29 años;TOTAL;Hombres;2022;5.414
16 Cuenca;25-29 años;TOTAL;Hombres;2021;5.470
16 Cuenca;25-29 años;TOTAL;Hombres;2020;5.556
16 Cuenca;25-29 años;TOTAL;Hombres;2019;5.745
16 Cuenca;25-29 años;TOTAL;Hombres;2018;5.791
16 Cuenca;25-29 años;TOTAL;Mujeres;2022;5.022
16 Cuenca;25-29 años;TOTAL;Mujeres;2021;5.166
16 Cuenca;25-29 años;TOTAL;Mujeres;2020;5.152
16 Cuenca;25-29 años;TOTAL;Mujeres;2019;5.256
16 Cuenca;25-29 años;TOTAL;Mujeres;2018;5.418
16 Cuenca;30-34 años;TOTAL;Hombres;2022;5.900
16 Cuenca;30-34 años;TOTAL;Hombres;2021;5.902
16 Cuenca;30-34 años;TOTAL;Hombres;2020;5.881
16 Cuenca;30-34 años;TOTAL;Hombres;2019;5.833
16 Cuenca;30-34 años;TOTAL;Hombres;2018;6.024
16 Cuenca;30-34 años;TOTAL;Mujeres;2022;5.362
16 Cuenca;30-34 años;TOTAL;Mujeres;2021;5.352
16 Cuenca;30-34 años;TOTAL;Mujeres;2020;5.344
16 Cuenca;30-34 años;TOTAL;Mujeres;2019;5.350
16 Cuenca;30-34 años;TOTAL;Mujeres;2018;5.479
16 Cuenca;35-39 años;TOTAL;Hombres;2022;6.102
16 Cuenca;35-39 años;TOTAL;Hombres;2021;6.222
16 Cuenca;35-39 años;TOTAL;Hombres;2020;6.471
16 Cuenca;35-39 años;TOTAL;Hombres;2019;6.730
16 Cuenca;35-39 años;TOTAL;Hombres;2018;6.949
16 Cuenca;35-39 años;TOTAL;Mujeres;2022;5.628
16 Cuenca;35-39 años;TOTAL;Mujeres;2021;5.731
16 Cuenca;35-39 años;TOTAL;Mujeres;2020;5.880
16 Cuenca;35-39 años;TOTAL;Mujeres;2019;6.040
16 Cuenca;35-39 años;TOTAL;Mujeres;2018;6.159
16 Cuenca;40-44 años;TOTAL;Hombres;2022;7.278
16 Cuenca;40-44 años;TOTAL;Hombres;2021;7.433
16 Cuenca;40-44 años;TOTAL;Hombres;2020;7.504
16 Cuenca;40-44 años;TOTAL;Hombres;2019;7.485
16 Cuenca;40-44 años;TOTAL;Hombres;2018;7.546
16 Cuenca;40-44 años;TOTAL;Mujeres;2022;6.536
16 Cuenca;40-44 años;TOTAL;Mujeres;2021;6.662
16 Cuenca;40-44 años;TOTAL;Mujeres;2020;6.703
16 Cuenca;40-44 años;TOTAL;Mujeres;2019;6.699
16 Cuenca;40-44 años;TOTAL;Mujeres;2018;6.778
16 Cuenca;45-49 años;TOTAL;Hombres;2022;7.469
16 Cuenca;45-49 años;TOTAL;Hombres;2021;7.452
16 Cuenca;45-49 años;TOTAL;Hombres;2020;7.445
16 Cuenca;45-49 años;TOTAL;Hombres;2019;7.507
16 Cuenca;45-49 años;TOTAL;Hombres;2018;7.668
16 Cuenca;45-49 años;TOTAL;Mujeres;2022;6.945
16 Cuenca;45-49 años;TOTAL;Mujeres;2021;6.979
16 Cuenca;45-49 años;TOTAL;Mujeres;2020;6.986
16 Cuenca;45-49 años;TOTAL;Mujeres;2019;7.035
16 Cuenca;45-49 años;TOTAL;Mujeres;2018;7.156
16 Cuenca;50-54 años;TOTAL;Hombres;2022;7.843
16 Cuenca;50-54 años;TOTAL;Hombres;2021;8.048
16 Cuenca;50-54 años;TOTAL;Hombres;2020;8.019
16 Cuenca;50-54 años;TOTAL;Hombres;2019;8.140
16 Cuenca;50-54 años;TOTAL;Hombres;2018;8.177
16 Cuenca;50-54 años;TOTAL;Mujeres;2022;7.369
16 Cuenca;50-54 años;TOTAL;Mujeres;2021;7.542
16 Cuenca;50-54 años;TOTAL;Mujeres;2020;7.568
16 Cuenca;50-54 años;TOTAL;Mujeres;2019;7.572
16 Cuenca;50-54 años;TOTAL;Mujeres;2018;7.614
16 Cuenca;55-59 años;TOTAL;Hombres;2022;8.094
16 Cuenca;55-59 años;TOTAL;Hombres;2021;8.094
16 Cuenca;55-59 años;TOTAL;Hombres;2020;8.160
16 Cuenca;55-59 años;TOTAL;Hombres;2019;8.002
16 Cuenca;55-59 años;TOTAL;Hombres;2018;7.862
16 Cuenca;55-59 años;TOTAL;Mujeres;2022;7.666
16 Cuenca;55-59 años;TOTAL;Mujeres;2021;7.561
16 Cuenca;55-59 años;TOTAL;Mujeres;2020;7.550
16 Cuenca;55-59 años;TOTAL;Mujeres;2019;7.409
16 Cuenca;55-59 años;TOTAL;Mujeres;2018;7.070
16 Cuenca;60-64 años;TOTAL;Hombres;2022;7.434
16 Cuenca;60-64 años;TOTAL;Hombres;2021;7.111
16 Cuenca;60-64 años;TOTAL;Hombres;2020;6.572
16 Cuenca;60-64 años;TOTAL;Hombres;2019;6.110
16 Cuenca;60-64 años;TOTAL;Hombres;2018;5.734
16 Cuenca;60-64 años;TOTAL;Mujeres;2022;6.819
16 Cuenca;60-64 años;TOTAL;Mujeres;2021;6.440
16 Cuenca;60-64 años;TOTAL;Mujeres;2020;5.987
16 Cuenca;60-64 años;TOTAL;Mujeres;2019;5.608
16 Cuenca;60-64 años;TOTAL;Mujeres;2018;5.323
16 Cuenca;65-69 años;TOTAL;Hombres;2022;5.365
16 Cuenca;65-69 años;TOTAL;Hombres;2021;5.126
16 Cuenca;65-69 años;TOTAL;Hombres;2020;4.973
16 Cuenca;65-69 años;TOTAL;Hombres;2019;5.021
16 Cuenca;65-69 años;TOTAL;Hombres;2018;5.032
16 Cuenca;65-69 años;TOTAL;Mujeres;2022;5.111
16 Cuenca;65-69 años;TOTAL;Mujeres;2021;4.979
16 Cuenca;65-69 años;TOTAL;Mujeres;2020;4.949
16 Cuenca;65-69 años;TOTAL;Mujeres;2019;4.935
16 Cuenca;65-69 años;TOTAL;Mujeres;2018;4.939
16 Cuenca;70-74 años;TOTAL;Hombres;2022;4.537
16 Cuenca;70-74 años;TOTAL;Hombres;2021;4.427
16 Cuenca;70-74 años;TOTAL;Hombres;2020;4.381
16 Cuenca;70-74 años;TOTAL;Hombres;2019;4.373
16 Cuenca;70-74 años;TOTAL;Hombres;2018;4.256
16 Cuenca;70-74 años;TOTAL;Mujeres;2022;4.733
16 Cuenca;70-74 años;TOTAL;Mujeres;2021;4.744
16 Cuenca;70-74 años;TOTAL;Mujeres;2020;4.649
16 Cuenca;70-74 años;TOTAL;Mujeres;2019;4.651
16 Cuenca;70-74 años;TOTAL;Mujeres;2018;4.712
16 Cuenca;75-79 años;TOTAL;Hombres;2022;3.620
16 Cuenca;75-79 años;TOTAL;Hombres;2021;3.587
16 Cuenca;75-79 años;TOTAL;Hombres;2020;3.937
16 Cuenca;75-79 años;TOTAL;Hombres;2019;3.618
16 Cuenca;75-79 años;TOTAL;Hombres;2018;3.642
16 Cuenca;75-79 años;TOTAL;Mujeres;2022;4.407
16 Cuenca;75-79 años;TOTAL;Mujeres;2021;4.436
16 Cuenca;75-79 años;TOTAL;Mujeres;2020;4.945
16 Cuenca;75-79 años;TOTAL;Mujeres;2019;4.739
16 Cuenca;75-79 años;TOTAL;Mujeres;2018;4.618
16 Cuenca;80-84 años;TOTAL;Hombres;2022;3.021
16 Cuenca;80-84 años;TOTAL;Hombres;2021;3.238
16 Cuenca;80-84 años;TOTAL;Hombres;2020;3.151
16 Cuenca;80-84 años;TOTAL;Hombres;2019;3.595
16 Cuenca;80-84 años;TOTAL;Hombres;2018;3.849
16 Cuenca;80-84 años;TOTAL;Mujeres;2022;4.209
16 Cuenca;80-84 años;TOTAL;Mujeres;2021;4.392
16 Cuenca;80-84 años;TOTAL;Mujeres;2020;4.202
16 Cuenca;80-84 años;TOTAL;Mujeres;2019;4.706
16 Cuenca;80-84 años;TOTAL;Mujeres;2018;5.167
16 Cuenca;85-89 años;TOTAL;Hombres;2022;2.519
16 Cuenca;85-89 años;TOTAL;Hombres;2021;2.527
16 Cuenca;85-89 años;TOTAL;Hombres;2020;2.750
16 Cuenca;85-89 años;TOTAL;Hombres;2019;2.742
16 Cuenca;85-89 años;TOTAL;Hombres;2018;2.716
16 Cuenca;85-89 años;TOTAL;Mujeres;2022;3.760
16 Cuenca;85-89 años;TOTAL;Mujeres;2021;3.670
16 Cuenca;85-89 años;TOTAL;Mujeres;2020;3.828
16 Cuenca;85-89 años;TOTAL;Mujeres;2019;3.833
16 Cuenca;85-89 años;TOTAL;Mujeres;2018;3.772
16 Cuenca;90-94 años;TOTAL;Hombres;2022;1.203
16 Cuenca;90-94 años;TOTAL;Hombres;2021;1.112
16 Cuenca;90-94 años;TOTAL;Hombres;2020;1.079
16 Cuenca;90-94 años;TOTAL;Hombres;2019;1.030
16 Cuenca;90-94 años;TOTAL;Hombres;2018;965
16 Cuenca;90-94 años;TOTAL;Mujeres;2022;1.928
16 Cuenca;90-94 años;TOTAL;Mujeres;2021;1.876
16 Cuenca;90-94 años;TOTAL;Mujeres;2020;1.911
16 Cuenca;90-94 años;TOTAL;Mujeres;2019;1.826
16 Cuenca;90-94 años;TOTAL;Mujeres;2018;1.707
16 Cuenca;95-99 años;TOTAL;Hombres;2022;200
16 Cuenca;95-99 años;TOTAL;Hombres;2021;189
16 Cuenca;95-99 años;TOTAL;Hombres;2020;216
16 Cuenca;95-99 años;TOTAL;Hombres;2019;216
16 Cuenca;95-99 años;TOTAL;Hombres;2018;204
16 Cuenca;95-99 años;TOTAL;Mujeres;2022;510
16 Cuenca;95-99 años;TOTAL;Mujeres;2021;501
16 Cuenca;95-99 años;TOTAL;Mujeres;2020;499
16 Cuenca;95-99 años;TOTAL;Mujeres;2019;462
16 Cuenca;95-99 años;TOTAL;Mujeres;2018;462
16 Cuenca;100 años y más;TOTAL;Hombres;2022;24
16 Cuenca;100 años y más;TOTAL;Hombres;2021;22
16 Cuenca;100 años y más;TOTAL;Hombres;2020;23
16 Cuenca;100 años y más;TOTAL;Hombres;2019;20
16 Cuenca;100 años y más;TOTAL;Hombres;2018;18
16 Cuenca;100 años y más;TOTAL;Mujeres;2022;94
16 Cuenca;100 años y más;TOTAL;Mujeres;2021;72
16 Cuenca;100 años y más;TOTAL;Mujeres;2020;76
16 Cuenca;100 años y más;TOTAL;Mujeres;2019;72
16 Cuenca;100 años y más;TOTAL;Mujeres;2018;64
20 Gipuzkoa;0-4 años;TOTAL;Hombres;2022;13.585
20 Gipuzkoa;0-4 años;TOTAL;Hombres;2021;14.251
20 Gipuzkoa;0-4 años;TOTAL;Hombres;2020;14.926
20 Gipuzkoa;0-4 años;TOTAL;Hombres;2019;15.564
20 Gipuzkoa;0-4 años;TOTAL;Hombres;2018;15.937
20 Gipuzkoa;0-4 años;TOTAL;Mujeres;2022;12.864
20 Gipuzkoa;0-4 años;TOTAL;Mujeres;2021;13.465
20 Gipuzkoa;0-4 años;TOTAL;Mujeres;2020;14.267
20 Gipuzkoa;0-4 años;TOTAL;Mujeres;2019;14.846
20 Gipuzkoa;0-4 años;TOTAL;Mujeres;2018;15.312
20 Gipuzkoa;5-9 años;TOTAL;Hombres;2022;17.101
20 Gipuzkoa;5-9 años;TOTAL;Hombres;2021;17.613
20 Gipuzkoa;5-9 años;TOTAL;Hombres;2020;18.223
20 Gipuzkoa;5-9 años;TOTAL;Hombres;2019;18.647
20 Gipuzkoa;5-9 años;TOTAL;Hombres;2018;19.219
20 Gipuzkoa;5-9 años;TOTAL;Mujeres;2022;16.247
20 Gipuzkoa;5-9 años;TOTAL;Mujeres;2021;16.758
20 Gipuzkoa;5-9 años;TOTAL;Mujeres;2020;17.217
20 Gipuzkoa;5-9 años;TOTAL;Mujeres;2019;17.454
20 Gipuzkoa;5-9 años;TOTAL;Mujeres;2018;17.843
20 Gipuzkoa;10-14 años;TOTAL;Hombres;2022;19.476
20 Gipuzkoa;10-14 años;TOTAL;Hombres;2021;19.575
20 Gipuzkoa;10-14 años;TOTAL;Hombres;2020;19.521
20 Gipuzkoa;10-14 años;TOTAL;Hombres;2019;19.215
20 Gipuzkoa;10-14 años;TOTAL;Hombres;2018;18.886
20 Gipuzkoa;10-14 años;TOTAL;Mujeres;2022;18.418
20 Gipuzkoa;10-14 años;TOTAL;Mujeres;2021;18.443
20 Gipuzkoa;10-14 años;TOTAL;Mujeres;2020;18.207
20 Gipuzkoa;10-14 años;TOTAL;Mujeres;2019;18.124
20 Gipuzkoa;10-14 años;TOTAL;Mujeres;2018;17.911
20 Gipuzkoa;15-19 años;TOTAL;Hombres;2022;19.205
20 Gipuzkoa;15-19 años;TOTAL;Hombres;2021;18.813
20 Gipuzkoa;15-19 años;TOTAL;Hombres;2020;18.484
20 Gipuzkoa;15-19 años;TOTAL;Hombres;2019;17.958
20 Gipuzkoa;15-19 años;TOTAL;Hombres;2018;17.152
20 Gipuzkoa;15-19 años;TOTAL;Mujeres;2022;18.080
20 Gipuzkoa;15-19 años;TOTAL;Mujeres;2021;17.683
20 Gipuzkoa;15-19 años;TOTAL;Mujeres;2020;17.392
20 Gipuzkoa;15-19 años;TOTAL;Mujeres;2019;16.879
20 Gipuzkoa;15-19 años;TOTAL;Mujeres;2018;16.278
20 Gipuzkoa;20-24 años;TOTAL;Hombres;2022;18.579
20 Gipuzkoa;20-24 años;TOTAL;Hombres;2021;18.243
20 Gipuzkoa;20-24 años;TOTAL;Hombres;2020;17.825
20 Gipuzkoa;20-24 años;TOTAL;Hombres;2019;17.014
20 Gipuzkoa;20-24 años;TOTAL;Hombres;2018;16.436
20 Gipuzkoa;20-24 años;TOTAL;Mujeres;2022;17.213
20 Gipuzkoa;20-24 años;TOTAL;Mujeres;2021;17.116
20 Gipuzkoa;20-24 años;TOTAL;Mujeres;2020;16.816
20 Gipuzkoa;20-24 años;TOTAL;Mujeres;2019;16.038
20 Gipuzkoa;20-24 años;TOTAL;Mujeres;2018;15.556
20 Gipuzkoa;25-29 años;TOTAL;Hombres;2022;17.683
20 Gipuzkoa;25-29 años;TOTAL;Hombres;2021;17.456
20 Gipuzkoa;25-29 años;TOTAL;Hombres;2020;17.188
20 Gipuzkoa;25-29 años;TOTAL;Hombres;2019;16.912
20 Gipuzkoa;25-29 años;TOTAL;Hombres;2018;16.661
20 Gipuzkoa;25-29 años;TOTAL;Mujeres;2022;16.916
20 Gipuzkoa;25-29 años;TOTAL;Mujeres;2021;16.766
20 Gipuzkoa;25-29 años;TOTAL;Mujeres;2020;16.722
20 Gipuzkoa;25-29 años;TOTAL;Mujeres;2019;16.542
20 Gipuzkoa;25-29 años;TOTAL;Mujeres;2018;16.429
20 Gipuzkoa;30-34 años;TOTAL;Hombres;2022;17.900
20 Gipuzkoa;30-34 años;TOTAL;Hombres;2021;18.322
20 Gipuzkoa;30-34 años;TOTAL;Hombres;2020;18.688
20 Gipuzkoa;30-34 años;TOTAL;Hombres;2019;18.965
20 Gipuzkoa;30-34 años;TOTAL;Hombres;2018;19.393
20 Gipuzkoa;30-34 años;TOTAL;Mujeres;2022;17.797
20 Gipuzkoa;30-34 años;TOTAL;Mujeres;2021;18.229
20 Gipuzkoa;30-34 años;TOTAL;Mujeres;2020;18.486
20 Gipuzkoa;30-34 años;TOTAL;Mujeres;2019;18.737
20 Gipuzkoa;30-34 años;TOTAL;Mujeres;2018;19.163
20 Gipuzkoa;35-39 años;TOTAL;Hombres;2022;21.030
20 Gipuzkoa;35-39 años;TOTAL;Hombres;2021;21.870
20 Gipuzkoa;35-39 años;TOTAL;Hombres;2020;22.814
20 Gipuzkoa;35-39 años;TOTAL;Hombres;2019;23.867
20 Gipuzkoa;35-39 años;TOTAL;Hombres;2018;25.144
20 Gipuzkoa;35-39 años;TOTAL;Mujeres;2022;20.828
20 Gipuzkoa;35-39 años;TOTAL;Mujeres;2021;21.777
20 Gipuzkoa;35-39 años;TOTAL;Mujeres;2020;22.750
20 Gipuzkoa;35-39 años;TOTAL;Mujeres;2019;23.680
20 Gipuzkoa;35-39 años;TOTAL;Mujeres;2018;24.905
20 Gipuzkoa;40-44 años;TOTAL;Hombres;2022;26.825
20 Gipuzkoa;40-44 años;TOTAL;Hombres;2021;28.345
20 Gipuzkoa;40-44 años;TOTAL;Hombres;2020;29.570
20 Gipuzkoa;40-44 años;TOTAL;Hombres;2019;30.314
20 Gipuzkoa;40-44 años;TOTAL;Hombres;2018;30.749
20 Gipuzkoa;40-44 años;TOTAL;Mujeres;2022;26.632
20 Gipuzkoa;40-44 años;TOTAL;Mujeres;2021;27.801
20 Gipuzkoa;40-44 años;TOTAL;Mujeres;2020;28.697
20 Gipuzkoa;40-44 años;TOTAL;Mujeres;2019;29.337
20 Gipuzkoa;40-44 años;TOTAL;Mujeres;2018;29.394
20 Gipuzkoa;45-49 años;TOTAL;Hombres;2022;30.822
20 Gipuzkoa;45-49 años;TOTAL;Hombres;2021;30.509
20 Gipuzkoa;45-49 años;TOTAL;Hombres;2020;30.190
20 Gipuzkoa;45-49 años;TOTAL;Hombres;2019;29.568
20 Gipuzkoa;45-49 años;TOTAL;Hombres;2018;29.121
20 Gipuzkoa;45-49 años;TOTAL;Mujeres;2022;29.487
20 Gipuzkoa;45-49 años;TOTAL;Mujeres;2021;29.153
20 Gipuzkoa;45-49 años;TOTAL;Mujeres;2020;28.869
20 Gipuzkoa;45-49 años;TOTAL;Mujeres;2019;28.252
20 Gipuzkoa;45-49 años;TOTAL;Mujeres;2018;27.863
20 Gipuzkoa;50-54 años;TOTAL;Hombres;2022;28.440
20 Gipuzkoa;50-54 años;TOTAL;Hombres;2021;28.242
20 Gipuzkoa;50-54 años;TOTAL;Hombres;2020;28.015
20 Gipuzkoa;50-54 años;TOTAL;Hombres;2019;28.027
20 Gipuzkoa;50-54 años;TOTAL;Hombres;2018;27.810
20 Gipuzkoa;50-54 años;TOTAL;Mujeres;2022;27.683
20 Gipuzkoa;50-54 años;TOTAL;Mujeres;2021;27.609
20 Gipuzkoa;50-54 años;TOTAL;Mujeres;2020;27.658
20 Gipuzkoa;50-54 años;TOTAL;Mujeres;2019;27.800
20 Gipuzkoa;50-54 años;TOTAL;Mujeres;2018;27.833
20 Gipuzkoa;55-59 años;TOTAL;Hombres;2022;26.693
20 Gipuzkoa;55-59 años;TOTAL;Hombres;2021;26.369
20 Gipuzkoa;55-59 años;TOTAL;Hombres;2020;26.045
20 Gipuzkoa;55-59 años;TOTAL;Hombres;2019;25.696
20 Gipuzkoa;55-59 años;TOTAL;Hombres;2018;25.397
20 Gipuzkoa;55-59 años;TOTAL;Mujeres;2022;27.504
20 Gipuzkoa;55-59 años;TOTAL;Mujeres;2021;27.290
20 Gipuzkoa;55-59 años;TOTAL;Mujeres;2020;27.060
20 Gipuzkoa;55-59 años;TOTAL;Mujeres;2019;26.677
20 Gipuzkoa;55-59 años;TOTAL;Mujeres;2018;26.381
20 Gipuzkoa;60-64 años;TOTAL;Hombres;2022;24.413
20 Gipuzkoa;60-64 años;TOTAL;Hombres;2021;24.118
20 Gipuzkoa;60-64 años;TOTAL;Hombres;2020;23.624
20 Gipuzkoa;60-64 años;TOTAL;Hombres;2019;22.856
20 Gipuzkoa;60-64 años;TOTAL;Hombres;2018;22.339
20 Gipuzkoa;60-64 años;TOTAL;Mujeres;2022;25.607
20 Gipuzkoa;60-64 años;TOTAL;Mujeres;2021;25.200
20 Gipuzkoa;60-64 años;TOTAL;Mujeres;2020;24.649
20 Gipuzkoa;60-64 años;TOTAL;Mujeres;2019;23.943
20 Gipuzkoa;60-64 años;TOTAL;Mujeres;2018;23.425
20 Gipuzkoa;65-69 años;TOTAL;Hombres;2022;20.580
20 Gipuzkoa;65-69 años;TOTAL;Hombres;2021;20.095
20 Gipuzkoa;65-69 años;TOTAL;Hombres;2020;19.939
20 Gipuzkoa;65-69 años;TOTAL;Hombres;2019;20.095
20 Gipuzkoa;65-69 años;TOTAL;Hombres;2018;20.284
20 Gipuzkoa;65-69 años;TOTAL;Mujeres;2022;22.458
20 Gipuzkoa;65-69 años;TOTAL;Mujeres;2021;22.215
20 Gipuzkoa;65-69 años;TOTAL;Mujeres;2020;22.005
20 Gipuzkoa;65-69 años;TOTAL;Mujeres;2019;22.015
20 Gipuzkoa;65-69 años;TOTAL;Mujeres;2018;22.139
20 Gipuzkoa;70-74 años;TOTAL;Hombres;2022;18.513
20 Gipuzkoa;70-74 años;TOTAL;Hombres;2021;18.674
20 Gipuzkoa;70-74 años;TOTAL;Hombres;2020;18.813
20 Gipuzkoa;70-74 años;TOTAL;Hombres;2019;18.446
20 Gipuzkoa;70-74 años;TOTAL;Hombres;2018;17.812
20 Gipuzkoa;70-74 años;TOTAL;Mujeres;2022;21.231
20 Gipuzkoa;70-74 años;TOTAL;Mujeres;2021;21.281
20 Gipuzkoa;70-74 años;TOTAL;Mujeres;2020;21.573
20 Gipuzkoa;70-74 años;TOTAL;Mujeres;2019;21.230
20 Gipuzkoa;70-74 años;TOTAL;Mujeres;2018;20.747
20 Gipuzkoa;75-79 años;TOTAL;Hombres;2022;14.915
20 Gipuzkoa;75-79 años;TOTAL;Hombres;2021;14.037
20 Gipuzkoa;75-79 años;TOTAL;Hombres;2020;13.485
20 Gipuzkoa;75-79 años;TOTAL;Hombres;2019;12.442
20 Gipuzkoa;75-79 años;TOTAL;Hombres;2018;11.703
20 Gipuzkoa;75-79 años;TOTAL;Mujeres;2022;18.598
20 Gipuzkoa;75-79 años;TOTAL;Mujeres;2021;17.719
20 Gipuzkoa;75-79 años;TOTAL;Mujeres;2020;16.904
20 Gipuzkoa;75-79 años;TOTAL;Mujeres;2019;15.697
20 Gipuzkoa;75-79 años;TOTAL;Mujeres;2018;14.620
20 Gipuzkoa;80-84 años;TOTAL;Hombres;2022;9.078
20 Gipuzkoa;80-84 años;TOTAL;Hombres;2021;9.215
20 Gipuzkoa;80-84 años;TOTAL;Hombres;2020;9.065
20 Gipuzkoa;80-84 años;TOTAL;Hombres;2019;9.477
20 Gipuzkoa;80-84 años;TOTAL;Hombres;2018;9.731
20 Gipuzkoa;80-84 años;TOTAL;Mujeres;2022;12.960
20 Gipuzkoa;80-84 años;TOTAL;Mujeres;2021;13.304
20 Gipuzkoa;80-84 años;TOTAL;Mujeres;2020;13.382
20 Gipuzkoa;80-84 años;TOTAL;Mujeres;2019;14.286
20 Gipuzkoa;80-84 años;TOTAL;Mujeres;2018;15.008
20 Gipuzkoa;85-89 años;TOTAL;Hombres;2022;6.343
20 Gipuzkoa;85-89 años;TOTAL;Hombres;2021;6.300
20 Gipuzkoa;85-89 años;TOTAL;Hombres;2020;6.178
20 Gipuzkoa;85-89 años;TOTAL;Hombres;2019;5.954
20 Gipuzkoa;85-89 años;TOTAL;Hombres;2018;5.756
20 Gipuzkoa;85-89 años;TOTAL;Mujeres;2022;11.859
20 Gipuzkoa;85-89 años;TOTAL;Mujeres;2021;11.703
20 Gipuzkoa;85-89 años;TOTAL;Mujeres;2020;11.759
20 Gipuzkoa;85-89 años;TOTAL;Mujeres;2019;11.384
20 Gipuzkoa;85-89 años;TOTAL;Mujeres;2018;11.233
20 Gipuzkoa;90-94 años;TOTAL;Hombres;2022;2.353
20 Gipuzkoa;90-94 años;TOTAL;Hombres;2021;2.238
20 Gipuzkoa;90-94 años;TOTAL;Hombres;2020;2.126
20 Gipuzkoa;90-94 años;TOTAL;Hombres;2019;1.965
20 Gipuzkoa;90-94 años;TOTAL;Hombres;2018;1.812
20 Gipuzkoa;90-94 años;TOTAL;Mujeres;2022;6.075
20 Gipuzkoa;90-94 años;TOTAL;Mujeres;2021;5.944
20 Gipuzkoa;90-94 años;TOTAL;Mujeres;2020;5.732
20 Gipuzkoa;90-94 años;TOTAL;Mujeres;2019;5.607
20 Gipuzkoa;90-94 años;TOTAL;Mujeres;2018;5.312
20 Gipuzkoa;95-99 años;TOTAL;Hombres;2022;396
20 Gipuzkoa;95-99 años;TOTAL;Hombres;2021;391
20 Gipuzkoa;95-99 años;TOTAL;Hombres;2020;377
20 Gipuzkoa;95-99 años;TOTAL;Hombres;2019;349
20 Gipuzkoa;95-99 años;TOTAL;Hombres;2018;326
20 Gipuzkoa;95-99 años;TOTAL;Mujeres;2022;1.730
20 Gipuzkoa;95-99 años;TOTAL;Mujeres;2021;1.641
20 Gipuzkoa;95-99 años;TOTAL;Mujeres;2020;1.637
20 Gipuzkoa;95-99 años;TOTAL;Mujeres;2019;1.467
20 Gipuzkoa;95-99 años;TOTAL;Mujeres;2018;1.348
20 Gipuzkoa;100 años y más;TOTAL;Hombres;2022;37
20 Gipuzkoa;100 años y más;TOTAL;Hombres;2021;41
20 Gipuzkoa;100 años y más;TOTAL;Hombres;2020;34
20 Gipuzkoa;100 años y más;TOTAL;Hombres;2019;32
20 Gipuzkoa;100 años y más;TOTAL;Hombres;2018;28
20 Gipuzkoa;100 años y más;TOTAL;Mujeres;2022;264
20 Gipuzkoa;100 años y más;TOTAL;Mujeres;2021;219
20 Gipuzkoa;100 años y más;TOTAL;Mujeres;2020;209
20 Gipuzkoa;100 años y más;TOTAL;Mujeres;2019;218
20 Gipuzkoa;100 años y más;TOTAL;Mujeres;2018;196
17 Girona;0-4 años;TOTAL;Hombres;2022;17.175
17 Girona;0-4 años;TOTAL;Hombres;2021;17.780
17 Girona;0-4 años;TOTAL;Hombres;2020;18.648
17 Girona;0-4 años;TOTAL;Hombres;2019;19.087
17 Girona;0-4 años;TOTAL;Hombres;2018;19.409
17 Girona;0-4 años;TOTAL;Mujeres;2022;16.559
17 Girona;0-4 años;TOTAL;Mujeres;2021;17.099
17 Girona;0-4 años;TOTAL;Mujeres;2020;17.768
17 Girona;0-4 años;TOTAL;Mujeres;2019;18.110
17 Girona;0-4 años;TOTAL;Mujeres;2018;18.248
17 Girona;5-9 años;TOTAL;Hombres;2022;21.075
17 Girona;5-9 años;TOTAL;Hombres;2021;21.468
17 Girona;5-9 años;TOTAL;Hombres;2020;21.825
17 Girona;5-9 años;TOTAL;Hombres;2019;22.175
17 Girona;5-9 años;TOTAL;Hombres;2018;22.643
17 Girona;5-9 años;TOTAL;Mujeres;2022;19.777
17 Girona;5-9 años;TOTAL;Mujeres;2021;20.073
17 Girona;5-9 años;TOTAL;Mujeres;2020;20.565
17 Girona;5-9 años;TOTAL;Mujeres;2019;20.777
17 Girona;5-9 años;TOTAL;Mujeres;2018;21.479
17 Girona;10-14 años;TOTAL;Hombres;2022;23.731
17 Girona;10-14 años;TOTAL;Hombres;2021;23.579
17 Girona;10-14 años;TOTAL;Hombres;2020;23.261
17 Girona;10-14 años;TOTAL;Hombres;2019;22.656
17 Girona;10-14 años;TOTAL;Hombres;2018;21.991
17 Girona;10-14 años;TOTAL;Mujeres;2022;22.181
17 Girona;10-14 años;TOTAL;Mujeres;2021;22.210
17 Girona;10-14 años;TOTAL;Mujeres;2020;21.858
17 Girona;10-14 años;TOTAL;Mujeres;2019;21.557
17 Girona;10-14 años;TOTAL;Mujeres;2018;20.887
17 Girona;15-19 años;TOTAL;Hombres;2022;22.988
17 Girona;15-19 años;TOTAL;Hombres;2021;22.249
17 Girona;15-19 años;TOTAL;Hombres;2020;21.924
17 Girona;15-19 años;TOTAL;Hombres;2019;20.992
17 Girona;15-19 años;TOTAL;Hombres;2018;20.118
17 Girona;15-19 años;TOTAL;Mujeres;2022;21.094
17 Girona;15-19 años;TOTAL;Mujeres;2021;20.440
17 Girona;15-19 años;TOTAL;Mujeres;2020;20.083
17 Girona;15-19 años;TOTAL;Mujeres;2019;19.138
17 Girona;15-19 años;TOTAL;Mujeres;2018;18.408
17 Girona;20-24 años;TOTAL;Hombres;2022;22.448
17 Girona;20-24 años;TOTAL;Hombres;2021;21.858
17 Girona;20-24 años;TOTAL;Hombres;2020;21.500
17 Girona;20-24 años;TOTAL;Hombres;2019;20.709
17 Girona;20-24 años;TOTAL;Hombres;2018;20.087
17 Girona;20-24 años;TOTAL;Mujeres;2022;20.183
17 Girona;20-24 años;TOTAL;Mujeres;2021;19.879
17 Girona;20-24 años;TOTAL;Mujeres;2020;19.400
17 Girona;20-24 años;TOTAL;Mujeres;2019;18.993
17 Girona;20-24 años;TOTAL;Mujeres;2018;18.505
17 Girona;25-29 años;TOTAL;Hombres;2022;22.672
17 Girona;25-29 años;TOTAL;Hombres;2021;22.548
17 Girona;25-29 años;TOTAL;Hombres;2020;22.574
17 Girona;25-29 años;TOTAL;Hombres;2019;21.544
17 Girona;25-29 años;TOTAL;Hombres;2018;20.892
17 Girona;25-29 años;TOTAL;Mujeres;2022;20.920
17 Girona;25-29 años;TOTAL;Mujeres;2021;20.978
17 Girona;25-29 años;TOTAL;Mujeres;2020;21.150
17 Girona;25-29 años;TOTAL;Mujeres;2019;21.023
17 Girona;25-29 años;TOTAL;Mujeres;2018;20.840
17 Girona;30-34 años;TOTAL;Hombres;2022;23.359
17 Girona;30-34 años;TOTAL;Hombres;2021;23.075
17 Girona;30-34 años;TOTAL;Hombres;2020;23.284
17 Girona;30-34 años;TOTAL;Hombres;2019;23.368
17 Girona;30-34 años;TOTAL;Hombres;2018;23.402
17 Girona;30-34 años;TOTAL;Mujeres;2022;23.233
17 Girona;30-34 años;TOTAL;Mujeres;2021;23.316
17 Girona;30-34 años;TOTAL;Mujeres;2020;23.577
17 Girona;30-34 años;TOTAL;Mujeres;2019;23.458
17 Girona;30-34 años;TOTAL;Mujeres;2018;23.649
17 Girona;35-39 años;TOTAL;Hombres;2022;26.242
17 Girona;35-39 años;TOTAL;Hombres;2021;27.327
17 Girona;35-39 años;TOTAL;Hombres;2020;28.545
17 Girona;35-39 años;TOTAL;Hombres;2019;29.531
17 Girona;35-39 años;TOTAL;Hombres;2018;30.791
17 Girona;35-39 años;TOTAL;Mujeres;2022;26.217
17 Girona;35-39 años;TOTAL;Mujeres;2021;26.885
17 Girona;35-39 años;TOTAL;Mujeres;2020;27.913
17 Girona;35-39 años;TOTAL;Mujeres;2019;28.745
17 Girona;35-39 años;TOTAL;Mujeres;2018;29.556
17 Girona;40-44 años;TOTAL;Hombres;2022;33.692
17 Girona;40-44 años;TOTAL;Hombres;2021;34.487
17 Girona;40-44 años;TOTAL;Hombres;2020;34.684
17 Girona;40-44 años;TOTAL;Hombres;2019;34.475
17 Girona;40-44 años;TOTAL;Hombres;2018;34.225
17 Girona;40-44 años;TOTAL;Mujeres;2022;31.796
17 Girona;40-44 años;TOTAL;Mujeres;2021;32.289
17 Girona;40-44 años;TOTAL;Mujeres;2020;32.305
17 Girona;40-44 años;TOTAL;Mujeres;2019;32.035
17 Girona;40-44 años;TOTAL;Mujeres;2018;31.407
17 Girona;45-49 años;TOTAL;Hombres;2022;34.340
17 Girona;45-49 años;TOTAL;Hombres;2021;33.575
17 Girona;45-49 años;TOTAL;Hombres;2020;32.822
17 Girona;45-49 años;TOTAL;Hombres;2019;31.874
17 Girona;45-49 años;TOTAL;Hombres;2018;31.203
17 Girona;45-49 años;TOTAL;Mujeres;2022;31.857
17 Girona;45-49 años;TOTAL;Mujeres;2021;31.104
17 Girona;45-49 años;TOTAL;Mujeres;2020;30.413
17 Girona;45-49 años;TOTAL;Mujeres;2019;29.591
17 Girona;45-49 años;TOTAL;Mujeres;2018;29.031
17 Girona;50-54 años;TOTAL;Hombres;2022;30.893
17 Girona;50-54 años;TOTAL;Hombres;2021;30.334
17 Girona;50-54 años;TOTAL;Hombres;2020;29.679
17 Girona;50-54 años;TOTAL;Hombres;2019;29.391
17 Girona;50-54 años;TOTAL;Hombres;2018;28.867
17 Girona;50-54 años;TOTAL;Mujeres;2022;29.178
17 Girona;50-54 años;TOTAL;Mujeres;2021;28.605
17 Girona;50-54 años;TOTAL;Mujeres;2020;28.125
17 Girona;50-54 años;TOTAL;Mujeres;2019;27.901
17 Girona;50-54 años;TOTAL;Mujeres;2018;27.402
17 Girona;55-59 años;TOTAL;Hombres;2022;28.331
17 Girona;55-59 años;TOTAL;Hombres;2021;27.499
17 Girona;55-59 años;TOTAL;Hombres;2020;26.763
17 Girona;55-59 años;TOTAL;Hombres;2019;25.883
17 Girona;55-59 años;TOTAL;Hombres;2018;25.445
17 Girona;55-59 años;TOTAL;Mujeres;2022;27.415
17 Girona;55-59 años;TOTAL;Mujeres;2021;26.712
17 Girona;55-59 años;TOTAL;Mujeres;2020;26.298
17 Girona;55-59 años;TOTAL;Mujeres;2019;25.561
17 Girona;55-59 años;TOTAL;Mujeres;2018;25.077
17 Girona;60-64 años;TOTAL;Hombres;2022;24.442
17 Girona;60-64 años;TOTAL;Hombres;2021;23.608
17 Girona;60-64 años;TOTAL;Hombres;2020;22.905
17 Girona;60-64 años;TOTAL;Hombres;2019;22.310
17 Girona;60-64 años;TOTAL;Hombres;2018;21.621
17 Girona;60-64 años;TOTAL;Mujeres;2022;24.873
17 Girona;60-64 años;TOTAL;Mujeres;2021;24.262
17 Girona;60-64 años;TOTAL;Mujeres;2020;23.479
17 Girona;60-64 años;TOTAL;Mujeres;2019;22.736
17 Girona;60-64 años;TOTAL;Mujeres;2018;21.853
17 Girona;65-69 años;TOTAL;Hombres;2022;20.537
17 Girona;65-69 años;TOTAL;Hombres;2021;19.968
17 Girona;65-69 años;TOTAL;Hombres;2020;19.217
17 Girona;65-69 años;TOTAL;Hombres;2019;18.701
17 Girona;65-69 años;TOTAL;Hombres;2018;18.656
17 Girona;65-69 años;TOTAL;Mujeres;2022;21.228
17 Girona;65-69 años;TOTAL;Mujeres;2021;20.512
17 Girona;65-69 años;TOTAL;Mujeres;2020;19.967
17 Girona;65-69 años;TOTAL;Mujeres;2019;19.454
17 Girona;65-69 años;TOTAL;Mujeres;2018;19.421
17 Girona;70-74 años;TOTAL;Hombres;2022;16.892
17 Girona;70-74 años;TOTAL;Hombres;2021;16.603
17 Girona;70-74 años;TOTAL;Hombres;2020;16.310
17 Girona;70-74 años;TOTAL;Hombres;2019;15.918
17 Girona;70-74 años;TOTAL;Hombres;2018;15.108
17 Girona;70-74 años;TOTAL;Mujeres;2022;18.696
17 Girona;70-74 años;TOTAL;Mujeres;2021;18.229
17 Girona;70-74 años;TOTAL;Mujeres;2020;17.773
17 Girona;70-74 años;TOTAL;Mujeres;2019;17.332
17 Girona;70-74 años;TOTAL;Mujeres;2018;16.482
17 Girona;75-79 años;TOTAL;Hombres;2022;12.644
17 Girona;75-79 años;TOTAL;Hombres;2021;11.972
17 Girona;75-79 años;TOTAL;Hombres;2020;11.791
17 Girona;75-79 años;TOTAL;Hombres;2019;10.734
17 Girona;75-79 años;TOTAL;Hombres;2018;9.897
17 Girona;75-79 años;TOTAL;Mujeres;2022;14.640
17 Girona;75-79 años;TOTAL;Mujeres;2021;14.000
17 Girona;75-79 años;TOTAL;Mujeres;2020;13.917
17 Girona;75-79 años;TOTAL;Mujeres;2019;12.600
17 Girona;75-79 años;TOTAL;Mujeres;2018;11.912
17 Girona;80-84 años;TOTAL;Hombres;2022;7.688
17 Girona;80-84 años;TOTAL;Hombres;2021;7.772
17 Girona;80-84 años;TOTAL;Hombres;2020;7.432
17 Girona;80-84 años;TOTAL;Hombres;2019;8.097
17 Girona;80-84 años;TOTAL;Hombres;2018;8.671
17 Girona;80-84 años;TOTAL;Mujeres;2022;10.373
17 Girona;80-84 años;TOTAL;Mujeres;2021;10.644
17 Girona;80-84 años;TOTAL;Mujeres;2020;10.537
17 Girona;80-84 años;TOTAL;Mujeres;2019;11.584
17 Girona;80-84 años;TOTAL;Mujeres;2018;12.176
17 Girona;85-89 años;TOTAL;Hombres;2022;5.501
17 Girona;85-89 años;TOTAL;Hombres;2021;5.438
17 Girona;85-89 años;TOTAL;Hombres;2020;5.454
17 Girona;85-89 años;TOTAL;Hombres;2019;5.439
17 Girona;85-89 años;TOTAL;Hombres;2018;5.326
17 Girona;85-89 años;TOTAL;Mujeres;2022;9.279
17 Girona;85-89 años;TOTAL;Mujeres;2021;9.262
17 Girona;85-89 años;TOTAL;Mujeres;2020;9.357
17 Girona;85-89 años;TOTAL;Mujeres;2019;9.233
17 Girona;85-89 años;TOTAL;Mujeres;2018;9.156
17 Girona;90-94 años;TOTAL;Hombres;2022;2.265
17 Girona;90-94 años;TOTAL;Hombres;2021;2.163
17 Girona;90-94 años;TOTAL;Hombres;2020;2.107
17 Girona;90-94 años;TOTAL;Hombres;2019;1.993
17 Girona;90-94 años;TOTAL;Hombres;2018;1.913
17 Girona;90-94 años;TOTAL;Mujeres;2022;4.904
17 Girona;90-94 años;TOTAL;Mujeres;2021;4.833
17 Girona;90-94 años;TOTAL;Mujeres;2020;4.656
17 Girona;90-94 años;TOTAL;Mujeres;2019;4.502
17 Girona;90-94 años;TOTAL;Mujeres;2018;4.430
17 Girona;95-99 años;TOTAL;Hombres;2022;432
17 Girona;95-99 años;TOTAL;Hombres;2021;402
17 Girona;95-99 años;TOTAL;Hombres;2020;397
17 Girona;95-99 años;TOTAL;Hombres;2019;356
17 Girona;95-99 años;TOTAL;Hombres;2018;372
17 Girona;95-99 años;TOTAL;Mujeres;2022;1.404
17 Girona;95-99 años;TOTAL;Mujeres;2021;1.275
17 Girona;95-99 años;TOTAL;Mujeres;2020;1.266
17 Girona;95-99 años;TOTAL;Mujeres;2019;1.237
17 Girona;95-99 años;TOTAL;Mujeres;2018;1.173
17 Girona;100 años y más;TOTAL;Hombres;2022;76
17 Girona;100 años y más;TOTAL;Hombres;2021;64
17 Girona;100 años y más;TOTAL;Hombres;2020;61
17 Girona;100 años y más;TOTAL;Hombres;2019;65
17 Girona;100 años y más;TOTAL;Hombres;2018;53
17 Girona;100 años y más;TOTAL;Mujeres;2022;248
17 Girona;100 años y más;TOTAL;Mujeres;2021;220
17 Girona;100 años y más;TOTAL;Mujeres;2020;198
17 Girona;100 años y más;TOTAL;Mujeres;2019;179
17 Girona;100 años y más;TOTAL;Mujeres;2018;165
18 Granada;0-4 años;TOTAL;Hombres;2022;18.423
18 Granada;0-4 años;TOTAL;Hombres;2021;19.151
18 Granada;0-4 años;TOTAL;Hombres;2020;20.111
18 Granada;0-4 años;TOTAL;Hombres;2019;20.479
18 Granada;0-4 años;TOTAL;Hombres;2018;20.786
18 Granada;0-4 años;TOTAL;Mujeres;2022;17.921
18 Granada;0-4 años;TOTAL;Mujeres;2021;18.430
18 Granada;0-4 años;TOTAL;Mujeres;2020;19.103
18 Granada;0-4 años;TOTAL;Mujeres;2019;19.261
18 Granada;0-4 años;TOTAL;Mujeres;2018;19.412
18 Granada;5-9 años;TOTAL;Hombres;2022;22.958
18 Granada;5-9 años;TOTAL;Hombres;2021;23.015
18 Granada;5-9 años;TOTAL;Hombres;2020;23.285
18 Granada;5-9 años;TOTAL;Hombres;2019;23.555
18 Granada;5-9 años;TOTAL;Hombres;2018;24.661
18 Granada;5-9 años;TOTAL;Mujeres;2022;21.260
18 Granada;5-9 años;TOTAL;Mujeres;2021;21.415
18 Granada;5-9 años;TOTAL;Mujeres;2020;21.560
18 Granada;5-9 años;TOTAL;Mujeres;2019;21.942
18 Granada;5-9 años;TOTAL;Mujeres;2018;22.964
18 Granada;10-14 años;TOTAL;Hombres;2022;25.840
18 Granada;10-14 años;TOTAL;Hombres;2021;26.304
18 Granada;10-14 años;TOTAL;Hombres;2020;26.468
18 Granada;10-14 años;TOTAL;Hombres;2019;26.497
18 Granada;10-14 años;TOTAL;Hombres;2018;25.852
18 Granada;10-14 años;TOTAL;Mujeres;2022;24.357
18 Granada;10-14 años;TOTAL;Mujeres;2021;24.978
18 Granada;10-14 años;TOTAL;Mujeres;2020;25.227
18 Granada;10-14 años;TOTAL;Mujeres;2019;25.200
18 Granada;10-14 años;TOTAL;Mujeres;2018;24.776
18 Granada;15-19 años;TOTAL;Hombres;2022;26.289
18 Granada;15-19 años;TOTAL;Hombres;2021;25.874
18 Granada;15-19 años;TOTAL;Hombres;2020;25.623
18 Granada;15-19 años;TOTAL;Hombres;2019;25.012
18 Granada;15-19 años;TOTAL;Hombres;2018;24.713
18 Granada;15-19 años;TOTAL;Mujeres;2022;24.642
18 Granada;15-19 años;TOTAL;Mujeres;2021;24.288
18 Granada;15-19 años;TOTAL;Mujeres;2020;23.926
18 Granada;15-19 años;TOTAL;Mujeres;2019;23.477
18 Granada;15-19 años;TOTAL;Mujeres;2018;23.216
18 Granada;20-24 años;TOTAL;Hombres;2022;26.123
18 Granada;20-24 años;TOTAL;Hombres;2021;25.885
18 Granada;20-24 años;TOTAL;Hombres;2020;25.698
18 Granada;20-24 años;TOTAL;Hombres;2019;25.625
18 Granada;20-24 años;TOTAL;Hombres;2018;25.943
18 Granada;20-24 años;TOTAL;Mujeres;2022;24.514
18 Granada;20-24 años;TOTAL;Mujeres;2021;24.444
18 Granada;20-24 años;TOTAL;Mujeres;2020;24.529
18 Granada;20-24 años;TOTAL;Mujeres;2019;24.453
18 Granada;20-24 años;TOTAL;Mujeres;2018;24.683
18 Granada;25-29 años;TOTAL;Hombres;2022;26.947
18 Granada;25-29 años;TOTAL;Hombres;2021;27.558
18 Granada;25-29 años;TOTAL;Hombres;2020;27.661
18 Granada;25-29 años;TOTAL;Hombres;2019;28.116
18 Granada;25-29 años;TOTAL;Hombres;2018;28.110
18 Granada;25-29 años;TOTAL;Mujeres;2022;25.782
18 Granada;25-29 años;TOTAL;Mujeres;2021;26.381
18 Granada;25-29 años;TOTAL;Mujeres;2020;26.487
18 Granada;25-29 años;TOTAL;Mujeres;2019;26.827
18 Granada;25-29 años;TOTAL;Mujeres;2018;27.112
18 Granada;30-34 años;TOTAL;Hombres;2022;28.743
18 Granada;30-34 años;TOTAL;Hombres;2021;28.895
18 Granada;30-34 años;TOTAL;Hombres;2020;28.800
18 Granada;30-34 años;TOTAL;Hombres;2019;29.137
18 Granada;30-34 años;TOTAL;Hombres;2018;29.685
18 Granada;30-34 años;TOTAL;Mujeres;2022;27.708
18 Granada;30-34 años;TOTAL;Mujeres;2021;28.064
18 Granada;30-34 años;TOTAL;Mujeres;2020;28.078
18 Granada;30-34 años;TOTAL;Mujeres;2019;28.370
18 Granada;30-34 años;TOTAL;Mujeres;2018;28.868
18 Granada;35-39 años;TOTAL;Hombres;2022;30.805
18 Granada;35-39 años;TOTAL;Hombres;2021;31.769
18 Granada;35-39 años;TOTAL;Hombres;2020;33.097
18 Granada;35-39 años;TOTAL;Hombres;2019;34.062
18 Granada;35-39 años;TOTAL;Hombres;2018;35.390
18 Granada;35-39 años;TOTAL;Mujeres;2022;30.282
18 Granada;35-39 años;TOTAL;Mujeres;2021;31.315
18 Granada;35-39 años;TOTAL;Mujeres;2020;32.423
18 Granada;35-39 años;TOTAL;Mujeres;2019;33.173
18 Granada;35-39 años;TOTAL;Mujeres;2018;34.036
18 Granada;40-44 años;TOTAL;Hombres;2022;36.331
18 Granada;40-44 años;TOTAL;Hombres;2021;37.108
18 Granada;40-44 años;TOTAL;Hombres;2020;37.075
18 Granada;40-44 años;TOTAL;Hombres;2019;37.159
18 Granada;40-44 años;TOTAL;Hombres;2018;36.985
18 Granada;40-44 años;TOTAL;Mujeres;2022;35.345
18 Granada;40-44 años;TOTAL;Mujeres;2021;35.815
18 Granada;40-44 años;TOTAL;Mujeres;2020;35.912
18 Granada;40-44 años;TOTAL;Mujeres;2019;35.858
18 Granada;40-44 años;TOTAL;Mujeres;2018;35.708
18 Granada;45-49 años;TOTAL;Hombres;2022;36.482
18 Granada;45-49 años;TOTAL;Hombres;2021;36.054
18 Granada;45-49 años;TOTAL;Hombres;2020;35.760
18 Granada;45-49 años;TOTAL;Hombres;2019;35.358
18 Granada;45-49 años;TOTAL;Hombres;2018;35.392
18 Granada;45-49 años;TOTAL;Mujeres;2022;35.879
18 Granada;45-49 años;TOTAL;Mujeres;2021;35.818
18 Granada;45-49 años;TOTAL;Mujeres;2020;35.353
18 Granada;45-49 años;TOTAL;Mujeres;2019;35.163
18 Granada;45-49 años;TOTAL;Mujeres;2018;35.229
18 Granada;50-54 años;TOTAL;Hombres;2022;35.319
18 Granada;50-54 años;TOTAL;Hombres;2021;35.614
18 Granada;50-54 años;TOTAL;Hombres;2020;35.719
18 Granada;50-54 años;TOTAL;Hombres;2019;35.982
18 Granada;50-54 años;TOTAL;Hombres;2018;35.621
18 Granada;50-54 años;TOTAL;Mujeres;2022;36.085
18 Granada;50-54 años;TOTAL;Mujeres;2021;36.186
18 Granada;50-54 años;TOTAL;Mujeres;2020;36.481
18 Granada;50-54 años;TOTAL;Mujeres;2019;36.808
18 Granada;50-54 años;TOTAL;Mujeres;2018;36.307
18 Granada;55-59 años;TOTAL;Hombres;2022;34.503
18 Granada;55-59 años;TOTAL;Hombres;2021;33.833
18 Granada;55-59 años;TOTAL;Hombres;2020;32.895
18 Granada;55-59 años;TOTAL;Hombres;2019;31.757
18 Granada;55-59 años;TOTAL;Hombres;2018;31.096
18 Granada;55-59 años;TOTAL;Mujeres;2022;35.791
18 Granada;55-59 años;TOTAL;Mujeres;2021;35.012
18 Granada;55-59 años;TOTAL;Mujeres;2020;34.250
18 Granada;55-59 años;TOTAL;Mujeres;2019;32.986
18 Granada;55-59 años;TOTAL;Mujeres;2018;32.546
18 Granada;60-64 años;TOTAL;Hombres;2022;30.116
18 Granada;60-64 años;TOTAL;Hombres;2021;29.139
18 Granada;60-64 años;TOTAL;Hombres;2020;27.938
18 Granada;60-64 años;TOTAL;Hombres;2019;26.537
18 Granada;60-64 años;TOTAL;Hombres;2018;25.137
18 Granada;60-64 años;TOTAL;Mujeres;2022;31.797
18 Granada;60-64 años;TOTAL;Mujeres;2021;30.690
18 Granada;60-64 años;TOTAL;Mujeres;2020;29.178
18 Granada;60-64 años;TOTAL;Mujeres;2019;27.854
18 Granada;60-64 años;TOTAL;Mujeres;2018;26.386
18 Granada;65-69 años;TOTAL;Hombres;2022;23.174
18 Granada;65-69 años;TOTAL;Hombres;2021;22.273
18 Granada;65-69 años;TOTAL;Hombres;2020;21.359
18 Granada;65-69 años;TOTAL;Hombres;2019;21.057
18 Granada;65-69 años;TOTAL;Hombres;2018;20.628
18 Granada;65-69 años;TOTAL;Mujeres;2022;24.998
18 Granada;65-69 años;TOTAL;Mujeres;2021;24.117
18 Granada;65-69 años;TOTAL;Mujeres;2020;23.339
18 Granada;65-69 años;TOTAL;Mujeres;2019;22.873
18 Granada;65-69 años;TOTAL;Mujeres;2018;22.814
18 Granada;70-74 años;TOTAL;Hombres;2022;18.520
18 Granada;70-74 años;TOTAL;Hombres;2021;18.108
18 Granada;70-74 años;TOTAL;Hombres;2020;18.297
18 Granada;70-74 años;TOTAL;Hombres;2019;17.938
18 Granada;70-74 años;TOTAL;Hombres;2018;17.642
18 Granada;70-74 años;TOTAL;Mujeres;2022;21.664
18 Granada;70-74 años;TOTAL;Mujeres;2021;21.266
18 Granada;70-74 años;TOTAL;Mujeres;2020;21.557
18 Granada;70-74 años;TOTAL;Mujeres;2019;21.262
18 Granada;70-74 años;TOTAL;Mujeres;2018;20.663
18 Granada;75-79 años;TOTAL;Hombres;2022;14.694
18 Granada;75-79 años;TOTAL;Hombres;2021;14.084
18 Granada;75-79 años;TOTAL;Hombres;2020;13.949
18 Granada;75-79 años;TOTAL;Hombres;2019;13.108
18 Granada;75-79 años;TOTAL;Hombres;2018;12.433
18 Granada;75-79 años;TOTAL;Mujeres;2022;18.341
18 Granada;75-79 años;TOTAL;Mujeres;2021;17.830
18 Granada;75-79 años;TOTAL;Mujeres;2020;17.811
18 Granada;75-79 años;TOTAL;Mujeres;2019;16.950
18 Granada;75-79 años;TOTAL;Mujeres;2018;16.068
18 Granada;80-84 años;TOTAL;Hombres;2022;9.356
18 Granada;80-84 años;TOTAL;Hombres;2021;9.672
18 Granada;80-84 años;TOTAL;Hombres;2020;9.533
18 Granada;80-84 años;TOTAL;Hombres;2019;10.151
18 Granada;80-84 años;TOTAL;Hombres;2018;10.669
18 Granada;80-84 años;TOTAL;Mujeres;2022;13.745
18 Granada;80-84 años;TOTAL;Mujeres;2021;14.364
18 Granada;80-84 años;TOTAL;Mujeres;2020;14.224
18 Granada;80-84 años;TOTAL;Mujeres;2019;15.080
18 Granada;80-84 años;TOTAL;Mujeres;2018;15.898
18 Granada;85-89 años;TOTAL;Hombres;2022;6.572
18 Granada;85-89 años;TOTAL;Hombres;2021;6.601
18 Granada;85-89 años;TOTAL;Hombres;2020;6.655
18 Granada;85-89 años;TOTAL;Hombres;2019;6.512
18 Granada;85-89 años;TOTAL;Hombres;2018;6.238
18 Granada;85-89 años;TOTAL;Mujeres;2022;11.312
18 Granada;85-89 años;TOTAL;Mujeres;2021;11.089
18 Granada;85-89 años;TOTAL;Mujeres;2020;11.181
18 Granada;85-89 años;TOTAL;Mujeres;2019;10.976
18 Granada;85-89 años;TOTAL;Mujeres;2018;10.709
18 Granada;90-94 años;TOTAL;Hombres;2022;2.421
18 Granada;90-94 años;TOTAL;Hombres;2021;2.230
18 Granada;90-94 años;TOTAL;Hombres;2020;2.189
18 Granada;90-94 años;TOTAL;Hombres;2019;2.049
18 Granada;90-94 años;TOTAL;Hombres;2018;1.921
18 Granada;90-94 años;TOTAL;Mujeres;2022;4.987
18 Granada;90-94 años;TOTAL;Mujeres;2021;4.813
18 Granada;90-94 años;TOTAL;Mujeres;2020;4.657
18 Granada;90-94 años;TOTAL;Mujeres;2019;4.438
18 Granada;90-94 años;TOTAL;Mujeres;2018;4.233
18 Granada;95-99 años;TOTAL;Hombres;2022;462
18 Granada;95-99 años;TOTAL;Hombres;2021;431
18 Granada;95-99 años;TOTAL;Hombres;2020;404
18 Granada;95-99 años;TOTAL;Hombres;2019;396
18 Granada;95-99 años;TOTAL;Hombres;2018;357
18 Granada;95-99 años;TOTAL;Mujeres;2022;1.186
18 Granada;95-99 años;TOTAL;Mujeres;2021;1.131
18 Granada;95-99 años;TOTAL;Mujeres;2020;1.110
18 Granada;95-99 años;TOTAL;Mujeres;2019;984
18 Granada;95-99 años;TOTAL;Mujeres;2018;947
18 Granada;100 años y más;TOTAL;Hombres;2022;84
18 Granada;100 años y más;TOTAL;Hombres;2021;85
18 Granada;100 años y más;TOTAL;Hombres;2020;79
18 Granada;100 años y más;TOTAL;Hombres;2019;68
18 Granada;100 años y más;TOTAL;Hombres;2018;59
18 Granada;100 años y más;TOTAL;Mujeres;2022;229
18 Granada;100 años y más;TOTAL;Mujeres;2021;209
18 Granada;100 años y más;TOTAL;Mujeres;2020;187
18 Granada;100 años y más;TOTAL;Mujeres;2019;188
18 Granada;100 años y más;TOTAL;Mujeres;2018;182
19 Guadalajara;0-4 años;TOTAL;Hombres;2022;5.614
19 Guadalajara;0-4 años;TOTAL;Hombres;2021;5.918
19 Guadalajara;0-4 años;TOTAL;Hombres;2020;6.131
19 Guadalajara;0-4 años;TOTAL;Hombres;2019;6.252
19 Guadalajara;0-4 años;TOTAL;Hombres;2018;6.382
19 Guadalajara;0-4 años;TOTAL;Mujeres;2022;5.386
19 Guadalajara;0-4 años;TOTAL;Mujeres;2021;5.663
19 Guadalajara;0-4 años;TOTAL;Mujeres;2020;5.920
19 Guadalajara;0-4 años;TOTAL;Mujeres;2019;6.031
19 Guadalajara;0-4 años;TOTAL;Mujeres;2018;6.168
19 Guadalajara;5-9 años;TOTAL;Hombres;2022;7.408
19 Guadalajara;5-9 años;TOTAL;Hombres;2021;7.463
19 Guadalajara;5-9 años;TOTAL;Hombres;2020;7.531
19 Guadalajara;5-9 años;TOTAL;Hombres;2019;7.667
19 Guadalajara;5-9 años;TOTAL;Hombres;2018;7.887
19 Guadalajara;5-9 años;TOTAL;Mujeres;2022;6.996
19 Guadalajara;5-9 años;TOTAL;Mujeres;2021;7.140
19 Guadalajara;5-9 años;TOTAL;Mujeres;2020;7.190
19 Guadalajara;5-9 años;TOTAL;Mujeres;2019;7.312
19 Guadalajara;5-9 años;TOTAL;Mujeres;2018;7.459
19 Guadalajara;10-14 años;TOTAL;Hombres;2022;8.325
19 Guadalajara;10-14 años;TOTAL;Hombres;2021;8.387
19 Guadalajara;10-14 años;TOTAL;Hombres;2020;8.154
19 Guadalajara;10-14 años;TOTAL;Hombres;2019;7.865
19 Guadalajara;10-14 años;TOTAL;Hombres;2018;7.606
19 Guadalajara;10-14 años;TOTAL;Mujeres;2022;7.880
19 Guadalajara;10-14 años;TOTAL;Mujeres;2021;7.762
19 Guadalajara;10-14 años;TOTAL;Mujeres;2020;7.558
19 Guadalajara;10-14 años;TOTAL;Mujeres;2019;7.348
19 Guadalajara;10-14 años;TOTAL;Mujeres;2018;7.112
19 Guadalajara;15-19 años;TOTAL;Hombres;2022;7.985
19 Guadalajara;15-19 años;TOTAL;Hombres;2021;7.587
19 Guadalajara;15-19 años;TOTAL;Hombres;2020;7.490
19 Guadalajara;15-19 años;TOTAL;Hombres;2019;7.217
19 Guadalajara;15-19 años;TOTAL;Hombres;2018;6.705
19 Guadalajara;15-19 años;TOTAL;Mujeres;2022;7.251
19 Guadalajara;15-19 años;TOTAL;Mujeres;2021;7.098
19 Guadalajara;15-19 años;TOTAL;Mujeres;2020;6.908
19 Guadalajara;15-19 años;TOTAL;Mujeres;2019;6.653
19 Guadalajara;15-19 años;TOTAL;Mujeres;2018;6.307
19 Guadalajara;20-24 años;TOTAL;Hombres;2022;7.224
19 Guadalajara;20-24 años;TOTAL;Hombres;2021;7.013
19 Guadalajara;20-24 años;TOTAL;Hombres;2020;6.633
19 Guadalajara;20-24 años;TOTAL;Hombres;2019;6.372
19 Guadalajara;20-24 años;TOTAL;Hombres;2018;6.246
19 Guadalajara;20-24 años;TOTAL;Mujeres;2022;6.668
19 Guadalajara;20-24 años;TOTAL;Mujeres;2021;6.520
19 Guadalajara;20-24 años;TOTAL;Mujeres;2020;6.291
19 Guadalajara;20-24 años;TOTAL;Mujeres;2019;6.148
19 Guadalajara;20-24 años;TOTAL;Mujeres;2018;5.984
19 Guadalajara;25-29 años;TOTAL;Hombres;2022;7.062
19 Guadalajara;25-29 años;TOTAL;Hombres;2021;6.984
19 Guadalajara;25-29 años;TOTAL;Hombres;2020;6.938
19 Guadalajara;25-29 años;TOTAL;Hombres;2019;6.743
19 Guadalajara;25-29 años;TOTAL;Hombres;2018;6.699
19 Guadalajara;25-29 años;TOTAL;Mujeres;2022;6.632
19 Guadalajara;25-29 años;TOTAL;Mujeres;2021;6.552
19 Guadalajara;25-29 años;TOTAL;Mujeres;2020;6.491
19 Guadalajara;25-29 años;TOTAL;Mujeres;2019;6.406
19 Guadalajara;25-29 años;TOTAL;Mujeres;2018;6.498
19 Guadalajara;30-34 años;TOTAL;Hombres;2022;7.833
19 Guadalajara;30-34 años;TOTAL;Hombres;2021;7.944
19 Guadalajara;30-34 años;TOTAL;Hombres;2020;7.969
19 Guadalajara;30-34 años;TOTAL;Hombres;2019;7.925
19 Guadalajara;30-34 años;TOTAL;Hombres;2018;8.178
19 Guadalajara;30-34 años;TOTAL;Mujeres;2022;7.418
19 Guadalajara;30-34 años;TOTAL;Mujeres;2021;7.562
19 Guadalajara;30-34 años;TOTAL;Mujeres;2020;7.664
19 Guadalajara;30-34 años;TOTAL;Mujeres;2019;7.736
19 Guadalajara;30-34 años;TOTAL;Mujeres;2018;7.887
19 Guadalajara;35-39 años;TOTAL;Hombres;2022;9.486
19 Guadalajara;35-39 años;TOTAL;Hombres;2021;9.752
19 Guadalajara;35-39 años;TOTAL;Hombres;2020;10.235
19 Guadalajara;35-39 años;TOTAL;Hombres;2019;10.559
19 Guadalajara;35-39 años;TOTAL;Hombres;2018;11.065
19 Guadalajara;35-39 años;TOTAL;Mujeres;2022;9.317
19 Guadalajara;35-39 años;TOTAL;Mujeres;2021;9.640
19 Guadalajara;35-39 años;TOTAL;Mujeres;2020;9.946
19 Guadalajara;35-39 años;TOTAL;Mujeres;2019;10.327
19 Guadalajara;35-39 años;TOTAL;Mujeres;2018;10.629
19 Guadalajara;40-44 años;TOTAL;Hombres;2022;12.329
19 Guadalajara;40-44 años;TOTAL;Hombres;2021;12.595
19 Guadalajara;40-44 años;TOTAL;Hombres;2020;12.652
19 Guadalajara;40-44 años;TOTAL;Hombres;2019;12.738
19 Guadalajara;40-44 años;TOTAL;Hombres;2018;12.549
19 Guadalajara;40-44 años;TOTAL;Mujeres;2022;11.683
19 Guadalajara;40-44 años;TOTAL;Mujeres;2021;11.995
19 Guadalajara;40-44 años;TOTAL;Mujeres;2020;11.884
19 Guadalajara;40-44 años;TOTAL;Mujeres;2019;11.683
19 Guadalajara;40-44 años;TOTAL;Mujeres;2018;11.494
19 Guadalajara;45-49 años;TOTAL;Hombres;2022;12.764
19 Guadalajara;45-49 años;TOTAL;Hombres;2021;12.522
19 Guadalajara;45-49 años;TOTAL;Hombres;2020;12.021
19 Guadalajara;45-49 años;TOTAL;Hombres;2019;11.528
19 Guadalajara;45-49 años;TOTAL;Hombres;2018;11.293
19 Guadalajara;45-49 años;TOTAL;Mujeres;2022;11.724
19 Guadalajara;45-49 años;TOTAL;Mujeres;2021;11.273
19 Guadalajara;45-49 años;TOTAL;Mujeres;2020;10.919
19 Guadalajara;45-49 años;TOTAL;Mujeres;2019;10.496
19 Guadalajara;45-49 años;TOTAL;Mujeres;2018;10.288
19 Guadalajara;50-54 años;TOTAL;Hombres;2022;11.321
19 Guadalajara;50-54 años;TOTAL;Hombres;2021;11.036
19 Guadalajara;50-54 años;TOTAL;Hombres;2020;10.689
19 Guadalajara;50-54 años;TOTAL;Hombres;2019;10.575
19 Guadalajara;50-54 años;TOTAL;Hombres;2018;10.259
19 Guadalajara;50-54 años;TOTAL;Mujeres;2022;10.392
19 Guadalajara;50-54 años;TOTAL;Mujeres;2021;10.159
19 Guadalajara;50-54 años;TOTAL;Mujeres;2020;9.864
19 Guadalajara;50-54 años;TOTAL;Mujeres;2019;9.692
19 Guadalajara;50-54 años;TOTAL;Mujeres;2018;9.352
19 Guadalajara;55-59 años;TOTAL;Hombres;2022;9.992
19 Guadalajara;55-59 años;TOTAL;Hombres;2021;9.704
19 Guadalajara;55-59 años;TOTAL;Hombres;2020;9.327
19 Guadalajara;55-59 años;TOTAL;Hombres;2019;8.919
19 Guadalajara;55-59 años;TOTAL;Hombres;2018;8.676
19 Guadalajara;55-59 años;TOTAL;Mujeres;2022;9.367
19 Guadalajara;55-59 años;TOTAL;Mujeres;2021;8.982
19 Guadalajara;55-59 años;TOTAL;Mujeres;2020;8.662
19 Guadalajara;55-59 años;TOTAL;Mujeres;2019;8.353
19 Guadalajara;55-59 años;TOTAL;Mujeres;2018;8.032
19 Guadalajara;60-64 años;TOTAL;Hombres;2022;8.320
19 Guadalajara;60-64 años;TOTAL;Hombres;2021;8.008
19 Guadalajara;60-64 años;TOTAL;Hombres;2020;7.594
19 Guadalajara;60-64 años;TOTAL;Hombres;2019;7.139
19 Guadalajara;60-64 años;TOTAL;Hombres;2018;6.796
19 Guadalajara;60-64 años;TOTAL;Mujeres;2022;7.823
19 Guadalajara;60-64 años;TOTAL;Mujeres;2021;7.532
19 Guadalajara;60-64 años;TOTAL;Mujeres;2020;7.094
19 Guadalajara;60-64 años;TOTAL;Mujeres;2019;6.709
19 Guadalajara;60-64 años;TOTAL;Mujeres;2018;6.304
19 Guadalajara;65-69 años;TOTAL;Hombres;2022;6.215
19 Guadalajara;65-69 años;TOTAL;Hombres;2021;5.861
19 Guadalajara;65-69 años;TOTAL;Hombres;2020;5.541
19 Guadalajara;65-69 años;TOTAL;Hombres;2019;5.366
19 Guadalajara;65-69 años;TOTAL;Hombres;2018;5.268
19 Guadalajara;65-69 años;TOTAL;Mujeres;2022;6.112
19 Guadalajara;65-69 años;TOTAL;Mujeres;2021;5.739
19 Guadalajara;65-69 años;TOTAL;Mujeres;2020;5.514
19 Guadalajara;65-69 años;TOTAL;Mujeres;2019;5.346
19 Guadalajara;65-69 años;TOTAL;Mujeres;2018;5.166
19 Guadalajara;70-74 años;TOTAL;Hombres;2022;4.783
19 Guadalajara;70-74 años;TOTAL;Hombres;2021;4.701
19 Guadalajara;70-74 años;TOTAL;Hombres;2020;4.638
19 Guadalajara;70-74 años;TOTAL;Hombres;2019;4.554
19 Guadalajara;70-74 años;TOTAL;Hombres;2018;4.316
19 Guadalajara;70-74 años;TOTAL;Mujeres;2022;4.920
19 Guadalajara;70-74 años;TOTAL;Mujeres;2021;4.838
19 Guadalajara;70-74 años;TOTAL;Mujeres;2020;4.584
19 Guadalajara;70-74 años;TOTAL;Mujeres;2019;4.402
19 Guadalajara;70-74 años;TOTAL;Mujeres;2018;4.256
19 Guadalajara;75-79 años;TOTAL;Hombres;2022;3.662
19 Guadalajara;75-79 años;TOTAL;Hombres;2021;3.512
19 Guadalajara;75-79 años;TOTAL;Hombres;2020;3.444
19 Guadalajara;75-79 años;TOTAL;Hombres;2019;3.084
19 Guadalajara;75-79 años;TOTAL;Hombres;2018;2.814
19 Guadalajara;75-79 años;TOTAL;Mujeres;2022;3.891
19 Guadalajara;75-79 años;TOTAL;Mujeres;2021;3.692
19 Guadalajara;75-79 años;TOTAL;Mujeres;2020;3.733
19 Guadalajara;75-79 años;TOTAL;Mujeres;2019;3.474
19 Guadalajara;75-79 años;TOTAL;Mujeres;2018;3.327
19 Guadalajara;80-84 años;TOTAL;Hombres;2022;2.290
19 Guadalajara;80-84 años;TOTAL;Hombres;2021;2.368
19 Guadalajara;80-84 años;TOTAL;Hombres;2020;2.395
19 Guadalajara;80-84 años;TOTAL;Hombres;2019;2.649
19 Guadalajara;80-84 años;TOTAL;Hombres;2018;2.870
19 Guadalajara;80-84 años;TOTAL;Mujeres;2022;3.130
19 Guadalajara;80-84 años;TOTAL;Mujeres;2021;3.276
19 Guadalajara;80-84 años;TOTAL;Mujeres;2020;3.279
19 Guadalajara;80-84 años;TOTAL;Mujeres;2019;3.570
19 Guadalajara;80-84 años;TOTAL;Mujeres;2018;3.757
19 Guadalajara;85-89 años;TOTAL;Hombres;2022;2.015
19 Guadalajara;85-89 años;TOTAL;Hombres;2021;2.052
19 Guadalajara;85-89 años;TOTAL;Hombres;2020;2.151
19 Guadalajara;85-89 años;TOTAL;Hombres;2019;2.134
19 Guadalajara;85-89 años;TOTAL;Hombres;2018;2.042
19 Guadalajara;85-89 años;TOTAL;Mujeres;2022;3.074
19 Guadalajara;85-89 años;TOTAL;Mujeres;2021;3.087
19 Guadalajara;85-89 años;TOTAL;Mujeres;2020;3.165
19 Guadalajara;85-89 años;TOTAL;Mujeres;2019;3.146
19 Guadalajara;85-89 años;TOTAL;Mujeres;2018;3.164
19 Guadalajara;90-94 años;TOTAL;Hombres;2022;953
19 Guadalajara;90-94 años;TOTAL;Hombres;2021;939
19 Guadalajara;90-94 años;TOTAL;Hombres;2020;1.009
19 Guadalajara;90-94 años;TOTAL;Hombres;2019;986
19 Guadalajara;90-94 años;TOTAL;Hombres;2018;984
19 Guadalajara;90-94 años;TOTAL;Mujeres;2022;1.856
19 Guadalajara;90-94 años;TOTAL;Mujeres;2021;1.800
19 Guadalajara;90-94 años;TOTAL;Mujeres;2020;1.838
19 Guadalajara;90-94 años;TOTAL;Mujeres;2019;1.784
19 Guadalajara;90-94 años;TOTAL;Mujeres;2018;1.715
19 Guadalajara;95-99 años;TOTAL;Hombres;2022;277
19 Guadalajara;95-99 años;TOTAL;Hombres;2021;244
19 Guadalajara;95-99 años;TOTAL;Hombres;2020;264
19 Guadalajara;95-99 años;TOTAL;Hombres;2019;235
19 Guadalajara;95-99 años;TOTAL;Hombres;2018;194
19 Guadalajara;95-99 años;TOTAL;Mujeres;2022;620
19 Guadalajara;95-99 años;TOTAL;Mujeres;2021;573
19 Guadalajara;95-99 años;TOTAL;Mujeres;2020;574
19 Guadalajara;95-99 años;TOTAL;Mujeres;2019;527
19 Guadalajara;95-99 años;TOTAL;Mujeres;2018;475
19 Guadalajara;100 años y más;TOTAL;Hombres;2022;32
19 Guadalajara;100 años y más;TOTAL;Hombres;2021;34
19 Guadalajara;100 años y más;TOTAL;Hombres;2020;33
19 Guadalajara;100 años y más;TOTAL;Hombres;2019;27
19 Guadalajara;100 años y más;TOTAL;Hombres;2018;25
19 Guadalajara;100 años y más;TOTAL;Mujeres;2022;97
19 Guadalajara;100 años y más;TOTAL;Mujeres;2021;81
19 Guadalajara;100 años y más;TOTAL;Mujeres;2020;78
19 Guadalajara;100 años y más;TOTAL;Mujeres;2019;85
19 Guadalajara;100 años y más;TOTAL;Mujeres;2018;80
21 Huelva;0-4 años;TOTAL;Hombres;2022;11.018
21 Huelva;0-4 años;TOTAL;Hombres;2021;11.331
21 Huelva;0-4 años;TOTAL;Hombres;2020;11.584
21 Huelva;0-4 años;TOTAL;Hombres;2019;11.983
21 Huelva;0-4 años;TOTAL;Hombres;2018;12.376
21 Huelva;0-4 años;TOTAL;Mujeres;2022;10.355
21 Huelva;0-4 años;TOTAL;Mujeres;2021;10.679
21 Huelva;0-4 años;TOTAL;Mujeres;2020;10.958
21 Huelva;0-4 años;TOTAL;Mujeres;2019;11.267
21 Huelva;0-4 años;TOTAL;Mujeres;2018;11.713
21 Huelva;5-9 años;TOTAL;Hombres;2022;13.260
21 Huelva;5-9 años;TOTAL;Hombres;2021;13.487
21 Huelva;5-9 años;TOTAL;Hombres;2020;13.930
21 Huelva;5-9 años;TOTAL;Hombres;2019;14.300
21 Huelva;5-9 años;TOTAL;Hombres;2018;14.867
21 Huelva;5-9 años;TOTAL;Mujeres;2022;12.534
21 Huelva;5-9 años;TOTAL;Mujeres;2021;12.845
21 Huelva;5-9 años;TOTAL;Mujeres;2020;13.204
21 Huelva;5-9 años;TOTAL;Mujeres;2019;13.428
21 Huelva;5-9 años;TOTAL;Mujeres;2018;13.786
21 Huelva;10-14 años;TOTAL;Hombres;2022;15.525
21 Huelva;10-14 años;TOTAL;Hombres;2021;15.718
21 Huelva;10-14 años;TOTAL;Hombres;2020;15.605
21 Huelva;10-14 años;TOTAL;Hombres;2019;15.388
21 Huelva;10-14 años;TOTAL;Hombres;2018;14.883
21 Huelva;10-14 años;TOTAL;Mujeres;2022;14.356
21 Huelva;10-14 años;TOTAL;Mujeres;2021;14.418
21 Huelva;10-14 años;TOTAL;Mujeres;2020;14.487
21 Huelva;10-14 años;TOTAL;Mujeres;2019;14.229
21 Huelva;10-14 años;TOTAL;Mujeres;2018;13.944
21 Huelva;15-19 años;TOTAL;Hombres;2022;14.985
21 Huelva;15-19 años;TOTAL;Hombres;2021;14.582
21 Huelva;15-19 años;TOTAL;Hombres;2020;14.323
21 Huelva;15-19 años;TOTAL;Hombres;2019;13.946
21 Huelva;15-19 años;TOTAL;Hombres;2018;13.608
21 Huelva;15-19 años;TOTAL;Mujeres;2022;13.868
21 Huelva;15-19 años;TOTAL;Mujeres;2021;13.626
21 Huelva;15-19 años;TOTAL;Mujeres;2020;13.380
21 Huelva;15-19 años;TOTAL;Mujeres;2019;13.202
21 Huelva;15-19 años;TOTAL;Mujeres;2018;12.992
21 Huelva;20-24 años;TOTAL;Hombres;2022;14.615
21 Huelva;20-24 años;TOTAL;Hombres;2021;14.258
21 Huelva;20-24 años;TOTAL;Hombres;2020;14.201
21 Huelva;20-24 años;TOTAL;Hombres;2019;14.139
21 Huelva;20-24 años;TOTAL;Hombres;2018;14.422
21 Huelva;20-24 años;TOTAL;Mujeres;2022;13.332
21 Huelva;20-24 años;TOTAL;Mujeres;2021;13.159
21 Huelva;20-24 años;TOTAL;Mujeres;2020;13.136
21 Huelva;20-24 años;TOTAL;Mujeres;2019;13.103
21 Huelva;20-24 años;TOTAL;Mujeres;2018;13.247
21 Huelva;25-29 años;TOTAL;Hombres;2022;15.585
21 Huelva;25-29 años;TOTAL;Hombres;2021;15.560
21 Huelva;25-29 años;TOTAL;Hombres;2020;15.758
21 Huelva;25-29 años;TOTAL;Hombres;2019;15.806
21 Huelva;25-29 años;TOTAL;Hombres;2018;15.953
21 Huelva;25-29 años;TOTAL;Mujeres;2022;13.910
21 Huelva;25-29 años;TOTAL;Mujeres;2021;14.250
21 Huelva;25-29 años;TOTAL;Mujeres;2020;14.562
21 Huelva;25-29 años;TOTAL;Mujeres;2019;14.901
21 Huelva;25-29 años;TOTAL;Mujeres;2018;14.962
21 Huelva;30-34 años;TOTAL;Hombres;2022;16.572
21 Huelva;30-34 años;TOTAL;Hombres;2021;16.604
21 Huelva;30-34 años;TOTAL;Hombres;2020;16.845
21 Huelva;30-34 años;TOTAL;Hombres;2019;17.309
21 Huelva;30-34 años;TOTAL;Hombres;2018;17.610
21 Huelva;30-34 años;TOTAL;Mujeres;2022;16.107
21 Huelva;30-34 años;TOTAL;Mujeres;2021;16.303
21 Huelva;30-34 años;TOTAL;Mujeres;2020;16.532
21 Huelva;30-34 años;TOTAL;Mujeres;2019;16.673
21 Huelva;30-34 años;TOTAL;Mujeres;2018;17.013
21 Huelva;35-39 años;TOTAL;Hombres;2022;18.738
21 Huelva;35-39 años;TOTAL;Hombres;2021;19.164
21 Huelva;35-39 años;TOTAL;Hombres;2020;19.991
21 Huelva;35-39 años;TOTAL;Hombres;2019;20.746
21 Huelva;35-39 años;TOTAL;Hombres;2018;21.633
21 Huelva;35-39 años;TOTAL;Mujeres;2022;18.691
21 Huelva;35-39 años;TOTAL;Mujeres;2021;19.094
21 Huelva;35-39 años;TOTAL;Mujeres;2020;19.892
21 Huelva;35-39 años;TOTAL;Mujeres;2019;20.673
21 Huelva;35-39 años;TOTAL;Mujeres;2018;21.284
21 Huelva;40-44 años;TOTAL;Hombres;2022;22.432
21 Huelva;40-44 años;TOTAL;Hombres;2021;23.065
21 Huelva;40-44 años;TOTAL;Hombres;2020;23.172
21 Huelva;40-44 años;TOTAL;Hombres;2019;23.125
21 Huelva;40-44 años;TOTAL;Hombres;2018;22.886
21 Huelva;40-44 años;TOTAL;Mujeres;2022;22.284
21 Huelva;40-44 años;TOTAL;Mujeres;2021;22.587
21 Huelva;40-44 años;TOTAL;Mujeres;2020;22.821
21 Huelva;40-44 años;TOTAL;Mujeres;2019;22.853
21 Huelva;40-44 años;TOTAL;Mujeres;2018;22.550
21 Huelva;45-49 años;TOTAL;Hombres;2022;22.632
21 Huelva;45-49 años;TOTAL;Hombres;2021;22.160
21 Huelva;45-49 años;TOTAL;Hombres;2020;21.687
21 Huelva;45-49 años;TOTAL;Hombres;2019;21.480
21 Huelva;45-49 años;TOTAL;Hombres;2018;21.402
21 Huelva;45-49 años;TOTAL;Mujeres;2022;22.811
21 Huelva;45-49 años;TOTAL;Mujeres;2021;22.309
21 Huelva;45-49 años;TOTAL;Mujeres;2020;22.010
21 Huelva;45-49 años;TOTAL;Mujeres;2019;21.790
21 Huelva;45-49 años;TOTAL;Mujeres;2018;21.618
21 Huelva;50-54 años;TOTAL;Hombres;2022;21.076
21 Huelva;50-54 años;TOTAL;Hombres;2021;20.778
21 Huelva;50-54 años;TOTAL;Hombres;2020;20.420
21 Huelva;50-54 años;TOTAL;Hombres;2019;20.152
21 Huelva;50-54 años;TOTAL;Hombres;2018;19.665
21 Huelva;50-54 años;TOTAL;Mujeres;2022;21.562
21 Huelva;50-54 años;TOTAL;Mujeres;2021;21.162
21 Huelva;50-54 años;TOTAL;Mujeres;2020;20.843
21 Huelva;50-54 años;TOTAL;Mujeres;2019;20.548
21 Huelva;50-54 años;TOTAL;Mujeres;2018;20.039
21 Huelva;55-59 años;TOTAL;Hombres;2022;18.691
21 Huelva;55-59 años;TOTAL;Hombres;2021;18.160
21 Huelva;55-59 años;TOTAL;Hombres;2020;17.726
21 Huelva;55-59 años;TOTAL;Hombres;2019;17.231
21 Huelva;55-59 años;TOTAL;Hombres;2018;17.028
21 Huelva;55-59 años;TOTAL;Mujeres;2022;19.064
21 Huelva;55-59 años;TOTAL;Mujeres;2021;18.606
21 Huelva;55-59 años;TOTAL;Mujeres;2020;18.243
21 Huelva;55-59 años;TOTAL;Mujeres;2019;17.546
21 Huelva;55-59 años;TOTAL;Mujeres;2018;17.104
21 Huelva;60-64 años;TOTAL;Hombres;2022;16.268
21 Huelva;60-64 años;TOTAL;Hombres;2021;15.680
21 Huelva;60-64 años;TOTAL;Hombres;2020;15.165
21 Huelva;60-64 años;TOTAL;Hombres;2019;14.484
21 Huelva;60-64 años;TOTAL;Hombres;2018;13.735
21 Huelva;60-64 años;TOTAL;Mujeres;2022;16.646
21 Huelva;60-64 años;TOTAL;Mujeres;2021;16.021
21 Huelva;60-64 años;TOTAL;Mujeres;2020;15.450
21 Huelva;60-64 años;TOTAL;Mujeres;2019;14.738
21 Huelva;60-64 años;TOTAL;Mujeres;2018;14.054
21 Huelva;65-69 años;TOTAL;Hombres;2022;12.563
21 Huelva;65-69 años;TOTAL;Hombres;2021;12.349
21 Huelva;65-69 años;TOTAL;Hombres;2020;11.926
21 Huelva;65-69 años;TOTAL;Hombres;2019;11.860
21 Huelva;65-69 años;TOTAL;Hombres;2018;11.945
21 Huelva;65-69 años;TOTAL;Mujeres;2022;13.222
21 Huelva;65-69 años;TOTAL;Mujeres;2021;12.826
21 Huelva;65-69 años;TOTAL;Mujeres;2020;12.286
21 Huelva;65-69 años;TOTAL;Mujeres;2019;12.137
21 Huelva;65-69 años;TOTAL;Mujeres;2018;12.283
21 Huelva;70-74 años;TOTAL;Hombres;2022;10.836
21 Huelva;70-74 años;TOTAL;Hombres;2021;10.499
21 Huelva;70-74 años;TOTAL;Hombres;2020;10.499
21 Huelva;70-74 años;TOTAL;Hombres;2019;10.353
21 Huelva;70-74 años;TOTAL;Hombres;2018;10.170
21 Huelva;70-74 años;TOTAL;Mujeres;2022;11.805
21 Huelva;70-74 años;TOTAL;Mujeres;2021;11.483
21 Huelva;70-74 años;TOTAL;Mujeres;2020;11.724
21 Huelva;70-74 años;TOTAL;Mujeres;2019;11.638
21 Huelva;70-74 años;TOTAL;Mujeres;2018;11.398
21 Huelva;75-79 años;TOTAL;Hombres;2022;8.133
21 Huelva;75-79 años;TOTAL;Hombres;2021;7.849
21 Huelva;75-79 años;TOTAL;Hombres;2020;7.722
21 Huelva;75-79 años;TOTAL;Hombres;2019;7.168
21 Huelva;75-79 años;TOTAL;Hombres;2018;6.516
21 Huelva;75-79 años;TOTAL;Mujeres;2022;9.949
21 Huelva;75-79 años;TOTAL;Mujeres;2021;9.648
21 Huelva;75-79 años;TOTAL;Mujeres;2020;9.491
21 Huelva;75-79 años;TOTAL;Mujeres;2019;9.049
21 Huelva;75-79 años;TOTAL;Mujeres;2018;8.365
21 Huelva;80-84 años;TOTAL;Hombres;2022;4.840
21 Huelva;80-84 años;TOTAL;Hombres;2021;5.006
21 Huelva;80-84 años;TOTAL;Hombres;2020;4.761
21 Huelva;80-84 años;TOTAL;Hombres;2019;4.870
21 Huelva;80-84 años;TOTAL;Hombres;2018;5.184
21 Huelva;80-84 años;TOTAL;Mujeres;2022;6.991
21 Huelva;80-84 años;TOTAL;Mujeres;2021;7.453
21 Huelva;80-84 años;TOTAL;Mujeres;2020;7.242
21 Huelva;80-84 años;TOTAL;Mujeres;2019;7.439
21 Huelva;80-84 años;TOTAL;Mujeres;2018;8.104
21 Huelva;85-89 años;TOTAL;Hombres;2022;3.181
21 Huelva;85-89 años;TOTAL;Hombres;2021;3.137
21 Huelva;85-89 años;TOTAL;Hombres;2020;3.073
21 Huelva;85-89 años;TOTAL;Hombres;2019;2.989
21 Huelva;85-89 años;TOTAL;Hombres;2018;2.798
21 Huelva;85-89 años;TOTAL;Mujeres;2022;5.887
21 Huelva;85-89 años;TOTAL;Mujeres;2021;5.774
21 Huelva;85-89 años;TOTAL;Mujeres;2020;5.658
21 Huelva;85-89 años;TOTAL;Mujeres;2019;5.532
21 Huelva;85-89 años;TOTAL;Mujeres;2018;5.218
21 Huelva;90-94 años;TOTAL;Hombres;2022;1.027
21 Huelva;90-94 años;TOTAL;Hombres;2021;953
21 Huelva;90-94 años;TOTAL;Hombres;2020;893
21 Huelva;90-94 años;TOTAL;Hombres;2019;879
21 Huelva;90-94 años;TOTAL;Hombres;2018;838
21 Huelva;90-94 años;TOTAL;Mujeres;2022;2.456
21 Huelva;90-94 años;TOTAL;Mujeres;2021;2.346
21 Huelva;90-94 años;TOTAL;Mujeres;2020;2.215
21 Huelva;90-94 años;TOTAL;Mujeres;2019;2.094
21 Huelva;90-94 años;TOTAL;Mujeres;2018;1.951
21 Huelva;95-99 años;TOTAL;Hombres;2022;209
21 Huelva;95-99 años;TOTAL;Hombres;2021;191
21 Huelva;95-99 años;TOTAL;Hombres;2020;180
21 Huelva;95-99 años;TOTAL;Hombres;2019;175
21 Huelva;95-99 años;TOTAL;Hombres;2018;170
21 Huelva;95-99 años;TOTAL;Mujeres;2022;581
21 Huelva;95-99 años;TOTAL;Mujeres;2021;537
21 Huelva;95-99 años;TOTAL;Mujeres;2020;524
21 Huelva;95-99 años;TOTAL;Mujeres;2019;503
21 Huelva;95-99 años;TOTAL;Mujeres;2018;480
21 Huelva;100 años y más;TOTAL;Hombres;2022;50
21 Huelva;100 años y más;TOTAL;Hombres;2021;50
21 Huelva;100 años y más;TOTAL;Hombres;2020;35
21 Huelva;100 años y más;TOTAL;Hombres;2019;30
21 Huelva;100 años y más;TOTAL;Hombres;2018;24
21 Huelva;100 años y más;TOTAL;Mujeres;2022;116
21 Huelva;100 años y más;TOTAL;Mujeres;2021;128
21 Huelva;100 años y más;TOTAL;Mujeres;2020;124
21 Huelva;100 años y más;TOTAL;Mujeres;2019;114
21 Huelva;100 años y más;TOTAL;Mujeres;2018;114
22 Huesca;0-4 años;TOTAL;Hombres;2022;4.358
22 Huesca;0-4 años;TOTAL;Hombres;2021;4.474
22 Huesca;0-4 años;TOTAL;Hombres;2020;4.683
22 Huesca;0-4 años;TOTAL;Hombres;2019;4.638
22 Huesca;0-4 años;TOTAL;Hombres;2018;4.662
22 Huesca;0-4 años;TOTAL;Mujeres;2022;4.098
22 Huesca;0-4 años;TOTAL;Mujeres;2021;4.177
22 Huesca;0-4 años;TOTAL;Mujeres;2020;4.381
22 Huesca;0-4 años;TOTAL;Mujeres;2019;4.385
22 Huesca;0-4 años;TOTAL;Mujeres;2018;4.457
22 Huesca;5-9 años;TOTAL;Hombres;2022;5.196
22 Huesca;5-9 años;TOTAL;Hombres;2021;5.191
22 Huesca;5-9 años;TOTAL;Hombres;2020;5.156
22 Huesca;5-9 años;TOTAL;Hombres;2019;5.232
22 Huesca;5-9 años;TOTAL;Hombres;2018;5.248
22 Huesca;5-9 años;TOTAL;Mujeres;2022;4.941
22 Huesca;5-9 años;TOTAL;Mujeres;2021;5.061
22 Huesca;5-9 años;TOTAL;Mujeres;2020;5.046
22 Huesca;5-9 años;TOTAL;Mujeres;2019;5.098
22 Huesca;5-9 años;TOTAL;Mujeres;2018;5.060
22 Huesca;10-14 años;TOTAL;Hombres;2022;5.657
22 Huesca;10-14 años;TOTAL;Hombres;2021;5.664
22 Huesca;10-14 años;TOTAL;Hombres;2020;5.597
22 Huesca;10-14 años;TOTAL;Hombres;2019;5.466
22 Huesca;10-14 años;TOTAL;Hombres;2018;5.273
22 Huesca;10-14 años;TOTAL;Mujeres;2022;5.354
22 Huesca;10-14 años;TOTAL;Mujeres;2021;5.323
22 Huesca;10-14 años;TOTAL;Mujeres;2020;5.201
22 Huesca;10-14 años;TOTAL;Mujeres;2019;5.149
22 Huesca;10-14 años;TOTAL;Mujeres;2018;5.025
22 Huesca;15-19 años;TOTAL;Hombres;2022;5.556
22 Huesca;15-19 años;TOTAL;Hombres;2021;5.399
22 Huesca;15-19 años;TOTAL;Hombres;2020;5.305
22 Huesca;15-19 años;TOTAL;Hombres;2019;5.115
22 Huesca;15-19 años;TOTAL;Hombres;2018;5.107
22 Huesca;15-19 años;TOTAL;Mujeres;2022;5.109
22 Huesca;15-19 años;TOTAL;Mujeres;2021;5.045
22 Huesca;15-19 años;TOTAL;Mujeres;2020;5.001
22 Huesca;15-19 años;TOTAL;Mujeres;2019;4.924
22 Huesca;15-19 años;TOTAL;Mujeres;2018;4.805
22 Huesca;20-24 años;TOTAL;Hombres;2022;5.757
22 Huesca;20-24 años;TOTAL;Hombres;2021;5.748
22 Huesca;20-24 años;TOTAL;Hombres;2020;5.688
22 Huesca;20-24 años;TOTAL;Hombres;2019;5.509
22 Huesca;20-24 años;TOTAL;Hombres;2018;5.364
22 Huesca;20-24 años;TOTAL;Mujeres;2022;5.229
22 Huesca;20-24 años;TOTAL;Mujeres;2021;5.166
22 Huesca;20-24 años;TOTAL;Mujeres;2020;5.072
22 Huesca;20-24 años;TOTAL;Mujeres;2019;4.947
22 Huesca;20-24 años;TOTAL;Mujeres;2018;4.808
22 Huesca;25-29 años;TOTAL;Hombres;2022;6.077
22 Huesca;25-29 años;TOTAL;Hombres;2021;5.962
22 Huesca;25-29 años;TOTAL;Hombres;2020;5.765
22 Huesca;25-29 años;TOTAL;Hombres;2019;5.639
22 Huesca;25-29 años;TOTAL;Hombres;2018;5.670
22 Huesca;25-29 años;TOTAL;Mujeres;2022;5.253
22 Huesca;25-29 años;TOTAL;Mujeres;2021;5.193
22 Huesca;25-29 años;TOTAL;Mujeres;2020;5.233
22 Huesca;25-29 años;TOTAL;Mujeres;2019;5.119
22 Huesca;25-29 años;TOTAL;Mujeres;2018;5.234
22 Huesca;30-34 años;TOTAL;Hombres;2022;6.379
22 Huesca;30-34 años;TOTAL;Hombres;2021;6.450
22 Huesca;30-34 años;TOTAL;Hombres;2020;6.493
22 Huesca;30-34 años;TOTAL;Hombres;2019;6.454
22 Huesca;30-34 años;TOTAL;Hombres;2018;6.476
22 Huesca;30-34 años;TOTAL;Mujeres;2022;5.769
22 Huesca;30-34 años;TOTAL;Mujeres;2021;5.884
22 Huesca;30-34 años;TOTAL;Mujeres;2020;5.967
22 Huesca;30-34 años;TOTAL;Mujeres;2019;5.963
22 Huesca;30-34 años;TOTAL;Mujeres;2018;5.995
22 Huesca;35-39 años;TOTAL;Hombres;2022;7.413
22 Huesca;35-39 años;TOTAL;Hombres;2021;7.590
22 Huesca;35-39 años;TOTAL;Hombres;2020;7.802
22 Huesca;35-39 años;TOTAL;Hombres;2019;8.016
22 Huesca;35-39 años;TOTAL;Hombres;2018;8.346
22 Huesca;35-39 años;TOTAL;Mujeres;2022;6.635
22 Huesca;35-39 años;TOTAL;Mujeres;2021;6.781
22 Huesca;35-39 años;TOTAL;Mujeres;2020;6.971
22 Huesca;35-39 años;TOTAL;Mujeres;2019;7.139
22 Huesca;35-39 años;TOTAL;Mujeres;2018;7.446
22 Huesca;40-44 años;TOTAL;Hombres;2022;9.380
22 Huesca;40-44 años;TOTAL;Hombres;2021;9.516
22 Huesca;40-44 años;TOTAL;Hombres;2020;9.362
22 Huesca;40-44 años;TOTAL;Hombres;2019;9.326
22 Huesca;40-44 años;TOTAL;Hombres;2018;9.180
22 Huesca;40-44 años;TOTAL;Mujeres;2022;8.230
22 Huesca;40-44 años;TOTAL;Mujeres;2021;8.349
22 Huesca;40-44 años;TOTAL;Mujeres;2020;8.400
22 Huesca;40-44 años;TOTAL;Mujeres;2019;8.317
22 Huesca;40-44 años;TOTAL;Mujeres;2018;8.267
22 Huesca;45-49 años;TOTAL;Hombres;2022;9.522
22 Huesca;45-49 años;TOTAL;Hombres;2021;9.344
22 Huesca;45-49 años;TOTAL;Hombres;2020;9.061
22 Huesca;45-49 años;TOTAL;Hombres;2019;8.956
22 Huesca;45-49 años;TOTAL;Hombres;2018;8.857
22 Huesca;45-49 años;TOTAL;Mujeres;2022;8.497
22 Huesca;45-49 años;TOTAL;Mujeres;2021;8.397
22 Huesca;45-49 años;TOTAL;Mujeres;2020;8.180
22 Huesca;45-49 años;TOTAL;Mujeres;2019;8.150
22 Huesca;45-49 años;TOTAL;Mujeres;2018;8.095
22 Huesca;50-54 años;TOTAL;Hombres;2022;8.956
22 Huesca;50-54 años;TOTAL;Hombres;2021;8.893
22 Huesca;50-54 años;TOTAL;Hombres;2020;8.826
22 Huesca;50-54 años;TOTAL;Hombres;2019;8.765
22 Huesca;50-54 años;TOTAL;Hombres;2018;8.847
22 Huesca;50-54 años;TOTAL;Mujeres;2022;8.354
22 Huesca;50-54 años;TOTAL;Mujeres;2021;8.252
22 Huesca;50-54 años;TOTAL;Mujeres;2020;8.209
22 Huesca;50-54 años;TOTAL;Mujeres;2019;8.139
22 Huesca;50-54 años;TOTAL;Mujeres;2018;8.114
22 Huesca;55-59 años;TOTAL;Hombres;2022;8.922
22 Huesca;55-59 años;TOTAL;Hombres;2021;8.793
22 Huesca;55-59 años;TOTAL;Hombres;2020;8.552
22 Huesca;55-59 años;TOTAL;Hombres;2019;8.378
22 Huesca;55-59 años;TOTAL;Hombres;2018;8.286
22 Huesca;55-59 años;TOTAL;Mujeres;2022;8.188
22 Huesca;55-59 años;TOTAL;Mujeres;2021;8.112
22 Huesca;55-59 años;TOTAL;Mujeres;2020;8.032
22 Huesca;55-59 años;TOTAL;Mujeres;2019;7.948
22 Huesca;55-59 años;TOTAL;Mujeres;2018;7.731
22 Huesca;60-64 años;TOTAL;Hombres;2022;7.982
22 Huesca;60-64 años;TOTAL;Hombres;2021;7.754
22 Huesca;60-64 años;TOTAL;Hombres;2020;7.592
22 Huesca;60-64 años;TOTAL;Hombres;2019;7.316
22 Huesca;60-64 años;TOTAL;Hombres;2018;7.055
22 Huesca;60-64 años;TOTAL;Mujeres;2022;7.623
22 Huesca;60-64 años;TOTAL;Mujeres;2021;7.450
22 Huesca;60-64 años;TOTAL;Mujeres;2020;7.156
22 Huesca;60-64 años;TOTAL;Mujeres;2019;6.875
22 Huesca;60-64 años;TOTAL;Mujeres;2018;6.705
22 Huesca;65-69 años;TOTAL;Hombres;2022;6.518
22 Huesca;65-69 años;TOTAL;Hombres;2021;6.248
22 Huesca;65-69 años;TOTAL;Hombres;2020;6.012
22 Huesca;65-69 años;TOTAL;Hombres;2019;5.994
22 Huesca;65-69 años;TOTAL;Hombres;2018;5.888
22 Huesca;65-69 años;TOTAL;Mujeres;2022;6.424
22 Huesca;65-69 años;TOTAL;Mujeres;2021;6.203
22 Huesca;65-69 años;TOTAL;Mujeres;2020;5.957
22 Huesca;65-69 años;TOTAL;Mujeres;2019;5.877
22 Huesca;65-69 años;TOTAL;Mujeres;2018;5.855
22 Huesca;70-74 años;TOTAL;Hombres;2022;5.426
22 Huesca;70-74 años;TOTAL;Hombres;2021;5.454
22 Huesca;70-74 años;TOTAL;Hombres;2020;5.399
22 Huesca;70-74 años;TOTAL;Hombres;2019;5.284
22 Huesca;70-74 años;TOTAL;Hombres;2018;5.155
22 Huesca;70-74 años;TOTAL;Mujeres;2022;5.565
22 Huesca;70-74 años;TOTAL;Mujeres;2021;5.503
22 Huesca;70-74 años;TOTAL;Mujeres;2020;5.556
22 Huesca;70-74 años;TOTAL;Mujeres;2019;5.483
22 Huesca;70-74 años;TOTAL;Mujeres;2018;5.405
22 Huesca;75-79 años;TOTAL;Hombres;2022;4.352
22 Huesca;75-79 años;TOTAL;Hombres;2021;4.108
22 Huesca;75-79 años;TOTAL;Hombres;2020;3.982
22 Huesca;75-79 años;TOTAL;Hombres;2019;3.625
22 Huesca;75-79 años;TOTAL;Hombres;2018;3.429
22 Huesca;75-79 años;TOTAL;Mujeres;2022;5.042
22 Huesca;75-79 años;TOTAL;Mujeres;2021;4.838
22 Huesca;75-79 años;TOTAL;Mujeres;2020;4.680
22 Huesca;75-79 años;TOTAL;Mujeres;2019;4.315
22 Huesca;75-79 años;TOTAL;Mujeres;2018;4.102
22 Huesca;80-84 años;TOTAL;Hombres;2022;2.850
22 Huesca;80-84 años;TOTAL;Hombres;2021;2.993
22 Huesca;80-84 años;TOTAL;Hombres;2020;3.179
22 Huesca;80-84 años;TOTAL;Hombres;2019;3.573
22 Huesca;80-84 años;TOTAL;Hombres;2018;3.846
22 Huesca;80-84 años;TOTAL;Mujeres;2022;3.767
22 Huesca;80-84 años;TOTAL;Mujeres;2021;4.018
22 Huesca;80-84 años;TOTAL;Mujeres;2020;4.187
22 Huesca;80-84 años;TOTAL;Mujeres;2019;4.553
22 Huesca;80-84 años;TOTAL;Mujeres;2018;4.854
22 Huesca;85-89 años;TOTAL;Hombres;2022;2.617
22 Huesca;85-89 años;TOTAL;Hombres;2021;2.621
22 Huesca;85-89 años;TOTAL;Hombres;2020;2.592
22 Huesca;85-89 años;TOTAL;Hombres;2019;2.576
22 Huesca;85-89 años;TOTAL;Hombres;2018;2.537
22 Huesca;85-89 años;TOTAL;Mujeres;2022;3.915
22 Huesca;85-89 años;TOTAL;Mujeres;2021;3.932
22 Huesca;85-89 años;TOTAL;Mujeres;2020;4.017
22 Huesca;85-89 años;TOTAL;Mujeres;2019;3.993
22 Huesca;85-89 años;TOTAL;Mujeres;2018;4.032
22 Huesca;90-94 años;TOTAL;Hombres;2022;1.148
22 Huesca;90-94 años;TOTAL;Hombres;2021;1.135
22 Huesca;90-94 años;TOTAL;Hombres;2020;1.131
22 Huesca;90-94 años;TOTAL;Hombres;2019;1.094
22 Huesca;90-94 años;TOTAL;Hombres;2018;1.136
22 Huesca;90-94 años;TOTAL;Mujeres;2022;2.266
22 Huesca;90-94 años;TOTAL;Mujeres;2021;2.203
22 Huesca;90-94 años;TOTAL;Mujeres;2020;2.198
22 Huesca;90-94 años;TOTAL;Mujeres;2019;2.157
22 Huesca;90-94 años;TOTAL;Mujeres;2018;2.042
22 Huesca;95-99 años;TOTAL;Hombres;2022;280
22 Huesca;95-99 años;TOTAL;Hombres;2021;244
22 Huesca;95-99 años;TOTAL;Hombres;2020;276
22 Huesca;95-99 años;TOTAL;Hombres;2019;246
22 Huesca;95-99 años;TOTAL;Hombres;2018;211
22 Huesca;95-99 años;TOTAL;Mujeres;2022;701
22 Huesca;95-99 años;TOTAL;Mujeres;2021;660
22 Huesca;95-99 años;TOTAL;Mujeres;2020;648
22 Huesca;95-99 años;TOTAL;Mujeres;2019;610
22 Huesca;95-99 años;TOTAL;Mujeres;2018;612
22 Huesca;100 años y más;TOTAL;Hombres;2022;25
22 Huesca;100 años y más;TOTAL;Hombres;2021;26
22 Huesca;100 años y más;TOTAL;Hombres;2020;26
22 Huesca;100 años y más;TOTAL;Hombres;2019;26
22 Huesca;100 años y más;TOTAL;Hombres;2018;26
22 Huesca;100 años y más;TOTAL;Mujeres;2022;125
22 Huesca;100 años y más;TOTAL;Mujeres;2021;110
22 Huesca;100 años y más;TOTAL;Mujeres;2020;116
22 Huesca;100 años y más;TOTAL;Mujeres;2019;92
22 Huesca;100 años y más;TOTAL;Mujeres;2018;102
23 Jaén;0-4 años;TOTAL;Hombres;2022;11.961
23 Jaén;0-4 años;TOTAL;Hombres;2021;12.468
23 Jaén;0-4 años;TOTAL;Hombres;2020;12.574
23 Jaén;0-4 años;TOTAL;Hombres;2019;13.211
23 Jaén;0-4 años;TOTAL;Hombres;2018;13.447
23 Jaén;0-4 años;TOTAL;Mujeres;2022;11.303
23 Jaén;0-4 años;TOTAL;Mujeres;2021;11.658
23 Jaén;0-4 años;TOTAL;Mujeres;2020;11.812
23 Jaén;0-4 años;TOTAL;Mujeres;2019;12.590
23 Jaén;0-4 años;TOTAL;Mujeres;2018;12.854
23 Jaén;5-9 años;TOTAL;Hombres;2022;14.203
23 Jaén;5-9 años;TOTAL;Hombres;2021;14.442
23 Jaén;5-9 años;TOTAL;Hombres;2020;14.808
23 Jaén;5-9 años;TOTAL;Hombres;2019;15.336
23 Jaén;5-9 años;TOTAL;Hombres;2018;16.160
23 Jaén;5-9 años;TOTAL;Mujeres;2022;13.399
23 Jaén;5-9 años;TOTAL;Mujeres;2021;13.736
23 Jaén;5-9 años;TOTAL;Mujeres;2020;14.038
23 Jaén;5-9 años;TOTAL;Mujeres;2019;14.433
23 Jaén;5-9 años;TOTAL;Mujeres;2018;15.163
23 Jaén;10-14 años;TOTAL;Hombres;2022;16.623
23 Jaén;10-14 años;TOTAL;Hombres;2021;16.906
23 Jaén;10-14 años;TOTAL;Hombres;2020;17.064
23 Jaén;10-14 años;TOTAL;Hombres;2019;17.248
23 Jaén;10-14 años;TOTAL;Hombres;2018;17.208
23 Jaén;10-14 años;TOTAL;Mujeres;2022;15.612
23 Jaén;10-14 años;TOTAL;Mujeres;2021;16.067
23 Jaén;10-14 años;TOTAL;Mujeres;2020;16.327
23 Jaén;10-14 años;TOTAL;Mujeres;2019;16.427
23 Jaén;10-14 años;TOTAL;Mujeres;2018;16.482
23 Jaén;15-19 años;TOTAL;Hombres;2022;17.297
23 Jaén;15-19 años;TOTAL;Hombres;2021;17.274
23 Jaén;15-19 años;TOTAL;Hombres;2020;17.468
23 Jaén;15-19 años;TOTAL;Hombres;2019;17.726
23 Jaén;15-19 años;TOTAL;Hombres;2018;17.848
23 Jaén;15-19 años;TOTAL;Mujeres;2022;16.506
23 Jaén;15-19 años;TOTAL;Mujeres;2021;16.338
23 Jaén;15-19 años;TOTAL;Mujeres;2020;16.479
23 Jaén;15-19 años;TOTAL;Mujeres;2019;16.692
23 Jaén;15-19 años;TOTAL;Mujeres;2018;16.703
23 Jaén;20-24 años;TOTAL;Hombres;2022;18.035
23 Jaén;20-24 años;TOTAL;Hombres;2021;18.267
23 Jaén;20-24 años;TOTAL;Hombres;2020;18.570
23 Jaén;20-24 años;TOTAL;Hombres;2019;18.784
23 Jaén;20-24 años;TOTAL;Hombres;2018;19.637
23 Jaén;20-24 años;TOTAL;Mujeres;2022;16.867
23 Jaén;20-24 años;TOTAL;Mujeres;2021;17.088
23 Jaén;20-24 años;TOTAL;Mujeres;2020;17.356
23 Jaén;20-24 años;TOTAL;Mujeres;2019;17.562
23 Jaén;20-24 años;TOTAL;Mujeres;2018;18.389
23 Jaén;25-29 años;TOTAL;Hombres;2022;19.164
23 Jaén;25-29 años;TOTAL;Hombres;2021;19.797
23 Jaén;25-29 años;TOTAL;Hombres;2020;20.080
23 Jaén;25-29 años;TOTAL;Hombres;2019;20.666
23 Jaén;25-29 años;TOTAL;Hombres;2018;20.869
23 Jaén;25-29 años;TOTAL;Mujeres;2022;17.744
23 Jaén;25-29 años;TOTAL;Mujeres;2021;18.359
23 Jaén;25-29 años;TOTAL;Mujeres;2020;18.636
23 Jaén;25-29 años;TOTAL;Mujeres;2019;19.298
23 Jaén;25-29 años;TOTAL;Mujeres;2018;19.506
23 Jaén;30-34 años;TOTAL;Hombres;2022;19.541
23 Jaén;30-34 años;TOTAL;Hombres;2021;19.543
23 Jaén;30-34 años;TOTAL;Hombres;2020;19.602
23 Jaén;30-34 años;TOTAL;Hombres;2019;19.714
23 Jaén;30-34 años;TOTAL;Hombres;2018;20.074
23 Jaén;30-34 años;TOTAL;Mujeres;2022;18.057
23 Jaén;30-34 años;TOTAL;Mujeres;2021;18.229
23 Jaén;30-34 años;TOTAL;Mujeres;2020;18.309
23 Jaén;30-34 años;TOTAL;Mujeres;2019;18.507
23 Jaén;30-34 años;TOTAL;Mujeres;2018;19.037
23 Jaén;35-39 años;TOTAL;Hombres;2022;19.762
23 Jaén;35-39 años;TOTAL;Hombres;2021;20.339
23 Jaén;35-39 años;TOTAL;Hombres;2020;21.160
23 Jaén;35-39 años;TOTAL;Hombres;2019;21.903
23 Jaén;35-39 años;TOTAL;Hombres;2018;22.647
23 Jaén;35-39 años;TOTAL;Mujeres;2022;18.847
23 Jaén;35-39 años;TOTAL;Mujeres;2021;19.214
23 Jaén;35-39 años;TOTAL;Mujeres;2020;19.874
23 Jaén;35-39 años;TOTAL;Mujeres;2019;20.373
23 Jaén;35-39 años;TOTAL;Mujeres;2018;21.036
23 Jaén;40-44 años;TOTAL;Hombres;2022;22.613
23 Jaén;40-44 años;TOTAL;Hombres;2021;23.060
23 Jaén;40-44 años;TOTAL;Hombres;2020;23.383
23 Jaén;40-44 años;TOTAL;Hombres;2019;23.406
23 Jaén;40-44 años;TOTAL;Hombres;2018;23.664
23 Jaén;40-44 años;TOTAL;Mujeres;2022;21.260
23 Jaén;40-44 años;TOTAL;Mujeres;2021;21.837
23 Jaén;40-44 años;TOTAL;Mujeres;2020;21.976
23 Jaén;40-44 años;TOTAL;Mujeres;2019;22.318
23 Jaén;40-44 años;TOTAL;Mujeres;2018;22.449
23 Jaén;45-49 años;TOTAL;Hombres;2022;23.521
23 Jaén;45-49 años;TOTAL;Hombres;2021;23.791
23 Jaén;45-49 años;TOTAL;Hombres;2020;23.975
23 Jaén;45-49 años;TOTAL;Hombres;2019;24.313
23 Jaén;45-49 años;TOTAL;Hombres;2018;24.669
23 Jaén;45-49 años;TOTAL;Mujeres;2022;22.623
23 Jaén;45-49 años;TOTAL;Mujeres;2021;22.650
23 Jaén;45-49 años;TOTAL;Mujeres;2020;22.911
23 Jaén;45-49 años;TOTAL;Mujeres;2019;23.195
23 Jaén;45-49 años;TOTAL;Mujeres;2018;23.826
23 Jaén;50-54 años;TOTAL;Hombres;2022;24.748
23 Jaén;50-54 años;TOTAL;Hombres;2021;24.785
23 Jaén;50-54 años;TOTAL;Hombres;2020;25.213
23 Jaén;50-54 años;TOTAL;Hombres;2019;25.760
23 Jaén;50-54 años;TOTAL;Hombres;2018;26.026
23 Jaén;50-54 años;TOTAL;Mujeres;2022;24.186
23 Jaén;50-54 años;TOTAL;Mujeres;2021;24.625
23 Jaén;50-54 años;TOTAL;Mujeres;2020;25.213
23 Jaén;50-54 años;TOTAL;Mujeres;2019;25.821
23 Jaén;50-54 años;TOTAL;Mujeres;2018;25.864
23 Jaén;55-59 años;TOTAL;Hombres;2022;24.918
23 Jaén;55-59 años;TOTAL;Hombres;2021;25.041
23 Jaén;55-59 años;TOTAL;Hombres;2020;24.779
23 Jaén;55-59 años;TOTAL;Hombres;2019;23.900
23 Jaén;55-59 años;TOTAL;Hombres;2018;23.483
23 Jaén;55-59 años;TOTAL;Mujeres;2022;25.362
23 Jaén;55-59 años;TOTAL;Mujeres;2021;25.252
23 Jaén;55-59 años;TOTAL;Mujeres;2020;24.979
23 Jaén;55-59 años;TOTAL;Mujeres;2019;24.011
23 Jaén;55-59 años;TOTAL;Mujeres;2018;23.552
23 Jaén;60-64 años;TOTAL;Hombres;2022;22.211
23 Jaén;60-64 años;TOTAL;Hombres;2021;21.515
23 Jaén;60-64 años;TOTAL;Hombres;2020;20.443
23 Jaén;60-64 años;TOTAL;Hombres;2019;19.318
23 Jaén;60-64 años;TOTAL;Hombres;2018;18.366
23 Jaén;60-64 años;TOTAL;Mujeres;2022;22.536
23 Jaén;60-64 años;TOTAL;Mujeres;2021;21.694
23 Jaén;60-64 años;TOTAL;Mujeres;2020;20.456
23 Jaén;60-64 años;TOTAL;Mujeres;2019;19.380
23 Jaén;60-64 años;TOTAL;Mujeres;2018;18.472
23 Jaén;65-69 años;TOTAL;Hombres;2022;16.728
23 Jaén;65-69 años;TOTAL;Hombres;2021;15.722
23 Jaén;65-69 años;TOTAL;Hombres;2020;14.922
23 Jaén;65-69 años;TOTAL;Hombres;2019;14.560
23 Jaén;65-69 años;TOTAL;Hombres;2018;14.366
23 Jaén;65-69 años;TOTAL;Mujeres;2022;17.413
23 Jaén;65-69 años;TOTAL;Mujeres;2021;16.472
23 Jaén;65-69 años;TOTAL;Mujeres;2020;15.723
23 Jaén;65-69 años;TOTAL;Mujeres;2019;15.554
23 Jaén;65-69 años;TOTAL;Mujeres;2018;15.456
23 Jaén;70-74 años;TOTAL;Hombres;2022;12.538
23 Jaén;70-74 años;TOTAL;Hombres;2021;12.174
23 Jaén;70-74 años;TOTAL;Hombres;2020;12.410
23 Jaén;70-74 años;TOTAL;Hombres;2019;12.039
23 Jaén;70-74 años;TOTAL;Hombres;2018;11.612
23 Jaén;70-74 años;TOTAL;Mujeres;2022;14.500
23 Jaén;70-74 años;TOTAL;Mujeres;2021;14.300
23 Jaén;70-74 años;TOTAL;Mujeres;2020;14.741
23 Jaén;70-74 años;TOTAL;Mujeres;2019;14.636
23 Jaén;70-74 años;TOTAL;Mujeres;2018;14.349
23 Jaén;75-79 años;TOTAL;Hombres;2022;9.581
23 Jaén;75-79 años;TOTAL;Hombres;2021;9.483
23 Jaén;75-79 años;TOTAL;Hombres;2020;9.968
23 Jaén;75-79 años;TOTAL;Hombres;2019;9.263
23 Jaén;75-79 años;TOTAL;Hombres;2018;8.884
23 Jaén;75-79 años;TOTAL;Mujeres;2022;13.057
23 Jaén;75-79 años;TOTAL;Mujeres;2021;13.092
23 Jaén;75-79 años;TOTAL;Mujeres;2020;13.766
23 Jaén;75-79 años;TOTAL;Mujeres;2019;12.853
23 Jaén;75-79 años;TOTAL;Mujeres;2018;12.636
23 Jaén;80-84 años;TOTAL;Hombres;2022;7.084
23 Jaén;80-84 años;TOTAL;Hombres;2021;7.622
23 Jaén;80-84 años;TOTAL;Hombres;2020;7.634
23 Jaén;80-84 años;TOTAL;Hombres;2019;8.409
23 Jaén;80-84 años;TOTAL;Hombres;2018;9.030
23 Jaén;80-84 años;TOTAL;Mujeres;2022;11.135
23 Jaén;80-84 años;TOTAL;Mujeres;2021;11.819
23 Jaén;80-84 años;TOTAL;Mujeres;2020;11.621
23 Jaén;80-84 años;TOTAL;Mujeres;2019;12.626
23 Jaén;80-84 años;TOTAL;Mujeres;2018;13.310
23 Jaén;85-89 años;TOTAL;Hombres;2022;5.488
23 Jaén;85-89 años;TOTAL;Hombres;2021;5.538
23 Jaén;85-89 años;TOTAL;Hombres;2020;5.765
23 Jaén;85-89 años;TOTAL;Hombres;2019;5.607
23 Jaén;85-89 años;TOTAL;Hombres;2018;5.542
23 Jaén;85-89 años;TOTAL;Mujeres;2022;9.220
23 Jaén;85-89 años;TOTAL;Mujeres;2021;9.255
23 Jaén;85-89 años;TOTAL;Mujeres;2020;9.548
23 Jaén;85-89 años;TOTAL;Mujeres;2019;9.262
23 Jaén;85-89 años;TOTAL;Mujeres;2018;9.093
23 Jaén;90-94 años;TOTAL;Hombres;2022;2.285
23 Jaén;90-94 años;TOTAL;Hombres;2021;2.169
23 Jaén;90-94 años;TOTAL;Hombres;2020;2.124
23 Jaén;90-94 años;TOTAL;Hombres;2019;1.840
23 Jaén;90-94 años;TOTAL;Hombres;2018;1.675
23 Jaén;90-94 años;TOTAL;Mujeres;2022;4.298
23 Jaén;90-94 años;TOTAL;Mujeres;2021;4.140
23 Jaén;90-94 años;TOTAL;Mujeres;2020;4.168
23 Jaén;90-94 años;TOTAL;Mujeres;2019;3.693
23 Jaén;90-94 años;TOTAL;Mujeres;2018;3.453
23 Jaén;95-99 años;TOTAL;Hombres;2022;401
23 Jaén;95-99 años;TOTAL;Hombres;2021;351
23 Jaén;95-99 años;TOTAL;Hombres;2020;385
23 Jaén;95-99 años;TOTAL;Hombres;2019;319
23 Jaén;95-99 años;TOTAL;Hombres;2018;306
23 Jaén;95-99 años;TOTAL;Mujeres;2022;957
23 Jaén;95-99 años;TOTAL;Mujeres;2021;917
23 Jaén;95-99 años;TOTAL;Mujeres;2020;956
23 Jaén;95-99 años;TOTAL;Mujeres;2019;853
23 Jaén;95-99 años;TOTAL;Mujeres;2018;801
23 Jaén;100 años y más;TOTAL;Hombres;2022;33
23 Jaén;100 años y más;TOTAL;Hombres;2021;36
23 Jaén;100 años y más;TOTAL;Hombres;2020;37
23 Jaén;100 años y más;TOTAL;Hombres;2019;34
23 Jaén;100 años y más;TOTAL;Hombres;2018;36
23 Jaén;100 años y más;TOTAL;Mujeres;2022;144
23 Jaén;100 años y más;TOTAL;Mujeres;2021;125
23 Jaén;100 años y más;TOTAL;Mujeres;2020;128
23 Jaén;100 años y más;TOTAL;Mujeres;2019;124
23 Jaén;100 años y más;TOTAL;Mujeres;2018;119
24 León;0-4 años;TOTAL;Hombres;2022;6.231
24 León;0-4 años;TOTAL;Hombres;2021;6.569
24 León;0-4 años;TOTAL;Hombres;2020;7.035
24 León;0-4 años;TOTAL;Hombres;2019;7.325
24 León;0-4 años;TOTAL;Hombres;2018;7.502
24 León;0-4 años;TOTAL;Mujeres;2022;5.976
24 León;0-4 años;TOTAL;Mujeres;2021;6.198
24 León;0-4 años;TOTAL;Mujeres;2020;6.521
24 León;0-4 años;TOTAL;Mujeres;2019;6.786
24 León;0-4 años;TOTAL;Mujeres;2018;6.971
24 León;5-9 años;TOTAL;Hombres;2022;8.141
24 León;5-9 años;TOTAL;Hombres;2021;8.323
24 León;5-9 años;TOTAL;Hombres;2020;8.393
24 León;5-9 años;TOTAL;Hombres;2019;8.528
24 León;5-9 años;TOTAL;Hombres;2018;8.752
24 León;5-9 años;TOTAL;Mujeres;2022;7.487
24 León;5-9 años;TOTAL;Mujeres;2021;7.658
24 León;5-9 años;TOTAL;Mujeres;2020;7.936
24 León;5-9 años;TOTAL;Mujeres;2019;8.153
24 León;5-9 años;TOTAL;Mujeres;2018;8.369
24 León;10-14 años;TOTAL;Hombres;2022;9.008
24 León;10-14 años;TOTAL;Hombres;2021;9.078
24 León;10-14 años;TOTAL;Hombres;2020;9.178
24 León;10-14 años;TOTAL;Hombres;2019;9.196
24 León;10-14 años;TOTAL;Hombres;2018;9.111
24 León;10-14 años;TOTAL;Mujeres;2022;8.773
24 León;10-14 años;TOTAL;Mujeres;2021;8.771
24 León;10-14 años;TOTAL;Mujeres;2020;8.700
24 León;10-14 años;TOTAL;Mujeres;2019;8.720
24 León;10-14 años;TOTAL;Mujeres;2018;8.785
24 León;15-19 años;TOTAL;Hombres;2022;9.195
24 León;15-19 años;TOTAL;Hombres;2021;9.194
24 León;15-19 años;TOTAL;Hombres;2020;9.226
24 León;15-19 años;TOTAL;Hombres;2019;9.199
24 León;15-19 años;TOTAL;Hombres;2018;9.180
24 León;15-19 años;TOTAL;Mujeres;2022;8.824
24 León;15-19 años;TOTAL;Mujeres;2021;8.831
24 León;15-19 años;TOTAL;Mujeres;2020;8.862
24 León;15-19 años;TOTAL;Mujeres;2019;8.795
24 León;15-19 años;TOTAL;Mujeres;2018;8.586
24 León;20-24 años;TOTAL;Hombres;2022;9.532
24 León;20-24 años;TOTAL;Hombres;2021;9.418
24 León;20-24 años;TOTAL;Hombres;2020;9.462
24 León;20-24 años;TOTAL;Hombres;2019;9.474
24 León;20-24 años;TOTAL;Hombres;2018;9.617
24 León;20-24 años;TOTAL;Mujeres;2022;8.731
24 León;20-24 años;TOTAL;Mujeres;2021;8.827
24 León;20-24 años;TOTAL;Mujeres;2020;8.755
24 León;20-24 años;TOTAL;Mujeres;2019;8.810
24 León;20-24 años;TOTAL;Mujeres;2018;8.991
24 León;25-29 años;TOTAL;Hombres;2022;9.590
24 León;25-29 años;TOTAL;Hombres;2021;9.914
24 León;25-29 años;TOTAL;Hombres;2020;10.151
24 León;25-29 años;TOTAL;Hombres;2019;10.568
24 León;25-29 años;TOTAL;Hombres;2018;10.914
24 León;25-29 años;TOTAL;Mujeres;2022;8.722
24 León;25-29 años;TOTAL;Mujeres;2021;8.964
24 León;25-29 años;TOTAL;Mujeres;2020;9.318
24 León;25-29 años;TOTAL;Mujeres;2019;9.738
24 León;25-29 años;TOTAL;Mujeres;2018;10.214
24 León;30-34 años;TOTAL;Hombres;2022;10.649
24 León;30-34 años;TOTAL;Hombres;2021;11.038
24 León;30-34 años;TOTAL;Hombres;2020;11.616
24 León;30-34 años;TOTAL;Hombres;2019;12.236
24 León;30-34 años;TOTAL;Hombres;2018;12.913
24 León;30-34 años;TOTAL;Mujeres;2022;10.114
24 León;30-34 años;TOTAL;Mujeres;2021;10.534
24 León;30-34 años;TOTAL;Mujeres;2020;10.965
24 León;30-34 años;TOTAL;Mujeres;2019;11.563
24 León;30-34 años;TOTAL;Mujeres;2018;12.247
24 León;35-39 años;TOTAL;Hombres;2022;13.142
24 León;35-39 años;TOTAL;Hombres;2021;13.820
24 León;35-39 años;TOTAL;Hombres;2020;14.382
24 León;35-39 años;TOTAL;Hombres;2019;14.944
24 León;35-39 años;TOTAL;Hombres;2018;15.674
24 León;35-39 años;TOTAL;Mujeres;2022;12.846
24 León;35-39 años;TOTAL;Mujeres;2021;13.386
24 León;35-39 años;TOTAL;Mujeres;2020;14.064
24 León;35-39 años;TOTAL;Mujeres;2019;14.617
24 León;35-39 años;TOTAL;Mujeres;2018;15.258
24 León;40-44 años;TOTAL;Hombres;2022;16.023
24 León;40-44 años;TOTAL;Hombres;2021;16.414
24 León;40-44 años;TOTAL;Hombres;2020;16.589
24 León;40-44 años;TOTAL;Hombres;2019;16.750
24 León;40-44 años;TOTAL;Hombres;2018;16.968
24 León;40-44 años;TOTAL;Mujeres;2022;15.800
24 León;40-44 años;TOTAL;Mujeres;2021;16.321
24 León;40-44 años;TOTAL;Mujeres;2020;16.526
24 León;40-44 años;TOTAL;Mujeres;2019;16.838
24 León;40-44 años;TOTAL;Mujeres;2018;16.893
24 León;45-49 años;TOTAL;Hombres;2022;16.975
24 León;45-49 años;TOTAL;Hombres;2021;17.165
24 León;45-49 años;TOTAL;Hombres;2020;17.248
24 León;45-49 años;TOTAL;Hombres;2019;17.513
24 León;45-49 años;TOTAL;Hombres;2018;17.665
24 León;45-49 años;TOTAL;Mujeres;2022;16.982
24 León;45-49 años;TOTAL;Mujeres;2021;17.066
24 León;45-49 años;TOTAL;Mujeres;2020;17.172
24 León;45-49 años;TOTAL;Mujeres;2019;17.357
24 León;45-49 años;TOTAL;Mujeres;2018;17.604
24 León;50-54 años;TOTAL;Hombres;2022;17.584
24 León;50-54 años;TOTAL;Hombres;2021;17.681
24 León;50-54 años;TOTAL;Hombres;2020;18.100
24 León;50-54 años;TOTAL;Hombres;2019;18.401
24 León;50-54 años;TOTAL;Hombres;2018;18.680
24 León;50-54 años;TOTAL;Mujeres;2022;17.839
24 León;50-54 años;TOTAL;Mujeres;2021;18.072
24 León;50-54 años;TOTAL;Mujeres;2020;18.237
24 León;50-54 años;TOTAL;Mujeres;2019;18.560
24 León;50-54 años;TOTAL;Mujeres;2018;18.731
24 León;55-59 años;TOTAL;Hombres;2022;18.453
24 León;55-59 años;TOTAL;Hombres;2021;18.654
24 León;55-59 años;TOTAL;Hombres;2020;18.686
24 León;55-59 años;TOTAL;Hombres;2019;18.759
24 León;55-59 años;TOTAL;Hombres;2018;18.805
24 León;55-59 años;TOTAL;Mujeres;2022;18.908
24 León;55-59 años;TOTAL;Mujeres;2021;19.003
24 León;55-59 años;TOTAL;Mujeres;2020;19.074
24 León;55-59 años;TOTAL;Mujeres;2019;18.872
24 León;55-59 años;TOTAL;Mujeres;2018;18.625
24 León;60-64 años;TOTAL;Hombres;2022;18.210
24 León;60-64 años;TOTAL;Hombres;2021;18.138
24 León;60-64 años;TOTAL;Hombres;2020;17.730
24 León;60-64 años;TOTAL;Hombres;2019;17.196
24 León;60-64 años;TOTAL;Hombres;2018;16.566
24 León;60-64 años;TOTAL;Mujeres;2022;18.322
24 León;60-64 años;TOTAL;Mujeres;2021;17.944
24 León;60-64 años;TOTAL;Mujeres;2020;17.405
24 León;60-64 años;TOTAL;Mujeres;2019;16.716
24 León;60-64 años;TOTAL;Mujeres;2018;16.149
24 León;65-69 años;TOTAL;Hombres;2022;15.363
24 León;65-69 años;TOTAL;Hombres;2021;14.703
24 León;65-69 años;TOTAL;Hombres;2020;14.287
24 León;65-69 años;TOTAL;Hombres;2019;13.936
24 León;65-69 años;TOTAL;Hombres;2018;13.801
24 León;65-69 años;TOTAL;Mujeres;2022;15.278
24 León;65-69 años;TOTAL;Mujeres;2021;14.838
24 León;65-69 años;TOTAL;Mujeres;2020;14.431
24 León;65-69 años;TOTAL;Mujeres;2019;14.284
24 León;65-69 años;TOTAL;Mujeres;2018;14.278
24 León;70-74 años;TOTAL;Hombres;2022;12.385
24 León;70-74 años;TOTAL;Hombres;2021;12.350
24 León;70-74 años;TOTAL;Hombres;2020;12.218
24 León;70-74 años;TOTAL;Hombres;2019;12.029
24 León;70-74 años;TOTAL;Hombres;2018;11.730
24 León;70-74 años;TOTAL;Mujeres;2022;13.757
24 León;70-74 años;TOTAL;Mujeres;2021;13.651
24 León;70-74 años;TOTAL;Mujeres;2020;13.837
24 León;70-74 años;TOTAL;Mujeres;2019;13.678
24 León;70-74 años;TOTAL;Mujeres;2018;13.457
24 León;75-79 años;TOTAL;Hombres;2022;10.185
24 León;75-79 años;TOTAL;Hombres;2021;9.944
24 León;75-79 años;TOTAL;Hombres;2020;9.841
24 León;75-79 años;TOTAL;Hombres;2019;9.377
24 León;75-79 años;TOTAL;Hombres;2018;8.955
24 León;75-79 años;TOTAL;Mujeres;2022;12.609
24 León;75-79 años;TOTAL;Mujeres;2021;12.372
24 León;75-79 años;TOTAL;Mujeres;2020;12.289
24 León;75-79 años;TOTAL;Mujeres;2019;11.727
24 León;75-79 años;TOTAL;Mujeres;2018;11.362
24 León;80-84 años;TOTAL;Hombres;2022;7.178
24 León;80-84 años;TOTAL;Hombres;2021;7.432
24 León;80-84 años;TOTAL;Hombres;2020;7.727
24 León;80-84 años;TOTAL;Hombres;2019;8.478
24 León;80-84 años;TOTAL;Hombres;2018;9.258
24 León;80-84 años;TOTAL;Mujeres;2022;10.253
24 León;80-84 años;TOTAL;Mujeres;2021;11.040
24 León;80-84 años;TOTAL;Mujeres;2020;11.600
24 León;80-84 años;TOTAL;Mujeres;2019;12.744
24 León;80-84 años;TOTAL;Mujeres;2018;13.702
24 León;85-89 años;TOTAL;Hombres;2022;6.318
24 León;85-89 años;TOTAL;Hombres;2021;6.333
24 León;85-89 años;TOTAL;Hombres;2020;6.595
24 León;85-89 años;TOTAL;Hombres;2019;6.488
24 León;85-89 años;TOTAL;Hombres;2018;6.403
24 León;85-89 años;TOTAL;Mujeres;2022;11.181
24 León;85-89 años;TOTAL;Mujeres;2021;11.015
24 León;85-89 años;TOTAL;Mujeres;2020;11.083
24 León;85-89 años;TOTAL;Mujeres;2019;10.920
24 León;85-89 años;TOTAL;Mujeres;2018;10.847
24 León;90-94 años;TOTAL;Hombres;2022;2.758
24 León;90-94 años;TOTAL;Hombres;2021;2.644
24 León;90-94 años;TOTAL;Hombres;2020;2.717
24 León;90-94 años;TOTAL;Hombres;2019;2.673
24 León;90-94 años;TOTAL;Hombres;2018;2.544
24 León;90-94 años;TOTAL;Mujeres;2022;5.983
24 León;90-94 años;TOTAL;Mujeres;2021;5.773
24 León;90-94 años;TOTAL;Mujeres;2020;5.834
24 León;90-94 años;TOTAL;Mujeres;2019;5.534
24 León;90-94 años;TOTAL;Mujeres;2018;5.301
24 León;95-99 años;TOTAL;Hombres;2022;699
24 León;95-99 años;TOTAL;Hombres;2021;621
24 León;95-99 años;TOTAL;Hombres;2020;631
24 León;95-99 años;TOTAL;Hombres;2019;598
24 León;95-99 años;TOTAL;Hombres;2018;535
24 León;95-99 años;TOTAL;Mujeres;2022;1.762
24 León;95-99 años;TOTAL;Mujeres;2021;1.638
24 León;95-99 años;TOTAL;Mujeres;2020;1.647
24 León;95-99 años;TOTAL;Mujeres;2019;1.565
24 León;95-99 años;TOTAL;Mujeres;2018;1.460
24 León;100 años y más;TOTAL;Hombres;2022;96
24 León;100 años y más;TOTAL;Hombres;2021;99
24 León;100 años y más;TOTAL;Hombres;2020;92
24 León;100 años y más;TOTAL;Hombres;2019;76
24 León;100 años y más;TOTAL;Hombres;2018;73
24 León;100 años y más;TOTAL;Mujeres;2022;317
24 León;100 años y más;TOTAL;Mujeres;2021;272
24 León;100 años y más;TOTAL;Mujeres;2020;279
24 León;100 años y más;TOTAL;Mujeres;2019;280
24 León;100 años y más;TOTAL;Mujeres;2018;270
25 Lleida;0-4 años;TOTAL;Hombres;2022;9.175
25 Lleida;0-4 años;TOTAL;Hombres;2021;9.398
25 Lleida;0-4 años;TOTAL;Hombres;2020;9.831
25 Lleida;0-4 años;TOTAL;Hombres;2019;10.072
25 Lleida;0-4 años;TOTAL;Hombres;2018;10.278
25 Lleida;0-4 años;TOTAL;Mujeres;2022;8.698
25 Lleida;0-4 años;TOTAL;Mujeres;2021;9.037
25 Lleida;0-4 años;TOTAL;Mujeres;2020;9.372
25 Lleida;0-4 años;TOTAL;Mujeres;2019;9.578
25 Lleida;0-4 años;TOTAL;Mujeres;2018;9.793
25 Lleida;5-9 años;TOTAL;Hombres;2022;11.134
25 Lleida;5-9 años;TOTAL;Hombres;2021;11.322
25 Lleida;5-9 años;TOTAL;Hombres;2020;11.541
25 Lleida;5-9 años;TOTAL;Hombres;2019;11.821
25 Lleida;5-9 años;TOTAL;Hombres;2018;12.110
25 Lleida;5-9 años;TOTAL;Mujeres;2022;10.617
25 Lleida;5-9 años;TOTAL;Mujeres;2021;10.805
25 Lleida;5-9 años;TOTAL;Mujeres;2020;10.985
25 Lleida;5-9 años;TOTAL;Mujeres;2019;11.129
25 Lleida;5-9 años;TOTAL;Mujeres;2018;11.496
25 Lleida;10-14 años;TOTAL;Hombres;2022;12.609
25 Lleida;10-14 años;TOTAL;Hombres;2021;12.520
25 Lleida;10-14 años;TOTAL;Hombres;2020;12.231
25 Lleida;10-14 años;TOTAL;Hombres;2019;11.749
25 Lleida;10-14 años;TOTAL;Hombres;2018;11.370
25 Lleida;10-14 años;TOTAL;Mujeres;2022;11.865
25 Lleida;10-14 años;TOTAL;Mujeres;2021;11.692
25 Lleida;10-14 años;TOTAL;Mujeres;2020;11.547
25 Lleida;10-14 años;TOTAL;Mujeres;2019;11.273
25 Lleida;10-14 años;TOTAL;Mujeres;2018;10.823
25 Lleida;15-19 años;TOTAL;Hombres;2022;12.236
25 Lleida;15-19 años;TOTAL;Hombres;2021;11.983
25 Lleida;15-19 años;TOTAL;Hombres;2020;11.721
25 Lleida;15-19 años;TOTAL;Hombres;2019;11.268
25 Lleida;15-19 años;TOTAL;Hombres;2018;10.742
25 Lleida;15-19 años;TOTAL;Mujeres;2022;10.898
25 Lleida;15-19 años;TOTAL;Mujeres;2021;10.560
25 Lleida;15-19 años;TOTAL;Mujeres;2020;10.388
25 Lleida;15-19 años;TOTAL;Mujeres;2019;10.102
25 Lleida;15-19 años;TOTAL;Mujeres;2018;9.866
25 Lleida;20-24 años;TOTAL;Hombres;2022;12.357
25 Lleida;20-24 años;TOTAL;Hombres;2021;12.078
25 Lleida;20-24 años;TOTAL;Hombres;2020;11.897
25 Lleida;20-24 años;TOTAL;Hombres;2019;11.377
25 Lleida;20-24 años;TOTAL;Hombres;2018;11.157
25 Lleida;20-24 años;TOTAL;Mujeres;2022;10.858
25 Lleida;20-24 años;TOTAL;Mujeres;2021;10.646
25 Lleida;20-24 años;TOTAL;Mujeres;2020;10.425
25 Lleida;20-24 años;TOTAL;Mujeres;2019;10.290
25 Lleida;20-24 años;TOTAL;Mujeres;2018;10.298
25 Lleida;25-29 años;TOTAL;Hombres;2022;12.633
25 Lleida;25-29 años;TOTAL;Hombres;2021;12.464
25 Lleida;25-29 años;TOTAL;Hombres;2020;12.419
25 Lleida;25-29 años;TOTAL;Hombres;2019;12.172
25 Lleida;25-29 años;TOTAL;Hombres;2018;12.096
25 Lleida;25-29 años;TOTAL;Mujeres;2022;10.889
25 Lleida;25-29 años;TOTAL;Mujeres;2021;10.912
25 Lleida;25-29 años;TOTAL;Mujeres;2020;11.059
25 Lleida;25-29 años;TOTAL;Mujeres;2019;11.166
25 Lleida;25-29 años;TOTAL;Mujeres;2018;11.261
25 Lleida;30-34 años;TOTAL;Hombres;2022;13.202
25 Lleida;30-34 años;TOTAL;Hombres;2021;13.120
25 Lleida;30-34 años;TOTAL;Hombres;2020;13.321
25 Lleida;30-34 años;TOTAL;Hombres;2019;13.379
25 Lleida;30-34 años;TOTAL;Hombres;2018;13.467
25 Lleida;30-34 años;TOTAL;Mujeres;2022;11.975
25 Lleida;30-34 años;TOTAL;Mujeres;2021;12.260
25 Lleida;30-34 años;TOTAL;Mujeres;2020;12.407
25 Lleida;30-34 años;TOTAL;Mujeres;2019;12.472
25 Lleida;30-34 años;TOTAL;Mujeres;2018;12.560
25 Lleida;35-39 años;TOTAL;Hombres;2022;14.846
25 Lleida;35-39 años;TOTAL;Hombres;2021;15.602
25 Lleida;35-39 años;TOTAL;Hombres;2020;16.238
25 Lleida;35-39 años;TOTAL;Hombres;2019;16.865
25 Lleida;35-39 años;TOTAL;Hombres;2018;17.843
25 Lleida;35-39 años;TOTAL;Mujeres;2022;13.593
25 Lleida;35-39 años;TOTAL;Mujeres;2021;13.853
25 Lleida;35-39 años;TOTAL;Mujeres;2020;14.370
25 Lleida;35-39 años;TOTAL;Mujeres;2019;15.058
25 Lleida;35-39 años;TOTAL;Mujeres;2018;15.797
25 Lleida;40-44 años;TOTAL;Hombres;2022;19.229
25 Lleida;40-44 años;TOTAL;Hombres;2021;19.827
25 Lleida;40-44 años;TOTAL;Hombres;2020;20.148
25 Lleida;40-44 años;TOTAL;Hombres;2019;20.284
25 Lleida;40-44 años;TOTAL;Hombres;2018;20.057
25 Lleida;40-44 años;TOTAL;Mujeres;2022;16.641
25 Lleida;40-44 años;TOTAL;Mujeres;2021;17.189
25 Lleida;40-44 años;TOTAL;Mujeres;2020;17.327
25 Lleida;40-44 años;TOTAL;Mujeres;2019;17.331
25 Lleida;40-44 años;TOTAL;Mujeres;2018;17.159
25 Lleida;45-49 años;TOTAL;Hombres;2022;20.015
25 Lleida;45-49 años;TOTAL;Hombres;2021;19.498
25 Lleida;45-49 años;TOTAL;Hombres;2020;18.993
25 Lleida;45-49 años;TOTAL;Hombres;2019;18.595
25 Lleida;45-49 años;TOTAL;Hombres;2018;18.364
25 Lleida;45-49 años;TOTAL;Mujeres;2022;17.177
25 Lleida;45-49 años;TOTAL;Mujeres;2021;16.648
25 Lleida;45-49 años;TOTAL;Mujeres;2020;16.466
25 Lleida;45-49 años;TOTAL;Mujeres;2019;16.120
25 Lleida;45-49 años;TOTAL;Mujeres;2018;15.987
25 Lleida;50-54 años;TOTAL;Hombres;2022;18.009
25 Lleida;50-54 años;TOTAL;Hombres;2021;17.885
25 Lleida;50-54 años;TOTAL;Hombres;2020;17.709
25 Lleida;50-54 años;TOTAL;Hombres;2019;17.448
25 Lleida;50-54 años;TOTAL;Hombres;2018;17.283
25 Lleida;50-54 años;TOTAL;Mujeres;2022;15.762
25 Lleida;50-54 años;TOTAL;Mujeres;2021;15.724
25 Lleida;50-54 años;TOTAL;Mujeres;2020;15.566
25 Lleida;50-54 años;TOTAL;Mujeres;2019;15.639
25 Lleida;50-54 años;TOTAL;Mujeres;2018;15.432
25 Lleida;55-59 años;TOTAL;Hombres;2022;16.629
25 Lleida;55-59 años;TOTAL;Hombres;2021;16.356
25 Lleida;55-59 años;TOTAL;Hombres;2020;16.019
25 Lleida;55-59 años;TOTAL;Hombres;2019;15.681
25 Lleida;55-59 años;TOTAL;Hombres;2018;15.402
25 Lleida;55-59 años;TOTAL;Mujeres;2022;15.178
25 Lleida;55-59 años;TOTAL;Mujeres;2021;15.247
25 Lleida;55-59 años;TOTAL;Mujeres;2020;15.125
25 Lleida;55-59 años;TOTAL;Mujeres;2019;14.720
25 Lleida;55-59 años;TOTAL;Mujeres;2018;14.375
25 Lleida;60-64 años;TOTAL;Hombres;2022;14.447
25 Lleida;60-64 años;TOTAL;Hombres;2021;13.939
25 Lleida;60-64 años;TOTAL;Hombres;2020;13.452
25 Lleida;60-64 años;TOTAL;Hombres;2019;12.958
25 Lleida;60-64 años;TOTAL;Hombres;2018;12.570
25 Lleida;60-64 años;TOTAL;Mujeres;2022;13.942
25 Lleida;60-64 años;TOTAL;Mujeres;2021;13.326
25 Lleida;60-64 años;TOTAL;Mujeres;2020;12.798
25 Lleida;60-64 años;TOTAL;Mujeres;2019;12.231
25 Lleida;60-64 años;TOTAL;Mujeres;2018;11.905
25 Lleida;65-69 años;TOTAL;Hombres;2022;11.485
25 Lleida;65-69 años;TOTAL;Hombres;2021;11.127
25 Lleida;65-69 años;TOTAL;Hombres;2020;10.894
25 Lleida;65-69 años;TOTAL;Hombres;2019;10.622
25 Lleida;65-69 años;TOTAL;Hombres;2018;10.442
25 Lleida;65-69 años;TOTAL;Mujeres;2022;11.541
25 Lleida;65-69 años;TOTAL;Mujeres;2021;11.178
25 Lleida;65-69 años;TOTAL;Mujeres;2020;10.932
25 Lleida;65-69 años;TOTAL;Mujeres;2019;10.829
25 Lleida;65-69 años;TOTAL;Mujeres;2018;10.824
25 Lleida;70-74 años;TOTAL;Hombres;2022;9.315
25 Lleida;70-74 años;TOTAL;Hombres;2021;9.214
25 Lleida;70-74 años;TOTAL;Hombres;2020;9.091
25 Lleida;70-74 años;TOTAL;Hombres;2019;8.965
25 Lleida;70-74 años;TOTAL;Hombres;2018;8.709
25 Lleida;70-74 años;TOTAL;Mujeres;2022;10.277
25 Lleida;70-74 años;TOTAL;Mujeres;2021;10.251
25 Lleida;70-74 años;TOTAL;Mujeres;2020;10.194
25 Lleida;70-74 años;TOTAL;Mujeres;2019;10.028
25 Lleida;70-74 años;TOTAL;Mujeres;2018;9.743
25 Lleida;75-79 años;TOTAL;Hombres;2022;7.373
25 Lleida;75-79 años;TOTAL;Hombres;2021;7.073
25 Lleida;75-79 años;TOTAL;Hombres;2020;6.922
25 Lleida;75-79 años;TOTAL;Hombres;2019;6.210
25 Lleida;75-79 años;TOTAL;Hombres;2018;5.781
25 Lleida;75-79 años;TOTAL;Mujeres;2022;8.804
25 Lleida;75-79 años;TOTAL;Mujeres;2021;8.557
25 Lleida;75-79 años;TOTAL;Mujeres;2020;8.570
25 Lleida;75-79 años;TOTAL;Mujeres;2019;7.736
25 Lleida;75-79 años;TOTAL;Mujeres;2018;7.301
25 Lleida;80-84 años;TOTAL;Hombres;2022;4.471
25 Lleida;80-84 años;TOTAL;Hombres;2021;4.731
25 Lleida;80-84 años;TOTAL;Hombres;2020;4.764
25 Lleida;80-84 años;TOTAL;Hombres;2019;5.407
25 Lleida;80-84 años;TOTAL;Hombres;2018;5.840
25 Lleida;80-84 años;TOTAL;Mujeres;2022;6.417
25 Lleida;80-84 años;TOTAL;Mujeres;2021;6.728
25 Lleida;80-84 años;TOTAL;Mujeres;2020;6.732
25 Lleida;80-84 años;TOTAL;Mujeres;2019;7.683
25 Lleida;80-84 años;TOTAL;Mujeres;2018;8.264
25 Lleida;85-89 años;TOTAL;Hombres;2022;3.868
25 Lleida;85-89 años;TOTAL;Hombres;2021;3.882
25 Lleida;85-89 años;TOTAL;Hombres;2020;4.089
25 Lleida;85-89 años;TOTAL;Hombres;2019;4.037
25 Lleida;85-89 años;TOTAL;Hombres;2018;4.026
25 Lleida;85-89 años;TOTAL;Mujeres;2022;6.494
25 Lleida;85-89 años;TOTAL;Mujeres;2021;6.475
25 Lleida;85-89 años;TOTAL;Mujeres;2020;6.582
25 Lleida;85-89 años;TOTAL;Mujeres;2019;6.452
25 Lleida;85-89 años;TOTAL;Mujeres;2018;6.400
25 Lleida;90-94 años;TOTAL;Hombres;2022;1.758
25 Lleida;90-94 años;TOTAL;Hombres;2021;1.725
25 Lleida;90-94 años;TOTAL;Hombres;2020;1.660
25 Lleida;90-94 años;TOTAL;Hombres;2019;1.600
25 Lleida;90-94 años;TOTAL;Hombres;2018;1.604
25 Lleida;90-94 años;TOTAL;Mujeres;2022;3.462
25 Lleida;90-94 años;TOTAL;Mujeres;2021;3.409
25 Lleida;90-94 años;TOTAL;Mujeres;2020;3.281
25 Lleida;90-94 años;TOTAL;Mujeres;2019;3.207
25 Lleida;90-94 años;TOTAL;Mujeres;2018;3.115
25 Lleida;95-99 años;TOTAL;Hombres;2022;401
25 Lleida;95-99 años;TOTAL;Hombres;2021;371
25 Lleida;95-99 años;TOTAL;Hombres;2020;343
25 Lleida;95-99 años;TOTAL;Hombres;2019;331
25 Lleida;95-99 años;TOTAL;Hombres;2018;338
25 Lleida;95-99 años;TOTAL;Mujeres;2022;973
25 Lleida;95-99 años;TOTAL;Mujeres;2021;931
25 Lleida;95-99 años;TOTAL;Mujeres;2020;929
25 Lleida;95-99 años;TOTAL;Mujeres;2019;879
25 Lleida;95-99 años;TOTAL;Mujeres;2018;836
25 Lleida;100 años y más;TOTAL;Hombres;2022;39
25 Lleida;100 años y más;TOTAL;Hombres;2021;41
25 Lleida;100 años y más;TOTAL;Hombres;2020;40
25 Lleida;100 años y más;TOTAL;Hombres;2019;37
25 Lleida;100 años y más;TOTAL;Hombres;2018;30
25 Lleida;100 años y más;TOTAL;Mujeres;2022;151
25 Lleida;100 años y más;TOTAL;Mujeres;2021;143
25 Lleida;100 años y más;TOTAL;Mujeres;2020;139
25 Lleida;100 años y más;TOTAL;Mujeres;2019;129
25 Lleida;100 años y más;TOTAL;Mujeres;2018;122
27 Lugo;0-4 años;TOTAL;Hombres;2022;4.649
27 Lugo;0-4 años;TOTAL;Hombres;2021;4.910
27 Lugo;0-4 años;TOTAL;Hombres;2020;5.205
27 Lugo;0-4 años;TOTAL;Hombres;2019;5.366
27 Lugo;0-4 años;TOTAL;Hombres;2018;5.382
27 Lugo;0-4 años;TOTAL;Mujeres;2022;4.515
27 Lugo;0-4 años;TOTAL;Mujeres;2021;4.799
27 Lugo;0-4 años;TOTAL;Mujeres;2020;5.002
27 Lugo;0-4 años;TOTAL;Mujeres;2019;5.261
27 Lugo;0-4 años;TOTAL;Mujeres;2018;5.257
27 Lugo;5-9 años;TOTAL;Hombres;2022;5.721
27 Lugo;5-9 años;TOTAL;Hombres;2021;5.738
27 Lugo;5-9 años;TOTAL;Hombres;2020;5.740
27 Lugo;5-9 años;TOTAL;Hombres;2019;5.724
27 Lugo;5-9 años;TOTAL;Hombres;2018;5.812
27 Lugo;5-9 años;TOTAL;Mujeres;2022;5.529
27 Lugo;5-9 años;TOTAL;Mujeres;2021;5.505
27 Lugo;5-9 años;TOTAL;Mujeres;2020;5.549
27 Lugo;5-9 años;TOTAL;Mujeres;2019;5.575
27 Lugo;5-9 años;TOTAL;Mujeres;2018;5.618
27 Lugo;10-14 años;TOTAL;Hombres;2022;5.944
27 Lugo;10-14 años;TOTAL;Hombres;2021;5.915
27 Lugo;10-14 años;TOTAL;Hombres;2020;5.889
27 Lugo;10-14 años;TOTAL;Hombres;2019;5.843
27 Lugo;10-14 años;TOTAL;Hombres;2018;5.747
27 Lugo;10-14 años;TOTAL;Mujeres;2022;5.818
27 Lugo;10-14 años;TOTAL;Mujeres;2021;5.740
27 Lugo;10-14 años;TOTAL;Mujeres;2020;5.690
27 Lugo;10-14 años;TOTAL;Mujeres;2019;5.591
27 Lugo;10-14 años;TOTAL;Mujeres;2018;5.540
27 Lugo;15-19 años;TOTAL;Hombres;2022;5.913
27 Lugo;15-19 años;TOTAL;Hombres;2021;5.807
27 Lugo;15-19 años;TOTAL;Hombres;2020;5.823
27 Lugo;15-19 años;TOTAL;Hombres;2019;5.820
27 Lugo;15-19 años;TOTAL;Hombres;2018;5.824
27 Lugo;15-19 años;TOTAL;Mujeres;2022;5.593
27 Lugo;15-19 años;TOTAL;Mujeres;2021;5.527
27 Lugo;15-19 años;TOTAL;Mujeres;2020;5.592
27 Lugo;15-19 años;TOTAL;Mujeres;2019;5.522
27 Lugo;15-19 años;TOTAL;Mujeres;2018;5.472
27 Lugo;20-24 años;TOTAL;Hombres;2022;6.165
27 Lugo;20-24 años;TOTAL;Hombres;2021;6.096
27 Lugo;20-24 años;TOTAL;Hombres;2020;6.157
27 Lugo;20-24 años;TOTAL;Hombres;2019;6.182
27 Lugo;20-24 años;TOTAL;Hombres;2018;6.358
27 Lugo;20-24 años;TOTAL;Mujeres;2022;5.851
27 Lugo;20-24 años;TOTAL;Mujeres;2021;5.905
27 Lugo;20-24 años;TOTAL;Mujeres;2020;5.881
27 Lugo;20-24 años;TOTAL;Mujeres;2019;5.999
27 Lugo;20-24 años;TOTAL;Mujeres;2018;6.178
27 Lugo;25-29 años;TOTAL;Hombres;2022;6.742
27 Lugo;25-29 años;TOTAL;Hombres;2021;7.042
27 Lugo;25-29 años;TOTAL;Hombres;2020;7.262
27 Lugo;25-29 años;TOTAL;Hombres;2019;7.551
27 Lugo;25-29 años;TOTAL;Hombres;2018;7.753
27 Lugo;25-29 años;TOTAL;Mujeres;2022;6.547
27 Lugo;25-29 años;TOTAL;Mujeres;2021;6.769
27 Lugo;25-29 años;TOTAL;Mujeres;2020;7.048
27 Lugo;25-29 años;TOTAL;Mujeres;2019;7.225
27 Lugo;25-29 años;TOTAL;Mujeres;2018;7.439
27 Lugo;30-34 años;TOTAL;Hombres;2022;8.022
27 Lugo;30-34 años;TOTAL;Hombres;2021;8.299
27 Lugo;30-34 años;TOTAL;Hombres;2020;8.605
27 Lugo;30-34 años;TOTAL;Hombres;2019;8.868
27 Lugo;30-34 años;TOTAL;Hombres;2018;9.307
27 Lugo;30-34 años;TOTAL;Mujeres;2022;7.801
27 Lugo;30-34 años;TOTAL;Mujeres;2021;8.105
27 Lugo;30-34 años;TOTAL;Mujeres;2020;8.413
27 Lugo;30-34 años;TOTAL;Mujeres;2019;8.792
27 Lugo;30-34 años;TOTAL;Mujeres;2018;9.183
27 Lugo;35-39 años;TOTAL;Hombres;2022;9.703
27 Lugo;35-39 años;TOTAL;Hombres;2021;10.278
27 Lugo;35-39 años;TOTAL;Hombres;2020;10.711
27 Lugo;35-39 años;TOTAL;Hombres;2019;11.085
27 Lugo;35-39 años;TOTAL;Hombres;2018;11.623
27 Lugo;35-39 años;TOTAL;Mujeres;2022;9.568
27 Lugo;35-39 años;TOTAL;Mujeres;2021;9.991
27 Lugo;35-39 años;TOTAL;Mujeres;2020;10.380
27 Lugo;35-39 años;TOTAL;Mujeres;2019;10.824
27 Lugo;35-39 años;TOTAL;Mujeres;2018;11.196
27 Lugo;40-44 años;TOTAL;Hombres;2022;12.126
27 Lugo;40-44 años;TOTAL;Hombres;2021;12.278
27 Lugo;40-44 años;TOTAL;Hombres;2020;12.266
27 Lugo;40-44 años;TOTAL;Hombres;2019;12.400
27 Lugo;40-44 años;TOTAL;Hombres;2018;12.204
27 Lugo;40-44 años;TOTAL;Mujeres;2022;11.649
27 Lugo;40-44 años;TOTAL;Mujeres;2021;12.056
27 Lugo;40-44 años;TOTAL;Mujeres;2020;12.205
27 Lugo;40-44 años;TOTAL;Mujeres;2019;12.145
27 Lugo;40-44 años;TOTAL;Mujeres;2018;12.063
27 Lugo;45-49 años;TOTAL;Hombres;2022;12.184
27 Lugo;45-49 años;TOTAL;Hombres;2021;12.047
27 Lugo;45-49 años;TOTAL;Hombres;2020;11.956
27 Lugo;45-49 años;TOTAL;Hombres;2019;11.816
27 Lugo;45-49 años;TOTAL;Hombres;2018;11.953
27 Lugo;45-49 años;TOTAL;Mujeres;2022;12.281
27 Lugo;45-49 años;TOTAL;Mujeres;2021;12.155
27 Lugo;45-49 años;TOTAL;Mujeres;2020;12.015
27 Lugo;45-49 años;TOTAL;Mujeres;2019;12.152
27 Lugo;45-49 años;TOTAL;Mujeres;2018;12.294
27 Lugo;50-54 años;TOTAL;Hombres;2022;12.106
27 Lugo;50-54 años;TOTAL;Hombres;2021;12.221
27 Lugo;50-54 años;TOTAL;Hombres;2020;12.320
27 Lugo;50-54 años;TOTAL;Hombres;2019;12.470
27 Lugo;50-54 años;TOTAL;Hombres;2018;12.486
27 Lugo;50-54 años;TOTAL;Mujeres;2022;12.581
27 Lugo;50-54 años;TOTAL;Mujeres;2021;12.743
27 Lugo;50-54 años;TOTAL;Mujeres;2020;12.788
27 Lugo;50-54 años;TOTAL;Mujeres;2019;12.714
27 Lugo;50-54 años;TOTAL;Mujeres;2018;12.615
27 Lugo;55-59 años;TOTAL;Hombres;2022;12.402
27 Lugo;55-59 años;TOTAL;Hombres;2021;12.461
27 Lugo;55-59 años;TOTAL;Hombres;2020;12.662
27 Lugo;55-59 años;TOTAL;Hombres;2019;12.748
27 Lugo;55-59 años;TOTAL;Hombres;2018;12.750
27 Lugo;55-59 años;TOTAL;Mujeres;2022;12.816
27 Lugo;55-59 años;TOTAL;Mujeres;2021;12.780
27 Lugo;55-59 años;TOTAL;Mujeres;2020;12.765
27 Lugo;55-59 años;TOTAL;Mujeres;2019;12.624
27 Lugo;55-59 años;TOTAL;Mujeres;2018;12.635
27 Lugo;60-64 años;TOTAL;Hombres;2022;12.340
27 Lugo;60-64 años;TOTAL;Hombres;2021;12.207
27 Lugo;60-64 años;TOTAL;Hombres;2020;11.991
27 Lugo;60-64 años;TOTAL;Hombres;2019;11.790
27 Lugo;60-64 años;TOTAL;Hombres;2018;11.610
27 Lugo;60-64 años;TOTAL;Mujeres;2022;12.444
27 Lugo;60-64 años;TOTAL;Mujeres;2021;12.140
27 Lugo;60-64 años;TOTAL;Mujeres;2020;11.812
27 Lugo;60-64 años;TOTAL;Mujeres;2019;11.496
27 Lugo;60-64 años;TOTAL;Mujeres;2018;11.197
27 Lugo;65-69 años;TOTAL;Hombres;2022;11.005
27 Lugo;65-69 años;TOTAL;Hombres;2021;10.719
27 Lugo;65-69 años;TOTAL;Hombres;2020;10.505
27 Lugo;65-69 años;TOTAL;Hombres;2019;10.391
27 Lugo;65-69 años;TOTAL;Hombres;2018;10.303
27 Lugo;65-69 años;TOTAL;Mujeres;2022;10.951
27 Lugo;65-69 años;TOTAL;Mujeres;2021;10.585
27 Lugo;65-69 años;TOTAL;Mujeres;2020;10.379
27 Lugo;65-69 años;TOTAL;Mujeres;2019;10.254
27 Lugo;65-69 años;TOTAL;Mujeres;2018;10.149
27 Lugo;70-74 años;TOTAL;Hombres;2022;9.419
27 Lugo;70-74 años;TOTAL;Hombres;2021;9.359
27 Lugo;70-74 años;TOTAL;Hombres;2020;9.328
27 Lugo;70-74 años;TOTAL;Hombres;2019;9.259
27 Lugo;70-74 años;TOTAL;Hombres;2018;9.202
27 Lugo;70-74 años;TOTAL;Mujeres;2022;9.939
27 Lugo;70-74 años;TOTAL;Mujeres;2021;10.109
27 Lugo;70-74 años;TOTAL;Mujeres;2020;10.320
27 Lugo;70-74 años;TOTAL;Mujeres;2019;10.338
27 Lugo;70-74 años;TOTAL;Mujeres;2018;10.388
27 Lugo;75-79 años;TOTAL;Hombres;2022;8.180
27 Lugo;75-79 años;TOTAL;Hombres;2021;8.067
27 Lugo;75-79 años;TOTAL;Hombres;2020;7.941
27 Lugo;75-79 años;TOTAL;Hombres;2019;7.551
27 Lugo;75-79 años;TOTAL;Hombres;2018;7.225
27 Lugo;75-79 años;TOTAL;Mujeres;2022;9.969
27 Lugo;75-79 años;TOTAL;Mujeres;2021;9.871
27 Lugo;75-79 años;TOTAL;Mujeres;2020;9.950
27 Lugo;75-79 años;TOTAL;Mujeres;2019;9.600
27 Lugo;75-79 años;TOTAL;Mujeres;2018;9.297
27 Lugo;80-84 años;TOTAL;Hombres;2022;5.953
27 Lugo;80-84 años;TOTAL;Hombres;2021;6.253
27 Lugo;80-84 años;TOTAL;Hombres;2020;6.498
27 Lugo;80-84 años;TOTAL;Hombres;2019;7.068
27 Lugo;80-84 años;TOTAL;Hombres;2018;7.594
27 Lugo;80-84 años;TOTAL;Mujeres;2022;8.422
27 Lugo;80-84 años;TOTAL;Mujeres;2021;8.795
27 Lugo;80-84 años;TOTAL;Mujeres;2020;9.062
27 Lugo;80-84 años;TOTAL;Mujeres;2019;9.949
27 Lugo;80-84 años;TOTAL;Mujeres;2018;10.706
27 Lugo;85-89 años;TOTAL;Hombres;2022;5.360
27 Lugo;85-89 años;TOTAL;Hombres;2021;5.290
27 Lugo;85-89 años;TOTAL;Hombres;2020;5.150
27 Lugo;85-89 años;TOTAL;Hombres;2019;5.057
27 Lugo;85-89 años;TOTAL;Hombres;2018;4.935
27 Lugo;85-89 años;TOTAL;Mujeres;2022;8.500
27 Lugo;85-89 años;TOTAL;Mujeres;2021;8.541
27 Lugo;85-89 años;TOTAL;Mujeres;2020;8.465
27 Lugo;85-89 años;TOTAL;Mujeres;2019;8.298
27 Lugo;85-89 años;TOTAL;Mujeres;2018;8.179
27 Lugo;90-94 años;TOTAL;Hombres;2022;2.397
27 Lugo;90-94 años;TOTAL;Hombres;2021;2.312
27 Lugo;90-94 años;TOTAL;Hombres;2020;2.268
27 Lugo;90-94 años;TOTAL;Hombres;2019;2.135
27 Lugo;90-94 años;TOTAL;Hombres;2018;2.069
27 Lugo;90-94 años;TOTAL;Mujeres;2022;4.655
27 Lugo;90-94 años;TOTAL;Mujeres;2021;4.505
27 Lugo;90-94 años;TOTAL;Mujeres;2020;4.326
27 Lugo;90-94 años;TOTAL;Mujeres;2019;4.164
27 Lugo;90-94 años;TOTAL;Mujeres;2018;3.985
27 Lugo;95-99 años;TOTAL;Hombres;2022;549
27 Lugo;95-99 años;TOTAL;Hombres;2021;516
27 Lugo;95-99 años;TOTAL;Hombres;2020;487
27 Lugo;95-99 años;TOTAL;Hombres;2019;485
27 Lugo;95-99 años;TOTAL;Hombres;2018;446
27 Lugo;95-99 años;TOTAL;Mujeres;2022;1.367
27 Lugo;95-99 años;TOTAL;Mujeres;2021;1.277
27 Lugo;95-99 años;TOTAL;Mujeres;2020;1.240
27 Lugo;95-99 años;TOTAL;Mujeres;2019;1.179
27 Lugo;95-99 años;TOTAL;Mujeres;2018;1.097
27 Lugo;100 años y más;TOTAL;Hombres;2022;87
27 Lugo;100 años y más;TOTAL;Hombres;2021;77
27 Lugo;100 años y más;TOTAL;Hombres;2020;78
27 Lugo;100 años y más;TOTAL;Hombres;2019;77
27 Lugo;100 años y más;TOTAL;Hombres;2018;64
27 Lugo;100 años y más;TOTAL;Mujeres;2022;226
27 Lugo;100 años y más;TOTAL;Mujeres;2021;223
27 Lugo;100 años y más;TOTAL;Mujeres;2020;222
27 Lugo;100 años y más;TOTAL;Mujeres;2019;199
27 Lugo;100 años y más;TOTAL;Mujeres;2018;192
28 Madrid;0-4 años;TOTAL;Hombres;2022;141.364
28 Madrid;0-4 años;TOTAL;Hombres;2021;148.805
28 Madrid;0-4 años;TOTAL;Hombres;2020;157.450
28 Madrid;0-4 años;TOTAL;Hombres;2019;161.121
28 Madrid;0-4 años;TOTAL;Hombres;2018;164.127
28 Madrid;0-4 años;TOTAL;Mujeres;2022;133.778
28 Madrid;0-4 años;TOTAL;Mujeres;2021;141.076
28 Madrid;0-4 años;TOTAL;Mujeres;2020;149.357
28 Madrid;0-4 años;TOTAL;Mujeres;2019;153.042
28 Madrid;0-4 años;TOTAL;Mujeres;2018;155.899
28 Madrid;5-9 años;TOTAL;Hombres;2022;170.893
28 Madrid;5-9 años;TOTAL;Hombres;2021;174.127
28 Madrid;5-9 años;TOTAL;Hombres;2020;177.797
28 Madrid;5-9 años;TOTAL;Hombres;2019;179.505
28 Madrid;5-9 años;TOTAL;Hombres;2018;182.684
28 Madrid;5-9 años;TOTAL;Mujeres;2022;162.288
28 Madrid;5-9 años;TOTAL;Mujeres;2021;165.520
28 Madrid;5-9 años;TOTAL;Mujeres;2020;168.911
28 Madrid;5-9 años;TOTAL;Mujeres;2019;169.767
28 Madrid;5-9 años;TOTAL;Mujeres;2018;172.783
28 Madrid;10-14 años;TOTAL;Hombres;2022;186.687
28 Madrid;10-14 años;TOTAL;Hombres;2021;186.049
28 Madrid;10-14 años;TOTAL;Hombres;2020;185.058
28 Madrid;10-14 años;TOTAL;Hombres;2019;181.358
28 Madrid;10-14 años;TOTAL;Hombres;2018;176.330
28 Madrid;10-14 años;TOTAL;Mujeres;2022;176.803
28 Madrid;10-14 años;TOTAL;Mujeres;2021;176.436
28 Madrid;10-14 años;TOTAL;Mujeres;2020;175.484
28 Madrid;10-14 años;TOTAL;Mujeres;2019;172.334
28 Madrid;10-14 años;TOTAL;Mujeres;2018;167.855
28 Madrid;15-19 años;TOTAL;Hombres;2022;180.092
28 Madrid;15-19 años;TOTAL;Hombres;2021;176.422
28 Madrid;15-19 años;TOTAL;Hombres;2020;174.659
28 Madrid;15-19 años;TOTAL;Hombres;2019;167.675
28 Madrid;15-19 años;TOTAL;Hombres;2018;160.954
28 Madrid;15-19 años;TOTAL;Mujeres;2022;171.919
28 Madrid;15-19 años;TOTAL;Mujeres;2021;168.495
28 Madrid;15-19 años;TOTAL;Mujeres;2020;166.777
28 Madrid;15-19 años;TOTAL;Mujeres;2019;160.458
28 Madrid;15-19 años;TOTAL;Mujeres;2018;153.742
28 Madrid;20-24 años;TOTAL;Hombres;2022;177.473
28 Madrid;20-24 años;TOTAL;Hombres;2021;174.488
28 Madrid;20-24 años;TOTAL;Hombres;2020;172.218
28 Madrid;20-24 años;TOTAL;Hombres;2019;164.774
28 Madrid;20-24 años;TOTAL;Hombres;2018;161.097
28 Madrid;20-24 años;TOTAL;Mujeres;2022;174.307
28 Madrid;20-24 años;TOTAL;Mujeres;2021;172.770
28 Madrid;20-24 años;TOTAL;Mujeres;2020;172.131
28 Madrid;20-24 años;TOTAL;Mujeres;2019;165.206
28 Madrid;20-24 años;TOTAL;Mujeres;2018;161.175
28 Madrid;25-29 años;TOTAL;Hombres;2022;191.032
28 Madrid;25-29 años;TOTAL;Hombres;2021;192.752
28 Madrid;25-29 años;TOTAL;Hombres;2020;194.250
28 Madrid;25-29 años;TOTAL;Hombres;2019;187.718
28 Madrid;25-29 años;TOTAL;Hombres;2018;183.107
28 Madrid;25-29 años;TOTAL;Mujeres;2022;197.879
28 Madrid;25-29 años;TOTAL;Mujeres;2021;200.580
28 Madrid;25-29 años;TOTAL;Mujeres;2020;203.876
28 Madrid;25-29 años;TOTAL;Mujeres;2019;197.518
28 Madrid;25-29 años;TOTAL;Mujeres;2018;192.472
28 Madrid;30-34 años;TOTAL;Hombres;2022;206.382
28 Madrid;30-34 años;TOTAL;Hombres;2021;209.107
28 Madrid;30-34 años;TOTAL;Hombres;2020;213.268
28 Madrid;30-34 años;TOTAL;Hombres;2019;211.428
28 Madrid;30-34 años;TOTAL;Hombres;2018;213.309
28 Madrid;30-34 años;TOTAL;Mujeres;2022;215.082
28 Madrid;30-34 años;TOTAL;Mujeres;2021;220.027
28 Madrid;30-34 años;TOTAL;Mujeres;2020;225.267
28 Madrid;30-34 años;TOTAL;Mujeres;2019;224.110
28 Madrid;30-34 años;TOTAL;Mujeres;2018;226.063
28 Madrid;35-39 años;TOTAL;Hombres;2022;229.480
28 Madrid;35-39 años;TOTAL;Hombres;2021;239.690
28 Madrid;35-39 años;TOTAL;Hombres;2020;249.898
28 Madrid;35-39 años;TOTAL;Hombres;2019;254.811
28 Madrid;35-39 años;TOTAL;Hombres;2018;263.243
28 Madrid;35-39 años;TOTAL;Mujeres;2022;241.168
28 Madrid;35-39 años;TOTAL;Mujeres;2021;251.323
28 Madrid;35-39 años;TOTAL;Mujeres;2020;261.207
28 Madrid;35-39 años;TOTAL;Mujeres;2019;265.181
28 Madrid;35-39 años;TOTAL;Mujeres;2018;272.986
28 Madrid;40-44 años;TOTAL;Hombres;2022;273.442
28 Madrid;40-44 años;TOTAL;Hombres;2021;283.747
28 Madrid;40-44 años;TOTAL;Hombres;2020;292.601
28 Madrid;40-44 años;TOTAL;Hombres;2019;294.105
28 Madrid;40-44 años;TOTAL;Hombres;2018;293.518
28 Madrid;40-44 años;TOTAL;Mujeres;2022;284.129
28 Madrid;40-44 años;TOTAL;Mujeres;2021;293.803
28 Madrid;40-44 años;TOTAL;Mujeres;2020;301.202
28 Madrid;40-44 años;TOTAL;Mujeres;2019;301.856
28 Madrid;40-44 años;TOTAL;Mujeres;2018;299.802
28 Madrid;45-49 años;TOTAL;Hombres;2022;289.466
28 Madrid;45-49 años;TOTAL;Hombres;2021;285.779
28 Madrid;45-49 años;TOTAL;Hombres;2020;281.001
28 Madrid;45-49 años;TOTAL;Hombres;2019;272.381
28 Madrid;45-49 años;TOTAL;Hombres;2018;266.134
28 Madrid;45-49 años;TOTAL;Mujeres;2022;299.426
28 Madrid;45-49 años;TOTAL;Mujeres;2021;295.754
28 Madrid;45-49 años;TOTAL;Mujeres;2020;291.167
28 Madrid;45-49 años;TOTAL;Mujeres;2019;282.084
28 Madrid;45-49 años;TOTAL;Mujeres;2018;276.330
28 Madrid;50-54 años;TOTAL;Hombres;2022;257.176
28 Madrid;50-54 años;TOTAL;Hombres;2021;252.441
28 Madrid;50-54 años;TOTAL;Hombres;2020;249.703
28 Madrid;50-54 años;TOTAL;Hombres;2019;244.133
28 Madrid;50-54 años;TOTAL;Hombres;2018;238.693
28 Madrid;50-54 años;TOTAL;Mujeres;2022;273.306
28 Madrid;50-54 años;TOTAL;Mujeres;2021;268.708
28 Madrid;50-54 años;TOTAL;Mujeres;2020;266.626
28 Madrid;50-54 años;TOTAL;Mujeres;2019;262.334
28 Madrid;50-54 años;TOTAL;Mujeres;2018;257.009
28 Madrid;55-59 años;TOTAL;Hombres;2022;226.355
28 Madrid;55-59 años;TOTAL;Hombres;2021;220.581
28 Madrid;55-59 años;TOTAL;Hombres;2020;215.927
28 Madrid;55-59 años;TOTAL;Hombres;2019;207.931
28 Madrid;55-59 años;TOTAL;Hombres;2018;201.571
28 Madrid;55-59 años;TOTAL;Mujeres;2022;249.589
28 Madrid;55-59 años;TOTAL;Mujeres;2021;244.733
28 Madrid;55-59 años;TOTAL;Mujeres;2020;240.527
28 Madrid;55-59 años;TOTAL;Mujeres;2019;232.006
28 Madrid;55-59 años;TOTAL;Mujeres;2018;225.446
28 Madrid;60-64 años;TOTAL;Hombres;2022;187.865
28 Madrid;60-64 años;TOTAL;Hombres;2021;182.746
28 Madrid;60-64 años;TOTAL;Hombres;2020;177.513
28 Madrid;60-64 años;TOTAL;Hombres;2019;169.802
28 Madrid;60-64 años;TOTAL;Hombres;2018;164.019
28 Madrid;60-64 años;TOTAL;Mujeres;2022;216.646
28 Madrid;60-64 años;TOTAL;Mujeres;2021;212.196
28 Madrid;60-64 años;TOTAL;Mujeres;2020;207.275
28 Madrid;60-64 años;TOTAL;Mujeres;2019;199.717
28 Madrid;60-64 años;TOTAL;Mujeres;2018;193.476
28 Madrid;65-69 años;TOTAL;Hombres;2022;147.901
28 Madrid;65-69 años;TOTAL;Hombres;2021;144.856
28 Madrid;65-69 años;TOTAL;Hombres;2020;143.633
28 Madrid;65-69 años;TOTAL;Hombres;2019;142.932
28 Madrid;65-69 años;TOTAL;Hombres;2018;143.852
28 Madrid;65-69 años;TOTAL;Mujeres;2022;181.402
28 Madrid;65-69 años;TOTAL;Mujeres;2021;177.649
28 Madrid;65-69 años;TOTAL;Mujeres;2020;174.902
28 Madrid;65-69 años;TOTAL;Mujeres;2019;173.400
28 Madrid;65-69 años;TOTAL;Mujeres;2018;173.992
28 Madrid;70-74 años;TOTAL;Hombres;2022;129.688
28 Madrid;70-74 años;TOTAL;Hombres;2021;128.815
28 Madrid;70-74 años;TOTAL;Hombres;2020;130.184
28 Madrid;70-74 años;TOTAL;Hombres;2019;127.794
28 Madrid;70-74 años;TOTAL;Hombres;2018;123.646
28 Madrid;70-74 años;TOTAL;Mujeres;2022;164.826
28 Madrid;70-74 años;TOTAL;Mujeres;2021;163.313
28 Madrid;70-74 años;TOTAL;Mujeres;2020;164.367
28 Madrid;70-74 años;TOTAL;Mujeres;2019;161.070
28 Madrid;70-74 años;TOTAL;Mujeres;2018;155.233
28 Madrid;75-79 años;TOTAL;Hombres;2022;103.242
28 Madrid;75-79 años;TOTAL;Hombres;2021;99.482
28 Madrid;75-79 años;TOTAL;Hombres;2020;99.612
28 Madrid;75-79 años;TOTAL;Hombres;2019;90.630
28 Madrid;75-79 años;TOTAL;Hombres;2018;84.364
28 Madrid;75-79 años;TOTAL;Mujeres;2022;138.976
28 Madrid;75-79 años;TOTAL;Mujeres;2021;132.606
28 Madrid;75-79 años;TOTAL;Mujeres;2020;131.918
28 Madrid;75-79 años;TOTAL;Mujeres;2019;120.190
28 Madrid;75-79 años;TOTAL;Mujeres;2018;112.553
28 Madrid;80-84 años;TOTAL;Hombres;2022;65.245
28 Madrid;80-84 años;TOTAL;Hombres;2021;65.722
28 Madrid;80-84 años;TOTAL;Hombres;2020;63.425
28 Madrid;80-84 años;TOTAL;Hombres;2019;66.857
28 Madrid;80-84 años;TOTAL;Hombres;2018;68.095
28 Madrid;80-84 años;TOTAL;Mujeres;2022;98.375
28 Madrid;80-84 años;TOTAL;Mujeres;2021;101.299
28 Madrid;80-84 años;TOTAL;Mujeres;2020;98.291
28 Madrid;80-84 años;TOTAL;Mujeres;2019;103.605
28 Madrid;80-84 años;TOTAL;Mujeres;2018;106.629
28 Madrid;85-89 años;TOTAL;Hombres;2022;44.416
28 Madrid;85-89 años;TOTAL;Hombres;2021;43.448
28 Madrid;85-89 años;TOTAL;Hombres;2020;44.604
28 Madrid;85-89 años;TOTAL;Hombres;2019;43.072
28 Madrid;85-89 años;TOTAL;Hombres;2018;41.220
28 Madrid;85-89 años;TOTAL;Mujeres;2022;82.220
28 Madrid;85-89 años;TOTAL;Mujeres;2021;80.210
28 Madrid;85-89 años;TOTAL;Mujeres;2020;81.361
28 Madrid;85-89 años;TOTAL;Mujeres;2019;79.638
28 Madrid;85-89 años;TOTAL;Mujeres;2018;77.279
28 Madrid;90-94 años;TOTAL;Hombres;2022;17.774
28 Madrid;90-94 años;TOTAL;Hombres;2021;16.730
28 Madrid;90-94 años;TOTAL;Hombres;2020;16.949
28 Madrid;90-94 años;TOTAL;Hombres;2019;15.661
28 Madrid;90-94 años;TOTAL;Hombres;2018;14.689
28 Madrid;90-94 años;TOTAL;Mujeres;2022;43.178
28 Madrid;90-94 años;TOTAL;Mujeres;2021;41.285
28 Madrid;90-94 años;TOTAL;Mujeres;2020;41.357
28 Madrid;90-94 años;TOTAL;Mujeres;2019;39.309
28 Madrid;90-94 años;TOTAL;Mujeres;2018;37.163
28 Madrid;95-99 años;TOTAL;Hombres;2022;3.699
28 Madrid;95-99 años;TOTAL;Hombres;2021;3.479
28 Madrid;95-99 años;TOTAL;Hombres;2020;3.612
28 Madrid;95-99 años;TOTAL;Hombres;2019;3.224
28 Madrid;95-99 años;TOTAL;Hombres;2018;2.879
28 Madrid;95-99 años;TOTAL;Mujeres;2022;12.752
28 Madrid;95-99 años;TOTAL;Mujeres;2021;11.801
28 Madrid;95-99 años;TOTAL;Mujeres;2020;12.150
28 Madrid;95-99 años;TOTAL;Mujeres;2019;11.409
28 Madrid;95-99 años;TOTAL;Mujeres;2018;10.561
28 Madrid;100 años y más;TOTAL;Hombres;2022;482
28 Madrid;100 años y más;TOTAL;Hombres;2021;434
28 Madrid;100 años y más;TOTAL;Hombres;2020;431
28 Madrid;100 años y más;TOTAL;Hombres;2019;400
28 Madrid;100 años y más;TOTAL;Hombres;2018;341
28 Madrid;100 años y más;TOTAL;Mujeres;2022;2.133
28 Madrid;100 años y más;TOTAL;Mujeres;2021;1.967
28 Madrid;100 años y más;TOTAL;Mujeres;2020;1.942
28 Madrid;100 años y más;TOTAL;Mujeres;2019;1.848
28 Madrid;100 años y más;TOTAL;Mujeres;2018;1.759
29 Málaga;0-4 años;TOTAL;Hombres;2022;34.912
29 Málaga;0-4 años;TOTAL;Hombres;2021;35.970
29 Málaga;0-4 años;TOTAL;Hombres;2020;37.810
29 Málaga;0-4 años;TOTAL;Hombres;2019;38.655
29 Málaga;0-4 años;TOTAL;Hombres;2018;39.600
29 Málaga;0-4 años;TOTAL;Mujeres;2022;33.131
29 Málaga;0-4 años;TOTAL;Mujeres;2021;34.131
29 Málaga;0-4 años;TOTAL;Mujeres;2020;35.642
29 Málaga;0-4 años;TOTAL;Mujeres;2019;36.717
29 Málaga;0-4 años;TOTAL;Mujeres;2018;37.573
29 Málaga;5-9 años;TOTAL;Hombres;2022;44.404
29 Málaga;5-9 años;TOTAL;Hombres;2021;44.773
29 Málaga;5-9 años;TOTAL;Hombres;2020;45.593
29 Málaga;5-9 años;TOTAL;Hombres;2019;45.902
29 Málaga;5-9 años;TOTAL;Hombres;2018;47.055
29 Málaga;5-9 años;TOTAL;Mujeres;2022;41.942
29 Málaga;5-9 años;TOTAL;Mujeres;2021;42.465
29 Málaga;5-9 años;TOTAL;Mujeres;2020;43.281
29 Málaga;5-9 años;TOTAL;Mujeres;2019;43.712
29 Málaga;5-9 años;TOTAL;Mujeres;2018;44.574
29 Málaga;10-14 años;TOTAL;Hombres;2022;49.936
29 Málaga;10-14 años;TOTAL;Hombres;2021;49.931
29 Málaga;10-14 años;TOTAL;Hombres;2020;49.972
29 Málaga;10-14 años;TOTAL;Hombres;2019;49.359
29 Málaga;10-14 años;TOTAL;Hombres;2018;47.929
29 Málaga;10-14 años;TOTAL;Mujeres;2022;47.352
29 Málaga;10-14 años;TOTAL;Mujeres;2021;47.057
29 Málaga;10-14 años;TOTAL;Mujeres;2020;47.208
29 Málaga;10-14 años;TOTAL;Mujeres;2019;46.515
29 Málaga;10-14 años;TOTAL;Mujeres;2018;45.475
29 Málaga;15-19 años;TOTAL;Hombres;2022;48.485
29 Málaga;15-19 años;TOTAL;Hombres;2021;46.744
29 Málaga;15-19 años;TOTAL;Hombres;2020;45.692
29 Málaga;15-19 años;TOTAL;Hombres;2019;44.389
29 Málaga;15-19 años;TOTAL;Hombres;2018;43.058
29 Málaga;15-19 años;TOTAL;Mujeres;2022;45.642
29 Málaga;15-19 años;TOTAL;Mujeres;2021;44.464
29 Málaga;15-19 años;TOTAL;Mujeres;2020;43.356
29 Málaga;15-19 años;TOTAL;Mujeres;2019;42.029
29 Málaga;15-19 años;TOTAL;Mujeres;2018;40.525
29 Málaga;20-24 años;TOTAL;Hombres;2022;44.870
29 Málaga;20-24 años;TOTAL;Hombres;2021;43.746
29 Málaga;20-24 años;TOTAL;Hombres;2020;42.946
29 Málaga;20-24 años;TOTAL;Hombres;2019;41.693
29 Málaga;20-24 años;TOTAL;Hombres;2018;41.512
29 Málaga;20-24 años;TOTAL;Mujeres;2022;42.400
29 Málaga;20-24 años;TOTAL;Mujeres;2021;41.626
29 Málaga;20-24 años;TOTAL;Mujeres;2020;41.105
29 Málaga;20-24 años;TOTAL;Mujeres;2019;40.302
29 Málaga;20-24 años;TOTAL;Mujeres;2018;40.171
29 Málaga;25-29 años;TOTAL;Hombres;2022;44.873
29 Málaga;25-29 años;TOTAL;Hombres;2021;45.109
29 Málaga;25-29 años;TOTAL;Hombres;2020;45.710
29 Málaga;25-29 años;TOTAL;Hombres;2019;46.076
29 Málaga;25-29 años;TOTAL;Hombres;2018;45.748
29 Málaga;25-29 años;TOTAL;Mujeres;2022;45.228
29 Málaga;25-29 años;TOTAL;Mujeres;2021;45.378
29 Málaga;25-29 años;TOTAL;Mujeres;2020;45.977
29 Málaga;25-29 años;TOTAL;Mujeres;2019;46.033
29 Málaga;25-29 años;TOTAL;Mujeres;2018;45.955
29 Málaga;30-34 años;TOTAL;Hombres;2022;50.297
29 Málaga;30-34 años;TOTAL;Hombres;2021;50.260
29 Málaga;30-34 años;TOTAL;Hombres;2020;51.083
29 Málaga;30-34 años;TOTAL;Hombres;2019;51.460
29 Málaga;30-34 años;TOTAL;Hombres;2018;52.464
29 Málaga;30-34 años;TOTAL;Mujeres;2022;52.133
29 Málaga;30-34 años;TOTAL;Mujeres;2021;52.340
29 Málaga;30-34 años;TOTAL;Mujeres;2020;53.467
29 Málaga;30-34 años;TOTAL;Mujeres;2019;54.180
29 Málaga;30-34 años;TOTAL;Mujeres;2018;54.916
29 Málaga;35-39 años;TOTAL;Hombres;2022;59.118
29 Málaga;35-39 años;TOTAL;Hombres;2021;60.547
29 Málaga;35-39 años;TOTAL;Hombres;2020;62.736
29 Málaga;35-39 años;TOTAL;Hombres;2019;64.060
29 Málaga;35-39 años;TOTAL;Hombres;2018;65.488
29 Málaga;35-39 años;TOTAL;Mujeres;2022;62.178
29 Málaga;35-39 años;TOTAL;Mujeres;2021;63.398
29 Málaga;35-39 años;TOTAL;Mujeres;2020;65.211
29 Málaga;35-39 años;TOTAL;Mujeres;2019;65.535
29 Málaga;35-39 años;TOTAL;Mujeres;2018;66.559
29 Málaga;40-44 años;TOTAL;Hombres;2022;70.567
29 Málaga;40-44 años;TOTAL;Hombres;2021;71.415
29 Málaga;40-44 años;TOTAL;Hombres;2020;71.862
29 Málaga;40-44 años;TOTAL;Hombres;2019;71.625
29 Málaga;40-44 años;TOTAL;Hombres;2018;71.052
29 Málaga;40-44 años;TOTAL;Mujeres;2022;71.650
29 Málaga;40-44 años;TOTAL;Mujeres;2021;71.735
29 Málaga;40-44 años;TOTAL;Mujeres;2020;71.897
29 Málaga;40-44 años;TOTAL;Mujeres;2019;71.091
29 Málaga;40-44 años;TOTAL;Mujeres;2018;70.032
29 Málaga;45-49 años;TOTAL;Hombres;2022;72.189
29 Málaga;45-49 años;TOTAL;Hombres;2021;70.929
29 Málaga;45-49 años;TOTAL;Hombres;2020;69.699
29 Málaga;45-49 años;TOTAL;Hombres;2019;68.072
29 Málaga;45-49 años;TOTAL;Hombres;2018;66.530
29 Málaga;45-49 años;TOTAL;Mujeres;2022;72.672
29 Málaga;45-49 años;TOTAL;Mujeres;2021;71.213
29 Málaga;45-49 años;TOTAL;Mujeres;2020;69.798
29 Málaga;45-49 años;TOTAL;Mujeres;2019;68.202
29 Málaga;45-49 años;TOTAL;Mujeres;2018;66.885
29 Málaga;50-54 años;TOTAL;Hombres;2022;66.958
29 Málaga;50-54 años;TOTAL;Hombres;2021;65.643
29 Málaga;50-54 años;TOTAL;Hombres;2020;64.478
29 Málaga;50-54 años;TOTAL;Hombres;2019;63.845
29 Málaga;50-54 años;TOTAL;Hombres;2018;62.617
29 Málaga;50-54 años;TOTAL;Mujeres;2022;68.580
29 Málaga;50-54 años;TOTAL;Mujeres;2021;67.382
29 Málaga;50-54 años;TOTAL;Mujeres;2020;66.662
29 Málaga;50-54 años;TOTAL;Mujeres;2019;65.890
29 Málaga;50-54 años;TOTAL;Mujeres;2018;64.752
29 Málaga;55-59 años;TOTAL;Hombres;2022;61.863
29 Málaga;55-59 años;TOTAL;Hombres;2021;59.463
29 Málaga;55-59 años;TOTAL;Hombres;2020;57.764
29 Málaga;55-59 años;TOTAL;Hombres;2019;55.071
29 Málaga;55-59 años;TOTAL;Hombres;2018;53.057
29 Málaga;55-59 años;TOTAL;Mujeres;2022;65.281
29 Málaga;55-59 años;TOTAL;Mujeres;2021;62.825
29 Málaga;55-59 años;TOTAL;Mujeres;2020;60.891
29 Málaga;55-59 años;TOTAL;Mujeres;2019;58.397
29 Málaga;55-59 años;TOTAL;Mujeres;2018;56.291
29 Málaga;60-64 años;TOTAL;Hombres;2022;52.284
29 Málaga;60-64 años;TOTAL;Hombres;2021;50.207
29 Málaga;60-64 años;TOTAL;Hombres;2020;48.296
29 Málaga;60-64 años;TOTAL;Hombres;2019;46.106
29 Málaga;60-64 años;TOTAL;Hombres;2018;44.248
29 Málaga;60-64 años;TOTAL;Mujeres;2022;56.607
29 Málaga;60-64 años;TOTAL;Mujeres;2021;54.719
29 Málaga;60-64 años;TOTAL;Mujeres;2020;52.796
29 Málaga;60-64 años;TOTAL;Mujeres;2019;50.318
29 Málaga;60-64 años;TOTAL;Mujeres;2018;48.230
29 Málaga;65-69 años;TOTAL;Hombres;2022;43.107
29 Málaga;65-69 años;TOTAL;Hombres;2021;41.721
29 Málaga;65-69 años;TOTAL;Hombres;2020;40.066
29 Málaga;65-69 años;TOTAL;Hombres;2019;39.456
29 Málaga;65-69 años;TOTAL;Hombres;2018;39.325
29 Málaga;65-69 años;TOTAL;Mujeres;2022;47.823
29 Málaga;65-69 años;TOTAL;Mujeres;2021;45.908
29 Málaga;65-69 años;TOTAL;Mujeres;2020;44.188
29 Málaga;65-69 años;TOTAL;Mujeres;2019;43.089
29 Málaga;65-69 años;TOTAL;Mujeres;2018;42.870
29 Málaga;70-74 años;TOTAL;Hombres;2022;36.986
29 Málaga;70-74 años;TOTAL;Hombres;2021;36.329
29 Málaga;70-74 años;TOTAL;Hombres;2020;36.840
29 Málaga;70-74 años;TOTAL;Hombres;2019;36.109
29 Málaga;70-74 años;TOTAL;Hombres;2018;34.945
29 Málaga;70-74 años;TOTAL;Mujeres;2022;41.473
29 Málaga;70-74 años;TOTAL;Mujeres;2021;40.612
29 Málaga;70-74 años;TOTAL;Mujeres;2020;40.960
29 Málaga;70-74 años;TOTAL;Mujeres;2019;39.950
29 Málaga;70-74 años;TOTAL;Mujeres;2018;38.851
29 Málaga;75-79 años;TOTAL;Hombres;2022;28.974
29 Málaga;75-79 años;TOTAL;Hombres;2021;27.176
29 Málaga;75-79 años;TOTAL;Hombres;2020;26.194
29 Málaga;75-79 años;TOTAL;Hombres;2019;24.433
29 Málaga;75-79 años;TOTAL;Hombres;2018;22.801
29 Málaga;75-79 años;TOTAL;Mujeres;2022;34.451
29 Málaga;75-79 años;TOTAL;Mujeres;2021;32.353
29 Málaga;75-79 años;TOTAL;Mujeres;2020;31.339
29 Málaga;75-79 años;TOTAL;Mujeres;2019;29.588
29 Málaga;75-79 años;TOTAL;Mujeres;2018;27.598
29 Málaga;80-84 años;TOTAL;Hombres;2022;16.904
29 Málaga;80-84 años;TOTAL;Hombres;2021;16.857
29 Málaga;80-84 años;TOTAL;Hombres;2020;16.146
29 Málaga;80-84 años;TOTAL;Hombres;2019;15.935
29 Málaga;80-84 años;TOTAL;Hombres;2018;16.028
29 Málaga;80-84 años;TOTAL;Mujeres;2022;23.066
29 Málaga;80-84 años;TOTAL;Mujeres;2021;23.605
29 Málaga;80-84 años;TOTAL;Mujeres;2020;22.938
29 Málaga;80-84 años;TOTAL;Mujeres;2019;23.140
29 Málaga;80-84 años;TOTAL;Mujeres;2018;23.151
29 Málaga;85-89 años;TOTAL;Hombres;2022;9.513
29 Málaga;85-89 años;TOTAL;Hombres;2021;9.158
29 Málaga;85-89 años;TOTAL;Hombres;2020;8.869
29 Málaga;85-89 años;TOTAL;Hombres;2019;8.672
29 Málaga;85-89 años;TOTAL;Hombres;2018;8.227
29 Málaga;85-89 años;TOTAL;Mujeres;2022;16.181
29 Málaga;85-89 años;TOTAL;Mujeres;2021;15.591
29 Málaga;85-89 años;TOTAL;Mujeres;2020;15.390
29 Málaga;85-89 años;TOTAL;Mujeres;2019;14.871
29 Málaga;85-89 años;TOTAL;Mujeres;2018;14.398
29 Málaga;90-94 años;TOTAL;Hombres;2022;3.337
29 Málaga;90-94 años;TOTAL;Hombres;2021;3.138
29 Málaga;90-94 años;TOTAL;Hombres;2020;2.884
29 Málaga;90-94 años;TOTAL;Hombres;2019;2.672
29 Málaga;90-94 años;TOTAL;Hombres;2018;2.475
29 Málaga;90-94 años;TOTAL;Mujeres;2022;6.906
29 Málaga;90-94 años;TOTAL;Mujeres;2021;6.697
29 Málaga;90-94 años;TOTAL;Mujeres;2020;6.286
29 Málaga;90-94 años;TOTAL;Mujeres;2019;5.943
29 Málaga;90-94 años;TOTAL;Mujeres;2018;5.623
29 Málaga;95-99 años;TOTAL;Hombres;2022;650
29 Málaga;95-99 años;TOTAL;Hombres;2021;621
29 Málaga;95-99 años;TOTAL;Hombres;2020;581
29 Málaga;95-99 años;TOTAL;Hombres;2019;556
29 Málaga;95-99 años;TOTAL;Hombres;2018;507
29 Málaga;95-99 años;TOTAL;Mujeres;2022;1.770
29 Málaga;95-99 años;TOTAL;Mujeres;2021;1.671
29 Málaga;95-99 años;TOTAL;Mujeres;2020;1.616
29 Málaga;95-99 años;TOTAL;Mujeres;2019;1.512
29 Málaga;95-99 años;TOTAL;Mujeres;2018;1.430
29 Málaga;100 años y más;TOTAL;Hombres;2022;261
29 Málaga;100 años y más;TOTAL;Hombres;2021;239
29 Málaga;100 años y más;TOTAL;Hombres;2020;229
29 Málaga;100 años y más;TOTAL;Hombres;2019;203
29 Málaga;100 años y más;TOTAL;Hombres;2018;192
29 Málaga;100 años y más;TOTAL;Mujeres;2022;550
29 Málaga;100 años y más;TOTAL;Mujeres;2021;505
29 Málaga;100 años y más;TOTAL;Mujeres;2020;462
29 Málaga;100 años y más;TOTAL;Mujeres;2019;422
29 Málaga;100 años y más;TOTAL;Mujeres;2018;404
30 Murcia;0-4 años;TOTAL;Hombres;2022;37.084
30 Murcia;0-4 años;TOTAL;Hombres;2021;38.008
30 Murcia;0-4 años;TOTAL;Hombres;2020;39.295
30 Murcia;0-4 años;TOTAL;Hombres;2019;40.368
30 Murcia;0-4 años;TOTAL;Hombres;2018;40.955
30 Murcia;0-4 años;TOTAL;Mujeres;2022;35.155
30 Murcia;0-4 años;TOTAL;Mujeres;2021;35.930
30 Murcia;0-4 años;TOTAL;Mujeres;2020;37.375
30 Murcia;0-4 años;TOTAL;Mujeres;2019;38.069
30 Murcia;0-4 años;TOTAL;Mujeres;2018;38.623
30 Murcia;5-9 años;TOTAL;Hombres;2022;43.993
30 Murcia;5-9 años;TOTAL;Hombres;2021;44.127
30 Murcia;5-9 años;TOTAL;Hombres;2020;44.639
30 Murcia;5-9 años;TOTAL;Hombres;2019;44.977
30 Murcia;5-9 años;TOTAL;Hombres;2018;46.157
30 Murcia;5-9 años;TOTAL;Mujeres;2022;41.062
30 Murcia;5-9 años;TOTAL;Mujeres;2021;41.439
30 Murcia;5-9 años;TOTAL;Mujeres;2020;41.965
30 Murcia;5-9 años;TOTAL;Mujeres;2019;42.435
30 Murcia;5-9 años;TOTAL;Mujeres;2018;43.388
30 Murcia;10-14 años;TOTAL;Hombres;2022;48.136
30 Murcia;10-14 años;TOTAL;Hombres;2021;47.983
30 Murcia;10-14 años;TOTAL;Hombres;2020;47.753
30 Murcia;10-14 años;TOTAL;Hombres;2019;47.120
30 Murcia;10-14 años;TOTAL;Hombres;2018;46.086
30 Murcia;10-14 años;TOTAL;Mujeres;2022;45.418
30 Murcia;10-14 años;TOTAL;Mujeres;2021;45.227
30 Murcia;10-14 años;TOTAL;Mujeres;2020;45.050
30 Murcia;10-14 años;TOTAL;Mujeres;2019;44.325
30 Murcia;10-14 años;TOTAL;Mujeres;2018;43.245
30 Murcia;15-19 años;TOTAL;Hombres;2022;47.145
30 Murcia;15-19 años;TOTAL;Hombres;2021;45.825
30 Murcia;15-19 años;TOTAL;Hombres;2020;45.152
30 Murcia;15-19 años;TOTAL;Hombres;2019;43.540
30 Murcia;15-19 años;TOTAL;Hombres;2018;42.043
30 Murcia;15-19 años;TOTAL;Mujeres;2022;43.253
30 Murcia;15-19 años;TOTAL;Mujeres;2021;42.446
30 Murcia;15-19 años;TOTAL;Mujeres;2020;41.779
30 Murcia;15-19 años;TOTAL;Mujeres;2019;40.821
30 Murcia;15-19 años;TOTAL;Mujeres;2018;39.845
30 Murcia;20-24 años;TOTAL;Hombres;2022;45.789
30 Murcia;20-24 años;TOTAL;Hombres;2021;44.428
30 Murcia;20-24 años;TOTAL;Hombres;2020;43.518
30 Murcia;20-24 años;TOTAL;Hombres;2019;42.275
30 Murcia;20-24 años;TOTAL;Hombres;2018;41.609
30 Murcia;20-24 años;TOTAL;Mujeres;2022;42.212
30 Murcia;20-24 años;TOTAL;Mujeres;2021;41.135
30 Murcia;20-24 años;TOTAL;Mujeres;2020;40.625
30 Murcia;20-24 años;TOTAL;Mujeres;2019;39.694
30 Murcia;20-24 años;TOTAL;Mujeres;2018;39.168
30 Murcia;25-29 años;TOTAL;Hombres;2022;45.811
30 Murcia;25-29 años;TOTAL;Hombres;2021;45.152
30 Murcia;25-29 años;TOTAL;Hombres;2020;45.478
30 Murcia;25-29 años;TOTAL;Hombres;2019;45.059
30 Murcia;25-29 años;TOTAL;Hombres;2018;44.464
30 Murcia;25-29 años;TOTAL;Mujeres;2022;41.790
30 Murcia;25-29 años;TOTAL;Mujeres;2021;42.092
30 Murcia;25-29 años;TOTAL;Mujeres;2020;42.627
30 Murcia;25-29 años;TOTAL;Mujeres;2019;42.820
30 Murcia;25-29 años;TOTAL;Mujeres;2018;42.915
30 Murcia;30-34 años;TOTAL;Hombres;2022;47.692
30 Murcia;30-34 años;TOTAL;Hombres;2021;47.644
30 Murcia;30-34 años;TOTAL;Hombres;2020;47.998
30 Murcia;30-34 años;TOTAL;Hombres;2019;47.918
30 Murcia;30-34 años;TOTAL;Hombres;2018;48.685
30 Murcia;30-34 años;TOTAL;Mujeres;2022;46.245
30 Murcia;30-34 años;TOTAL;Mujeres;2021;45.926
30 Murcia;30-34 años;TOTAL;Mujeres;2020;46.570
30 Murcia;30-34 años;TOTAL;Mujeres;2019;46.956
30 Murcia;30-34 años;TOTAL;Mujeres;2018;47.710
30 Murcia;35-39 años;TOTAL;Hombres;2022;52.782
30 Murcia;35-39 años;TOTAL;Hombres;2021;55.288
30 Murcia;35-39 años;TOTAL;Hombres;2020;58.651
30 Murcia;35-39 años;TOTAL;Hombres;2019;61.255
30 Murcia;35-39 años;TOTAL;Hombres;2018;64.231
30 Murcia;35-39 años;TOTAL;Mujeres;2022;51.955
30 Murcia;35-39 años;TOTAL;Mujeres;2021;53.856
30 Murcia;35-39 años;TOTAL;Mujeres;2020;55.784
30 Murcia;35-39 años;TOTAL;Mujeres;2019;57.342
30 Murcia;35-39 años;TOTAL;Mujeres;2018;58.843
30 Murcia;40-44 años;TOTAL;Hombres;2022;67.045
30 Murcia;40-44 años;TOTAL;Hombres;2021;68.281
30 Murcia;40-44 años;TOTAL;Hombres;2020;68.745
30 Murcia;40-44 años;TOTAL;Hombres;2019;68.756
30 Murcia;40-44 años;TOTAL;Hombres;2018;67.777
30 Murcia;40-44 años;TOTAL;Mujeres;2022;61.571
30 Murcia;40-44 años;TOTAL;Mujeres;2021;62.202
30 Murcia;40-44 años;TOTAL;Mujeres;2020;62.334
30 Murcia;40-44 años;TOTAL;Mujeres;2019;62.030
30 Murcia;40-44 años;TOTAL;Mujeres;2018;60.957
30 Murcia;45-49 años;TOTAL;Hombres;2022;66.329
30 Murcia;45-49 años;TOTAL;Hombres;2021;64.950
30 Murcia;45-49 años;TOTAL;Hombres;2020;63.702
30 Murcia;45-49 años;TOTAL;Hombres;2019;62.121
30 Murcia;45-49 años;TOTAL;Hombres;2018;61.004
30 Murcia;45-49 años;TOTAL;Mujeres;2022;61.518
30 Murcia;45-49 años;TOTAL;Mujeres;2021;60.131
30 Murcia;45-49 años;TOTAL;Mujeres;2020;59.376
30 Murcia;45-49 años;TOTAL;Mujeres;2019;58.067
30 Murcia;45-49 años;TOTAL;Mujeres;2018;57.332
30 Murcia;50-54 años;TOTAL;Hombres;2022;59.701
30 Murcia;50-54 años;TOTAL;Hombres;2021;59.030
30 Murcia;50-54 años;TOTAL;Hombres;2020;58.097
30 Murcia;50-54 años;TOTAL;Hombres;2019;57.077
30 Murcia;50-54 años;TOTAL;Hombres;2018;55.799
30 Murcia;50-54 años;TOTAL;Mujeres;2022;57.657
30 Murcia;50-54 años;TOTAL;Mujeres;2021;57.256
30 Murcia;50-54 años;TOTAL;Mujeres;2020;56.367
30 Murcia;50-54 años;TOTAL;Mujeres;2019;55.611
30 Murcia;50-54 años;TOTAL;Mujeres;2018;54.325
30 Murcia;55-59 años;TOTAL;Hombres;2022;53.012
30 Murcia;55-59 años;TOTAL;Hombres;2021;50.934
30 Murcia;55-59 años;TOTAL;Hombres;2020;49.088
30 Murcia;55-59 años;TOTAL;Hombres;2019;47.242
30 Murcia;55-59 años;TOTAL;Hombres;2018;45.670
30 Murcia;55-59 años;TOTAL;Mujeres;2022;52.964
30 Murcia;55-59 años;TOTAL;Mujeres;2021;51.143
30 Murcia;55-59 años;TOTAL;Mujeres;2020;49.704
30 Murcia;55-59 años;TOTAL;Mujeres;2019;47.727
30 Murcia;55-59 años;TOTAL;Mujeres;2018;46.230
30 Murcia;60-64 años;TOTAL;Hombres;2022;43.949
30 Murcia;60-64 años;TOTAL;Hombres;2021;41.915
30 Murcia;60-64 años;TOTAL;Hombres;2020;39.897
30 Murcia;60-64 años;TOTAL;Hombres;2019;37.518
30 Murcia;60-64 años;TOTAL;Hombres;2018;35.661
30 Murcia;60-64 años;TOTAL;Mujeres;2022;45.771
30 Murcia;60-64 años;TOTAL;Mujeres;2021;43.827
30 Murcia;60-64 años;TOTAL;Mujeres;2020;41.715
30 Murcia;60-64 años;TOTAL;Mujeres;2019;39.372
30 Murcia;60-64 años;TOTAL;Mujeres;2018;37.277
30 Murcia;65-69 años;TOTAL;Hombres;2022;33.171
30 Murcia;65-69 años;TOTAL;Hombres;2021;32.443
30 Murcia;65-69 años;TOTAL;Hombres;2020;31.251
30 Murcia;65-69 años;TOTAL;Hombres;2019;30.623
30 Murcia;65-69 años;TOTAL;Hombres;2018;30.186
30 Murcia;65-69 años;TOTAL;Mujeres;2022;35.812
30 Murcia;65-69 años;TOTAL;Mujeres;2021;35.021
30 Murcia;65-69 años;TOTAL;Mujeres;2020;34.046
30 Murcia;65-69 años;TOTAL;Mujeres;2019;33.465
30 Murcia;65-69 años;TOTAL;Mujeres;2018;33.251
30 Murcia;70-74 años;TOTAL;Hombres;2022;27.577
30 Murcia;70-74 años;TOTAL;Hombres;2021;26.918
30 Murcia;70-74 años;TOTAL;Hombres;2020;27.084
30 Murcia;70-74 años;TOTAL;Hombres;2019;26.338
30 Murcia;70-74 años;TOTAL;Hombres;2018;25.104
30 Murcia;70-74 años;TOTAL;Mujeres;2022;31.810
30 Murcia;70-74 años;TOTAL;Mujeres;2021;31.209
30 Murcia;70-74 años;TOTAL;Mujeres;2020;31.290
30 Murcia;70-74 años;TOTAL;Mujeres;2019;30.689
30 Murcia;70-74 años;TOTAL;Mujeres;2018;29.273
30 Murcia;75-79 años;TOTAL;Hombres;2022;20.787
30 Murcia;75-79 años;TOTAL;Hombres;2021;19.898
30 Murcia;75-79 años;TOTAL;Hombres;2020;19.703
30 Murcia;75-79 años;TOTAL;Hombres;2019;18.395
30 Murcia;75-79 años;TOTAL;Hombres;2018;18.159
30 Murcia;75-79 años;TOTAL;Mujeres;2022;26.038
30 Murcia;75-79 años;TOTAL;Mujeres;2021;24.878
30 Murcia;75-79 años;TOTAL;Mujeres;2020;24.822
30 Murcia;75-79 años;TOTAL;Mujeres;2019;23.059
30 Murcia;75-79 años;TOTAL;Mujeres;2018;23.051
30 Murcia;80-84 años;TOTAL;Hombres;2022;14.031
30 Murcia;80-84 años;TOTAL;Hombres;2021;14.473
30 Murcia;80-84 años;TOTAL;Hombres;2020;13.844
30 Murcia;80-84 años;TOTAL;Hombres;2019;14.702
30 Murcia;80-84 años;TOTAL;Hombres;2018;14.742
30 Murcia;80-84 años;TOTAL;Mujeres;2022;20.119
30 Murcia;80-84 años;TOTAL;Mujeres;2021;20.654
30 Murcia;80-84 años;TOTAL;Mujeres;2020;19.847
30 Murcia;80-84 años;TOTAL;Mujeres;2019;21.174
30 Murcia;80-84 años;TOTAL;Mujeres;2018;21.164
30 Murcia;85-89 años;TOTAL;Hombres;2022;9.194
30 Murcia;85-89 años;TOTAL;Hombres;2021;9.039
30 Murcia;85-89 años;TOTAL;Hombres;2020;9.015
30 Murcia;85-89 años;TOTAL;Hombres;2019;8.741
30 Murcia;85-89 años;TOTAL;Hombres;2018;8.487
30 Murcia;85-89 años;TOTAL;Mujeres;2022;15.251
30 Murcia;85-89 años;TOTAL;Mujeres;2021;15.217
30 Murcia;85-89 años;TOTAL;Mujeres;2020;15.154
30 Murcia;85-89 años;TOTAL;Mujeres;2019;14.784
30 Murcia;85-89 años;TOTAL;Mujeres;2018;14.426
30 Murcia;90-94 años;TOTAL;Hombres;2022;3.484
30 Murcia;90-94 años;TOTAL;Hombres;2021;3.362
30 Murcia;90-94 años;TOTAL;Hombres;2020;3.147
30 Murcia;90-94 años;TOTAL;Hombres;2019;3.001
30 Murcia;90-94 años;TOTAL;Hombres;2018;2.782
30 Murcia;90-94 años;TOTAL;Mujeres;2022;7.013
30 Murcia;90-94 años;TOTAL;Mujeres;2021;6.767
30 Murcia;90-94 años;TOTAL;Mujeres;2020;6.473
30 Murcia;90-94 años;TOTAL;Mujeres;2019;6.307
30 Murcia;90-94 años;TOTAL;Mujeres;2018;5.899
30 Murcia;95-99 años;TOTAL;Hombres;2022;619
30 Murcia;95-99 años;TOTAL;Hombres;2021;594
30 Murcia;95-99 años;TOTAL;Hombres;2020;586
30 Murcia;95-99 años;TOTAL;Hombres;2019;549
30 Murcia;95-99 años;TOTAL;Hombres;2018;506
30 Murcia;95-99 años;TOTAL;Mujeres;2022;1.659
30 Murcia;95-99 años;TOTAL;Mujeres;2021;1.585
30 Murcia;95-99 años;TOTAL;Mujeres;2020;1.451
30 Murcia;95-99 años;TOTAL;Mujeres;2019;1.358
30 Murcia;95-99 años;TOTAL;Mujeres;2018;1.293
30 Murcia;100 años y más;TOTAL;Hombres;2022;77
30 Murcia;100 años y más;TOTAL;Hombres;2021;70
30 Murcia;100 años y más;TOTAL;Hombres;2020;56
30 Murcia;100 años y más;TOTAL;Hombres;2019;40
30 Murcia;100 años y más;TOTAL;Hombres;2018;36
30 Murcia;100 años y más;TOTAL;Mujeres;2022;197
30 Murcia;100 años y más;TOTAL;Mujeres;2021;183
30 Murcia;100 años y más;TOTAL;Mujeres;2020;198
30 Murcia;100 años y más;TOTAL;Mujeres;2019;178
30 Murcia;100 años y más;TOTAL;Mujeres;2018;151
31 Navarra;0-4 años;TOTAL;Hombres;2022;14.061
31 Navarra;0-4 años;TOTAL;Hombres;2021;14.514
31 Navarra;0-4 años;TOTAL;Hombres;2020;15.150
31 Navarra;0-4 años;TOTAL;Hombres;2019;15.519
31 Navarra;0-4 años;TOTAL;Hombres;2018;15.789
31 Navarra;0-4 años;TOTAL;Mujeres;2022;13.413
31 Navarra;0-4 años;TOTAL;Mujeres;2021;13.922
31 Navarra;0-4 años;TOTAL;Mujeres;2020;14.590
31 Navarra;0-4 años;TOTAL;Mujeres;2019;15.041
31 Navarra;0-4 años;TOTAL;Mujeres;2018;15.222
31 Navarra;5-9 años;TOTAL;Hombres;2022;17.410
31 Navarra;5-9 años;TOTAL;Hombres;2021;17.776
31 Navarra;5-9 años;TOTAL;Hombres;2020;18.087
31 Navarra;5-9 años;TOTAL;Hombres;2019;18.089
31 Navarra;5-9 años;TOTAL;Hombres;2018;18.386
31 Navarra;5-9 años;TOTAL;Mujeres;2022;16.591
31 Navarra;5-9 años;TOTAL;Mujeres;2021;16.872
31 Navarra;5-9 años;TOTAL;Mujeres;2020;17.120
31 Navarra;5-9 años;TOTAL;Mujeres;2019;17.094
31 Navarra;5-9 años;TOTAL;Mujeres;2018;17.200
31 Navarra;10-14 años;TOTAL;Hombres;2022;19.014
31 Navarra;10-14 años;TOTAL;Hombres;2021;18.805
31 Navarra;10-14 años;TOTAL;Hombres;2020;18.575
31 Navarra;10-14 años;TOTAL;Hombres;2019;18.277
31 Navarra;10-14 años;TOTAL;Hombres;2018;17.697
31 Navarra;10-14 años;TOTAL;Mujeres;2022;17.999
31 Navarra;10-14 años;TOTAL;Mujeres;2021;17.911
31 Navarra;10-14 años;TOTAL;Mujeres;2020;17.672
31 Navarra;10-14 años;TOTAL;Mujeres;2019;17.219
31 Navarra;10-14 años;TOTAL;Mujeres;2018;16.927
31 Navarra;15-19 años;TOTAL;Hombres;2022;18.625
31 Navarra;15-19 años;TOTAL;Hombres;2021;18.281
31 Navarra;15-19 años;TOTAL;Hombres;2020;17.998
31 Navarra;15-19 años;TOTAL;Hombres;2019;17.416
31 Navarra;15-19 años;TOTAL;Hombres;2018;16.800
31 Navarra;15-19 años;TOTAL;Mujeres;2022;17.585
31 Navarra;15-19 años;TOTAL;Mujeres;2021;17.170
31 Navarra;15-19 años;TOTAL;Mujeres;2020;17.039
31 Navarra;15-19 años;TOTAL;Mujeres;2019;16.731
31 Navarra;15-19 años;TOTAL;Mujeres;2018;16.038
31 Navarra;20-24 años;TOTAL;Hombres;2022;18.344
31 Navarra;20-24 años;TOTAL;Hombres;2021;17.845
31 Navarra;20-24 años;TOTAL;Hombres;2020;17.440
31 Navarra;20-24 años;TOTAL;Hombres;2019;16.856
31 Navarra;20-24 años;TOTAL;Hombres;2018;16.308
31 Navarra;20-24 años;TOTAL;Mujeres;2022;17.505
31 Navarra;20-24 años;TOTAL;Mujeres;2021;17.239
31 Navarra;20-24 años;TOTAL;Mujeres;2020;17.002
31 Navarra;20-24 años;TOTAL;Mujeres;2019;16.540
31 Navarra;20-24 años;TOTAL;Mujeres;2018;15.905
31 Navarra;25-29 años;TOTAL;Hombres;2022;17.513
31 Navarra;25-29 años;TOTAL;Hombres;2021;17.312
31 Navarra;25-29 años;TOTAL;Hombres;2020;17.187
31 Navarra;25-29 años;TOTAL;Hombres;2019;16.768
31 Navarra;25-29 años;TOTAL;Hombres;2018;16.472
31 Navarra;25-29 años;TOTAL;Mujeres;2022;16.854
31 Navarra;25-29 años;TOTAL;Mujeres;2021;16.560
31 Navarra;25-29 años;TOTAL;Mujeres;2020;16.498
31 Navarra;25-29 años;TOTAL;Mujeres;2019;16.137
31 Navarra;25-29 años;TOTAL;Mujeres;2018;16.122
31 Navarra;30-34 años;TOTAL;Hombres;2022;17.861
31 Navarra;30-34 años;TOTAL;Hombres;2021;18.008
31 Navarra;30-34 años;TOTAL;Hombres;2020;18.375
31 Navarra;30-34 años;TOTAL;Hombres;2019;18.405
31 Navarra;30-34 años;TOTAL;Hombres;2018;18.701
31 Navarra;30-34 años;TOTAL;Mujeres;2022;17.571
31 Navarra;30-34 años;TOTAL;Mujeres;2021;17.730
31 Navarra;30-34 años;TOTAL;Mujeres;2020;18.061
31 Navarra;30-34 años;TOTAL;Mujeres;2019;18.281
31 Navarra;30-34 años;TOTAL;Mujeres;2018;18.402
31 Navarra;35-39 años;TOTAL;Hombres;2022;20.631
31 Navarra;35-39 años;TOTAL;Hombres;2021;21.409
31 Navarra;35-39 años;TOTAL;Hombres;2020;22.470
31 Navarra;35-39 años;TOTAL;Hombres;2019;23.312
31 Navarra;35-39 años;TOTAL;Hombres;2018;24.295
31 Navarra;35-39 años;TOTAL;Mujeres;2022;20.389
31 Navarra;35-39 años;TOTAL;Mujeres;2021;21.501
31 Navarra;35-39 años;TOTAL;Mujeres;2020;22.435
31 Navarra;35-39 años;TOTAL;Mujeres;2019;22.987
31 Navarra;35-39 años;TOTAL;Mujeres;2018;23.782
31 Navarra;40-44 años;TOTAL;Hombres;2022;25.953
31 Navarra;40-44 años;TOTAL;Hombres;2021;27.111
31 Navarra;40-44 años;TOTAL;Hombres;2020;27.807
31 Navarra;40-44 años;TOTAL;Hombres;2019;28.191
31 Navarra;40-44 años;TOTAL;Hombres;2018;28.039
31 Navarra;40-44 años;TOTAL;Mujeres;2022;25.483
31 Navarra;40-44 años;TOTAL;Mujeres;2021;25.980
31 Navarra;40-44 años;TOTAL;Mujeres;2020;26.622
31 Navarra;40-44 años;TOTAL;Mujeres;2019;26.802
31 Navarra;40-44 años;TOTAL;Mujeres;2018;26.578
31 Navarra;45-49 años;TOTAL;Hombres;2022;28.098
31 Navarra;45-49 años;TOTAL;Hombres;2021;27.768
31 Navarra;45-49 años;TOTAL;Hombres;2020;27.524
31 Navarra;45-49 años;TOTAL;Hombres;2019;27.050
31 Navarra;45-49 años;TOTAL;Hombres;2018;26.746
31 Navarra;45-49 años;TOTAL;Mujeres;2022;26.872
31 Navarra;45-49 años;TOTAL;Mujeres;2021;26.531
31 Navarra;45-49 años;TOTAL;Mujeres;2020;26.049
31 Navarra;45-49 años;TOTAL;Mujeres;2019;25.653
31 Navarra;45-49 años;TOTAL;Mujeres;2018;25.171
31 Navarra;50-54 años;TOTAL;Hombres;2022;26.416
31 Navarra;50-54 años;TOTAL;Hombres;2021;26.009
31 Navarra;50-54 años;TOTAL;Hombres;2020;25.616
31 Navarra;50-54 años;TOTAL;Hombres;2019;25.211
31 Navarra;50-54 años;TOTAL;Hombres;2018;24.869
31 Navarra;50-54 años;TOTAL;Mujeres;2022;25.259
31 Navarra;50-54 años;TOTAL;Mujeres;2021;25.090
31 Navarra;50-54 años;TOTAL;Mujeres;2020;24.816
31 Navarra;50-54 años;TOTAL;Mujeres;2019;24.511
31 Navarra;50-54 años;TOTAL;Mujeres;2018;24.173
31 Navarra;55-59 años;TOTAL;Hombres;2022;23.992
31 Navarra;55-59 años;TOTAL;Hombres;2021;23.682
31 Navarra;55-59 años;TOTAL;Hombres;2020;23.265
31 Navarra;55-59 años;TOTAL;Hombres;2019;22.636
31 Navarra;55-59 años;TOTAL;Hombres;2018;22.017
31 Navarra;55-59 años;TOTAL;Mujeres;2022;23.877
31 Navarra;55-59 años;TOTAL;Mujeres;2021;23.367
31 Navarra;55-59 años;TOTAL;Mujeres;2020;22.997
31 Navarra;55-59 años;TOTAL;Mujeres;2019;22.279
31 Navarra;55-59 años;TOTAL;Mujeres;2018;21.742
31 Navarra;60-64 años;TOTAL;Hombres;2022;21.024
31 Navarra;60-64 años;TOTAL;Hombres;2021;20.447
31 Navarra;60-64 años;TOTAL;Hombres;2020;19.964
31 Navarra;60-64 años;TOTAL;Hombres;2019;19.286
31 Navarra;60-64 años;TOTAL;Hombres;2018;18.730
31 Navarra;60-64 años;TOTAL;Mujeres;2022;21.161
31 Navarra;60-64 años;TOTAL;Mujeres;2021;20.756
31 Navarra;60-64 años;TOTAL;Mujeres;2020;20.191
31 Navarra;60-64 años;TOTAL;Mujeres;2019;19.532
31 Navarra;60-64 años;TOTAL;Mujeres;2018;19.007
31 Navarra;65-69 años;TOTAL;Hombres;2022;17.261
31 Navarra;65-69 años;TOTAL;Hombres;2021;16.845
31 Navarra;65-69 años;TOTAL;Hombres;2020;16.481
31 Navarra;65-69 años;TOTAL;Hombres;2019;16.459
31 Navarra;65-69 años;TOTAL;Hombres;2018;16.334
31 Navarra;65-69 años;TOTAL;Mujeres;2022;18.079
31 Navarra;65-69 años;TOTAL;Mujeres;2021;17.553
31 Navarra;65-69 años;TOTAL;Mujeres;2020;17.208
31 Navarra;65-69 años;TOTAL;Mujeres;2019;17.067
31 Navarra;65-69 años;TOTAL;Mujeres;2018;17.139
31 Navarra;70-74 años;TOTAL;Hombres;2022;14.887
31 Navarra;70-74 años;TOTAL;Hombres;2021;14.785
31 Navarra;70-74 años;TOTAL;Hombres;2020;14.900
31 Navarra;70-74 años;TOTAL;Hombres;2019;14.495
31 Navarra;70-74 años;TOTAL;Hombres;2018;14.143
31 Navarra;70-74 años;TOTAL;Mujeres;2022;16.438
31 Navarra;70-74 años;TOTAL;Mujeres;2021;16.335
31 Navarra;70-74 años;TOTAL;Mujeres;2020;16.525
31 Navarra;70-74 años;TOTAL;Mujeres;2019;16.185
31 Navarra;70-74 años;TOTAL;Mujeres;2018;15.704
31 Navarra;75-79 años;TOTAL;Hombres;2022;12.166
31 Navarra;75-79 años;TOTAL;Hombres;2021;11.700
31 Navarra;75-79 años;TOTAL;Hombres;2020;11.174
31 Navarra;75-79 años;TOTAL;Hombres;2019;10.431
31 Navarra;75-79 años;TOTAL;Hombres;2018;9.663
31 Navarra;75-79 años;TOTAL;Mujeres;2022;14.307
31 Navarra;75-79 años;TOTAL;Mujeres;2021;13.708
31 Navarra;75-79 años;TOTAL;Mujeres;2020;13.193
31 Navarra;75-79 años;TOTAL;Mujeres;2019;12.387
31 Navarra;75-79 años;TOTAL;Mujeres;2018;11.613
31 Navarra;80-84 años;TOTAL;Hombres;2022;7.304
31 Navarra;80-84 años;TOTAL;Hombres;2021;7.381
31 Navarra;80-84 años;TOTAL;Hombres;2020;7.456
31 Navarra;80-84 años;TOTAL;Hombres;2019;7.721
31 Navarra;80-84 años;TOTAL;Hombres;2018;8.113
31 Navarra;80-84 años;TOTAL;Mujeres;2022;10.106
31 Navarra;80-84 años;TOTAL;Mujeres;2021;10.243
31 Navarra;80-84 años;TOTAL;Mujeres;2020;10.361
31 Navarra;80-84 años;TOTAL;Mujeres;2019;10.808
31 Navarra;80-84 años;TOTAL;Mujeres;2018;11.300
31 Navarra;85-89 años;TOTAL;Hombres;2022;5.419
31 Navarra;85-89 años;TOTAL;Hombres;2021;5.219
31 Navarra;85-89 años;TOTAL;Hombres;2020;5.296
31 Navarra;85-89 años;TOTAL;Hombres;2019;5.169
31 Navarra;85-89 años;TOTAL;Hombres;2018;5.093
31 Navarra;85-89 años;TOTAL;Mujeres;2022;9.127
31 Navarra;85-89 años;TOTAL;Mujeres;2021;9.044
31 Navarra;85-89 años;TOTAL;Mujeres;2020;9.113
31 Navarra;85-89 años;TOTAL;Mujeres;2019;9.068
31 Navarra;85-89 años;TOTAL;Mujeres;2018;8.979
31 Navarra;90-94 años;TOTAL;Hombres;2022;2.144
31 Navarra;90-94 años;TOTAL;Hombres;2021;2.109
31 Navarra;90-94 años;TOTAL;Hombres;2020;1.980
31 Navarra;90-94 años;TOTAL;Hombres;2019;1.889
31 Navarra;90-94 años;TOTAL;Hombres;2018;1.833
31 Navarra;90-94 años;TOTAL;Mujeres;2022;5.052
31 Navarra;90-94 años;TOTAL;Mujeres;2021;4.875
31 Navarra;90-94 años;TOTAL;Mujeres;2020;4.803
31 Navarra;90-94 años;TOTAL;Mujeres;2019;4.680
31 Navarra;90-94 años;TOTAL;Mujeres;2018;4.582
31 Navarra;95-99 años;TOTAL;Hombres;2022;447
31 Navarra;95-99 años;TOTAL;Hombres;2021;420
31 Navarra;95-99 años;TOTAL;Hombres;2020;449
31 Navarra;95-99 años;TOTAL;Hombres;2019;409
31 Navarra;95-99 años;TOTAL;Hombres;2018;405
31 Navarra;95-99 años;TOTAL;Mujeres;2022;1.601
31 Navarra;95-99 años;TOTAL;Mujeres;2021;1.473
31 Navarra;95-99 años;TOTAL;Mujeres;2020;1.462
31 Navarra;95-99 años;TOTAL;Mujeres;2019;1.379
31 Navarra;95-99 años;TOTAL;Mujeres;2018;1.302
31 Navarra;100 años y más;TOTAL;Hombres;2022;50
31 Navarra;100 años y más;TOTAL;Hombres;2021;39
31 Navarra;100 años y más;TOTAL;Hombres;2020;32
31 Navarra;100 años y más;TOTAL;Hombres;2019;42
31 Navarra;100 años y más;TOTAL;Hombres;2018;36
31 Navarra;100 años y más;TOTAL;Mujeres;2022;228
31 Navarra;100 años y más;TOTAL;Mujeres;2021;212
31 Navarra;100 años y más;TOTAL;Mujeres;2020;214
31 Navarra;100 años y más;TOTAL;Mujeres;2019;202
31 Navarra;100 años y más;TOTAL;Mujeres;2018;197
32 Ourense;0-4 años;TOTAL;Hombres;2022;4.042
32 Ourense;0-4 años;TOTAL;Hombres;2021;4.284
32 Ourense;0-4 años;TOTAL;Hombres;2020;4.428
32 Ourense;0-4 años;TOTAL;Hombres;2019;4.629
32 Ourense;0-4 años;TOTAL;Hombres;2018;4.790
32 Ourense;0-4 años;TOTAL;Mujeres;2022;3.775
32 Ourense;0-4 años;TOTAL;Mujeres;2021;3.939
32 Ourense;0-4 años;TOTAL;Mujeres;2020;4.148
32 Ourense;0-4 años;TOTAL;Mujeres;2019;4.311
32 Ourense;0-4 años;TOTAL;Mujeres;2018;4.457
32 Ourense;5-9 años;TOTAL;Hombres;2022;5.194
32 Ourense;5-9 años;TOTAL;Hombres;2021;5.222
32 Ourense;5-9 años;TOTAL;Hombres;2020;5.312
32 Ourense;5-9 años;TOTAL;Hombres;2019;5.352
32 Ourense;5-9 años;TOTAL;Hombres;2018;5.462
32 Ourense;5-9 años;TOTAL;Mujeres;2022;4.810
32 Ourense;5-9 años;TOTAL;Mujeres;2021;4.915
32 Ourense;5-9 años;TOTAL;Mujeres;2020;4.945
32 Ourense;5-9 años;TOTAL;Mujeres;2019;4.981
32 Ourense;5-9 años;TOTAL;Mujeres;2018;5.102
32 Ourense;10-14 años;TOTAL;Hombres;2022;5.765
32 Ourense;10-14 años;TOTAL;Hombres;2021;5.770
32 Ourense;10-14 años;TOTAL;Hombres;2020;5.673
32 Ourense;10-14 años;TOTAL;Hombres;2019;5.571
32 Ourense;10-14 años;TOTAL;Hombres;2018;5.528
32 Ourense;10-14 años;TOTAL;Mujeres;2022;5.496
32 Ourense;10-14 años;TOTAL;Mujeres;2021;5.527
32 Ourense;10-14 años;TOTAL;Mujeres;2020;5.467
32 Ourense;10-14 años;TOTAL;Mujeres;2019;5.442
32 Ourense;10-14 años;TOTAL;Mujeres;2018;5.347
32 Ourense;15-19 años;TOTAL;Hombres;2022;5.704
32 Ourense;15-19 años;TOTAL;Hombres;2021;5.586
32 Ourense;15-19 años;TOTAL;Hombres;2020;5.594
32 Ourense;15-19 años;TOTAL;Hombres;2019;5.465
32 Ourense;15-19 años;TOTAL;Hombres;2018;5.251
32 Ourense;15-19 años;TOTAL;Mujeres;2022;5.497
32 Ourense;15-19 años;TOTAL;Mujeres;2021;5.383
32 Ourense;15-19 años;TOTAL;Mujeres;2020;5.360
32 Ourense;15-19 años;TOTAL;Mujeres;2019;5.256
32 Ourense;15-19 años;TOTAL;Mujeres;2018;5.162
32 Ourense;20-24 años;TOTAL;Hombres;2022;5.824
32 Ourense;20-24 años;TOTAL;Hombres;2021;5.838
32 Ourense;20-24 años;TOTAL;Hombres;2020;5.834
32 Ourense;20-24 años;TOTAL;Hombres;2019;5.910
32 Ourense;20-24 años;TOTAL;Hombres;2018;6.190
32 Ourense;20-24 años;TOTAL;Mujeres;2022;5.567
32 Ourense;20-24 años;TOTAL;Mujeres;2021;5.545
32 Ourense;20-24 años;TOTAL;Mujeres;2020;5.565
32 Ourense;20-24 años;TOTAL;Mujeres;2019;5.606
32 Ourense;20-24 años;TOTAL;Mujeres;2018;5.768
32 Ourense;25-29 años;TOTAL;Hombres;2022;6.488
32 Ourense;25-29 años;TOTAL;Hombres;2021;6.577
32 Ourense;25-29 años;TOTAL;Hombres;2020;6.715
32 Ourense;25-29 años;TOTAL;Hombres;2019;6.904
32 Ourense;25-29 años;TOTAL;Hombres;2018;6.985
32 Ourense;25-29 años;TOTAL;Mujeres;2022;6.123
32 Ourense;25-29 años;TOTAL;Mujeres;2021;6.343
32 Ourense;25-29 años;TOTAL;Mujeres;2020;6.425
32 Ourense;25-29 años;TOTAL;Mujeres;2019;6.588
32 Ourense;25-29 años;TOTAL;Mujeres;2018;6.747
32 Ourense;30-34 años;TOTAL;Hombres;2022;7.146
32 Ourense;30-34 años;TOTAL;Hombres;2021;7.244
32 Ourense;30-34 años;TOTAL;Hombres;2020;7.482
32 Ourense;30-34 años;TOTAL;Hombres;2019;7.732
32 Ourense;30-34 años;TOTAL;Hombres;2018;8.094
32 Ourense;30-34 años;TOTAL;Mujeres;2022;6.983
32 Ourense;30-34 años;TOTAL;Mujeres;2021;7.165
32 Ourense;30-34 años;TOTAL;Mujeres;2020;7.434
32 Ourense;30-34 años;TOTAL;Mujeres;2019;7.657
32 Ourense;30-34 años;TOTAL;Mujeres;2018;8.009
32 Ourense;35-39 años;TOTAL;Hombres;2022;8.601
32 Ourense;35-39 años;TOTAL;Hombres;2021;8.978
32 Ourense;35-39 años;TOTAL;Hombres;2020;9.250
32 Ourense;35-39 años;TOTAL;Hombres;2019;9.697
32 Ourense;35-39 años;TOTAL;Hombres;2018;10.084
32 Ourense;35-39 años;TOTAL;Mujeres;2022;8.395
32 Ourense;35-39 años;TOTAL;Mujeres;2021;8.748
32 Ourense;35-39 años;TOTAL;Mujeres;2020;9.082
32 Ourense;35-39 años;TOTAL;Mujeres;2019;9.433
32 Ourense;35-39 años;TOTAL;Mujeres;2018;9.749
32 Ourense;40-44 años;TOTAL;Hombres;2022;10.684
32 Ourense;40-44 años;TOTAL;Hombres;2021;10.924
32 Ourense;40-44 años;TOTAL;Hombres;2020;11.077
32 Ourense;40-44 años;TOTAL;Hombres;2019;11.061
32 Ourense;40-44 años;TOTAL;Hombres;2018;11.064
32 Ourense;40-44 años;TOTAL;Mujeres;2022;10.491
32 Ourense;40-44 años;TOTAL;Mujeres;2021;10.978
32 Ourense;40-44 años;TOTAL;Mujeres;2020;11.190
32 Ourense;40-44 años;TOTAL;Mujeres;2019;11.243
32 Ourense;40-44 años;TOTAL;Mujeres;2018;11.231
32 Ourense;45-49 años;TOTAL;Hombres;2022;11.117
32 Ourense;45-49 años;TOTAL;Hombres;2021;11.020
32 Ourense;45-49 años;TOTAL;Hombres;2020;10.998
32 Ourense;45-49 años;TOTAL;Hombres;2019;10.889
32 Ourense;45-49 años;TOTAL;Hombres;2018;11.058
32 Ourense;45-49 años;TOTAL;Mujeres;2022;11.472
32 Ourense;45-49 años;TOTAL;Mujeres;2021;11.181
32 Ourense;45-49 años;TOTAL;Mujeres;2020;10.930
32 Ourense;45-49 años;TOTAL;Mujeres;2019;10.908
32 Ourense;45-49 años;TOTAL;Mujeres;2018;11.003
32 Ourense;50-54 años;TOTAL;Hombres;2022;11.360
32 Ourense;50-54 años;TOTAL;Hombres;2021;11.318
32 Ourense;50-54 años;TOTAL;Hombres;2020;11.192
32 Ourense;50-54 años;TOTAL;Hombres;2019;11.144
32 Ourense;50-54 años;TOTAL;Hombres;2018;10.978
32 Ourense;50-54 años;TOTAL;Mujeres;2022;11.449
32 Ourense;50-54 años;TOTAL;Mujeres;2021;11.490
32 Ourense;50-54 años;TOTAL;Mujeres;2020;11.580
32 Ourense;50-54 años;TOTAL;Mujeres;2019;11.469
32 Ourense;50-54 años;TOTAL;Mujeres;2018;11.432
32 Ourense;55-59 años;TOTAL;Hombres;2022;10.830
32 Ourense;55-59 años;TOTAL;Hombres;2021;10.937
32 Ourense;55-59 años;TOTAL;Hombres;2020;11.036
32 Ourense;55-59 años;TOTAL;Hombres;2019;11.070
32 Ourense;55-59 años;TOTAL;Hombres;2018;11.115
32 Ourense;55-59 años;TOTAL;Mujeres;2022;11.600
32 Ourense;55-59 años;TOTAL;Mujeres;2021;11.539
32 Ourense;55-59 años;TOTAL;Mujeres;2020;11.689
32 Ourense;55-59 años;TOTAL;Mujeres;2019;11.682
32 Ourense;55-59 años;TOTAL;Mujeres;2018;11.555
32 Ourense;60-64 años;TOTAL;Hombres;2022;11.072
32 Ourense;60-64 años;TOTAL;Hombres;2021;10.819
32 Ourense;60-64 años;TOTAL;Hombres;2020;10.581
32 Ourense;60-64 años;TOTAL;Hombres;2019;10.450
32 Ourense;60-64 años;TOTAL;Hombres;2018;10.267
32 Ourense;60-64 años;TOTAL;Mujeres;2022;11.728
32 Ourense;60-64 años;TOTAL;Mujeres;2021;11.486
32 Ourense;60-64 años;TOTAL;Mujeres;2020;10.982
32 Ourense;60-64 años;TOTAL;Mujeres;2019;10.657
32 Ourense;60-64 años;TOTAL;Mujeres;2018;10.475
32 Ourense;65-69 años;TOTAL;Hombres;2022;10.024
32 Ourense;65-69 años;TOTAL;Hombres;2021;9.863
32 Ourense;65-69 años;TOTAL;Hombres;2020;9.875
32 Ourense;65-69 años;TOTAL;Hombres;2019;9.841
32 Ourense;65-69 años;TOTAL;Hombres;2018;9.974
32 Ourense;65-69 años;TOTAL;Mujeres;2022;10.556
32 Ourense;65-69 años;TOTAL;Mujeres;2021;10.406
32 Ourense;65-69 años;TOTAL;Mujeres;2020;10.567
32 Ourense;65-69 años;TOTAL;Mujeres;2019;10.719
32 Ourense;65-69 años;TOTAL;Mujeres;2018;10.754
32 Ourense;70-74 años;TOTAL;Hombres;2022;9.505
32 Ourense;70-74 años;TOTAL;Hombres;2021;9.649
32 Ourense;70-74 años;TOTAL;Hombres;2020;9.837
32 Ourense;70-74 años;TOTAL;Hombres;2019;9.859
32 Ourense;70-74 años;TOTAL;Hombres;2018;9.751
32 Ourense;70-74 años;TOTAL;Mujeres;2022;10.609
32 Ourense;70-74 años;TOTAL;Mujeres;2021;10.722
32 Ourense;70-74 años;TOTAL;Mujeres;2020;10.957
32 Ourense;70-74 años;TOTAL;Mujeres;2019;11.007
32 Ourense;70-74 años;TOTAL;Mujeres;2018;11.146
32 Ourense;75-79 años;TOTAL;Hombres;2022;8.693
32 Ourense;75-79 años;TOTAL;Hombres;2021;8.494
32 Ourense;75-79 años;TOTAL;Hombres;2020;8.268
32 Ourense;75-79 años;TOTAL;Hombres;2019;7.816
32 Ourense;75-79 años;TOTAL;Hombres;2018;7.385
32 Ourense;75-79 años;TOTAL;Mujeres;2022;10.651
32 Ourense;75-79 años;TOTAL;Mujeres;2021;10.489
32 Ourense;75-79 años;TOTAL;Mujeres;2020;10.328
32 Ourense;75-79 años;TOTAL;Mujeres;2019;9.825
32 Ourense;75-79 años;TOTAL;Mujeres;2018;9.225
32 Ourense;80-84 años;TOTAL;Hombres;2022;6.014
32 Ourense;80-84 años;TOTAL;Hombres;2021;6.208
32 Ourense;80-84 años;TOTAL;Hombres;2020;6.354
32 Ourense;80-84 años;TOTAL;Hombres;2019;6.835
32 Ourense;80-84 años;TOTAL;Hombres;2018;7.357
32 Ourense;80-84 años;TOTAL;Mujeres;2022;8.358
32 Ourense;80-84 años;TOTAL;Mujeres;2021;8.687
32 Ourense;80-84 años;TOTAL;Mujeres;2020;8.865
32 Ourense;80-84 años;TOTAL;Mujeres;2019;9.630
32 Ourense;80-84 años;TOTAL;Mujeres;2018;10.475
32 Ourense;85-89 años;TOTAL;Hombres;2022;5.273
32 Ourense;85-89 años;TOTAL;Hombres;2021;5.120
32 Ourense;85-89 años;TOTAL;Hombres;2020;5.060
32 Ourense;85-89 años;TOTAL;Hombres;2019;4.910
32 Ourense;85-89 años;TOTAL;Hombres;2018;4.799
32 Ourense;85-89 años;TOTAL;Mujeres;2022;8.558
32 Ourense;85-89 años;TOTAL;Mujeres;2021;8.313
32 Ourense;85-89 años;TOTAL;Mujeres;2020;8.286
32 Ourense;85-89 años;TOTAL;Mujeres;2019;8.161
32 Ourense;85-89 años;TOTAL;Mujeres;2018;7.918
32 Ourense;90-94 años;TOTAL;Hombres;2022;2.139
32 Ourense;90-94 años;TOTAL;Hombres;2021;2.050
32 Ourense;90-94 años;TOTAL;Hombres;2020;1.949
32 Ourense;90-94 años;TOTAL;Hombres;2019;1.850
32 Ourense;90-94 años;TOTAL;Hombres;2018;1.796
32 Ourense;90-94 años;TOTAL;Mujeres;2022;4.411
32 Ourense;90-94 años;TOTAL;Mujeres;2021;4.279
32 Ourense;90-94 años;TOTAL;Mujeres;2020;4.185
32 Ourense;90-94 años;TOTAL;Mujeres;2019;4.031
32 Ourense;90-94 años;TOTAL;Mujeres;2018;3.846
32 Ourense;95-99 años;TOTAL;Hombres;2022;499
32 Ourense;95-99 años;TOTAL;Hombres;2021;506
32 Ourense;95-99 años;TOTAL;Hombres;2020;482
32 Ourense;95-99 años;TOTAL;Hombres;2019;462
32 Ourense;95-99 años;TOTAL;Hombres;2018;439
32 Ourense;95-99 años;TOTAL;Mujeres;2022;1.390
32 Ourense;95-99 años;TOTAL;Mujeres;2021;1.307
32 Ourense;95-99 años;TOTAL;Mujeres;2020;1.301
32 Ourense;95-99 años;TOTAL;Mujeres;2019;1.251
32 Ourense;95-99 años;TOTAL;Mujeres;2018;1.213
32 Ourense;100 años y más;TOTAL;Hombres;2022;98
32 Ourense;100 años y más;TOTAL;Hombres;2021;88
32 Ourense;100 años y más;TOTAL;Hombres;2020;81
32 Ourense;100 años y más;TOTAL;Hombres;2019;75
32 Ourense;100 años y más;TOTAL;Hombres;2018;59
32 Ourense;100 años y más;TOTAL;Mujeres;2022;289
32 Ourense;100 años y más;TOTAL;Mujeres;2021;286
32 Ourense;100 años y más;TOTAL;Mujeres;2020;286
32 Ourense;100 años y más;TOTAL;Mujeres;2019;272
32 Ourense;100 años y más;TOTAL;Mujeres;2018;253
34 Palencia;0-4 años;TOTAL;Hombres;2022;2.520
34 Palencia;0-4 años;TOTAL;Hombres;2021;2.619
34 Palencia;0-4 años;TOTAL;Hombres;2020;2.755
34 Palencia;0-4 años;TOTAL;Hombres;2019;2.865
34 Palencia;0-4 años;TOTAL;Hombres;2018;2.946
34 Palencia;0-4 años;TOTAL;Mujeres;2022;2.338
34 Palencia;0-4 años;TOTAL;Mujeres;2021;2.473
34 Palencia;0-4 años;TOTAL;Mujeres;2020;2.583
34 Palencia;0-4 años;TOTAL;Mujeres;2019;2.672
34 Palencia;0-4 años;TOTAL;Mujeres;2018;2.721
34 Palencia;5-9 años;TOTAL;Hombres;2022;3.086
34 Palencia;5-9 años;TOTAL;Hombres;2021;3.201
34 Palencia;5-9 años;TOTAL;Hombres;2020;3.153
34 Palencia;5-9 años;TOTAL;Hombres;2019;3.148
34 Palencia;5-9 años;TOTAL;Hombres;2018;3.178
34 Palencia;5-9 años;TOTAL;Mujeres;2022;2.920
34 Palencia;5-9 años;TOTAL;Mujeres;2021;2.922
34 Palencia;5-9 años;TOTAL;Mujeres;2020;2.895
34 Palencia;5-9 años;TOTAL;Mujeres;2019;2.906
34 Palencia;5-9 años;TOTAL;Mujeres;2018;2.946
34 Palencia;10-14 años;TOTAL;Hombres;2022;3.326
34 Palencia;10-14 años;TOTAL;Hombres;2021;3.279
34 Palencia;10-14 años;TOTAL;Hombres;2020;3.266
34 Palencia;10-14 años;TOTAL;Hombres;2019;3.285
34 Palencia;10-14 años;TOTAL;Hombres;2018;3.267
34 Palencia;10-14 años;TOTAL;Mujeres;2022;3.023
34 Palencia;10-14 años;TOTAL;Mujeres;2021;3.091
34 Palencia;10-14 años;TOTAL;Mujeres;2020;3.159
34 Palencia;10-14 años;TOTAL;Mujeres;2019;3.152
34 Palencia;10-14 años;TOTAL;Mujeres;2018;3.177
34 Palencia;15-19 años;TOTAL;Hombres;2022;3.323
34 Palencia;15-19 años;TOTAL;Hombres;2021;3.335
34 Palencia;15-19 años;TOTAL;Hombres;2020;3.373
34 Palencia;15-19 años;TOTAL;Hombres;2019;3.312
34 Palencia;15-19 años;TOTAL;Hombres;2018;3.278
34 Palencia;15-19 años;TOTAL;Mujeres;2022;3.275
34 Palencia;15-19 años;TOTAL;Mujeres;2021;3.211
34 Palencia;15-19 años;TOTAL;Mujeres;2020;3.175
34 Palencia;15-19 años;TOTAL;Mujeres;2019;3.189
34 Palencia;15-19 años;TOTAL;Mujeres;2018;3.128
34 Palencia;20-24 años;TOTAL;Hombres;2022;3.418
34 Palencia;20-24 años;TOTAL;Hombres;2021;3.460
34 Palencia;20-24 años;TOTAL;Hombres;2020;3.475
34 Palencia;20-24 años;TOTAL;Hombres;2019;3.538
34 Palencia;20-24 años;TOTAL;Hombres;2018;3.635
34 Palencia;20-24 años;TOTAL;Mujeres;2022;3.211
34 Palencia;20-24 años;TOTAL;Mujeres;2021;3.287
34 Palencia;20-24 años;TOTAL;Mujeres;2020;3.347
34 Palencia;20-24 años;TOTAL;Mujeres;2019;3.341
34 Palencia;20-24 años;TOTAL;Mujeres;2018;3.460
34 Palencia;25-29 años;TOTAL;Hombres;2022;3.606
34 Palencia;25-29 años;TOTAL;Hombres;2021;3.681
34 Palencia;25-29 años;TOTAL;Hombres;2020;3.782
34 Palencia;25-29 años;TOTAL;Hombres;2019;3.894
34 Palencia;25-29 años;TOTAL;Hombres;2018;4.006
34 Palencia;25-29 años;TOTAL;Mujeres;2022;3.340
34 Palencia;25-29 años;TOTAL;Mujeres;2021;3.394
34 Palencia;25-29 años;TOTAL;Mujeres;2020;3.441
34 Palencia;25-29 años;TOTAL;Mujeres;2019;3.588
34 Palencia;25-29 años;TOTAL;Mujeres;2018;3.670
34 Palencia;30-34 años;TOTAL;Hombres;2022;3.977
34 Palencia;30-34 años;TOTAL;Hombres;2021;4.110
34 Palencia;30-34 años;TOTAL;Hombres;2020;4.289
34 Palencia;30-34 años;TOTAL;Hombres;2019;4.453
34 Palencia;30-34 años;TOTAL;Hombres;2018;4.622
34 Palencia;30-34 años;TOTAL;Mujeres;2022;3.714
34 Palencia;30-34 años;TOTAL;Mujeres;2021;3.857
34 Palencia;30-34 años;TOTAL;Mujeres;2020;4.021
34 Palencia;30-34 años;TOTAL;Mujeres;2019;4.168
34 Palencia;30-34 años;TOTAL;Mujeres;2018;4.324
34 Palencia;35-39 años;TOTAL;Hombres;2022;4.729
34 Palencia;35-39 años;TOTAL;Hombres;2021;4.915
34 Palencia;35-39 años;TOTAL;Hombres;2020;5.112
34 Palencia;35-39 años;TOTAL;Hombres;2019;5.317
34 Palencia;35-39 años;TOTAL;Hombres;2018;5.576
34 Palencia;35-39 años;TOTAL;Mujeres;2022;4.473
34 Palencia;35-39 años;TOTAL;Mujeres;2021;4.646
34 Palencia;35-39 años;TOTAL;Mujeres;2020;4.819
34 Palencia;35-39 años;TOTAL;Mujeres;2019;4.989
34 Palencia;35-39 años;TOTAL;Mujeres;2018;5.254
34 Palencia;40-44 años;TOTAL;Hombres;2022;5.751
34 Palencia;40-44 años;TOTAL;Hombres;2021;5.816
34 Palencia;40-44 años;TOTAL;Hombres;2020;5.855
34 Palencia;40-44 años;TOTAL;Hombres;2019;5.851
34 Palencia;40-44 años;TOTAL;Hombres;2018;5.744
34 Palencia;40-44 años;TOTAL;Mujeres;2022;5.467
34 Palencia;40-44 años;TOTAL;Mujeres;2021;5.634
34 Palencia;40-44 años;TOTAL;Mujeres;2020;5.668
34 Palencia;40-44 años;TOTAL;Mujeres;2019;5.659
34 Palencia;40-44 años;TOTAL;Mujeres;2018;5.628
34 Palencia;45-49 años;TOTAL;Hombres;2022;5.820
34 Palencia;45-49 años;TOTAL;Hombres;2021;5.899
34 Palencia;45-49 años;TOTAL;Hombres;2020;5.972
34 Palencia;45-49 años;TOTAL;Hombres;2019;6.053
34 Palencia;45-49 años;TOTAL;Hombres;2018;6.243
34 Palencia;45-49 años;TOTAL;Mujeres;2022;5.692
34 Palencia;45-49 años;TOTAL;Mujeres;2021;5.669
34 Palencia;45-49 años;TOTAL;Mujeres;2020;5.660
34 Palencia;45-49 años;TOTAL;Mujeres;2019;5.648
34 Palencia;45-49 años;TOTAL;Mujeres;2018;5.709
34 Palencia;50-54 años;TOTAL;Hombres;2022;6.331
34 Palencia;50-54 años;TOTAL;Hombres;2021;6.444
34 Palencia;50-54 años;TOTAL;Hombres;2020;6.540
34 Palencia;50-54 años;TOTAL;Hombres;2019;6.651
34 Palencia;50-54 años;TOTAL;Hombres;2018;6.813
34 Palencia;50-54 años;TOTAL;Mujeres;2022;5.888
34 Palencia;50-54 años;TOTAL;Mujeres;2021;6.005
34 Palencia;50-54 años;TOTAL;Mujeres;2020;6.162
34 Palencia;50-54 años;TOTAL;Mujeres;2019;6.389
34 Palencia;50-54 años;TOTAL;Mujeres;2018;6.509
34 Palencia;55-59 años;TOTAL;Hombres;2022;6.706
34 Palencia;55-59 años;TOTAL;Hombres;2021;6.749
34 Palencia;55-59 años;TOTAL;Hombres;2020;6.797
34 Palencia;55-59 años;TOTAL;Hombres;2019;6.822
34 Palencia;55-59 años;TOTAL;Hombres;2018;6.817
34 Palencia;55-59 años;TOTAL;Mujeres;2022;6.589
34 Palencia;55-59 años;TOTAL;Mujeres;2021;6.637
34 Palencia;55-59 años;TOTAL;Mujeres;2020;6.706
34 Palencia;55-59 años;TOTAL;Mujeres;2019;6.634
34 Palencia;55-59 años;TOTAL;Mujeres;2018;6.675
34 Palencia;60-64 años;TOTAL;Hombres;2022;6.668
34 Palencia;60-64 años;TOTAL;Hombres;2021;6.676
34 Palencia;60-64 años;TOTAL;Hombres;2020;6.655
34 Palencia;60-64 años;TOTAL;Hombres;2019;6.529
34 Palencia;60-64 años;TOTAL;Hombres;2018;6.392
34 Palencia;60-64 años;TOTAL;Mujeres;2022;6.635
34 Palencia;60-64 años;TOTAL;Mujeres;2021;6.561
34 Palencia;60-64 años;TOTAL;Mujeres;2020;6.353
34 Palencia;60-64 años;TOTAL;Mujeres;2019;6.093
34 Palencia;60-64 años;TOTAL;Mujeres;2018;5.870
34 Palencia;65-69 años;TOTAL;Hombres;2022;5.858
34 Palencia;65-69 años;TOTAL;Hombres;2021;5.667
34 Palencia;65-69 años;TOTAL;Hombres;2020;5.477
34 Palencia;65-69 años;TOTAL;Hombres;2019;5.311
34 Palencia;65-69 años;TOTAL;Hombres;2018;5.259
34 Palencia;65-69 años;TOTAL;Mujeres;2022;5.489
34 Palencia;65-69 años;TOTAL;Mujeres;2021;5.209
34 Palencia;65-69 años;TOTAL;Mujeres;2020;5.065
34 Palencia;65-69 años;TOTAL;Mujeres;2019;5.036
34 Palencia;65-69 años;TOTAL;Mujeres;2018;4.880
34 Palencia;70-74 años;TOTAL;Hombres;2022;4.657
34 Palencia;70-74 años;TOTAL;Hombres;2021;4.508
34 Palencia;70-74 años;TOTAL;Hombres;2020;4.421
34 Palencia;70-74 años;TOTAL;Hombres;2019;4.333
34 Palencia;70-74 años;TOTAL;Hombres;2018;4.189
34 Palencia;70-74 años;TOTAL;Mujeres;2022;4.585
34 Palencia;70-74 años;TOTAL;Mujeres;2021;4.495
34 Palencia;70-74 años;TOTAL;Mujeres;2020;4.421
34 Palencia;70-74 años;TOTAL;Mujeres;2019;4.335
34 Palencia;70-74 años;TOTAL;Mujeres;2018;4.349
34 Palencia;75-79 años;TOTAL;Hombres;2022;3.500
34 Palencia;75-79 años;TOTAL;Hombres;2021;3.419
34 Palencia;75-79 años;TOTAL;Hombres;2020;3.421
34 Palencia;75-79 años;TOTAL;Hombres;2019;3.173
34 Palencia;75-79 años;TOTAL;Hombres;2018;2.913
34 Palencia;75-79 años;TOTAL;Mujeres;2022;4.114
34 Palencia;75-79 años;TOTAL;Mujeres;2021;4.041
34 Palencia;75-79 años;TOTAL;Mujeres;2020;3.960
34 Palencia;75-79 años;TOTAL;Mujeres;2019;3.674
34 Palencia;75-79 años;TOTAL;Mujeres;2018;3.429
34 Palencia;80-84 años;TOTAL;Hombres;2022;2.219
34 Palencia;80-84 años;TOTAL;Hombres;2021;2.254
34 Palencia;80-84 años;TOTAL;Hombres;2020;2.284
34 Palencia;80-84 años;TOTAL;Hombres;2019;2.451
34 Palencia;80-84 años;TOTAL;Hombres;2018;2.631
34 Palencia;80-84 años;TOTAL;Mujeres;2022;2.966
34 Palencia;80-84 años;TOTAL;Mujeres;2021;3.134
34 Palencia;80-84 años;TOTAL;Mujeres;2020;3.335
34 Palencia;80-84 años;TOTAL;Mujeres;2019;3.696
34 Palencia;80-84 años;TOTAL;Mujeres;2018;4.039
34 Palencia;85-89 años;TOTAL;Hombres;2022;1.763
34 Palencia;85-89 años;TOTAL;Hombres;2021;1.823
34 Palencia;85-89 años;TOTAL;Hombres;2020;1.822
34 Palencia;85-89 años;TOTAL;Hombres;2019;1.850
34 Palencia;85-89 años;TOTAL;Hombres;2018;1.866
34 Palencia;85-89 años;TOTAL;Mujeres;2022;3.273
34 Palencia;85-89 años;TOTAL;Mujeres;2021;3.333
34 Palencia;85-89 años;TOTAL;Mujeres;2020;3.498
34 Palencia;85-89 años;TOTAL;Mujeres;2019;3.487
34 Palencia;85-89 años;TOTAL;Mujeres;2018;3.515
34 Palencia;90-94 años;TOTAL;Hombres;2022;791
34 Palencia;90-94 años;TOTAL;Hombres;2021;792
34 Palencia;90-94 años;TOTAL;Hombres;2020;809
34 Palencia;90-94 años;TOTAL;Hombres;2019;770
34 Palencia;90-94 años;TOTAL;Hombres;2018;786
34 Palencia;90-94 años;TOTAL;Mujeres;2022;2.003
34 Palencia;90-94 años;TOTAL;Mujeres;2021;1.964
34 Palencia;90-94 años;TOTAL;Mujeres;2020;1.911
34 Palencia;90-94 años;TOTAL;Mujeres;2019;1.886
34 Palencia;90-94 años;TOTAL;Mujeres;2018;1.834
34 Palencia;95-99 años;TOTAL;Hombres;2022;204
34 Palencia;95-99 años;TOTAL;Hombres;2021;178
34 Palencia;95-99 años;TOTAL;Hombres;2020;187
34 Palencia;95-99 años;TOTAL;Hombres;2019;189
34 Palencia;95-99 años;TOTAL;Hombres;2018;146
34 Palencia;95-99 años;TOTAL;Mujeres;2022;650
34 Palencia;95-99 años;TOTAL;Mujeres;2021;640
34 Palencia;95-99 años;TOTAL;Mujeres;2020;608
34 Palencia;95-99 años;TOTAL;Mujeres;2019;549
34 Palencia;95-99 años;TOTAL;Mujeres;2018;522
34 Palencia;100 años y más;TOTAL;Hombres;2022;16
34 Palencia;100 años y más;TOTAL;Hombres;2021;16
34 Palencia;100 años y más;TOTAL;Hombres;2020;12
34 Palencia;100 años y más;TOTAL;Hombres;2019;13
34 Palencia;100 años y más;TOTAL;Hombres;2018;16
34 Palencia;100 años y más;TOTAL;Mujeres;2022;94
34 Palencia;100 años y más;TOTAL;Mujeres;2021;79
34 Palencia;100 años y más;TOTAL;Mujeres;2020;77
34 Palencia;100 años y más;TOTAL;Mujeres;2019;81
34 Palencia;100 años y más;TOTAL;Mujeres;2018;73
35 Palmas, Las;0-4 años;TOTAL;Hombres;2022;18.861
35 Palmas, Las;0-4 años;TOTAL;Hombres;2021;19.712
35 Palmas, Las;0-4 años;TOTAL;Hombres;2020;20.856
35 Palmas, Las;0-4 años;TOTAL;Hombres;2019;21.520
35 Palmas, Las;0-4 años;TOTAL;Hombres;2018;21.621
35 Palmas, Las;0-4 años;TOTAL;Mujeres;2022;17.750
35 Palmas, Las;0-4 años;TOTAL;Mujeres;2021;18.572
35 Palmas, Las;0-4 años;TOTAL;Mujeres;2020;19.779
35 Palmas, Las;0-4 años;TOTAL;Mujeres;2019;20.297
35 Palmas, Las;0-4 años;TOTAL;Mujeres;2018;20.596
35 Palmas, Las;5-9 años;TOTAL;Hombres;2022;23.916
35 Palmas, Las;5-9 años;TOTAL;Hombres;2021;24.452
35 Palmas, Las;5-9 años;TOTAL;Hombres;2020;25.333
35 Palmas, Las;5-9 años;TOTAL;Hombres;2019;25.771
35 Palmas, Las;5-9 años;TOTAL;Hombres;2018;26.771
35 Palmas, Las;5-9 años;TOTAL;Mujeres;2022;22.840
35 Palmas, Las;5-9 años;TOTAL;Mujeres;2021;23.250
35 Palmas, Las;5-9 años;TOTAL;Mujeres;2020;23.905
35 Palmas, Las;5-9 años;TOTAL;Mujeres;2019;24.329
35 Palmas, Las;5-9 años;TOTAL;Mujeres;2018;25.128
35 Palmas, Las;10-14 años;TOTAL;Hombres;2022;28.191
35 Palmas, Las;10-14 años;TOTAL;Hombres;2021;29.054
35 Palmas, Las;10-14 años;TOTAL;Hombres;2020;29.619
35 Palmas, Las;10-14 años;TOTAL;Hombres;2019;30.111
35 Palmas, Las;10-14 años;TOTAL;Hombres;2018;30.192
35 Palmas, Las;10-14 años;TOTAL;Mujeres;2022;26.556
35 Palmas, Las;10-14 años;TOTAL;Mujeres;2021;27.587
35 Palmas, Las;10-14 años;TOTAL;Mujeres;2020;28.338
35 Palmas, Las;10-14 años;TOTAL;Mujeres;2019;28.842
35 Palmas, Las;10-14 años;TOTAL;Mujeres;2018;28.885
35 Palmas, Las;15-19 años;TOTAL;Hombres;2022;31.300
35 Palmas, Las;15-19 años;TOTAL;Hombres;2021;31.064
35 Palmas, Las;15-19 años;TOTAL;Hombres;2020;31.263
35 Palmas, Las;15-19 años;TOTAL;Hombres;2019;30.610
35 Palmas, Las;15-19 años;TOTAL;Hombres;2018;29.890
35 Palmas, Las;15-19 años;TOTAL;Mujeres;2022;29.586
35 Palmas, Las;15-19 años;TOTAL;Mujeres;2021;29.277
35 Palmas, Las;15-19 años;TOTAL;Mujeres;2020;29.400
35 Palmas, Las;15-19 años;TOTAL;Mujeres;2019;28.956
35 Palmas, Las;15-19 años;TOTAL;Mujeres;2018;28.171
35 Palmas, Las;20-24 años;TOTAL;Hombres;2022;31.900
35 Palmas, Las;20-24 años;TOTAL;Hombres;2021;31.489
35 Palmas, Las;20-24 años;TOTAL;Hombres;2020;31.379
35 Palmas, Las;20-24 años;TOTAL;Hombres;2019;30.674
35 Palmas, Las;20-24 años;TOTAL;Hombres;2018;30.314
35 Palmas, Las;20-24 años;TOTAL;Mujeres;2022;31.209
35 Palmas, Las;20-24 años;TOTAL;Mujeres;2021;31.018
35 Palmas, Las;20-24 años;TOTAL;Mujeres;2020;31.362
35 Palmas, Las;20-24 años;TOTAL;Mujeres;2019;30.535
35 Palmas, Las;20-24 años;TOTAL;Mujeres;2018;30.366
35 Palmas, Las;25-29 años;TOTAL;Hombres;2022;33.557
35 Palmas, Las;25-29 años;TOTAL;Hombres;2021;34.377
35 Palmas, Las;25-29 años;TOTAL;Hombres;2020;35.257
35 Palmas, Las;25-29 años;TOTAL;Hombres;2019;35.414
35 Palmas, Las;25-29 años;TOTAL;Hombres;2018;35.649
35 Palmas, Las;25-29 años;TOTAL;Mujeres;2022;33.794
35 Palmas, Las;25-29 años;TOTAL;Mujeres;2021;34.234
35 Palmas, Las;25-29 años;TOTAL;Mujeres;2020;34.908
35 Palmas, Las;25-29 años;TOTAL;Mujeres;2019;35.158
35 Palmas, Las;25-29 años;TOTAL;Mujeres;2018;35.345
35 Palmas, Las;30-34 años;TOTAL;Hombres;2022;37.026
35 Palmas, Las;30-34 años;TOTAL;Hombres;2021;37.534
35 Palmas, Las;30-34 años;TOTAL;Hombres;2020;38.019
35 Palmas, Las;30-34 años;TOTAL;Hombres;2019;37.793
35 Palmas, Las;30-34 años;TOTAL;Hombres;2018;37.569
35 Palmas, Las;30-34 años;TOTAL;Mujeres;2022;37.055
35 Palmas, Las;30-34 años;TOTAL;Mujeres;2021;37.594
35 Palmas, Las;30-34 años;TOTAL;Mujeres;2020;38.322
35 Palmas, Las;30-34 años;TOTAL;Mujeres;2019;38.519
35 Palmas, Las;30-34 años;TOTAL;Mujeres;2018;38.542
35 Palmas, Las;35-39 años;TOTAL;Hombres;2022;39.684
35 Palmas, Las;35-39 años;TOTAL;Hombres;2021;41.253
35 Palmas, Las;35-39 años;TOTAL;Hombres;2020;43.203
35 Palmas, Las;35-39 años;TOTAL;Hombres;2019;44.536
35 Palmas, Las;35-39 años;TOTAL;Hombres;2018;45.916
35 Palmas, Las;35-39 años;TOTAL;Mujeres;2022;40.206
35 Palmas, Las;35-39 años;TOTAL;Mujeres;2021;41.563
35 Palmas, Las;35-39 años;TOTAL;Mujeres;2020;43.263
35 Palmas, Las;35-39 años;TOTAL;Mujeres;2019;44.316
35 Palmas, Las;35-39 años;TOTAL;Mujeres;2018;45.230
35 Palmas, Las;40-44 años;TOTAL;Hombres;2022;47.360
35 Palmas, Las;40-44 años;TOTAL;Hombres;2021;48.642
35 Palmas, Las;40-44 años;TOTAL;Hombres;2020;49.815
35 Palmas, Las;40-44 años;TOTAL;Hombres;2019;50.757
35 Palmas, Las;40-44 años;TOTAL;Hombres;2018;51.233
35 Palmas, Las;40-44 años;TOTAL;Mujeres;2022;46.780
35 Palmas, Las;40-44 años;TOTAL;Mujeres;2021;47.518
35 Palmas, Las;40-44 años;TOTAL;Mujeres;2020;47.984
35 Palmas, Las;40-44 años;TOTAL;Mujeres;2019;48.422
35 Palmas, Las;40-44 años;TOTAL;Mujeres;2018;48.953
35 Palmas, Las;45-49 años;TOTAL;Hombres;2022;52.377
35 Palmas, Las;45-49 años;TOTAL;Hombres;2021;53.392
35 Palmas, Las;45-49 años;TOTAL;Hombres;2020;53.884
35 Palmas, Las;45-49 años;TOTAL;Hombres;2019;53.545
35 Palmas, Las;45-49 años;TOTAL;Hombres;2018;52.721
35 Palmas, Las;45-49 años;TOTAL;Mujeres;2022;50.283
35 Palmas, Las;45-49 años;TOTAL;Mujeres;2021;51.060
35 Palmas, Las;45-49 años;TOTAL;Mujeres;2020;51.766
35 Palmas, Las;45-49 años;TOTAL;Mujeres;2019;51.352
35 Palmas, Las;45-49 años;TOTAL;Mujeres;2018;50.127
35 Palmas, Las;50-54 años;TOTAL;Hombres;2022;51.518
35 Palmas, Las;50-54 años;TOTAL;Hombres;2021;50.562
35 Palmas, Las;50-54 años;TOTAL;Hombres;2020;49.765
35 Palmas, Las;50-54 años;TOTAL;Hombres;2019;49.127
35 Palmas, Las;50-54 años;TOTAL;Hombres;2018;48.292
35 Palmas, Las;50-54 años;TOTAL;Mujeres;2022;49.900
35 Palmas, Las;50-54 años;TOTAL;Mujeres;2021;49.118
35 Palmas, Las;50-54 años;TOTAL;Mujeres;2020;48.573
35 Palmas, Las;50-54 años;TOTAL;Mujeres;2019;47.691
35 Palmas, Las;50-54 años;TOTAL;Mujeres;2018;46.827
35 Palmas, Las;55-59 años;TOTAL;Hombres;2022;46.465
35 Palmas, Las;55-59 años;TOTAL;Hombres;2021;45.011
35 Palmas, Las;55-59 años;TOTAL;Hombres;2020;43.314
35 Palmas, Las;55-59 años;TOTAL;Hombres;2019;40.672
35 Palmas, Las;55-59 años;TOTAL;Hombres;2018;38.478
35 Palmas, Las;55-59 años;TOTAL;Mujeres;2022;45.864
35 Palmas, Las;55-59 años;TOTAL;Mujeres;2021;44.533
35 Palmas, Las;55-59 años;TOTAL;Mujeres;2020;42.976
35 Palmas, Las;55-59 años;TOTAL;Mujeres;2019;40.377
35 Palmas, Las;55-59 años;TOTAL;Mujeres;2018;38.279
35 Palmas, Las;60-64 años;TOTAL;Hombres;2022;35.556
35 Palmas, Las;60-64 años;TOTAL;Hombres;2021;34.101
35 Palmas, Las;60-64 años;TOTAL;Hombres;2020;32.816
35 Palmas, Las;60-64 años;TOTAL;Hombres;2019;31.556
35 Palmas, Las;60-64 años;TOTAL;Hombres;2018;30.273
35 Palmas, Las;60-64 años;TOTAL;Mujeres;2022;36.210
35 Palmas, Las;60-64 años;TOTAL;Mujeres;2021;34.476
35 Palmas, Las;60-64 años;TOTAL;Mujeres;2020;32.988
35 Palmas, Las;60-64 años;TOTAL;Mujeres;2019;31.759
35 Palmas, Las;60-64 años;TOTAL;Mujeres;2018;30.699
35 Palmas, Las;65-69 años;TOTAL;Hombres;2022;28.047
35 Palmas, Las;65-69 años;TOTAL;Hombres;2021;27.290
35 Palmas, Las;65-69 años;TOTAL;Hombres;2020;26.408
35 Palmas, Las;65-69 años;TOTAL;Hombres;2019;25.674
35 Palmas, Las;65-69 años;TOTAL;Hombres;2018;25.083
35 Palmas, Las;65-69 años;TOTAL;Mujeres;2022;29.483
35 Palmas, Las;65-69 años;TOTAL;Mujeres;2021;28.704
35 Palmas, Las;65-69 años;TOTAL;Mujeres;2020;27.928
35 Palmas, Las;65-69 años;TOTAL;Mujeres;2019;27.119
35 Palmas, Las;65-69 años;TOTAL;Mujeres;2018;26.240
35 Palmas, Las;70-74 años;TOTAL;Hombres;2022;21.860
35 Palmas, Las;70-74 años;TOTAL;Hombres;2021;21.110
35 Palmas, Las;70-74 años;TOTAL;Hombres;2020;20.775
35 Palmas, Las;70-74 años;TOTAL;Hombres;2019;20.203
35 Palmas, Las;70-74 años;TOTAL;Hombres;2018;19.515
35 Palmas, Las;70-74 años;TOTAL;Mujeres;2022;24.158
35 Palmas, Las;70-74 años;TOTAL;Mujeres;2021;23.434
35 Palmas, Las;70-74 años;TOTAL;Mujeres;2020;23.004
35 Palmas, Las;70-74 años;TOTAL;Mujeres;2019;22.346
35 Palmas, Las;70-74 años;TOTAL;Mujeres;2018;21.578
35 Palmas, Las;75-79 años;TOTAL;Hombres;2022;16.159
35 Palmas, Las;75-79 años;TOTAL;Hombres;2021;15.439
35 Palmas, Las;75-79 años;TOTAL;Hombres;2020;14.723
35 Palmas, Las;75-79 años;TOTAL;Hombres;2019;13.640
35 Palmas, Las;75-79 años;TOTAL;Hombres;2018;13.025
35 Palmas, Las;75-79 años;TOTAL;Mujeres;2022;19.103
35 Palmas, Las;75-79 años;TOTAL;Mujeres;2021;18.096
35 Palmas, Las;75-79 años;TOTAL;Mujeres;2020;17.344
35 Palmas, Las;75-79 años;TOTAL;Mujeres;2019;16.277
35 Palmas, Las;75-79 años;TOTAL;Mujeres;2018;15.607
35 Palmas, Las;80-84 años;TOTAL;Hombres;2022;9.087
35 Palmas, Las;80-84 años;TOTAL;Hombres;2021;8.999
35 Palmas, Las;80-84 años;TOTAL;Hombres;2020;8.843
35 Palmas, Las;80-84 años;TOTAL;Hombres;2019;9.162
35 Palmas, Las;80-84 años;TOTAL;Hombres;2018;9.416
35 Palmas, Las;80-84 años;TOTAL;Mujeres;2022;12.544
35 Palmas, Las;80-84 años;TOTAL;Mujeres;2021;12.724
35 Palmas, Las;80-84 años;TOTAL;Mujeres;2020;12.557
35 Palmas, Las;80-84 años;TOTAL;Mujeres;2019;13.056
35 Palmas, Las;80-84 años;TOTAL;Mujeres;2018;13.502
35 Palmas, Las;85-89 años;TOTAL;Hombres;2022;5.789
35 Palmas, Las;85-89 años;TOTAL;Hombres;2021;5.576
35 Palmas, Las;85-89 años;TOTAL;Hombres;2020;5.332
35 Palmas, Las;85-89 años;TOTAL;Hombres;2019;5.070
35 Palmas, Las;85-89 años;TOTAL;Hombres;2018;4.743
35 Palmas, Las;85-89 años;TOTAL;Mujeres;2022;9.769
35 Palmas, Las;85-89 años;TOTAL;Mujeres;2021;9.422
35 Palmas, Las;85-89 años;TOTAL;Mujeres;2020;9.237
35 Palmas, Las;85-89 años;TOTAL;Mujeres;2019;8.843
35 Palmas, Las;85-89 años;TOTAL;Mujeres;2018;8.351
35 Palmas, Las;90-94 años;TOTAL;Hombres;2022;1.849
35 Palmas, Las;90-94 años;TOTAL;Hombres;2021;1.790
35 Palmas, Las;90-94 años;TOTAL;Hombres;2020;1.669
35 Palmas, Las;90-94 años;TOTAL;Hombres;2019;1.565
35 Palmas, Las;90-94 años;TOTAL;Hombres;2018;1.492
35 Palmas, Las;90-94 años;TOTAL;Mujeres;2022;4.114
35 Palmas, Las;90-94 años;TOTAL;Mujeres;2021;3.883
35 Palmas, Las;90-94 años;TOTAL;Mujeres;2020;3.576
35 Palmas, Las;90-94 años;TOTAL;Mujeres;2019;3.368
35 Palmas, Las;90-94 años;TOTAL;Mujeres;2018;3.162
35 Palmas, Las;95-99 años;TOTAL;Hombres;2022;376
35 Palmas, Las;95-99 años;TOTAL;Hombres;2021;357
35 Palmas, Las;95-99 años;TOTAL;Hombres;2020;355
35 Palmas, Las;95-99 años;TOTAL;Hombres;2019;313
35 Palmas, Las;95-99 años;TOTAL;Hombres;2018;292
35 Palmas, Las;95-99 años;TOTAL;Mujeres;2022;1.005
35 Palmas, Las;95-99 años;TOTAL;Mujeres;2021;974
35 Palmas, Las;95-99 años;TOTAL;Mujeres;2020;962
35 Palmas, Las;95-99 años;TOTAL;Mujeres;2019;867
35 Palmas, Las;95-99 años;TOTAL;Mujeres;2018;837
35 Palmas, Las;100 años y más;TOTAL;Hombres;2022;86
35 Palmas, Las;100 años y más;TOTAL;Hombres;2021;77
35 Palmas, Las;100 años y más;TOTAL;Hombres;2020;66
35 Palmas, Las;100 años y más;TOTAL;Hombres;2019;61
35 Palmas, Las;100 años y más;TOTAL;Hombres;2018;70
35 Palmas, Las;100 años y más;TOTAL;Mujeres;2022;222
35 Palmas, Las;100 años y más;TOTAL;Mujeres;2021;221
35 Palmas, Las;100 años y más;TOTAL;Mujeres;2020;199
35 Palmas, Las;100 años y más;TOTAL;Mujeres;2019;203
35 Palmas, Las;100 años y más;TOTAL;Mujeres;2018;195
36 Pontevedra;0-4 años;TOTAL;Hombres;2022;15.801
36 Pontevedra;0-4 años;TOTAL;Hombres;2021;16.578
36 Pontevedra;0-4 años;TOTAL;Hombres;2020;17.336
36 Pontevedra;0-4 años;TOTAL;Hombres;2019;18.048
36 Pontevedra;0-4 años;TOTAL;Hombres;2018;18.618
36 Pontevedra;0-4 años;TOTAL;Mujeres;2022;14.843
36 Pontevedra;0-4 años;TOTAL;Mujeres;2021;15.591
36 Pontevedra;0-4 años;TOTAL;Mujeres;2020;16.039
36 Pontevedra;0-4 años;TOTAL;Mujeres;2019;16.692
36 Pontevedra;0-4 años;TOTAL;Mujeres;2018;17.221
36 Pontevedra;5-9 años;TOTAL;Hombres;2022;19.901
36 Pontevedra;5-9 años;TOTAL;Hombres;2021;20.429
36 Pontevedra;5-9 años;TOTAL;Hombres;2020;21.070
36 Pontevedra;5-9 años;TOTAL;Hombres;2019;21.480
36 Pontevedra;5-9 años;TOTAL;Hombres;2018;22.211
36 Pontevedra;5-9 años;TOTAL;Mujeres;2022;18.509
36 Pontevedra;5-9 años;TOTAL;Mujeres;2021;18.956
36 Pontevedra;5-9 años;TOTAL;Mujeres;2020;19.490
36 Pontevedra;5-9 años;TOTAL;Mujeres;2019;19.969
36 Pontevedra;5-9 años;TOTAL;Mujeres;2018;20.721
36 Pontevedra;10-14 años;TOTAL;Hombres;2022;23.203
36 Pontevedra;10-14 años;TOTAL;Hombres;2021;23.261
36 Pontevedra;10-14 años;TOTAL;Hombres;2020;23.164
36 Pontevedra;10-14 años;TOTAL;Hombres;2019;22.854
36 Pontevedra;10-14 años;TOTAL;Hombres;2018;22.418
36 Pontevedra;10-14 años;TOTAL;Mujeres;2022;21.597
36 Pontevedra;10-14 años;TOTAL;Mujeres;2021;21.765
36 Pontevedra;10-14 años;TOTAL;Mujeres;2020;21.949
36 Pontevedra;10-14 años;TOTAL;Mujeres;2019;21.722
36 Pontevedra;10-14 años;TOTAL;Mujeres;2018;21.260
36 Pontevedra;15-19 años;TOTAL;Hombres;2022;22.556
36 Pontevedra;15-19 años;TOTAL;Hombres;2021;22.307
36 Pontevedra;15-19 años;TOTAL;Hombres;2020;22.121
36 Pontevedra;15-19 años;TOTAL;Hombres;2019;21.733
36 Pontevedra;15-19 años;TOTAL;Hombres;2018;21.142
36 Pontevedra;15-19 años;TOTAL;Mujeres;2022;21.415
36 Pontevedra;15-19 años;TOTAL;Mujeres;2021;21.018
36 Pontevedra;15-19 años;TOTAL;Mujeres;2020;20.703
36 Pontevedra;15-19 años;TOTAL;Mujeres;2019;20.143
36 Pontevedra;15-19 años;TOTAL;Mujeres;2018;19.679
36 Pontevedra;20-24 años;TOTAL;Hombres;2022;21.529
36 Pontevedra;20-24 años;TOTAL;Hombres;2021;21.165
36 Pontevedra;20-24 años;TOTAL;Hombres;2020;20.882
36 Pontevedra;20-24 años;TOTAL;Hombres;2019;20.574
36 Pontevedra;20-24 años;TOTAL;Hombres;2018;21.080
36 Pontevedra;20-24 años;TOTAL;Mujeres;2022;20.218
36 Pontevedra;20-24 años;TOTAL;Mujeres;2021;20.031
36 Pontevedra;20-24 años;TOTAL;Mujeres;2020;19.721
36 Pontevedra;20-24 años;TOTAL;Mujeres;2019;19.551
36 Pontevedra;20-24 años;TOTAL;Mujeres;2018;19.895
36 Pontevedra;25-29 años;TOTAL;Hombres;2022;22.046
36 Pontevedra;25-29 años;TOTAL;Hombres;2021;22.545
36 Pontevedra;25-29 años;TOTAL;Hombres;2020;22.928
36 Pontevedra;25-29 años;TOTAL;Hombres;2019;23.252
36 Pontevedra;25-29 años;TOTAL;Hombres;2018;23.552
36 Pontevedra;25-29 años;TOTAL;Mujeres;2022;21.089
36 Pontevedra;25-29 años;TOTAL;Mujeres;2021;21.476
36 Pontevedra;25-29 años;TOTAL;Mujeres;2020;22.072
36 Pontevedra;25-29 años;TOTAL;Mujeres;2019;22.533
36 Pontevedra;25-29 años;TOTAL;Mujeres;2018;22.839
36 Pontevedra;30-34 años;TOTAL;Hombres;2022;24.355
36 Pontevedra;30-34 años;TOTAL;Hombres;2021;24.740
36 Pontevedra;30-34 años;TOTAL;Hombres;2020;25.329
36 Pontevedra;30-34 años;TOTAL;Hombres;2019;26.140
36 Pontevedra;30-34 años;TOTAL;Hombres;2018;27.165
36 Pontevedra;30-34 años;TOTAL;Mujeres;2022;24.108
36 Pontevedra;30-34 años;TOTAL;Mujeres;2021;24.737
36 Pontevedra;30-34 años;TOTAL;Mujeres;2020;25.461
36 Pontevedra;30-34 años;TOTAL;Mujeres;2019;26.089
36 Pontevedra;30-34 años;TOTAL;Mujeres;2018;27.097
36 Pontevedra;35-39 años;TOTAL;Hombres;2022;29.161
36 Pontevedra;35-39 años;TOTAL;Hombres;2021;31.006
36 Pontevedra;35-39 años;TOTAL;Hombres;2020;32.916
36 Pontevedra;35-39 años;TOTAL;Hombres;2019;34.809
36 Pontevedra;35-39 años;TOTAL;Hombres;2018;36.778
36 Pontevedra;35-39 años;TOTAL;Mujeres;2022;29.485
36 Pontevedra;35-39 años;TOTAL;Mujeres;2021;31.071
36 Pontevedra;35-39 años;TOTAL;Mujeres;2020;32.913
36 Pontevedra;35-39 años;TOTAL;Mujeres;2019;34.809
36 Pontevedra;35-39 años;TOTAL;Mujeres;2018;36.854
36 Pontevedra;40-44 años;TOTAL;Hombres;2022;39.144
36 Pontevedra;40-44 años;TOTAL;Hombres;2021;40.571
36 Pontevedra;40-44 años;TOTAL;Hombres;2020;41.491
36 Pontevedra;40-44 años;TOTAL;Hombres;2019;42.035
36 Pontevedra;40-44 años;TOTAL;Hombres;2018;41.733
36 Pontevedra;40-44 años;TOTAL;Mujeres;2022;39.586
36 Pontevedra;40-44 años;TOTAL;Mujeres;2021;41.147
36 Pontevedra;40-44 años;TOTAL;Mujeres;2020;42.079
36 Pontevedra;40-44 años;TOTAL;Mujeres;2019;42.030
36 Pontevedra;40-44 años;TOTAL;Mujeres;2018;41.508
36 Pontevedra;45-49 años;TOTAL;Hombres;2022;41.501
36 Pontevedra;45-49 años;TOTAL;Hombres;2021;40.662
36 Pontevedra;45-49 años;TOTAL;Hombres;2020;39.832
36 Pontevedra;45-49 años;TOTAL;Hombres;2019;38.847
36 Pontevedra;45-49 años;TOTAL;Hombres;2018;38.436
36 Pontevedra;45-49 años;TOTAL;Mujeres;2022;41.749
36 Pontevedra;45-49 años;TOTAL;Mujeres;2021;40.774
36 Pontevedra;45-49 años;TOTAL;Mujeres;2020;39.915
36 Pontevedra;45-49 años;TOTAL;Mujeres;2019;39.246
36 Pontevedra;45-49 años;TOTAL;Mujeres;2018;38.791
36 Pontevedra;50-54 años;TOTAL;Hombres;2022;37.830
36 Pontevedra;50-54 años;TOTAL;Hombres;2021;37.365
36 Pontevedra;50-54 años;TOTAL;Hombres;2020;36.610
36 Pontevedra;50-54 años;TOTAL;Hombres;2019;35.697
36 Pontevedra;50-54 años;TOTAL;Hombres;2018;34.544
36 Pontevedra;50-54 años;TOTAL;Mujeres;2022;38.611
36 Pontevedra;50-54 años;TOTAL;Mujeres;2021;37.913
36 Pontevedra;50-54 años;TOTAL;Mujeres;2020;37.296
36 Pontevedra;50-54 años;TOTAL;Mujeres;2019;36.471
36 Pontevedra;50-54 años;TOTAL;Mujeres;2018;35.589
36 Pontevedra;55-59 años;TOTAL;Hombres;2022;33.169
36 Pontevedra;55-59 años;TOTAL;Hombres;2021;32.468
36 Pontevedra;55-59 años;TOTAL;Hombres;2020;32.205
36 Pontevedra;55-59 años;TOTAL;Hombres;2019;31.825
36 Pontevedra;55-59 años;TOTAL;Hombres;2018;31.606
36 Pontevedra;55-59 años;TOTAL;Mujeres;2022;35.002
36 Pontevedra;55-59 años;TOTAL;Mujeres;2021;34.654
36 Pontevedra;55-59 años;TOTAL;Mujeres;2020;34.445
36 Pontevedra;55-59 años;TOTAL;Mujeres;2019;34.015
36 Pontevedra;55-59 años;TOTAL;Mujeres;2018;33.838
36 Pontevedra;60-64 años;TOTAL;Hombres;2022;30.493
36 Pontevedra;60-64 años;TOTAL;Hombres;2021;30.022
36 Pontevedra;60-64 años;TOTAL;Hombres;2020;29.277
36 Pontevedra;60-64 años;TOTAL;Hombres;2019;28.382
36 Pontevedra;60-64 años;TOTAL;Hombres;2018;27.821
36 Pontevedra;60-64 años;TOTAL;Mujeres;2022;33.529
36 Pontevedra;60-64 años;TOTAL;Mujeres;2021;33.198
36 Pontevedra;60-64 años;TOTAL;Mujeres;2020;32.472
36 Pontevedra;60-64 años;TOTAL;Mujeres;2019;31.847
36 Pontevedra;60-64 años;TOTAL;Mujeres;2018;31.071
36 Pontevedra;65-69 años;TOTAL;Hombres;2022;26.494
36 Pontevedra;65-69 años;TOTAL;Hombres;2021;25.842
36 Pontevedra;65-69 años;TOTAL;Hombres;2020;25.559
36 Pontevedra;65-69 años;TOTAL;Hombres;2019;25.818
36 Pontevedra;65-69 años;TOTAL;Hombres;2018;26.122
36 Pontevedra;65-69 años;TOTAL;Mujeres;2022;30.415
36 Pontevedra;65-69 años;TOTAL;Mujeres;2021;29.465
36 Pontevedra;65-69 años;TOTAL;Mujeres;2020;28.929
36 Pontevedra;65-69 años;TOTAL;Mujeres;2019;28.859
36 Pontevedra;65-69 años;TOTAL;Mujeres;2018;29.068
36 Pontevedra;70-74 años;TOTAL;Hombres;2022;23.693
36 Pontevedra;70-74 años;TOTAL;Hombres;2021;23.931
36 Pontevedra;70-74 años;TOTAL;Hombres;2020;24.215
36 Pontevedra;70-74 años;TOTAL;Hombres;2019;23.741
36 Pontevedra;70-74 años;TOTAL;Hombres;2018;22.775
36 Pontevedra;70-74 años;TOTAL;Mujeres;2022;27.848
36 Pontevedra;70-74 años;TOTAL;Mujeres;2021;28.177
36 Pontevedra;70-74 años;TOTAL;Mujeres;2020;28.493
36 Pontevedra;70-74 años;TOTAL;Mujeres;2019;27.982
36 Pontevedra;70-74 años;TOTAL;Mujeres;2018;27.071
36 Pontevedra;75-79 años;TOTAL;Hombres;2022;19.538
36 Pontevedra;75-79 años;TOTAL;Hombres;2021;18.625
36 Pontevedra;75-79 años;TOTAL;Hombres;2020;17.762
36 Pontevedra;75-79 años;TOTAL;Hombres;2019;16.195
36 Pontevedra;75-79 años;TOTAL;Hombres;2018;14.975
36 Pontevedra;75-79 años;TOTAL;Mujeres;2022;24.962
36 Pontevedra;75-79 años;TOTAL;Mujeres;2021;23.649
36 Pontevedra;75-79 años;TOTAL;Mujeres;2020;22.736
36 Pontevedra;75-79 años;TOTAL;Mujeres;2019;21.016
36 Pontevedra;75-79 años;TOTAL;Mujeres;2018;19.853
36 Pontevedra;80-84 años;TOTAL;Hombres;2022;11.780
36 Pontevedra;80-84 años;TOTAL;Hombres;2021;11.905
36 Pontevedra;80-84 años;TOTAL;Hombres;2020;11.853
36 Pontevedra;80-84 años;TOTAL;Hombres;2019;12.550
36 Pontevedra;80-84 años;TOTAL;Hombres;2018;13.178
36 Pontevedra;80-84 años;TOTAL;Mujeres;2022;17.685
36 Pontevedra;80-84 años;TOTAL;Mujeres;2021;18.306
36 Pontevedra;80-84 años;TOTAL;Mujeres;2020;18.485
36 Pontevedra;80-84 años;TOTAL;Mujeres;2019;19.811
36 Pontevedra;80-84 años;TOTAL;Mujeres;2018;20.829
36 Pontevedra;85-89 años;TOTAL;Hombres;2022;8.758
36 Pontevedra;85-89 años;TOTAL;Hombres;2021;8.532
36 Pontevedra;85-89 años;TOTAL;Hombres;2020;8.234
36 Pontevedra;85-89 años;TOTAL;Hombres;2019;7.870
36 Pontevedra;85-89 años;TOTAL;Hombres;2018;7.512
36 Pontevedra;85-89 años;TOTAL;Mujeres;2022;16.459
36 Pontevedra;85-89 años;TOTAL;Mujeres;2021;16.109
36 Pontevedra;85-89 años;TOTAL;Mujeres;2020;15.852
36 Pontevedra;85-89 años;TOTAL;Mujeres;2019;15.259
36 Pontevedra;85-89 años;TOTAL;Mujeres;2018;14.760
36 Pontevedra;90-94 años;TOTAL;Hombres;2022;3.253
36 Pontevedra;90-94 años;TOTAL;Hombres;2021;3.119
36 Pontevedra;90-94 años;TOTAL;Hombres;2020;2.870
36 Pontevedra;90-94 años;TOTAL;Hombres;2019;2.678
36 Pontevedra;90-94 años;TOTAL;Hombres;2018;2.536
36 Pontevedra;90-94 años;TOTAL;Mujeres;2022;8.024
36 Pontevedra;90-94 años;TOTAL;Mujeres;2021;7.658
36 Pontevedra;90-94 años;TOTAL;Mujeres;2020;7.317
36 Pontevedra;90-94 años;TOTAL;Mujeres;2019;6.892
36 Pontevedra;90-94 años;TOTAL;Mujeres;2018;6.620
36 Pontevedra;95-99 años;TOTAL;Hombres;2022;683
36 Pontevedra;95-99 años;TOTAL;Hombres;2021;666
36 Pontevedra;95-99 años;TOTAL;Hombres;2020;646
36 Pontevedra;95-99 años;TOTAL;Hombres;2019;611
36 Pontevedra;95-99 años;TOTAL;Hombres;2018;552
36 Pontevedra;95-99 años;TOTAL;Mujeres;2022;2.300
36 Pontevedra;95-99 años;TOTAL;Mujeres;2021;2.198
36 Pontevedra;95-99 años;TOTAL;Mujeres;2020;2.118
36 Pontevedra;95-99 años;TOTAL;Mujeres;2019;2.019
36 Pontevedra;95-99 años;TOTAL;Mujeres;2018;1.890
36 Pontevedra;100 años y más;TOTAL;Hombres;2022;194
36 Pontevedra;100 años y más;TOTAL;Hombres;2021;171
36 Pontevedra;100 años y más;TOTAL;Hombres;2020;152
36 Pontevedra;100 años y más;TOTAL;Hombres;2019;147
36 Pontevedra;100 años y más;TOTAL;Hombres;2018;145
36 Pontevedra;100 años y más;TOTAL;Mujeres;2022;499
36 Pontevedra;100 años y más;TOTAL;Mujeres;2021;472
36 Pontevedra;100 años y más;TOTAL;Mujeres;2020;471
36 Pontevedra;100 años y más;TOTAL;Mujeres;2019;424
36 Pontevedra;100 años y más;TOTAL;Mujeres;2018;419
26 Rioja, La;0-4 años;TOTAL;Hombres;2022;6.262
26 Rioja, La;0-4 años;TOTAL;Hombres;2021;6.604
26 Rioja, La;0-4 años;TOTAL;Hombres;2020;6.898
26 Rioja, La;0-4 años;TOTAL;Hombres;2019;7.050
26 Rioja, La;0-4 años;TOTAL;Hombres;2018;7.235
26 Rioja, La;0-4 años;TOTAL;Mujeres;2022;6.013
26 Rioja, La;0-4 años;TOTAL;Mujeres;2021;6.236
26 Rioja, La;0-4 años;TOTAL;Mujeres;2020;6.405
26 Rioja, La;0-4 años;TOTAL;Mujeres;2019;6.539
26 Rioja, La;0-4 años;TOTAL;Mujeres;2018;6.756
26 Rioja, La;5-9 años;TOTAL;Hombres;2022;7.849
26 Rioja, La;5-9 años;TOTAL;Hombres;2021;7.973
26 Rioja, La;5-9 años;TOTAL;Hombres;2020;8.117
26 Rioja, La;5-9 años;TOTAL;Hombres;2019;8.186
26 Rioja, La;5-9 años;TOTAL;Hombres;2018;8.379
26 Rioja, La;5-9 años;TOTAL;Mujeres;2022;7.384
26 Rioja, La;5-9 años;TOTAL;Mujeres;2021;7.513
26 Rioja, La;5-9 años;TOTAL;Mujeres;2020;7.719
26 Rioja, La;5-9 años;TOTAL;Mujeres;2019;7.704
26 Rioja, La;5-9 años;TOTAL;Mujeres;2018;7.894
26 Rioja, La;10-14 años;TOTAL;Hombres;2022;8.804
26 Rioja, La;10-14 años;TOTAL;Hombres;2021;8.703
26 Rioja, La;10-14 años;TOTAL;Hombres;2020;8.563
26 Rioja, La;10-14 años;TOTAL;Hombres;2019;8.441
26 Rioja, La;10-14 años;TOTAL;Hombres;2018;8.184
26 Rioja, La;10-14 años;TOTAL;Mujeres;2022;8.191
26 Rioja, La;10-14 años;TOTAL;Mujeres;2021;8.135
26 Rioja, La;10-14 años;TOTAL;Mujeres;2020;8.094
26 Rioja, La;10-14 años;TOTAL;Mujeres;2019;8.016
26 Rioja, La;10-14 años;TOTAL;Mujeres;2018;7.898
26 Rioja, La;15-19 años;TOTAL;Hombres;2022;8.380
26 Rioja, La;15-19 años;TOTAL;Hombres;2021;8.152
26 Rioja, La;15-19 años;TOTAL;Hombres;2020;8.036
26 Rioja, La;15-19 años;TOTAL;Hombres;2019;7.765
26 Rioja, La;15-19 años;TOTAL;Hombres;2018;7.518
26 Rioja, La;15-19 años;TOTAL;Mujeres;2022;7.989
26 Rioja, La;15-19 años;TOTAL;Mujeres;2021;7.822
26 Rioja, La;15-19 años;TOTAL;Mujeres;2020;7.644
26 Rioja, La;15-19 años;TOTAL;Mujeres;2019;7.386
26 Rioja, La;15-19 años;TOTAL;Mujeres;2018;7.135
26 Rioja, La;20-24 años;TOTAL;Hombres;2022;7.944
26 Rioja, La;20-24 años;TOTAL;Hombres;2021;7.803
26 Rioja, La;20-24 años;TOTAL;Hombres;2020;7.618
26 Rioja, La;20-24 años;TOTAL;Hombres;2019;7.362
26 Rioja, La;20-24 años;TOTAL;Hombres;2018;7.205
26 Rioja, La;20-24 años;TOTAL;Mujeres;2022;7.583
26 Rioja, La;20-24 años;TOTAL;Mujeres;2021;7.557
26 Rioja, La;20-24 años;TOTAL;Mujeres;2020;7.488
26 Rioja, La;20-24 años;TOTAL;Mujeres;2019;7.362
26 Rioja, La;20-24 años;TOTAL;Mujeres;2018;7.197
26 Rioja, La;25-29 años;TOTAL;Hombres;2022;7.550
26 Rioja, La;25-29 años;TOTAL;Hombres;2021;7.614
26 Rioja, La;25-29 años;TOTAL;Hombres;2020;7.707
26 Rioja, La;25-29 años;TOTAL;Hombres;2019;7.709
26 Rioja, La;25-29 años;TOTAL;Hombres;2018;7.789
26 Rioja, La;25-29 años;TOTAL;Mujeres;2022;7.474
26 Rioja, La;25-29 años;TOTAL;Mujeres;2021;7.521
26 Rioja, La;25-29 años;TOTAL;Mujeres;2020;7.645
26 Rioja, La;25-29 años;TOTAL;Mujeres;2019;7.650
26 Rioja, La;25-29 años;TOTAL;Mujeres;2018;7.818
26 Rioja, La;30-34 años;TOTAL;Hombres;2022;8.373
26 Rioja, La;30-34 años;TOTAL;Hombres;2021;8.551
26 Rioja, La;30-34 años;TOTAL;Hombres;2020;8.660
26 Rioja, La;30-34 años;TOTAL;Hombres;2019;8.755
26 Rioja, La;30-34 años;TOTAL;Hombres;2018;8.976
26 Rioja, La;30-34 años;TOTAL;Mujeres;2022;8.489
26 Rioja, La;30-34 años;TOTAL;Mujeres;2021;8.685
26 Rioja, La;30-34 años;TOTAL;Mujeres;2020;8.900
26 Rioja, La;30-34 años;TOTAL;Mujeres;2019;8.882
26 Rioja, La;30-34 años;TOTAL;Mujeres;2018;9.095
26 Rioja, La;35-39 años;TOTAL;Hombres;2022;10.045
26 Rioja, La;35-39 años;TOTAL;Hombres;2021;10.531
26 Rioja, La;35-39 años;TOTAL;Hombres;2020;11.066
26 Rioja, La;35-39 años;TOTAL;Hombres;2019;11.371
26 Rioja, La;35-39 años;TOTAL;Hombres;2018;12.080
26 Rioja, La;35-39 años;TOTAL;Mujeres;2022;9.985
26 Rioja, La;35-39 años;TOTAL;Mujeres;2021;10.317
26 Rioja, La;35-39 años;TOTAL;Mujeres;2020;10.693
26 Rioja, La;35-39 años;TOTAL;Mujeres;2019;11.167
26 Rioja, La;35-39 años;TOTAL;Mujeres;2018;11.648
26 Rioja, La;40-44 años;TOTAL;Hombres;2022;12.940
26 Rioja, La;40-44 años;TOTAL;Hombres;2021;13.392
26 Rioja, La;40-44 años;TOTAL;Hombres;2020;13.778
26 Rioja, La;40-44 años;TOTAL;Hombres;2019;13.768
26 Rioja, La;40-44 años;TOTAL;Hombres;2018;13.702
26 Rioja, La;40-44 años;TOTAL;Mujeres;2022;12.648
26 Rioja, La;40-44 años;TOTAL;Mujeres;2021;13.088
26 Rioja, La;40-44 años;TOTAL;Mujeres;2020;13.295
26 Rioja, La;40-44 años;TOTAL;Mujeres;2019;13.198
26 Rioja, La;40-44 años;TOTAL;Mujeres;2018;13.005
26 Rioja, La;45-49 años;TOTAL;Hombres;2022;13.818
26 Rioja, La;45-49 años;TOTAL;Hombres;2021;13.593
26 Rioja, La;45-49 años;TOTAL;Hombres;2020;13.336
26 Rioja, La;45-49 años;TOTAL;Hombres;2019;13.044
26 Rioja, La;45-49 años;TOTAL;Hombres;2018;12.854
26 Rioja, La;45-49 años;TOTAL;Mujeres;2022;13.067
26 Rioja, La;45-49 años;TOTAL;Mujeres;2021;12.795
26 Rioja, La;45-49 años;TOTAL;Mujeres;2020;12.538
26 Rioja, La;45-49 años;TOTAL;Mujeres;2019;12.308
26 Rioja, La;45-49 años;TOTAL;Mujeres;2018;12.178
26 Rioja, La;50-54 años;TOTAL;Hombres;2022;12.595
26 Rioja, La;50-54 años;TOTAL;Hombres;2021;12.437
26 Rioja, La;50-54 años;TOTAL;Hombres;2020;12.234
26 Rioja, La;50-54 años;TOTAL;Hombres;2019;11.995
26 Rioja, La;50-54 años;TOTAL;Hombres;2018;11.939
26 Rioja, La;50-54 años;TOTAL;Mujeres;2022;12.336
26 Rioja, La;50-54 años;TOTAL;Mujeres;2021;12.229
26 Rioja, La;50-54 años;TOTAL;Mujeres;2020;12.229
26 Rioja, La;50-54 años;TOTAL;Mujeres;2019;12.127
26 Rioja, La;50-54 años;TOTAL;Mujeres;2018;11.987
26 Rioja, La;55-59 años;TOTAL;Hombres;2022;11.695
26 Rioja, La;55-59 años;TOTAL;Hombres;2021;11.653
26 Rioja, La;55-59 años;TOTAL;Hombres;2020;11.646
26 Rioja, La;55-59 años;TOTAL;Hombres;2019;11.507
26 Rioja, La;55-59 años;TOTAL;Hombres;2018;11.274
26 Rioja, La;55-59 años;TOTAL;Mujeres;2022;11.716
26 Rioja, La;55-59 años;TOTAL;Mujeres;2021;11.675
26 Rioja, La;55-59 años;TOTAL;Mujeres;2020;11.555
26 Rioja, La;55-59 años;TOTAL;Mujeres;2019;11.432
26 Rioja, La;55-59 años;TOTAL;Mujeres;2018;11.267
26 Rioja, La;60-64 años;TOTAL;Hombres;2022;10.889
26 Rioja, La;60-64 años;TOTAL;Hombres;2021;10.642
26 Rioja, La;60-64 años;TOTAL;Hombres;2020;10.250
26 Rioja, La;60-64 años;TOTAL;Hombres;2019;9.839
26 Rioja, La;60-64 años;TOTAL;Hombres;2018;9.666
26 Rioja, La;60-64 años;TOTAL;Mujeres;2022;11.022
26 Rioja, La;60-64 años;TOTAL;Mujeres;2021;10.739
26 Rioja, La;60-64 años;TOTAL;Mujeres;2020;10.479
26 Rioja, La;60-64 años;TOTAL;Mujeres;2019;9.986
26 Rioja, La;60-64 años;TOTAL;Mujeres;2018;9.611
26 Rioja, La;65-69 años;TOTAL;Hombres;2022;8.821
26 Rioja, La;65-69 años;TOTAL;Hombres;2021;8.554
26 Rioja, La;65-69 años;TOTAL;Hombres;2020;8.460
26 Rioja, La;65-69 años;TOTAL;Hombres;2019;8.308
26 Rioja, La;65-69 años;TOTAL;Hombres;2018;8.257
26 Rioja, La;65-69 años;TOTAL;Mujeres;2022;9.113
26 Rioja, La;65-69 años;TOTAL;Mujeres;2021;8.831
26 Rioja, La;65-69 años;TOTAL;Mujeres;2020;8.529
26 Rioja, La;65-69 años;TOTAL;Mujeres;2019;8.396
26 Rioja, La;65-69 años;TOTAL;Mujeres;2018;8.338
26 Rioja, La;70-74 años;TOTAL;Hombres;2022;7.546
26 Rioja, La;70-74 años;TOTAL;Hombres;2021;7.465
26 Rioja, La;70-74 años;TOTAL;Hombres;2020;7.360
26 Rioja, La;70-74 años;TOTAL;Hombres;2019;7.219
26 Rioja, La;70-74 años;TOTAL;Hombres;2018;7.055
26 Rioja, La;70-74 años;TOTAL;Mujeres;2022;8.059
26 Rioja, La;70-74 años;TOTAL;Mujeres;2021;7.973
26 Rioja, La;70-74 años;TOTAL;Mujeres;2020;8.105
26 Rioja, La;70-74 años;TOTAL;Mujeres;2019;7.922
26 Rioja, La;70-74 años;TOTAL;Mujeres;2018;7.808
26 Rioja, La;75-79 años;TOTAL;Hombres;2022;6.067
26 Rioja, La;75-79 años;TOTAL;Hombres;2021;5.879
26 Rioja, La;75-79 años;TOTAL;Hombres;2020;5.867
26 Rioja, La;75-79 años;TOTAL;Hombres;2019;5.406
26 Rioja, La;75-79 años;TOTAL;Hombres;2018;4.994
26 Rioja, La;75-79 años;TOTAL;Mujeres;2022;7.104
26 Rioja, La;75-79 años;TOTAL;Mujeres;2021;6.904
26 Rioja, La;75-79 años;TOTAL;Mujeres;2020;6.793
26 Rioja, La;75-79 años;TOTAL;Mujeres;2019;6.343
26 Rioja, La;75-79 años;TOTAL;Mujeres;2018;5.866
26 Rioja, La;80-84 años;TOTAL;Hombres;2022;3.764
26 Rioja, La;80-84 años;TOTAL;Hombres;2021;3.816
26 Rioja, La;80-84 años;TOTAL;Hombres;2020;3.729
26 Rioja, La;80-84 años;TOTAL;Hombres;2019;4.097
26 Rioja, La;80-84 años;TOTAL;Hombres;2018;4.374
26 Rioja, La;80-84 años;TOTAL;Mujeres;2022;5.216
26 Rioja, La;80-84 años;TOTAL;Mujeres;2021;5.388
26 Rioja, La;80-84 años;TOTAL;Mujeres;2020;5.393
26 Rioja, La;80-84 años;TOTAL;Mujeres;2019;5.813
26 Rioja, La;80-84 años;TOTAL;Mujeres;2018;6.244
26 Rioja, La;85-89 años;TOTAL;Hombres;2022;2.933
26 Rioja, La;85-89 años;TOTAL;Hombres;2021;2.930
26 Rioja, La;85-89 años;TOTAL;Hombres;2020;3.051
26 Rioja, La;85-89 años;TOTAL;Hombres;2019;2.950
26 Rioja, La;85-89 años;TOTAL;Hombres;2018;2.909
26 Rioja, La;85-89 años;TOTAL;Mujeres;2022;5.079
26 Rioja, La;85-89 años;TOTAL;Mujeres;2021;4.996
26 Rioja, La;85-89 años;TOTAL;Mujeres;2020;5.110
26 Rioja, La;85-89 años;TOTAL;Mujeres;2019;4.993
26 Rioja, La;85-89 años;TOTAL;Mujeres;2018;4.878
26 Rioja, La;90-94 años;TOTAL;Hombres;2022;1.265
26 Rioja, La;90-94 años;TOTAL;Hombres;2021;1.242
26 Rioja, La;90-94 años;TOTAL;Hombres;2020;1.168
26 Rioja, La;90-94 años;TOTAL;Hombres;2019;1.134
26 Rioja, La;90-94 años;TOTAL;Hombres;2018;1.118
26 Rioja, La;90-94 años;TOTAL;Mujeres;2022;2.650
26 Rioja, La;90-94 años;TOTAL;Mujeres;2021;2.647
26 Rioja, La;90-94 años;TOTAL;Mujeres;2020;2.539
26 Rioja, La;90-94 años;TOTAL;Mujeres;2019;2.547
26 Rioja, La;90-94 años;TOTAL;Mujeres;2018;2.480
26 Rioja, La;95-99 años;TOTAL;Hombres;2022;280
26 Rioja, La;95-99 años;TOTAL;Hombres;2021;261
26 Rioja, La;95-99 años;TOTAL;Hombres;2020;264
26 Rioja, La;95-99 años;TOTAL;Hombres;2019;256
26 Rioja, La;95-99 años;TOTAL;Hombres;2018;231
26 Rioja, La;95-99 años;TOTAL;Mujeres;2022;811
26 Rioja, La;95-99 años;TOTAL;Mujeres;2021;821
26 Rioja, La;95-99 años;TOTAL;Mujeres;2020;820
26 Rioja, La;95-99 años;TOTAL;Mujeres;2019;760
26 Rioja, La;95-99 años;TOTAL;Mujeres;2018;731
26 Rioja, La;100 años y más;TOTAL;Hombres;2022;31
26 Rioja, La;100 años y más;TOTAL;Hombres;2021;28
26 Rioja, La;100 años y más;TOTAL;Hombres;2020;27
26 Rioja, La;100 años y más;TOTAL;Hombres;2019;17
26 Rioja, La;100 años y más;TOTAL;Hombres;2018;19
26 Rioja, La;100 años y más;TOTAL;Mujeres;2022;112
26 Rioja, La;100 años y más;TOTAL;Mujeres;2021;101
26 Rioja, La;100 años y más;TOTAL;Mujeres;2020;106
26 Rioja, La;100 años y más;TOTAL;Mujeres;2019;88
26 Rioja, La;100 años y más;TOTAL;Mujeres;2018;83
37 Salamanca;0-4 años;TOTAL;Hombres;2022;4.860
37 Salamanca;0-4 años;TOTAL;Hombres;2021;5.133
37 Salamanca;0-4 años;TOTAL;Hombres;2020;5.358
37 Salamanca;0-4 años;TOTAL;Hombres;2019;5.519
37 Salamanca;0-4 años;TOTAL;Hombres;2018;5.596
37 Salamanca;0-4 años;TOTAL;Mujeres;2022;4.642
37 Salamanca;0-4 años;TOTAL;Mujeres;2021;4.886
37 Salamanca;0-4 años;TOTAL;Mujeres;2020;5.144
37 Salamanca;0-4 años;TOTAL;Mujeres;2019;5.225
37 Salamanca;0-4 años;TOTAL;Mujeres;2018;5.330
37 Salamanca;5-9 años;TOTAL;Hombres;2022;6.158
37 Salamanca;5-9 años;TOTAL;Hombres;2021;6.304
37 Salamanca;5-9 años;TOTAL;Hombres;2020;6.393
37 Salamanca;5-9 años;TOTAL;Hombres;2019;6.512
37 Salamanca;5-9 años;TOTAL;Hombres;2018;6.882
37 Salamanca;5-9 años;TOTAL;Mujeres;2022;5.888
37 Salamanca;5-9 años;TOTAL;Mujeres;2021;6.038
37 Salamanca;5-9 años;TOTAL;Mujeres;2020;6.081
37 Salamanca;5-9 años;TOTAL;Mujeres;2019;6.223
37 Salamanca;5-9 años;TOTAL;Mujeres;2018;6.438
37 Salamanca;10-14 años;TOTAL;Hombres;2022;7.245
37 Salamanca;10-14 años;TOTAL;Hombres;2021;7.266
37 Salamanca;10-14 años;TOTAL;Hombres;2020;7.329
37 Salamanca;10-14 años;TOTAL;Hombres;2019;7.365
37 Salamanca;10-14 años;TOTAL;Hombres;2018;7.241
37 Salamanca;10-14 años;TOTAL;Mujeres;2022;6.735
37 Salamanca;10-14 años;TOTAL;Mujeres;2021;6.762
37 Salamanca;10-14 años;TOTAL;Mujeres;2020;6.804
37 Salamanca;10-14 años;TOTAL;Mujeres;2019;6.935
37 Salamanca;10-14 años;TOTAL;Mujeres;2018;6.858
37 Salamanca;15-19 años;TOTAL;Hombres;2022;7.383
37 Salamanca;15-19 años;TOTAL;Hombres;2021;7.272
37 Salamanca;15-19 años;TOTAL;Hombres;2020;7.223
37 Salamanca;15-19 años;TOTAL;Hombres;2019;7.156
37 Salamanca;15-19 años;TOTAL;Hombres;2018;7.047
37 Salamanca;15-19 años;TOTAL;Mujeres;2022;7.044
37 Salamanca;15-19 años;TOTAL;Mujeres;2021;6.997
37 Salamanca;15-19 años;TOTAL;Mujeres;2020;6.802
37 Salamanca;15-19 años;TOTAL;Mujeres;2019;6.605
37 Salamanca;15-19 años;TOTAL;Mujeres;2018;6.569
37 Salamanca;20-24 años;TOTAL;Hombres;2022;7.628
37 Salamanca;20-24 años;TOTAL;Hombres;2021;7.522
37 Salamanca;20-24 años;TOTAL;Hombres;2020;7.343
37 Salamanca;20-24 años;TOTAL;Hombres;2019;7.308
37 Salamanca;20-24 años;TOTAL;Hombres;2018;7.360
37 Salamanca;20-24 años;TOTAL;Mujeres;2022;7.265
37 Salamanca;20-24 años;TOTAL;Mujeres;2021;7.232
37 Salamanca;20-24 años;TOTAL;Mujeres;2020;7.192
37 Salamanca;20-24 años;TOTAL;Mujeres;2019;7.206
37 Salamanca;20-24 años;TOTAL;Mujeres;2018;7.316
37 Salamanca;25-29 años;TOTAL;Hombres;2022;7.568
37 Salamanca;25-29 años;TOTAL;Hombres;2021;7.709
37 Salamanca;25-29 años;TOTAL;Hombres;2020;7.814
37 Salamanca;25-29 años;TOTAL;Hombres;2019;7.921
37 Salamanca;25-29 años;TOTAL;Hombres;2018;8.124
37 Salamanca;25-29 años;TOTAL;Mujeres;2022;7.388
37 Salamanca;25-29 años;TOTAL;Mujeres;2021;7.670
37 Salamanca;25-29 años;TOTAL;Mujeres;2020;7.714
37 Salamanca;25-29 años;TOTAL;Mujeres;2019;7.861
37 Salamanca;25-29 años;TOTAL;Mujeres;2018;7.802
37 Salamanca;30-34 años;TOTAL;Hombres;2022;8.012
37 Salamanca;30-34 años;TOTAL;Hombres;2021;8.240
37 Salamanca;30-34 años;TOTAL;Hombres;2020;8.518
37 Salamanca;30-34 años;TOTAL;Hombres;2019;8.717
37 Salamanca;30-34 años;TOTAL;Hombres;2018;8.970
37 Salamanca;30-34 años;TOTAL;Mujeres;2022;7.851
37 Salamanca;30-34 años;TOTAL;Mujeres;2021;7.998
37 Salamanca;30-34 años;TOTAL;Mujeres;2020;8.104
37 Salamanca;30-34 años;TOTAL;Mujeres;2019;8.356
37 Salamanca;30-34 años;TOTAL;Mujeres;2018;8.636
37 Salamanca;35-39 años;TOTAL;Hombres;2022;9.242
37 Salamanca;35-39 años;TOTAL;Hombres;2021;9.562
37 Salamanca;35-39 años;TOTAL;Hombres;2020;9.879
37 Salamanca;35-39 años;TOTAL;Hombres;2019;10.225
37 Salamanca;35-39 años;TOTAL;Hombres;2018;10.680
37 Salamanca;35-39 años;TOTAL;Mujeres;2022;8.991
37 Salamanca;35-39 años;TOTAL;Mujeres;2021;9.421
37 Salamanca;35-39 años;TOTAL;Mujeres;2020;9.794
37 Salamanca;35-39 años;TOTAL;Mujeres;2019;10.145
37 Salamanca;35-39 años;TOTAL;Mujeres;2018;10.550
37 Salamanca;40-44 años;TOTAL;Hombres;2022;10.954
37 Salamanca;40-44 años;TOTAL;Hombres;2021;11.272
37 Salamanca;40-44 años;TOTAL;Hombres;2020;11.405
37 Salamanca;40-44 años;TOTAL;Hombres;2019;11.656
37 Salamanca;40-44 años;TOTAL;Hombres;2018;11.788
37 Salamanca;40-44 años;TOTAL;Mujeres;2022;10.951
37 Salamanca;40-44 años;TOTAL;Mujeres;2021;11.194
37 Salamanca;40-44 años;TOTAL;Mujeres;2020;11.324
37 Salamanca;40-44 años;TOTAL;Mujeres;2019;11.475
37 Salamanca;40-44 años;TOTAL;Mujeres;2018;11.689
37 Salamanca;45-49 años;TOTAL;Hombres;2022;11.854
37 Salamanca;45-49 años;TOTAL;Hombres;2021;11.971
37 Salamanca;45-49 años;TOTAL;Hombres;2020;12.134
37 Salamanca;45-49 años;TOTAL;Hombres;2019;12.335
37 Salamanca;45-49 años;TOTAL;Hombres;2018;12.508
37 Salamanca;45-49 años;TOTAL;Mujeres;2022;12.057
37 Salamanca;45-49 años;TOTAL;Mujeres;2021;12.217
37 Salamanca;45-49 años;TOTAL;Mujeres;2020;12.503
37 Salamanca;45-49 años;TOTAL;Mujeres;2019;12.623
37 Salamanca;45-49 años;TOTAL;Mujeres;2018;12.776
37 Salamanca;50-54 años;TOTAL;Hombres;2022;12.633
37 Salamanca;50-54 años;TOTAL;Hombres;2021;12.688
37 Salamanca;50-54 años;TOTAL;Hombres;2020;12.883
37 Salamanca;50-54 años;TOTAL;Hombres;2019;13.040
37 Salamanca;50-54 años;TOTAL;Hombres;2018;13.170
37 Salamanca;50-54 años;TOTAL;Mujeres;2022;13.143
37 Salamanca;50-54 años;TOTAL;Mujeres;2021;13.191
37 Salamanca;50-54 años;TOTAL;Mujeres;2020;13.285
37 Salamanca;50-54 años;TOTAL;Mujeres;2019;13.415
37 Salamanca;50-54 años;TOTAL;Mujeres;2018;13.458
37 Salamanca;55-59 años;TOTAL;Hombres;2022;13.115
37 Salamanca;55-59 años;TOTAL;Hombres;2021;13.213
37 Salamanca;55-59 años;TOTAL;Hombres;2020;13.123
37 Salamanca;55-59 años;TOTAL;Hombres;2019;12.969
37 Salamanca;55-59 años;TOTAL;Hombres;2018;12.833
37 Salamanca;55-59 años;TOTAL;Mujeres;2022;13.444
37 Salamanca;55-59 años;TOTAL;Mujeres;2021;13.287
37 Salamanca;55-59 años;TOTAL;Mujeres;2020;13.239
37 Salamanca;55-59 años;TOTAL;Mujeres;2019;12.871
37 Salamanca;55-59 años;TOTAL;Mujeres;2018;12.747
37 Salamanca;60-64 años;TOTAL;Hombres;2022;12.418
37 Salamanca;60-64 años;TOTAL;Hombres;2021;12.157
37 Salamanca;60-64 años;TOTAL;Hombres;2020;11.742
37 Salamanca;60-64 años;TOTAL;Hombres;2019;11.303
37 Salamanca;60-64 años;TOTAL;Hombres;2018;10.922
37 Salamanca;60-64 años;TOTAL;Mujeres;2022;12.504
37 Salamanca;60-64 años;TOTAL;Mujeres;2021;12.320
37 Salamanca;60-64 años;TOTAL;Mujeres;2020;11.818
37 Salamanca;60-64 años;TOTAL;Mujeres;2019;11.416
37 Salamanca;60-64 años;TOTAL;Mujeres;2018;10.903
37 Salamanca;65-69 años;TOTAL;Hombres;2022;10.206
37 Salamanca;65-69 años;TOTAL;Hombres;2021;9.800
37 Salamanca;65-69 años;TOTAL;Hombres;2020;9.652
37 Salamanca;65-69 años;TOTAL;Hombres;2019;9.463
37 Salamanca;65-69 años;TOTAL;Hombres;2018;9.442
37 Salamanca;65-69 años;TOTAL;Mujeres;2022;10.452
37 Salamanca;65-69 años;TOTAL;Mujeres;2021;10.047
37 Salamanca;65-69 años;TOTAL;Mujeres;2020;9.892
37 Salamanca;65-69 años;TOTAL;Mujeres;2019;9.912
37 Salamanca;65-69 años;TOTAL;Mujeres;2018;10.020
37 Salamanca;70-74 años;TOTAL;Hombres;2022;8.606
37 Salamanca;70-74 años;TOTAL;Hombres;2021;8.571
37 Salamanca;70-74 años;TOTAL;Hombres;2020;8.609
37 Salamanca;70-74 años;TOTAL;Hombres;2019;8.612
37 Salamanca;70-74 años;TOTAL;Hombres;2018;8.486
37 Salamanca;70-74 años;TOTAL;Mujeres;2022;9.749
37 Salamanca;70-74 años;TOTAL;Mujeres;2021;9.807
37 Salamanca;70-74 años;TOTAL;Mujeres;2020;9.950
37 Salamanca;70-74 años;TOTAL;Mujeres;2019;9.899
37 Salamanca;70-74 años;TOTAL;Mujeres;2018;9.917
37 Salamanca;75-79 años;TOTAL;Hombres;2022;7.565
37 Salamanca;75-79 años;TOTAL;Hombres;2021;7.507
37 Salamanca;75-79 años;TOTAL;Hombres;2020;7.548
37 Salamanca;75-79 años;TOTAL;Hombres;2019;7.061
37 Salamanca;75-79 años;TOTAL;Hombres;2018;6.701
37 Salamanca;75-79 años;TOTAL;Mujeres;2022;9.237
37 Salamanca;75-79 años;TOTAL;Mujeres;2021;9.066
37 Salamanca;75-79 años;TOTAL;Mujeres;2020;8.987
37 Salamanca;75-79 años;TOTAL;Mujeres;2019;8.574
37 Salamanca;75-79 años;TOTAL;Mujeres;2018;8.146
37 Salamanca;80-84 años;TOTAL;Hombres;2022;5.406
37 Salamanca;80-84 años;TOTAL;Hombres;2021;5.599
37 Salamanca;80-84 años;TOTAL;Hombres;2020;5.775
37 Salamanca;80-84 años;TOTAL;Hombres;2019;6.144
37 Salamanca;80-84 años;TOTAL;Hombres;2018;6.442
37 Salamanca;80-84 años;TOTAL;Mujeres;2022;7.368
37 Salamanca;80-84 años;TOTAL;Mujeres;2021;7.722
37 Salamanca;80-84 años;TOTAL;Mujeres;2020;7.915
37 Salamanca;80-84 años;TOTAL;Mujeres;2019;8.458
37 Salamanca;80-84 años;TOTAL;Mujeres;2018;8.928
37 Salamanca;85-89 años;TOTAL;Hombres;2022;4.570
37 Salamanca;85-89 años;TOTAL;Hombres;2021;4.513
37 Salamanca;85-89 años;TOTAL;Hombres;2020;4.586
37 Salamanca;85-89 años;TOTAL;Hombres;2019;4.536
37 Salamanca;85-89 años;TOTAL;Hombres;2018;4.463
37 Salamanca;85-89 años;TOTAL;Mujeres;2022;7.188
37 Salamanca;85-89 años;TOTAL;Mujeres;2021;7.078
37 Salamanca;85-89 años;TOTAL;Mujeres;2020;7.195
37 Salamanca;85-89 años;TOTAL;Mujeres;2019;7.222
37 Salamanca;85-89 años;TOTAL;Mujeres;2018;7.158
37 Salamanca;90-94 años;TOTAL;Hombres;2022;2.136
37 Salamanca;90-94 años;TOTAL;Hombres;2021;2.005
37 Salamanca;90-94 años;TOTAL;Hombres;2020;2.021
37 Salamanca;90-94 años;TOTAL;Hombres;2019;1.980
37 Salamanca;90-94 años;TOTAL;Hombres;2018;1.899
37 Salamanca;90-94 años;TOTAL;Mujeres;2022;4.149
37 Salamanca;90-94 años;TOTAL;Mujeres;2021;3.955
37 Salamanca;90-94 años;TOTAL;Mujeres;2020;4.010
37 Salamanca;90-94 años;TOTAL;Mujeres;2019;3.899
37 Salamanca;90-94 años;TOTAL;Mujeres;2018;3.798
37 Salamanca;95-99 años;TOTAL;Hombres;2022;529
37 Salamanca;95-99 años;TOTAL;Hombres;2021;507
37 Salamanca;95-99 años;TOTAL;Hombres;2020;528
37 Salamanca;95-99 años;TOTAL;Hombres;2019;477
37 Salamanca;95-99 años;TOTAL;Hombres;2018;447
37 Salamanca;95-99 años;TOTAL;Mujeres;2022;1.432
37 Salamanca;95-99 años;TOTAL;Mujeres;2021;1.368
37 Salamanca;95-99 años;TOTAL;Mujeres;2020;1.345
37 Salamanca;95-99 años;TOTAL;Mujeres;2019;1.222
37 Salamanca;95-99 años;TOTAL;Mujeres;2018;1.156
37 Salamanca;100 años y más;TOTAL;Hombres;2022;86
37 Salamanca;100 años y más;TOTAL;Hombres;2021;63
37 Salamanca;100 años y más;TOTAL;Hombres;2020;66
37 Salamanca;100 años y más;TOTAL;Hombres;2019;65
37 Salamanca;100 años y más;TOTAL;Hombres;2018;64
37 Salamanca;100 años y más;TOTAL;Mujeres;2022;246
37 Salamanca;100 años y más;TOTAL;Mujeres;2021;208
37 Salamanca;100 años y más;TOTAL;Mujeres;2020;218
37 Salamanca;100 años y más;TOTAL;Mujeres;2019;213
37 Salamanca;100 años y más;TOTAL;Mujeres;2018;213
38 Santa Cruz de Tenerife;0-4 años;TOTAL;Hombres;2022;17.272
38 Santa Cruz de Tenerife;0-4 años;TOTAL;Hombres;2021;18.247
38 Santa Cruz de Tenerife;0-4 años;TOTAL;Hombres;2020;19.306
38 Santa Cruz de Tenerife;0-4 años;TOTAL;Hombres;2019;19.915
38 Santa Cruz de Tenerife;0-4 años;TOTAL;Hombres;2018;19.950
38 Santa Cruz de Tenerife;0-4 años;TOTAL;Mujeres;2022;16.191
38 Santa Cruz de Tenerife;0-4 años;TOTAL;Mujeres;2021;17.235
38 Santa Cruz de Tenerife;0-4 años;TOTAL;Mujeres;2020;18.327
38 Santa Cruz de Tenerife;0-4 años;TOTAL;Mujeres;2019;18.940
38 Santa Cruz de Tenerife;0-4 años;TOTAL;Mujeres;2018;19.146
38 Santa Cruz de Tenerife;5-9 años;TOTAL;Hombres;2022;21.968
38 Santa Cruz de Tenerife;5-9 años;TOTAL;Hombres;2021;22.351
38 Santa Cruz de Tenerife;5-9 años;TOTAL;Hombres;2020;22.834
38 Santa Cruz de Tenerife;5-9 años;TOTAL;Hombres;2019;23.197
38 Santa Cruz de Tenerife;5-9 años;TOTAL;Hombres;2018;23.954
38 Santa Cruz de Tenerife;5-9 años;TOTAL;Mujeres;2022;21.188
38 Santa Cruz de Tenerife;5-9 años;TOTAL;Mujeres;2021;21.516
38 Santa Cruz de Tenerife;5-9 años;TOTAL;Mujeres;2020;21.923
38 Santa Cruz de Tenerife;5-9 años;TOTAL;Mujeres;2019;22.151
38 Santa Cruz de Tenerife;5-9 años;TOTAL;Mujeres;2018;22.969
38 Santa Cruz de Tenerife;10-14 años;TOTAL;Hombres;2022;25.608
38 Santa Cruz de Tenerife;10-14 años;TOTAL;Hombres;2021;26.198
38 Santa Cruz de Tenerife;10-14 años;TOTAL;Hombres;2020;26.814
38 Santa Cruz de Tenerife;10-14 años;TOTAL;Hombres;2019;26.756
38 Santa Cruz de Tenerife;10-14 años;TOTAL;Hombres;2018;26.172
38 Santa Cruz de Tenerife;10-14 años;TOTAL;Mujeres;2022;24.272
38 Santa Cruz de Tenerife;10-14 años;TOTAL;Mujeres;2021;24.665
38 Santa Cruz de Tenerife;10-14 años;TOTAL;Mujeres;2020;25.223
38 Santa Cruz de Tenerife;10-14 años;TOTAL;Mujeres;2019;25.238
38 Santa Cruz de Tenerife;10-14 años;TOTAL;Mujeres;2018;24.644
38 Santa Cruz de Tenerife;15-19 años;TOTAL;Hombres;2022;27.282
38 Santa Cruz de Tenerife;15-19 años;TOTAL;Hombres;2021;26.876
38 Santa Cruz de Tenerife;15-19 años;TOTAL;Hombres;2020;26.870
38 Santa Cruz de Tenerife;15-19 años;TOTAL;Hombres;2019;26.783
38 Santa Cruz de Tenerife;15-19 años;TOTAL;Hombres;2018;26.179
38 Santa Cruz de Tenerife;15-19 años;TOTAL;Mujeres;2022;25.257
38 Santa Cruz de Tenerife;15-19 años;TOTAL;Mujeres;2021;25.144
38 Santa Cruz de Tenerife;15-19 años;TOTAL;Mujeres;2020;25.185
38 Santa Cruz de Tenerife;15-19 años;TOTAL;Mujeres;2019;25.053
38 Santa Cruz de Tenerife;15-19 años;TOTAL;Mujeres;2018;24.387
38 Santa Cruz de Tenerife;20-24 años;TOTAL;Hombres;2022;28.063
38 Santa Cruz de Tenerife;20-24 años;TOTAL;Hombres;2021;27.701
38 Santa Cruz de Tenerife;20-24 años;TOTAL;Hombres;2020;27.733
38 Santa Cruz de Tenerife;20-24 años;TOTAL;Hombres;2019;27.300
38 Santa Cruz de Tenerife;20-24 años;TOTAL;Hombres;2018;27.037
38 Santa Cruz de Tenerife;20-24 años;TOTAL;Mujeres;2022;27.847
38 Santa Cruz de Tenerife;20-24 años;TOTAL;Mujeres;2021;27.675
38 Santa Cruz de Tenerife;20-24 años;TOTAL;Mujeres;2020;27.721
38 Santa Cruz de Tenerife;20-24 años;TOTAL;Mujeres;2019;26.912
38 Santa Cruz de Tenerife;20-24 años;TOTAL;Mujeres;2018;26.664
38 Santa Cruz de Tenerife;25-29 años;TOTAL;Hombres;2022;30.656
38 Santa Cruz de Tenerife;25-29 años;TOTAL;Hombres;2021;30.943
38 Santa Cruz de Tenerife;25-29 años;TOTAL;Hombres;2020;31.694
38 Santa Cruz de Tenerife;25-29 años;TOTAL;Hombres;2019;31.676
38 Santa Cruz de Tenerife;25-29 años;TOTAL;Hombres;2018;31.350
38 Santa Cruz de Tenerife;25-29 años;TOTAL;Mujeres;2022;30.936
38 Santa Cruz de Tenerife;25-29 años;TOTAL;Mujeres;2021;31.138
38 Santa Cruz de Tenerife;25-29 años;TOTAL;Mujeres;2020;31.694
38 Santa Cruz de Tenerife;25-29 años;TOTAL;Mujeres;2019;31.667
38 Santa Cruz de Tenerife;25-29 años;TOTAL;Mujeres;2018;31.487
38 Santa Cruz de Tenerife;30-34 años;TOTAL;Hombres;2022;33.384
38 Santa Cruz de Tenerife;30-34 años;TOTAL;Hombres;2021;33.613
38 Santa Cruz de Tenerife;30-34 años;TOTAL;Hombres;2020;34.049
38 Santa Cruz de Tenerife;30-34 años;TOTAL;Hombres;2019;33.850
38 Santa Cruz de Tenerife;30-34 años;TOTAL;Hombres;2018;34.019
38 Santa Cruz de Tenerife;30-34 años;TOTAL;Mujeres;2022;33.576
38 Santa Cruz de Tenerife;30-34 años;TOTAL;Mujeres;2021;34.104
38 Santa Cruz de Tenerife;30-34 años;TOTAL;Mujeres;2020;34.587
38 Santa Cruz de Tenerife;30-34 años;TOTAL;Mujeres;2019;34.609
38 Santa Cruz de Tenerife;30-34 años;TOTAL;Mujeres;2018;34.613
38 Santa Cruz de Tenerife;35-39 años;TOTAL;Hombres;2022;36.334
38 Santa Cruz de Tenerife;35-39 años;TOTAL;Hombres;2021;37.822
38 Santa Cruz de Tenerife;35-39 años;TOTAL;Hombres;2020;39.504
38 Santa Cruz de Tenerife;35-39 años;TOTAL;Hombres;2019;40.522
38 Santa Cruz de Tenerife;35-39 años;TOTAL;Hombres;2018;41.419
38 Santa Cruz de Tenerife;35-39 años;TOTAL;Mujeres;2022;37.327
38 Santa Cruz de Tenerife;35-39 años;TOTAL;Mujeres;2021;38.471
38 Santa Cruz de Tenerife;35-39 años;TOTAL;Mujeres;2020;39.987
38 Santa Cruz de Tenerife;35-39 años;TOTAL;Mujeres;2019;41.032
38 Santa Cruz de Tenerife;35-39 años;TOTAL;Mujeres;2018;41.665
38 Santa Cruz de Tenerife;40-44 años;TOTAL;Hombres;2022;43.655
38 Santa Cruz de Tenerife;40-44 años;TOTAL;Hombres;2021;44.923
38 Santa Cruz de Tenerife;40-44 años;TOTAL;Hombres;2020;45.931
38 Santa Cruz de Tenerife;40-44 años;TOTAL;Hombres;2019;46.421
38 Santa Cruz de Tenerife;40-44 años;TOTAL;Hombres;2018;46.671
38 Santa Cruz de Tenerife;40-44 años;TOTAL;Mujeres;2022;43.279
38 Santa Cruz de Tenerife;40-44 años;TOTAL;Mujeres;2021;44.047
38 Santa Cruz de Tenerife;40-44 años;TOTAL;Mujeres;2020;44.925
38 Santa Cruz de Tenerife;40-44 años;TOTAL;Mujeres;2019;45.049
38 Santa Cruz de Tenerife;40-44 años;TOTAL;Mujeres;2018;44.998
38 Santa Cruz de Tenerife;45-49 años;TOTAL;Hombres;2022;47.429
38 Santa Cruz de Tenerife;45-49 años;TOTAL;Hombres;2021;47.560
38 Santa Cruz de Tenerife;45-49 años;TOTAL;Hombres;2020;47.541
38 Santa Cruz de Tenerife;45-49 años;TOTAL;Hombres;2019;46.508
38 Santa Cruz de Tenerife;45-49 años;TOTAL;Hombres;2018;45.208
38 Santa Cruz de Tenerife;45-49 años;TOTAL;Mujeres;2022;46.384
38 Santa Cruz de Tenerife;45-49 años;TOTAL;Mujeres;2021;46.264
38 Santa Cruz de Tenerife;45-49 años;TOTAL;Mujeres;2020;46.078
38 Santa Cruz de Tenerife;45-49 años;TOTAL;Mujeres;2019;45.136
38 Santa Cruz de Tenerife;45-49 años;TOTAL;Mujeres;2018;44.060
38 Santa Cruz de Tenerife;50-54 años;TOTAL;Hombres;2022;44.880
38 Santa Cruz de Tenerife;50-54 años;TOTAL;Hombres;2021;44.067
38 Santa Cruz de Tenerife;50-54 años;TOTAL;Hombres;2020;43.392
38 Santa Cruz de Tenerife;50-54 años;TOTAL;Hombres;2019;42.898
38 Santa Cruz de Tenerife;50-54 años;TOTAL;Hombres;2018;41.971
38 Santa Cruz de Tenerife;50-54 años;TOTAL;Mujeres;2022;44.654
38 Santa Cruz de Tenerife;50-54 años;TOTAL;Mujeres;2021;44.216
38 Santa Cruz de Tenerife;50-54 años;TOTAL;Mujeres;2020;44.038
38 Santa Cruz de Tenerife;50-54 años;TOTAL;Mujeres;2019;43.358
38 Santa Cruz de Tenerife;50-54 años;TOTAL;Mujeres;2018;42.159
38 Santa Cruz de Tenerife;55-59 años;TOTAL;Hombres;2022;40.914
38 Santa Cruz de Tenerife;55-59 años;TOTAL;Hombres;2021;39.708
38 Santa Cruz de Tenerife;55-59 años;TOTAL;Hombres;2020;38.584
38 Santa Cruz de Tenerife;55-59 años;TOTAL;Hombres;2019;36.714
38 Santa Cruz de Tenerife;55-59 años;TOTAL;Hombres;2018;34.883
38 Santa Cruz de Tenerife;55-59 años;TOTAL;Mujeres;2022;42.430
38 Santa Cruz de Tenerife;55-59 años;TOTAL;Mujeres;2021;41.281
38 Santa Cruz de Tenerife;55-59 años;TOTAL;Mujeres;2020;39.870
38 Santa Cruz de Tenerife;55-59 años;TOTAL;Mujeres;2019;37.893
38 Santa Cruz de Tenerife;55-59 años;TOTAL;Mujeres;2018;36.084
38 Santa Cruz de Tenerife;60-64 años;TOTAL;Hombres;2022;33.207
38 Santa Cruz de Tenerife;60-64 años;TOTAL;Hombres;2021;31.846
38 Santa Cruz de Tenerife;60-64 años;TOTAL;Hombres;2020;30.603
38 Santa Cruz de Tenerife;60-64 años;TOTAL;Hombres;2019;29.214
38 Santa Cruz de Tenerife;60-64 años;TOTAL;Hombres;2018;28.290
38 Santa Cruz de Tenerife;60-64 años;TOTAL;Mujeres;2022;35.097
38 Santa Cruz de Tenerife;60-64 años;TOTAL;Mujeres;2021;33.631
38 Santa Cruz de Tenerife;60-64 años;TOTAL;Mujeres;2020;32.330
38 Santa Cruz de Tenerife;60-64 años;TOTAL;Mujeres;2019;31.279
38 Santa Cruz de Tenerife;60-64 años;TOTAL;Mujeres;2018;30.109
38 Santa Cruz de Tenerife;65-69 años;TOTAL;Hombres;2022;26.484
38 Santa Cruz de Tenerife;65-69 años;TOTAL;Hombres;2021;25.633
38 Santa Cruz de Tenerife;65-69 años;TOTAL;Hombres;2020;24.920
38 Santa Cruz de Tenerife;65-69 años;TOTAL;Hombres;2019;24.367
38 Santa Cruz de Tenerife;65-69 años;TOTAL;Hombres;2018;23.757
38 Santa Cruz de Tenerife;65-69 años;TOTAL;Mujeres;2022;29.087
38 Santa Cruz de Tenerife;65-69 años;TOTAL;Mujeres;2021;27.976
38 Santa Cruz de Tenerife;65-69 años;TOTAL;Mujeres;2020;27.099
38 Santa Cruz de Tenerife;65-69 años;TOTAL;Mujeres;2019;25.999
38 Santa Cruz de Tenerife;65-69 años;TOTAL;Mujeres;2018;25.152
38 Santa Cruz de Tenerife;70-74 años;TOTAL;Hombres;2022;21.487
38 Santa Cruz de Tenerife;70-74 años;TOTAL;Hombres;2021;20.920
38 Santa Cruz de Tenerife;70-74 años;TOTAL;Hombres;2020;20.521
38 Santa Cruz de Tenerife;70-74 años;TOTAL;Hombres;2019;20.200
38 Santa Cruz de Tenerife;70-74 años;TOTAL;Hombres;2018;19.831
38 Santa Cruz de Tenerife;70-74 años;TOTAL;Mujeres;2022;24.078
38 Santa Cruz de Tenerife;70-74 años;TOTAL;Mujeres;2021;23.439
38 Santa Cruz de Tenerife;70-74 años;TOTAL;Mujeres;2020;23.230
38 Santa Cruz de Tenerife;70-74 años;TOTAL;Mujeres;2019;22.913
38 Santa Cruz de Tenerife;70-74 años;TOTAL;Mujeres;2018;22.666
38 Santa Cruz de Tenerife;75-79 años;TOTAL;Hombres;2022;16.855
38 Santa Cruz de Tenerife;75-79 años;TOTAL;Hombres;2021;16.100
38 Santa Cruz de Tenerife;75-79 años;TOTAL;Hombres;2020;15.644
38 Santa Cruz de Tenerife;75-79 años;TOTAL;Hombres;2019;14.439
38 Santa Cruz de Tenerife;75-79 años;TOTAL;Hombres;2018;13.610
38 Santa Cruz de Tenerife;75-79 años;TOTAL;Mujeres;2022;20.617
38 Santa Cruz de Tenerife;75-79 años;TOTAL;Mujeres;2021;19.762
38 Santa Cruz de Tenerife;75-79 años;TOTAL;Mujeres;2020;19.290
38 Santa Cruz de Tenerife;75-79 años;TOTAL;Mujeres;2019;18.024
38 Santa Cruz de Tenerife;75-79 años;TOTAL;Mujeres;2018;17.049
38 Santa Cruz de Tenerife;80-84 años;TOTAL;Hombres;2022;9.866
38 Santa Cruz de Tenerife;80-84 años;TOTAL;Hombres;2021;9.709
38 Santa Cruz de Tenerife;80-84 años;TOTAL;Hombres;2020;9.308
38 Santa Cruz de Tenerife;80-84 años;TOTAL;Hombres;2019;9.772
38 Santa Cruz de Tenerife;80-84 años;TOTAL;Hombres;2018;9.989
38 Santa Cruz de Tenerife;80-84 años;TOTAL;Mujeres;2022;14.123
38 Santa Cruz de Tenerife;80-84 años;TOTAL;Mujeres;2021;14.126
38 Santa Cruz de Tenerife;80-84 años;TOTAL;Mujeres;2020;13.894
38 Santa Cruz de Tenerife;80-84 años;TOTAL;Mujeres;2019;14.462
38 Santa Cruz de Tenerife;80-84 años;TOTAL;Mujeres;2018;14.808
38 Santa Cruz de Tenerife;85-89 años;TOTAL;Hombres;2022;6.340
38 Santa Cruz de Tenerife;85-89 años;TOTAL;Hombres;2021;6.138
38 Santa Cruz de Tenerife;85-89 años;TOTAL;Hombres;2020;5.859
38 Santa Cruz de Tenerife;85-89 años;TOTAL;Hombres;2019;5.465
38 Santa Cruz de Tenerife;85-89 años;TOTAL;Hombres;2018;5.120
38 Santa Cruz de Tenerife;85-89 años;TOTAL;Mujeres;2022;11.208
38 Santa Cruz de Tenerife;85-89 años;TOTAL;Mujeres;2021;10.923
38 Santa Cruz de Tenerife;85-89 años;TOTAL;Mujeres;2020;10.443
38 Santa Cruz de Tenerife;85-89 años;TOTAL;Mujeres;2019;9.914
38 Santa Cruz de Tenerife;85-89 años;TOTAL;Mujeres;2018;9.530
38 Santa Cruz de Tenerife;90-94 años;TOTAL;Hombres;2022;2.166
38 Santa Cruz de Tenerife;90-94 años;TOTAL;Hombres;2021;1.979
38 Santa Cruz de Tenerife;90-94 años;TOTAL;Hombres;2020;1.835
38 Santa Cruz de Tenerife;90-94 años;TOTAL;Hombres;2019;1.672
38 Santa Cruz de Tenerife;90-94 años;TOTAL;Hombres;2018;1.576
38 Santa Cruz de Tenerife;90-94 años;TOTAL;Mujeres;2022;4.811
38 Santa Cruz de Tenerife;90-94 años;TOTAL;Mujeres;2021;4.529
38 Santa Cruz de Tenerife;90-94 años;TOTAL;Mujeres;2020;4.257
38 Santa Cruz de Tenerife;90-94 años;TOTAL;Mujeres;2019;3.943
38 Santa Cruz de Tenerife;90-94 años;TOTAL;Mujeres;2018;3.696
38 Santa Cruz de Tenerife;95-99 años;TOTAL;Hombres;2022;441
38 Santa Cruz de Tenerife;95-99 años;TOTAL;Hombres;2021;413
38 Santa Cruz de Tenerife;95-99 años;TOTAL;Hombres;2020;375
38 Santa Cruz de Tenerife;95-99 años;TOTAL;Hombres;2019;356
38 Santa Cruz de Tenerife;95-99 años;TOTAL;Hombres;2018;346
38 Santa Cruz de Tenerife;95-99 años;TOTAL;Mujeres;2022;1.191
38 Santa Cruz de Tenerife;95-99 años;TOTAL;Mujeres;2021;1.086
38 Santa Cruz de Tenerife;95-99 años;TOTAL;Mujeres;2020;1.013
38 Santa Cruz de Tenerife;95-99 años;TOTAL;Mujeres;2019;962
38 Santa Cruz de Tenerife;95-99 años;TOTAL;Mujeres;2018;913
38 Santa Cruz de Tenerife;100 años y más;TOTAL;Hombres;2022;160
38 Santa Cruz de Tenerife;100 años y más;TOTAL;Hombres;2021;152
38 Santa Cruz de Tenerife;100 años y más;TOTAL;Hombres;2020;174
38 Santa Cruz de Tenerife;100 años y más;TOTAL;Hombres;2019;172
38 Santa Cruz de Tenerife;100 años y más;TOTAL;Hombres;2018;145
38 Santa Cruz de Tenerife;100 años y más;TOTAL;Mujeres;2022;302
38 Santa Cruz de Tenerife;100 años y más;TOTAL;Mujeres;2021;278
38 Santa Cruz de Tenerife;100 años y más;TOTAL;Mujeres;2020;282
38 Santa Cruz de Tenerife;100 años y más;TOTAL;Mujeres;2019;252
38 Santa Cruz de Tenerife;100 años y más;TOTAL;Mujeres;2018;234
40 Segovia;0-4 años;TOTAL;Hombres;2022;2.678
40 Segovia;0-4 años;TOTAL;Hombres;2021;2.742
40 Segovia;0-4 años;TOTAL;Hombres;2020;2.823
40 Segovia;0-4 años;TOTAL;Hombres;2019;2.980
40 Segovia;0-4 años;TOTAL;Hombres;2018;3.036
40 Segovia;0-4 años;TOTAL;Mujeres;2022;2.632
40 Segovia;0-4 años;TOTAL;Mujeres;2021;2.714
40 Segovia;0-4 años;TOTAL;Mujeres;2020;2.798
40 Segovia;0-4 años;TOTAL;Mujeres;2019;2.823
40 Segovia;0-4 años;TOTAL;Mujeres;2018;2.865
40 Segovia;5-9 años;TOTAL;Hombres;2022;3.385
40 Segovia;5-9 años;TOTAL;Hombres;2021;3.475
40 Segovia;5-9 años;TOTAL;Hombres;2020;3.545
40 Segovia;5-9 años;TOTAL;Hombres;2019;3.523
40 Segovia;5-9 años;TOTAL;Hombres;2018;3.684
40 Segovia;5-9 años;TOTAL;Mujeres;2022;3.171
40 Segovia;5-9 años;TOTAL;Mujeres;2021;3.232
40 Segovia;5-9 años;TOTAL;Mujeres;2020;3.220
40 Segovia;5-9 años;TOTAL;Mujeres;2019;3.286
40 Segovia;5-9 años;TOTAL;Mujeres;2018;3.430
40 Segovia;10-14 años;TOTAL;Hombres;2022;3.818
40 Segovia;10-14 años;TOTAL;Hombres;2021;3.813
40 Segovia;10-14 años;TOTAL;Hombres;2020;3.814
40 Segovia;10-14 años;TOTAL;Hombres;2019;3.771
40 Segovia;10-14 años;TOTAL;Hombres;2018;3.712
40 Segovia;10-14 años;TOTAL;Mujeres;2022;3.565
40 Segovia;10-14 años;TOTAL;Mujeres;2021;3.586
40 Segovia;10-14 años;TOTAL;Mujeres;2020;3.629
40 Segovia;10-14 años;TOTAL;Mujeres;2019;3.558
40 Segovia;10-14 años;TOTAL;Mujeres;2018;3.519
40 Segovia;15-19 años;TOTAL;Hombres;2022;3.903
40 Segovia;15-19 años;TOTAL;Hombres;2021;3.829
40 Segovia;15-19 años;TOTAL;Hombres;2020;3.763
40 Segovia;15-19 años;TOTAL;Hombres;2019;3.632
40 Segovia;15-19 años;TOTAL;Hombres;2018;3.598
40 Segovia;15-19 años;TOTAL;Mujeres;2022;3.589
40 Segovia;15-19 años;TOTAL;Mujeres;2021;3.652
40 Segovia;15-19 años;TOTAL;Mujeres;2020;3.575
40 Segovia;15-19 años;TOTAL;Mujeres;2019;3.541
40 Segovia;15-19 años;TOTAL;Mujeres;2018;3.494
40 Segovia;20-24 años;TOTAL;Hombres;2022;3.944
40 Segovia;20-24 años;TOTAL;Hombres;2021;3.910
40 Segovia;20-24 años;TOTAL;Hombres;2020;3.892
40 Segovia;20-24 años;TOTAL;Hombres;2019;3.937
40 Segovia;20-24 años;TOTAL;Hombres;2018;3.957
40 Segovia;20-24 años;TOTAL;Mujeres;2022;3.713
40 Segovia;20-24 años;TOTAL;Mujeres;2021;3.698
40 Segovia;20-24 años;TOTAL;Mujeres;2020;3.681
40 Segovia;20-24 años;TOTAL;Mujeres;2019;3.633
40 Segovia;20-24 años;TOTAL;Mujeres;2018;3.649
40 Segovia;25-29 años;TOTAL;Hombres;2022;3.979
40 Segovia;25-29 años;TOTAL;Hombres;2021;4.035
40 Segovia;25-29 años;TOTAL;Hombres;2020;4.075
40 Segovia;25-29 años;TOTAL;Hombres;2019;4.064
40 Segovia;25-29 años;TOTAL;Hombres;2018;4.094
40 Segovia;25-29 años;TOTAL;Mujeres;2022;3.669
40 Segovia;25-29 años;TOTAL;Mujeres;2021;3.614
40 Segovia;25-29 años;TOTAL;Mujeres;2020;3.593
40 Segovia;25-29 años;TOTAL;Mujeres;2019;3.673
40 Segovia;25-29 años;TOTAL;Mujeres;2018;3.747
40 Segovia;30-34 años;TOTAL;Hombres;2022;4.100
40 Segovia;30-34 años;TOTAL;Hombres;2021;4.133
40 Segovia;30-34 años;TOTAL;Hombres;2020;4.207
40 Segovia;30-34 años;TOTAL;Hombres;2019;4.237
40 Segovia;30-34 años;TOTAL;Hombres;2018;4.357
40 Segovia;30-34 años;TOTAL;Mujeres;2022;3.762
40 Segovia;30-34 años;TOTAL;Mujeres;2021;3.815
40 Segovia;30-34 años;TOTAL;Mujeres;2020;3.850
40 Segovia;30-34 años;TOTAL;Mujeres;2019;3.893
40 Segovia;30-34 años;TOTAL;Mujeres;2018;3.978
40 Segovia;35-39 años;TOTAL;Hombres;2022;4.683
40 Segovia;35-39 años;TOTAL;Hombres;2021;4.857
40 Segovia;35-39 años;TOTAL;Hombres;2020;4.935
40 Segovia;35-39 años;TOTAL;Hombres;2019;5.151
40 Segovia;35-39 años;TOTAL;Hombres;2018;5.309
40 Segovia;35-39 años;TOTAL;Mujeres;2022;4.409
40 Segovia;35-39 años;TOTAL;Mujeres;2021;4.568
40 Segovia;35-39 años;TOTAL;Mujeres;2020;4.639
40 Segovia;35-39 años;TOTAL;Mujeres;2019;4.765
40 Segovia;35-39 años;TOTAL;Mujeres;2018;4.887
40 Segovia;40-44 años;TOTAL;Hombres;2022;5.684
40 Segovia;40-44 años;TOTAL;Hombres;2021;5.760
40 Segovia;40-44 años;TOTAL;Hombres;2020;5.825
40 Segovia;40-44 años;TOTAL;Hombres;2019;5.817
40 Segovia;40-44 años;TOTAL;Hombres;2018;5.973
40 Segovia;40-44 años;TOTAL;Mujeres;2022;5.318
40 Segovia;40-44 años;TOTAL;Mujeres;2021;5.547
40 Segovia;40-44 años;TOTAL;Mujeres;2020;5.587
40 Segovia;40-44 años;TOTAL;Mujeres;2019;5.700
40 Segovia;40-44 años;TOTAL;Mujeres;2018;5.706
40 Segovia;45-49 años;TOTAL;Hombres;2022;6.193
40 Segovia;45-49 años;TOTAL;Hombres;2021;6.253
40 Segovia;45-49 años;TOTAL;Hombres;2020;6.139
40 Segovia;45-49 años;TOTAL;Hombres;2019;6.203
40 Segovia;45-49 años;TOTAL;Hombres;2018;6.182
40 Segovia;45-49 años;TOTAL;Mujeres;2022;5.901
40 Segovia;45-49 años;TOTAL;Mujeres;2021;5.801
40 Segovia;45-49 años;TOTAL;Mujeres;2020;5.751
40 Segovia;45-49 años;TOTAL;Mujeres;2019;5.729
40 Segovia;45-49 años;TOTAL;Mujeres;2018;5.778
40 Segovia;50-54 años;TOTAL;Hombres;2022;6.399
40 Segovia;50-54 años;TOTAL;Hombres;2021;6.396
40 Segovia;50-54 años;TOTAL;Hombres;2020;6.387
40 Segovia;50-54 años;TOTAL;Hombres;2019;6.446
40 Segovia;50-54 años;TOTAL;Hombres;2018;6.564
40 Segovia;50-54 años;TOTAL;Mujeres;2022;6.039
40 Segovia;50-54 años;TOTAL;Mujeres;2021;6.105
40 Segovia;50-54 años;TOTAL;Mujeres;2020;6.146
40 Segovia;50-54 años;TOTAL;Mujeres;2019;6.193
40 Segovia;50-54 años;TOTAL;Mujeres;2018;6.184
40 Segovia;55-59 años;TOTAL;Hombres;2022;6.469
40 Segovia;55-59 años;TOTAL;Hombres;2021;6.445
40 Segovia;55-59 años;TOTAL;Hombres;2020;6.361
40 Segovia;55-59 años;TOTAL;Hombres;2019;6.289
40 Segovia;55-59 años;TOTAL;Hombres;2018;6.111
40 Segovia;55-59 años;TOTAL;Mujeres;2022;6.216
40 Segovia;55-59 años;TOTAL;Mujeres;2021;6.079
40 Segovia;55-59 años;TOTAL;Mujeres;2020;5.823
40 Segovia;55-59 años;TOTAL;Mujeres;2019;5.664
40 Segovia;55-59 años;TOTAL;Mujeres;2018;5.509
40 Segovia;60-64 años;TOTAL;Hombres;2022;5.954
40 Segovia;60-64 años;TOTAL;Hombres;2021;5.741
40 Segovia;60-64 años;TOTAL;Hombres;2020;5.540
40 Segovia;60-64 años;TOTAL;Hombres;2019;5.201
40 Segovia;60-64 años;TOTAL;Hombres;2018;4.988
40 Segovia;60-64 años;TOTAL;Mujeres;2022;5.411
40 Segovia;60-64 años;TOTAL;Mujeres;2021;5.230
40 Segovia;60-64 años;TOTAL;Mujeres;2020;5.001
40 Segovia;60-64 años;TOTAL;Mujeres;2019;4.725
40 Segovia;60-64 años;TOTAL;Mujeres;2018;4.493
40 Segovia;65-69 años;TOTAL;Hombres;2022;4.612
40 Segovia;65-69 años;TOTAL;Hombres;2021;4.401
40 Segovia;65-69 años;TOTAL;Hombres;2020;4.218
40 Segovia;65-69 años;TOTAL;Hombres;2019;4.136
40 Segovia;65-69 años;TOTAL;Hombres;2018;4.061
40 Segovia;65-69 años;TOTAL;Mujeres;2022;4.222
40 Segovia;65-69 años;TOTAL;Mujeres;2021;3.953
40 Segovia;65-69 años;TOTAL;Mujeres;2020;3.782
40 Segovia;65-69 años;TOTAL;Mujeres;2019;3.728
40 Segovia;65-69 años;TOTAL;Mujeres;2018;3.770
40 Segovia;70-74 años;TOTAL;Hombres;2022;3.681
40 Segovia;70-74 años;TOTAL;Hombres;2021;3.604
40 Segovia;70-74 años;TOTAL;Hombres;2020;3.556
40 Segovia;70-74 años;TOTAL;Hombres;2019;3.494
40 Segovia;70-74 años;TOTAL;Hombres;2018;3.418
40 Segovia;70-74 años;TOTAL;Mujeres;2022;3.626
40 Segovia;70-74 años;TOTAL;Mujeres;2021;3.608
40 Segovia;70-74 años;TOTAL;Mujeres;2020;3.616
40 Segovia;70-74 años;TOTAL;Mujeres;2019;3.612
40 Segovia;70-74 años;TOTAL;Mujeres;2018;3.549
40 Segovia;75-79 años;TOTAL;Hombres;2022;2.931
40 Segovia;75-79 años;TOTAL;Hombres;2021;2.816
40 Segovia;75-79 años;TOTAL;Hombres;2020;2.829
40 Segovia;75-79 años;TOTAL;Hombres;2019;2.623
40 Segovia;75-79 años;TOTAL;Hombres;2018;2.482
40 Segovia;75-79 años;TOTAL;Mujeres;2022;3.375
40 Segovia;75-79 años;TOTAL;Mujeres;2021;3.346
40 Segovia;75-79 años;TOTAL;Mujeres;2020;3.414
40 Segovia;75-79 años;TOTAL;Mujeres;2019;3.247
40 Segovia;75-79 años;TOTAL;Mujeres;2018;3.127
40 Segovia;80-84 años;TOTAL;Hombres;2022;1.979
40 Segovia;80-84 años;TOTAL;Hombres;2021;2.110
40 Segovia;80-84 años;TOTAL;Hombres;2020;2.200
40 Segovia;80-84 años;TOTAL;Hombres;2019;2.454
40 Segovia;80-84 años;TOTAL;Hombres;2018;2.645
40 Segovia;80-84 años;TOTAL;Mujeres;2022;2.840
40 Segovia;80-84 años;TOTAL;Mujeres;2021;3.010
40 Segovia;80-84 años;TOTAL;Mujeres;2020;3.112
40 Segovia;80-84 años;TOTAL;Mujeres;2019;3.376
40 Segovia;80-84 años;TOTAL;Mujeres;2018;3.618
40 Segovia;85-89 años;TOTAL;Hombres;2022;1.760
40 Segovia;85-89 años;TOTAL;Hombres;2021;1.761
40 Segovia;85-89 años;TOTAL;Hombres;2020;1.884
40 Segovia;85-89 años;TOTAL;Hombres;2019;1.851
40 Segovia;85-89 años;TOTAL;Hombres;2018;1.848
40 Segovia;85-89 años;TOTAL;Mujeres;2022;2.898
40 Segovia;85-89 años;TOTAL;Mujeres;2021;2.868
40 Segovia;85-89 años;TOTAL;Mujeres;2020;2.960
40 Segovia;85-89 años;TOTAL;Mujeres;2019;2.986
40 Segovia;85-89 años;TOTAL;Mujeres;2018;3.002
40 Segovia;90-94 años;TOTAL;Hombres;2022;825
40 Segovia;90-94 años;TOTAL;Hombres;2021;791
40 Segovia;90-94 años;TOTAL;Hombres;2020;809
40 Segovia;90-94 años;TOTAL;Hombres;2019;793
40 Segovia;90-94 años;TOTAL;Hombres;2018;770
40 Segovia;90-94 años;TOTAL;Mujeres;2022;1.666
40 Segovia;90-94 años;TOTAL;Mujeres;2021;1.612
40 Segovia;90-94 años;TOTAL;Mujeres;2020;1.665
40 Segovia;90-94 años;TOTAL;Mujeres;2019;1.588
40 Segovia;90-94 años;TOTAL;Mujeres;2018;1.522
40 Segovia;95-99 años;TOTAL;Hombres;2022;175
40 Segovia;95-99 años;TOTAL;Hombres;2021;178
40 Segovia;95-99 años;TOTAL;Hombres;2020;212
40 Segovia;95-99 años;TOTAL;Hombres;2019;195
40 Segovia;95-99 años;TOTAL;Hombres;2018;171
40 Segovia;95-99 años;TOTAL;Mujeres;2022;521
40 Segovia;95-99 años;TOTAL;Mujeres;2021;480
40 Segovia;95-99 años;TOTAL;Mujeres;2020;517
40 Segovia;95-99 años;TOTAL;Mujeres;2019;519
40 Segovia;95-99 años;TOTAL;Mujeres;2018;465
40 Segovia;100 años y más;TOTAL;Hombres;2022;23
40 Segovia;100 años y más;TOTAL;Hombres;2021;21
40 Segovia;100 años y más;TOTAL;Hombres;2020;19
40 Segovia;100 años y más;TOTAL;Hombres;2019;16
40 Segovia;100 años y más;TOTAL;Hombres;2018;19
40 Segovia;100 años y más;TOTAL;Mujeres;2022;85
40 Segovia;100 años y más;TOTAL;Mujeres;2021;74
40 Segovia;100 años y más;TOTAL;Mujeres;2020;86
40 Segovia;100 años y más;TOTAL;Mujeres;2019;77
40 Segovia;100 años y más;TOTAL;Mujeres;2018;71
41 Sevilla;0-4 años;TOTAL;Hombres;2022;42.276
41 Sevilla;0-4 años;TOTAL;Hombres;2021;43.894
41 Sevilla;0-4 años;TOTAL;Hombres;2020;46.077
41 Sevilla;0-4 años;TOTAL;Hombres;2019;47.739
41 Sevilla;0-4 años;TOTAL;Hombres;2018;49.349
41 Sevilla;0-4 años;TOTAL;Mujeres;2022;39.643
41 Sevilla;0-4 años;TOTAL;Mujeres;2021;41.376
41 Sevilla;0-4 años;TOTAL;Mujeres;2020;43.344
41 Sevilla;0-4 años;TOTAL;Mujeres;2019;44.921
41 Sevilla;0-4 años;TOTAL;Mujeres;2018;46.374
41 Sevilla;5-9 años;TOTAL;Hombres;2022;51.979
41 Sevilla;5-9 años;TOTAL;Hombres;2021;53.417
41 Sevilla;5-9 años;TOTAL;Hombres;2020;54.949
41 Sevilla;5-9 años;TOTAL;Hombres;2019;56.566
41 Sevilla;5-9 años;TOTAL;Hombres;2018;59.072
41 Sevilla;5-9 años;TOTAL;Mujeres;2022;48.976
41 Sevilla;5-9 años;TOTAL;Mujeres;2021;50.368
41 Sevilla;5-9 años;TOTAL;Mujeres;2020;52.076
41 Sevilla;5-9 años;TOTAL;Mujeres;2019;53.498
41 Sevilla;5-9 años;TOTAL;Mujeres;2018;55.962
41 Sevilla;10-14 años;TOTAL;Hombres;2022;60.838
41 Sevilla;10-14 años;TOTAL;Hombres;2021;61.802
41 Sevilla;10-14 años;TOTAL;Hombres;2020;61.859
41 Sevilla;10-14 años;TOTAL;Hombres;2019;60.890
41 Sevilla;10-14 años;TOTAL;Hombres;2018;59.166
41 Sevilla;10-14 años;TOTAL;Mujeres;2022;57.520
41 Sevilla;10-14 años;TOTAL;Mujeres;2021;58.099
41 Sevilla;10-14 años;TOTAL;Mujeres;2020;58.444
41 Sevilla;10-14 años;TOTAL;Mujeres;2019;57.729
41 Sevilla;10-14 años;TOTAL;Mujeres;2018;56.155
41 Sevilla;15-19 años;TOTAL;Hombres;2022;58.232
41 Sevilla;15-19 años;TOTAL;Hombres;2021;56.219
41 Sevilla;15-19 años;TOTAL;Hombres;2020;55.359
41 Sevilla;15-19 años;TOTAL;Hombres;2019;54.017
41 Sevilla;15-19 años;TOTAL;Hombres;2018;52.741
41 Sevilla;15-19 años;TOTAL;Mujeres;2022;55.061
41 Sevilla;15-19 años;TOTAL;Mujeres;2021;53.764
41 Sevilla;15-19 años;TOTAL;Mujeres;2020;52.420
41 Sevilla;15-19 años;TOTAL;Mujeres;2019;51.088
41 Sevilla;15-19 años;TOTAL;Mujeres;2018;49.902
41 Sevilla;20-24 años;TOTAL;Hombres;2022;53.305
41 Sevilla;20-24 años;TOTAL;Hombres;2021;52.295
41 Sevilla;20-24 años;TOTAL;Hombres;2020;51.553
41 Sevilla;20-24 años;TOTAL;Hombres;2019;51.273
41 Sevilla;20-24 años;TOTAL;Hombres;2018;52.312
41 Sevilla;20-24 años;TOTAL;Mujeres;2022;50.667
41 Sevilla;20-24 años;TOTAL;Mujeres;2021;50.024
41 Sevilla;20-24 años;TOTAL;Mujeres;2020;49.453
41 Sevilla;20-24 años;TOTAL;Mujeres;2019;49.461
41 Sevilla;20-24 años;TOTAL;Mujeres;2018;50.174
41 Sevilla;25-29 años;TOTAL;Hombres;2022;53.915
41 Sevilla;25-29 años;TOTAL;Hombres;2021;55.107
41 Sevilla;25-29 años;TOTAL;Hombres;2020;55.810
41 Sevilla;25-29 años;TOTAL;Hombres;2019;56.034
41 Sevilla;25-29 años;TOTAL;Hombres;2018;55.975
41 Sevilla;25-29 años;TOTAL;Mujeres;2022;52.356
41 Sevilla;25-29 años;TOTAL;Mujeres;2021;53.170
41 Sevilla;25-29 años;TOTAL;Mujeres;2020;54.037
41 Sevilla;25-29 años;TOTAL;Mujeres;2019;54.113
41 Sevilla;25-29 años;TOTAL;Mujeres;2018;54.447
41 Sevilla;30-34 años;TOTAL;Hombres;2022;56.907
41 Sevilla;30-34 años;TOTAL;Hombres;2021;56.845
41 Sevilla;30-34 años;TOTAL;Hombres;2020;57.975
41 Sevilla;30-34 años;TOTAL;Hombres;2019;59.310
41 Sevilla;30-34 años;TOTAL;Hombres;2018;61.570
41 Sevilla;30-34 años;TOTAL;Mujeres;2022;56.460
41 Sevilla;30-34 años;TOTAL;Mujeres;2021;57.260
41 Sevilla;30-34 años;TOTAL;Mujeres;2020;58.390
41 Sevilla;30-34 años;TOTAL;Mujeres;2019;59.888
41 Sevilla;30-34 años;TOTAL;Mujeres;2018;61.879
41 Sevilla;35-39 años;TOTAL;Hombres;2022;64.898
41 Sevilla;35-39 años;TOTAL;Hombres;2021;67.716
41 Sevilla;35-39 años;TOTAL;Hombres;2020;71.056
41 Sevilla;35-39 años;TOTAL;Hombres;2019;73.922
41 Sevilla;35-39 años;TOTAL;Hombres;2018;77.631
41 Sevilla;35-39 años;TOTAL;Mujeres;2022;66.068
41 Sevilla;35-39 años;TOTAL;Mujeres;2021;68.641
41 Sevilla;35-39 años;TOTAL;Mujeres;2020;71.783
41 Sevilla;35-39 años;TOTAL;Mujeres;2019;74.188
41 Sevilla;35-39 años;TOTAL;Mujeres;2018;77.219
41 Sevilla;40-44 años;TOTAL;Hombres;2022;79.962
41 Sevilla;40-44 años;TOTAL;Hombres;2021;82.523
41 Sevilla;40-44 años;TOTAL;Hombres;2020;84.124
41 Sevilla;40-44 años;TOTAL;Hombres;2019;84.745
41 Sevilla;40-44 años;TOTAL;Hombres;2018;84.503
41 Sevilla;40-44 años;TOTAL;Mujeres;2022;80.692
41 Sevilla;40-44 años;TOTAL;Mujeres;2021;82.812
41 Sevilla;40-44 años;TOTAL;Mujeres;2020;84.069
41 Sevilla;40-44 años;TOTAL;Mujeres;2019;84.763
41 Sevilla;40-44 años;TOTAL;Mujeres;2018;84.229
41 Sevilla;45-49 años;TOTAL;Hombres;2022;82.629
41 Sevilla;45-49 años;TOTAL;Hombres;2021;81.499
41 Sevilla;45-49 años;TOTAL;Hombres;2020;80.497
41 Sevilla;45-49 años;TOTAL;Hombres;2019;79.412
41 Sevilla;45-49 años;TOTAL;Hombres;2018;78.495
41 Sevilla;45-49 años;TOTAL;Mujeres;2022;83.310
41 Sevilla;45-49 años;TOTAL;Mujeres;2021;82.120
41 Sevilla;45-49 años;TOTAL;Mujeres;2020;81.250
41 Sevilla;45-49 años;TOTAL;Mujeres;2019;79.648
41 Sevilla;45-49 años;TOTAL;Mujeres;2018;79.155
41 Sevilla;50-54 años;TOTAL;Hombres;2022;76.210
41 Sevilla;50-54 años;TOTAL;Hombres;2021;75.778
41 Sevilla;50-54 años;TOTAL;Hombres;2020;75.211
41 Sevilla;50-54 años;TOTAL;Hombres;2019;74.710
41 Sevilla;50-54 años;TOTAL;Hombres;2018;74.037
41 Sevilla;50-54 años;TOTAL;Mujeres;2022;78.081
41 Sevilla;50-54 años;TOTAL;Mujeres;2021;77.496
41 Sevilla;50-54 años;TOTAL;Mujeres;2020;77.276
41 Sevilla;50-54 años;TOTAL;Mujeres;2019;77.252
41 Sevilla;50-54 años;TOTAL;Mujeres;2018;76.224
41 Sevilla;55-59 años;TOTAL;Hombres;2022;69.459
41 Sevilla;55-59 años;TOTAL;Hombres;2021;67.485
41 Sevilla;55-59 años;TOTAL;Hombres;2020;65.978
41 Sevilla;55-59 años;TOTAL;Hombres;2019;63.182
41 Sevilla;55-59 años;TOTAL;Hombres;2018;61.253
41 Sevilla;55-59 años;TOTAL;Mujeres;2022;73.094
41 Sevilla;55-59 años;TOTAL;Mujeres;2021;71.180
41 Sevilla;55-59 años;TOTAL;Mujeres;2020;69.249
41 Sevilla;55-59 años;TOTAL;Mujeres;2019;66.200
41 Sevilla;55-59 años;TOTAL;Mujeres;2018;64.270
41 Sevilla;60-64 años;TOTAL;Hombres;2022;57.046
41 Sevilla;60-64 años;TOTAL;Hombres;2021;55.328
41 Sevilla;60-64 años;TOTAL;Hombres;2020;53.398
41 Sevilla;60-64 años;TOTAL;Hombres;2019;51.364
41 Sevilla;60-64 años;TOTAL;Hombres;2018;49.835
41 Sevilla;60-64 años;TOTAL;Mujeres;2022;61.805
41 Sevilla;60-64 años;TOTAL;Mujeres;2021;59.962
41 Sevilla;60-64 años;TOTAL;Mujeres;2020;58.076
41 Sevilla;60-64 años;TOTAL;Mujeres;2019;55.863
41 Sevilla;60-64 años;TOTAL;Mujeres;2018;54.007
41 Sevilla;65-69 años;TOTAL;Hombres;2022;44.957
41 Sevilla;65-69 años;TOTAL;Hombres;2021;44.238
41 Sevilla;65-69 años;TOTAL;Hombres;2020;42.807
41 Sevilla;65-69 años;TOTAL;Hombres;2019;42.435
41 Sevilla;65-69 años;TOTAL;Hombres;2018;42.088
41 Sevilla;65-69 años;TOTAL;Mujeres;2022;50.835
41 Sevilla;65-69 años;TOTAL;Mujeres;2021;49.910
41 Sevilla;65-69 años;TOTAL;Mujeres;2020;47.911
41 Sevilla;65-69 años;TOTAL;Mujeres;2019;47.522
41 Sevilla;65-69 años;TOTAL;Mujeres;2018;47.261
41 Sevilla;70-74 años;TOTAL;Hombres;2022;37.092
41 Sevilla;70-74 años;TOTAL;Hombres;2021;36.137
41 Sevilla;70-74 años;TOTAL;Hombres;2020;37.156
41 Sevilla;70-74 años;TOTAL;Hombres;2019;37.045
41 Sevilla;70-74 años;TOTAL;Hombres;2018;36.575
41 Sevilla;70-74 años;TOTAL;Mujeres;2022;44.604
41 Sevilla;70-74 años;TOTAL;Mujeres;2021;43.779
41 Sevilla;70-74 años;TOTAL;Mujeres;2020;45.028
41 Sevilla;70-74 años;TOTAL;Mujeres;2019;44.716
41 Sevilla;70-74 años;TOTAL;Mujeres;2018;44.320
41 Sevilla;75-79 años;TOTAL;Hombres;2022;29.817
41 Sevilla;75-79 años;TOTAL;Hombres;2021;29.010
41 Sevilla;75-79 años;TOTAL;Hombres;2020;28.130
41 Sevilla;75-79 años;TOTAL;Hombres;2019;26.192
41 Sevilla;75-79 años;TOTAL;Hombres;2018;24.042
41 Sevilla;75-79 años;TOTAL;Mujeres;2022;39.408
41 Sevilla;75-79 años;TOTAL;Mujeres;2021;37.963
41 Sevilla;75-79 años;TOTAL;Mujeres;2020;36.847
41 Sevilla;75-79 años;TOTAL;Mujeres;2019;34.799
41 Sevilla;75-79 años;TOTAL;Mujeres;2018;32.349
41 Sevilla;80-84 años;TOTAL;Hombres;2022;17.321
41 Sevilla;80-84 años;TOTAL;Hombres;2021;17.553
41 Sevilla;80-84 años;TOTAL;Hombres;2020;16.955
41 Sevilla;80-84 años;TOTAL;Hombres;2019;16.952
41 Sevilla;80-84 años;TOTAL;Hombres;2018;17.499
41 Sevilla;80-84 años;TOTAL;Mujeres;2022;26.649
41 Sevilla;80-84 años;TOTAL;Mujeres;2021;27.758
41 Sevilla;80-84 años;TOTAL;Mujeres;2020;27.396
41 Sevilla;80-84 años;TOTAL;Mujeres;2019;27.909
41 Sevilla;80-84 años;TOTAL;Mujeres;2018;28.885
41 Sevilla;85-89 años;TOTAL;Hombres;2022;10.379
41 Sevilla;85-89 años;TOTAL;Hombres;2021;10.216
41 Sevilla;85-89 años;TOTAL;Hombres;2020;9.949
41 Sevilla;85-89 años;TOTAL;Hombres;2019;9.836
41 Sevilla;85-89 años;TOTAL;Hombres;2018;9.225
41 Sevilla;85-89 años;TOTAL;Mujeres;2022;20.428
41 Sevilla;85-89 años;TOTAL;Mujeres;2021;20.011
41 Sevilla;85-89 años;TOTAL;Mujeres;2020;19.935
41 Sevilla;85-89 años;TOTAL;Mujeres;2019;19.691
41 Sevilla;85-89 años;TOTAL;Mujeres;2018;18.951
41 Sevilla;90-94 años;TOTAL;Hombres;2022;3.429
41 Sevilla;90-94 años;TOTAL;Hombres;2021;3.286
41 Sevilla;90-94 años;TOTAL;Hombres;2020;3.133
41 Sevilla;90-94 años;TOTAL;Hombres;2019;2.921
41 Sevilla;90-94 años;TOTAL;Hombres;2018;2.718
41 Sevilla;90-94 años;TOTAL;Mujeres;2022;8.854
41 Sevilla;90-94 años;TOTAL;Mujeres;2021;8.588
41 Sevilla;90-94 años;TOTAL;Mujeres;2020;8.122
41 Sevilla;90-94 años;TOTAL;Mujeres;2019;7.624
41 Sevilla;90-94 años;TOTAL;Mujeres;2018;7.232
41 Sevilla;95-99 años;TOTAL;Hombres;2022;593
41 Sevilla;95-99 años;TOTAL;Hombres;2021;609
41 Sevilla;95-99 años;TOTAL;Hombres;2020;587
41 Sevilla;95-99 años;TOTAL;Hombres;2019;546
41 Sevilla;95-99 años;TOTAL;Hombres;2018;494
41 Sevilla;95-99 años;TOTAL;Mujeres;2022;2.002
41 Sevilla;95-99 años;TOTAL;Mujeres;2021;1.983
41 Sevilla;95-99 años;TOTAL;Mujeres;2020;1.948
41 Sevilla;95-99 años;TOTAL;Mujeres;2019;1.863
41 Sevilla;95-99 años;TOTAL;Mujeres;2018;1.781
41 Sevilla;100 años y más;TOTAL;Hombres;2022;135
41 Sevilla;100 años y más;TOTAL;Hombres;2021;126
41 Sevilla;100 años y más;TOTAL;Hombres;2020;132
41 Sevilla;100 años y más;TOTAL;Hombres;2019;121
41 Sevilla;100 años y más;TOTAL;Hombres;2018;119
41 Sevilla;100 años y más;TOTAL;Mujeres;2022;501
41 Sevilla;100 años y más;TOTAL;Mujeres;2021;505
41 Sevilla;100 años y más;TOTAL;Mujeres;2020;470
41 Sevilla;100 años y más;TOTAL;Mujeres;2019;441
41 Sevilla;100 años y más;TOTAL;Mujeres;2018;412
42 Soria;0-4 años;TOTAL;Hombres;2022;1.545
42 Soria;0-4 años;TOTAL;Hombres;2021;1.590
42 Soria;0-4 años;TOTAL;Hombres;2020;1.654
42 Soria;0-4 años;TOTAL;Hombres;2019;1.611
42 Soria;0-4 años;TOTAL;Hombres;2018;1.622
42 Soria;0-4 años;TOTAL;Mujeres;2022;1.486
42 Soria;0-4 años;TOTAL;Mujeres;2021;1.535
42 Soria;0-4 años;TOTAL;Mujeres;2020;1.544
42 Soria;0-4 años;TOTAL;Mujeres;2019;1.588
42 Soria;0-4 años;TOTAL;Mujeres;2018;1.569
42 Soria;5-9 años;TOTAL;Hombres;2022;1.803
42 Soria;5-9 años;TOTAL;Hombres;2021;1.844
42 Soria;5-9 años;TOTAL;Hombres;2020;1.835
42 Soria;5-9 años;TOTAL;Hombres;2019;1.865
42 Soria;5-9 años;TOTAL;Hombres;2018;1.896
42 Soria;5-9 años;TOTAL;Mujeres;2022;1.706
42 Soria;5-9 años;TOTAL;Mujeres;2021;1.743
42 Soria;5-9 años;TOTAL;Mujeres;2020;1.791
42 Soria;5-9 años;TOTAL;Mujeres;2019;1.811
42 Soria;5-9 años;TOTAL;Mujeres;2018;1.854
42 Soria;10-14 años;TOTAL;Hombres;2022;2.062
42 Soria;10-14 años;TOTAL;Hombres;2021;2.044
42 Soria;10-14 años;TOTAL;Hombres;2020;2.055
42 Soria;10-14 años;TOTAL;Hombres;2019;2.005
42 Soria;10-14 años;TOTAL;Hombres;2018;1.976
42 Soria;10-14 años;TOTAL;Mujeres;2022;1.894
42 Soria;10-14 años;TOTAL;Mujeres;2021;1.906
42 Soria;10-14 años;TOTAL;Mujeres;2020;1.879
42 Soria;10-14 años;TOTAL;Mujeres;2019;1.867
42 Soria;10-14 años;TOTAL;Mujeres;2018;1.871
42 Soria;15-19 años;TOTAL;Hombres;2022;2.053
42 Soria;15-19 años;TOTAL;Hombres;2021;2.076
42 Soria;15-19 años;TOTAL;Hombres;2020;2.089
42 Soria;15-19 años;TOTAL;Hombres;2019;2.096
42 Soria;15-19 años;TOTAL;Hombres;2018;2.082
42 Soria;15-19 años;TOTAL;Mujeres;2022;1.949
42 Soria;15-19 años;TOTAL;Mujeres;2021;1.932
42 Soria;15-19 años;TOTAL;Mujeres;2020;1.943
42 Soria;15-19 años;TOTAL;Mujeres;2019;1.919
42 Soria;15-19 años;TOTAL;Mujeres;2018;1.899
42 Soria;20-24 años;TOTAL;Hombres;2022;2.263
42 Soria;20-24 años;TOTAL;Hombres;2021;2.216
42 Soria;20-24 años;TOTAL;Hombres;2020;2.133
42 Soria;20-24 años;TOTAL;Hombres;2019;2.118
42 Soria;20-24 años;TOTAL;Hombres;2018;2.115
42 Soria;20-24 años;TOTAL;Mujeres;2022;1.998
42 Soria;20-24 años;TOTAL;Mujeres;2021;2.058
42 Soria;20-24 años;TOTAL;Mujeres;2020;2.051
42 Soria;20-24 años;TOTAL;Mujeres;2019;1.960
42 Soria;20-24 años;TOTAL;Mujeres;2018;1.952
42 Soria;25-29 años;TOTAL;Hombres;2022;2.194
42 Soria;25-29 años;TOTAL;Hombres;2021;2.204
42 Soria;25-29 años;TOTAL;Hombres;2020;2.187
42 Soria;25-29 años;TOTAL;Hombres;2019;2.174
42 Soria;25-29 años;TOTAL;Hombres;2018;2.137
42 Soria;25-29 años;TOTAL;Mujeres;2022;2.024
42 Soria;25-29 años;TOTAL;Mujeres;2021;2.023
42 Soria;25-29 años;TOTAL;Mujeres;2020;1.993
42 Soria;25-29 años;TOTAL;Mujeres;2019;2.026
42 Soria;25-29 años;TOTAL;Mujeres;2018;2.037
42 Soria;30-34 años;TOTAL;Hombres;2022;2.285
42 Soria;30-34 años;TOTAL;Hombres;2021;2.366
42 Soria;30-34 años;TOTAL;Hombres;2020;2.409
42 Soria;30-34 años;TOTAL;Hombres;2019;2.406
42 Soria;30-34 años;TOTAL;Hombres;2018;2.499
42 Soria;30-34 años;TOTAL;Mujeres;2022;2.122
42 Soria;30-34 años;TOTAL;Mujeres;2021;2.163
42 Soria;30-34 años;TOTAL;Mujeres;2020;2.207
42 Soria;30-34 años;TOTAL;Mujeres;2019;2.244
42 Soria;30-34 años;TOTAL;Mujeres;2018;2.271
42 Soria;35-39 años;TOTAL;Hombres;2022;2.620
42 Soria;35-39 años;TOTAL;Hombres;2021;2.686
42 Soria;35-39 años;TOTAL;Hombres;2020;2.708
42 Soria;35-39 años;TOTAL;Hombres;2019;2.843
42 Soria;35-39 años;TOTAL;Hombres;2018;2.951
42 Soria;35-39 años;TOTAL;Mujeres;2022;2.441
42 Soria;35-39 años;TOTAL;Mujeres;2021;2.519
42 Soria;35-39 años;TOTAL;Mujeres;2020;2.533
42 Soria;35-39 años;TOTAL;Mujeres;2019;2.604
42 Soria;35-39 años;TOTAL;Mujeres;2018;2.684
42 Soria;40-44 años;TOTAL;Hombres;2022;3.164
42 Soria;40-44 años;TOTAL;Hombres;2021;3.260
42 Soria;40-44 años;TOTAL;Hombres;2020;3.236
42 Soria;40-44 años;TOTAL;Hombres;2019;3.255
42 Soria;40-44 años;TOTAL;Hombres;2018;3.254
42 Soria;40-44 años;TOTAL;Mujeres;2022;2.923
42 Soria;40-44 años;TOTAL;Mujeres;2021;3.018
42 Soria;40-44 años;TOTAL;Mujeres;2020;3.092
42 Soria;40-44 años;TOTAL;Mujeres;2019;3.057
42 Soria;40-44 años;TOTAL;Mujeres;2018;3.032
42 Soria;45-49 años;TOTAL;Hombres;2022;3.389
42 Soria;45-49 años;TOTAL;Hombres;2021;3.394
42 Soria;45-49 años;TOTAL;Hombres;2020;3.411
42 Soria;45-49 años;TOTAL;Hombres;2019;3.454
42 Soria;45-49 años;TOTAL;Hombres;2018;3.466
42 Soria;45-49 años;TOTAL;Mujeres;2022;3.163
42 Soria;45-49 años;TOTAL;Mujeres;2021;3.086
42 Soria;45-49 años;TOTAL;Mujeres;2020;3.058
42 Soria;45-49 años;TOTAL;Mujeres;2019;3.114
42 Soria;45-49 años;TOTAL;Mujeres;2018;3.158
42 Soria;50-54 años;TOTAL;Hombres;2022;3.585
42 Soria;50-54 años;TOTAL;Hombres;2021;3.683
42 Soria;50-54 años;TOTAL;Hombres;2020;3.722
42 Soria;50-54 años;TOTAL;Hombres;2019;3.756
42 Soria;50-54 años;TOTAL;Hombres;2018;3.856
42 Soria;50-54 años;TOTAL;Mujeres;2022;3.239
42 Soria;50-54 años;TOTAL;Mujeres;2021;3.330
42 Soria;50-54 años;TOTAL;Mujeres;2020;3.390
42 Soria;50-54 años;TOTAL;Mujeres;2019;3.416
42 Soria;50-54 años;TOTAL;Mujeres;2018;3.381
42 Soria;55-59 años;TOTAL;Hombres;2022;3.790
42 Soria;55-59 años;TOTAL;Hombres;2021;3.769
42 Soria;55-59 años;TOTAL;Hombres;2020;3.791
42 Soria;55-59 años;TOTAL;Hombres;2019;3.730
42 Soria;55-59 años;TOTAL;Hombres;2018;3.662
42 Soria;55-59 años;TOTAL;Mujeres;2022;3.430
42 Soria;55-59 años;TOTAL;Mujeres;2021;3.422
42 Soria;55-59 años;TOTAL;Mujeres;2020;3.359
42 Soria;55-59 años;TOTAL;Mujeres;2019;3.220
42 Soria;55-59 años;TOTAL;Mujeres;2018;3.198
42 Soria;60-64 años;TOTAL;Hombres;2022;3.540
42 Soria;60-64 años;TOTAL;Hombres;2021;3.438
42 Soria;60-64 años;TOTAL;Hombres;2020;3.236
42 Soria;60-64 años;TOTAL;Hombres;2019;3.084
42 Soria;60-64 años;TOTAL;Hombres;2018;2.944
42 Soria;60-64 años;TOTAL;Mujeres;2022;3.134
42 Soria;60-64 años;TOTAL;Mujeres;2021;3.001
42 Soria;60-64 años;TOTAL;Mujeres;2020;2.843
42 Soria;60-64 años;TOTAL;Mujeres;2019;2.666
42 Soria;60-64 años;TOTAL;Mujeres;2018;2.551
42 Soria;65-69 años;TOTAL;Hombres;2022;2.704
42 Soria;65-69 años;TOTAL;Hombres;2021;2.581
42 Soria;65-69 años;TOTAL;Hombres;2020;2.583
42 Soria;65-69 años;TOTAL;Hombres;2019;2.555
42 Soria;65-69 años;TOTAL;Hombres;2018;2.472
42 Soria;65-69 años;TOTAL;Mujeres;2022;2.481
42 Soria;65-69 años;TOTAL;Mujeres;2021;2.398
42 Soria;65-69 años;TOTAL;Mujeres;2020;2.365
42 Soria;65-69 años;TOTAL;Mujeres;2019;2.400
42 Soria;65-69 años;TOTAL;Mujeres;2018;2.304
42 Soria;70-74 años;TOTAL;Hombres;2022;2.287
42 Soria;70-74 años;TOTAL;Hombres;2021;2.312
42 Soria;70-74 años;TOTAL;Hombres;2020;2.272
42 Soria;70-74 años;TOTAL;Hombres;2019;2.274
42 Soria;70-74 años;TOTAL;Hombres;2018;2.313
42 Soria;70-74 años;TOTAL;Mujeres;2022;2.187
42 Soria;70-74 años;TOTAL;Mujeres;2021;2.183
42 Soria;70-74 años;TOTAL;Mujeres;2020;2.164
42 Soria;70-74 años;TOTAL;Mujeres;2019;2.110
42 Soria;70-74 años;TOTAL;Mujeres;2018;2.153
42 Soria;75-79 años;TOTAL;Hombres;2022;2.020
42 Soria;75-79 años;TOTAL;Hombres;2021;1.949
42 Soria;75-79 años;TOTAL;Hombres;2020;1.958
42 Soria;75-79 años;TOTAL;Hombres;2019;1.818
42 Soria;75-79 años;TOTAL;Hombres;2018;1.700
42 Soria;75-79 años;TOTAL;Mujeres;2022;2.049
42 Soria;75-79 años;TOTAL;Mujeres;2021;2.055
42 Soria;75-79 años;TOTAL;Mujeres;2020;2.079
42 Soria;75-79 años;TOTAL;Mujeres;2019;2.031
42 Soria;75-79 años;TOTAL;Mujeres;2018;1.977
42 Soria;80-84 años;TOTAL;Hombres;2022;1.360
42 Soria;80-84 años;TOTAL;Hombres;2021;1.407
42 Soria;80-84 años;TOTAL;Hombres;2020;1.476
42 Soria;80-84 años;TOTAL;Hombres;2019;1.596
42 Soria;80-84 años;TOTAL;Hombres;2018;1.725
42 Soria;80-84 años;TOTAL;Mujeres;2022;1.789
42 Soria;80-84 años;TOTAL;Mujeres;2021;1.879
42 Soria;80-84 años;TOTAL;Mujeres;2020;1.981
42 Soria;80-84 años;TOTAL;Mujeres;2019;2.192
42 Soria;80-84 años;TOTAL;Mujeres;2018;2.361
42 Soria;85-89 años;TOTAL;Hombres;2022;1.268
42 Soria;85-89 años;TOTAL;Hombres;2021;1.274
42 Soria;85-89 años;TOTAL;Hombres;2020;1.320
42 Soria;85-89 años;TOTAL;Hombres;2019;1.379
42 Soria;85-89 años;TOTAL;Hombres;2018;1.388
42 Soria;85-89 años;TOTAL;Mujeres;2022;1.942
42 Soria;85-89 años;TOTAL;Mujeres;2021;1.934
42 Soria;85-89 años;TOTAL;Mujeres;2020;2.027
42 Soria;85-89 años;TOTAL;Mujeres;2019;1.997
42 Soria;85-89 años;TOTAL;Mujeres;2018;1.985
42 Soria;90-94 años;TOTAL;Hombres;2022;647
42 Soria;90-94 años;TOTAL;Hombres;2021;646
42 Soria;90-94 años;TOTAL;Hombres;2020;652
42 Soria;90-94 años;TOTAL;Hombres;2019;614
42 Soria;90-94 años;TOTAL;Hombres;2018;589
42 Soria;90-94 años;TOTAL;Mujeres;2022;1.149
42 Soria;90-94 años;TOTAL;Mujeres;2021;1.167
42 Soria;90-94 años;TOTAL;Mujeres;2020;1.179
42 Soria;90-94 años;TOTAL;Mujeres;2019;1.127
42 Soria;90-94 años;TOTAL;Mujeres;2018;1.130
42 Soria;95-99 años;TOTAL;Hombres;2022;164
42 Soria;95-99 años;TOTAL;Hombres;2021;155
42 Soria;95-99 años;TOTAL;Hombres;2020;178
42 Soria;95-99 años;TOTAL;Hombres;2019;155
42 Soria;95-99 años;TOTAL;Hombres;2018;130
42 Soria;95-99 años;TOTAL;Mujeres;2022;415
42 Soria;95-99 años;TOTAL;Mujeres;2021;400
42 Soria;95-99 años;TOTAL;Mujeres;2020;402
42 Soria;95-99 años;TOTAL;Mujeres;2019;394
42 Soria;95-99 años;TOTAL;Mujeres;2018;348
42 Soria;100 años y más;TOTAL;Hombres;2022;33
42 Soria;100 años y más;TOTAL;Hombres;2021;26
42 Soria;100 años y más;TOTAL;Hombres;2020;22
42 Soria;100 años y más;TOTAL;Hombres;2019;26
42 Soria;100 años y más;TOTAL;Hombres;2018;23
42 Soria;100 años y más;TOTAL;Mujeres;2022;80
42 Soria;100 años y más;TOTAL;Mujeres;2021;75
42 Soria;100 años y más;TOTAL;Mujeres;2020;77
42 Soria;100 años y más;TOTAL;Mujeres;2019;79
42 Soria;100 años y más;TOTAL;Mujeres;2018;85
43 Tarragona;0-4 años;TOTAL;Hombres;2022;17.280
43 Tarragona;0-4 años;TOTAL;Hombres;2021;17.868
43 Tarragona;0-4 años;TOTAL;Hombres;2020;18.827
43 Tarragona;0-4 años;TOTAL;Hombres;2019;19.175
43 Tarragona;0-4 años;TOTAL;Hombres;2018;19.348
43 Tarragona;0-4 años;TOTAL;Mujeres;2022;16.403
43 Tarragona;0-4 años;TOTAL;Mujeres;2021;16.916
43 Tarragona;0-4 años;TOTAL;Mujeres;2020;17.734
43 Tarragona;0-4 años;TOTAL;Mujeres;2019;18.099
43 Tarragona;0-4 años;TOTAL;Mujeres;2018;18.253
43 Tarragona;5-9 años;TOTAL;Hombres;2022;21.674
43 Tarragona;5-9 años;TOTAL;Hombres;2021;22.045
43 Tarragona;5-9 años;TOTAL;Hombres;2020;22.393
43 Tarragona;5-9 años;TOTAL;Hombres;2019;22.646
43 Tarragona;5-9 años;TOTAL;Hombres;2018;23.397
43 Tarragona;5-9 años;TOTAL;Mujeres;2022;20.376
43 Tarragona;5-9 años;TOTAL;Mujeres;2021;20.562
43 Tarragona;5-9 años;TOTAL;Mujeres;2020;20.889
43 Tarragona;5-9 años;TOTAL;Mujeres;2019;21.252
43 Tarragona;5-9 años;TOTAL;Mujeres;2018;21.979
43 Tarragona;10-14 años;TOTAL;Hombres;2022;24.821
43 Tarragona;10-14 años;TOTAL;Hombres;2021;24.536
43 Tarragona;10-14 años;TOTAL;Hombres;2020;24.307
43 Tarragona;10-14 años;TOTAL;Hombres;2019;23.784
43 Tarragona;10-14 años;TOTAL;Hombres;2018;23.011
43 Tarragona;10-14 años;TOTAL;Mujeres;2022;23.270
43 Tarragona;10-14 años;TOTAL;Mujeres;2021;23.161
43 Tarragona;10-14 años;TOTAL;Mujeres;2020;22.833
43 Tarragona;10-14 años;TOTAL;Mujeres;2019;22.337
43 Tarragona;10-14 años;TOTAL;Mujeres;2018;21.648
43 Tarragona;15-19 años;TOTAL;Hombres;2022;24.034
43 Tarragona;15-19 años;TOTAL;Hombres;2021;23.373
43 Tarragona;15-19 años;TOTAL;Hombres;2020;22.692
43 Tarragona;15-19 años;TOTAL;Hombres;2019;21.362
43 Tarragona;15-19 años;TOTAL;Hombres;2018;20.404
43 Tarragona;15-19 años;TOTAL;Mujeres;2022;21.878
43 Tarragona;15-19 años;TOTAL;Mujeres;2021;21.098
43 Tarragona;15-19 años;TOTAL;Mujeres;2020;20.689
43 Tarragona;15-19 años;TOTAL;Mujeres;2019;19.977
43 Tarragona;15-19 años;TOTAL;Mujeres;2018;19.387
43 Tarragona;20-24 años;TOTAL;Hombres;2022;22.094
43 Tarragona;20-24 años;TOTAL;Hombres;2021;21.392
43 Tarragona;20-24 años;TOTAL;Hombres;2020;20.804
43 Tarragona;20-24 años;TOTAL;Hombres;2019;20.191
43 Tarragona;20-24 años;TOTAL;Hombres;2018;19.607
43 Tarragona;20-24 años;TOTAL;Mujeres;2022;20.440
43 Tarragona;20-24 años;TOTAL;Mujeres;2021;20.035
43 Tarragona;20-24 años;TOTAL;Mujeres;2020;19.625
43 Tarragona;20-24 años;TOTAL;Mujeres;2019;19.206
43 Tarragona;20-24 años;TOTAL;Mujeres;2018;18.883
43 Tarragona;25-29 años;TOTAL;Hombres;2022;21.807
43 Tarragona;25-29 años;TOTAL;Hombres;2021;21.564
43 Tarragona;25-29 años;TOTAL;Hombres;2020;21.635
43 Tarragona;25-29 años;TOTAL;Hombres;2019;20.955
43 Tarragona;25-29 años;TOTAL;Hombres;2018;20.724
43 Tarragona;25-29 años;TOTAL;Mujeres;2022;20.660
43 Tarragona;25-29 años;TOTAL;Mujeres;2021;20.504
43 Tarragona;25-29 años;TOTAL;Mujeres;2020;20.449
43 Tarragona;25-29 años;TOTAL;Mujeres;2019;20.159
43 Tarragona;25-29 años;TOTAL;Mujeres;2018;20.370
43 Tarragona;30-34 años;TOTAL;Hombres;2022;23.228
43 Tarragona;30-34 años;TOTAL;Hombres;2021;23.095
43 Tarragona;30-34 años;TOTAL;Hombres;2020;23.649
43 Tarragona;30-34 años;TOTAL;Hombres;2019;23.635
43 Tarragona;30-34 años;TOTAL;Hombres;2018;23.777
43 Tarragona;30-34 años;TOTAL;Mujeres;2022;22.887
43 Tarragona;30-34 años;TOTAL;Mujeres;2021;23.183
43 Tarragona;30-34 años;TOTAL;Mujeres;2020;23.600
43 Tarragona;30-34 años;TOTAL;Mujeres;2019;23.883
43 Tarragona;30-34 años;TOTAL;Mujeres;2018;24.062
43 Tarragona;35-39 años;TOTAL;Hombres;2022;27.003
43 Tarragona;35-39 años;TOTAL;Hombres;2021;28.253
43 Tarragona;35-39 años;TOTAL;Hombres;2020;29.661
43 Tarragona;35-39 años;TOTAL;Hombres;2019;30.743
43 Tarragona;35-39 años;TOTAL;Hombres;2018;32.271
43 Tarragona;35-39 años;TOTAL;Mujeres;2022;27.062
43 Tarragona;35-39 años;TOTAL;Mujeres;2021;27.807
43 Tarragona;35-39 años;TOTAL;Mujeres;2020;28.856
43 Tarragona;35-39 años;TOTAL;Mujeres;2019;29.615
43 Tarragona;35-39 años;TOTAL;Mujeres;2018;30.685
43 Tarragona;40-44 años;TOTAL;Hombres;2022;35.285
43 Tarragona;40-44 años;TOTAL;Hombres;2021;36.410
43 Tarragona;40-44 años;TOTAL;Hombres;2020;36.923
43 Tarragona;40-44 años;TOTAL;Hombres;2019;36.603
43 Tarragona;40-44 años;TOTAL;Hombres;2018;36.040
43 Tarragona;40-44 años;TOTAL;Mujeres;2022;33.504
43 Tarragona;40-44 años;TOTAL;Mujeres;2021;34.136
43 Tarragona;40-44 años;TOTAL;Mujeres;2020;34.236
43 Tarragona;40-44 años;TOTAL;Mujeres;2019;34.114
43 Tarragona;40-44 años;TOTAL;Mujeres;2018;33.567
43 Tarragona;45-49 años;TOTAL;Hombres;2022;36.661
43 Tarragona;45-49 años;TOTAL;Hombres;2021;35.767
43 Tarragona;45-49 años;TOTAL;Hombres;2020;34.711
43 Tarragona;45-49 años;TOTAL;Hombres;2019;33.603
43 Tarragona;45-49 años;TOTAL;Hombres;2018;32.918
43 Tarragona;45-49 años;TOTAL;Mujeres;2022;33.991
43 Tarragona;45-49 años;TOTAL;Mujeres;2021;32.914
43 Tarragona;45-49 años;TOTAL;Mujeres;2020;31.941
43 Tarragona;45-49 años;TOTAL;Mujeres;2019;31.025
43 Tarragona;45-49 años;TOTAL;Mujeres;2018;30.202
43 Tarragona;50-54 años;TOTAL;Hombres;2022;32.692
43 Tarragona;50-54 años;TOTAL;Hombres;2021;31.980
43 Tarragona;50-54 años;TOTAL;Hombres;2020;31.111
43 Tarragona;50-54 años;TOTAL;Hombres;2019;30.536
43 Tarragona;50-54 años;TOTAL;Hombres;2018;29.716
43 Tarragona;50-54 años;TOTAL;Mujeres;2022;30.765
43 Tarragona;50-54 años;TOTAL;Mujeres;2021;30.245
43 Tarragona;50-54 años;TOTAL;Mujeres;2020;29.688
43 Tarragona;50-54 años;TOTAL;Mujeres;2019;29.120
43 Tarragona;50-54 años;TOTAL;Mujeres;2018;28.559
43 Tarragona;55-59 años;TOTAL;Hombres;2022;29.246
43 Tarragona;55-59 años;TOTAL;Hombres;2021;28.185
43 Tarragona;55-59 años;TOTAL;Hombres;2020;27.438
43 Tarragona;55-59 años;TOTAL;Hombres;2019;26.534
43 Tarragona;55-59 años;TOTAL;Hombres;2018;26.046
43 Tarragona;55-59 años;TOTAL;Mujeres;2022;28.778
43 Tarragona;55-59 años;TOTAL;Mujeres;2021;28.217
43 Tarragona;55-59 años;TOTAL;Mujeres;2020;27.693
43 Tarragona;55-59 años;TOTAL;Mujeres;2019;26.977
43 Tarragona;55-59 años;TOTAL;Mujeres;2018;26.506
43 Tarragona;60-64 años;TOTAL;Hombres;2022;25.562
43 Tarragona;60-64 años;TOTAL;Hombres;2021;24.887
43 Tarragona;60-64 años;TOTAL;Hombres;2020;24.128
43 Tarragona;60-64 años;TOTAL;Hombres;2019;23.203
43 Tarragona;60-64 años;TOTAL;Hombres;2018;22.565
43 Tarragona;60-64 años;TOTAL;Mujeres;2022;26.448
43 Tarragona;60-64 años;TOTAL;Mujeres;2021;25.599
43 Tarragona;60-64 años;TOTAL;Mujeres;2020;24.840
43 Tarragona;60-64 años;TOTAL;Mujeres;2019;23.996
43 Tarragona;60-64 años;TOTAL;Mujeres;2018;23.249
43 Tarragona;65-69 años;TOTAL;Hombres;2022;21.699
43 Tarragona;65-69 años;TOTAL;Hombres;2021;21.257
43 Tarragona;65-69 años;TOTAL;Hombres;2020;20.631
43 Tarragona;65-69 años;TOTAL;Hombres;2019;20.406
43 Tarragona;65-69 años;TOTAL;Hombres;2018;20.343
43 Tarragona;65-69 años;TOTAL;Mujeres;2022;23.192
43 Tarragona;65-69 años;TOTAL;Mujeres;2021;22.576
43 Tarragona;65-69 años;TOTAL;Mujeres;2020;21.810
43 Tarragona;65-69 años;TOTAL;Mujeres;2019;21.387
43 Tarragona;65-69 años;TOTAL;Mujeres;2018;21.264
43 Tarragona;70-74 años;TOTAL;Hombres;2022;18.759
43 Tarragona;70-74 años;TOTAL;Hombres;2021;18.519
43 Tarragona;70-74 años;TOTAL;Hombres;2020;18.419
43 Tarragona;70-74 años;TOTAL;Hombres;2019;17.814
43 Tarragona;70-74 años;TOTAL;Hombres;2018;17.124
43 Tarragona;70-74 años;TOTAL;Mujeres;2022;20.641
43 Tarragona;70-74 años;TOTAL;Mujeres;2021;20.198
43 Tarragona;70-74 años;TOTAL;Mujeres;2020;20.149
43 Tarragona;70-74 años;TOTAL;Mujeres;2019;19.552
43 Tarragona;70-74 años;TOTAL;Mujeres;2018;18.731
43 Tarragona;75-79 años;TOTAL;Hombres;2022;14.306
43 Tarragona;75-79 años;TOTAL;Hombres;2021;13.566
43 Tarragona;75-79 años;TOTAL;Hombres;2020;13.514
43 Tarragona;75-79 años;TOTAL;Hombres;2019;12.280
43 Tarragona;75-79 años;TOTAL;Hombres;2018;11.394
43 Tarragona;75-79 años;TOTAL;Mujeres;2022;16.855
43 Tarragona;75-79 años;TOTAL;Mujeres;2021;16.003
43 Tarragona;75-79 años;TOTAL;Mujeres;2020;15.724
43 Tarragona;75-79 años;TOTAL;Mujeres;2019;14.123
43 Tarragona;75-79 años;TOTAL;Mujeres;2018;13.102
43 Tarragona;80-84 años;TOTAL;Hombres;2022;8.932
43 Tarragona;80-84 años;TOTAL;Hombres;2021;8.976
43 Tarragona;80-84 años;TOTAL;Hombres;2020;8.435
43 Tarragona;80-84 años;TOTAL;Hombres;2019;9.177
43 Tarragona;80-84 años;TOTAL;Hombres;2018;9.581
43 Tarragona;80-84 años;TOTAL;Mujeres;2022;11.517
43 Tarragona;80-84 años;TOTAL;Mujeres;2021;11.769
43 Tarragona;80-84 años;TOTAL;Mujeres;2020;11.352
43 Tarragona;80-84 años;TOTAL;Mujeres;2019;12.455
43 Tarragona;80-84 años;TOTAL;Mujeres;2018;13.097
43 Tarragona;85-89 años;TOTAL;Hombres;2022;6.096
43 Tarragona;85-89 años;TOTAL;Hombres;2021;6.029
43 Tarragona;85-89 años;TOTAL;Hombres;2020;5.942
43 Tarragona;85-89 años;TOTAL;Hombres;2019;5.831
43 Tarragona;85-89 años;TOTAL;Hombres;2018;5.744
43 Tarragona;85-89 años;TOTAL;Mujeres;2022;10.019
43 Tarragona;85-89 años;TOTAL;Mujeres;2021;9.913
43 Tarragona;85-89 años;TOTAL;Mujeres;2020;9.969
43 Tarragona;85-89 años;TOTAL;Mujeres;2019;9.947
43 Tarragona;85-89 años;TOTAL;Mujeres;2018;9.726
43 Tarragona;90-94 años;TOTAL;Hombres;2022;2.470
43 Tarragona;90-94 años;TOTAL;Hombres;2021;2.396
43 Tarragona;90-94 años;TOTAL;Hombres;2020;2.380
43 Tarragona;90-94 años;TOTAL;Hombres;2019;2.232
43 Tarragona;90-94 años;TOTAL;Hombres;2018;2.158
43 Tarragona;90-94 años;TOTAL;Mujeres;2022;5.378
43 Tarragona;90-94 años;TOTAL;Mujeres;2021;5.206
43 Tarragona;90-94 años;TOTAL;Mujeres;2020;4.995
43 Tarragona;90-94 años;TOTAL;Mujeres;2019;4.744
43 Tarragona;90-94 años;TOTAL;Mujeres;2018;4.566
43 Tarragona;95-99 años;TOTAL;Hombres;2022;560
43 Tarragona;95-99 años;TOTAL;Hombres;2021;493
43 Tarragona;95-99 años;TOTAL;Hombres;2020;492
43 Tarragona;95-99 años;TOTAL;Hombres;2019;504
43 Tarragona;95-99 años;TOTAL;Hombres;2018;450
43 Tarragona;95-99 años;TOTAL;Mujeres;2022;1.482
43 Tarragona;95-99 años;TOTAL;Mujeres;2021;1.397
43 Tarragona;95-99 años;TOTAL;Mujeres;2020;1.370
43 Tarragona;95-99 años;TOTAL;Mujeres;2019;1.245
43 Tarragona;95-99 años;TOTAL;Mujeres;2018;1.242
43 Tarragona;100 años y más;TOTAL;Hombres;2022;71
43 Tarragona;100 años y más;TOTAL;Hombres;2021;65
43 Tarragona;100 años y más;TOTAL;Hombres;2020;50
43 Tarragona;100 años y más;TOTAL;Hombres;2019;44
43 Tarragona;100 años y más;TOTAL;Hombres;2018;43
43 Tarragona;100 años y más;TOTAL;Mujeres;2022;249
43 Tarragona;100 años y más;TOTAL;Mujeres;2021;214
43 Tarragona;100 años y más;TOTAL;Mujeres;2020;188
43 Tarragona;100 años y más;TOTAL;Mujeres;2019;193
43 Tarragona;100 años y más;TOTAL;Mujeres;2018;163
44 Teruel;0-4 años;TOTAL;Hombres;2022;2.493
44 Teruel;0-4 años;TOTAL;Hombres;2021;2.541
44 Teruel;0-4 años;TOTAL;Hombres;2020;2.552
44 Teruel;0-4 años;TOTAL;Hombres;2019;2.655
44 Teruel;0-4 años;TOTAL;Hombres;2018;2.735
44 Teruel;0-4 años;TOTAL;Mujeres;2022;2.436
44 Teruel;0-4 años;TOTAL;Mujeres;2021;2.479
44 Teruel;0-4 años;TOTAL;Mujeres;2020;2.493
44 Teruel;0-4 años;TOTAL;Mujeres;2019;2.546
44 Teruel;0-4 años;TOTAL;Mujeres;2018;2.611
44 Teruel;5-9 años;TOTAL;Hombres;2022;3.019
44 Teruel;5-9 años;TOTAL;Hombres;2021;3.055
44 Teruel;5-9 años;TOTAL;Hombres;2020;3.090
44 Teruel;5-9 años;TOTAL;Hombres;2019;3.057
44 Teruel;5-9 años;TOTAL;Hombres;2018;3.060
44 Teruel;5-9 años;TOTAL;Mujeres;2022;2.832
44 Teruel;5-9 años;TOTAL;Mujeres;2021;2.896
44 Teruel;5-9 años;TOTAL;Mujeres;2020;2.934
44 Teruel;5-9 años;TOTAL;Mujeres;2019;2.950
44 Teruel;5-9 años;TOTAL;Mujeres;2018;3.018
44 Teruel;10-14 años;TOTAL;Hombres;2022;3.234
44 Teruel;10-14 años;TOTAL;Hombres;2021;3.196
44 Teruel;10-14 años;TOTAL;Hombres;2020;3.150
44 Teruel;10-14 años;TOTAL;Hombres;2019;3.151
44 Teruel;10-14 años;TOTAL;Hombres;2018;3.071
44 Teruel;10-14 años;TOTAL;Mujeres;2022;3.195
44 Teruel;10-14 años;TOTAL;Mujeres;2021;3.138
44 Teruel;10-14 años;TOTAL;Mujeres;2020;3.059
44 Teruel;10-14 años;TOTAL;Mujeres;2019;2.990
44 Teruel;10-14 años;TOTAL;Mujeres;2018;2.943
44 Teruel;15-19 años;TOTAL;Hombres;2022;3.183
44 Teruel;15-19 años;TOTAL;Hombres;2021;3.171
44 Teruel;15-19 años;TOTAL;Hombres;2020;3.210
44 Teruel;15-19 años;TOTAL;Hombres;2019;3.085
44 Teruel;15-19 años;TOTAL;Hombres;2018;3.077
44 Teruel;15-19 años;TOTAL;Mujeres;2022;2.948
44 Teruel;15-19 años;TOTAL;Mujeres;2021;2.951
44 Teruel;15-19 años;TOTAL;Mujeres;2020;2.983
44 Teruel;15-19 años;TOTAL;Mujeres;2019;2.959
44 Teruel;15-19 años;TOTAL;Mujeres;2018;2.905
44 Teruel;20-24 años;TOTAL;Hombres;2022;3.446
44 Teruel;20-24 años;TOTAL;Hombres;2021;3.398
44 Teruel;20-24 años;TOTAL;Hombres;2020;3.250
44 Teruel;20-24 años;TOTAL;Hombres;2019;3.305
44 Teruel;20-24 años;TOTAL;Hombres;2018;3.285
44 Teruel;20-24 años;TOTAL;Mujeres;2022;3.147
44 Teruel;20-24 años;TOTAL;Mujeres;2021;3.135
44 Teruel;20-24 años;TOTAL;Mujeres;2020;3.096
44 Teruel;20-24 años;TOTAL;Mujeres;2019;3.123
44 Teruel;20-24 años;TOTAL;Mujeres;2018;3.214
44 Teruel;25-29 años;TOTAL;Hombres;2022;3.521
44 Teruel;25-29 años;TOTAL;Hombres;2021;3.471
44 Teruel;25-29 años;TOTAL;Hombres;2020;3.519
44 Teruel;25-29 años;TOTAL;Hombres;2019;3.483
44 Teruel;25-29 años;TOTAL;Hombres;2018;3.510
44 Teruel;25-29 años;TOTAL;Mujeres;2022;3.289
44 Teruel;25-29 años;TOTAL;Mujeres;2021;3.350
44 Teruel;25-29 años;TOTAL;Mujeres;2020;3.374
44 Teruel;25-29 años;TOTAL;Mujeres;2019;3.389
44 Teruel;25-29 años;TOTAL;Mujeres;2018;3.426
44 Teruel;30-34 años;TOTAL;Hombres;2022;3.806
44 Teruel;30-34 años;TOTAL;Hombres;2021;3.914
44 Teruel;30-34 años;TOTAL;Hombres;2020;3.886
44 Teruel;30-34 años;TOTAL;Hombres;2019;3.921
44 Teruel;30-34 años;TOTAL;Hombres;2018;3.995
44 Teruel;30-34 años;TOTAL;Mujeres;2022;3.554
44 Teruel;30-34 años;TOTAL;Mujeres;2021;3.607
44 Teruel;30-34 años;TOTAL;Mujeres;2020;3.569
44 Teruel;30-34 años;TOTAL;Mujeres;2019;3.562
44 Teruel;30-34 años;TOTAL;Mujeres;2018;3.628
44 Teruel;35-39 años;TOTAL;Hombres;2022;4.261
44 Teruel;35-39 años;TOTAL;Hombres;2021;4.378
44 Teruel;35-39 años;TOTAL;Hombres;2020;4.511
44 Teruel;35-39 años;TOTAL;Hombres;2019;4.688
44 Teruel;35-39 años;TOTAL;Hombres;2018;4.813
44 Teruel;35-39 años;TOTAL;Mujeres;2022;3.762
44 Teruel;35-39 años;TOTAL;Mujeres;2021;3.833
44 Teruel;35-39 años;TOTAL;Mujeres;2020;3.917
44 Teruel;35-39 años;TOTAL;Mujeres;2019;4.050
44 Teruel;35-39 años;TOTAL;Mujeres;2018;4.141
44 Teruel;40-44 años;TOTAL;Hombres;2022;5.051
44 Teruel;40-44 años;TOTAL;Hombres;2021;5.168
44 Teruel;40-44 años;TOTAL;Hombres;2020;5.108
44 Teruel;40-44 años;TOTAL;Hombres;2019;5.138
44 Teruel;40-44 años;TOTAL;Hombres;2018;5.181
44 Teruel;40-44 años;TOTAL;Mujeres;2022;4.444
44 Teruel;40-44 años;TOTAL;Mujeres;2021;4.452
44 Teruel;40-44 años;TOTAL;Mujeres;2020;4.460
44 Teruel;40-44 años;TOTAL;Mujeres;2019;4.498
44 Teruel;40-44 años;TOTAL;Mujeres;2018;4.521
44 Teruel;45-49 años;TOTAL;Hombres;2022;5.210
44 Teruel;45-49 años;TOTAL;Hombres;2021;5.234
44 Teruel;45-49 años;TOTAL;Hombres;2020;5.150
44 Teruel;45-49 años;TOTAL;Hombres;2019;5.058
44 Teruel;45-49 años;TOTAL;Hombres;2018;5.057
44 Teruel;45-49 años;TOTAL;Mujeres;2022;4.555
44 Teruel;45-49 años;TOTAL;Mujeres;2021;4.622
44 Teruel;45-49 años;TOTAL;Mujeres;2020;4.591
44 Teruel;45-49 años;TOTAL;Mujeres;2019;4.680
44 Teruel;45-49 años;TOTAL;Mujeres;2018;4.786
44 Teruel;50-54 años;TOTAL;Hombres;2022;5.109
44 Teruel;50-54 años;TOTAL;Hombres;2021;5.203
44 Teruel;50-54 años;TOTAL;Hombres;2020;5.317
44 Teruel;50-54 años;TOTAL;Hombres;2019;5.472
44 Teruel;50-54 años;TOTAL;Hombres;2018;5.618
44 Teruel;50-54 años;TOTAL;Mujeres;2022;4.985
44 Teruel;50-54 años;TOTAL;Mujeres;2021;5.024
44 Teruel;50-54 años;TOTAL;Mujeres;2020;5.073
44 Teruel;50-54 años;TOTAL;Mujeres;2019;5.083
44 Teruel;50-54 años;TOTAL;Mujeres;2018;5.086
44 Teruel;55-59 años;TOTAL;Hombres;2022;5.590
44 Teruel;55-59 años;TOTAL;Hombres;2021;5.535
44 Teruel;55-59 años;TOTAL;Hombres;2020;5.507
44 Teruel;55-59 años;TOTAL;Hombres;2019;5.448
44 Teruel;55-59 años;TOTAL;Hombres;2018;5.405
44 Teruel;55-59 años;TOTAL;Mujeres;2022;5.029
44 Teruel;55-59 años;TOTAL;Mujeres;2021;5.075
44 Teruel;55-59 años;TOTAL;Mujeres;2020;5.009
44 Teruel;55-59 años;TOTAL;Mujeres;2019;4.897
44 Teruel;55-59 años;TOTAL;Mujeres;2018;4.793
44 Teruel;60-64 años;TOTAL;Hombres;2022;5.275
44 Teruel;60-64 años;TOTAL;Hombres;2021;5.198
44 Teruel;60-64 años;TOTAL;Hombres;2020;4.923
44 Teruel;60-64 años;TOTAL;Hombres;2019;4.626
44 Teruel;60-64 años;TOTAL;Hombres;2018;4.427
44 Teruel;60-64 años;TOTAL;Mujeres;2022;4.714
44 Teruel;60-64 años;TOTAL;Mujeres;2021;4.460
44 Teruel;60-64 años;TOTAL;Mujeres;2020;4.297
44 Teruel;60-64 años;TOTAL;Mujeres;2019;4.006
44 Teruel;60-64 años;TOTAL;Mujeres;2018;3.898
44 Teruel;65-69 años;TOTAL;Hombres;2022;4.126
44 Teruel;65-69 años;TOTAL;Hombres;2021;3.940
44 Teruel;65-69 años;TOTAL;Hombres;2020;3.807
44 Teruel;65-69 años;TOTAL;Hombres;2019;3.772
44 Teruel;65-69 años;TOTAL;Hombres;2018;3.670
44 Teruel;65-69 años;TOTAL;Mujeres;2022;3.746
44 Teruel;65-69 años;TOTAL;Mujeres;2021;3.594
44 Teruel;65-69 años;TOTAL;Mujeres;2020;3.478
44 Teruel;65-69 años;TOTAL;Mujeres;2019;3.501
44 Teruel;65-69 años;TOTAL;Mujeres;2018;3.413
44 Teruel;70-74 años;TOTAL;Hombres;2022;3.320
44 Teruel;70-74 años;TOTAL;Hombres;2021;3.262
44 Teruel;70-74 años;TOTAL;Hombres;2020;3.223
44 Teruel;70-74 años;TOTAL;Hombres;2019;3.179
44 Teruel;70-74 años;TOTAL;Hombres;2018;3.098
44 Teruel;70-74 años;TOTAL;Mujeres;2022;3.289
44 Teruel;70-74 años;TOTAL;Mujeres;2021;3.268
44 Teruel;70-74 años;TOTAL;Mujeres;2020;3.251
44 Teruel;70-74 años;TOTAL;Mujeres;2019;3.298
44 Teruel;70-74 años;TOTAL;Mujeres;2018;3.264
44 Teruel;75-79 años;TOTAL;Hombres;2022;2.665
44 Teruel;75-79 años;TOTAL;Hombres;2021;2.580
44 Teruel;75-79 años;TOTAL;Hombres;2020;2.599
44 Teruel;75-79 años;TOTAL;Hombres;2019;2.375
44 Teruel;75-79 años;TOTAL;Hombres;2018;2.297
44 Teruel;75-79 años;TOTAL;Mujeres;2022;2.977
44 Teruel;75-79 años;TOTAL;Mujeres;2021;2.922
44 Teruel;75-79 años;TOTAL;Mujeres;2020;3.024
44 Teruel;75-79 años;TOTAL;Mujeres;2019;2.755
44 Teruel;75-79 años;TOTAL;Mujeres;2018;2.709
44 Teruel;80-84 años;TOTAL;Hombres;2022;1.914
44 Teruel;80-84 años;TOTAL;Hombres;2021;2.018
44 Teruel;80-84 años;TOTAL;Hombres;2020;2.086
44 Teruel;80-84 años;TOTAL;Hombres;2019;2.375
44 Teruel;80-84 años;TOTAL;Hombres;2018;2.653
44 Teruel;80-84 años;TOTAL;Mujeres;2022;2.500
44 Teruel;80-84 años;TOTAL;Mujeres;2021;2.684
44 Teruel;80-84 años;TOTAL;Mujeres;2020;2.804
44 Teruel;80-84 años;TOTAL;Mujeres;2019;3.165
44 Teruel;80-84 años;TOTAL;Mujeres;2018;3.499
44 Teruel;85-89 años;TOTAL;Hombres;2022;1.796
44 Teruel;85-89 años;TOTAL;Hombres;2021;1.919
44 Teruel;85-89 años;TOTAL;Hombres;2020;1.989
44 Teruel;85-89 años;TOTAL;Hombres;2019;2.085
44 Teruel;85-89 años;TOTAL;Hombres;2018;2.081
44 Teruel;85-89 años;TOTAL;Mujeres;2022;2.779
44 Teruel;85-89 años;TOTAL;Mujeres;2021;2.821
44 Teruel;85-89 años;TOTAL;Mujeres;2020;2.848
44 Teruel;85-89 años;TOTAL;Mujeres;2019;2.868
44 Teruel;85-89 años;TOTAL;Mujeres;2018;2.840
44 Teruel;90-94 años;TOTAL;Hombres;2022;966
44 Teruel;90-94 años;TOTAL;Hombres;2021;903
44 Teruel;90-94 años;TOTAL;Hombres;2020;885
44 Teruel;90-94 años;TOTAL;Hombres;2019;843
44 Teruel;90-94 años;TOTAL;Hombres;2018;840
44 Teruel;90-94 años;TOTAL;Mujeres;2022;1.535
44 Teruel;90-94 años;TOTAL;Mujeres;2021;1.476
44 Teruel;90-94 años;TOTAL;Mujeres;2020;1.479
44 Teruel;90-94 años;TOTAL;Mujeres;2019;1.436
44 Teruel;90-94 años;TOTAL;Mujeres;2018;1.366
44 Teruel;95-99 años;TOTAL;Hombres;2022;191
44 Teruel;95-99 años;TOTAL;Hombres;2021;179
44 Teruel;95-99 años;TOTAL;Hombres;2020;192
44 Teruel;95-99 años;TOTAL;Hombres;2019;193
44 Teruel;95-99 años;TOTAL;Hombres;2018;173
44 Teruel;95-99 años;TOTAL;Mujeres;2022;434
44 Teruel;95-99 años;TOTAL;Mujeres;2021;407
44 Teruel;95-99 años;TOTAL;Mujeres;2020;403
44 Teruel;95-99 años;TOTAL;Mujeres;2019;388
44 Teruel;95-99 años;TOTAL;Mujeres;2018;383
44 Teruel;100 años y más;TOTAL;Hombres;2022;31
44 Teruel;100 años y más;TOTAL;Hombres;2021;24
44 Teruel;100 años y más;TOTAL;Hombres;2020;21
44 Teruel;100 años y más;TOTAL;Hombres;2019;18
44 Teruel;100 años y más;TOTAL;Hombres;2018;14
44 Teruel;100 años y más;TOTAL;Mujeres;2022;64
44 Teruel;100 años y más;TOTAL;Mujeres;2021;64
44 Teruel;100 años y más;TOTAL;Mujeres;2020;59
44 Teruel;100 años y más;TOTAL;Mujeres;2019;66
44 Teruel;100 años y más;TOTAL;Mujeres;2018;68
45 Toledo;0-4 años;TOTAL;Hombres;2022;15.134
45 Toledo;0-4 años;TOTAL;Hombres;2021;15.892
45 Toledo;0-4 años;TOTAL;Hombres;2020;16.358
45 Toledo;0-4 años;TOTAL;Hombres;2019;16.737
45 Toledo;0-4 años;TOTAL;Hombres;2018;16.949
45 Toledo;0-4 años;TOTAL;Mujeres;2022;14.387
45 Toledo;0-4 años;TOTAL;Mujeres;2021;15.054
45 Toledo;0-4 años;TOTAL;Mujeres;2020;15.555
45 Toledo;0-4 años;TOTAL;Mujeres;2019;15.905
45 Toledo;0-4 años;TOTAL;Mujeres;2018;16.122
45 Toledo;5-9 años;TOTAL;Hombres;2022;19.693
45 Toledo;5-9 años;TOTAL;Hombres;2021;19.941
45 Toledo;5-9 años;TOTAL;Hombres;2020;20.138
45 Toledo;5-9 años;TOTAL;Hombres;2019;20.241
45 Toledo;5-9 años;TOTAL;Hombres;2018;20.764
45 Toledo;5-9 años;TOTAL;Mujeres;2022;18.602
45 Toledo;5-9 años;TOTAL;Mujeres;2021;18.712
45 Toledo;5-9 años;TOTAL;Mujeres;2020;18.933
45 Toledo;5-9 años;TOTAL;Mujeres;2019;18.928
45 Toledo;5-9 años;TOTAL;Mujeres;2018;19.262
45 Toledo;10-14 años;TOTAL;Hombres;2022;22.096
45 Toledo;10-14 años;TOTAL;Hombres;2021;21.927
45 Toledo;10-14 años;TOTAL;Hombres;2020;21.588
45 Toledo;10-14 años;TOTAL;Hombres;2019;21.019
45 Toledo;10-14 años;TOTAL;Hombres;2018;20.301
45 Toledo;10-14 años;TOTAL;Mujeres;2022;20.758
45 Toledo;10-14 años;TOTAL;Mujeres;2021;20.574
45 Toledo;10-14 años;TOTAL;Mujeres;2020;20.455
45 Toledo;10-14 años;TOTAL;Mujeres;2019;20.005
45 Toledo;10-14 años;TOTAL;Mujeres;2018;19.328
45 Toledo;15-19 años;TOTAL;Hombres;2022;20.733
45 Toledo;15-19 años;TOTAL;Hombres;2021;20.007
45 Toledo;15-19 años;TOTAL;Hombres;2020;19.732
45 Toledo;15-19 años;TOTAL;Hombres;2019;18.915
45 Toledo;15-19 años;TOTAL;Hombres;2018;18.306
45 Toledo;15-19 años;TOTAL;Mujeres;2022;19.278
45 Toledo;15-19 años;TOTAL;Mujeres;2021;18.777
45 Toledo;15-19 años;TOTAL;Mujeres;2020;18.187
45 Toledo;15-19 años;TOTAL;Mujeres;2019;17.614
45 Toledo;15-19 años;TOTAL;Mujeres;2018;17.022
45 Toledo;20-24 años;TOTAL;Hombres;2022;19.392
45 Toledo;20-24 años;TOTAL;Hombres;2021;19.047
45 Toledo;20-24 años;TOTAL;Hombres;2020;18.506
45 Toledo;20-24 años;TOTAL;Hombres;2019;18.133
45 Toledo;20-24 años;TOTAL;Hombres;2018;17.964
45 Toledo;20-24 años;TOTAL;Mujeres;2022;17.999
45 Toledo;20-24 años;TOTAL;Mujeres;2021;17.695
45 Toledo;20-24 años;TOTAL;Mujeres;2020;17.248
45 Toledo;20-24 años;TOTAL;Mujeres;2019;16.925
45 Toledo;20-24 años;TOTAL;Mujeres;2018;16.808
45 Toledo;25-29 años;TOTAL;Hombres;2022;18.934
45 Toledo;25-29 años;TOTAL;Hombres;2021;19.144
45 Toledo;25-29 años;TOTAL;Hombres;2020;19.099
45 Toledo;25-29 años;TOTAL;Hombres;2019;19.086
45 Toledo;25-29 años;TOTAL;Hombres;2018;19.019
45 Toledo;25-29 años;TOTAL;Mujeres;2022;17.722
45 Toledo;25-29 años;TOTAL;Mujeres;2021;17.995
45 Toledo;25-29 años;TOTAL;Mujeres;2020;17.865
45 Toledo;25-29 años;TOTAL;Mujeres;2019;17.863
45 Toledo;25-29 años;TOTAL;Mujeres;2018;18.033
45 Toledo;30-34 años;TOTAL;Hombres;2022;20.680
45 Toledo;30-34 años;TOTAL;Hombres;2021;20.986
45 Toledo;30-34 años;TOTAL;Hombres;2020;21.114
45 Toledo;30-34 años;TOTAL;Hombres;2019;21.499
45 Toledo;30-34 años;TOTAL;Hombres;2018;21.991
45 Toledo;30-34 años;TOTAL;Mujeres;2022;19.805
45 Toledo;30-34 años;TOTAL;Mujeres;2021;20.188
45 Toledo;30-34 años;TOTAL;Mujeres;2020;20.679
45 Toledo;30-34 años;TOTAL;Mujeres;2019;21.128
45 Toledo;30-34 años;TOTAL;Mujeres;2018;21.582
45 Toledo;35-39 años;TOTAL;Hombres;2022;24.725
45 Toledo;35-39 años;TOTAL;Hombres;2021;25.822
45 Toledo;35-39 años;TOTAL;Hombres;2020;27.026
45 Toledo;35-39 años;TOTAL;Hombres;2019;27.800
45 Toledo;35-39 años;TOTAL;Hombres;2018;28.822
45 Toledo;35-39 años;TOTAL;Mujeres;2022;24.431
45 Toledo;35-39 años;TOTAL;Mujeres;2021;25.159
45 Toledo;35-39 años;TOTAL;Mujeres;2020;25.783
45 Toledo;35-39 años;TOTAL;Mujeres;2019;26.131
45 Toledo;35-39 años;TOTAL;Mujeres;2018;26.876
45 Toledo;40-44 años;TOTAL;Hombres;2022;31.284
45 Toledo;40-44 años;TOTAL;Hombres;2021;32.007
45 Toledo;40-44 años;TOTAL;Hombres;2020;31.731
45 Toledo;40-44 años;TOTAL;Hombres;2019;31.451
45 Toledo;40-44 años;TOTAL;Hombres;2018;30.862
45 Toledo;40-44 años;TOTAL;Mujeres;2022;29.138
45 Toledo;40-44 años;TOTAL;Mujeres;2021;29.549
45 Toledo;40-44 años;TOTAL;Mujeres;2020;29.372
45 Toledo;40-44 años;TOTAL;Mujeres;2019;28.968
45 Toledo;40-44 años;TOTAL;Mujeres;2018;28.406
45 Toledo;45-49 años;TOTAL;Hombres;2022;31.055
45 Toledo;45-49 años;TOTAL;Hombres;2021;30.189
45 Toledo;45-49 años;TOTAL;Hombres;2020;29.564
45 Toledo;45-49 años;TOTAL;Hombres;2019;28.802
45 Toledo;45-49 años;TOTAL;Hombres;2018;28.187
45 Toledo;45-49 años;TOTAL;Mujeres;2022;29.159
45 Toledo;45-49 años;TOTAL;Mujeres;2021;28.312
45 Toledo;45-49 años;TOTAL;Mujeres;2020;27.666
45 Toledo;45-49 años;TOTAL;Mujeres;2019;27.106
45 Toledo;45-49 años;TOTAL;Mujeres;2018;26.567
45 Toledo;50-54 años;TOTAL;Hombres;2022;28.278
45 Toledo;50-54 años;TOTAL;Hombres;2021;27.615
45 Toledo;50-54 años;TOTAL;Hombres;2020;26.908
45 Toledo;50-54 años;TOTAL;Hombres;2019;26.452
45 Toledo;50-54 años;TOTAL;Hombres;2018;25.795
45 Toledo;50-54 años;TOTAL;Mujeres;2022;26.809
45 Toledo;50-54 años;TOTAL;Mujeres;2021;26.392
45 Toledo;50-54 años;TOTAL;Mujeres;2020;25.852
45 Toledo;50-54 años;TOTAL;Mujeres;2019;25.389
45 Toledo;50-54 años;TOTAL;Mujeres;2018;24.617
45 Toledo;55-59 años;TOTAL;Hombres;2022;25.343
45 Toledo;55-59 años;TOTAL;Hombres;2021;24.941
45 Toledo;55-59 años;TOTAL;Hombres;2020;24.302
45 Toledo;55-59 años;TOTAL;Hombres;2019;23.545
45 Toledo;55-59 años;TOTAL;Hombres;2018;23.043
45 Toledo;55-59 años;TOTAL;Mujeres;2022;24.637
45 Toledo;55-59 años;TOTAL;Mujeres;2021;24.068
45 Toledo;55-59 años;TOTAL;Mujeres;2020;23.390
45 Toledo;55-59 años;TOTAL;Mujeres;2019;22.631
45 Toledo;55-59 años;TOTAL;Mujeres;2018;21.925
45 Toledo;60-64 años;TOTAL;Hombres;2022;22.265
45 Toledo;60-64 años;TOTAL;Hombres;2021;21.534
45 Toledo;60-64 años;TOTAL;Hombres;2020;20.497
45 Toledo;60-64 años;TOTAL;Hombres;2019;19.463
45 Toledo;60-64 años;TOTAL;Hombres;2018;18.519
45 Toledo;60-64 años;TOTAL;Mujeres;2022;21.682
45 Toledo;60-64 años;TOTAL;Mujeres;2021;20.886
45 Toledo;60-64 años;TOTAL;Mujeres;2020;19.882
45 Toledo;60-64 años;TOTAL;Mujeres;2019;18.732
45 Toledo;60-64 años;TOTAL;Mujeres;2018;17.682
45 Toledo;65-69 años;TOTAL;Hombres;2022;17.232
45 Toledo;65-69 años;TOTAL;Hombres;2021;16.506
45 Toledo;65-69 años;TOTAL;Hombres;2020;16.096
45 Toledo;65-69 años;TOTAL;Hombres;2019;15.737
45 Toledo;65-69 años;TOTAL;Hombres;2018;15.535
45 Toledo;65-69 años;TOTAL;Mujeres;2022;17.091
45 Toledo;65-69 años;TOTAL;Mujeres;2021;16.440
45 Toledo;65-69 años;TOTAL;Mujeres;2020;15.770
45 Toledo;65-69 años;TOTAL;Mujeres;2019;15.645
45 Toledo;65-69 años;TOTAL;Mujeres;2018;15.700
45 Toledo;70-74 años;TOTAL;Hombres;2022;14.257
45 Toledo;70-74 años;TOTAL;Hombres;2021;13.915
45 Toledo;70-74 años;TOTAL;Hombres;2020;13.603
45 Toledo;70-74 años;TOTAL;Hombres;2019;13.357
45 Toledo;70-74 años;TOTAL;Hombres;2018;13.004
45 Toledo;70-74 años;TOTAL;Mujeres;2022;15.157
45 Toledo;70-74 años;TOTAL;Mujeres;2021;14.834
45 Toledo;70-74 años;TOTAL;Mujeres;2020;14.789
45 Toledo;70-74 años;TOTAL;Mujeres;2019;14.439
45 Toledo;70-74 años;TOTAL;Mujeres;2018;14.174
45 Toledo;75-79 años;TOTAL;Hombres;2022;11.008
45 Toledo;75-79 años;TOTAL;Hombres;2021;10.473
45 Toledo;75-79 años;TOTAL;Hombres;2020;10.644
45 Toledo;75-79 años;TOTAL;Hombres;2019;9.579
45 Toledo;75-79 años;TOTAL;Hombres;2018;8.973
45 Toledo;75-79 años;TOTAL;Mujeres;2022;13.085
45 Toledo;75-79 años;TOTAL;Mujeres;2021;12.417
45 Toledo;75-79 años;TOTAL;Mujeres;2020;12.781
45 Toledo;75-79 años;TOTAL;Mujeres;2019;11.777
45 Toledo;75-79 años;TOTAL;Mujeres;2018;10.952
45 Toledo;80-84 años;TOTAL;Hombres;2022;7.156
45 Toledo;80-84 años;TOTAL;Hombres;2021;7.610
45 Toledo;80-84 años;TOTAL;Hombres;2020;7.443
45 Toledo;80-84 años;TOTAL;Hombres;2019;8.303
45 Toledo;80-84 años;TOTAL;Hombres;2018;8.777
45 Toledo;80-84 años;TOTAL;Mujeres;2022;9.924
45 Toledo;80-84 años;TOTAL;Mujeres;2021;10.619
45 Toledo;80-84 años;TOTAL;Mujeres;2020;10.411
45 Toledo;80-84 años;TOTAL;Mujeres;2019;11.296
45 Toledo;80-84 años;TOTAL;Mujeres;2018;11.929
45 Toledo;85-89 años;TOTAL;Hombres;2022;5.853
45 Toledo;85-89 años;TOTAL;Hombres;2021;5.896
45 Toledo;85-89 años;TOTAL;Hombres;2020;6.176
45 Toledo;85-89 años;TOTAL;Hombres;2019;6.115
45 Toledo;85-89 años;TOTAL;Hombres;2018;5.940
45 Toledo;85-89 años;TOTAL;Mujeres;2022;9.105
45 Toledo;85-89 años;TOTAL;Mujeres;2021;9.012
45 Toledo;85-89 años;TOTAL;Mujeres;2020;9.252
45 Toledo;85-89 años;TOTAL;Mujeres;2019;9.254
45 Toledo;85-89 años;TOTAL;Mujeres;2018;9.162
45 Toledo;90-94 años;TOTAL;Hombres;2022;2.515
45 Toledo;90-94 años;TOTAL;Hombres;2021;2.417
45 Toledo;90-94 años;TOTAL;Hombres;2020;2.429
45 Toledo;90-94 años;TOTAL;Hombres;2019;2.335
45 Toledo;90-94 años;TOTAL;Hombres;2018;2.267
45 Toledo;90-94 años;TOTAL;Mujeres;2022;4.877
45 Toledo;90-94 años;TOTAL;Mujeres;2021;4.820
45 Toledo;90-94 años;TOTAL;Mujeres;2020;4.850
45 Toledo;90-94 años;TOTAL;Mujeres;2019;4.618
45 Toledo;90-94 años;TOTAL;Mujeres;2018;4.388
45 Toledo;95-99 años;TOTAL;Hombres;2022;513
45 Toledo;95-99 años;TOTAL;Hombres;2021;498
45 Toledo;95-99 años;TOTAL;Hombres;2020;536
45 Toledo;95-99 años;TOTAL;Hombres;2019;466
45 Toledo;95-99 años;TOTAL;Hombres;2018;467
45 Toledo;95-99 años;TOTAL;Mujeres;2022;1.398
45 Toledo;95-99 años;TOTAL;Mujeres;2021;1.302
45 Toledo;95-99 años;TOTAL;Mujeres;2020;1.327
45 Toledo;95-99 años;TOTAL;Mujeres;2019;1.223
45 Toledo;95-99 años;TOTAL;Mujeres;2018;1.154
45 Toledo;100 años y más;TOTAL;Hombres;2022;57
45 Toledo;100 años y más;TOTAL;Hombres;2021;51
45 Toledo;100 años y más;TOTAL;Hombres;2020;58
45 Toledo;100 años y más;TOTAL;Hombres;2019;55
45 Toledo;100 años y más;TOTAL;Hombres;2018;47
45 Toledo;100 años y más;TOTAL;Mujeres;2022;206
45 Toledo;100 años y más;TOTAL;Mujeres;2021;180
45 Toledo;100 años y más;TOTAL;Mujeres;2020;177
45 Toledo;100 años y más;TOTAL;Mujeres;2019;177
45 Toledo;100 años y más;TOTAL;Mujeres;2018;170
46 Valencia/València;0-4 años;TOTAL;Hombres;2022;50.025
46 Valencia/València;0-4 años;TOTAL;Hombres;2021;51.740
46 Valencia/València;0-4 años;TOTAL;Hombres;2020;54.296
46 Valencia/València;0-4 años;TOTAL;Hombres;2019;56.124
46 Valencia/València;0-4 años;TOTAL;Hombres;2018;57.327
46 Valencia/València;0-4 años;TOTAL;Mujeres;2022;46.850
46 Valencia/València;0-4 años;TOTAL;Mujeres;2021;48.768
46 Valencia/València;0-4 años;TOTAL;Mujeres;2020;51.273
46 Valencia/València;0-4 años;TOTAL;Mujeres;2019;52.843
46 Valencia/València;0-4 años;TOTAL;Mujeres;2018;53.961
46 Valencia/València;5-9 años;TOTAL;Hombres;2022;63.241
46 Valencia/València;5-9 años;TOTAL;Hombres;2021;64.309
46 Valencia/València;5-9 años;TOTAL;Hombres;2020;66.161
46 Valencia/València;5-9 años;TOTAL;Hombres;2019;66.986
46 Valencia/València;5-9 años;TOTAL;Hombres;2018;69.135
46 Valencia/València;5-9 años;TOTAL;Mujeres;2022;59.650
46 Valencia/València;5-9 años;TOTAL;Mujeres;2021;60.456
46 Valencia/València;5-9 años;TOTAL;Mujeres;2020;62.114
46 Valencia/València;5-9 años;TOTAL;Mujeres;2019;62.965
46 Valencia/València;5-9 años;TOTAL;Mujeres;2018;65.047
46 Valencia/València;10-14 años;TOTAL;Hombres;2022;73.411
46 Valencia/València;10-14 años;TOTAL;Hombres;2021;73.384
46 Valencia/València;10-14 años;TOTAL;Hombres;2020;73.389
46 Valencia/València;10-14 años;TOTAL;Hombres;2019;72.343
46 Valencia/València;10-14 años;TOTAL;Hombres;2018;70.185
46 Valencia/València;10-14 años;TOTAL;Mujeres;2022;68.877
46 Valencia/València;10-14 años;TOTAL;Mujeres;2021;69.162
46 Valencia/València;10-14 años;TOTAL;Mujeres;2020;69.493
46 Valencia/València;10-14 años;TOTAL;Mujeres;2019;68.554
46 Valencia/València;10-14 años;TOTAL;Mujeres;2018;66.952
46 Valencia/València;15-19 años;TOTAL;Hombres;2022;71.760
46 Valencia/València;15-19 años;TOTAL;Hombres;2021;69.552
46 Valencia/València;15-19 años;TOTAL;Hombres;2020;68.440
46 Valencia/València;15-19 años;TOTAL;Hombres;2019;65.785
46 Valencia/València;15-19 años;TOTAL;Hombres;2018;63.552
46 Valencia/València;15-19 años;TOTAL;Mujeres;2022;67.715
46 Valencia/València;15-19 años;TOTAL;Mujeres;2021;65.591
46 Valencia/València;15-19 años;TOTAL;Mujeres;2020;64.498
46 Valencia/València;15-19 años;TOTAL;Mujeres;2019;62.583
46 Valencia/València;15-19 años;TOTAL;Mujeres;2018;60.020
46 Valencia/València;20-24 años;TOTAL;Hombres;2022;68.341
46 Valencia/València;20-24 años;TOTAL;Hombres;2021;66.721
46 Valencia/València;20-24 años;TOTAL;Hombres;2020;65.907
46 Valencia/València;20-24 años;TOTAL;Hombres;2019;64.086
46 Valencia/València;20-24 años;TOTAL;Hombres;2018;63.627
46 Valencia/València;20-24 años;TOTAL;Mujeres;2022;65.463
46 Valencia/València;20-24 años;TOTAL;Mujeres;2021;63.889
46 Valencia/València;20-24 años;TOTAL;Mujeres;2020;62.948
46 Valencia/València;20-24 años;TOTAL;Mujeres;2019;61.119
46 Valencia/València;20-24 años;TOTAL;Mujeres;2018;60.451
46 Valencia/València;25-29 años;TOTAL;Hombres;2022;69.741
46 Valencia/València;25-29 años;TOTAL;Hombres;2021;69.175
46 Valencia/València;25-29 años;TOTAL;Hombres;2020;69.628
46 Valencia/València;25-29 años;TOTAL;Hombres;2019;68.617
46 Valencia/València;25-29 años;TOTAL;Hombres;2018;67.977
46 Valencia/València;25-29 años;TOTAL;Mujeres;2022;67.203
46 Valencia/València;25-29 años;TOTAL;Mujeres;2021;67.079
46 Valencia/València;25-29 años;TOTAL;Mujeres;2020;67.674
46 Valencia/València;25-29 años;TOTAL;Mujeres;2019;67.198
46 Valencia/València;25-29 años;TOTAL;Mujeres;2018;66.502
46 Valencia/València;30-34 años;TOTAL;Hombres;2022;73.709
46 Valencia/València;30-34 años;TOTAL;Hombres;2021;73.361
46 Valencia/València;30-34 años;TOTAL;Hombres;2020;74.447
46 Valencia/València;30-34 años;TOTAL;Hombres;2019;75.201
46 Valencia/València;30-34 años;TOTAL;Hombres;2018;76.771
46 Valencia/València;30-34 años;TOTAL;Mujeres;2022;72.546
46 Valencia/València;30-34 años;TOTAL;Mujeres;2021;72.583
46 Valencia/València;30-34 años;TOTAL;Mujeres;2020;74.063
46 Valencia/València;30-34 años;TOTAL;Mujeres;2019;74.872
46 Valencia/València;30-34 años;TOTAL;Mujeres;2018;76.185
46 Valencia/València;35-39 años;TOTAL;Hombres;2022;84.216
46 Valencia/València;35-39 años;TOTAL;Hombres;2021;87.814
46 Valencia/València;35-39 años;TOTAL;Hombres;2020;92.562
46 Valencia/València;35-39 años;TOTAL;Hombres;2019;96.168
46 Valencia/València;35-39 años;TOTAL;Hombres;2018;101.702
46 Valencia/València;35-39 años;TOTAL;Mujeres;2022;84.723
46 Valencia/València;35-39 años;TOTAL;Mujeres;2021;86.922
46 Valencia/València;35-39 años;TOTAL;Mujeres;2020;91.123
46 Valencia/València;35-39 años;TOTAL;Mujeres;2019;94.155
46 Valencia/València;35-39 años;TOTAL;Mujeres;2018;98.695
46 Valencia/València;40-44 años;TOTAL;Hombres;2022;108.905
46 Valencia/València;40-44 años;TOTAL;Hombres;2021;111.966
46 Valencia/València;40-44 años;TOTAL;Hombres;2020;115.013
46 Valencia/València;40-44 años;TOTAL;Hombres;2019;115.499
46 Valencia/València;40-44 años;TOTAL;Hombres;2018;114.679
46 Valencia/València;40-44 años;TOTAL;Mujeres;2022;106.365
46 Valencia/València;40-44 años;TOTAL;Mujeres;2021;108.798
46 Valencia/València;40-44 años;TOTAL;Mujeres;2020;110.643
46 Valencia/València;40-44 años;TOTAL;Mujeres;2019;110.883
46 Valencia/València;40-44 años;TOTAL;Mujeres;2018;109.463
46 Valencia/València;45-49 años;TOTAL;Hombres;2022;113.840
46 Valencia/València;45-49 años;TOTAL;Hombres;2021;111.864
46 Valencia/València;45-49 años;TOTAL;Hombres;2020;110.272
46 Valencia/València;45-49 años;TOTAL;Hombres;2019;107.697
46 Valencia/València;45-49 años;TOTAL;Hombres;2018;106.250
46 Valencia/València;45-49 años;TOTAL;Mujeres;2022;110.152
46 Valencia/València;45-49 años;TOTAL;Mujeres;2021;108.066
46 Valencia/València;45-49 años;TOTAL;Mujeres;2020;106.680
46 Valencia/València;45-49 años;TOTAL;Mujeres;2019;103.831
46 Valencia/València;45-49 años;TOTAL;Mujeres;2018;102.431
46 Valencia/València;50-54 años;TOTAL;Hombres;2022;104.377
46 Valencia/València;50-54 años;TOTAL;Hombres;2021;102.789
46 Valencia/València;50-54 años;TOTAL;Hombres;2020;101.577
46 Valencia/València;50-54 años;TOTAL;Hombres;2019;100.118
46 Valencia/València;50-54 años;TOTAL;Hombres;2018;98.611
46 Valencia/València;50-54 años;TOTAL;Mujeres;2022;103.352
46 Valencia/València;50-54 años;TOTAL;Mujeres;2021;101.886
46 Valencia/València;50-54 años;TOTAL;Mujeres;2020;101.175
46 Valencia/València;50-54 años;TOTAL;Mujeres;2019;100.199
46 Valencia/València;50-54 años;TOTAL;Mujeres;2018;98.467
46 Valencia/València;55-59 años;TOTAL;Hombres;2022;94.287
46 Valencia/València;55-59 años;TOTAL;Hombres;2021;91.539
46 Valencia/València;55-59 años;TOTAL;Hombres;2020;89.692
46 Valencia/València;55-59 años;TOTAL;Hombres;2019;87.418
46 Valencia/València;55-59 años;TOTAL;Hombres;2018;85.337
46 Valencia/València;55-59 años;TOTAL;Mujeres;2022;97.136
46 Valencia/València;55-59 años;TOTAL;Mujeres;2021;95.031
46 Valencia/València;55-59 años;TOTAL;Mujeres;2020;93.895
46 Valencia/València;55-59 años;TOTAL;Mujeres;2019;91.503
46 Valencia/València;55-59 años;TOTAL;Mujeres;2018;89.830
46 Valencia/València;60-64 años;TOTAL;Hombres;2022;81.259
46 Valencia/València;60-64 años;TOTAL;Hombres;2021;78.969
46 Valencia/València;60-64 años;TOTAL;Hombres;2020;76.667
46 Valencia/València;60-64 años;TOTAL;Hombres;2019;72.944
46 Valencia/València;60-64 años;TOTAL;Hombres;2018;70.416
46 Valencia/València;60-64 años;TOTAL;Mujeres;2022;87.986
46 Valencia/València;60-64 años;TOTAL;Mujeres;2021;85.653
46 Valencia/València;60-64 años;TOTAL;Mujeres;2020;82.807
46 Valencia/València;60-64 años;TOTAL;Mujeres;2019;79.324
46 Valencia/València;60-64 años;TOTAL;Mujeres;2018;76.737
46 Valencia/València;65-69 años;TOTAL;Hombres;2022;65.426
46 Valencia/València;65-69 años;TOTAL;Hombres;2021;64.076
46 Valencia/València;65-69 años;TOTAL;Hombres;2020;62.687
46 Valencia/València;65-69 años;TOTAL;Hombres;2019;62.029
46 Valencia/València;65-69 años;TOTAL;Hombres;2018;62.062
46 Valencia/València;65-69 años;TOTAL;Mujeres;2022;74.026
46 Valencia/València;65-69 años;TOTAL;Mujeres;2021;72.230
46 Valencia/València;65-69 años;TOTAL;Mujeres;2020;71.145
46 Valencia/València;65-69 años;TOTAL;Mujeres;2019;70.462
46 Valencia/València;65-69 años;TOTAL;Mujeres;2018;70.382
46 Valencia/València;70-74 años;TOTAL;Hombres;2022;55.434
46 Valencia/València;70-74 años;TOTAL;Hombres;2021;54.836
46 Valencia/València;70-74 años;TOTAL;Hombres;2020;54.453
46 Valencia/València;70-74 años;TOTAL;Hombres;2019;53.309
46 Valencia/València;70-74 años;TOTAL;Hombres;2018;51.714
46 Valencia/València;70-74 años;TOTAL;Mujeres;2022;66.970
46 Valencia/València;70-74 años;TOTAL;Mujeres;2021;66.056
46 Valencia/València;70-74 años;TOTAL;Mujeres;2020;65.942
46 Valencia/València;70-74 años;TOTAL;Mujeres;2019;64.545
46 Valencia/València;70-74 años;TOTAL;Mujeres;2018;62.610
46 Valencia/València;75-79 años;TOTAL;Hombres;2022;43.126
46 Valencia/València;75-79 años;TOTAL;Hombres;2021;41.597
46 Valencia/València;75-79 años;TOTAL;Hombres;2020;42.459
46 Valencia/València;75-79 años;TOTAL;Hombres;2019;39.191
46 Valencia/València;75-79 años;TOTAL;Hombres;2018;37.268
46 Valencia/València;75-79 años;TOTAL;Mujeres;2022;56.489
46 Valencia/València;75-79 años;TOTAL;Mujeres;2021;54.298
46 Valencia/València;75-79 años;TOTAL;Mujeres;2020;55.247
46 Valencia/València;75-79 años;TOTAL;Mujeres;2019;51.106
46 Valencia/València;75-79 años;TOTAL;Mujeres;2018;49.169
46 Valencia/València;80-84 años;TOTAL;Hombres;2022;28.520
46 Valencia/València;80-84 años;TOTAL;Hombres;2021;28.914
46 Valencia/València;80-84 años;TOTAL;Hombres;2020;26.950
46 Valencia/València;80-84 años;TOTAL;Hombres;2019;28.894
46 Valencia/València;80-84 años;TOTAL;Hombres;2018;29.545
46 Valencia/València;80-84 años;TOTAL;Mujeres;2022;42.485
46 Valencia/València;80-84 años;TOTAL;Mujeres;2021;43.412
46 Valencia/València;80-84 años;TOTAL;Mujeres;2020;40.921
46 Valencia/València;80-84 años;TOTAL;Mujeres;2019;43.498
46 Valencia/València;80-84 años;TOTAL;Mujeres;2018;44.631
46 Valencia/València;85-89 años;TOTAL;Hombres;2022;17.899
46 Valencia/València;85-89 años;TOTAL;Hombres;2021;17.652
46 Valencia/València;85-89 años;TOTAL;Hombres;2020;17.446
46 Valencia/València;85-89 años;TOTAL;Hombres;2019;16.997
46 Valencia/València;85-89 años;TOTAL;Hombres;2018;16.249
46 Valencia/València;85-89 años;TOTAL;Mujeres;2022;32.203
46 Valencia/València;85-89 años;TOTAL;Mujeres;2021;32.127
46 Valencia/València;85-89 años;TOTAL;Mujeres;2020;32.235
46 Valencia/València;85-89 años;TOTAL;Mujeres;2019;31.548
46 Valencia/València;85-89 años;TOTAL;Mujeres;2018;30.574
46 Valencia/València;90-94 años;TOTAL;Hombres;2022;6.514
46 Valencia/València;90-94 años;TOTAL;Hombres;2021;6.378
46 Valencia/València;90-94 años;TOTAL;Hombres;2020;6.167
46 Valencia/València;90-94 años;TOTAL;Hombres;2019;5.765
46 Valencia/València;90-94 años;TOTAL;Hombres;2018;5.392
46 Valencia/València;90-94 años;TOTAL;Mujeres;2022;15.380
46 Valencia/València;90-94 años;TOTAL;Mujeres;2021;14.999
46 Valencia/València;90-94 años;TOTAL;Mujeres;2020;14.355
46 Valencia/València;90-94 años;TOTAL;Mujeres;2019;13.717
46 Valencia/València;90-94 años;TOTAL;Mujeres;2018;13.255
46 Valencia/València;95-99 años;TOTAL;Hombres;2022;1.300
46 Valencia/València;95-99 años;TOTAL;Hombres;2021;1.162
46 Valencia/València;95-99 años;TOTAL;Hombres;2020;1.109
46 Valencia/València;95-99 años;TOTAL;Hombres;2019;1.038
46 Valencia/València;95-99 años;TOTAL;Hombres;2018;993
46 Valencia/València;95-99 años;TOTAL;Mujeres;2022;4.042
46 Valencia/València;95-99 años;TOTAL;Mujeres;2021;3.787
46 Valencia/València;95-99 años;TOTAL;Mujeres;2020;3.649
46 Valencia/València;95-99 años;TOTAL;Mujeres;2019;3.380
46 Valencia/València;95-99 años;TOTAL;Mujeres;2018;3.176
46 Valencia/València;100 años y más;TOTAL;Hombres;2022;175
46 Valencia/València;100 años y más;TOTAL;Hombres;2021;163
46 Valencia/València;100 años y más;TOTAL;Hombres;2020;144
46 Valencia/València;100 años y más;TOTAL;Hombres;2019;141
46 Valencia/València;100 años y más;TOTAL;Hombres;2018;135
46 Valencia/València;100 años y más;TOTAL;Mujeres;2022;638
46 Valencia/València;100 años y más;TOTAL;Mujeres;2021;558
46 Valencia/València;100 años y más;TOTAL;Mujeres;2020;529
46 Valencia/València;100 años y más;TOTAL;Mujeres;2019;489
46 Valencia/València;100 años y más;TOTAL;Mujeres;2018;521
47 Valladolid;0-4 años;TOTAL;Hombres;2022;8.621
47 Valladolid;0-4 años;TOTAL;Hombres;2021;9.145
47 Valladolid;0-4 años;TOTAL;Hombres;2020;9.587
47 Valladolid;0-4 años;TOTAL;Hombres;2019;10.135
47 Valladolid;0-4 años;TOTAL;Hombres;2018;10.586
47 Valladolid;0-4 años;TOTAL;Mujeres;2022;8.201
47 Valladolid;0-4 años;TOTAL;Mujeres;2021;8.721
47 Valladolid;0-4 años;TOTAL;Mujeres;2020;9.288
47 Valladolid;0-4 años;TOTAL;Mujeres;2019;9.620
47 Valladolid;0-4 años;TOTAL;Mujeres;2018;9.935
47 Valladolid;5-9 años;TOTAL;Hombres;2022;11.580
47 Valladolid;5-9 años;TOTAL;Hombres;2021;11.715
47 Valladolid;5-9 años;TOTAL;Hombres;2020;12.126
47 Valladolid;5-9 años;TOTAL;Hombres;2019;12.312
47 Valladolid;5-9 años;TOTAL;Hombres;2018;12.564
47 Valladolid;5-9 años;TOTAL;Mujeres;2022;10.933
47 Valladolid;5-9 años;TOTAL;Mujeres;2021;11.313
47 Valladolid;5-9 años;TOTAL;Mujeres;2020;11.544
47 Valladolid;5-9 años;TOTAL;Mujeres;2019;11.698
47 Valladolid;5-9 años;TOTAL;Mujeres;2018;12.024
47 Valladolid;10-14 años;TOTAL;Hombres;2022;12.960
47 Valladolid;10-14 años;TOTAL;Hombres;2021;13.090
47 Valladolid;10-14 años;TOTAL;Hombres;2020;12.950
47 Valladolid;10-14 años;TOTAL;Hombres;2019;12.830
47 Valladolid;10-14 años;TOTAL;Hombres;2018;12.503
47 Valladolid;10-14 años;TOTAL;Mujeres;2022;12.434
47 Valladolid;10-14 años;TOTAL;Mujeres;2021;12.374
47 Valladolid;10-14 años;TOTAL;Mujeres;2020;12.181
47 Valladolid;10-14 años;TOTAL;Mujeres;2019;11.995
47 Valladolid;10-14 años;TOTAL;Mujeres;2018;11.899
47 Valladolid;15-19 años;TOTAL;Hombres;2022;12.641
47 Valladolid;15-19 años;TOTAL;Hombres;2021;12.238
47 Valladolid;15-19 años;TOTAL;Hombres;2020;12.014
47 Valladolid;15-19 años;TOTAL;Hombres;2019;11.603
47 Valladolid;15-19 años;TOTAL;Hombres;2018;11.213
47 Valladolid;15-19 años;TOTAL;Mujeres;2022;12.024
47 Valladolid;15-19 años;TOTAL;Mujeres;2021;11.749
47 Valladolid;15-19 años;TOTAL;Mujeres;2020;11.498
47 Valladolid;15-19 años;TOTAL;Mujeres;2019;11.313
47 Valladolid;15-19 años;TOTAL;Mujeres;2018;10.890
47 Valladolid;20-24 años;TOTAL;Hombres;2022;11.558
47 Valladolid;20-24 años;TOTAL;Hombres;2021;11.436
47 Valladolid;20-24 años;TOTAL;Hombres;2020;11.147
47 Valladolid;20-24 años;TOTAL;Hombres;2019;11.117
47 Valladolid;20-24 años;TOTAL;Hombres;2018;11.182
47 Valladolid;20-24 años;TOTAL;Mujeres;2022;11.300
47 Valladolid;20-24 años;TOTAL;Mujeres;2021;11.171
47 Valladolid;20-24 años;TOTAL;Mujeres;2020;10.991
47 Valladolid;20-24 años;TOTAL;Mujeres;2019;10.775
47 Valladolid;20-24 años;TOTAL;Mujeres;2018;10.712
47 Valladolid;25-29 años;TOTAL;Hombres;2022;11.522
47 Valladolid;25-29 años;TOTAL;Hombres;2021;11.711
47 Valladolid;25-29 años;TOTAL;Hombres;2020;11.834
47 Valladolid;25-29 años;TOTAL;Hombres;2019;11.893
47 Valladolid;25-29 años;TOTAL;Hombres;2018;11.991
47 Valladolid;25-29 años;TOTAL;Mujeres;2022;11.000
47 Valladolid;25-29 años;TOTAL;Mujeres;2021;11.097
47 Valladolid;25-29 años;TOTAL;Mujeres;2020;11.095
47 Valladolid;25-29 años;TOTAL;Mujeres;2019;11.245
47 Valladolid;25-29 años;TOTAL;Mujeres;2018;11.356
47 Valladolid;30-34 años;TOTAL;Hombres;2022;12.379
47 Valladolid;30-34 años;TOTAL;Hombres;2021;12.539
47 Valladolid;30-34 años;TOTAL;Hombres;2020;12.904
47 Valladolid;30-34 años;TOTAL;Hombres;2019;13.397
47 Valladolid;30-34 años;TOTAL;Hombres;2018;13.967
47 Valladolid;30-34 años;TOTAL;Mujeres;2022;11.936
47 Valladolid;30-34 años;TOTAL;Mujeres;2021;12.366
47 Valladolid;30-34 años;TOTAL;Mujeres;2020;12.732
47 Valladolid;30-34 años;TOTAL;Mujeres;2019;13.152
47 Valladolid;30-34 años;TOTAL;Mujeres;2018;13.899
47 Valladolid;35-39 años;TOTAL;Hombres;2022;14.979
47 Valladolid;35-39 años;TOTAL;Hombres;2021;15.850
47 Valladolid;35-39 años;TOTAL;Hombres;2020;16.795
47 Valladolid;35-39 años;TOTAL;Hombres;2019;17.621
47 Valladolid;35-39 años;TOTAL;Hombres;2018;18.938
47 Valladolid;35-39 años;TOTAL;Mujeres;2022;15.165
47 Valladolid;35-39 años;TOTAL;Mujeres;2021;15.995
47 Valladolid;35-39 años;TOTAL;Mujeres;2020;16.818
47 Valladolid;35-39 años;TOTAL;Mujeres;2019;17.692
47 Valladolid;35-39 años;TOTAL;Mujeres;2018;18.795
47 Valladolid;40-44 años;TOTAL;Hombres;2022;20.233
47 Valladolid;40-44 años;TOTAL;Hombres;2021;21.427
47 Valladolid;40-44 años;TOTAL;Hombres;2020;22.049
47 Valladolid;40-44 años;TOTAL;Hombres;2019;22.550
47 Valladolid;40-44 años;TOTAL;Hombres;2018;22.566
47 Valladolid;40-44 años;TOTAL;Mujeres;2022;20.142
47 Valladolid;40-44 años;TOTAL;Mujeres;2021;21.112
47 Valladolid;40-44 años;TOTAL;Mujeres;2020;21.488
47 Valladolid;40-44 años;TOTAL;Mujeres;2019;21.761
47 Valladolid;40-44 años;TOTAL;Mujeres;2018;21.785
47 Valladolid;45-49 años;TOTAL;Hombres;2022;22.549
47 Valladolid;45-49 años;TOTAL;Hombres;2021;22.201
47 Valladolid;45-49 años;TOTAL;Hombres;2020;21.909
47 Valladolid;45-49 años;TOTAL;Hombres;2019;21.523
47 Valladolid;45-49 años;TOTAL;Hombres;2018;21.316
47 Valladolid;45-49 años;TOTAL;Mujeres;2022;22.087
47 Valladolid;45-49 años;TOTAL;Mujeres;2021;21.682
47 Valladolid;45-49 años;TOTAL;Mujeres;2020;21.711
47 Valladolid;45-49 años;TOTAL;Mujeres;2019;21.472
47 Valladolid;45-49 años;TOTAL;Mujeres;2018;21.327
47 Valladolid;50-54 años;TOTAL;Hombres;2022;21.082
47 Valladolid;50-54 años;TOTAL;Hombres;2021;20.864
47 Valladolid;50-54 años;TOTAL;Hombres;2020;20.622
47 Valladolid;50-54 años;TOTAL;Hombres;2019;20.333
47 Valladolid;50-54 años;TOTAL;Hombres;2018;20.144
47 Valladolid;50-54 años;TOTAL;Mujeres;2022;21.248
47 Valladolid;50-54 años;TOTAL;Mujeres;2021;21.201
47 Valladolid;50-54 años;TOTAL;Mujeres;2020;21.085
47 Valladolid;50-54 años;TOTAL;Mujeres;2019;20.932
47 Valladolid;50-54 años;TOTAL;Mujeres;2018;20.786
47 Valladolid;55-59 años;TOTAL;Hombres;2022;19.376
47 Valladolid;55-59 años;TOTAL;Hombres;2021;19.249
47 Valladolid;55-59 años;TOTAL;Hombres;2020;19.044
47 Valladolid;55-59 años;TOTAL;Hombres;2019;18.788
47 Valladolid;55-59 años;TOTAL;Hombres;2018;18.551
47 Valladolid;55-59 años;TOTAL;Mujeres;2022;20.384
47 Valladolid;55-59 años;TOTAL;Mujeres;2021;20.168
47 Valladolid;55-59 años;TOTAL;Mujeres;2020;19.960
47 Valladolid;55-59 años;TOTAL;Mujeres;2019;19.805
47 Valladolid;55-59 años;TOTAL;Mujeres;2018;19.575
47 Valladolid;60-64 años;TOTAL;Hombres;2022;17.760
47 Valladolid;60-64 años;TOTAL;Hombres;2021;17.512
47 Valladolid;60-64 años;TOTAL;Hombres;2020;17.234
47 Valladolid;60-64 años;TOTAL;Hombres;2019;16.746
47 Valladolid;60-64 años;TOTAL;Hombres;2018;16.385
47 Valladolid;60-64 años;TOTAL;Mujeres;2022;19.167
47 Valladolid;60-64 años;TOTAL;Mujeres;2021;19.025
47 Valladolid;60-64 años;TOTAL;Mujeres;2020;18.637
47 Valladolid;60-64 años;TOTAL;Mujeres;2019;18.054
47 Valladolid;60-64 años;TOTAL;Mujeres;2018;17.778
47 Valladolid;65-69 años;TOTAL;Hombres;2022;15.198
47 Valladolid;65-69 años;TOTAL;Hombres;2021;14.944
47 Valladolid;65-69 años;TOTAL;Hombres;2020;14.845
47 Valladolid;65-69 años;TOTAL;Hombres;2019;14.935
47 Valladolid;65-69 años;TOTAL;Hombres;2018;15.344
47 Valladolid;65-69 años;TOTAL;Mujeres;2022;16.839
47 Valladolid;65-69 años;TOTAL;Mujeres;2021;16.373
47 Valladolid;65-69 años;TOTAL;Mujeres;2020;16.259
47 Valladolid;65-69 años;TOTAL;Mujeres;2019;16.313
47 Valladolid;65-69 años;TOTAL;Mujeres;2018;16.354
47 Valladolid;70-74 años;TOTAL;Hombres;2022;14.075
47 Valladolid;70-74 años;TOTAL;Hombres;2021;13.828
47 Valladolid;70-74 años;TOTAL;Hombres;2020;13.842
47 Valladolid;70-74 años;TOTAL;Hombres;2019;13.647
47 Valladolid;70-74 años;TOTAL;Hombres;2018;13.188
47 Valladolid;70-74 años;TOTAL;Mujeres;2022;15.646
47 Valladolid;70-74 años;TOTAL;Mujeres;2021;15.442
47 Valladolid;70-74 años;TOTAL;Mujeres;2020;15.470
47 Valladolid;70-74 años;TOTAL;Mujeres;2019;15.227
47 Valladolid;70-74 años;TOTAL;Mujeres;2018;14.851
47 Valladolid;75-79 años;TOTAL;Hombres;2022;11.160
47 Valladolid;75-79 años;TOTAL;Hombres;2021;10.971
47 Valladolid;75-79 años;TOTAL;Hombres;2020;10.703
47 Valladolid;75-79 años;TOTAL;Hombres;2019;9.923
47 Valladolid;75-79 años;TOTAL;Hombres;2018;9.105
47 Valladolid;75-79 años;TOTAL;Mujeres;2022;13.668
47 Valladolid;75-79 años;TOTAL;Mujeres;2021;13.315
47 Valladolid;75-79 años;TOTAL;Mujeres;2020;12.896
47 Valladolid;75-79 años;TOTAL;Mujeres;2019;11.906
47 Valladolid;75-79 años;TOTAL;Mujeres;2018;10.997
47 Valladolid;80-84 años;TOTAL;Hombres;2022;7.054
47 Valladolid;80-84 años;TOTAL;Hombres;2021;7.117
47 Valladolid;80-84 años;TOTAL;Hombres;2020;6.917
47 Valladolid;80-84 años;TOTAL;Hombres;2019;7.122
47 Valladolid;80-84 años;TOTAL;Hombres;2018;7.322
47 Valladolid;80-84 años;TOTAL;Mujeres;2022;9.514
47 Valladolid;80-84 años;TOTAL;Mujeres;2021;9.656
47 Valladolid;80-84 años;TOTAL;Mujeres;2020;9.513
47 Valladolid;80-84 años;TOTAL;Mujeres;2019;9.849
47 Valladolid;80-84 años;TOTAL;Mujeres;2018;10.286
47 Valladolid;85-89 años;TOTAL;Hombres;2022;4.851
47 Valladolid;85-89 años;TOTAL;Hombres;2021;4.663
47 Valladolid;85-89 años;TOTAL;Hombres;2020;4.766
47 Valladolid;85-89 años;TOTAL;Hombres;2019;4.598
47 Valladolid;85-89 años;TOTAL;Hombres;2018;4.420
47 Valladolid;85-89 años;TOTAL;Mujeres;2022;8.182
47 Valladolid;85-89 años;TOTAL;Mujeres;2021;7.972
47 Valladolid;85-89 años;TOTAL;Mujeres;2020;8.100
47 Valladolid;85-89 años;TOTAL;Mujeres;2019;7.918
47 Valladolid;85-89 años;TOTAL;Mujeres;2018;7.850
47 Valladolid;90-94 años;TOTAL;Hombres;2022;2.006
47 Valladolid;90-94 años;TOTAL;Hombres;2021;1.891
47 Valladolid;90-94 años;TOTAL;Hombres;2020;1.816
47 Valladolid;90-94 años;TOTAL;Hombres;2019;1.727
47 Valladolid;90-94 años;TOTAL;Hombres;2018;1.684
47 Valladolid;90-94 años;TOTAL;Mujeres;2022;4.423
47 Valladolid;90-94 años;TOTAL;Mujeres;2021;4.256
47 Valladolid;90-94 años;TOTAL;Mujeres;2020;4.248
47 Valladolid;90-94 años;TOTAL;Mujeres;2019;4.191
47 Valladolid;90-94 años;TOTAL;Mujeres;2018;4.057
47 Valladolid;95-99 años;TOTAL;Hombres;2022;436
47 Valladolid;95-99 años;TOTAL;Hombres;2021;412
47 Valladolid;95-99 años;TOTAL;Hombres;2020;409
47 Valladolid;95-99 años;TOTAL;Hombres;2019;384
47 Valladolid;95-99 años;TOTAL;Hombres;2018;353
47 Valladolid;95-99 años;TOTAL;Mujeres;2022;1.393
47 Valladolid;95-99 años;TOTAL;Mujeres;2021;1.324
47 Valladolid;95-99 años;TOTAL;Mujeres;2020;1.390
47 Valladolid;95-99 años;TOTAL;Mujeres;2019;1.233
47 Valladolid;95-99 años;TOTAL;Mujeres;2018;1.163
47 Valladolid;100 años y más;TOTAL;Hombres;2022;46
47 Valladolid;100 años y más;TOTAL;Hombres;2021;40
47 Valladolid;100 años y más;TOTAL;Hombres;2020;27
47 Valladolid;100 años y más;TOTAL;Hombres;2019;32
47 Valladolid;100 años y más;TOTAL;Hombres;2018;34
47 Valladolid;100 años y más;TOTAL;Mujeres;2022;223
47 Valladolid;100 años y más;TOTAL;Mujeres;2021;206
47 Valladolid;100 años y más;TOTAL;Mujeres;2020;205
47 Valladolid;100 años y más;TOTAL;Mujeres;2019;179
47 Valladolid;100 años y más;TOTAL;Mujeres;2018;176
49 Zamora;0-4 años;TOTAL;Hombres;2022;2.107
49 Zamora;0-4 años;TOTAL;Hombres;2021;2.251
49 Zamora;0-4 años;TOTAL;Hombres;2020;2.308
49 Zamora;0-4 años;TOTAL;Hombres;2019;2.393
49 Zamora;0-4 años;TOTAL;Hombres;2018;2.456
49 Zamora;0-4 años;TOTAL;Mujeres;2022;1.922
49 Zamora;0-4 años;TOTAL;Mujeres;2021;1.990
49 Zamora;0-4 años;TOTAL;Mujeres;2020;2.125
49 Zamora;0-4 años;TOTAL;Mujeres;2019;2.193
49 Zamora;0-4 años;TOTAL;Mujeres;2018;2.235
49 Zamora;5-9 años;TOTAL;Hombres;2022;2.675
49 Zamora;5-9 años;TOTAL;Hombres;2021;2.741
49 Zamora;5-9 años;TOTAL;Hombres;2020;2.812
49 Zamora;5-9 años;TOTAL;Hombres;2019;2.899
49 Zamora;5-9 años;TOTAL;Hombres;2018;2.906
49 Zamora;5-9 años;TOTAL;Mujeres;2022;2.459
49 Zamora;5-9 años;TOTAL;Mujeres;2021;2.515
49 Zamora;5-9 años;TOTAL;Mujeres;2020;2.589
49 Zamora;5-9 años;TOTAL;Mujeres;2019;2.620
49 Zamora;5-9 años;TOTAL;Mujeres;2018;2.777
49 Zamora;10-14 años;TOTAL;Hombres;2022;3.012
49 Zamora;10-14 años;TOTAL;Hombres;2021;3.062
49 Zamora;10-14 años;TOTAL;Hombres;2020;3.029
49 Zamora;10-14 años;TOTAL;Hombres;2019;3.033
49 Zamora;10-14 años;TOTAL;Hombres;2018;3.037
49 Zamora;10-14 años;TOTAL;Mujeres;2022;2.847
49 Zamora;10-14 años;TOTAL;Mujeres;2021;2.930
49 Zamora;10-14 años;TOTAL;Mujeres;2020;2.925
49 Zamora;10-14 años;TOTAL;Mujeres;2019;2.981
49 Zamora;10-14 años;TOTAL;Mujeres;2018;2.995
49 Zamora;15-19 años;TOTAL;Hombres;2022;3.174
49 Zamora;15-19 años;TOTAL;Hombres;2021;3.145
49 Zamora;15-19 años;TOTAL;Hombres;2020;3.233
49 Zamora;15-19 años;TOTAL;Hombres;2019;3.208
49 Zamora;15-19 años;TOTAL;Hombres;2018;3.236
49 Zamora;15-19 años;TOTAL;Mujeres;2022;3.052
49 Zamora;15-19 años;TOTAL;Mujeres;2021;3.053
49 Zamora;15-19 años;TOTAL;Mujeres;2020;3.122
49 Zamora;15-19 años;TOTAL;Mujeres;2019;3.101
49 Zamora;15-19 años;TOTAL;Mujeres;2018;3.096
49 Zamora;20-24 años;TOTAL;Hombres;2022;3.433
49 Zamora;20-24 años;TOTAL;Hombres;2021;3.530
49 Zamora;20-24 años;TOTAL;Hombres;2020;3.489
49 Zamora;20-24 años;TOTAL;Hombres;2019;3.563
49 Zamora;20-24 años;TOTAL;Hombres;2018;3.648
49 Zamora;20-24 años;TOTAL;Mujeres;2022;3.222
49 Zamora;20-24 años;TOTAL;Mujeres;2021;3.240
49 Zamora;20-24 años;TOTAL;Mujeres;2020;3.295
49 Zamora;20-24 años;TOTAL;Mujeres;2019;3.310
49 Zamora;20-24 años;TOTAL;Mujeres;2018;3.426
49 Zamora;25-29 años;TOTAL;Hombres;2022;3.588
49 Zamora;25-29 años;TOTAL;Hombres;2021;3.663
49 Zamora;25-29 años;TOTAL;Hombres;2020;3.746
49 Zamora;25-29 años;TOTAL;Hombres;2019;3.897
49 Zamora;25-29 años;TOTAL;Hombres;2018;4.091
49 Zamora;25-29 años;TOTAL;Mujeres;2022;3.365
49 Zamora;25-29 años;TOTAL;Mujeres;2021;3.418
49 Zamora;25-29 años;TOTAL;Mujeres;2020;3.534
49 Zamora;25-29 años;TOTAL;Mujeres;2019;3.706
49 Zamora;25-29 años;TOTAL;Mujeres;2018;3.805
49 Zamora;30-34 años;TOTAL;Hombres;2022;3.965
49 Zamora;30-34 años;TOTAL;Hombres;2021;4.098
49 Zamora;30-34 años;TOTAL;Hombres;2020;4.160
49 Zamora;30-34 años;TOTAL;Hombres;2019;4.377
49 Zamora;30-34 años;TOTAL;Hombres;2018;4.558
49 Zamora;30-34 años;TOTAL;Mujeres;2022;3.665
49 Zamora;30-34 años;TOTAL;Mujeres;2021;3.776
49 Zamora;30-34 años;TOTAL;Mujeres;2020;3.828
49 Zamora;30-34 años;TOTAL;Mujeres;2019;3.989
49 Zamora;30-34 años;TOTAL;Mujeres;2018;4.167
49 Zamora;35-39 años;TOTAL;Hombres;2022;4.633
49 Zamora;35-39 años;TOTAL;Hombres;2021;4.842
49 Zamora;35-39 años;TOTAL;Hombres;2020;5.089
49 Zamora;35-39 años;TOTAL;Hombres;2019;5.259
49 Zamora;35-39 años;TOTAL;Hombres;2018;5.576
49 Zamora;35-39 años;TOTAL;Mujeres;2022;4.227
49 Zamora;35-39 años;TOTAL;Mujeres;2021;4.389
49 Zamora;35-39 años;TOTAL;Mujeres;2020;4.535
49 Zamora;35-39 años;TOTAL;Mujeres;2019;4.789
49 Zamora;35-39 años;TOTAL;Mujeres;2018;5.079
49 Zamora;40-44 años;TOTAL;Hombres;2022;5.736
49 Zamora;40-44 años;TOTAL;Hombres;2021;5.924
49 Zamora;40-44 años;TOTAL;Hombres;2020;5.970
49 Zamora;40-44 años;TOTAL;Hombres;2019;6.018
49 Zamora;40-44 años;TOTAL;Hombres;2018;5.959
49 Zamora;40-44 años;TOTAL;Mujeres;2022;5.345
49 Zamora;40-44 años;TOTAL;Mujeres;2021;5.565
49 Zamora;40-44 años;TOTAL;Mujeres;2020;5.686
49 Zamora;40-44 años;TOTAL;Mujeres;2019;5.740
49 Zamora;40-44 años;TOTAL;Mujeres;2018;5.732
49 Zamora;45-49 años;TOTAL;Hombres;2022;5.978
49 Zamora;45-49 años;TOTAL;Hombres;2021;5.947
49 Zamora;45-49 años;TOTAL;Hombres;2020;6.018
49 Zamora;45-49 años;TOTAL;Hombres;2019;6.198
49 Zamora;45-49 años;TOTAL;Hombres;2018;6.318
49 Zamora;45-49 años;TOTAL;Mujeres;2022;5.707
49 Zamora;45-49 años;TOTAL;Mujeres;2021;5.749
49 Zamora;45-49 años;TOTAL;Mujeres;2020;5.772
49 Zamora;45-49 años;TOTAL;Mujeres;2019;5.828
49 Zamora;45-49 años;TOTAL;Mujeres;2018;6.017
49 Zamora;50-54 años;TOTAL;Hombres;2022;6.378
49 Zamora;50-54 años;TOTAL;Hombres;2021;6.462
49 Zamora;50-54 años;TOTAL;Hombres;2020;6.623
49 Zamora;50-54 años;TOTAL;Hombres;2019;6.837
49 Zamora;50-54 años;TOTAL;Hombres;2018;7.142
49 Zamora;50-54 años;TOTAL;Mujeres;2022;6.240
49 Zamora;50-54 años;TOTAL;Mujeres;2021;6.355
49 Zamora;50-54 años;TOTAL;Mujeres;2020;6.463
49 Zamora;50-54 años;TOTAL;Mujeres;2019;6.684
49 Zamora;50-54 años;TOTAL;Mujeres;2018;6.728
49 Zamora;55-59 años;TOTAL;Hombres;2022;7.143
49 Zamora;55-59 años;TOTAL;Hombres;2021;7.274
49 Zamora;55-59 años;TOTAL;Hombres;2020;7.325
49 Zamora;55-59 años;TOTAL;Hombres;2019;7.345
49 Zamora;55-59 años;TOTAL;Hombres;2018;7.202
49 Zamora;55-59 años;TOTAL;Mujeres;2022;6.772
49 Zamora;55-59 años;TOTAL;Mujeres;2021;6.810
49 Zamora;55-59 años;TOTAL;Mujeres;2020;6.844
49 Zamora;55-59 años;TOTAL;Mujeres;2019;6.759
49 Zamora;55-59 años;TOTAL;Mujeres;2018;6.755
49 Zamora;60-64 años;TOTAL;Hombres;2022;7.011
49 Zamora;60-64 años;TOTAL;Hombres;2021;6.873
49 Zamora;60-64 años;TOTAL;Hombres;2020;6.782
49 Zamora;60-64 años;TOTAL;Hombres;2019;6.557
49 Zamora;60-64 años;TOTAL;Hombres;2018;6.478
49 Zamora;60-64 años;TOTAL;Mujeres;2022;6.591
49 Zamora;60-64 años;TOTAL;Mujeres;2021;6.469
49 Zamora;60-64 años;TOTAL;Mujeres;2020;6.236
49 Zamora;60-64 años;TOTAL;Mujeres;2019;6.051
49 Zamora;60-64 años;TOTAL;Mujeres;2018;5.799
49 Zamora;65-69 años;TOTAL;Hombres;2022;6.129
49 Zamora;65-69 años;TOTAL;Hombres;2021;5.918
49 Zamora;65-69 años;TOTAL;Hombres;2020;5.750
49 Zamora;65-69 años;TOTAL;Hombres;2019;5.718
49 Zamora;65-69 años;TOTAL;Hombres;2018;5.740
49 Zamora;65-69 años;TOTAL;Mujeres;2022;5.791
49 Zamora;65-69 años;TOTAL;Mujeres;2021;5.535
49 Zamora;65-69 años;TOTAL;Mujeres;2020;5.467
49 Zamora;65-69 años;TOTAL;Mujeres;2019;5.494
49 Zamora;65-69 años;TOTAL;Mujeres;2018;5.617
49 Zamora;70-74 años;TOTAL;Hombres;2022;5.256
49 Zamora;70-74 años;TOTAL;Hombres;2021;5.165
49 Zamora;70-74 años;TOTAL;Hombres;2020;5.206
49 Zamora;70-74 años;TOTAL;Hombres;2019;5.244
49 Zamora;70-74 años;TOTAL;Hombres;2018;5.148
49 Zamora;70-74 años;TOTAL;Mujeres;2022;5.384
49 Zamora;70-74 años;TOTAL;Mujeres;2021;5.367
49 Zamora;70-74 años;TOTAL;Mujeres;2020;5.460
49 Zamora;70-74 años;TOTAL;Mujeres;2019;5.420
49 Zamora;70-74 años;TOTAL;Mujeres;2018;5.358
49 Zamora;75-79 años;TOTAL;Hombres;2022;4.567
49 Zamora;75-79 años;TOTAL;Hombres;2021;4.605
49 Zamora;75-79 años;TOTAL;Hombres;2020;4.556
49 Zamora;75-79 años;TOTAL;Hombres;2019;4.294
49 Zamora;75-79 años;TOTAL;Hombres;2018;4.019
49 Zamora;75-79 años;TOTAL;Mujeres;2022;5.131
49 Zamora;75-79 años;TOTAL;Mujeres;2021;5.224
49 Zamora;75-79 años;TOTAL;Mujeres;2020;5.286
49 Zamora;75-79 años;TOTAL;Mujeres;2019;5.144
49 Zamora;75-79 años;TOTAL;Mujeres;2018;5.024
49 Zamora;80-84 años;TOTAL;Hombres;2022;3.306
49 Zamora;80-84 años;TOTAL;Hombres;2021;3.438
49 Zamora;80-84 años;TOTAL;Hombres;2020;3.535
49 Zamora;80-84 años;TOTAL;Hombres;2019;3.896
49 Zamora;80-84 años;TOTAL;Hombres;2018;4.275
49 Zamora;80-84 años;TOTAL;Mujeres;2022;4.619
49 Zamora;80-84 años;TOTAL;Mujeres;2021;4.966
49 Zamora;80-84 años;TOTAL;Mujeres;2020;5.123
49 Zamora;80-84 años;TOTAL;Mujeres;2019;5.498
49 Zamora;80-84 años;TOTAL;Mujeres;2018;5.917
49 Zamora;85-89 años;TOTAL;Hombres;2022;2.977
49 Zamora;85-89 años;TOTAL;Hombres;2021;2.952
49 Zamora;85-89 años;TOTAL;Hombres;2020;3.084
49 Zamora;85-89 años;TOTAL;Hombres;2019;3.020
49 Zamora;85-89 años;TOTAL;Hombres;2018;3.001
49 Zamora;85-89 años;TOTAL;Mujeres;2022;4.680
49 Zamora;85-89 años;TOTAL;Mujeres;2021;4.508
49 Zamora;85-89 años;TOTAL;Mujeres;2020;4.610
49 Zamora;85-89 años;TOTAL;Mujeres;2019;4.611
49 Zamora;85-89 años;TOTAL;Mujeres;2018;4.580
49 Zamora;90-94 años;TOTAL;Hombres;2022;1.348
49 Zamora;90-94 años;TOTAL;Hombres;2021;1.298
49 Zamora;90-94 años;TOTAL;Hombres;2020;1.300
49 Zamora;90-94 años;TOTAL;Hombres;2019;1.271
49 Zamora;90-94 años;TOTAL;Hombres;2018;1.215
49 Zamora;90-94 años;TOTAL;Mujeres;2022;2.503
49 Zamora;90-94 años;TOTAL;Mujeres;2021;2.445
49 Zamora;90-94 años;TOTAL;Mujeres;2020;2.449
49 Zamora;90-94 años;TOTAL;Mujeres;2019;2.465
49 Zamora;90-94 años;TOTAL;Mujeres;2018;2.382
49 Zamora;95-99 años;TOTAL;Hombres;2022;317
49 Zamora;95-99 años;TOTAL;Hombres;2021;311
49 Zamora;95-99 años;TOTAL;Hombres;2020;313
49 Zamora;95-99 años;TOTAL;Hombres;2019;286
49 Zamora;95-99 años;TOTAL;Hombres;2018;286
49 Zamora;95-99 años;TOTAL;Mujeres;2022;798
49 Zamora;95-99 años;TOTAL;Mujeres;2021;763
49 Zamora;95-99 años;TOTAL;Mujeres;2020;767
49 Zamora;95-99 años;TOTAL;Mujeres;2019;703
49 Zamora;95-99 años;TOTAL;Mujeres;2018;627
49 Zamora;100 años y más;TOTAL;Hombres;2022;54
49 Zamora;100 años y más;TOTAL;Hombres;2021;52
49 Zamora;100 años y más;TOTAL;Hombres;2020;41
49 Zamora;100 años y más;TOTAL;Hombres;2019;28
49 Zamora;100 años y más;TOTAL;Hombres;2018;28
49 Zamora;100 años y más;TOTAL;Mujeres;2022;108
49 Zamora;100 años y más;TOTAL;Mujeres;2021;107
49 Zamora;100 años y más;TOTAL;Mujeres;2020;103
49 Zamora;100 años y más;TOTAL;Mujeres;2019;112
49 Zamora;100 años y más;TOTAL;Mujeres;2018;114
50 Zaragoza;0-4 años;TOTAL;Hombres;2022;18.706
50 Zaragoza;0-4 años;TOTAL;Hombres;2021;19.478
50 Zaragoza;0-4 años;TOTAL;Hombres;2020;20.517
50 Zaragoza;0-4 años;TOTAL;Hombres;2019;21.316
50 Zaragoza;0-4 años;TOTAL;Hombres;2018;21.594
50 Zaragoza;0-4 años;TOTAL;Mujeres;2022;17.691
50 Zaragoza;0-4 años;TOTAL;Mujeres;2021;18.496
50 Zaragoza;0-4 años;TOTAL;Mujeres;2020;19.487
50 Zaragoza;0-4 años;TOTAL;Mujeres;2019;20.195
50 Zaragoza;0-4 años;TOTAL;Mujeres;2018;20.458
50 Zaragoza;5-9 años;TOTAL;Hombres;2022;23.242
50 Zaragoza;5-9 años;TOTAL;Hombres;2021;23.622
50 Zaragoza;5-9 años;TOTAL;Hombres;2020;24.050
50 Zaragoza;5-9 años;TOTAL;Hombres;2019;24.133
50 Zaragoza;5-9 años;TOTAL;Hombres;2018;24.628
50 Zaragoza;5-9 años;TOTAL;Mujeres;2022;22.023
50 Zaragoza;5-9 años;TOTAL;Mujeres;2021;22.340
50 Zaragoza;5-9 años;TOTAL;Mujeres;2020;22.734
50 Zaragoza;5-9 años;TOTAL;Mujeres;2019;22.830
50 Zaragoza;5-9 años;TOTAL;Mujeres;2018;23.132
50 Zaragoza;10-14 años;TOTAL;Hombres;2022;25.949
50 Zaragoza;10-14 años;TOTAL;Hombres;2021;25.854
50 Zaragoza;10-14 años;TOTAL;Hombres;2020;25.659
50 Zaragoza;10-14 años;TOTAL;Hombres;2019;25.178
50 Zaragoza;10-14 años;TOTAL;Hombres;2018;24.463
50 Zaragoza;10-14 años;TOTAL;Mujeres;2022;24.221
50 Zaragoza;10-14 años;TOTAL;Mujeres;2021;24.092
50 Zaragoza;10-14 años;TOTAL;Mujeres;2020;23.846
50 Zaragoza;10-14 años;TOTAL;Mujeres;2019;23.573
50 Zaragoza;10-14 años;TOTAL;Mujeres;2018;23.028
50 Zaragoza;15-19 años;TOTAL;Hombres;2022;25.106
50 Zaragoza;15-19 años;TOTAL;Hombres;2021;24.682
50 Zaragoza;15-19 años;TOTAL;Hombres;2020;24.450
50 Zaragoza;15-19 años;TOTAL;Hombres;2019;23.713
50 Zaragoza;15-19 años;TOTAL;Hombres;2018;22.736
50 Zaragoza;15-19 años;TOTAL;Mujeres;2022;23.409
50 Zaragoza;15-19 años;TOTAL;Mujeres;2021;23.088
50 Zaragoza;15-19 años;TOTAL;Mujeres;2020;22.782
50 Zaragoza;15-19 años;TOTAL;Mujeres;2019;21.929
50 Zaragoza;15-19 años;TOTAL;Mujeres;2018;21.034
50 Zaragoza;20-24 años;TOTAL;Hombres;2022;24.554
50 Zaragoza;20-24 años;TOTAL;Hombres;2021;24.094
50 Zaragoza;20-24 años;TOTAL;Hombres;2020;23.859
50 Zaragoza;20-24 años;TOTAL;Hombres;2019;23.139
50 Zaragoza;20-24 años;TOTAL;Hombres;2018;22.579
50 Zaragoza;20-24 años;TOTAL;Mujeres;2022;22.699
50 Zaragoza;20-24 años;TOTAL;Mujeres;2021;22.466
50 Zaragoza;20-24 años;TOTAL;Mujeres;2020;22.582
50 Zaragoza;20-24 años;TOTAL;Mujeres;2019;22.122
50 Zaragoza;20-24 años;TOTAL;Mujeres;2018;21.784
50 Zaragoza;25-29 años;TOTAL;Hombres;2022;24.611
50 Zaragoza;25-29 años;TOTAL;Hombres;2021;24.553
50 Zaragoza;25-29 años;TOTAL;Hombres;2020;24.757
50 Zaragoza;25-29 años;TOTAL;Hombres;2019;24.482
50 Zaragoza;25-29 años;TOTAL;Hombres;2018;24.357
50 Zaragoza;25-29 años;TOTAL;Mujeres;2022;23.691
50 Zaragoza;25-29 años;TOTAL;Mujeres;2021;24.051
50 Zaragoza;25-29 años;TOTAL;Mujeres;2020;24.206
50 Zaragoza;25-29 años;TOTAL;Mujeres;2019;24.010
50 Zaragoza;25-29 años;TOTAL;Mujeres;2018;23.775
50 Zaragoza;30-34 años;TOTAL;Hombres;2022;26.342
50 Zaragoza;30-34 años;TOTAL;Hombres;2021;27.038
50 Zaragoza;30-34 años;TOTAL;Hombres;2020;27.799
50 Zaragoza;30-34 años;TOTAL;Hombres;2019;28.018
50 Zaragoza;30-34 años;TOTAL;Hombres;2018;28.142
50 Zaragoza;30-34 años;TOTAL;Mujeres;2022;25.831
50 Zaragoza;30-34 años;TOTAL;Mujeres;2021;26.425
50 Zaragoza;30-34 años;TOTAL;Mujeres;2020;27.427
50 Zaragoza;30-34 años;TOTAL;Mujeres;2019;27.671
50 Zaragoza;30-34 años;TOTAL;Mujeres;2018;27.717
50 Zaragoza;35-39 años;TOTAL;Hombres;2022;30.338
50 Zaragoza;35-39 años;TOTAL;Hombres;2021;31.562
50 Zaragoza;35-39 años;TOTAL;Hombres;2020;33.223
50 Zaragoza;35-39 años;TOTAL;Hombres;2019;34.124
50 Zaragoza;35-39 años;TOTAL;Hombres;2018;35.476
50 Zaragoza;35-39 años;TOTAL;Mujeres;2022;30.167
50 Zaragoza;35-39 años;TOTAL;Mujeres;2021;31.182
50 Zaragoza;35-39 años;TOTAL;Mujeres;2020;32.721
50 Zaragoza;35-39 años;TOTAL;Mujeres;2019;33.912
50 Zaragoza;35-39 años;TOTAL;Mujeres;2018;35.115
50 Zaragoza;40-44 años;TOTAL;Hombres;2022;37.924
50 Zaragoza;40-44 años;TOTAL;Hombres;2021;39.565
50 Zaragoza;40-44 años;TOTAL;Hombres;2020;40.868
50 Zaragoza;40-44 años;TOTAL;Hombres;2019;41.436
50 Zaragoza;40-44 años;TOTAL;Hombres;2018;41.280
50 Zaragoza;40-44 años;TOTAL;Mujeres;2022;37.743
50 Zaragoza;40-44 años;TOTAL;Mujeres;2021;38.835
50 Zaragoza;40-44 años;TOTAL;Mujeres;2020;39.916
50 Zaragoza;40-44 años;TOTAL;Mujeres;2019;39.932
50 Zaragoza;40-44 años;TOTAL;Mujeres;2018;39.289
50 Zaragoza;45-49 años;TOTAL;Hombres;2022;41.568
50 Zaragoza;45-49 años;TOTAL;Hombres;2021;40.935
50 Zaragoza;45-49 años;TOTAL;Hombres;2020;40.623
50 Zaragoza;45-49 años;TOTAL;Hombres;2019;39.757
50 Zaragoza;45-49 años;TOTAL;Hombres;2018;38.934
50 Zaragoza;45-49 años;TOTAL;Mujeres;2022;39.931
50 Zaragoza;45-49 años;TOTAL;Mujeres;2021;39.646
50 Zaragoza;45-49 años;TOTAL;Mujeres;2020;39.224
50 Zaragoza;45-49 años;TOTAL;Mujeres;2019;38.233
50 Zaragoza;45-49 años;TOTAL;Mujeres;2018;37.539
50 Zaragoza;50-54 años;TOTAL;Hombres;2022;38.200
50 Zaragoza;50-54 años;TOTAL;Hombres;2021;37.908
50 Zaragoza;50-54 años;TOTAL;Hombres;2020;37.231
50 Zaragoza;50-54 años;TOTAL;Hombres;2019;36.950
50 Zaragoza;50-54 años;TOTAL;Hombres;2018;36.316
50 Zaragoza;50-54 años;TOTAL;Mujeres;2022;37.773
50 Zaragoza;50-54 años;TOTAL;Mujeres;2021;37.330
50 Zaragoza;50-54 años;TOTAL;Mujeres;2020;36.985
50 Zaragoza;50-54 años;TOTAL;Mujeres;2019;36.927
50 Zaragoza;50-54 años;TOTAL;Mujeres;2018;36.167
50 Zaragoza;55-59 años;TOTAL;Hombres;2022;35.487
50 Zaragoza;55-59 años;TOTAL;Hombres;2021;34.852
50 Zaragoza;55-59 años;TOTAL;Hombres;2020;34.500
50 Zaragoza;55-59 años;TOTAL;Hombres;2019;33.629
50 Zaragoza;55-59 años;TOTAL;Hombres;2018;32.817
50 Zaragoza;55-59 años;TOTAL;Mujeres;2022;35.513
50 Zaragoza;55-59 años;TOTAL;Mujeres;2021;35.136
50 Zaragoza;55-59 años;TOTAL;Mujeres;2020;35.025
50 Zaragoza;55-59 años;TOTAL;Mujeres;2019;34.310
50 Zaragoza;55-59 años;TOTAL;Mujeres;2018;33.803
50 Zaragoza;60-64 años;TOTAL;Hombres;2022;31.081
50 Zaragoza;60-64 años;TOTAL;Hombres;2021;30.491
50 Zaragoza;60-64 años;TOTAL;Hombres;2020;29.863
50 Zaragoza;60-64 años;TOTAL;Hombres;2019;28.687
50 Zaragoza;60-64 años;TOTAL;Hombres;2018;27.611
50 Zaragoza;60-64 años;TOTAL;Mujeres;2022;33.058
50 Zaragoza;60-64 años;TOTAL;Mujeres;2021;32.485
50 Zaragoza;60-64 años;TOTAL;Mujeres;2020;31.636
50 Zaragoza;60-64 años;TOTAL;Mujeres;2019;30.702
50 Zaragoza;60-64 años;TOTAL;Mujeres;2018;29.717
50 Zaragoza;65-69 años;TOTAL;Hombres;2022;25.438
50 Zaragoza;65-69 años;TOTAL;Hombres;2021;24.808
50 Zaragoza;65-69 años;TOTAL;Hombres;2020;24.313
50 Zaragoza;65-69 años;TOTAL;Hombres;2019;24.110
50 Zaragoza;65-69 años;TOTAL;Hombres;2018;24.280
50 Zaragoza;65-69 años;TOTAL;Mujeres;2022;28.417
50 Zaragoza;65-69 años;TOTAL;Mujeres;2021;27.810
50 Zaragoza;65-69 años;TOTAL;Mujeres;2020;27.333
50 Zaragoza;65-69 años;TOTAL;Mujeres;2019;27.180
50 Zaragoza;65-69 años;TOTAL;Mujeres;2018;27.249
50 Zaragoza;70-74 años;TOTAL;Hombres;2022;21.759
50 Zaragoza;70-74 años;TOTAL;Hombres;2021;21.814
50 Zaragoza;70-74 años;TOTAL;Hombres;2020;22.080
50 Zaragoza;70-74 años;TOTAL;Hombres;2019;21.849
50 Zaragoza;70-74 años;TOTAL;Hombres;2018;21.282
50 Zaragoza;70-74 años;TOTAL;Mujeres;2022;25.963
50 Zaragoza;70-74 años;TOTAL;Mujeres;2021;25.993
50 Zaragoza;70-74 años;TOTAL;Mujeres;2020;26.179
50 Zaragoza;70-74 años;TOTAL;Mujeres;2019;25.653
50 Zaragoza;70-74 años;TOTAL;Mujeres;2018;25.027
50 Zaragoza;75-79 años;TOTAL;Hombres;2022;18.034
50 Zaragoza;75-79 años;TOTAL;Hombres;2021;17.587
50 Zaragoza;75-79 años;TOTAL;Hombres;2020;17.281
50 Zaragoza;75-79 años;TOTAL;Hombres;2019;16.112
50 Zaragoza;75-79 años;TOTAL;Hombres;2018;15.131
50 Zaragoza;75-79 años;TOTAL;Mujeres;2022;22.900
50 Zaragoza;75-79 años;TOTAL;Mujeres;2021;22.056
50 Zaragoza;75-79 años;TOTAL;Mujeres;2020;21.701
50 Zaragoza;75-79 años;TOTAL;Mujeres;2019;20.385
50 Zaragoza;75-79 años;TOTAL;Mujeres;2018;19.057
50 Zaragoza;80-84 años;TOTAL;Hombres;2022;11.449
50 Zaragoza;80-84 años;TOTAL;Hombres;2021;11.611
50 Zaragoza;80-84 años;TOTAL;Hombres;2020;11.557
50 Zaragoza;80-84 años;TOTAL;Hombres;2019;12.259
50 Zaragoza;80-84 años;TOTAL;Hombres;2018;13.075
50 Zaragoza;80-84 años;TOTAL;Mujeres;2022;16.438
50 Zaragoza;80-84 años;TOTAL;Mujeres;2021;16.963
50 Zaragoza;80-84 años;TOTAL;Mujeres;2020;17.169
50 Zaragoza;80-84 años;TOTAL;Mujeres;2019;18.284
50 Zaragoza;80-84 años;TOTAL;Mujeres;2018;19.474
50 Zaragoza;85-89 años;TOTAL;Hombres;2022;8.775
50 Zaragoza;85-89 años;TOTAL;Hombres;2021;8.822
50 Zaragoza;85-89 años;TOTAL;Hombres;2020;8.850
50 Zaragoza;85-89 años;TOTAL;Hombres;2019;8.742
50 Zaragoza;85-89 años;TOTAL;Hombres;2018;8.393
50 Zaragoza;85-89 años;TOTAL;Mujeres;2022;15.331
50 Zaragoza;85-89 años;TOTAL;Mujeres;2021;15.237
50 Zaragoza;85-89 años;TOTAL;Mujeres;2020;15.544
50 Zaragoza;85-89 años;TOTAL;Mujeres;2019;15.444
50 Zaragoza;85-89 años;TOTAL;Mujeres;2018;15.071
50 Zaragoza;90-94 años;TOTAL;Hombres;2022;3.568
50 Zaragoza;90-94 años;TOTAL;Hombres;2021;3.301
50 Zaragoza;90-94 años;TOTAL;Hombres;2020;3.319
50 Zaragoza;90-94 años;TOTAL;Hombres;2019;3.154
50 Zaragoza;90-94 años;TOTAL;Hombres;2018;3.082
50 Zaragoza;90-94 años;TOTAL;Mujeres;2022;8.112
50 Zaragoza;90-94 años;TOTAL;Mujeres;2021;7.858
50 Zaragoza;90-94 años;TOTAL;Mujeres;2020;7.714
50 Zaragoza;90-94 años;TOTAL;Mujeres;2019;7.393
50 Zaragoza;90-94 años;TOTAL;Mujeres;2018;7.192
50 Zaragoza;95-99 años;TOTAL;Hombres;2022;697
50 Zaragoza;95-99 años;TOTAL;Hombres;2021;718
50 Zaragoza;95-99 años;TOTAL;Hombres;2020;743
50 Zaragoza;95-99 años;TOTAL;Hombres;2019;693
50 Zaragoza;95-99 años;TOTAL;Hombres;2018;603
50 Zaragoza;95-99 años;TOTAL;Mujeres;2022;2.256
50 Zaragoza;95-99 años;TOTAL;Mujeres;2021;2.277
50 Zaragoza;95-99 años;TOTAL;Mujeres;2020;2.386
50 Zaragoza;95-99 años;TOTAL;Mujeres;2019;2.161
50 Zaragoza;95-99 años;TOTAL;Mujeres;2018;2.064
50 Zaragoza;100 años y más;TOTAL;Hombres;2022;70
50 Zaragoza;100 años y más;TOTAL;Hombres;2021;59
50 Zaragoza;100 años y más;TOTAL;Hombres;2020;60
50 Zaragoza;100 años y más;TOTAL;Hombres;2019;58
50 Zaragoza;100 años y más;TOTAL;Hombres;2018;60
50 Zaragoza;100 años y más;TOTAL;Mujeres;2022;373
50 Zaragoza;100 años y más;TOTAL;Mujeres;2021;332
50 Zaragoza;100 años y más;TOTAL;Mujeres;2020;329
50 Zaragoza;100 años y más;TOTAL;Mujeres;2019;308
50 Zaragoza;100 años y más;TOTAL;Mujeres;2018;280
51 Ceuta;0-4 años;TOTAL;Hombres;2022;2.189
51 Ceuta;0-4 años;TOTAL;Hombres;2021;2.223
51 Ceuta;0-4 años;TOTAL;Hombres;2020;2.471
51 Ceuta;0-4 años;TOTAL;Hombres;2019;2.698
51 Ceuta;0-4 años;TOTAL;Hombres;2018;2.849
51 Ceuta;0-4 años;TOTAL;Mujeres;2022;2.125
51 Ceuta;0-4 años;TOTAL;Mujeres;2021;2.120
51 Ceuta;0-4 años;TOTAL;Mujeres;2020;2.311
51 Ceuta;0-4 años;TOTAL;Mujeres;2019;2.515
51 Ceuta;0-4 años;TOTAL;Mujeres;2018;2.586
51 Ceuta;5-9 años;TOTAL;Hombres;2022;2.855
51 Ceuta;5-9 años;TOTAL;Hombres;2021;2.900
51 Ceuta;5-9 años;TOTAL;Hombres;2020;3.043
51 Ceuta;5-9 años;TOTAL;Hombres;2019;3.119
51 Ceuta;5-9 años;TOTAL;Hombres;2018;3.220
51 Ceuta;5-9 años;TOTAL;Mujeres;2022;2.632
51 Ceuta;5-9 años;TOTAL;Mujeres;2021;2.735
51 Ceuta;5-9 años;TOTAL;Mujeres;2020;2.857
51 Ceuta;5-9 años;TOTAL;Mujeres;2019;2.905
51 Ceuta;5-9 años;TOTAL;Mujeres;2018;3.070
51 Ceuta;10-14 años;TOTAL;Hombres;2022;3.029
51 Ceuta;10-14 años;TOTAL;Hombres;2021;3.075
51 Ceuta;10-14 años;TOTAL;Hombres;2020;3.077
51 Ceuta;10-14 años;TOTAL;Hombres;2019;3.079
51 Ceuta;10-14 años;TOTAL;Hombres;2018;3.089
51 Ceuta;10-14 años;TOTAL;Mujeres;2022;3.003
51 Ceuta;10-14 años;TOTAL;Mujeres;2021;3.069
51 Ceuta;10-14 años;TOTAL;Mujeres;2020;3.097
51 Ceuta;10-14 años;TOTAL;Mujeres;2019;3.079
51 Ceuta;10-14 años;TOTAL;Mujeres;2018;2.994
51 Ceuta;15-19 años;TOTAL;Hombres;2022;2.893
51 Ceuta;15-19 años;TOTAL;Hombres;2021;2.874
51 Ceuta;15-19 años;TOTAL;Hombres;2020;2.768
51 Ceuta;15-19 años;TOTAL;Hombres;2019;2.701
51 Ceuta;15-19 años;TOTAL;Hombres;2018;2.643
51 Ceuta;15-19 años;TOTAL;Mujeres;2022;2.852
51 Ceuta;15-19 años;TOTAL;Mujeres;2021;2.770
51 Ceuta;15-19 años;TOTAL;Mujeres;2020;2.739
51 Ceuta;15-19 años;TOTAL;Mujeres;2019;2.729
51 Ceuta;15-19 años;TOTAL;Mujeres;2018;2.672
51 Ceuta;20-24 años;TOTAL;Hombres;2022;2.773
51 Ceuta;20-24 años;TOTAL;Hombres;2021;2.671
51 Ceuta;20-24 años;TOTAL;Hombres;2020;2.643
51 Ceuta;20-24 años;TOTAL;Hombres;2019;2.685
51 Ceuta;20-24 años;TOTAL;Hombres;2018;2.699
51 Ceuta;20-24 años;TOTAL;Mujeres;2022;2.833
51 Ceuta;20-24 años;TOTAL;Mujeres;2021;2.767
51 Ceuta;20-24 años;TOTAL;Mujeres;2020;2.794
51 Ceuta;20-24 años;TOTAL;Mujeres;2019;2.753
51 Ceuta;20-24 años;TOTAL;Mujeres;2018;2.824
51 Ceuta;25-29 años;TOTAL;Hombres;2022;2.730
51 Ceuta;25-29 años;TOTAL;Hombres;2021;2.788
51 Ceuta;25-29 años;TOTAL;Hombres;2020;2.821
51 Ceuta;25-29 años;TOTAL;Hombres;2019;2.901
51 Ceuta;25-29 años;TOTAL;Hombres;2018;2.887
51 Ceuta;25-29 años;TOTAL;Mujeres;2022;2.616
51 Ceuta;25-29 años;TOTAL;Mujeres;2021;2.678
51 Ceuta;25-29 años;TOTAL;Mujeres;2020;2.709
51 Ceuta;25-29 años;TOTAL;Mujeres;2019;2.756
51 Ceuta;25-29 años;TOTAL;Mujeres;2018;2.801
51 Ceuta;30-34 años;TOTAL;Hombres;2022;2.825
51 Ceuta;30-34 años;TOTAL;Hombres;2021;2.847
51 Ceuta;30-34 años;TOTAL;Hombres;2020;2.938
51 Ceuta;30-34 años;TOTAL;Hombres;2019;2.964
51 Ceuta;30-34 años;TOTAL;Hombres;2018;3.076
51 Ceuta;30-34 años;TOTAL;Mujeres;2022;2.677
51 Ceuta;30-34 años;TOTAL;Mujeres;2021;2.730
51 Ceuta;30-34 años;TOTAL;Mujeres;2020;2.793
51 Ceuta;30-34 años;TOTAL;Mujeres;2019;2.897
51 Ceuta;30-34 años;TOTAL;Mujeres;2018;2.960
51 Ceuta;35-39 años;TOTAL;Hombres;2022;2.918
51 Ceuta;35-39 años;TOTAL;Hombres;2021;3.064
51 Ceuta;35-39 años;TOTAL;Hombres;2020;3.179
51 Ceuta;35-39 años;TOTAL;Hombres;2019;3.319
51 Ceuta;35-39 años;TOTAL;Hombres;2018;3.442
51 Ceuta;35-39 años;TOTAL;Mujeres;2022;2.837
51 Ceuta;35-39 años;TOTAL;Mujeres;2021;2.916
51 Ceuta;35-39 años;TOTAL;Mujeres;2020;2.984
51 Ceuta;35-39 años;TOTAL;Mujeres;2019;3.069
51 Ceuta;35-39 años;TOTAL;Mujeres;2018;3.087
51 Ceuta;40-44 años;TOTAL;Hombres;2022;3.258
51 Ceuta;40-44 años;TOTAL;Hombres;2021;3.346
51 Ceuta;40-44 años;TOTAL;Hombres;2020;3.418
51 Ceuta;40-44 años;TOTAL;Hombres;2019;3.503
51 Ceuta;40-44 años;TOTAL;Hombres;2018;3.520
51 Ceuta;40-44 años;TOTAL;Mujeres;2022;2.961
51 Ceuta;40-44 años;TOTAL;Mujeres;2021;3.017
51 Ceuta;40-44 años;TOTAL;Mujeres;2020;3.079
51 Ceuta;40-44 años;TOTAL;Mujeres;2019;3.076
51 Ceuta;40-44 años;TOTAL;Mujeres;2018;3.084
51 Ceuta;45-49 años;TOTAL;Hombres;2022;3.288
51 Ceuta;45-49 años;TOTAL;Hombres;2021;3.314
51 Ceuta;45-49 años;TOTAL;Hombres;2020;3.264
51 Ceuta;45-49 años;TOTAL;Hombres;2019;3.251
51 Ceuta;45-49 años;TOTAL;Hombres;2018;3.283
51 Ceuta;45-49 años;TOTAL;Mujeres;2022;2.951
51 Ceuta;45-49 años;TOTAL;Mujeres;2021;2.906
51 Ceuta;45-49 años;TOTAL;Mujeres;2020;2.881
51 Ceuta;45-49 años;TOTAL;Mujeres;2019;2.870
51 Ceuta;45-49 años;TOTAL;Mujeres;2018;2.841
51 Ceuta;50-54 años;TOTAL;Hombres;2022;3.001
51 Ceuta;50-54 años;TOTAL;Hombres;2021;3.035
51 Ceuta;50-54 años;TOTAL;Hombres;2020;3.062
51 Ceuta;50-54 años;TOTAL;Hombres;2019;3.179
51 Ceuta;50-54 años;TOTAL;Hombres;2018;3.176
51 Ceuta;50-54 años;TOTAL;Mujeres;2022;2.770
51 Ceuta;50-54 años;TOTAL;Mujeres;2021;2.795
51 Ceuta;50-54 años;TOTAL;Mujeres;2020;2.728
51 Ceuta;50-54 años;TOTAL;Mujeres;2019;2.800
51 Ceuta;50-54 años;TOTAL;Mujeres;2018;2.842
51 Ceuta;55-59 años;TOTAL;Hombres;2022;2.991
51 Ceuta;55-59 años;TOTAL;Hombres;2021;2.944
51 Ceuta;55-59 años;TOTAL;Hombres;2020;2.951
51 Ceuta;55-59 años;TOTAL;Hombres;2019;2.853
51 Ceuta;55-59 años;TOTAL;Hombres;2018;2.830
51 Ceuta;55-59 años;TOTAL;Mujeres;2022;2.747
51 Ceuta;55-59 años;TOTAL;Mujeres;2021;2.757
51 Ceuta;55-59 años;TOTAL;Mujeres;2020;2.815
51 Ceuta;55-59 años;TOTAL;Mujeres;2019;2.716
51 Ceuta;55-59 años;TOTAL;Mujeres;2018;2.716
51 Ceuta;60-64 años;TOTAL;Hombres;2022;2.504
51 Ceuta;60-64 años;TOTAL;Hombres;2021;2.481
51 Ceuta;60-64 años;TOTAL;Hombres;2020;2.376
51 Ceuta;60-64 años;TOTAL;Hombres;2019;2.255
51 Ceuta;60-64 años;TOTAL;Hombres;2018;2.159
51 Ceuta;60-64 años;TOTAL;Mujeres;2022;2.467
51 Ceuta;60-64 años;TOTAL;Mujeres;2021;2.383
51 Ceuta;60-64 años;TOTAL;Mujeres;2020;2.260
51 Ceuta;60-64 años;TOTAL;Mujeres;2019;2.176
51 Ceuta;60-64 años;TOTAL;Mujeres;2018;2.051
51 Ceuta;65-69 años;TOTAL;Hombres;2022;1.751
51 Ceuta;65-69 años;TOTAL;Hombres;2021;1.706
51 Ceuta;65-69 años;TOTAL;Hombres;2020;1.645
51 Ceuta;65-69 años;TOTAL;Hombres;2019;1.584
51 Ceuta;65-69 años;TOTAL;Hombres;2018;1.514
51 Ceuta;65-69 años;TOTAL;Mujeres;2022;1.765
51 Ceuta;65-69 años;TOTAL;Mujeres;2021;1.661
51 Ceuta;65-69 años;TOTAL;Mujeres;2020;1.576
51 Ceuta;65-69 años;TOTAL;Mujeres;2019;1.489
51 Ceuta;65-69 años;TOTAL;Mujeres;2018;1.431
51 Ceuta;70-74 años;TOTAL;Hombres;2022;1.164
51 Ceuta;70-74 años;TOTAL;Hombres;2021;1.166
51 Ceuta;70-74 años;TOTAL;Hombres;2020;1.163
51 Ceuta;70-74 años;TOTAL;Hombres;2019;1.142
51 Ceuta;70-74 años;TOTAL;Hombres;2018;1.110
51 Ceuta;70-74 años;TOTAL;Mujeres;2022;1.203
51 Ceuta;70-74 años;TOTAL;Mujeres;2021;1.245
51 Ceuta;70-74 años;TOTAL;Mujeres;2020;1.252
51 Ceuta;70-74 años;TOTAL;Mujeres;2019;1.269
51 Ceuta;70-74 años;TOTAL;Mujeres;2018;1.285
51 Ceuta;75-79 años;TOTAL;Hombres;2022;838
51 Ceuta;75-79 años;TOTAL;Hombres;2021;833
51 Ceuta;75-79 años;TOTAL;Hombres;2020;810
51 Ceuta;75-79 años;TOTAL;Hombres;2019;787
51 Ceuta;75-79 años;TOTAL;Hombres;2018;770
51 Ceuta;75-79 años;TOTAL;Mujeres;2022;1.075
51 Ceuta;75-79 años;TOTAL;Mujeres;2021;1.063
51 Ceuta;75-79 años;TOTAL;Mujeres;2020;1.093
51 Ceuta;75-79 años;TOTAL;Mujeres;2019;1.088
51 Ceuta;75-79 años;TOTAL;Mujeres;2018;1.066
51 Ceuta;80-84 años;TOTAL;Hombres;2022;506
51 Ceuta;80-84 años;TOTAL;Hombres;2021;541
51 Ceuta;80-84 años;TOTAL;Hombres;2020;530
51 Ceuta;80-84 años;TOTAL;Hombres;2019;525
51 Ceuta;80-84 años;TOTAL;Hombres;2018;552
51 Ceuta;80-84 años;TOTAL;Mujeres;2022;777
51 Ceuta;80-84 años;TOTAL;Mujeres;2021;835
51 Ceuta;80-84 años;TOTAL;Mujeres;2020;831
51 Ceuta;80-84 años;TOTAL;Mujeres;2019;848
51 Ceuta;80-84 años;TOTAL;Mujeres;2018;855
51 Ceuta;85-89 años;TOTAL;Hombres;2022;278
51 Ceuta;85-89 años;TOTAL;Hombres;2021;283
51 Ceuta;85-89 años;TOTAL;Hombres;2020;273
51 Ceuta;85-89 años;TOTAL;Hombres;2019;261
51 Ceuta;85-89 años;TOTAL;Hombres;2018;256
51 Ceuta;85-89 años;TOTAL;Mujeres;2022;566
51 Ceuta;85-89 años;TOTAL;Mujeres;2021;543
51 Ceuta;85-89 años;TOTAL;Mujeres;2020;563
51 Ceuta;85-89 años;TOTAL;Mujeres;2019;558
51 Ceuta;85-89 años;TOTAL;Mujeres;2018;550
51 Ceuta;90-94 años;TOTAL;Hombres;2022;116
51 Ceuta;90-94 años;TOTAL;Hombres;2021;96
51 Ceuta;90-94 años;TOTAL;Hombres;2020;85
51 Ceuta;90-94 años;TOTAL;Hombres;2019;79
51 Ceuta;90-94 años;TOTAL;Hombres;2018;79
51 Ceuta;90-94 años;TOTAL;Mujeres;2022;249
51 Ceuta;90-94 años;TOTAL;Mujeres;2021;246
51 Ceuta;90-94 años;TOTAL;Mujeres;2020;232
51 Ceuta;90-94 años;TOTAL;Mujeres;2019;209
51 Ceuta;90-94 años;TOTAL;Mujeres;2018;200
51 Ceuta;95-99 años;TOTAL;Hombres;2022;15
51 Ceuta;95-99 años;TOTAL;Hombres;2021;15
51 Ceuta;95-99 años;TOTAL;Hombres;2020;18
51 Ceuta;95-99 años;TOTAL;Hombres;2019;22
51 Ceuta;95-99 años;TOTAL;Hombres;2018;20
51 Ceuta;95-99 años;TOTAL;Mujeres;2022;66
51 Ceuta;95-99 años;TOTAL;Mujeres;2021;58
51 Ceuta;95-99 años;TOTAL;Mujeres;2020;51
51 Ceuta;95-99 años;TOTAL;Mujeres;2019;51
51 Ceuta;95-99 años;TOTAL;Mujeres;2018;38
51 Ceuta;100 años y más;TOTAL;Hombres;2022;5
51 Ceuta;100 años y más;TOTAL;Hombres;2021;6
51 Ceuta;100 años y más;TOTAL;Hombres;2020;7
51 Ceuta;100 años y más;TOTAL;Hombres;2019;5
51 Ceuta;100 años y más;TOTAL;Hombres;2018;3
51 Ceuta;100 años y más;TOTAL;Mujeres;2022;18
51 Ceuta;100 años y más;TOTAL;Mujeres;2021;15
51 Ceuta;100 años y más;TOTAL;Mujeres;2020;15
51 Ceuta;100 años y más;TOTAL;Mujeres;2019;12
51 Ceuta;100 años y más;TOTAL;Mujeres;2018;14
52 Melilla;0-4 años;TOTAL;Hombres;2022;2.748
52 Melilla;0-4 años;TOTAL;Hombres;2021;3.026
52 Melilla;0-4 años;TOTAL;Hombres;2020;3.301
52 Melilla;0-4 años;TOTAL;Hombres;2019;3.481
52 Melilla;0-4 años;TOTAL;Hombres;2018;3.607
52 Melilla;0-4 años;TOTAL;Mujeres;2022;2.609
52 Melilla;0-4 años;TOTAL;Mujeres;2021;2.875
52 Melilla;0-4 años;TOTAL;Mujeres;2020;3.141
52 Melilla;0-4 años;TOTAL;Mujeres;2019;3.244
52 Melilla;0-4 años;TOTAL;Mujeres;2018;3.337
52 Melilla;5-9 años;TOTAL;Hombres;2022;3.365
52 Melilla;5-9 años;TOTAL;Hombres;2021;3.559
52 Melilla;5-9 años;TOTAL;Hombres;2020;3.605
52 Melilla;5-9 años;TOTAL;Hombres;2019;3.570
52 Melilla;5-9 años;TOTAL;Hombres;2018;3.612
52 Melilla;5-9 años;TOTAL;Mujeres;2022;3.238
52 Melilla;5-9 años;TOTAL;Mujeres;2021;3.363
52 Melilla;5-9 años;TOTAL;Mujeres;2020;3.421
52 Melilla;5-9 años;TOTAL;Mujeres;2019;3.343
52 Melilla;5-9 años;TOTAL;Mujeres;2018;3.401
52 Melilla;10-14 años;TOTAL;Hombres;2022;3.322
52 Melilla;10-14 años;TOTAL;Hombres;2021;3.282
52 Melilla;10-14 años;TOTAL;Hombres;2020;3.249
52 Melilla;10-14 años;TOTAL;Hombres;2019;3.100
52 Melilla;10-14 años;TOTAL;Hombres;2018;3.052
52 Melilla;10-14 años;TOTAL;Mujeres;2022;3.098
52 Melilla;10-14 años;TOTAL;Mujeres;2021;3.150
52 Melilla;10-14 años;TOTAL;Mujeres;2020;3.065
52 Melilla;10-14 años;TOTAL;Mujeres;2019;2.989
52 Melilla;10-14 años;TOTAL;Mujeres;2018;2.971
52 Melilla;15-19 años;TOTAL;Hombres;2022;2.998
52 Melilla;15-19 años;TOTAL;Hombres;2021;2.984
52 Melilla;15-19 años;TOTAL;Hombres;2020;3.043
52 Melilla;15-19 años;TOTAL;Hombres;2019;3.001
52 Melilla;15-19 años;TOTAL;Hombres;2018;2.939
52 Melilla;15-19 años;TOTAL;Mujeres;2022;2.898
52 Melilla;15-19 años;TOTAL;Mujeres;2021;2.915
52 Melilla;15-19 años;TOTAL;Mujeres;2020;2.898
52 Melilla;15-19 años;TOTAL;Mujeres;2019;2.876
52 Melilla;15-19 años;TOTAL;Mujeres;2018;2.853
52 Melilla;20-24 años;TOTAL;Hombres;2022;3.184
52 Melilla;20-24 años;TOTAL;Hombres;2021;3.143
52 Melilla;20-24 años;TOTAL;Hombres;2020;3.132
52 Melilla;20-24 años;TOTAL;Hombres;2019;3.126
52 Melilla;20-24 años;TOTAL;Hombres;2018;3.051
52 Melilla;20-24 años;TOTAL;Mujeres;2022;2.979
52 Melilla;20-24 años;TOTAL;Mujeres;2021;2.883
52 Melilla;20-24 años;TOTAL;Mujeres;2020;2.903
52 Melilla;20-24 años;TOTAL;Mujeres;2019;2.907
52 Melilla;20-24 años;TOTAL;Mujeres;2018;2.895
52 Melilla;25-29 años;TOTAL;Hombres;2022;3.076
52 Melilla;25-29 años;TOTAL;Hombres;2021;3.082
52 Melilla;25-29 años;TOTAL;Hombres;2020;3.070
52 Melilla;25-29 años;TOTAL;Hombres;2019;3.013
52 Melilla;25-29 años;TOTAL;Hombres;2018;2.924
52 Melilla;25-29 años;TOTAL;Mujeres;2022;2.812
52 Melilla;25-29 años;TOTAL;Mujeres;2021;2.853
52 Melilla;25-29 años;TOTAL;Mujeres;2020;2.890
52 Melilla;25-29 años;TOTAL;Mujeres;2019;2.902
52 Melilla;25-29 años;TOTAL;Mujeres;2018;2.974
52 Melilla;30-34 años;TOTAL;Hombres;2022;2.742
52 Melilla;30-34 años;TOTAL;Hombres;2021;2.739
52 Melilla;30-34 años;TOTAL;Hombres;2020;2.867
52 Melilla;30-34 años;TOTAL;Hombres;2019;2.936
52 Melilla;30-34 años;TOTAL;Hombres;2018;3.048
52 Melilla;30-34 años;TOTAL;Mujeres;2022;2.816
52 Melilla;30-34 años;TOTAL;Mujeres;2021;2.904
52 Melilla;30-34 años;TOTAL;Mujeres;2020;2.936
52 Melilla;30-34 años;TOTAL;Mujeres;2019;2.997
52 Melilla;30-34 años;TOTAL;Mujeres;2018;3.076
52 Melilla;35-39 años;TOTAL;Hombres;2022;2.936
52 Melilla;35-39 años;TOTAL;Hombres;2021;3.053
52 Melilla;35-39 años;TOTAL;Hombres;2020;3.184
52 Melilla;35-39 años;TOTAL;Hombres;2019;3.250
52 Melilla;35-39 años;TOTAL;Hombres;2018;3.355
52 Melilla;35-39 años;TOTAL;Mujeres;2022;2.961
52 Melilla;35-39 años;TOTAL;Mujeres;2021;3.015
52 Melilla;35-39 años;TOTAL;Mujeres;2020;3.146
52 Melilla;35-39 años;TOTAL;Mujeres;2019;3.222
52 Melilla;35-39 años;TOTAL;Mujeres;2018;3.249
52 Melilla;40-44 años;TOTAL;Hombres;2022;3.050
52 Melilla;40-44 años;TOTAL;Hombres;2021;3.164
52 Melilla;40-44 años;TOTAL;Hombres;2020;3.210
52 Melilla;40-44 años;TOTAL;Hombres;2019;3.234
52 Melilla;40-44 años;TOTAL;Hombres;2018;3.202
52 Melilla;40-44 años;TOTAL;Mujeres;2022;3.157
52 Melilla;40-44 años;TOTAL;Mujeres;2021;3.141
52 Melilla;40-44 años;TOTAL;Mujeres;2020;3.063
52 Melilla;40-44 años;TOTAL;Mujeres;2019;2.971
52 Melilla;40-44 años;TOTAL;Mujeres;2018;2.896
52 Melilla;45-49 años;TOTAL;Hombres;2022;2.884
52 Melilla;45-49 años;TOTAL;Hombres;2021;2.966
52 Melilla;45-49 años;TOTAL;Hombres;2020;2.947
52 Melilla;45-49 años;TOTAL;Hombres;2019;2.988
52 Melilla;45-49 años;TOTAL;Hombres;2018;3.042
52 Melilla;45-49 años;TOTAL;Mujeres;2022;2.708
52 Melilla;45-49 años;TOTAL;Mujeres;2021;2.749
52 Melilla;45-49 años;TOTAL;Mujeres;2020;2.782
52 Melilla;45-49 años;TOTAL;Mujeres;2019;2.821
52 Melilla;45-49 años;TOTAL;Mujeres;2018;2.811
52 Melilla;50-54 años;TOTAL;Hombres;2022;2.921
52 Melilla;50-54 años;TOTAL;Hombres;2021;2.942
52 Melilla;50-54 años;TOTAL;Hombres;2020;3.005
52 Melilla;50-54 años;TOTAL;Hombres;2019;3.021
52 Melilla;50-54 años;TOTAL;Hombres;2018;3.050
52 Melilla;50-54 años;TOTAL;Mujeres;2022;2.756
52 Melilla;50-54 años;TOTAL;Mujeres;2021;2.802
52 Melilla;50-54 años;TOTAL;Mujeres;2020;2.830
52 Melilla;50-54 años;TOTAL;Mujeres;2019;2.797
52 Melilla;50-54 años;TOTAL;Mujeres;2018;2.801
52 Melilla;55-59 años;TOTAL;Hombres;2022;2.825
52 Melilla;55-59 años;TOTAL;Hombres;2021;2.860
52 Melilla;55-59 años;TOTAL;Hombres;2020;2.920
52 Melilla;55-59 años;TOTAL;Hombres;2019;2.872
52 Melilla;55-59 años;TOTAL;Hombres;2018;2.861
52 Melilla;55-59 años;TOTAL;Mujeres;2022;2.610
52 Melilla;55-59 años;TOTAL;Mujeres;2021;2.544
52 Melilla;55-59 años;TOTAL;Mujeres;2020;2.544
52 Melilla;55-59 años;TOTAL;Mujeres;2019;2.503
52 Melilla;55-59 años;TOTAL;Mujeres;2018;2.527
52 Melilla;60-64 años;TOTAL;Hombres;2022;2.626
52 Melilla;60-64 años;TOTAL;Hombres;2021;2.607
52 Melilla;60-64 años;TOTAL;Hombres;2020;2.513
52 Melilla;60-64 años;TOTAL;Hombres;2019;2.370
52 Melilla;60-64 años;TOTAL;Hombres;2018;2.230
52 Melilla;60-64 años;TOTAL;Mujeres;2022;2.337
52 Melilla;60-64 años;TOTAL;Mujeres;2021;2.342
52 Melilla;60-64 años;TOTAL;Mujeres;2020;2.205
52 Melilla;60-64 años;TOTAL;Mujeres;2019;2.077
52 Melilla;60-64 años;TOTAL;Mujeres;2018;1.947
52 Melilla;65-69 años;TOTAL;Hombres;2022;1.774
52 Melilla;65-69 años;TOTAL;Hombres;2021;1.686
52 Melilla;65-69 años;TOTAL;Hombres;2020;1.587
52 Melilla;65-69 años;TOTAL;Hombres;2019;1.493
52 Melilla;65-69 años;TOTAL;Hombres;2018;1.419
52 Melilla;65-69 años;TOTAL;Mujeres;2022;1.660
52 Melilla;65-69 años;TOTAL;Mujeres;2021;1.544
52 Melilla;65-69 años;TOTAL;Mujeres;2020;1.522
52 Melilla;65-69 años;TOTAL;Mujeres;2019;1.417
52 Melilla;65-69 años;TOTAL;Mujeres;2018;1.321
52 Melilla;70-74 años;TOTAL;Hombres;2022;1.032
52 Melilla;70-74 años;TOTAL;Hombres;2021;991
52 Melilla;70-74 años;TOTAL;Hombres;2020;1.003
52 Melilla;70-74 años;TOTAL;Hombres;2019;968
52 Melilla;70-74 años;TOTAL;Hombres;2018;929
52 Melilla;70-74 años;TOTAL;Mujeres;2022;1.121
52 Melilla;70-74 años;TOTAL;Mujeres;2021;1.097
52 Melilla;70-74 años;TOTAL;Mujeres;2020;1.052
52 Melilla;70-74 años;TOTAL;Mujeres;2019;1.057
52 Melilla;70-74 años;TOTAL;Mujeres;2018;1.086
52 Melilla;75-79 años;TOTAL;Hombres;2022;721
52 Melilla;75-79 años;TOTAL;Hombres;2021;727
52 Melilla;75-79 años;TOTAL;Hombres;2020;734
52 Melilla;75-79 años;TOTAL;Hombres;2019;684
52 Melilla;75-79 años;TOTAL;Hombres;2018;654
52 Melilla;75-79 años;TOTAL;Mujeres;2022;943
52 Melilla;75-79 años;TOTAL;Mujeres;2021;930
52 Melilla;75-79 años;TOTAL;Mujeres;2020;959
52 Melilla;75-79 años;TOTAL;Mujeres;2019;923
52 Melilla;75-79 años;TOTAL;Mujeres;2018;913
52 Melilla;80-84 años;TOTAL;Hombres;2022;425
52 Melilla;80-84 años;TOTAL;Hombres;2021;445
52 Melilla;80-84 años;TOTAL;Hombres;2020;466
52 Melilla;80-84 años;TOTAL;Hombres;2019;454
52 Melilla;80-84 años;TOTAL;Hombres;2018;468
52 Melilla;80-84 años;TOTAL;Mujeres;2022;693
52 Melilla;80-84 años;TOTAL;Mujeres;2021;761
52 Melilla;80-84 años;TOTAL;Mujeres;2020;773
52 Melilla;80-84 años;TOTAL;Mujeres;2019;793
52 Melilla;80-84 años;TOTAL;Mujeres;2018;798
52 Melilla;85-89 años;TOTAL;Hombres;2022;236
52 Melilla;85-89 años;TOTAL;Hombres;2021;227
52 Melilla;85-89 años;TOTAL;Hombres;2020;218
52 Melilla;85-89 años;TOTAL;Hombres;2019;231
52 Melilla;85-89 años;TOTAL;Hombres;2018;225
52 Melilla;85-89 años;TOTAL;Mujeres;2022;492
52 Melilla;85-89 años;TOTAL;Mujeres;2021;481
52 Melilla;85-89 años;TOTAL;Mujeres;2020;492
52 Melilla;85-89 años;TOTAL;Mujeres;2019;479
52 Melilla;85-89 años;TOTAL;Mujeres;2018;496
52 Melilla;90-94 años;TOTAL;Hombres;2022;108
52 Melilla;90-94 años;TOTAL;Hombres;2021;95
52 Melilla;90-94 años;TOTAL;Hombres;2020;85
52 Melilla;90-94 años;TOTAL;Hombres;2019;87
52 Melilla;90-94 años;TOTAL;Hombres;2018;82
52 Melilla;90-94 años;TOTAL;Mujeres;2022;214
52 Melilla;90-94 años;TOTAL;Mujeres;2021;241
52 Melilla;90-94 años;TOTAL;Mujeres;2020;228
52 Melilla;90-94 años;TOTAL;Mujeres;2019;215
52 Melilla;90-94 años;TOTAL;Mujeres;2018;211
52 Melilla;95-99 años;TOTAL;Hombres;2022;11
52 Melilla;95-99 años;TOTAL;Hombres;2021;18
52 Melilla;95-99 años;TOTAL;Hombres;2020;17
52 Melilla;95-99 años;TOTAL;Hombres;2019;11
52 Melilla;95-99 años;TOTAL;Hombres;2018;11
52 Melilla;95-99 años;TOTAL;Mujeres;2022;63
52 Melilla;95-99 años;TOTAL;Mujeres;2021;55
52 Melilla;95-99 años;TOTAL;Mujeres;2020;57
52 Melilla;95-99 años;TOTAL;Mujeres;2019;53
52 Melilla;95-99 años;TOTAL;Mujeres;2018;45
52 Melilla;100 años y más;TOTAL;Hombres;2022;6
52 Melilla;100 años y más;TOTAL;Hombres;2021;7
52 Melilla;100 años y más;TOTAL;Hombres;2020;6
52 Melilla;100 años y más;TOTAL;Hombres;2019;4
52 Melilla;100 años y más;TOTAL;Hombres;2018;4
52 Melilla;100 años y más;TOTAL;Mujeres;2022;15
52 Melilla;100 años y más;TOTAL;Mujeres;2021;13
52 Melilla;100 años y más;TOTAL;Mujeres;2020;7
52 Melilla;100 años y más;TOTAL;Mujeres;2019;7
52 Melilla;100 años y más;TOTAL;Mujeres;2018;11
