Total Nacional;Comunidades y Ciudades Autónomas;Provincias;Islas;Indicadores de renta media;Periodo;Total
Total Nacional;Andalucía;Almería;;Renta neta media por persona;2022;10.605
Total Nacional;Andalucía;Almería;;Renta neta media por persona;2021;10.103
Total Nacional;Andalucía;Almería;;Renta neta media por persona;2020;9.709
Total Nacional;Andalucía;Almería;;Renta neta media por persona;2019;9.436
Total Nacional;Andalucía;Almería;;Renta neta media por persona;2018;9.072
Total Nacional;Andalucía;Almería;;Renta neta media por hogar;2022;28.442
Total Nacional;Andalucía;Almería;;Renta neta media por hogar;2021;27.184
Total Nacional;Andalucía;Almería;;Renta neta media por hogar;2020;26.276
Total Nacional;Andalucía;Almería;;Renta neta media por hogar;2019;25.698
Total Nacional;Andalucía;Almería;;Renta neta media por hogar;2018;24.714
Total Nacional;Andalucía;Almería;;Media de la renta por unidad de consumo;2022;16.171
Total Nacional;Andalucía;Almería;;Media de la renta por unidad de consumo;2021;15.412
Total Nacional;Andalucía;Almería;;Media de la renta por unidad de consumo;2020;14.850
Total Nacional;Andalucía;Almería;;Media de la renta por unidad de consumo;2019;14.480
Total Nacional;Andalucía;Almería;;Media de la renta por unidad de consumo;2018;13.926
Total Nacional;Andalucía;Almería;;Mediana de la renta por unidad de consumo;2022;13.650
Total Nacional;Andalucía;Almería;;Mediana de la renta por unidad de consumo;2021;13.650
Total Nacional;Andalucía;Almería;;Mediana de la renta por unidad de consumo;2020;12.950
Total Nacional;Andalucía;Almería;;Mediana de la renta por unidad de consumo;2019;12.250
Total Nacional;Andalucía;Almería;;Mediana de la renta por unidad de consumo;2018;12.250
Total Nacional;Andalucía;Almería;;Renta bruta media por persona;2022;12.532
Total Nacional;Andalucía;Almería;;Renta bruta media por persona;2021;11.877
Total Nacional;Andalucía;Almería;;Renta bruta media por persona;2020;11.354
Total Nacional;Andalucía;Almería;;Renta bruta media por persona;2019;11.043
Total Nacional;Andalucía;Almería;;Renta bruta media por persona;2018;10.573
Total Nacional;Andalucía;Almería;;Renta bruta media por hogar;2022;33.611
Total Nacional;Andalucía;Almería;;Renta bruta media por hogar;2021;31.958
Total Nacional;Andalucía;Almería;;Renta bruta media por hogar;2020;30.726
Total Nacional;Andalucía;Almería;;Renta bruta media por hogar;2019;30.072
Total Nacional;Andalucía;Almería;;Renta bruta media por hogar;2018;28.805
Total Nacional;Andalucía;Cádiz;;Renta neta media por persona;2022;11.396
Total Nacional;Andalucía;Cádiz;;Renta neta media por persona;2021;10.712
Total Nacional;Andalucía;Cádiz;;Renta neta media por persona;2020;10.113
Total Nacional;Andalucía;Cádiz;;Renta neta media por persona;2019;10.055
Total Nacional;Andalucía;Cádiz;;Renta neta media por persona;2018;9.509
Total Nacional;Andalucía;Cádiz;;Renta neta media por hogar;2022;30.055
Total Nacional;Andalucía;Cádiz;;Renta neta media por hogar;2021;28.501
Total Nacional;Andalucía;Cádiz;;Renta neta media por hogar;2020;27.179
Total Nacional;Andalucía;Cádiz;;Renta neta media por hogar;2019;27.243
Total Nacional;Andalucía;Cádiz;;Renta neta media por hogar;2018;25.905
Total Nacional;Andalucía;Cádiz;;Media de la renta por unidad de consumo;2022;17.235
Total Nacional;Andalucía;Cádiz;;Media de la renta por unidad de consumo;2021;16.250
Total Nacional;Andalucía;Cádiz;;Media de la renta por unidad de consumo;2020;15.363
Total Nacional;Andalucía;Cádiz;;Media de la renta por unidad de consumo;2019;15.345
Total Nacional;Andalucía;Cádiz;;Media de la renta por unidad de consumo;2018;14.561
Total Nacional;Andalucía;Cádiz;;Mediana de la renta por unidad de consumo;2022;15.050
Total Nacional;Andalucía;Cádiz;;Mediana de la renta por unidad de consumo;2021;14.350
Total Nacional;Andalucía;Cádiz;;Mediana de la renta por unidad de consumo;2020;12.950
Total Nacional;Andalucía;Cádiz;;Mediana de la renta por unidad de consumo;2019;13.650
Total Nacional;Andalucía;Cádiz;;Mediana de la renta por unidad de consumo;2018;12.250
Total Nacional;Andalucía;Cádiz;;Renta bruta media por persona;2022;13.476
Total Nacional;Andalucía;Cádiz;;Renta bruta media por persona;2021;12.609
Total Nacional;Andalucía;Cádiz;;Renta bruta media por persona;2020;11.811
Total Nacional;Andalucía;Cádiz;;Renta bruta media por persona;2019;11.741
Total Nacional;Andalucía;Cádiz;;Renta bruta media por persona;2018;11.094
Total Nacional;Andalucía;Cádiz;;Renta bruta media por hogar;2022;35.541
Total Nacional;Andalucía;Cádiz;;Renta bruta media por hogar;2021;33.550
Total Nacional;Andalucía;Cádiz;;Renta bruta media por hogar;2020;31.741
Total Nacional;Andalucía;Cádiz;;Renta bruta media por hogar;2019;31.811
Total Nacional;Andalucía;Cádiz;;Renta bruta media por hogar;2018;30.224
Total Nacional;Andalucía;Córdoba;;Renta neta media por persona;2022;11.569
Total Nacional;Andalucía;Córdoba;;Renta neta media por persona;2021;10.979
Total Nacional;Andalucía;Córdoba;;Renta neta media por persona;2020;10.314
Total Nacional;Andalucía;Córdoba;;Renta neta media por persona;2019;10.182
Total Nacional;Andalucía;Córdoba;;Renta neta media por persona;2018;9.710
Total Nacional;Andalucía;Córdoba;;Renta neta media por hogar;2022;29.082
Total Nacional;Andalucía;Córdoba;;Renta neta media por hogar;2021;27.909
Total Nacional;Andalucía;Córdoba;;Renta neta media por hogar;2020;26.462
Total Nacional;Andalucía;Córdoba;;Renta neta media por hogar;2019;26.299
Total Nacional;Andalucía;Córdoba;;Renta neta media por hogar;2018;25.246
Total Nacional;Andalucía;Córdoba;;Media de la renta por unidad de consumo;2022;17.269
Total Nacional;Andalucía;Córdoba;;Media de la renta por unidad de consumo;2021;16.439
Total Nacional;Andalucía;Córdoba;;Media de la renta por unidad de consumo;2020;15.458
Total Nacional;Andalucía;Córdoba;;Media de la renta por unidad de consumo;2019;15.318
Total Nacional;Andalucía;Córdoba;;Media de la renta por unidad de consumo;2018;14.635
Total Nacional;Andalucía;Córdoba;;Mediana de la renta por unidad de consumo;2022;15.050
Total Nacional;Andalucía;Córdoba;;Mediana de la renta por unidad de consumo;2021;14.350
Total Nacional;Andalucía;Córdoba;;Mediana de la renta por unidad de consumo;2020;12.950
Total Nacional;Andalucía;Córdoba;;Mediana de la renta por unidad de consumo;2019;12.950
Total Nacional;Andalucía;Córdoba;;Mediana de la renta por unidad de consumo;2018;12.250
Total Nacional;Andalucía;Córdoba;;Renta bruta media por persona;2022;13.652
Total Nacional;Andalucía;Córdoba;;Renta bruta media por persona;2021;12.895
Total Nacional;Andalucía;Córdoba;;Renta bruta media por persona;2020;12.019
Total Nacional;Andalucía;Córdoba;;Renta bruta media por persona;2019;11.874
Total Nacional;Andalucía;Córdoba;;Renta bruta media por persona;2018;11.317
Total Nacional;Andalucía;Córdoba;;Renta bruta media por hogar;2022;34.316
Total Nacional;Andalucía;Córdoba;;Renta bruta media por hogar;2021;32.782
Total Nacional;Andalucía;Córdoba;;Renta bruta media por hogar;2020;30.839
Total Nacional;Andalucía;Córdoba;;Renta bruta media por hogar;2019;30.671
Total Nacional;Andalucía;Córdoba;;Renta bruta media por hogar;2018;29.424
Total Nacional;Andalucía;Granada;;Renta neta media por persona;2022;11.754
Total Nacional;Andalucía;Granada;;Renta neta media por persona;2021;11.100
Total Nacional;Andalucía;Granada;;Renta neta media por persona;2020;10.463
Total Nacional;Andalucía;Granada;;Renta neta media por persona;2019;10.380
Total Nacional;Andalucía;Granada;;Renta neta media por persona;2018;9.885
Total Nacional;Andalucía;Granada;;Renta neta media por hogar;2022;29.113
Total Nacional;Andalucía;Granada;;Renta neta media por hogar;2021;27.748
Total Nacional;Andalucía;Granada;;Renta neta media por hogar;2020;26.373
Total Nacional;Andalucía;Granada;;Renta neta media por hogar;2019;26.342
Total Nacional;Andalucía;Granada;;Renta neta media por hogar;2018;25.190
Total Nacional;Andalucía;Granada;;Media de la renta por unidad de consumo;2022;17.473
Total Nacional;Andalucía;Granada;;Media de la renta por unidad de consumo;2021;16.547
Total Nacional;Andalucía;Granada;;Media de la renta por unidad de consumo;2020;15.608
Total Nacional;Andalucía;Granada;;Media de la renta por unidad de consumo;2019;15.537
Total Nacional;Andalucía;Granada;;Media de la renta por unidad de consumo;2018;14.828
Total Nacional;Andalucía;Granada;;Mediana de la renta por unidad de consumo;2022;15.050
Total Nacional;Andalucía;Granada;;Mediana de la renta por unidad de consumo;2021;14.350
Total Nacional;Andalucía;Granada;;Mediana de la renta por unidad de consumo;2020;12.950
Total Nacional;Andalucía;Granada;;Mediana de la renta por unidad de consumo;2019;12.950
Total Nacional;Andalucía;Granada;;Mediana de la renta por unidad de consumo;2018;12.250
Total Nacional;Andalucía;Granada;;Renta bruta media por persona;2022;13.943
Total Nacional;Andalucía;Granada;;Renta bruta media por persona;2021;13.124
Total Nacional;Andalucía;Granada;;Renta bruta media por persona;2020;12.274
Total Nacional;Andalucía;Granada;;Renta bruta media por persona;2019;12.168
Total Nacional;Andalucía;Granada;;Renta bruta media por persona;2018;11.555
Total Nacional;Andalucía;Granada;;Renta bruta media por hogar;2022;34.534
Total Nacional;Andalucía;Granada;;Renta bruta media por hogar;2021;32.809
Total Nacional;Andalucía;Granada;;Renta bruta media por hogar;2020;30.938
Total Nacional;Andalucía;Granada;;Renta bruta media por hogar;2019;30.878
Total Nacional;Andalucía;Granada;;Renta bruta media por hogar;2018;29.444
Total Nacional;Andalucía;Huelva;;Renta neta media por persona;2022;11.199
Total Nacional;Andalucía;Huelva;;Renta neta media por persona;2021;10.609
Total Nacional;Andalucía;Huelva;;Renta neta media por persona;2020;10.112
Total Nacional;Andalucía;Huelva;;Renta neta media por persona;2019;9.958
Total Nacional;Andalucía;Huelva;;Renta neta media por persona;2018;9.416
Total Nacional;Andalucía;Huelva;;Renta neta media por hogar;2022;29.133
Total Nacional;Andalucía;Huelva;;Renta neta media por hogar;2021;27.770
Total Nacional;Andalucía;Huelva;;Renta neta media por hogar;2020;26.542
Total Nacional;Andalucía;Huelva;;Renta neta media por hogar;2019;26.398
Total Nacional;Andalucía;Huelva;;Renta neta media por hogar;2018;25.082
Total Nacional;Andalucía;Huelva;;Media de la renta por unidad de consumo;2022;16.835
Total Nacional;Andalucía;Huelva;;Media de la renta por unidad de consumo;2021;15.993
Total Nacional;Andalucía;Huelva;;Media de la renta por unidad de consumo;2020;15.239
Total Nacional;Andalucía;Huelva;;Media de la renta por unidad de consumo;2019;15.083
Total Nacional;Andalucía;Huelva;;Media de la renta por unidad de consumo;2018;14.288
Total Nacional;Andalucía;Huelva;;Mediana de la renta por unidad de consumo;2022;15.050
Total Nacional;Andalucía;Huelva;;Mediana de la renta por unidad de consumo;2021;14.350
Total Nacional;Andalucía;Huelva;;Mediana de la renta por unidad de consumo;2020;12.950
Total Nacional;Andalucía;Huelva;;Mediana de la renta por unidad de consumo;2019;12.950
Total Nacional;Andalucía;Huelva;;Mediana de la renta por unidad de consumo;2018;12.250
Total Nacional;Andalucía;Huelva;;Renta bruta media por persona;2022;13.152
Total Nacional;Andalucía;Huelva;;Renta bruta media por persona;2021;12.418
Total Nacional;Andalucía;Huelva;;Renta bruta media por persona;2020;11.767
Total Nacional;Andalucía;Huelva;;Renta bruta media por persona;2019;11.560
Total Nacional;Andalucía;Huelva;;Renta bruta media por persona;2018;10.927
Total Nacional;Andalucía;Huelva;;Renta bruta media por hogar;2022;34.212
Total Nacional;Andalucía;Huelva;;Renta bruta media por hogar;2021;32.506
Total Nacional;Andalucía;Huelva;;Renta bruta media por hogar;2020;30.887
Total Nacional;Andalucía;Huelva;;Renta bruta media por hogar;2019;30.647
Total Nacional;Andalucía;Huelva;;Renta bruta media por hogar;2018;29.108
Total Nacional;Andalucía;Jaén;;Renta neta media por persona;2022;11.074
Total Nacional;Andalucía;Jaén;;Renta neta media por persona;2021;10.689
Total Nacional;Andalucía;Jaén;;Renta neta media por persona;2020;9.958
Total Nacional;Andalucía;Jaén;;Renta neta media por persona;2019;9.758
Total Nacional;Andalucía;Jaén;;Renta neta media por persona;2018;9.417
Total Nacional;Andalucía;Jaén;;Renta neta media por hogar;2022;27.429
Total Nacional;Andalucía;Jaén;;Renta neta media por hogar;2021;26.808
Total Nacional;Andalucía;Jaén;;Renta neta media por hogar;2020;25.141
Total Nacional;Andalucía;Jaén;;Renta neta media por hogar;2019;24.865
Total Nacional;Andalucía;Jaén;;Renta neta media por hogar;2018;24.160
Total Nacional;Andalucía;Jaén;;Media de la renta por unidad de consumo;2022;16.414
Total Nacional;Andalucía;Jaén;;Media de la renta por unidad de consumo;2021;15.902
Total Nacional;Andalucía;Jaén;;Media de la renta por unidad de consumo;2020;14.825
Total Nacional;Andalucía;Jaén;;Media de la renta por unidad de consumo;2019;14.656
Total Nacional;Andalucía;Jaén;;Media de la renta por unidad de consumo;2018;14.114
Total Nacional;Andalucía;Jaén;;Mediana de la renta por unidad de consumo;2022;14.350
Total Nacional;Andalucía;Jaén;;Mediana de la renta por unidad de consumo;2021;13.650
Total Nacional;Andalucía;Jaén;;Mediana de la renta por unidad de consumo;2020;12.950
Total Nacional;Andalucía;Jaén;;Mediana de la renta por unidad de consumo;2019;12.950
Total Nacional;Andalucía;Jaén;;Mediana de la renta por unidad de consumo;2018;12.250
Total Nacional;Andalucía;Jaén;;Renta bruta media por persona;2022;12.870
Total Nacional;Andalucía;Jaén;;Renta bruta media por persona;2021;12.408
Total Nacional;Andalucía;Jaén;;Renta bruta media por persona;2020;11.468
Total Nacional;Andalucía;Jaén;;Renta bruta media por persona;2019;11.280
Total Nacional;Andalucía;Jaén;;Renta bruta media por persona;2018;10.830
Total Nacional;Andalucía;Jaén;;Renta bruta media por hogar;2022;31.877
Total Nacional;Andalucía;Jaén;;Renta bruta media por hogar;2021;31.120
Total Nacional;Andalucía;Jaén;;Renta bruta media por hogar;2020;28.953
Total Nacional;Andalucía;Jaén;;Renta bruta media por hogar;2019;28.743
Total Nacional;Andalucía;Jaén;;Renta bruta media por hogar;2018;27.785
Total Nacional;Andalucía;Málaga;;Renta neta media por persona;2022;11.744
Total Nacional;Andalucía;Málaga;;Renta neta media por persona;2021;10.929
Total Nacional;Andalucía;Málaga;;Renta neta media por persona;2020;10.261
Total Nacional;Andalucía;Málaga;;Renta neta media por persona;2019;10.338
Total Nacional;Andalucía;Málaga;;Renta neta media por persona;2018;9.832
Total Nacional;Andalucía;Málaga;;Renta neta media por hogar;2022;30.644
Total Nacional;Andalucía;Málaga;;Renta neta media por hogar;2021;28.574
Total Nacional;Andalucía;Málaga;;Renta neta media por hogar;2020;27.084
Total Nacional;Andalucía;Málaga;;Renta neta media por hogar;2019;27.439
Total Nacional;Andalucía;Málaga;;Renta neta media por hogar;2018;26.076
Total Nacional;Andalucía;Málaga;;Media de la renta por unidad de consumo;2022;18.050
Total Nacional;Andalucía;Málaga;;Media de la renta por unidad de consumo;2021;16.787
Total Nacional;Andalucía;Málaga;;Media de la renta por unidad de consumo;2020;15.786
Total Nacional;Andalucía;Málaga;;Media de la renta por unidad de consumo;2019;15.938
Total Nacional;Andalucía;Málaga;;Media de la renta por unidad de consumo;2018;15.161
Total Nacional;Andalucía;Málaga;;Mediana de la renta por unidad de consumo;2022;15.750
Total Nacional;Andalucía;Málaga;;Mediana de la renta por unidad de consumo;2021;14.350
Total Nacional;Andalucía;Málaga;;Mediana de la renta por unidad de consumo;2020;13.650
Total Nacional;Andalucía;Málaga;;Mediana de la renta por unidad de consumo;2019;13.650
Total Nacional;Andalucía;Málaga;;Mediana de la renta por unidad de consumo;2018;12.950
Total Nacional;Andalucía;Málaga;;Renta bruta media por persona;2022;14.129
Total Nacional;Andalucía;Málaga;;Renta bruta media por persona;2021;13.053
Total Nacional;Andalucía;Málaga;;Renta bruta media por persona;2020;12.136
Total Nacional;Andalucía;Málaga;;Renta bruta media por persona;2019;12.226
Total Nacional;Andalucía;Málaga;;Renta bruta media por persona;2018;11.591
Total Nacional;Andalucía;Málaga;;Renta bruta media por hogar;2022;36.867
Total Nacional;Andalucía;Málaga;;Renta bruta media por hogar;2021;34.126
Total Nacional;Andalucía;Málaga;;Renta bruta media por hogar;2020;32.034
Total Nacional;Andalucía;Málaga;;Renta bruta media por hogar;2019;32.451
Total Nacional;Andalucía;Málaga;;Renta bruta media por hogar;2018;30.742
Total Nacional;Andalucía;Sevilla;;Renta neta media por persona;2022;12.013
Total Nacional;Andalucía;Sevilla;;Renta neta media por persona;2021;11.292
Total Nacional;Andalucía;Sevilla;;Renta neta media por persona;2020;10.717
Total Nacional;Andalucía;Sevilla;;Renta neta media por persona;2019;10.604
Total Nacional;Andalucía;Sevilla;;Renta neta media por persona;2018;10.083
Total Nacional;Andalucía;Sevilla;;Renta neta media por hogar;2022;31.899
Total Nacional;Andalucía;Sevilla;;Renta neta media por hogar;2021;30.254
Total Nacional;Andalucía;Sevilla;;Renta neta media por hogar;2020;28.912
Total Nacional;Andalucía;Sevilla;;Renta neta media por hogar;2019;28.874
Total Nacional;Andalucía;Sevilla;;Renta neta media por hogar;2018;27.535
Total Nacional;Andalucía;Sevilla;;Media de la renta por unidad de consumo;2022;18.246
Total Nacional;Andalucía;Sevilla;;Media de la renta por unidad de consumo;2021;17.219
Total Nacional;Andalucía;Sevilla;;Media de la renta por unidad de consumo;2020;16.355
Total Nacional;Andalucía;Sevilla;;Media de la renta por unidad de consumo;2019;16.250
Total Nacional;Andalucía;Sevilla;;Media de la renta por unidad de consumo;2018;15.501
Total Nacional;Andalucía;Sevilla;;Mediana de la renta por unidad de consumo;2022;15.750
Total Nacional;Andalucía;Sevilla;;Mediana de la renta por unidad de consumo;2021;14.350
Total Nacional;Andalucía;Sevilla;;Mediana de la renta por unidad de consumo;2020;13.650
Total Nacional;Andalucía;Sevilla;;Mediana de la renta por unidad de consumo;2019;13.650
Total Nacional;Andalucía;Sevilla;;Mediana de la renta por unidad de consumo;2018;12.950
Total Nacional;Andalucía;Sevilla;;Renta bruta media por persona;2022;14.387
Total Nacional;Andalucía;Sevilla;;Renta bruta media por persona;2021;13.478
Total Nacional;Andalucía;Sevilla;;Renta bruta media por persona;2020;12.707
Total Nacional;Andalucía;Sevilla;;Renta bruta media por persona;2019;12.550
Total Nacional;Andalucía;Sevilla;;Renta bruta media por persona;2018;11.941
Total Nacional;Andalucía;Sevilla;;Renta bruta media por hogar;2022;38.203
Total Nacional;Andalucía;Sevilla;;Renta bruta media por hogar;2021;36.110
Total Nacional;Andalucía;Sevilla;;Renta bruta media por hogar;2020;34.281
Total Nacional;Andalucía;Sevilla;;Renta bruta media por hogar;2019;34.172
Total Nacional;Andalucía;Sevilla;;Renta bruta media por hogar;2018;32.608
Total Nacional;Aragón;Huesca;;Renta neta media por persona;2022;14.252
Total Nacional;Aragón;Huesca;;Renta neta media por persona;2021;13.679
Total Nacional;Aragón;Huesca;;Renta neta media por persona;2020;13.158
Total Nacional;Aragón;Huesca;;Renta neta media por persona;2019;12.949
Total Nacional;Aragón;Huesca;;Renta neta media por persona;2018;12.513
Total Nacional;Aragón;Huesca;;Renta neta media por hogar;2022;34.901
Total Nacional;Aragón;Huesca;;Renta neta media por hogar;2021;33.603
Total Nacional;Aragón;Huesca;;Renta neta media por hogar;2020;32.521
Total Nacional;Aragón;Huesca;;Renta neta media por hogar;2019;32.176
Total Nacional;Aragón;Huesca;;Renta neta media por hogar;2018;31.084
Total Nacional;Aragón;Huesca;;Media de la renta por unidad de consumo;2022;21.013
Total Nacional;Aragón;Huesca;;Media de la renta por unidad de consumo;2021;20.187
Total Nacional;Aragón;Huesca;;Media de la renta por unidad de consumo;2020;19.449
Total Nacional;Aragón;Huesca;;Media de la renta por unidad de consumo;2019;19.177
Total Nacional;Aragón;Huesca;;Media de la renta por unidad de consumo;2018;18.568
Total Nacional;Aragón;Huesca;;Mediana de la renta por unidad de consumo;2022;19.250
Total Nacional;Aragón;Huesca;;Mediana de la renta por unidad de consumo;2021;18.550
Total Nacional;Aragón;Huesca;;Mediana de la renta por unidad de consumo;2020;17.150
Total Nacional;Aragón;Huesca;;Mediana de la renta por unidad de consumo;2019;17.150
Total Nacional;Aragón;Huesca;;Mediana de la renta por unidad de consumo;2018;16.450
Total Nacional;Aragón;Huesca;;Renta bruta media por persona;2022;17.312
Total Nacional;Aragón;Huesca;;Renta bruta media por persona;2021;16.534
Total Nacional;Aragón;Huesca;;Renta bruta media por persona;2020;15.769
Total Nacional;Aragón;Huesca;;Renta bruta media por persona;2019;15.469
Total Nacional;Aragón;Huesca;;Renta bruta media por persona;2018;14.920
Total Nacional;Aragón;Huesca;;Renta bruta media por hogar;2022;42.395
Total Nacional;Aragón;Huesca;;Renta bruta media por hogar;2021;40.617
Total Nacional;Aragón;Huesca;;Renta bruta media por hogar;2020;38.974
Total Nacional;Aragón;Huesca;;Renta bruta media por hogar;2019;38.439
Total Nacional;Aragón;Huesca;;Renta bruta media por hogar;2018;37.066
Total Nacional;Aragón;Teruel;;Renta neta media por persona;2022;13.736
Total Nacional;Aragón;Teruel;;Renta neta media por persona;2021;13.134
Total Nacional;Aragón;Teruel;;Renta neta media por persona;2020;12.656
Total Nacional;Aragón;Teruel;;Renta neta media por persona;2019;12.461
Total Nacional;Aragón;Teruel;;Renta neta media por persona;2018;11.991
Total Nacional;Aragón;Teruel;;Renta neta media por hogar;2022;32.889
Total Nacional;Aragón;Teruel;;Renta neta media por hogar;2021;31.658
Total Nacional;Aragón;Teruel;;Renta neta media por hogar;2020;30.672
Total Nacional;Aragón;Teruel;;Renta neta media por hogar;2019;30.351
Total Nacional;Aragón;Teruel;;Renta neta media por hogar;2018;29.278
Total Nacional;Aragón;Teruel;;Media de la renta por unidad de consumo;2022;20.139
Total Nacional;Aragón;Teruel;;Media de la renta por unidad de consumo;2021;19.306
Total Nacional;Aragón;Teruel;;Media de la renta por unidad de consumo;2020;18.610
Total Nacional;Aragón;Teruel;;Media de la renta por unidad de consumo;2019;18.359
Total Nacional;Aragón;Teruel;;Media de la renta por unidad de consumo;2018;17.700
Total Nacional;Aragón;Teruel;;Mediana de la renta por unidad de consumo;2022;18.550
Total Nacional;Aragón;Teruel;;Mediana de la renta por unidad de consumo;2021;17.850
Total Nacional;Aragón;Teruel;;Mediana de la renta por unidad de consumo;2020;17.150
Total Nacional;Aragón;Teruel;;Mediana de la renta por unidad de consumo;2019;16.450
Total Nacional;Aragón;Teruel;;Mediana de la renta por unidad de consumo;2018;15.750
Total Nacional;Aragón;Teruel;;Renta bruta media por persona;2022;16.521
Total Nacional;Aragón;Teruel;;Renta bruta media por persona;2021;15.737
Total Nacional;Aragón;Teruel;;Renta bruta media por persona;2020;15.022
Total Nacional;Aragón;Teruel;;Renta bruta media por persona;2019;14.767
Total Nacional;Aragón;Teruel;;Renta bruta media por persona;2018;14.190
Total Nacional;Aragón;Teruel;;Renta bruta media por hogar;2022;39.558
Total Nacional;Aragón;Teruel;;Renta bruta media por hogar;2021;37.931
Total Nacional;Aragón;Teruel;;Renta bruta media por hogar;2020;36.407
Total Nacional;Aragón;Teruel;;Renta bruta media por hogar;2019;35.969
Total Nacional;Aragón;Teruel;;Renta bruta media por hogar;2018;34.646
Total Nacional;Aragón;Zaragoza;;Renta neta media por persona;2022;14.750
Total Nacional;Aragón;Zaragoza;;Renta neta media por persona;2021;14.087
Total Nacional;Aragón;Zaragoza;;Renta neta media por persona;2020;13.637
Total Nacional;Aragón;Zaragoza;;Renta neta media por persona;2019;13.516
Total Nacional;Aragón;Zaragoza;;Renta neta media por persona;2018;13.063
Total Nacional;Aragón;Zaragoza;;Renta neta media por hogar;2022;36.098
Total Nacional;Aragón;Zaragoza;;Renta neta media por hogar;2021;34.492
Total Nacional;Aragón;Zaragoza;;Renta neta media por hogar;2020;33.654
Total Nacional;Aragón;Zaragoza;;Renta neta media por hogar;2019;33.505
Total Nacional;Aragón;Zaragoza;;Renta neta media por hogar;2018;32.328
Total Nacional;Aragón;Zaragoza;;Media de la renta por unidad de consumo;2022;21.740
Total Nacional;Aragón;Zaragoza;;Media de la renta por unidad de consumo;2021;20.804
Total Nacional;Aragón;Zaragoza;;Media de la renta por unidad de consumo;2020;20.147
Total Nacional;Aragón;Zaragoza;;Media de la renta por unidad de consumo;2019;20.032
Total Nacional;Aragón;Zaragoza;;Media de la renta por unidad de consumo;2018;19.389
Total Nacional;Aragón;Zaragoza;;Mediana de la renta por unidad de consumo;2022;19.250
Total Nacional;Aragón;Zaragoza;;Mediana de la renta por unidad de consumo;2021;18.550
Total Nacional;Aragón;Zaragoza;;Mediana de la renta por unidad de consumo;2020;17.850
Total Nacional;Aragón;Zaragoza;;Mediana de la renta por unidad de consumo;2019;17.850
Total Nacional;Aragón;Zaragoza;;Mediana de la renta por unidad de consumo;2018;17.150
Total Nacional;Aragón;Zaragoza;;Renta bruta media por persona;2022;18.149
Total Nacional;Aragón;Zaragoza;;Renta bruta media por persona;2021;17.214
Total Nacional;Aragón;Zaragoza;;Renta bruta media por persona;2020;16.548
Total Nacional;Aragón;Zaragoza;;Renta bruta media por persona;2019;16.401
Total Nacional;Aragón;Zaragoza;;Renta bruta media por persona;2018;15.837
Total Nacional;Aragón;Zaragoza;;Renta bruta media por hogar;2022;44.417
Total Nacional;Aragón;Zaragoza;;Renta bruta media por hogar;2021;42.146
Total Nacional;Aragón;Zaragoza;;Renta bruta media por hogar;2020;40.836
Total Nacional;Aragón;Zaragoza;;Renta bruta media por hogar;2019;40.657
Total Nacional;Aragón;Zaragoza;;Renta bruta media por hogar;2018;39.195
Total Nacional;Asturias, Principado de;Asturias;;Renta neta media por persona;2022;14.842
Total Nacional;Asturias, Principado de;Asturias;;Renta neta media por persona;2021;14.057
Total Nacional;Asturias, Principado de;Asturias;;Renta neta media por persona;2020;13.505
Total Nacional;Asturias, Principado de;Asturias;;Renta neta media por persona;2019;13.465
Total Nacional;Asturias, Principado de;Asturias;;Renta neta media por persona;2018;12.923
Total Nacional;Asturias, Principado de;Asturias;;Renta neta media por hogar;2022;33.242
Total Nacional;Asturias, Principado de;Asturias;;Renta neta media por hogar;2021;31.623
Total Nacional;Asturias, Principado de;Asturias;;Renta neta media por hogar;2020;30.658
Total Nacional;Asturias, Principado de;Asturias;;Renta neta media por hogar;2019;30.798
Total Nacional;Asturias, Principado de;Asturias;;Renta neta media por hogar;2018;29.637
Total Nacional;Asturias, Principado de;Asturias;;Media de la renta por unidad de consumo;2022;21.303
Total Nacional;Asturias, Principado de;Asturias;;Media de la renta por unidad de consumo;2021;20.202
Total Nacional;Asturias, Principado de;Asturias;;Media de la renta por unidad de consumo;2020;19.475
Total Nacional;Asturias, Principado de;Asturias;;Media de la renta por unidad de consumo;2019;19.464
Total Nacional;Asturias, Principado de;Asturias;;Media de la renta por unidad de consumo;2018;18.722
Total Nacional;Asturias, Principado de;Asturias;;Mediana de la renta por unidad de consumo;2022;19.250
Total Nacional;Asturias, Principado de;Asturias;;Mediana de la renta por unidad de consumo;2021;18.550
Total Nacional;Asturias, Principado de;Asturias;;Mediana de la renta por unidad de consumo;2020;17.850
Total Nacional;Asturias, Principado de;Asturias;;Mediana de la renta por unidad de consumo;2019;17.850
Total Nacional;Asturias, Principado de;Asturias;;Mediana de la renta por unidad de consumo;2018;17.150
Total Nacional;Asturias, Principado de;Asturias;;Renta bruta media por persona;2022;17.948
Total Nacional;Asturias, Principado de;Asturias;;Renta bruta media por persona;2021;16.882
Total Nacional;Asturias, Principado de;Asturias;;Renta bruta media por persona;2020;16.115
Total Nacional;Asturias, Principado de;Asturias;;Renta bruta media por persona;2019;16.057
Total Nacional;Asturias, Principado de;Asturias;;Renta bruta media por persona;2018;15.391
Total Nacional;Asturias, Principado de;Asturias;;Renta bruta media por hogar;2022;40.199
Total Nacional;Asturias, Principado de;Asturias;;Renta bruta media por hogar;2021;37.978
Total Nacional;Asturias, Principado de;Asturias;;Renta bruta media por hogar;2020;36.583
Total Nacional;Asturias, Principado de;Asturias;;Renta bruta media por hogar;2019;36.726
Total Nacional;Asturias, Principado de;Asturias;;Renta bruta media por hogar;2018;35.298
Total Nacional;Balears, Illes;Balears, Illes;;Renta neta media por persona;2022;14.740
Total Nacional;Balears, Illes;Balears, Illes;;Renta neta media por persona;2021;13.468
Total Nacional;Balears, Illes;Balears, Illes;;Renta neta media por persona;2020;12.486
Total Nacional;Balears, Illes;Balears, Illes;;Renta neta media por persona;2019;13.428
Total Nacional;Balears, Illes;Balears, Illes;;Renta neta media por persona;2018;12.893
Total Nacional;Balears, Illes;Balears, Illes;;Renta neta media por hogar;2022;40.597
Total Nacional;Balears, Illes;Balears, Illes;;Renta neta media por hogar;2021;36.905
Total Nacional;Balears, Illes;Balears, Illes;;Renta neta media por hogar;2020;34.531
Total Nacional;Balears, Illes;Balears, Illes;;Renta neta media por hogar;2019;37.375
Total Nacional;Balears, Illes;Balears, Illes;;Renta neta media por hogar;2018;35.728
Total Nacional;Balears, Illes;Balears, Illes;;Media de la renta por unidad de consumo;2022;22.928
Total Nacional;Balears, Illes;Balears, Illes;;Media de la renta por unidad de consumo;2021;20.936
Total Nacional;Balears, Illes;Balears, Illes;;Media de la renta por unidad de consumo;2020;19.366
Total Nacional;Balears, Illes;Balears, Illes;;Media de la renta por unidad de consumo;2019;20.823
Total Nacional;Balears, Illes;Balears, Illes;;Media de la renta por unidad de consumo;2018;20.117
Total Nacional;Balears, Illes;Balears, Illes;;Mediana de la renta por unidad de consumo;2022;19.950
Total Nacional;Balears, Illes;Balears, Illes;;Mediana de la renta por unidad de consumo;2021;17.850
Total Nacional;Balears, Illes;Balears, Illes;;Mediana de la renta por unidad de consumo;2020;16.450
Total Nacional;Balears, Illes;Balears, Illes;;Mediana de la renta por unidad de consumo;2019;17.850
Total Nacional;Balears, Illes;Balears, Illes;;Mediana de la renta por unidad de consumo;2018;17.150
Total Nacional;Balears, Illes;Balears, Illes;;Renta bruta media por persona;2022;18.524
Total Nacional;Balears, Illes;Balears, Illes;;Renta bruta media por persona;2021;16.698
Total Nacional;Balears, Illes;Balears, Illes;;Renta bruta media por persona;2020;15.226
Total Nacional;Balears, Illes;Balears, Illes;;Renta bruta media por persona;2019;16.492
Total Nacional;Balears, Illes;Balears, Illes;;Renta bruta media por persona;2018;15.907
Total Nacional;Balears, Illes;Balears, Illes;;Renta bruta media por hogar;2022;51.019
Total Nacional;Balears, Illes;Balears, Illes;;Renta bruta media por hogar;2021;45.755
Total Nacional;Balears, Illes;Balears, Illes;;Renta bruta media por hogar;2020;42.110
Total Nacional;Balears, Illes;Balears, Illes;;Renta bruta media por hogar;2019;45.904
Total Nacional;Balears, Illes;Balears, Illes;;Renta bruta media por hogar;2018;44.083
Total Nacional;Canarias;Palmas, Las;;Renta neta media por persona;2022;12.716
Total Nacional;Canarias;Palmas, Las;;Renta neta media por persona;2021;11.697
Total Nacional;Canarias;Palmas, Las;;Renta neta media por persona;2020;11.172
Total Nacional;Canarias;Palmas, Las;;Renta neta media por persona;2019;11.336
Total Nacional;Canarias;Palmas, Las;;Renta neta media por persona;2018;10.862
Total Nacional;Canarias;Palmas, Las;;Renta neta media por hogar;2022;34.010
Total Nacional;Canarias;Palmas, Las;;Renta neta media por hogar;2021;31.443
Total Nacional;Canarias;Palmas, Las;;Renta neta media por hogar;2020;30.367
Total Nacional;Canarias;Palmas, Las;;Renta neta media por hogar;2019;31.168
Total Nacional;Canarias;Palmas, Las;;Renta neta media por hogar;2018;29.899
Total Nacional;Canarias;Palmas, Las;;Media de la renta por unidad de consumo;2022;19.384
Total Nacional;Canarias;Palmas, Las;;Media de la renta por unidad de consumo;2021;17.823
Total Nacional;Canarias;Palmas, Las;;Media de la renta por unidad de consumo;2020;17.019
Total Nacional;Canarias;Palmas, Las;;Media de la renta por unidad de consumo;2019;17.352
Total Nacional;Canarias;Palmas, Las;;Media de la renta por unidad de consumo;2018;16.659
Total Nacional;Canarias;Palmas, Las;;Mediana de la renta por unidad de consumo;2022;16.450
Total Nacional;Canarias;Palmas, Las;;Mediana de la renta por unidad de consumo;2021;15.050
Total Nacional;Canarias;Palmas, Las;;Mediana de la renta por unidad de consumo;2020;14.350
Total Nacional;Canarias;Palmas, Las;;Mediana de la renta por unidad de consumo;2019;15.050
Total Nacional;Canarias;Palmas, Las;;Mediana de la renta por unidad de consumo;2018;14.350
Total Nacional;Canarias;Palmas, Las;;Renta bruta media por persona;2022;15.200
Total Nacional;Canarias;Palmas, Las;;Renta bruta media por persona;2021;13.912
Total Nacional;Canarias;Palmas, Las;;Renta bruta media por persona;2020;13.182
Total Nacional;Canarias;Palmas, Las;;Renta bruta media por persona;2019;13.428
Total Nacional;Canarias;Palmas, Las;;Renta bruta media por persona;2018;12.849
Total Nacional;Canarias;Palmas, Las;;Renta bruta media por hogar;2022;40.654
Total Nacional;Canarias;Palmas, Las;;Renta bruta media por hogar;2021;37.399
Total Nacional;Canarias;Palmas, Las;;Renta bruta media por hogar;2020;35.832
Total Nacional;Canarias;Palmas, Las;;Renta bruta media por hogar;2019;36.920
Total Nacional;Canarias;Palmas, Las;;Renta bruta media por hogar;2018;35.369
Total Nacional;Canarias;Santa Cruz de Tenerife;;Renta neta media por persona;2022;12.237
Total Nacional;Canarias;Santa Cruz de Tenerife;;Renta neta media por persona;2021;11.198
Total Nacional;Canarias;Santa Cruz de Tenerife;;Renta neta media por persona;2020;10.679
Total Nacional;Canarias;Santa Cruz de Tenerife;;Renta neta media por persona;2019;10.770
Total Nacional;Canarias;Santa Cruz de Tenerife;;Renta neta media por persona;2018;10.233
Total Nacional;Canarias;Santa Cruz de Tenerife;;Renta neta media por hogar;2022;32.485
Total Nacional;Canarias;Santa Cruz de Tenerife;;Renta neta media por hogar;2021;29.849
Total Nacional;Canarias;Santa Cruz de Tenerife;;Renta neta media por hogar;2020;28.792
Total Nacional;Canarias;Santa Cruz de Tenerife;;Renta neta media por hogar;2019;29.388
Total Nacional;Canarias;Santa Cruz de Tenerife;;Renta neta media por hogar;2018;27.865
Total Nacional;Canarias;Santa Cruz de Tenerife;;Media de la renta por unidad de consumo;2022;18.744
Total Nacional;Canarias;Santa Cruz de Tenerife;;Media de la renta por unidad de consumo;2021;17.139
Total Nacional;Canarias;Santa Cruz de Tenerife;;Media de la renta por unidad de consumo;2020;16.359
Total Nacional;Canarias;Santa Cruz de Tenerife;;Media de la renta por unidad de consumo;2019;16.549
Total Nacional;Canarias;Santa Cruz de Tenerife;;Media de la renta por unidad de consumo;2018;15.743
Total Nacional;Canarias;Santa Cruz de Tenerife;;Mediana de la renta por unidad de consumo;2022;15.750
Total Nacional;Canarias;Santa Cruz de Tenerife;;Mediana de la renta por unidad de consumo;2021;14.350
Total Nacional;Canarias;Santa Cruz de Tenerife;;Mediana de la renta por unidad de consumo;2020;13.650
Total Nacional;Canarias;Santa Cruz de Tenerife;;Mediana de la renta por unidad de consumo;2019;14.350
Total Nacional;Canarias;Santa Cruz de Tenerife;;Mediana de la renta por unidad de consumo;2018;12.950
Total Nacional;Canarias;Santa Cruz de Tenerife;;Renta bruta media por persona;2022;14.471
Total Nacional;Canarias;Santa Cruz de Tenerife;;Renta bruta media por persona;2021;13.258
Total Nacional;Canarias;Santa Cruz de Tenerife;;Renta bruta media por persona;2020;12.553
Total Nacional;Canarias;Santa Cruz de Tenerife;;Renta bruta media por persona;2019;12.693
Total Nacional;Canarias;Santa Cruz de Tenerife;;Renta bruta media por persona;2018;12.031
Total Nacional;Canarias;Santa Cruz de Tenerife;;Renta bruta media por hogar;2022;38.413
Total Nacional;Canarias;Santa Cruz de Tenerife;;Renta bruta media por hogar;2021;35.338
Total Nacional;Canarias;Santa Cruz de Tenerife;;Renta bruta media por hogar;2020;33.844
Total Nacional;Canarias;Santa Cruz de Tenerife;;Renta bruta media por hogar;2019;34.634
Total Nacional;Canarias;Santa Cruz de Tenerife;;Renta bruta media por hogar;2018;32.761
Total Nacional;Cantabria;Cantabria;;Renta neta media por persona;2022;14.211
Total Nacional;Cantabria;Cantabria;;Renta neta media por persona;2021;13.425
Total Nacional;Cantabria;Cantabria;;Renta neta media por persona;2020;12.865
Total Nacional;Cantabria;Cantabria;;Renta neta media por persona;2019;12.852
Total Nacional;Cantabria;Cantabria;;Renta neta media por persona;2018;12.389
Total Nacional;Cantabria;Cantabria;;Renta neta media por hogar;2022;34.461
Total Nacional;Cantabria;Cantabria;;Renta neta media por hogar;2021;32.734
Total Nacional;Cantabria;Cantabria;;Renta neta media por hogar;2020;31.545
Total Nacional;Cantabria;Cantabria;;Renta neta media por hogar;2019;31.698
Total Nacional;Cantabria;Cantabria;;Renta neta media por hogar;2018;30.651
Total Nacional;Cantabria;Cantabria;;Media de la renta por unidad de consumo;2022;20.905
Total Nacional;Cantabria;Cantabria;;Media de la renta por unidad de consumo;2021;19.804
Total Nacional;Cantabria;Cantabria;;Media de la renta por unidad de consumo;2020;19.018
Total Nacional;Cantabria;Cantabria;;Media de la renta por unidad de consumo;2019;19.014
Total Nacional;Cantabria;Cantabria;;Media de la renta por unidad de consumo;2018;18.361
Total Nacional;Cantabria;Cantabria;;Mediana de la renta por unidad de consumo;2022;18.550
Total Nacional;Cantabria;Cantabria;;Mediana de la renta por unidad de consumo;2021;17.850
Total Nacional;Cantabria;Cantabria;;Mediana de la renta por unidad de consumo;2020;17.150
Total Nacional;Cantabria;Cantabria;;Mediana de la renta por unidad de consumo;2019;17.150
Total Nacional;Cantabria;Cantabria;;Mediana de la renta por unidad de consumo;2018;16.450
Total Nacional;Cantabria;Cantabria;;Renta bruta media por persona;2022;17.188
Total Nacional;Cantabria;Cantabria;;Renta bruta media por persona;2021;16.167
Total Nacional;Cantabria;Cantabria;;Renta bruta media por persona;2020;15.386
Total Nacional;Cantabria;Cantabria;;Renta bruta media por persona;2019;15.332
Total Nacional;Cantabria;Cantabria;;Renta bruta media por persona;2018;14.751
Total Nacional;Cantabria;Cantabria;;Renta bruta media por hogar;2022;41.681
Total Nacional;Cantabria;Cantabria;;Renta bruta media por hogar;2021;39.419
Total Nacional;Cantabria;Cantabria;;Renta bruta media por hogar;2020;37.727
Total Nacional;Cantabria;Cantabria;;Renta bruta media por hogar;2019;37.815
Total Nacional;Cantabria;Cantabria;;Renta bruta media por hogar;2018;36.495
Total Nacional;Castilla y León;Ávila;;Renta neta media por persona;2022;12.684
Total Nacional;Castilla y León;Ávila;;Renta neta media por persona;2021;12.123
Total Nacional;Castilla y León;Ávila;;Renta neta media por persona;2020;11.577
Total Nacional;Castilla y León;Ávila;;Renta neta media por persona;2019;11.322
Total Nacional;Castilla y León;Ávila;;Renta neta media por persona;2018;10.822
Total Nacional;Castilla y León;Ávila;;Renta neta media por hogar;2022;28.227
Total Nacional;Castilla y León;Ávila;;Renta neta media por hogar;2021;27.023
Total Nacional;Castilla y León;Ávila;;Renta neta media por hogar;2020;26.065
Total Nacional;Castilla y León;Ávila;;Renta neta media por hogar;2019;25.530
Total Nacional;Castilla y León;Ávila;;Renta neta media por hogar;2018;24.593
Total Nacional;Castilla y León;Ávila;;Media de la renta por unidad de consumo;2022;18.220
Total Nacional;Castilla y León;Ávila;;Media de la renta por unidad de consumo;2021;17.407
Total Nacional;Castilla y León;Ávila;;Media de la renta por unidad de consumo;2020;16.654
Total Nacional;Castilla y León;Ávila;;Media de la renta por unidad de consumo;2019;16.313
Total Nacional;Castilla y León;Ávila;;Media de la renta por unidad de consumo;2018;15.630
Total Nacional;Castilla y León;Ávila;;Mediana de la renta por unidad de consumo;2022;15.750
Total Nacional;Castilla y León;Ávila;;Mediana de la renta por unidad de consumo;2021;15.050
Total Nacional;Castilla y León;Ávila;;Mediana de la renta por unidad de consumo;2020;14.350
Total Nacional;Castilla y León;Ávila;;Mediana de la renta por unidad de consumo;2019;14.350
Total Nacional;Castilla y León;Ávila;;Mediana de la renta por unidad de consumo;2018;13.650
Total Nacional;Castilla y León;Ávila;;Renta bruta media por persona;2022;14.923
Total Nacional;Castilla y León;Ávila;;Renta bruta media por persona;2021;14.184
Total Nacional;Castilla y León;Ávila;;Renta bruta media por persona;2020;13.447
Total Nacional;Castilla y León;Ávila;;Renta bruta media por persona;2019;13.098
Total Nacional;Castilla y León;Ávila;;Renta bruta media por persona;2018;12.501
Total Nacional;Castilla y León;Ávila;;Renta bruta media por hogar;2022;33.209
Total Nacional;Castilla y León;Ávila;;Renta bruta media por hogar;2021;31.617
Total Nacional;Castilla y León;Ávila;;Renta bruta media por hogar;2020;30.276
Total Nacional;Castilla y León;Ávila;;Renta bruta media por hogar;2019;29.536
Total Nacional;Castilla y León;Ávila;;Renta bruta media por hogar;2018;28.410
Total Nacional;Castilla y León;Burgos;;Renta neta media por persona;2022;15.017
Total Nacional;Castilla y León;Burgos;;Renta neta media por persona;2021;14.357
Total Nacional;Castilla y León;Burgos;;Renta neta media por persona;2020;13.777
Total Nacional;Castilla y León;Burgos;;Renta neta media por persona;2019;13.713
Total Nacional;Castilla y León;Burgos;;Renta neta media por persona;2018;13.316
Total Nacional;Castilla y León;Burgos;;Renta neta media por hogar;2022;34.530
Total Nacional;Castilla y León;Burgos;;Renta neta media por hogar;2021;33.203
Total Nacional;Castilla y León;Burgos;;Renta neta media por hogar;2020;32.078
Total Nacional;Castilla y León;Burgos;;Renta neta media por hogar;2019;32.106
Total Nacional;Castilla y León;Burgos;;Renta neta media por hogar;2018;31.240
Total Nacional;Castilla y León;Burgos;;Media de la renta por unidad de consumo;2022;21.779
Total Nacional;Castilla y León;Burgos;;Media de la renta por unidad de consumo;2021;20.846
Total Nacional;Castilla y León;Burgos;;Media de la renta por unidad de consumo;2020;20.035
Total Nacional;Castilla y León;Burgos;;Media de la renta por unidad de consumo;2019;20.000
Total Nacional;Castilla y León;Burgos;;Media de la renta por unidad de consumo;2018;19.461
Total Nacional;Castilla y León;Burgos;;Mediana de la renta por unidad de consumo;2022;19.950
Total Nacional;Castilla y León;Burgos;;Mediana de la renta por unidad de consumo;2021;19.250
Total Nacional;Castilla y León;Burgos;;Mediana de la renta por unidad de consumo;2020;17.850
Total Nacional;Castilla y León;Burgos;;Mediana de la renta por unidad de consumo;2019;18.550
Total Nacional;Castilla y León;Burgos;;Mediana de la renta por unidad de consumo;2018;17.850
Total Nacional;Castilla y León;Burgos;;Renta bruta media por persona;2022;18.242
Total Nacional;Castilla y León;Burgos;;Renta bruta media por persona;2021;17.304
Total Nacional;Castilla y León;Burgos;;Renta bruta media por persona;2020;16.469
Total Nacional;Castilla y León;Burgos;;Renta bruta media por persona;2019;16.393
Total Nacional;Castilla y León;Burgos;;Renta bruta media por persona;2018;15.887
Total Nacional;Castilla y León;Burgos;;Renta bruta media por hogar;2022;41.946
Total Nacional;Castilla y León;Burgos;;Renta bruta media por hogar;2021;40.018
Total Nacional;Castilla y León;Burgos;;Renta bruta media por hogar;2020;38.347
Total Nacional;Castilla y León;Burgos;;Renta bruta media por hogar;2019;38.382
Total Nacional;Castilla y León;Burgos;;Renta bruta media por hogar;2018;37.270
Total Nacional;Castilla y León;León;;Renta neta media por persona;2022;14.144
Total Nacional;Castilla y León;León;;Renta neta media por persona;2021;13.400
Total Nacional;Castilla y León;León;;Renta neta media por persona;2020;12.917
Total Nacional;Castilla y León;León;;Renta neta media por persona;2019;12.755
Total Nacional;Castilla y León;León;;Renta neta media por persona;2018;12.222
Total Nacional;Castilla y León;León;;Renta neta media por hogar;2022;31.392
Total Nacional;Castilla y León;León;;Renta neta media por hogar;2021;30.024
Total Nacional;Castilla y León;León;;Renta neta media por hogar;2020;29.196
Total Nacional;Castilla y León;León;;Renta neta media por hogar;2019;29.060
Total Nacional;Castilla y León;León;;Renta neta media por hogar;2018;28.009
Total Nacional;Castilla y León;León;;Media de la renta por unidad de consumo;2022;20.239
Total Nacional;Castilla y León;León;;Media de la renta por unidad de consumo;2021;19.222
Total Nacional;Castilla y León;León;;Media de la renta por unidad de consumo;2020;18.553
Total Nacional;Castilla y León;León;;Media de la renta por unidad de consumo;2019;18.361
Total Nacional;Castilla y León;León;;Media de la renta por unidad de consumo;2018;17.665
Total Nacional;Castilla y León;León;;Mediana de la renta por unidad de consumo;2022;18.550
Total Nacional;Castilla y León;León;;Mediana de la renta por unidad de consumo;2021;17.150
Total Nacional;Castilla y León;León;;Mediana de la renta por unidad de consumo;2020;16.450
Total Nacional;Castilla y León;León;;Mediana de la renta por unidad de consumo;2019;16.450
Total Nacional;Castilla y León;León;;Mediana de la renta por unidad de consumo;2018;15.750
Total Nacional;Castilla y León;León;;Renta bruta media por persona;2022;16.864
Total Nacional;Castilla y León;León;;Renta bruta media por persona;2021;15.855
Total Nacional;Castilla y León;León;;Renta bruta media por persona;2020;15.183
Total Nacional;Castilla y León;León;;Renta bruta media por persona;2019;14.956
Total Nacional;Castilla y León;León;;Renta bruta media por persona;2018;14.328
Total Nacional;Castilla y León;León;;Renta bruta media por hogar;2022;37.429
Total Nacional;Castilla y León;León;;Renta bruta media por hogar;2021;35.524
Total Nacional;Castilla y León;León;;Renta bruta media por hogar;2020;34.317
Total Nacional;Castilla y León;León;;Renta bruta media por hogar;2019;34.074
Total Nacional;Castilla y León;León;;Renta bruta media por hogar;2018;32.833
Total Nacional;Castilla y León;Palencia;;Renta neta media por persona;2022;14.251
Total Nacional;Castilla y León;Palencia;;Renta neta media por persona;2021;13.624
Total Nacional;Castilla y León;Palencia;;Renta neta media por persona;2020;13.153
Total Nacional;Castilla y León;Palencia;;Renta neta media por persona;2019;13.010
Total Nacional;Castilla y León;Palencia;;Renta neta media por persona;2018;12.525
Total Nacional;Castilla y León;Palencia;;Renta neta media por hogar;2022;32.105
Total Nacional;Castilla y León;Palencia;;Renta neta media por hogar;2021;31.008
Total Nacional;Castilla y León;Palencia;;Renta neta media por hogar;2020;30.176
Total Nacional;Castilla y León;Palencia;;Renta neta media por hogar;2019;30.010
Total Nacional;Castilla y León;Palencia;;Renta neta media por hogar;2018;28.971
Total Nacional;Castilla y León;Palencia;;Media de la renta por unidad de consumo;2022;20.448
Total Nacional;Castilla y León;Palencia;;Media de la renta por unidad de consumo;2021;19.594
Total Nacional;Castilla y León;Palencia;;Media de la renta por unidad de consumo;2020;18.960
Total Nacional;Castilla y León;Palencia;;Media de la renta por unidad de consumo;2019;18.809
Total Nacional;Castilla y León;Palencia;;Media de la renta por unidad de consumo;2018;18.150
Total Nacional;Castilla y León;Palencia;;Mediana de la renta por unidad de consumo;2022;18.550
Total Nacional;Castilla y León;Palencia;;Mediana de la renta por unidad de consumo;2021;17.850
Total Nacional;Castilla y León;Palencia;;Mediana de la renta por unidad de consumo;2020;17.150
Total Nacional;Castilla y León;Palencia;;Mediana de la renta por unidad de consumo;2019;17.150
Total Nacional;Castilla y León;Palencia;;Mediana de la renta por unidad de consumo;2018;16.450
Total Nacional;Castilla y León;Palencia;;Renta bruta media por persona;2022;17.013
Total Nacional;Castilla y León;Palencia;;Renta bruta media por persona;2021;16.165
Total Nacional;Castilla y León;Palencia;;Renta bruta media por persona;2020;15.497
Total Nacional;Castilla y León;Palencia;;Renta bruta media por persona;2019;15.316
Total Nacional;Castilla y León;Palencia;;Renta bruta media por persona;2018;14.730
Total Nacional;Castilla y León;Palencia;;Renta bruta media por hogar;2022;38.327
Total Nacional;Castilla y León;Palencia;;Renta bruta media por hogar;2021;36.792
Total Nacional;Castilla y León;Palencia;;Renta bruta media por hogar;2020;35.554
Total Nacional;Castilla y León;Palencia;;Renta bruta media por hogar;2019;35.329
Total Nacional;Castilla y León;Palencia;;Renta bruta media por hogar;2018;34.073
Total Nacional;Castilla y León;Salamanca;;Renta neta media por persona;2022;13.610
Total Nacional;Castilla y León;Salamanca;;Renta neta media por persona;2021;12.920
Total Nacional;Castilla y León;Salamanca;;Renta neta media por persona;2020;12.355
Total Nacional;Castilla y León;Salamanca;;Renta neta media por persona;2019;12.240
Total Nacional;Castilla y León;Salamanca;;Renta neta media por persona;2018;11.762
Total Nacional;Castilla y León;Salamanca;;Renta neta media por hogar;2022;30.435
Total Nacional;Castilla y León;Salamanca;;Renta neta media por hogar;2021;29.176
Total Nacional;Castilla y León;Salamanca;;Renta neta media por hogar;2020;28.130
Total Nacional;Castilla y León;Salamanca;;Renta neta media por hogar;2019;28.050
Total Nacional;Castilla y León;Salamanca;;Renta neta media por hogar;2018;26.989
Total Nacional;Castilla y León;Salamanca;;Media de la renta por unidad de consumo;2022;19.530
Total Nacional;Castilla y León;Salamanca;;Media de la renta por unidad de consumo;2021;18.581
Total Nacional;Castilla y León;Salamanca;;Media de la renta por unidad de consumo;2020;17.808
Total Nacional;Castilla y León;Salamanca;;Media de la renta por unidad de consumo;2019;17.694
Total Nacional;Castilla y León;Salamanca;;Media de la renta por unidad de consumo;2018;17.019
Total Nacional;Castilla y León;Salamanca;;Mediana de la renta por unidad de consumo;2022;17.150
Total Nacional;Castilla y León;Salamanca;;Mediana de la renta por unidad de consumo;2021;16.450
Total Nacional;Castilla y León;Salamanca;;Mediana de la renta por unidad de consumo;2020;15.750
Total Nacional;Castilla y León;Salamanca;;Mediana de la renta por unidad de consumo;2019;15.050
Total Nacional;Castilla y León;Salamanca;;Mediana de la renta por unidad de consumo;2018;15.050
Total Nacional;Castilla y León;Salamanca;;Renta bruta media por persona;2022;16.274
Total Nacional;Castilla y León;Salamanca;;Renta bruta media por persona;2021;15.314
Total Nacional;Castilla y León;Salamanca;;Renta bruta media por persona;2020;14.550
Total Nacional;Castilla y León;Salamanca;;Renta bruta media por persona;2019;14.406
Total Nacional;Castilla y León;Salamanca;;Renta bruta media por persona;2018;13.802
Total Nacional;Castilla y León;Salamanca;;Renta bruta media por hogar;2022;36.392
Total Nacional;Castilla y León;Salamanca;;Renta bruta media por hogar;2021;34.581
Total Nacional;Castilla y León;Salamanca;;Renta bruta media por hogar;2020;33.127
Total Nacional;Castilla y León;Salamanca;;Renta bruta media por hogar;2019;33.016
Total Nacional;Castilla y León;Salamanca;;Renta bruta media por hogar;2018;31.671
Total Nacional;Castilla y León;Segovia;;Renta neta media por persona;2022;13.956
Total Nacional;Castilla y León;Segovia;;Renta neta media por persona;2021;13.324
Total Nacional;Castilla y León;Segovia;;Renta neta media por persona;2020;12.722
Total Nacional;Castilla y León;Segovia;;Renta neta media por persona;2019;12.482
Total Nacional;Castilla y León;Segovia;;Renta neta media por persona;2018;11.922
Total Nacional;Castilla y León;Segovia;;Renta neta media por hogar;2022;33.362
Total Nacional;Castilla y León;Segovia;;Renta neta media por hogar;2021;32.028
Total Nacional;Castilla y León;Segovia;;Renta neta media por hogar;2020;30.787
Total Nacional;Castilla y León;Segovia;;Renta neta media por hogar;2019;30.477
Total Nacional;Castilla y León;Segovia;;Renta neta media por hogar;2018;29.158
Total Nacional;Castilla y León;Segovia;;Media de la renta por unidad de consumo;2022;20.379
Total Nacional;Castilla y León;Segovia;;Media de la renta por unidad de consumo;2021;19.497
Total Nacional;Castilla y León;Segovia;;Media de la renta por unidad de consumo;2020;18.630
Total Nacional;Castilla y León;Segovia;;Media de la renta por unidad de consumo;2019;18.333
Total Nacional;Castilla y León;Segovia;;Media de la renta por unidad de consumo;2018;17.554
Total Nacional;Castilla y León;Segovia;;Mediana de la renta por unidad de consumo;2022;17.850
Total Nacional;Castilla y León;Segovia;;Mediana de la renta por unidad de consumo;2021;17.150
Total Nacional;Castilla y León;Segovia;;Mediana de la renta por unidad de consumo;2020;16.450
Total Nacional;Castilla y León;Segovia;;Mediana de la renta por unidad de consumo;2019;16.450
Total Nacional;Castilla y León;Segovia;;Mediana de la renta por unidad de consumo;2018;15.750
Total Nacional;Castilla y León;Segovia;;Renta bruta media por persona;2022;16.780
Total Nacional;Castilla y León;Segovia;;Renta bruta media por persona;2021;15.907
Total Nacional;Castilla y León;Segovia;;Renta bruta media por persona;2020;15.066
Total Nacional;Castilla y León;Segovia;;Renta bruta media por persona;2019;14.715
Total Nacional;Castilla y León;Segovia;;Renta bruta media por persona;2018;14.028
Total Nacional;Castilla y León;Segovia;;Renta bruta media por hogar;2022;40.113
Total Nacional;Castilla y León;Segovia;;Renta bruta media por hogar;2021;38.238
Total Nacional;Castilla y León;Segovia;;Renta bruta media por hogar;2020;36.458
Total Nacional;Castilla y León;Segovia;;Renta bruta media por hogar;2019;35.929
Total Nacional;Castilla y León;Segovia;;Renta bruta media por hogar;2018;34.308
Total Nacional;Castilla y León;Soria;;Renta neta media por persona;2022;14.721
Total Nacional;Castilla y León;Soria;;Renta neta media por persona;2021;14.385
Total Nacional;Castilla y León;Soria;;Renta neta media por persona;2020;13.889
Total Nacional;Castilla y León;Soria;;Renta neta media por persona;2019;13.353
Total Nacional;Castilla y León;Soria;;Renta neta media por persona;2018;12.907
Total Nacional;Castilla y León;Soria;;Renta neta media por hogar;2022;33.830
Total Nacional;Castilla y León;Soria;;Renta neta media por hogar;2021;33.138
Total Nacional;Castilla y León;Soria;;Renta neta media por hogar;2020;32.372
Total Nacional;Castilla y León;Soria;;Renta neta media por hogar;2019;31.235
Total Nacional;Castilla y León;Soria;;Renta neta media por hogar;2018;30.202
Total Nacional;Castilla y León;Soria;;Media de la renta por unidad de consumo;2022;21.274
Total Nacional;Castilla y León;Soria;;Media de la renta por unidad de consumo;2021;20.793
Total Nacional;Castilla y León;Soria;;Media de la renta por unidad de consumo;2020;20.128
Total Nacional;Castilla y León;Soria;;Media de la renta por unidad de consumo;2019;19.388
Total Nacional;Castilla y León;Soria;;Media de la renta por unidad de consumo;2018;18.770
Total Nacional;Castilla y León;Soria;;Mediana de la renta por unidad de consumo;2022;19.250
Total Nacional;Castilla y León;Soria;;Mediana de la renta por unidad de consumo;2021;18.550
Total Nacional;Castilla y León;Soria;;Mediana de la renta por unidad de consumo;2020;17.850
Total Nacional;Castilla y León;Soria;;Mediana de la renta por unidad de consumo;2019;17.850
Total Nacional;Castilla y León;Soria;;Mediana de la renta por unidad de consumo;2018;17.150
Total Nacional;Castilla y León;Soria;;Renta bruta media por persona;2022;17.774
Total Nacional;Castilla y León;Soria;;Renta bruta media por persona;2021;17.229
Total Nacional;Castilla y León;Soria;;Renta bruta media por persona;2020;16.517
Total Nacional;Castilla y León;Soria;;Renta bruta media por persona;2019;15.800
Total Nacional;Castilla y León;Soria;;Renta bruta media por persona;2018;15.250
Total Nacional;Castilla y León;Soria;;Renta bruta media por hogar;2022;40.846
Total Nacional;Castilla y León;Soria;;Renta bruta media por hogar;2021;39.692
Total Nacional;Castilla y León;Soria;;Renta bruta media por hogar;2020;38.496
Total Nacional;Castilla y León;Soria;;Renta bruta media por hogar;2019;36.961
Total Nacional;Castilla y León;Soria;;Renta bruta media por hogar;2018;35.686
Total Nacional;Castilla y León;Valladolid;;Renta neta media por persona;2022;14.658
Total Nacional;Castilla y León;Valladolid;;Renta neta media por persona;2021;13.987
Total Nacional;Castilla y León;Valladolid;;Renta neta media por persona;2020;13.490
Total Nacional;Castilla y León;Valladolid;;Renta neta media por persona;2019;13.344
Total Nacional;Castilla y León;Valladolid;;Renta neta media por persona;2018;12.905
Total Nacional;Castilla y León;Valladolid;;Renta neta media por hogar;2022;34.708
Total Nacional;Castilla y León;Valladolid;;Renta neta media por hogar;2021;33.348
Total Nacional;Castilla y León;Valladolid;;Renta neta media por hogar;2020;32.397
Total Nacional;Castilla y León;Valladolid;;Renta neta media por hogar;2019;32.247
Total Nacional;Castilla y León;Valladolid;;Renta neta media por hogar;2018;31.296
Total Nacional;Castilla y León;Valladolid;;Media de la renta por unidad de consumo;2022;21.422
Total Nacional;Castilla y León;Valladolid;;Media de la renta por unidad de consumo;2021;20.498
Total Nacional;Castilla y León;Valladolid;;Media de la renta por unidad de consumo;2020;19.810
Total Nacional;Castilla y León;Valladolid;;Media de la renta por unidad de consumo;2019;19.760
Total Nacional;Castilla y León;Valladolid;;Media de la renta por unidad de consumo;2018;19.045
Total Nacional;Castilla y León;Valladolid;;Mediana de la renta por unidad de consumo;2022;19.250
Total Nacional;Castilla y León;Valladolid;;Mediana de la renta por unidad de consumo;2021;17.850
Total Nacional;Castilla y León;Valladolid;;Mediana de la renta por unidad de consumo;2020;17.150
Total Nacional;Castilla y León;Valladolid;;Mediana de la renta por unidad de consumo;2019;17.150
Total Nacional;Castilla y León;Valladolid;;Mediana de la renta por unidad de consumo;2018;17.150
Total Nacional;Castilla y León;Valladolid;;Renta bruta media por persona;2022;17.789
Total Nacional;Castilla y León;Valladolid;;Renta bruta media por persona;2021;16.875
Total Nacional;Castilla y León;Valladolid;;Renta bruta media por persona;2020;16.156
Total Nacional;Castilla y León;Valladolid;;Renta bruta media por persona;2019;16.042
Total Nacional;Castilla y León;Valladolid;;Renta bruta media por persona;2018;15.387
Total Nacional;Castilla y León;Valladolid;;Renta bruta media por hogar;2022;42.120
Total Nacional;Castilla y León;Valladolid;;Renta bruta media por hogar;2021;40.233
Total Nacional;Castilla y León;Valladolid;;Renta bruta media por hogar;2020;38.799
Total Nacional;Castilla y León;Valladolid;;Renta bruta media por hogar;2019;38.768
Total Nacional;Castilla y León;Valladolid;;Renta bruta media por hogar;2018;37.316
Total Nacional;Castilla y León;Zamora;;Renta neta media por persona;2022;12.913
Total Nacional;Castilla y León;Zamora;;Renta neta media por persona;2021;12.292
Total Nacional;Castilla y León;Zamora;;Renta neta media por persona;2020;11.737
Total Nacional;Castilla y León;Zamora;;Renta neta media por persona;2019;11.520
Total Nacional;Castilla y León;Zamora;;Renta neta media por persona;2018;10.971
Total Nacional;Castilla y León;Zamora;;Renta neta media por hogar;2022;27.928
Total Nacional;Castilla y León;Zamora;;Renta neta media por hogar;2021;26.846
Total Nacional;Castilla y León;Zamora;;Renta neta media por hogar;2020;25.855
Total Nacional;Castilla y León;Zamora;;Renta neta media por hogar;2019;25.593
Total Nacional;Castilla y León;Zamora;;Renta neta media por hogar;2018;24.524
Total Nacional;Castilla y León;Zamora;;Media de la renta por unidad de consumo;2022;18.327
Total Nacional;Castilla y León;Zamora;;Media de la renta por unidad de consumo;2021;17.484
Total Nacional;Castilla y León;Zamora;;Media de la renta por unidad de consumo;2020;16.727
Total Nacional;Castilla y León;Zamora;;Media de la renta por unidad de consumo;2019;16.435
Total Nacional;Castilla y León;Zamora;;Media de la renta por unidad de consumo;2018;15.729
Total Nacional;Castilla y León;Zamora;;Mediana de la renta por unidad de consumo;2022;16.450
Total Nacional;Castilla y León;Zamora;;Mediana de la renta por unidad de consumo;2021;15.750
Total Nacional;Castilla y León;Zamora;;Mediana de la renta por unidad de consumo;2020;15.050
Total Nacional;Castilla y León;Zamora;;Mediana de la renta por unidad de consumo;2019;14.350
Total Nacional;Castilla y León;Zamora;;Mediana de la renta por unidad de consumo;2018;13.650
Total Nacional;Castilla y León;Zamora;;Renta bruta media por persona;2022;15.137
Total Nacional;Castilla y León;Zamora;;Renta bruta media por persona;2021;14.317
Total Nacional;Castilla y León;Zamora;;Renta bruta media por persona;2020;13.577
Total Nacional;Castilla y León;Zamora;;Renta bruta media por persona;2019;13.268
Total Nacional;Castilla y León;Zamora;;Renta bruta media por persona;2018;12.635
Total Nacional;Castilla y León;Zamora;;Renta bruta media por hogar;2022;32.737
Total Nacional;Castilla y León;Zamora;;Renta bruta media por hogar;2021;31.268
Total Nacional;Castilla y León;Zamora;;Renta bruta media por hogar;2020;29.907
Total Nacional;Castilla y León;Zamora;;Renta bruta media por hogar;2019;29.476
Total Nacional;Castilla y León;Zamora;;Renta bruta media por hogar;2018;28.245
Total Nacional;Castilla - La Mancha;Albacete;;Renta neta media por persona;2022;12.305
Total Nacional;Castilla - La Mancha;Albacete;;Renta neta media por persona;2021;11.652
Total Nacional;Castilla - La Mancha;Albacete;;Renta neta media por persona;2020;11.104
Total Nacional;Castilla - La Mancha;Albacete;;Renta neta media por persona;2019;10.901
Total Nacional;Castilla - La Mancha;Albacete;;Renta neta media por persona;2018;10.351
Total Nacional;Castilla - La Mancha;Albacete;;Renta neta media por hogar;2022;30.908
Total Nacional;Castilla - La Mancha;Albacete;;Renta neta media por hogar;2021;29.451
Total Nacional;Castilla - La Mancha;Albacete;;Renta neta media por hogar;2020;28.288
Total Nacional;Castilla - La Mancha;Albacete;;Renta neta media por hogar;2019;27.995
Total Nacional;Castilla - La Mancha;Albacete;;Renta neta media por hogar;2018;26.719
Total Nacional;Castilla - La Mancha;Albacete;;Media de la renta por unidad de consumo;2022;18.341
Total Nacional;Castilla - La Mancha;Albacete;;Media de la renta por unidad de consumo;2021;17.432
Total Nacional;Castilla - La Mancha;Albacete;;Media de la renta por unidad de consumo;2020;16.616
Total Nacional;Castilla - La Mancha;Albacete;;Media de la renta por unidad de consumo;2019;16.369
Total Nacional;Castilla - La Mancha;Albacete;;Media de la renta por unidad de consumo;2018;15.578
Total Nacional;Castilla - La Mancha;Albacete;;Mediana de la renta por unidad de consumo;2022;15.750
Total Nacional;Castilla - La Mancha;Albacete;;Mediana de la renta por unidad de consumo;2021;15.050
Total Nacional;Castilla - La Mancha;Albacete;;Mediana de la renta por unidad de consumo;2020;14.350
Total Nacional;Castilla - La Mancha;Albacete;;Mediana de la renta por unidad de consumo;2019;14.350
Total Nacional;Castilla - La Mancha;Albacete;;Mediana de la renta por unidad de consumo;2018;13.650
Total Nacional;Castilla - La Mancha;Albacete;;Renta bruta media por persona;2022;14.620
Total Nacional;Castilla - La Mancha;Albacete;;Renta bruta media por persona;2021;13.804
Total Nacional;Castilla - La Mancha;Albacete;;Renta bruta media por persona;2020;13.059
Total Nacional;Castilla - La Mancha;Albacete;;Renta bruta media por persona;2019;12.807
Total Nacional;Castilla - La Mancha;Albacete;;Renta bruta media por persona;2018;12.121
Total Nacional;Castilla - La Mancha;Albacete;;Renta bruta media por hogar;2022;36.724
Total Nacional;Castilla - La Mancha;Albacete;;Renta bruta media por hogar;2021;34.891
Total Nacional;Castilla - La Mancha;Albacete;;Renta bruta media por hogar;2020;33.270
Total Nacional;Castilla - La Mancha;Albacete;;Renta bruta media por hogar;2019;32.889
Total Nacional;Castilla - La Mancha;Albacete;;Renta bruta media por hogar;2018;31.289
Total Nacional;Castilla - La Mancha;Ciudad Real;;Renta neta media por persona;2022;11.724
Total Nacional;Castilla - La Mancha;Ciudad Real;;Renta neta media por persona;2021;11.051
Total Nacional;Castilla - La Mancha;Ciudad Real;;Renta neta media por persona;2020;10.570
Total Nacional;Castilla - La Mancha;Ciudad Real;;Renta neta media por persona;2019;10.431
Total Nacional;Castilla - La Mancha;Ciudad Real;;Renta neta media por persona;2018;10.001
Total Nacional;Castilla - La Mancha;Ciudad Real;;Renta neta media por hogar;2022;29.290
Total Nacional;Castilla - La Mancha;Ciudad Real;;Renta neta media por hogar;2021;27.895
Total Nacional;Castilla - La Mancha;Ciudad Real;;Renta neta media por hogar;2020;26.842
Total Nacional;Castilla - La Mancha;Ciudad Real;;Renta neta media por hogar;2019;26.691
Total Nacional;Castilla - La Mancha;Ciudad Real;;Renta neta media por hogar;2018;25.698
Total Nacional;Castilla - La Mancha;Ciudad Real;;Media de la renta por unidad de consumo;2022;17.467
Total Nacional;Castilla - La Mancha;Ciudad Real;;Media de la renta por unidad de consumo;2021;16.524
Total Nacional;Castilla - La Mancha;Ciudad Real;;Media de la renta por unidad de consumo;2020;15.814
Total Nacional;Castilla - La Mancha;Ciudad Real;;Media de la renta por unidad de consumo;2019;15.650
Total Nacional;Castilla - La Mancha;Ciudad Real;;Media de la renta por unidad de consumo;2018;15.042
Total Nacional;Castilla - La Mancha;Ciudad Real;;Mediana de la renta por unidad de consumo;2022;15.050
Total Nacional;Castilla - La Mancha;Ciudad Real;;Mediana de la renta por unidad de consumo;2021;14.350
Total Nacional;Castilla - La Mancha;Ciudad Real;;Mediana de la renta por unidad de consumo;2020;13.650
Total Nacional;Castilla - La Mancha;Ciudad Real;;Mediana de la renta por unidad de consumo;2019;13.650
Total Nacional;Castilla - La Mancha;Ciudad Real;;Mediana de la renta por unidad de consumo;2018;12.950
Total Nacional;Castilla - La Mancha;Ciudad Real;;Renta bruta media por persona;2022;13.845
Total Nacional;Castilla - La Mancha;Ciudad Real;;Renta bruta media por persona;2021;12.992
Total Nacional;Castilla - La Mancha;Ciudad Real;;Renta bruta media por persona;2020;12.361
Total Nacional;Castilla - La Mancha;Ciudad Real;;Renta bruta media por persona;2019;12.163
Total Nacional;Castilla - La Mancha;Ciudad Real;;Renta bruta media por persona;2018;11.635
Total Nacional;Castilla - La Mancha;Ciudad Real;;Renta bruta media por hogar;2022;34.589
Total Nacional;Castilla - La Mancha;Ciudad Real;;Renta bruta media por hogar;2021;32.794
Total Nacional;Castilla - La Mancha;Ciudad Real;;Renta bruta media por hogar;2020;31.391
Total Nacional;Castilla - La Mancha;Ciudad Real;;Renta bruta media por hogar;2019;31.122
Total Nacional;Castilla - La Mancha;Ciudad Real;;Renta bruta media por hogar;2018;29.897
Total Nacional;Castilla - La Mancha;Cuenca;;Renta neta media por persona;2022;12.022
Total Nacional;Castilla - La Mancha;Cuenca;;Renta neta media por persona;2021;11.550
Total Nacional;Castilla - La Mancha;Cuenca;;Renta neta media por persona;2020;10.991
Total Nacional;Castilla - La Mancha;Cuenca;;Renta neta media por persona;2019;10.680
Total Nacional;Castilla - La Mancha;Cuenca;;Renta neta media por persona;2018;10.212
Total Nacional;Castilla - La Mancha;Cuenca;;Renta neta media por hogar;2022;29.064
Total Nacional;Castilla - La Mancha;Cuenca;;Renta neta media por hogar;2021;27.927
Total Nacional;Castilla - La Mancha;Cuenca;;Renta neta media por hogar;2020;26.719
Total Nacional;Castilla - La Mancha;Cuenca;;Renta neta media por hogar;2019;26.140
Total Nacional;Castilla - La Mancha;Cuenca;;Renta neta media por hogar;2018;25.019
Total Nacional;Castilla - La Mancha;Cuenca;;Media de la renta por unidad de consumo;2022;17.657
Total Nacional;Castilla - La Mancha;Cuenca;;Media de la renta por unidad de consumo;2021;16.973
Total Nacional;Castilla - La Mancha;Cuenca;;Media de la renta por unidad de consumo;2020;16.132
Total Nacional;Castilla - La Mancha;Cuenca;;Media de la renta por unidad de consumo;2019;15.749
Total Nacional;Castilla - La Mancha;Cuenca;;Media de la renta por unidad de consumo;2018;15.066
Total Nacional;Castilla - La Mancha;Cuenca;;Mediana de la renta por unidad de consumo;2022;15.750
Total Nacional;Castilla - La Mancha;Cuenca;;Mediana de la renta por unidad de consumo;2021;15.050
Total Nacional;Castilla - La Mancha;Cuenca;;Mediana de la renta por unidad de consumo;2020;14.350
Total Nacional;Castilla - La Mancha;Cuenca;;Mediana de la renta por unidad de consumo;2019;13.650
Total Nacional;Castilla - La Mancha;Cuenca;;Mediana de la renta por unidad de consumo;2018;12.950
Total Nacional;Castilla - La Mancha;Cuenca;;Renta bruta media por persona;2022;14.038
Total Nacional;Castilla - La Mancha;Cuenca;;Renta bruta media por persona;2021;13.443
Total Nacional;Castilla - La Mancha;Cuenca;;Renta bruta media por persona;2020;12.722
Total Nacional;Castilla - La Mancha;Cuenca;;Renta bruta media por persona;2019;12.319
Total Nacional;Castilla - La Mancha;Cuenca;;Renta bruta media por persona;2018;11.755
Total Nacional;Castilla - La Mancha;Cuenca;;Renta bruta media por hogar;2022;33.937
Total Nacional;Castilla - La Mancha;Cuenca;;Renta bruta media por hogar;2021;32.505
Total Nacional;Castilla - La Mancha;Cuenca;;Renta bruta media por hogar;2020;30.928
Total Nacional;Castilla - La Mancha;Cuenca;;Renta bruta media por hogar;2019;30.152
Total Nacional;Castilla - La Mancha;Cuenca;;Renta bruta media por hogar;2018;28.799
Total Nacional;Castilla - La Mancha;Guadalajara;;Renta neta media por persona;2022;13.829
Total Nacional;Castilla - La Mancha;Guadalajara;;Renta neta media por persona;2021;13.149
Total Nacional;Castilla - La Mancha;Guadalajara;;Renta neta media por persona;2020;12.624
Total Nacional;Castilla - La Mancha;Guadalajara;;Renta neta media por persona;2019;12.521
Total Nacional;Castilla - La Mancha;Guadalajara;;Renta neta media por persona;2018;12.083
Total Nacional;Castilla - La Mancha;Guadalajara;;Renta neta media por hogar;2022;35.509
Total Nacional;Castilla - La Mancha;Guadalajara;;Renta neta media por hogar;2021;33.609
Total Nacional;Castilla - La Mancha;Guadalajara;;Renta neta media por hogar;2020;32.431
Total Nacional;Castilla - La Mancha;Guadalajara;;Renta neta media por hogar;2019;32.329
Total Nacional;Castilla - La Mancha;Guadalajara;;Renta neta media por hogar;2018;31.083
Total Nacional;Castilla - La Mancha;Guadalajara;;Media de la renta por unidad de consumo;2022;20.702
Total Nacional;Castilla - La Mancha;Guadalajara;;Media de la renta por unidad de consumo;2021;19.701
Total Nacional;Castilla - La Mancha;Guadalajara;;Media de la renta por unidad de consumo;2020;18.914
Total Nacional;Castilla - La Mancha;Guadalajara;;Media de la renta por unidad de consumo;2019;18.842
Total Nacional;Castilla - La Mancha;Guadalajara;;Media de la renta por unidad de consumo;2018;18.202
Total Nacional;Castilla - La Mancha;Guadalajara;;Mediana de la renta por unidad de consumo;2022;18.550
Total Nacional;Castilla - La Mancha;Guadalajara;;Mediana de la renta por unidad de consumo;2021;17.850
Total Nacional;Castilla - La Mancha;Guadalajara;;Mediana de la renta por unidad de consumo;2020;17.150
Total Nacional;Castilla - La Mancha;Guadalajara;;Mediana de la renta por unidad de consumo;2019;17.150
Total Nacional;Castilla - La Mancha;Guadalajara;;Mediana de la renta por unidad de consumo;2018;16.450
Total Nacional;Castilla - La Mancha;Guadalajara;;Renta bruta media por persona;2022;16.744
Total Nacional;Castilla - La Mancha;Guadalajara;;Renta bruta media por persona;2021;15.823
Total Nacional;Castilla - La Mancha;Guadalajara;;Renta bruta media por persona;2020;15.096
Total Nacional;Castilla - La Mancha;Guadalajara;;Renta bruta media por persona;2019;14.958
Total Nacional;Castilla - La Mancha;Guadalajara;;Renta bruta media por persona;2018;14.415
Total Nacional;Castilla - La Mancha;Guadalajara;;Renta bruta media por hogar;2022;42.995
Total Nacional;Castilla - La Mancha;Guadalajara;;Renta bruta media por hogar;2021;40.445
Total Nacional;Castilla - La Mancha;Guadalajara;;Renta bruta media por hogar;2020;38.782
Total Nacional;Castilla - La Mancha;Guadalajara;;Renta bruta media por hogar;2019;38.620
Total Nacional;Castilla - La Mancha;Guadalajara;;Renta bruta media por hogar;2018;37.083
Total Nacional;Castilla - La Mancha;Toledo;;Renta neta media por persona;2022;11.614
Total Nacional;Castilla - La Mancha;Toledo;;Renta neta media por persona;2021;10.998
Total Nacional;Castilla - La Mancha;Toledo;;Renta neta media por persona;2020;10.533
Total Nacional;Castilla - La Mancha;Toledo;;Renta neta media por persona;2019;10.413
Total Nacional;Castilla - La Mancha;Toledo;;Renta neta media por persona;2018;9.955
Total Nacional;Castilla - La Mancha;Toledo;;Renta neta media por hogar;2022;30.626
Total Nacional;Castilla - La Mancha;Toledo;;Renta neta media por hogar;2021;28.990
Total Nacional;Castilla - La Mancha;Toledo;;Renta neta media por hogar;2020;27.906
Total Nacional;Castilla - La Mancha;Toledo;;Renta neta media por hogar;2019;27.705
Total Nacional;Castilla - La Mancha;Toledo;;Renta neta media por hogar;2018;26.489
Total Nacional;Castilla - La Mancha;Toledo;;Media de la renta por unidad de consumo;2022;17.601
Total Nacional;Castilla - La Mancha;Toledo;;Media de la renta por unidad de consumo;2021;16.685
Total Nacional;Castilla - La Mancha;Toledo;;Media de la renta por unidad de consumo;2020;15.995
Total Nacional;Castilla - La Mancha;Toledo;;Media de la renta por unidad de consumo;2019;15.851
Total Nacional;Castilla - La Mancha;Toledo;;Media de la renta por unidad de consumo;2018;15.164
Total Nacional;Castilla - La Mancha;Toledo;;Mediana de la renta por unidad de consumo;2022;15.750
Total Nacional;Castilla - La Mancha;Toledo;;Mediana de la renta por unidad de consumo;2021;15.050
Total Nacional;Castilla - La Mancha;Toledo;;Mediana de la renta por unidad de consumo;2020;14.350
Total Nacional;Castilla - La Mancha;Toledo;;Mediana de la renta por unidad de consumo;2019;13.650
Total Nacional;Castilla - La Mancha;Toledo;;Mediana de la renta por unidad de consumo;2018;12.950
Total Nacional;Castilla - La Mancha;Toledo;;Renta bruta media por persona;2022;13.783
Total Nacional;Castilla - La Mancha;Toledo;;Renta bruta media por persona;2021;12.986
Total Nacional;Castilla - La Mancha;Toledo;;Renta bruta media por persona;2020;12.358
Total Nacional;Castilla - La Mancha;Toledo;;Renta bruta media por persona;2019;12.183
Total Nacional;Castilla - La Mancha;Toledo;;Renta bruta media por persona;2018;11.617
Total Nacional;Castilla - La Mancha;Toledo;;Renta bruta media por hogar;2022;36.344
Total Nacional;Castilla - La Mancha;Toledo;;Renta bruta media por hogar;2021;34.229
Total Nacional;Castilla - La Mancha;Toledo;;Renta bruta media por hogar;2020;32.742
Total Nacional;Castilla - La Mancha;Toledo;;Renta bruta media por hogar;2019;32.415
Total Nacional;Castilla - La Mancha;Toledo;;Renta bruta media por hogar;2018;30.911
Total Nacional;Cataluña;Barcelona;;Renta neta media por persona;2022;16.105
Total Nacional;Cataluña;Barcelona;;Renta neta media por persona;2021;15.297
Total Nacional;Cataluña;Barcelona;;Renta neta media por persona;2020;14.676
Total Nacional;Cataluña;Barcelona;;Renta neta media por persona;2019;14.656
Total Nacional;Cataluña;Barcelona;;Renta neta media por persona;2018;14.198
Total Nacional;Cataluña;Barcelona;;Renta neta media por hogar;2022;41.594
Total Nacional;Cataluña;Barcelona;;Renta neta media por hogar;2021;39.511
Total Nacional;Cataluña;Barcelona;;Renta neta media por hogar;2020;38.226
Total Nacional;Cataluña;Barcelona;;Renta neta media por hogar;2019;38.386
Total Nacional;Cataluña;Barcelona;;Renta neta media por hogar;2018;37.044
Total Nacional;Cataluña;Barcelona;;Media de la renta por unidad de consumo;2022;24.224
Total Nacional;Cataluña;Barcelona;;Media de la renta por unidad de consumo;2021;23.061
Total Nacional;Cataluña;Barcelona;;Media de la renta por unidad de consumo;2020;22.115
Total Nacional;Cataluña;Barcelona;;Media de la renta por unidad de consumo;2019;22.198
Total Nacional;Cataluña;Barcelona;;Media de la renta por unidad de consumo;2018;21.512
Total Nacional;Cataluña;Barcelona;;Mediana de la renta por unidad de consumo;2022;20.650
Total Nacional;Cataluña;Barcelona;;Mediana de la renta por unidad de consumo;2021;19.950
Total Nacional;Cataluña;Barcelona;;Mediana de la renta por unidad de consumo;2020;19.250
Total Nacional;Cataluña;Barcelona;;Mediana de la renta por unidad de consumo;2019;19.250
Total Nacional;Cataluña;Barcelona;;Mediana de la renta por unidad de consumo;2018;18.550
Total Nacional;Cataluña;Barcelona;;Renta bruta media por persona;2022;20.383
Total Nacional;Cataluña;Barcelona;;Renta bruta media por persona;2021;19.220
Total Nacional;Cataluña;Barcelona;;Renta bruta media por persona;2020;18.227
Total Nacional;Cataluña;Barcelona;;Renta bruta media por persona;2019;18.250
Total Nacional;Cataluña;Barcelona;;Renta bruta media por persona;2018;17.659
Total Nacional;Cataluña;Barcelona;;Renta bruta media por hogar;2022;52.640
Total Nacional;Cataluña;Barcelona;;Renta bruta media por hogar;2021;49.646
Total Nacional;Cataluña;Barcelona;;Renta bruta media por hogar;2020;47.473
Total Nacional;Cataluña;Barcelona;;Renta bruta media por hogar;2019;47.799
Total Nacional;Cataluña;Barcelona;;Renta bruta media por hogar;2018;46.076
Total Nacional;Cataluña;Girona;;Renta neta media por persona;2022;14.176
Total Nacional;Cataluña;Girona;;Renta neta media por persona;2021;13.485
Total Nacional;Cataluña;Girona;;Renta neta media por persona;2020;12.865
Total Nacional;Cataluña;Girona;;Renta neta media por persona;2019;12.843
Total Nacional;Cataluña;Girona;;Renta neta media por persona;2018;12.355
Total Nacional;Cataluña;Girona;;Renta neta media por hogar;2022;37.444
Total Nacional;Cataluña;Girona;;Renta neta media por hogar;2021;35.585
Total Nacional;Cataluña;Girona;;Renta neta media por hogar;2020;34.212
Total Nacional;Cataluña;Girona;;Renta neta media por hogar;2019;34.301
Total Nacional;Cataluña;Girona;;Renta neta media por hogar;2018;32.943
Total Nacional;Cataluña;Girona;;Media de la renta por unidad de consumo;2022;21.457
Total Nacional;Cataluña;Girona;;Media de la renta por unidad de consumo;2021;20.429
Total Nacional;Cataluña;Girona;;Media de la renta por unidad de consumo;2020;19.483
Total Nacional;Cataluña;Girona;;Media de la renta por unidad de consumo;2019;19.505
Total Nacional;Cataluña;Girona;;Media de la renta por unidad de consumo;2018;18.795
Total Nacional;Cataluña;Girona;;Mediana de la renta por unidad de consumo;2022;18.550
Total Nacional;Cataluña;Girona;;Mediana de la renta por unidad de consumo;2021;17.850
Total Nacional;Cataluña;Girona;;Mediana de la renta por unidad de consumo;2020;17.150
Total Nacional;Cataluña;Girona;;Mediana de la renta por unidad de consumo;2019;17.150
Total Nacional;Cataluña;Girona;;Mediana de la renta por unidad de consumo;2018;16.450
Total Nacional;Cataluña;Girona;;Renta bruta media por persona;2022;17.529
Total Nacional;Cataluña;Girona;;Renta bruta media por persona;2021;16.574
Total Nacional;Cataluña;Girona;;Renta bruta media por persona;2020;15.623
Total Nacional;Cataluña;Girona;;Renta bruta media por persona;2019;15.587
Total Nacional;Cataluña;Girona;;Renta bruta media por persona;2018;14.968
Total Nacional;Cataluña;Girona;;Renta bruta media por hogar;2022;46.303
Total Nacional;Cataluña;Girona;;Renta bruta media por hogar;2021;43.738
Total Nacional;Cataluña;Girona;;Renta bruta media por hogar;2020;41.546
Total Nacional;Cataluña;Girona;;Renta bruta media por hogar;2019;41.630
Total Nacional;Cataluña;Girona;;Renta bruta media por hogar;2018;39.910
Total Nacional;Cataluña;Lleida;;Renta neta media por persona;2022;13.865
Total Nacional;Cataluña;Lleida;;Renta neta media por persona;2021;13.334
Total Nacional;Cataluña;Lleida;;Renta neta media por persona;2020;12.896
Total Nacional;Cataluña;Lleida;;Renta neta media por persona;2019;12.618
Total Nacional;Cataluña;Lleida;;Renta neta media por persona;2018;12.124
Total Nacional;Cataluña;Lleida;;Renta neta media por hogar;2022;35.640
Total Nacional;Cataluña;Lleida;;Renta neta media por hogar;2021;34.308
Total Nacional;Cataluña;Lleida;;Renta neta media por hogar;2020;33.305
Total Nacional;Cataluña;Lleida;;Renta neta media por hogar;2019;32.796
Total Nacional;Cataluña;Lleida;;Renta neta media por hogar;2018;31.474
Total Nacional;Cataluña;Lleida;;Media de la renta por unidad de consumo;2022;20.777
Total Nacional;Cataluña;Lleida;;Media de la renta por unidad de consumo;2021;20.094
Total Nacional;Cataluña;Lleida;;Media de la renta por unidad de consumo;2020;19.350
Total Nacional;Cataluña;Lleida;;Media de la renta por unidad de consumo;2019;18.994
Total Nacional;Cataluña;Lleida;;Media de la renta por unidad de consumo;2018;18.266
Total Nacional;Cataluña;Lleida;;Mediana de la renta por unidad de consumo;2022;18.550
Total Nacional;Cataluña;Lleida;;Mediana de la renta por unidad de consumo;2021;17.850
Total Nacional;Cataluña;Lleida;;Mediana de la renta por unidad de consumo;2020;17.150
Total Nacional;Cataluña;Lleida;;Mediana de la renta por unidad de consumo;2019;16.450
Total Nacional;Cataluña;Lleida;;Mediana de la renta por unidad de consumo;2018;15.750
Total Nacional;Cataluña;Lleida;;Renta bruta media por persona;2022;16.948
Total Nacional;Cataluña;Lleida;;Renta bruta media por persona;2021;16.326
Total Nacional;Cataluña;Lleida;;Renta bruta media por persona;2020;15.512
Total Nacional;Cataluña;Lleida;;Renta bruta media por persona;2019;15.144
Total Nacional;Cataluña;Lleida;;Renta bruta media por persona;2018;14.548
Total Nacional;Cataluña;Lleida;;Renta bruta media por hogar;2022;43.564
Total Nacional;Cataluña;Lleida;;Renta bruta media por hogar;2021;42.006
Total Nacional;Cataluña;Lleida;;Renta bruta media por hogar;2020;40.061
Total Nacional;Cataluña;Lleida;;Renta bruta media por hogar;2019;39.359
Total Nacional;Cataluña;Lleida;;Renta bruta media por hogar;2018;37.767
Total Nacional;Cataluña;Tarragona;;Renta neta media por persona;2022;13.673
Total Nacional;Cataluña;Tarragona;;Renta neta media por persona;2021;13.086
Total Nacional;Cataluña;Tarragona;;Renta neta media por persona;2020;12.491
Total Nacional;Cataluña;Tarragona;;Renta neta media por persona;2019;12.432
Total Nacional;Cataluña;Tarragona;;Renta neta media por persona;2018;12.011
Total Nacional;Cataluña;Tarragona;;Renta neta media por hogar;2022;34.872
Total Nacional;Cataluña;Tarragona;;Renta neta media por hogar;2021;33.304
Total Nacional;Cataluña;Tarragona;;Renta neta media por hogar;2020;31.975
Total Nacional;Cataluña;Tarragona;;Renta neta media por hogar;2019;32.054
Total Nacional;Cataluña;Tarragona;;Renta neta media por hogar;2018;30.952
Total Nacional;Cataluña;Tarragona;;Media de la renta por unidad de consumo;2022;20.488
Total Nacional;Cataluña;Tarragona;;Media de la renta por unidad de consumo;2021;19.623
Total Nacional;Cataluña;Tarragona;;Media de la renta por unidad de consumo;2020;18.723
Total Nacional;Cataluña;Tarragona;;Media de la renta por unidad de consumo;2019;18.741
Total Nacional;Cataluña;Tarragona;;Media de la renta por unidad de consumo;2018;18.121
Total Nacional;Cataluña;Tarragona;;Mediana de la renta por unidad de consumo;2022;17.850
Total Nacional;Cataluña;Tarragona;;Mediana de la renta por unidad de consumo;2021;17.150
Total Nacional;Cataluña;Tarragona;;Mediana de la renta por unidad de consumo;2020;16.450
Total Nacional;Cataluña;Tarragona;;Mediana de la renta por unidad de consumo;2019;16.450
Total Nacional;Cataluña;Tarragona;;Mediana de la renta por unidad de consumo;2018;15.750
Total Nacional;Cataluña;Tarragona;;Renta bruta media por persona;2022;16.682
Total Nacional;Cataluña;Tarragona;;Renta bruta media por persona;2021;15.865
Total Nacional;Cataluña;Tarragona;;Renta bruta media por persona;2020;15.002
Total Nacional;Cataluña;Tarragona;;Renta bruta media por persona;2019;14.932
Total Nacional;Cataluña;Tarragona;;Renta bruta media por persona;2018;14.418
Total Nacional;Cataluña;Tarragona;;Renta bruta media por hogar;2022;42.546
Total Nacional;Cataluña;Tarragona;;Renta bruta media por hogar;2021;40.378
Total Nacional;Cataluña;Tarragona;;Renta bruta media por hogar;2020;38.403
Total Nacional;Cataluña;Tarragona;;Renta bruta media por hogar;2019;38.502
Total Nacional;Cataluña;Tarragona;;Renta bruta media por hogar;2018;37.155
Total Nacional;Comunitat Valenciana;Alicante/Alacant;;Renta neta media por persona;2022;11.378
Total Nacional;Comunitat Valenciana;Alicante/Alacant;;Renta neta media por persona;2021;10.770
Total Nacional;Comunitat Valenciana;Alicante/Alacant;;Renta neta media por persona;2020;10.236
Total Nacional;Comunitat Valenciana;Alicante/Alacant;;Renta neta media por persona;2019;10.177
Total Nacional;Comunitat Valenciana;Alicante/Alacant;;Renta neta media por persona;2018;9.736
Total Nacional;Comunitat Valenciana;Alicante/Alacant;;Renta neta media por hogar;2022;28.965
Total Nacional;Comunitat Valenciana;Alicante/Alacant;;Renta neta media por hogar;2021;27.380
Total Nacional;Comunitat Valenciana;Alicante/Alacant;;Renta neta media por hogar;2020;26.274
Total Nacional;Comunitat Valenciana;Alicante/Alacant;;Renta neta media por hogar;2019;26.293
Total Nacional;Comunitat Valenciana;Alicante/Alacant;;Renta neta media por hogar;2018;25.161
Total Nacional;Comunitat Valenciana;Alicante/Alacant;;Media de la renta por unidad de consumo;2022;17.303
Total Nacional;Comunitat Valenciana;Alicante/Alacant;;Media de la renta por unidad de consumo;2021;16.321
Total Nacional;Comunitat Valenciana;Alicante/Alacant;;Media de la renta por unidad de consumo;2020;15.545
Total Nacional;Comunitat Valenciana;Alicante/Alacant;;Media de la renta por unidad de consumo;2019;15.491
Total Nacional;Comunitat Valenciana;Alicante/Alacant;;Media de la renta por unidad de consumo;2018;14.835
Total Nacional;Comunitat Valenciana;Alicante/Alacant;;Mediana de la renta por unidad de consumo;2022;15.050
Total Nacional;Comunitat Valenciana;Alicante/Alacant;;Mediana de la renta por unidad de consumo;2021;14.350
Total Nacional;Comunitat Valenciana;Alicante/Alacant;;Mediana de la renta por unidad de consumo;2020;13.650
Total Nacional;Comunitat Valenciana;Alicante/Alacant;;Mediana de la renta por unidad de consumo;2019;13.650
Total Nacional;Comunitat Valenciana;Alicante/Alacant;;Mediana de la renta por unidad de consumo;2018;12.950
Total Nacional;Comunitat Valenciana;Alicante/Alacant;;Renta bruta media por persona;2022;13.649
Total Nacional;Comunitat Valenciana;Alicante/Alacant;;Renta bruta media por persona;2021;12.813
Total Nacional;Comunitat Valenciana;Alicante/Alacant;;Renta bruta media por persona;2020;12.070
Total Nacional;Comunitat Valenciana;Alicante/Alacant;;Renta bruta media por persona;2019;12.019
Total Nacional;Comunitat Valenciana;Alicante/Alacant;;Renta bruta media por persona;2018;11.496
Total Nacional;Comunitat Valenciana;Alicante/Alacant;;Renta bruta media por hogar;2022;34.746
Total Nacional;Comunitat Valenciana;Alicante/Alacant;;Renta bruta media por hogar;2021;32.573
Total Nacional;Comunitat Valenciana;Alicante/Alacant;;Renta bruta media por hogar;2020;30.983
Total Nacional;Comunitat Valenciana;Alicante/Alacant;;Renta bruta media por hogar;2019;31.051
Total Nacional;Comunitat Valenciana;Alicante/Alacant;;Renta bruta media por hogar;2018;29.710
Total Nacional;Comunitat Valenciana;Castellón/Castelló;;Renta neta media por persona;2022;13.305
Total Nacional;Comunitat Valenciana;Castellón/Castelló;;Renta neta media por persona;2021;12.680
Total Nacional;Comunitat Valenciana;Castellón/Castelló;;Renta neta media por persona;2020;12.079
Total Nacional;Comunitat Valenciana;Castellón/Castelló;;Renta neta media por persona;2019;11.987
Total Nacional;Comunitat Valenciana;Castellón/Castelló;;Renta neta media por persona;2018;11.461
Total Nacional;Comunitat Valenciana;Castellón/Castelló;;Renta neta media por hogar;2022;32.694
Total Nacional;Comunitat Valenciana;Castellón/Castelló;;Renta neta media por hogar;2021;31.163
Total Nacional;Comunitat Valenciana;Castellón/Castelló;;Renta neta media por hogar;2020;29.875
Total Nacional;Comunitat Valenciana;Castellón/Castelló;;Renta neta media por hogar;2019;29.847
Total Nacional;Comunitat Valenciana;Castellón/Castelló;;Renta neta media por hogar;2018;28.557
Total Nacional;Comunitat Valenciana;Castellón/Castelló;;Media de la renta por unidad de consumo;2022;19.756
Total Nacional;Comunitat Valenciana;Castellón/Castelló;;Media de la renta por unidad de consumo;2021;18.833
Total Nacional;Comunitat Valenciana;Castellón/Castelló;;Media de la renta por unidad de consumo;2020;17.995
Total Nacional;Comunitat Valenciana;Castellón/Castelló;;Media de la renta por unidad de consumo;2019;17.877
Total Nacional;Comunitat Valenciana;Castellón/Castelló;;Media de la renta por unidad de consumo;2018;17.144
Total Nacional;Comunitat Valenciana;Castellón/Castelló;;Mediana de la renta por unidad de consumo;2022;17.850
Total Nacional;Comunitat Valenciana;Castellón/Castelló;;Mediana de la renta por unidad de consumo;2021;16.450
Total Nacional;Comunitat Valenciana;Castellón/Castelló;;Mediana de la renta por unidad de consumo;2020;15.750
Total Nacional;Comunitat Valenciana;Castellón/Castelló;;Mediana de la renta por unidad de consumo;2019;15.750
Total Nacional;Comunitat Valenciana;Castellón/Castelló;;Mediana de la renta por unidad de consumo;2018;15.050
Total Nacional;Comunitat Valenciana;Castellón/Castelló;;Renta bruta media por persona;2022;16.198
Total Nacional;Comunitat Valenciana;Castellón/Castelló;;Renta bruta media por persona;2021;15.345
Total Nacional;Comunitat Valenciana;Castellón/Castelló;;Renta bruta media por persona;2020;14.499
Total Nacional;Comunitat Valenciana;Castellón/Castelló;;Renta bruta media por persona;2019;14.345
Total Nacional;Comunitat Valenciana;Castellón/Castelló;;Renta bruta media por persona;2018;13.728
Total Nacional;Comunitat Valenciana;Castellón/Castelló;;Renta bruta media por hogar;2022;39.803
Total Nacional;Comunitat Valenciana;Castellón/Castelló;;Renta bruta media por hogar;2021;37.713
Total Nacional;Comunitat Valenciana;Castellón/Castelló;;Renta bruta media por hogar;2020;35.862
Total Nacional;Comunitat Valenciana;Castellón/Castelló;;Renta bruta media por hogar;2019;35.716
Total Nacional;Comunitat Valenciana;Castellón/Castelló;;Renta bruta media por hogar;2018;34.205
Total Nacional;Comunitat Valenciana;Valencia/València;;Renta neta media por persona;2022;13.548
Total Nacional;Comunitat Valenciana;Valencia/València;;Renta neta media por persona;2021;12.823
Total Nacional;Comunitat Valenciana;Valencia/València;;Renta neta media por persona;2020;12.333
Total Nacional;Comunitat Valenciana;Valencia/València;;Renta neta media por persona;2019;12.145
Total Nacional;Comunitat Valenciana;Valencia/València;;Renta neta media por persona;2018;11.634
Total Nacional;Comunitat Valenciana;Valencia/València;;Renta neta media por hogar;2022;34.198
Total Nacional;Comunitat Valenciana;Valencia/València;;Renta neta media por hogar;2021;32.317
Total Nacional;Comunitat Valenciana;Valencia/València;;Renta neta media por hogar;2020;31.208
Total Nacional;Comunitat Valenciana;Valencia/València;;Renta neta media por hogar;2019;31.017
Total Nacional;Comunitat Valenciana;Valencia/València;;Renta neta media por hogar;2018;29.710
Total Nacional;Comunitat Valenciana;Valencia/València;;Media de la renta por unidad de consumo;2022;20.300
Total Nacional;Comunitat Valenciana;Valencia/València;;Media de la renta por unidad de consumo;2021;19.224
Total Nacional;Comunitat Valenciana;Valencia/València;;Media de la renta por unidad de consumo;2020;18.478
Total Nacional;Comunitat Valenciana;Valencia/València;;Media de la renta por unidad de consumo;2019;18.275
Total Nacional;Comunitat Valenciana;Valencia/València;;Media de la renta por unidad de consumo;2018;17.524
Total Nacional;Comunitat Valenciana;Valencia/València;;Mediana de la renta por unidad de consumo;2022;17.850
Total Nacional;Comunitat Valenciana;Valencia/València;;Mediana de la renta por unidad de consumo;2021;16.450
Total Nacional;Comunitat Valenciana;Valencia/València;;Mediana de la renta por unidad de consumo;2020;15.750
Total Nacional;Comunitat Valenciana;Valencia/València;;Mediana de la renta por unidad de consumo;2019;15.750
Total Nacional;Comunitat Valenciana;Valencia/València;;Mediana de la renta por unidad de consumo;2018;15.050
Total Nacional;Comunitat Valenciana;Valencia/València;;Renta bruta media por persona;2022;16.563
Total Nacional;Comunitat Valenciana;Valencia/València;;Renta bruta media por persona;2021;15.595
Total Nacional;Comunitat Valenciana;Valencia/València;;Renta bruta media por persona;2020;14.848
Total Nacional;Comunitat Valenciana;Valencia/València;;Renta bruta media por persona;2019;14.631
Total Nacional;Comunitat Valenciana;Valencia/València;;Renta bruta media por persona;2018;13.993
Total Nacional;Comunitat Valenciana;Valencia/València;;Renta bruta media por hogar;2022;41.810
Total Nacional;Comunitat Valenciana;Valencia/València;;Renta bruta media por hogar;2021;39.302
Total Nacional;Comunitat Valenciana;Valencia/València;;Renta bruta media por hogar;2020;37.573
Total Nacional;Comunitat Valenciana;Valencia/València;;Renta bruta media por hogar;2019;37.365
Total Nacional;Comunitat Valenciana;Valencia/València;;Renta bruta media por hogar;2018;35.733
Total Nacional;Extremadura;Badajoz;;Renta neta media por persona;2022;11.158
Total Nacional;Extremadura;Badajoz;;Renta neta media por persona;2021;10.549
Total Nacional;Extremadura;Badajoz;;Renta neta media por persona;2020;10.001
Total Nacional;Extremadura;Badajoz;;Renta neta media por persona;2019;9.895
Total Nacional;Extremadura;Badajoz;;Renta neta media por persona;2018;9.417
Total Nacional;Extremadura;Badajoz;;Renta neta media por hogar;2022;27.243
Total Nacional;Extremadura;Badajoz;;Renta neta media por hogar;2021;26.050
Total Nacional;Extremadura;Badajoz;;Renta neta media por hogar;2020;24.905
Total Nacional;Extremadura;Badajoz;;Renta neta media por hogar;2019;24.819
Total Nacional;Extremadura;Badajoz;;Renta neta media por hogar;2018;23.780
Total Nacional;Extremadura;Badajoz;;Media de la renta por unidad de consumo;2022;16.529
Total Nacional;Extremadura;Badajoz;;Media de la renta por unidad de consumo;2021;15.689
Total Nacional;Extremadura;Badajoz;;Media de la renta por unidad de consumo;2020;14.905
Total Nacional;Extremadura;Badajoz;;Media de la renta por unidad de consumo;2019;14.781
Total Nacional;Extremadura;Badajoz;;Media de la renta por unidad de consumo;2018;14.104
Total Nacional;Extremadura;Badajoz;;Mediana de la renta por unidad de consumo;2022;14.350
Total Nacional;Extremadura;Badajoz;;Mediana de la renta por unidad de consumo;2021;13.650
Total Nacional;Extremadura;Badajoz;;Mediana de la renta por unidad de consumo;2020;12.950
Total Nacional;Extremadura;Badajoz;;Mediana de la renta por unidad de consumo;2019;12.950
Total Nacional;Extremadura;Badajoz;;Mediana de la renta por unidad de consumo;2018;12.250
Total Nacional;Extremadura;Badajoz;;Renta bruta media por persona;2022;13.084
Total Nacional;Extremadura;Badajoz;;Renta bruta media por persona;2021;12.280
Total Nacional;Extremadura;Badajoz;;Renta bruta media por persona;2020;11.573
Total Nacional;Extremadura;Badajoz;;Renta bruta media por persona;2019;11.430
Total Nacional;Extremadura;Badajoz;;Renta bruta media por persona;2018;10.857
Total Nacional;Extremadura;Badajoz;;Renta bruta media por hogar;2022;31.945
Total Nacional;Extremadura;Badajoz;;Renta bruta media por hogar;2021;30.326
Total Nacional;Extremadura;Badajoz;;Renta bruta media por hogar;2020;28.819
Total Nacional;Extremadura;Badajoz;;Renta bruta media por hogar;2019;28.670
Total Nacional;Extremadura;Badajoz;;Renta bruta media por hogar;2018;27.417
Total Nacional;Extremadura;Cáceres;;Renta neta media por persona;2022;11.786
Total Nacional;Extremadura;Cáceres;;Renta neta media por persona;2021;11.238
Total Nacional;Extremadura;Cáceres;;Renta neta media por persona;2020;10.660
Total Nacional;Extremadura;Cáceres;;Renta neta media por persona;2019;10.537
Total Nacional;Extremadura;Cáceres;;Renta neta media por persona;2018;10.009
Total Nacional;Extremadura;Cáceres;;Renta neta media por hogar;2022;26.529
Total Nacional;Extremadura;Cáceres;;Renta neta media por hogar;2021;25.497
Total Nacional;Extremadura;Cáceres;;Renta neta media por hogar;2020;24.373
Total Nacional;Extremadura;Cáceres;;Renta neta media por hogar;2019;24.262
Total Nacional;Extremadura;Cáceres;;Renta neta media por hogar;2018;23.205
Total Nacional;Extremadura;Cáceres;;Media de la renta por unidad de consumo;2022;17.032
Total Nacional;Extremadura;Cáceres;;Media de la renta por unidad de consumo;2021;16.265
Total Nacional;Extremadura;Cáceres;;Media de la renta por unidad de consumo;2020;15.448
Total Nacional;Extremadura;Cáceres;;Media de la renta por unidad de consumo;2019;15.308
Total Nacional;Extremadura;Cáceres;;Media de la renta por unidad de consumo;2018;14.590
Total Nacional;Extremadura;Cáceres;;Mediana de la renta por unidad de consumo;2022;15.050
Total Nacional;Extremadura;Cáceres;;Mediana de la renta por unidad de consumo;2021;14.350
Total Nacional;Extremadura;Cáceres;;Mediana de la renta por unidad de consumo;2020;13.650
Total Nacional;Extremadura;Cáceres;;Mediana de la renta por unidad de consumo;2019;13.650
Total Nacional;Extremadura;Cáceres;;Mediana de la renta por unidad de consumo;2018;12.250
Total Nacional;Extremadura;Cáceres;;Renta bruta media por persona;2022;13.816
Total Nacional;Extremadura;Cáceres;;Renta bruta media por persona;2021;13.076
Total Nacional;Extremadura;Cáceres;;Renta bruta media por persona;2020;12.323
Total Nacional;Extremadura;Cáceres;;Renta bruta media por persona;2019;12.157
Total Nacional;Extremadura;Cáceres;;Renta bruta media por persona;2018;11.526
Total Nacional;Extremadura;Cáceres;;Renta bruta media por hogar;2022;31.097
Total Nacional;Extremadura;Cáceres;;Renta bruta media por hogar;2021;29.666
Total Nacional;Extremadura;Cáceres;;Renta bruta media por hogar;2020;28.177
Total Nacional;Extremadura;Cáceres;;Renta bruta media por hogar;2019;27.993
Total Nacional;Extremadura;Cáceres;;Renta bruta media por hogar;2018;26.721
Total Nacional;Galicia;Coruña, A;;Renta neta media por persona;2022;14.294
Total Nacional;Galicia;Coruña, A;;Renta neta media por persona;2021;13.319
Total Nacional;Galicia;Coruña, A;;Renta neta media por persona;2020;12.841
Total Nacional;Galicia;Coruña, A;;Renta neta media por persona;2019;12.764
Total Nacional;Galicia;Coruña, A;;Renta neta media por persona;2018;12.207
Total Nacional;Galicia;Coruña, A;;Renta neta media por hogar;2022;34.683
Total Nacional;Galicia;Coruña, A;;Renta neta media por hogar;2021;32.643
Total Nacional;Galicia;Coruña, A;;Renta neta media por hogar;2020;31.710
Total Nacional;Galicia;Coruña, A;;Renta neta media por hogar;2019;31.785
Total Nacional;Galicia;Coruña, A;;Renta neta media por hogar;2018;30.546
Total Nacional;Galicia;Coruña, A;;Media de la renta por unidad de consumo;2022;21.132
Total Nacional;Galicia;Coruña, A;;Media de la renta por unidad de consumo;2021;19.759
Total Nacional;Galicia;Coruña, A;;Media de la renta por unidad de consumo;2020;19.080
Total Nacional;Galicia;Coruña, A;;Media de la renta por unidad de consumo;2019;19.047
Total Nacional;Galicia;Coruña, A;;Media de la renta por unidad de consumo;2018;18.244
Total Nacional;Galicia;Coruña, A;;Mediana de la renta por unidad de consumo;2022;18.550
Total Nacional;Galicia;Coruña, A;;Mediana de la renta por unidad de consumo;2021;17.150
Total Nacional;Galicia;Coruña, A;;Mediana de la renta por unidad de consumo;2020;16.450
Total Nacional;Galicia;Coruña, A;;Mediana de la renta por unidad de consumo;2019;16.450
Total Nacional;Galicia;Coruña, A;;Mediana de la renta por unidad de consumo;2018;15.750
Total Nacional;Galicia;Coruña, A;;Renta bruta media por persona;2022;17.349
Total Nacional;Galicia;Coruña, A;;Renta bruta media por persona;2021;16.081
Total Nacional;Galicia;Coruña, A;;Renta bruta media por persona;2020;15.381
Total Nacional;Galicia;Coruña, A;;Renta bruta media por persona;2019;15.310
Total Nacional;Galicia;Coruña, A;;Renta bruta media por persona;2018;14.635
Total Nacional;Galicia;Coruña, A;;Renta bruta media por hogar;2022;42.096
Total Nacional;Galicia;Coruña, A;;Renta bruta media por hogar;2021;39.410
Total Nacional;Galicia;Coruña, A;;Renta bruta media por hogar;2020;37.980
Total Nacional;Galicia;Coruña, A;;Renta bruta media por hogar;2019;38.125
Total Nacional;Galicia;Coruña, A;;Renta bruta media por hogar;2018;36.620
Total Nacional;Galicia;Lugo;;Renta neta media por persona;2022;13.362
Total Nacional;Galicia;Lugo;;Renta neta media por persona;2021;12.560
Total Nacional;Galicia;Lugo;;Renta neta media por persona;2020;12.021
Total Nacional;Galicia;Lugo;;Renta neta media por persona;2019;11.856
Total Nacional;Galicia;Lugo;;Renta neta media por persona;2018;11.335
Total Nacional;Galicia;Lugo;;Renta neta media por hogar;2022;30.709
Total Nacional;Galicia;Lugo;;Renta neta media por hogar;2021;29.158
Total Nacional;Galicia;Lugo;;Renta neta media por hogar;2020;28.176
Total Nacional;Galicia;Lugo;;Renta neta media por hogar;2019;28.067
Total Nacional;Galicia;Lugo;;Renta neta media por hogar;2018;26.977
Total Nacional;Galicia;Lugo;;Media de la renta por unidad de consumo;2022;19.376
Total Nacional;Galicia;Lugo;;Media de la renta por unidad de consumo;2021;18.257
Total Nacional;Galicia;Lugo;;Media de la renta por unidad de consumo;2020;17.544
Total Nacional;Galicia;Lugo;;Media de la renta por unidad de consumo;2019;17.358
Total Nacional;Galicia;Lugo;;Media de la renta por unidad de consumo;2018;16.614
Total Nacional;Galicia;Lugo;;Mediana de la renta por unidad de consumo;2022;17.150
Total Nacional;Galicia;Lugo;;Mediana de la renta por unidad de consumo;2021;16.450
Total Nacional;Galicia;Lugo;;Mediana de la renta por unidad de consumo;2020;15.750
Total Nacional;Galicia;Lugo;;Mediana de la renta por unidad de consumo;2019;15.750
Total Nacional;Galicia;Lugo;;Mediana de la renta por unidad de consumo;2018;15.050
Total Nacional;Galicia;Lugo;;Renta bruta media por persona;2022;15.767
Total Nacional;Galicia;Lugo;;Renta bruta media por persona;2021;14.738
Total Nacional;Galicia;Lugo;;Renta bruta media por persona;2020;14.028
Total Nacional;Galicia;Lugo;;Renta bruta media por persona;2019;13.784
Total Nacional;Galicia;Lugo;;Renta bruta media por persona;2018;13.152
Total Nacional;Galicia;Lugo;;Renta bruta media por hogar;2022;36.237
Total Nacional;Galicia;Lugo;;Renta bruta media por hogar;2021;34.212
Total Nacional;Galicia;Lugo;;Renta bruta media por hogar;2020;32.881
Total Nacional;Galicia;Lugo;;Renta bruta media por hogar;2019;32.630
Total Nacional;Galicia;Lugo;;Renta bruta media por hogar;2018;31.300
Total Nacional;Galicia;Ourense;;Renta neta media por persona;2022;13.043
Total Nacional;Galicia;Ourense;;Renta neta media por persona;2021;12.365
Total Nacional;Galicia;Ourense;;Renta neta media por persona;2020;11.937
Total Nacional;Galicia;Ourense;;Renta neta media por persona;2019;11.729
Total Nacional;Galicia;Ourense;;Renta neta media por persona;2018;11.230
Total Nacional;Galicia;Ourense;;Renta neta media por hogar;2022;29.073
Total Nacional;Galicia;Ourense;;Renta neta media por hogar;2021;27.727
Total Nacional;Galicia;Ourense;;Renta neta media por hogar;2020;26.979
Total Nacional;Galicia;Ourense;;Renta neta media por hogar;2019;26.720
Total Nacional;Galicia;Ourense;;Renta neta media por hogar;2018;25.642
Total Nacional;Galicia;Ourense;;Media de la renta por unidad de consumo;2022;18.791
Total Nacional;Galicia;Ourense;;Media de la renta por unidad de consumo;2021;17.848
Total Nacional;Galicia;Ourense;;Media de la renta por unidad de consumo;2020;17.239
Total Nacional;Galicia;Ourense;;Media de la renta por unidad de consumo;2019;17.023
Total Nacional;Galicia;Ourense;;Media de la renta por unidad de consumo;2018;16.309
Total Nacional;Galicia;Ourense;;Mediana de la renta por unidad de consumo;2022;16.450
Total Nacional;Galicia;Ourense;;Mediana de la renta por unidad de consumo;2021;15.750
Total Nacional;Galicia;Ourense;;Mediana de la renta por unidad de consumo;2020;15.750
Total Nacional;Galicia;Ourense;;Mediana de la renta por unidad de consumo;2019;15.050
Total Nacional;Galicia;Ourense;;Mediana de la renta por unidad de consumo;2018;14.350
Total Nacional;Galicia;Ourense;;Renta bruta media por persona;2022;15.317
Total Nacional;Galicia;Ourense;;Renta bruta media por persona;2021;14.465
Total Nacional;Galicia;Ourense;;Renta bruta media por persona;2020;13.851
Total Nacional;Galicia;Ourense;;Renta bruta media por persona;2019;13.617
Total Nacional;Galicia;Ourense;;Renta bruta media por persona;2018;12.993
Total Nacional;Galicia;Ourense;;Renta bruta media por hogar;2022;34.140
Total Nacional;Galicia;Ourense;;Renta bruta media por hogar;2021;32.436
Total Nacional;Galicia;Ourense;;Renta bruta media por hogar;2020;31.304
Total Nacional;Galicia;Ourense;;Renta bruta media por hogar;2019;31.022
Total Nacional;Galicia;Ourense;;Renta bruta media por hogar;2018;29.666
Total Nacional;Galicia;Pontevedra;;Renta neta media por persona;2022;13.170
Total Nacional;Galicia;Pontevedra;;Renta neta media por persona;2021;12.425
Total Nacional;Galicia;Pontevedra;;Renta neta media por persona;2020;11.881
Total Nacional;Galicia;Pontevedra;;Renta neta media por persona;2019;11.726
Total Nacional;Galicia;Pontevedra;;Renta neta media por persona;2018;11.220
Total Nacional;Galicia;Pontevedra;;Renta neta media por hogar;2022;33.230
Total Nacional;Galicia;Pontevedra;;Renta neta media por hogar;2021;31.541
Total Nacional;Galicia;Pontevedra;;Renta neta media por hogar;2020;30.475
Total Nacional;Galicia;Pontevedra;;Renta neta media por hogar;2019;30.315
Total Nacional;Galicia;Pontevedra;;Renta neta media por hogar;2018;29.129
Total Nacional;Galicia;Pontevedra;;Media de la renta por unidad de consumo;2022;19.705
Total Nacional;Galicia;Pontevedra;;Media de la renta por unidad de consumo;2021;18.632
Total Nacional;Galicia;Pontevedra;;Media de la renta por unidad de consumo;2020;17.872
Total Nacional;Galicia;Pontevedra;;Media de la renta por unidad de consumo;2019;17.756
Total Nacional;Galicia;Pontevedra;;Media de la renta por unidad de consumo;2018;16.965
Total Nacional;Galicia;Pontevedra;;Mediana de la renta por unidad de consumo;2022;17.850
Total Nacional;Galicia;Pontevedra;;Mediana de la renta por unidad de consumo;2021;16.450
Total Nacional;Galicia;Pontevedra;;Mediana de la renta por unidad de consumo;2020;15.750
Total Nacional;Galicia;Pontevedra;;Mediana de la renta por unidad de consumo;2019;15.750
Total Nacional;Galicia;Pontevedra;;Mediana de la renta por unidad de consumo;2018;15.050
Total Nacional;Galicia;Pontevedra;;Renta bruta media por persona;2022;15.731
Total Nacional;Galicia;Pontevedra;;Renta bruta media por persona;2021;14.779
Total Nacional;Galicia;Pontevedra;;Renta bruta media por persona;2020;14.039
Total Nacional;Galicia;Pontevedra;;Renta bruta media por persona;2019;13.891
Total Nacional;Galicia;Pontevedra;;Renta bruta media por persona;2018;13.224
Total Nacional;Galicia;Pontevedra;;Renta bruta media por hogar;2022;39.690
Total Nacional;Galicia;Pontevedra;;Renta bruta media por hogar;2021;37.517
Total Nacional;Galicia;Pontevedra;;Renta bruta media por hogar;2020;36.011
Total Nacional;Galicia;Pontevedra;;Renta bruta media por hogar;2019;35.910
Total Nacional;Galicia;Pontevedra;;Renta bruta media por hogar;2018;34.332
Total Nacional;Madrid, Comunidad de;Madrid;;Renta neta media por persona;2022;17.131
Total Nacional;Madrid, Comunidad de;Madrid;;Renta neta media por persona;2021;16.146
Total Nacional;Madrid, Comunidad de;Madrid;;Renta neta media por persona;2020;15.579
Total Nacional;Madrid, Comunidad de;Madrid;;Renta neta media por persona;2019;15.520
Total Nacional;Madrid, Comunidad de;Madrid;;Renta neta media por persona;2018;15.153
Total Nacional;Madrid, Comunidad de;Madrid;;Renta neta media por hogar;2022;45.726
Total Nacional;Madrid, Comunidad de;Madrid;;Renta neta media por hogar;2021;43.037
Total Nacional;Madrid, Comunidad de;Madrid;;Renta neta media por hogar;2020;41.830
Total Nacional;Madrid, Comunidad de;Madrid;;Renta neta media por hogar;2019;42.058
Total Nacional;Madrid, Comunidad de;Madrid;;Renta neta media por hogar;2018;40.929
Total Nacional;Madrid, Comunidad de;Madrid;;Media de la renta por unidad de consumo;2022;26.141
Total Nacional;Madrid, Comunidad de;Madrid;;Media de la renta por unidad de consumo;2021;24.666
Total Nacional;Madrid, Comunidad de;Madrid;;Media de la renta por unidad de consumo;2020;23.794
Total Nacional;Madrid, Comunidad de;Madrid;;Media de la renta por unidad de consumo;2019;23.820
Total Nacional;Madrid, Comunidad de;Madrid;;Media de la renta por unidad de consumo;2018;23.279
Total Nacional;Madrid, Comunidad de;Madrid;;Mediana de la renta por unidad de consumo;2022;21.350
Total Nacional;Madrid, Comunidad de;Madrid;;Mediana de la renta por unidad de consumo;2021;19.950
Total Nacional;Madrid, Comunidad de;Madrid;;Mediana de la renta por unidad de consumo;2020;19.250
Total Nacional;Madrid, Comunidad de;Madrid;;Mediana de la renta por unidad de consumo;2019;19.250
Total Nacional;Madrid, Comunidad de;Madrid;;Mediana de la renta por unidad de consumo;2018;18.550
Total Nacional;Madrid, Comunidad de;Madrid;;Renta bruta media por persona;2022;21.775
Total Nacional;Madrid, Comunidad de;Madrid;;Renta bruta media por persona;2021;20.471
Total Nacional;Madrid, Comunidad de;Madrid;;Renta bruta media por persona;2020;19.550
Total Nacional;Madrid, Comunidad de;Madrid;;Renta bruta media por persona;2019;19.481
Total Nacional;Madrid, Comunidad de;Madrid;;Renta bruta media por persona;2018;19.042
Total Nacional;Madrid, Comunidad de;Madrid;;Renta bruta media por hogar;2022;58.120
Total Nacional;Madrid, Comunidad de;Madrid;;Renta bruta media por hogar;2021;54.564
Total Nacional;Madrid, Comunidad de;Madrid;;Renta bruta media por hogar;2020;52.493
Total Nacional;Madrid, Comunidad de;Madrid;;Renta bruta media por hogar;2019;52.794
Total Nacional;Madrid, Comunidad de;Madrid;;Renta bruta media por hogar;2018;51.437
Total Nacional;Murcia, Región de;Murcia;;Renta neta media por persona;2022;11.599
Total Nacional;Murcia, Región de;Murcia;;Renta neta media por persona;2021;11.023
Total Nacional;Murcia, Región de;Murcia;;Renta neta media por persona;2020;10.574
Total Nacional;Murcia, Región de;Murcia;;Renta neta media por persona;2019;10.422
Total Nacional;Murcia, Región de;Murcia;;Renta neta media por persona;2018;9.948
Total Nacional;Murcia, Región de;Murcia;;Renta neta media por hogar;2022;32.743
Total Nacional;Murcia, Región de;Murcia;;Renta neta media por hogar;2021;31.262
Total Nacional;Murcia, Región de;Murcia;;Renta neta media por hogar;2020;30.171
Total Nacional;Murcia, Región de;Murcia;;Renta neta media por hogar;2019;29.932
Total Nacional;Murcia, Región de;Murcia;;Renta neta media por hogar;2018;28.531
Total Nacional;Murcia, Región de;Murcia;;Media de la renta por unidad de consumo;2022;17.876
Total Nacional;Murcia, Región de;Murcia;;Media de la renta por unidad de consumo;2021;17.041
Total Nacional;Murcia, Región de;Murcia;;Media de la renta por unidad de consumo;2020;16.391
Total Nacional;Murcia, Región de;Murcia;;Media de la renta por unidad de consumo;2019;16.163
Total Nacional;Murcia, Región de;Murcia;;Media de la renta por unidad de consumo;2018;15.444
Total Nacional;Murcia, Región de;Murcia;;Mediana de la renta por unidad de consumo;2022;15.750
Total Nacional;Murcia, Región de;Murcia;;Mediana de la renta por unidad de consumo;2021;15.050
Total Nacional;Murcia, Región de;Murcia;;Mediana de la renta por unidad de consumo;2020;14.350
Total Nacional;Murcia, Región de;Murcia;;Mediana de la renta por unidad de consumo;2019;13.650
Total Nacional;Murcia, Región de;Murcia;;Mediana de la renta por unidad de consumo;2018;13.650
Total Nacional;Murcia, Región de;Murcia;;Renta bruta media por persona;2022;13.832
Total Nacional;Murcia, Región de;Murcia;;Renta bruta media por persona;2021;13.095
Total Nacional;Murcia, Región de;Murcia;;Renta bruta media por persona;2020;12.522
Total Nacional;Murcia, Región de;Murcia;;Renta bruta media por persona;2019;12.300
Total Nacional;Murcia, Región de;Murcia;;Renta bruta media por persona;2018;11.718
Total Nacional;Murcia, Región de;Murcia;;Renta bruta media por hogar;2022;39.044
Total Nacional;Murcia, Región de;Murcia;;Renta bruta media por hogar;2021;37.138
Total Nacional;Murcia, Región de;Murcia;;Renta bruta media por hogar;2020;35.729
Total Nacional;Murcia, Región de;Murcia;;Renta bruta media por hogar;2019;35.327
Total Nacional;Murcia, Región de;Murcia;;Renta bruta media por hogar;2018;33.607
Total Nacional;Navarra, Comunidad Foral de;Navarra;;Renta neta media por persona;2022;15.681
Total Nacional;Navarra, Comunidad Foral de;Navarra;;Renta neta media por persona;2021;14.718
Total Nacional;Navarra, Comunidad Foral de;Navarra;;Renta neta media por persona;2020;""
Total Nacional;Navarra, Comunidad Foral de;Navarra;;Renta neta media por persona;2019;""
Total Nacional;Navarra, Comunidad Foral de;Navarra;;Renta neta media por persona;2018;""
Total Nacional;Navarra, Comunidad Foral de;Navarra;;Renta neta media por hogar;2022;40.760
Total Nacional;Navarra, Comunidad Foral de;Navarra;;Renta neta media por hogar;2021;38.267
Total Nacional;Navarra, Comunidad Foral de;Navarra;;Renta neta media por hogar;2020;""
Total Nacional;Navarra, Comunidad Foral de;Navarra;;Renta neta media por hogar;2019;""
Total Nacional;Navarra, Comunidad Foral de;Navarra;;Renta neta media por hogar;2018;""
Total Nacional;Navarra, Comunidad Foral de;Navarra;;Media de la renta por unidad de consumo;2022;23.363
Total Nacional;Navarra, Comunidad Foral de;Navarra;;Media de la renta por unidad de consumo;2021;21.981
Total Nacional;Navarra, Comunidad Foral de;Navarra;;Media de la renta por unidad de consumo;2020;""
Total Nacional;Navarra, Comunidad Foral de;Navarra;;Media de la renta por unidad de consumo;2019;""
Total Nacional;Navarra, Comunidad Foral de;Navarra;;Media de la renta por unidad de consumo;2018;""
Total Nacional;Navarra, Comunidad Foral de;Navarra;;Mediana de la renta por unidad de consumo;2022;21.405
Total Nacional;Navarra, Comunidad Foral de;Navarra;;Mediana de la renta por unidad de consumo;2021;20.100
Total Nacional;Navarra, Comunidad Foral de;Navarra;;Mediana de la renta por unidad de consumo;2020;""
Total Nacional;Navarra, Comunidad Foral de;Navarra;;Mediana de la renta por unidad de consumo;2019;""
Total Nacional;Navarra, Comunidad Foral de;Navarra;;Mediana de la renta por unidad de consumo;2018;""
Total Nacional;Navarra, Comunidad Foral de;Navarra;;Renta bruta media por persona;2022;19.356
Total Nacional;Navarra, Comunidad Foral de;Navarra;;Renta bruta media por persona;2021;18.245
Total Nacional;Navarra, Comunidad Foral de;Navarra;;Renta bruta media por persona;2020;""
Total Nacional;Navarra, Comunidad Foral de;Navarra;;Renta bruta media por persona;2019;""
Total Nacional;Navarra, Comunidad Foral de;Navarra;;Renta bruta media por persona;2018;""
Total Nacional;Navarra, Comunidad Foral de;Navarra;;Renta bruta media por hogar;2022;50.311
Total Nacional;Navarra, Comunidad Foral de;Navarra;;Renta bruta media por hogar;2021;47.436
Total Nacional;Navarra, Comunidad Foral de;Navarra;;Renta bruta media por hogar;2020;""
Total Nacional;Navarra, Comunidad Foral de;Navarra;;Renta bruta media por hogar;2019;""
Total Nacional;Navarra, Comunidad Foral de;Navarra;;Renta bruta media por hogar;2018;""
Total Nacional;País Vasco;Araba/Álava;;Renta neta media por persona;2022;16.403
Total Nacional;País Vasco;Araba/Álava;;Renta neta media por persona;2021;15.539
Total Nacional;País Vasco;Araba/Álava;;Renta neta media por persona;2020;14.962
Total Nacional;País Vasco;Araba/Álava;;Renta neta media por persona;2019;""
Total Nacional;País Vasco;Araba/Álava;;Renta neta media por persona;2018;""
Total Nacional;País Vasco;Araba/Álava;;Renta neta media por hogar;2022;38.586
Total Nacional;País Vasco;Araba/Álava;;Renta neta media por hogar;2021;36.546
Total Nacional;País Vasco;Araba/Álava;;Renta neta media por hogar;2020;35.412
Total Nacional;País Vasco;Araba/Álava;;Renta neta media por hogar;2019;""
Total Nacional;País Vasco;Araba/Álava;;Renta neta media por hogar;2018;""
Total Nacional;País Vasco;Araba/Álava;;Media de la renta por unidad de consumo;2022;23.611
Total Nacional;País Vasco;Araba/Álava;;Media de la renta por unidad de consumo;2021;22.423
Total Nacional;País Vasco;Araba/Álava;;Media de la renta por unidad de consumo;2020;21.618
Total Nacional;País Vasco;Araba/Álava;;Media de la renta por unidad de consumo;2019;""
Total Nacional;País Vasco;Araba/Álava;;Media de la renta por unidad de consumo;2018;""
Total Nacional;País Vasco;Araba/Álava;;Mediana de la renta por unidad de consumo;2022;21.350
Total Nacional;País Vasco;Araba/Álava;;Mediana de la renta por unidad de consumo;2021;20.650
Total Nacional;País Vasco;Araba/Álava;;Mediana de la renta por unidad de consumo;2020;19.950
Total Nacional;País Vasco;Araba/Álava;;Mediana de la renta por unidad de consumo;2019;""
Total Nacional;País Vasco;Araba/Álava;;Mediana de la renta por unidad de consumo;2018;""
Total Nacional;País Vasco;Araba/Álava;;Renta bruta media por persona;2022;19.714
Total Nacional;País Vasco;Araba/Álava;;Renta bruta media por persona;2021;18.700
Total Nacional;País Vasco;Araba/Álava;;Renta bruta media por persona;2020;17.945
Total Nacional;País Vasco;Araba/Álava;;Renta bruta media por persona;2019;""
Total Nacional;País Vasco;Araba/Álava;;Renta bruta media por persona;2018;""
Total Nacional;País Vasco;Araba/Álava;;Renta bruta media por hogar;2022;46.375
Total Nacional;País Vasco;Araba/Álava;;Renta bruta media por hogar;2021;43.981
Total Nacional;País Vasco;Araba/Álava;;Renta bruta media por hogar;2020;42.474
Total Nacional;País Vasco;Araba/Álava;;Renta bruta media por hogar;2019;""
Total Nacional;País Vasco;Araba/Álava;;Renta bruta media por hogar;2018;""
Total Nacional;País Vasco;Bizkaia;;Renta neta media por persona;2022;17.225
Total Nacional;País Vasco;Bizkaia;;Renta neta media por persona;2021;16.192
Total Nacional;País Vasco;Bizkaia;;Renta neta media por persona;2020;15.555
Total Nacional;País Vasco;Bizkaia;;Renta neta media por persona;2019;15.547
Total Nacional;País Vasco;Bizkaia;;Renta neta media por persona;2018;15.047
Total Nacional;País Vasco;Bizkaia;;Renta neta media por hogar;2022;40.694
Total Nacional;País Vasco;Bizkaia;;Renta neta media por hogar;2021;38.390
Total Nacional;País Vasco;Bizkaia;;Renta neta media por hogar;2020;37.242
Total Nacional;País Vasco;Bizkaia;;Renta neta media por hogar;2019;37.523
Total Nacional;País Vasco;Bizkaia;;Renta neta media por hogar;2018;36.364
Total Nacional;País Vasco;Bizkaia;;Media de la renta por unidad de consumo;2022;25.029
Total Nacional;País Vasco;Bizkaia;;Media de la renta por unidad de consumo;2021;23.589
Total Nacional;País Vasco;Bizkaia;;Media de la renta por unidad de consumo;2020;22.731
Total Nacional;País Vasco;Bizkaia;;Media de la renta por unidad de consumo;2019;22.756
Total Nacional;País Vasco;Bizkaia;;Media de la renta por unidad de consumo;2018;22.061
Total Nacional;País Vasco;Bizkaia;;Mediana de la renta por unidad de consumo;2022;22.050
Total Nacional;País Vasco;Bizkaia;;Mediana de la renta por unidad de consumo;2021;21.350
Total Nacional;País Vasco;Bizkaia;;Mediana de la renta por unidad de consumo;2020;20.650
Total Nacional;País Vasco;Bizkaia;;Mediana de la renta por unidad de consumo;2019;19.950
Total Nacional;País Vasco;Bizkaia;;Mediana de la renta por unidad de consumo;2018;19.250
Total Nacional;País Vasco;Bizkaia;;Renta bruta media por persona;2022;20.717
Total Nacional;País Vasco;Bizkaia;;Renta bruta media por persona;2021;19.471
Total Nacional;País Vasco;Bizkaia;;Renta bruta media por persona;2020;18.534
Total Nacional;País Vasco;Bizkaia;;Renta bruta media por persona;2019;18.707
Total Nacional;País Vasco;Bizkaia;;Renta bruta media por persona;2018;18.055
Total Nacional;País Vasco;Bizkaia;;Renta bruta media por hogar;2022;48.944
Total Nacional;País Vasco;Bizkaia;;Renta bruta media por hogar;2021;46.162
Total Nacional;País Vasco;Bizkaia;;Renta bruta media por hogar;2020;44.373
Total Nacional;País Vasco;Bizkaia;;Renta bruta media por hogar;2019;45.149
Total Nacional;País Vasco;Bizkaia;;Renta bruta media por hogar;2018;43.632
Total Nacional;País Vasco;Gipuzkoa;;Renta neta media por persona;2022;18.325
Total Nacional;País Vasco;Gipuzkoa;;Renta neta media por persona;2021;16.887
Total Nacional;País Vasco;Gipuzkoa;;Renta neta media por persona;2020;16.399
Total Nacional;País Vasco;Gipuzkoa;;Renta neta media por persona;2019;16.463
Total Nacional;País Vasco;Gipuzkoa;;Renta neta media por persona;2018;15.891
Total Nacional;País Vasco;Gipuzkoa;;Renta neta media por hogar;2022;43.392
Total Nacional;País Vasco;Gipuzkoa;;Renta neta media por hogar;2021;39.988
Total Nacional;País Vasco;Gipuzkoa;;Renta neta media por hogar;2020;39.023
Total Nacional;País Vasco;Gipuzkoa;;Renta neta media por hogar;2019;39.283
Total Nacional;País Vasco;Gipuzkoa;;Renta neta media por hogar;2018;37.797
Total Nacional;País Vasco;Gipuzkoa;;Media de la renta por unidad de consumo;2022;26.642
Total Nacional;País Vasco;Gipuzkoa;;Media de la renta por unidad de consumo;2021;24.593
Total Nacional;País Vasco;Gipuzkoa;;Media de la renta por unidad de consumo;2020;23.923
Total Nacional;País Vasco;Gipuzkoa;;Media de la renta por unidad de consumo;2019;24.028
Total Nacional;País Vasco;Gipuzkoa;;Media de la renta por unidad de consumo;2018;23.223
Total Nacional;País Vasco;Gipuzkoa;;Mediana de la renta por unidad de consumo;2022;24.150
Total Nacional;País Vasco;Gipuzkoa;;Mediana de la renta por unidad de consumo;2021;22.050
Total Nacional;País Vasco;Gipuzkoa;;Mediana de la renta por unidad de consumo;2020;21.350
Total Nacional;País Vasco;Gipuzkoa;;Mediana de la renta por unidad de consumo;2019;21.350
Total Nacional;País Vasco;Gipuzkoa;;Mediana de la renta por unidad de consumo;2018;20.650
Total Nacional;País Vasco;Gipuzkoa;;Renta bruta media por persona;2022;21.988
Total Nacional;País Vasco;Gipuzkoa;;Renta bruta media por persona;2021;20.381
Total Nacional;País Vasco;Gipuzkoa;;Renta bruta media por persona;2020;19.689
Total Nacional;País Vasco;Gipuzkoa;;Renta bruta media por persona;2019;19.785
Total Nacional;País Vasco;Gipuzkoa;;Renta bruta media por persona;2018;19.041
Total Nacional;País Vasco;Gipuzkoa;;Renta bruta media por hogar;2022;52.066
Total Nacional;País Vasco;Gipuzkoa;;Renta bruta media por hogar;2021;48.263
Total Nacional;País Vasco;Gipuzkoa;;Renta bruta media por hogar;2020;46.852
Total Nacional;País Vasco;Gipuzkoa;;Renta bruta media por hogar;2019;47.211
Total Nacional;País Vasco;Gipuzkoa;;Renta bruta media por hogar;2018;45.288
Total Nacional;Rioja, La;Rioja, La;;Renta neta media por persona;2022;13.864
Total Nacional;Rioja, La;Rioja, La;;Renta neta media por persona;2021;13.215
Total Nacional;Rioja, La;Rioja, La;;Renta neta media por persona;2020;12.738
Total Nacional;Rioja, La;Rioja, La;;Renta neta media por persona;2019;12.930
Total Nacional;Rioja, La;Rioja, La;;Renta neta media por persona;2018;12.460
Total Nacional;Rioja, La;Rioja, La;;Renta neta media por hogar;2022;33.314
Total Nacional;Rioja, La;Rioja, La;;Renta neta media por hogar;2021;31.884
Total Nacional;Rioja, La;Rioja, La;;Renta neta media por hogar;2020;30.843
Total Nacional;Rioja, La;Rioja, La;;Renta neta media por hogar;2019;31.535
Total Nacional;Rioja, La;Rioja, La;;Renta neta media por hogar;2018;30.286
Total Nacional;Rioja, La;Rioja, La;;Media de la renta por unidad de consumo;2022;20.436
Total Nacional;Rioja, La;Rioja, La;;Media de la renta por unidad de consumo;2021;19.479
Total Nacional;Rioja, La;Rioja, La;;Media de la renta por unidad de consumo;2020;18.778
Total Nacional;Rioja, La;Rioja, La;;Media de la renta por unidad de consumo;2019;19.101
Total Nacional;Rioja, La;Rioja, La;;Media de la renta por unidad de consumo;2018;18.410
Total Nacional;Rioja, La;Rioja, La;;Mediana de la renta por unidad de consumo;2022;18.550
Total Nacional;Rioja, La;Rioja, La;;Mediana de la renta por unidad de consumo;2021;17.150
Total Nacional;Rioja, La;Rioja, La;;Mediana de la renta por unidad de consumo;2020;16.450
Total Nacional;Rioja, La;Rioja, La;;Mediana de la renta por unidad de consumo;2019;17.150
Total Nacional;Rioja, La;Rioja, La;;Mediana de la renta por unidad de consumo;2018;16.450
Total Nacional;Rioja, La;Rioja, La;;Renta bruta media por persona;2022;16.976
Total Nacional;Rioja, La;Rioja, La;;Renta bruta media por persona;2021;16.015
Total Nacional;Rioja, La;Rioja, La;;Renta bruta media por persona;2020;15.309
Total Nacional;Rioja, La;Rioja, La;;Renta bruta media por persona;2019;15.513
Total Nacional;Rioja, La;Rioja, La;;Renta bruta media por persona;2018;14.932
Total Nacional;Rioja, La;Rioja, La;;Renta bruta media por hogar;2022;40.793
Total Nacional;Rioja, La;Rioja, La;;Renta bruta media por hogar;2021;38.641
Total Nacional;Rioja, La;Rioja, La;;Renta bruta media por hogar;2020;37.066
Total Nacional;Rioja, La;Rioja, La;;Renta bruta media por hogar;2019;37.836
Total Nacional;Rioja, La;Rioja, La;;Renta bruta media por hogar;2018;36.295
Total Nacional;Ceuta;Ceuta;;Renta neta media por persona;2022;13.673
Total Nacional;Ceuta;Ceuta;;Renta neta media por persona;2021;13.030
Total Nacional;Ceuta;Ceuta;;Renta neta media por persona;2020;12.358
Total Nacional;Ceuta;Ceuta;;Renta neta media por persona;2019;12.038
Total Nacional;Ceuta;Ceuta;;Renta neta media por persona;2018;11.448
Total Nacional;Ceuta;Ceuta;;Renta neta media por hogar;2022;42.318
Total Nacional;Ceuta;Ceuta;;Renta neta media por hogar;2021;40.660
Total Nacional;Ceuta;Ceuta;;Renta neta media por hogar;2020;39.330
Total Nacional;Ceuta;Ceuta;;Renta neta media por hogar;2019;38.628
Total Nacional;Ceuta;Ceuta;;Renta neta media por hogar;2018;37.090
Total Nacional;Ceuta;Ceuta;;Media de la renta por unidad de consumo;2022;21.223
Total Nacional;Ceuta;Ceuta;;Media de la renta por unidad de consumo;2021;20.327
Total Nacional;Ceuta;Ceuta;;Media de la renta por unidad de consumo;2020;19.308
Total Nacional;Ceuta;Ceuta;;Media de la renta por unidad de consumo;2019;18.796
Total Nacional;Ceuta;Ceuta;;Media de la renta por unidad de consumo;2018;17.930
Total Nacional;Ceuta;Ceuta;;Mediana de la renta por unidad de consumo;2022;16.450
Total Nacional;Ceuta;Ceuta;;Mediana de la renta por unidad de consumo;2021;15.750
Total Nacional;Ceuta;Ceuta;;Mediana de la renta por unidad de consumo;2020;14.350
Total Nacional;Ceuta;Ceuta;;Mediana de la renta por unidad de consumo;2019;14.350
Total Nacional;Ceuta;Ceuta;;Mediana de la renta por unidad de consumo;2018;13.650
Total Nacional;Ceuta;Ceuta;;Renta bruta media por persona;2022;15.249
Total Nacional;Ceuta;Ceuta;;Renta bruta media por persona;2021;14.499
Total Nacional;Ceuta;Ceuta;;Renta bruta media por persona;2020;13.718
Total Nacional;Ceuta;Ceuta;;Renta bruta media por persona;2019;13.368
Total Nacional;Ceuta;Ceuta;;Renta bruta media por persona;2018;12.683
Total Nacional;Ceuta;Ceuta;;Renta bruta media por hogar;2022;47.194
Total Nacional;Ceuta;Ceuta;;Renta bruta media por hogar;2021;45.243
Total Nacional;Ceuta;Ceuta;;Renta bruta media por hogar;2020;43.660
Total Nacional;Ceuta;Ceuta;;Renta bruta media por hogar;2019;42.896
Total Nacional;Ceuta;Ceuta;;Renta bruta media por hogar;2018;41.089
Total Nacional;Melilla;Melilla;;Renta neta media por persona;2022;13.140
Total Nacional;Melilla;Melilla;;Renta neta media por persona;2021;12.506
Total Nacional;Melilla;Melilla;;Renta neta media por persona;2020;11.665
Total Nacional;Melilla;Melilla;;Renta neta media por persona;2019;11.463
Total Nacional;Melilla;Melilla;;Renta neta media por persona;2018;10.925
Total Nacional;Melilla;Melilla;;Renta neta media por hogar;2022;43.422
Total Nacional;Melilla;Melilla;;Renta neta media por hogar;2021;41.846
Total Nacional;Melilla;Melilla;;Renta neta media por hogar;2020;39.868
Total Nacional;Melilla;Melilla;;Renta neta media por hogar;2019;39.730
Total Nacional;Melilla;Melilla;;Renta neta media por hogar;2018;37.829
Total Nacional;Melilla;Melilla;;Media de la renta por unidad de consumo;2022;21.013
Total Nacional;Melilla;Melilla;;Media de la renta por unidad de consumo;2021;20.044
Total Nacional;Melilla;Melilla;;Media de la renta por unidad de consumo;2020;18.701
Total Nacional;Melilla;Melilla;;Media de la renta por unidad de consumo;2019;18.434
Total Nacional;Melilla;Melilla;;Media de la renta por unidad de consumo;2018;17.592
Total Nacional;Melilla;Melilla;;Mediana de la renta por unidad de consumo;2022;15.750
Total Nacional;Melilla;Melilla;;Mediana de la renta por unidad de consumo;2021;15.050
Total Nacional;Melilla;Melilla;;Mediana de la renta por unidad de consumo;2020;13.650
Total Nacional;Melilla;Melilla;;Mediana de la renta por unidad de consumo;2019;13.650
Total Nacional;Melilla;Melilla;;Mediana de la renta por unidad de consumo;2018;12.950
Total Nacional;Melilla;Melilla;;Renta bruta media por persona;2022;14.603
Total Nacional;Melilla;Melilla;;Renta bruta media por persona;2021;13.879
Total Nacional;Melilla;Melilla;;Renta bruta media por persona;2020;12.912
Total Nacional;Melilla;Melilla;;Renta bruta media por persona;2019;12.676
Total Nacional;Melilla;Melilla;;Renta bruta media por persona;2018;12.081
Total Nacional;Melilla;Melilla;;Renta bruta media por hogar;2022;48.256
Total Nacional;Melilla;Melilla;;Renta bruta media por hogar;2021;46.439
Total Nacional;Melilla;Melilla;;Renta bruta media por hogar;2020;44.129
Total Nacional;Melilla;Melilla;;Renta bruta media por hogar;2019;43.936
Total Nacional;Melilla;Melilla;;Renta bruta media por hogar;2018;41.830
