Nacional;Comunidades y Ciudades Autónomas;Causa de muerte (capítulos de la 10ª revisión de la CIE);Tipo de indicador;Sexo;Total
Total Nacional;01 Andalucía;Enfermedades infecciosas y parasitarias;Nº de APVP;Hombres;6.227,00
Total Nacional;01 Andalucía;Enfermedades infecciosas y parasitarias;Nº de APVP;Mujeres;2.959,50
Total Nacional;01 Andalucía;Enfermedades infecciosas y parasitarias;Distribución por capítulos de la CIE;Hombres;2,23
Total Nacional;01 Andalucía;Enfermedades infecciosas y parasitarias;Distribución por capítulos de la CIE;Mujeres;2,07
Total Nacional;01 Andalucía;Enfermedades infecciosas y parasitarias;Tasa estandarizada de APVP (tanto por cien mil);Hombres;149,72
Total Nacional;01 Andalucía;Enfermedades infecciosas y parasitarias;Tasa estandarizada de APVP (tanto por cien mil);Mujeres;68,89
Total Nacional;01 Andalucía;Enfermedades infecciosas y parasitarias;Nº medio de APVP;Hombres;13,45
Total Nacional;01 Andalucía;Enfermedades infecciosas y parasitarias;Nº medio de APVP;Mujeres;11,04
Total Nacional;01 Andalucía;Tumores;Nº de APVP;Hombres;97.254,50
Total Nacional;01 Andalucía;Tumores;Nº de APVP;Mujeres;68.823,00
Total Nacional;01 Andalucía;Tumores;Distribución por capítulos de la CIE;Hombres;34,80
Total Nacional;01 Andalucía;Tumores;Distribución por capítulos de la CIE;Mujeres;48,10
Total Nacional;01 Andalucía;Tumores;Tasa estandarizada de APVP (tanto por cien mil);Hombres;2.351,59
Total Nacional;01 Andalucía;Tumores;Tasa estandarizada de APVP (tanto por cien mil);Mujeres;1.551,19
Total Nacional;01 Andalucía;Tumores;Nº medio de APVP;Hombres;12,52
Total Nacional;01 Andalucía;Tumores;Nº medio de APVP;Mujeres;14,36
Total Nacional;01 Andalucía;Enfermedades sangre y de órganos hematopoyéticos, y ciertos trastornos que afectan al mecanismo de la inmunidad;Nº de APVP;Hombres;1.227,50
Total Nacional;01 Andalucía;Enfermedades sangre y de órganos hematopoyéticos, y ciertos trastornos que afectan al mecanismo de la inmunidad;Nº de APVP;Mujeres;480,00
Total Nacional;01 Andalucía;Enfermedades sangre y de órganos hematopoyéticos, y ciertos trastornos que afectan al mecanismo de la inmunidad;Distribución por capítulos de la CIE;Hombres;0,44
Total Nacional;01 Andalucía;Enfermedades sangre y de órganos hematopoyéticos, y ciertos trastornos que afectan al mecanismo de la inmunidad;Distribución por capítulos de la CIE;Mujeres;0,34
Total Nacional;01 Andalucía;Enfermedades sangre y de órganos hematopoyéticos, y ciertos trastornos que afectan al mecanismo de la inmunidad;Tasa estandarizada de APVP (tanto por cien mil);Hombres;29,34
Total Nacional;01 Andalucía;Enfermedades sangre y de órganos hematopoyéticos, y ciertos trastornos que afectan al mecanismo de la inmunidad;Tasa estandarizada de APVP (tanto por cien mil);Mujeres;11,05
Total Nacional;01 Andalucía;Enfermedades sangre y de órganos hematopoyéticos, y ciertos trastornos que afectan al mecanismo de la inmunidad;Nº medio de APVP;Hombres;15,54
Total Nacional;01 Andalucía;Enfermedades sangre y de órganos hematopoyéticos, y ciertos trastornos que afectan al mecanismo de la inmunidad;Nº medio de APVP;Mujeres;11,43
Total Nacional;01 Andalucía;Enfermedades endocrinas, nutricionales y metabólicas;Nº de APVP;Hombres;6.807,00
Total Nacional;01 Andalucía;Enfermedades endocrinas, nutricionales y metabólicas;Nº de APVP;Mujeres;3.127,50
Total Nacional;01 Andalucía;Enfermedades endocrinas, nutricionales y metabólicas;Distribución por capítulos de la CIE;Hombres;2,44
Total Nacional;01 Andalucía;Enfermedades endocrinas, nutricionales y metabólicas;Distribución por capítulos de la CIE;Mujeres;2,19
Total Nacional;01 Andalucía;Enfermedades endocrinas, nutricionales y metabólicas;Tasa estandarizada de APVP (tanto por cien mil);Hombres;166,41
Total Nacional;01 Andalucía;Enfermedades endocrinas, nutricionales y metabólicas;Tasa estandarizada de APVP (tanto por cien mil);Mujeres;72,99
Total Nacional;01 Andalucía;Enfermedades endocrinas, nutricionales y metabólicas;Nº medio de APVP;Hombres;12,72
Total Nacional;01 Andalucía;Enfermedades endocrinas, nutricionales y metabólicas;Nº medio de APVP;Mujeres;9,45
Total Nacional;01 Andalucía;Trastornos mentales y del comportamiento;Nº de APVP;Hombres;2.715,00
Total Nacional;01 Andalucía;Trastornos mentales y del comportamiento;Nº de APVP;Mujeres;1.312,50
Total Nacional;01 Andalucía;Trastornos mentales y del comportamiento;Distribución por capítulos de la CIE;Hombres;0,97
Total Nacional;01 Andalucía;Trastornos mentales y del comportamiento;Distribución por capítulos de la CIE;Mujeres;0,92
Total Nacional;01 Andalucía;Trastornos mentales y del comportamiento;Tasa estandarizada de APVP (tanto por cien mil);Hombres;66,32
Total Nacional;01 Andalucía;Trastornos mentales y del comportamiento;Tasa estandarizada de APVP (tanto por cien mil);Mujeres;31,15
Total Nacional;01 Andalucía;Trastornos mentales y del comportamiento;Nº medio de APVP;Hombres;10,21
Total Nacional;01 Andalucía;Trastornos mentales y del comportamiento;Nº medio de APVP;Mujeres;6,60
Total Nacional;01 Andalucía;Enfermedades del sistema nervioso y de los órganos de los sentidos;Nº de APVP;Hombres;10.044,00
Total Nacional;01 Andalucía;Enfermedades del sistema nervioso y de los órganos de los sentidos;Nº de APVP;Mujeres;7.766,50
Total Nacional;01 Andalucía;Enfermedades del sistema nervioso y de los órganos de los sentidos;Distribución por capítulos de la CIE;Hombres;3,59
Total Nacional;01 Andalucía;Enfermedades del sistema nervioso y de los órganos de los sentidos;Distribución por capítulos de la CIE;Mujeres;5,43
Total Nacional;01 Andalucía;Enfermedades del sistema nervioso y de los órganos de los sentidos;Tasa estandarizada de APVP (tanto por cien mil);Hombres;249,18
Total Nacional;01 Andalucía;Enfermedades del sistema nervioso y de los órganos de los sentidos;Tasa estandarizada de APVP (tanto por cien mil);Mujeres;183,96
Total Nacional;01 Andalucía;Enfermedades del sistema nervioso y de los órganos de los sentidos;Nº medio de APVP;Hombres;11,71
Total Nacional;01 Andalucía;Enfermedades del sistema nervioso y de los órganos de los sentidos;Nº medio de APVP;Mujeres;10,34
Total Nacional;01 Andalucía;Enfermedades del sistema circulatorio;Nº de APVP;Hombres;61.532,00
Total Nacional;01 Andalucía;Enfermedades del sistema circulatorio;Nº de APVP;Mujeres;23.417,50
Total Nacional;01 Andalucía;Enfermedades del sistema circulatorio;Distribución por capítulos de la CIE;Hombres;22,02
Total Nacional;01 Andalucía;Enfermedades del sistema circulatorio;Distribución por capítulos de la CIE;Mujeres;16,37
Total Nacional;01 Andalucía;Enfermedades del sistema circulatorio;Tasa estandarizada de APVP (tanto por cien mil);Hombres;1.471,74
Total Nacional;01 Andalucía;Enfermedades del sistema circulatorio;Tasa estandarizada de APVP (tanto por cien mil);Mujeres;535,43
Total Nacional;01 Andalucía;Enfermedades del sistema circulatorio;Nº medio de APVP;Hombres;13,04
Total Nacional;01 Andalucía;Enfermedades del sistema circulatorio;Nº medio de APVP;Mujeres;10,82
Total Nacional;01 Andalucía;Enfermedades del sistema respiratorio;Nº de APVP;Hombres;19.834,50
Total Nacional;01 Andalucía;Enfermedades del sistema respiratorio;Nº de APVP;Mujeres;8.507,50
Total Nacional;01 Andalucía;Enfermedades del sistema respiratorio;Distribución por capítulos de la CIE;Hombres;7,10
Total Nacional;01 Andalucía;Enfermedades del sistema respiratorio;Distribución por capítulos de la CIE;Mujeres;5,95
Total Nacional;01 Andalucía;Enfermedades del sistema respiratorio;Tasa estandarizada de APVP (tanto por cien mil);Hombres;489,87
Total Nacional;01 Andalucía;Enfermedades del sistema respiratorio;Tasa estandarizada de APVP (tanto por cien mil);Mujeres;195,51
Total Nacional;01 Andalucía;Enfermedades del sistema respiratorio;Nº medio de APVP;Hombres;11,18
Total Nacional;01 Andalucía;Enfermedades del sistema respiratorio;Nº medio de APVP;Mujeres;10,67
Total Nacional;01 Andalucía;Enfermedades del sistema digestivo;Nº de APVP;Hombres;18.937,50
Total Nacional;01 Andalucía;Enfermedades del sistema digestivo;Nº de APVP;Mujeres;7.979,50
Total Nacional;01 Andalucía;Enfermedades del sistema digestivo;Distribución por capítulos de la CIE;Hombres;6,78
Total Nacional;01 Andalucía;Enfermedades del sistema digestivo;Distribución por capítulos de la CIE;Mujeres;5,58
Total Nacional;01 Andalucía;Enfermedades del sistema digestivo;Tasa estandarizada de APVP (tanto por cien mil);Hombres;444,79
Total Nacional;01 Andalucía;Enfermedades del sistema digestivo;Tasa estandarizada de APVP (tanto por cien mil);Mujeres;182,37
Total Nacional;01 Andalucía;Enfermedades del sistema digestivo;Nº medio de APVP;Hombres;14,31
Total Nacional;01 Andalucía;Enfermedades del sistema digestivo;Nº medio de APVP;Mujeres;12,43
Total Nacional;01 Andalucía;Enfermedades de la piel y del tejido subcutáneo;Nº de APVP;Hombres;157,50
Total Nacional;01 Andalucía;Enfermedades de la piel y del tejido subcutáneo;Nº de APVP;Mujeres;137,50
Total Nacional;01 Andalucía;Enfermedades de la piel y del tejido subcutáneo;Distribución por capítulos de la CIE;Hombres;0,06
Total Nacional;01 Andalucía;Enfermedades de la piel y del tejido subcutáneo;Distribución por capítulos de la CIE;Mujeres;0,10
Total Nacional;01 Andalucía;Enfermedades de la piel y del tejido subcutáneo;Tasa estandarizada de APVP (tanto por cien mil);Hombres;4,09
Total Nacional;01 Andalucía;Enfermedades de la piel y del tejido subcutáneo;Tasa estandarizada de APVP (tanto por cien mil);Mujeres;3,23
Total Nacional;01 Andalucía;Enfermedades de la piel y del tejido subcutáneo;Nº medio de APVP;Hombres;7,50
Total Nacional;01 Andalucía;Enfermedades de la piel y del tejido subcutáneo;Nº medio de APVP;Mujeres;9,17
Total Nacional;01 Andalucía;Enfermedades del sistema osteomuscular y del tejido conjuntivo;Nº de APVP;Hombres;577,50
Total Nacional;01 Andalucía;Enfermedades del sistema osteomuscular y del tejido conjuntivo;Nº de APVP;Mujeres;712,50
Total Nacional;01 Andalucía;Enfermedades del sistema osteomuscular y del tejido conjuntivo;Distribución por capítulos de la CIE;Hombres;0,21
Total Nacional;01 Andalucía;Enfermedades del sistema osteomuscular y del tejido conjuntivo;Distribución por capítulos de la CIE;Mujeres;0,50
Total Nacional;01 Andalucía;Enfermedades del sistema osteomuscular y del tejido conjuntivo;Tasa estandarizada de APVP (tanto por cien mil);Hombres;14,18
Total Nacional;01 Andalucía;Enfermedades del sistema osteomuscular y del tejido conjuntivo;Tasa estandarizada de APVP (tanto por cien mil);Mujeres;16,39
Total Nacional;01 Andalucía;Enfermedades del sistema osteomuscular y del tejido conjuntivo;Nº medio de APVP;Hombres;9,79
Total Nacional;01 Andalucía;Enfermedades del sistema osteomuscular y del tejido conjuntivo;Nº medio de APVP;Mujeres;8,38
Total Nacional;01 Andalucía;Enfermedades del sistema genitourinario;Nº de APVP;Hombres;3.167,50
Total Nacional;01 Andalucía;Enfermedades del sistema genitourinario;Nº de APVP;Mujeres;2.037,50
Total Nacional;01 Andalucía;Enfermedades del sistema genitourinario;Distribución por capítulos de la CIE;Hombres;1,13
Total Nacional;01 Andalucía;Enfermedades del sistema genitourinario;Distribución por capítulos de la CIE;Mujeres;1,42
Total Nacional;01 Andalucía;Enfermedades del sistema genitourinario;Tasa estandarizada de APVP (tanto por cien mil);Hombres;80,96
Total Nacional;01 Andalucía;Enfermedades del sistema genitourinario;Tasa estandarizada de APVP (tanto por cien mil);Mujeres;47,90
Total Nacional;01 Andalucía;Enfermedades del sistema genitourinario;Nº medio de APVP;Hombres;8,40
Total Nacional;01 Andalucía;Enfermedades del sistema genitourinario;Nº medio de APVP;Mujeres;7,25
Total Nacional;01 Andalucía;Embarazo, parto y puerperio;Nº de APVP;Hombres;..
Total Nacional;01 Andalucía;Embarazo, parto y puerperio;Nº de APVP;Mujeres;180,00
Total Nacional;01 Andalucía;Embarazo, parto y puerperio;Distribución por capítulos de la CIE;Hombres;..
Total Nacional;01 Andalucía;Embarazo, parto y puerperio;Distribución por capítulos de la CIE;Mujeres;0,13
Total Nacional;01 Andalucía;Embarazo, parto y puerperio;Tasa estandarizada de APVP (tanto por cien mil);Hombres;..
Total Nacional;01 Andalucía;Embarazo, parto y puerperio;Tasa estandarizada de APVP (tanto por cien mil);Mujeres;4,76
Total Nacional;01 Andalucía;Embarazo, parto y puerperio;Nº medio de APVP;Hombres;..
Total Nacional;01 Andalucía;Embarazo, parto y puerperio;Nº medio de APVP;Mujeres;45,00
Total Nacional;01 Andalucía;Afecciones originadas en el periodo perinatal;Nº de APVP;Hombres;75,00
Total Nacional;01 Andalucía;Afecciones originadas en el periodo perinatal;Nº de APVP;Mujeres;270,00
Total Nacional;01 Andalucía;Afecciones originadas en el periodo perinatal;Distribución por capítulos de la CIE;Hombres;0,03
Total Nacional;01 Andalucía;Afecciones originadas en el periodo perinatal;Distribución por capítulos de la CIE;Mujeres;0,19
Total Nacional;01 Andalucía;Afecciones originadas en el periodo perinatal;Tasa estandarizada de APVP (tanto por cien mil);Hombres;1,87
Total Nacional;01 Andalucía;Afecciones originadas en el periodo perinatal;Tasa estandarizada de APVP (tanto por cien mil);Mujeres;6,94
Total Nacional;01 Andalucía;Afecciones originadas en el periodo perinatal;Nº medio de APVP;Hombres;37,50
Total Nacional;01 Andalucía;Afecciones originadas en el periodo perinatal;Nº medio de APVP;Mujeres;45,00
Total Nacional;01 Andalucía;Malformaciones congénitas, deformidades y anomalías cromosómicas;Nº de APVP;Hombres;1.403,50
Total Nacional;01 Andalucía;Malformaciones congénitas, deformidades y anomalías cromosómicas;Nº de APVP;Mujeres;1.962,00
Total Nacional;01 Andalucía;Malformaciones congénitas, deformidades y anomalías cromosómicas;Distribución por capítulos de la CIE;Hombres;0,50
Total Nacional;01 Andalucía;Malformaciones congénitas, deformidades y anomalías cromosómicas;Distribución por capítulos de la CIE;Mujeres;1,37
Total Nacional;01 Andalucía;Malformaciones congénitas, deformidades y anomalías cromosómicas;Tasa estandarizada de APVP (tanto por cien mil);Hombres;35,00
Total Nacional;01 Andalucía;Malformaciones congénitas, deformidades y anomalías cromosómicas;Tasa estandarizada de APVP (tanto por cien mil);Mujeres;51,26
Total Nacional;01 Andalucía;Malformaciones congénitas, deformidades y anomalías cromosómicas;Nº medio de APVP;Hombres;31,90
Total Nacional;01 Andalucía;Malformaciones congénitas, deformidades y anomalías cromosómicas;Nº medio de APVP;Mujeres;36,33
Total Nacional;01 Andalucía;Síntomas, signos y hallazgos anormales clínicos y de laboratorio, no clasificados en otra parte;Nº de APVP;Hombres;3.977,00
Total Nacional;01 Andalucía;Síntomas, signos y hallazgos anormales clínicos y de laboratorio, no clasificados en otra parte;Nº de APVP;Mujeres;1.747,50
Total Nacional;01 Andalucía;Síntomas, signos y hallazgos anormales clínicos y de laboratorio, no clasificados en otra parte;Distribución por capítulos de la CIE;Hombres;1,42
Total Nacional;01 Andalucía;Síntomas, signos y hallazgos anormales clínicos y de laboratorio, no clasificados en otra parte;Distribución por capítulos de la CIE;Mujeres;1,22
Total Nacional;01 Andalucía;Síntomas, signos y hallazgos anormales clínicos y de laboratorio, no clasificados en otra parte;Tasa estandarizada de APVP (tanto por cien mil);Hombres;95,49
Total Nacional;01 Andalucía;Síntomas, signos y hallazgos anormales clínicos y de laboratorio, no clasificados en otra parte;Tasa estandarizada de APVP (tanto por cien mil);Mujeres;39,98
Total Nacional;01 Andalucía;Síntomas, signos y hallazgos anormales clínicos y de laboratorio, no clasificados en otra parte;Nº medio de APVP;Hombres;14,25
Total Nacional;01 Andalucía;Síntomas, signos y hallazgos anormales clínicos y de laboratorio, no clasificados en otra parte;Nº medio de APVP;Mujeres;11,57
Total Nacional;01 Andalucía;Causas externas de mortalidad;Nº de APVP;Hombres;45.560,00
Total Nacional;01 Andalucía;Causas externas de mortalidad;Nº de APVP;Mujeres;11.665,50
Total Nacional;01 Andalucía;Causas externas de mortalidad;Distribución por capítulos de la CIE;Hombres;16,30
Total Nacional;01 Andalucía;Causas externas de mortalidad;Distribución por capítulos de la CIE;Mujeres;8,15
Total Nacional;01 Andalucía;Causas externas de mortalidad;Tasa estandarizada de APVP (tanto por cien mil);Hombres;1.098,30
Total Nacional;01 Andalucía;Causas externas de mortalidad;Tasa estandarizada de APVP (tanto por cien mil);Mujeres;274,93
Total Nacional;01 Andalucía;Causas externas de mortalidad;Nº medio de APVP;Hombres;27,75
Total Nacional;01 Andalucía;Causas externas de mortalidad;Nº medio de APVP;Mujeres;23,01
Total Nacional;02 Aragón;Enfermedades infecciosas y parasitarias;Nº de APVP;Hombres;652,50
Total Nacional;02 Aragón;Enfermedades infecciosas y parasitarias;Nº de APVP;Mujeres;320,00
Total Nacional;02 Aragón;Enfermedades infecciosas y parasitarias;Distribución por capítulos de la CIE;Hombres;1,68
Total Nacional;02 Aragón;Enfermedades infecciosas y parasitarias;Distribución por capítulos de la CIE;Mujeres;1,63
Total Nacional;02 Aragón;Enfermedades infecciosas y parasitarias;Tasa estandarizada de APVP (tanto por cien mil);Hombres;96,36
Total Nacional;02 Aragón;Enfermedades infecciosas y parasitarias;Tasa estandarizada de APVP (tanto por cien mil);Mujeres;45,80
Total Nacional;02 Aragón;Enfermedades infecciosas y parasitarias;Nº medio de APVP;Hombres;11,86
Total Nacional;02 Aragón;Enfermedades infecciosas y parasitarias;Nº medio de APVP;Mujeres;13,33
Total Nacional;02 Aragón;Tumores;Nº de APVP;Hombres;15.717,00
Total Nacional;02 Aragón;Tumores;Nº de APVP;Mujeres;9.824,50
Total Nacional;02 Aragón;Tumores;Distribución por capítulos de la CIE;Hombres;40,46
Total Nacional;02 Aragón;Tumores;Distribución por capítulos de la CIE;Mujeres;50,01
Total Nacional;02 Aragón;Tumores;Tasa estandarizada de APVP (tanto por cien mil);Hombres;2.309,63
Total Nacional;02 Aragón;Tumores;Tasa estandarizada de APVP (tanto por cien mil);Mujeres;1.412,76
Total Nacional;02 Aragón;Tumores;Nº medio de APVP;Hombres;11,79
Total Nacional;02 Aragón;Tumores;Nº medio de APVP;Mujeres;13,53
Total Nacional;02 Aragón;Enfermedades sangre y de órganos hematopoyéticos, y ciertos trastornos que afectan al mecanismo de la inmunidad;Nº de APVP;Hombres;22,50
Total Nacional;02 Aragón;Enfermedades sangre y de órganos hematopoyéticos, y ciertos trastornos que afectan al mecanismo de la inmunidad;Nº de APVP;Mujeres;7,50
Total Nacional;02 Aragón;Enfermedades sangre y de órganos hematopoyéticos, y ciertos trastornos que afectan al mecanismo de la inmunidad;Distribución por capítulos de la CIE;Hombres;0,06
Total Nacional;02 Aragón;Enfermedades sangre y de órganos hematopoyéticos, y ciertos trastornos que afectan al mecanismo de la inmunidad;Distribución por capítulos de la CIE;Mujeres;0,04
Total Nacional;02 Aragón;Enfermedades sangre y de órganos hematopoyéticos, y ciertos trastornos que afectan al mecanismo de la inmunidad;Tasa estandarizada de APVP (tanto por cien mil);Hombres;3,05
Total Nacional;02 Aragón;Enfermedades sangre y de órganos hematopoyéticos, y ciertos trastornos que afectan al mecanismo de la inmunidad;Tasa estandarizada de APVP (tanto por cien mil);Mujeres;0,97
Total Nacional;02 Aragón;Enfermedades sangre y de órganos hematopoyéticos, y ciertos trastornos que afectan al mecanismo de la inmunidad;Nº medio de APVP;Hombres;22,50
Total Nacional;02 Aragón;Enfermedades sangre y de órganos hematopoyéticos, y ciertos trastornos que afectan al mecanismo de la inmunidad;Nº medio de APVP;Mujeres;2,50
Total Nacional;02 Aragón;Enfermedades endocrinas, nutricionales y metabólicas;Nº de APVP;Hombres;725,00
Total Nacional;02 Aragón;Enfermedades endocrinas, nutricionales y metabólicas;Nº de APVP;Mujeres;332,50
Total Nacional;02 Aragón;Enfermedades endocrinas, nutricionales y metabólicas;Distribución por capítulos de la CIE;Hombres;1,87
Total Nacional;02 Aragón;Enfermedades endocrinas, nutricionales y metabólicas;Distribución por capítulos de la CIE;Mujeres;1,69
Total Nacional;02 Aragón;Enfermedades endocrinas, nutricionales y metabólicas;Tasa estandarizada de APVP (tanto por cien mil);Hombres;110,84
Total Nacional;02 Aragón;Enfermedades endocrinas, nutricionales y metabólicas;Tasa estandarizada de APVP (tanto por cien mil);Mujeres;47,68
Total Nacional;02 Aragón;Enfermedades endocrinas, nutricionales y metabólicas;Nº medio de APVP;Hombres;10,98
Total Nacional;02 Aragón;Enfermedades endocrinas, nutricionales y metabólicas;Nº medio de APVP;Mujeres;11,47
Total Nacional;02 Aragón;Trastornos mentales y del comportamiento;Nº de APVP;Hombres;232,50
Total Nacional;02 Aragón;Trastornos mentales y del comportamiento;Nº de APVP;Mujeres;152,50
Total Nacional;02 Aragón;Trastornos mentales y del comportamiento;Distribución por capítulos de la CIE;Hombres;0,60
Total Nacional;02 Aragón;Trastornos mentales y del comportamiento;Distribución por capítulos de la CIE;Mujeres;0,78
Total Nacional;02 Aragón;Trastornos mentales y del comportamiento;Tasa estandarizada de APVP (tanto por cien mil);Hombres;34,08
Total Nacional;02 Aragón;Trastornos mentales y del comportamiento;Tasa estandarizada de APVP (tanto por cien mil);Mujeres;21,23
Total Nacional;02 Aragón;Trastornos mentales y del comportamiento;Nº medio de APVP;Hombres;10,11
Total Nacional;02 Aragón;Trastornos mentales y del comportamiento;Nº medio de APVP;Mujeres;8,03
Total Nacional;02 Aragón;Enfermedades del sistema nervioso y de los órganos de los sentidos;Nº de APVP;Hombres;1.675,00
Total Nacional;02 Aragón;Enfermedades del sistema nervioso y de los órganos de los sentidos;Nº de APVP;Mujeres;1.330,00
Total Nacional;02 Aragón;Enfermedades del sistema nervioso y de los órganos de los sentidos;Distribución por capítulos de la CIE;Hombres;4,31
Total Nacional;02 Aragón;Enfermedades del sistema nervioso y de los órganos de los sentidos;Distribución por capítulos de la CIE;Mujeres;6,77
Total Nacional;02 Aragón;Enfermedades del sistema nervioso y de los órganos de los sentidos;Tasa estandarizada de APVP (tanto por cien mil);Hombres;248,04
Total Nacional;02 Aragón;Enfermedades del sistema nervioso y de los órganos de los sentidos;Tasa estandarizada de APVP (tanto por cien mil);Mujeres;195,52
Total Nacional;02 Aragón;Enfermedades del sistema nervioso y de los órganos de los sentidos;Nº medio de APVP;Hombres;11,17
Total Nacional;02 Aragón;Enfermedades del sistema nervioso y de los órganos de los sentidos;Nº medio de APVP;Mujeres;8,75
Total Nacional;02 Aragón;Enfermedades del sistema circulatorio;Nº de APVP;Hombres;8.114,50
Total Nacional;02 Aragón;Enfermedades del sistema circulatorio;Nº de APVP;Mujeres;3.410,00
Total Nacional;02 Aragón;Enfermedades del sistema circulatorio;Distribución por capítulos de la CIE;Hombres;20,89
Total Nacional;02 Aragón;Enfermedades del sistema circulatorio;Distribución por capítulos de la CIE;Mujeres;17,36
Total Nacional;02 Aragón;Enfermedades del sistema circulatorio;Tasa estandarizada de APVP (tanto por cien mil);Hombres;1.185,06
Total Nacional;02 Aragón;Enfermedades del sistema circulatorio;Tasa estandarizada de APVP (tanto por cien mil);Mujeres;489,87
Total Nacional;02 Aragón;Enfermedades del sistema circulatorio;Nº medio de APVP;Hombres;11,97
Total Nacional;02 Aragón;Enfermedades del sistema circulatorio;Nº medio de APVP;Mujeres;10,93
Total Nacional;02 Aragón;Enfermedades del sistema respiratorio;Nº de APVP;Hombres;1.987,50
Total Nacional;02 Aragón;Enfermedades del sistema respiratorio;Nº de APVP;Mujeres;907,50
Total Nacional;02 Aragón;Enfermedades del sistema respiratorio;Distribución por capítulos de la CIE;Hombres;5,12
Total Nacional;02 Aragón;Enfermedades del sistema respiratorio;Distribución por capítulos de la CIE;Mujeres;4,62
Total Nacional;02 Aragón;Enfermedades del sistema respiratorio;Tasa estandarizada de APVP (tanto por cien mil);Hombres;299,54
Total Nacional;02 Aragón;Enfermedades del sistema respiratorio;Tasa estandarizada de APVP (tanto por cien mil);Mujeres;127,03
Total Nacional;02 Aragón;Enfermedades del sistema respiratorio;Nº medio de APVP;Hombres;10,19
Total Nacional;02 Aragón;Enfermedades del sistema respiratorio;Nº medio de APVP;Mujeres;8,99
Total Nacional;02 Aragón;Enfermedades del sistema digestivo;Nº de APVP;Hombres;2.347,50
Total Nacional;02 Aragón;Enfermedades del sistema digestivo;Nº de APVP;Mujeres;700,00
Total Nacional;02 Aragón;Enfermedades del sistema digestivo;Distribución por capítulos de la CIE;Hombres;6,04
Total Nacional;02 Aragón;Enfermedades del sistema digestivo;Distribución por capítulos de la CIE;Mujeres;3,56
Total Nacional;02 Aragón;Enfermedades del sistema digestivo;Tasa estandarizada de APVP (tanto por cien mil);Hombres;339,94
Total Nacional;02 Aragón;Enfermedades del sistema digestivo;Tasa estandarizada de APVP (tanto por cien mil);Mujeres;100,30
Total Nacional;02 Aragón;Enfermedades del sistema digestivo;Nº medio de APVP;Hombres;13,11
Total Nacional;02 Aragón;Enfermedades del sistema digestivo;Nº medio de APVP;Mujeres;10,29
Total Nacional;02 Aragón;Enfermedades de la piel y del tejido subcutáneo;Nº de APVP;Hombres;32,50
Total Nacional;02 Aragón;Enfermedades de la piel y del tejido subcutáneo;Nº de APVP;Mujeres;..
Total Nacional;02 Aragón;Enfermedades de la piel y del tejido subcutáneo;Distribución por capítulos de la CIE;Hombres;0,08
Total Nacional;02 Aragón;Enfermedades de la piel y del tejido subcutáneo;Distribución por capítulos de la CIE;Mujeres;..
Total Nacional;02 Aragón;Enfermedades de la piel y del tejido subcutáneo;Tasa estandarizada de APVP (tanto por cien mil);Hombres;4,86
Total Nacional;02 Aragón;Enfermedades de la piel y del tejido subcutáneo;Tasa estandarizada de APVP (tanto por cien mil);Mujeres;..
Total Nacional;02 Aragón;Enfermedades de la piel y del tejido subcutáneo;Nº medio de APVP;Hombres;6,50
Total Nacional;02 Aragón;Enfermedades de la piel y del tejido subcutáneo;Nº medio de APVP;Mujeres;..
Total Nacional;02 Aragón;Enfermedades del sistema osteomuscular y del tejido conjuntivo;Nº de APVP;Hombres;85,00
Total Nacional;02 Aragón;Enfermedades del sistema osteomuscular y del tejido conjuntivo;Nº de APVP;Mujeres;165,00
Total Nacional;02 Aragón;Enfermedades del sistema osteomuscular y del tejido conjuntivo;Distribución por capítulos de la CIE;Hombres;0,22
Total Nacional;02 Aragón;Enfermedades del sistema osteomuscular y del tejido conjuntivo;Distribución por capítulos de la CIE;Mujeres;0,84
Total Nacional;02 Aragón;Enfermedades del sistema osteomuscular y del tejido conjuntivo;Tasa estandarizada de APVP (tanto por cien mil);Hombres;12,64
Total Nacional;02 Aragón;Enfermedades del sistema osteomuscular y del tejido conjuntivo;Tasa estandarizada de APVP (tanto por cien mil);Mujeres;23,40
Total Nacional;02 Aragón;Enfermedades del sistema osteomuscular y del tejido conjuntivo;Nº medio de APVP;Hombres;7,08
Total Nacional;02 Aragón;Enfermedades del sistema osteomuscular y del tejido conjuntivo;Nº medio de APVP;Mujeres;10,31
Total Nacional;02 Aragón;Enfermedades del sistema genitourinario;Nº de APVP;Hombres;365,00
Total Nacional;02 Aragón;Enfermedades del sistema genitourinario;Nº de APVP;Mujeres;207,50
Total Nacional;02 Aragón;Enfermedades del sistema genitourinario;Distribución por capítulos de la CIE;Hombres;0,94
Total Nacional;02 Aragón;Enfermedades del sistema genitourinario;Distribución por capítulos de la CIE;Mujeres;1,06
Total Nacional;02 Aragón;Enfermedades del sistema genitourinario;Tasa estandarizada de APVP (tanto por cien mil);Hombres;53,26
Total Nacional;02 Aragón;Enfermedades del sistema genitourinario;Tasa estandarizada de APVP (tanto por cien mil);Mujeres;29,35
Total Nacional;02 Aragón;Enfermedades del sistema genitourinario;Nº medio de APVP;Hombres;10,14
Total Nacional;02 Aragón;Enfermedades del sistema genitourinario;Nº medio de APVP;Mujeres;7,69
Total Nacional;02 Aragón;Embarazo, parto y puerperio;Nº de APVP;Hombres;..
Total Nacional;02 Aragón;Embarazo, parto y puerperio;Nº de APVP;Mujeres;42,50
Total Nacional;02 Aragón;Embarazo, parto y puerperio;Distribución por capítulos de la CIE;Hombres;..
Total Nacional;02 Aragón;Embarazo, parto y puerperio;Distribución por capítulos de la CIE;Mujeres;0,22
Total Nacional;02 Aragón;Embarazo, parto y puerperio;Tasa estandarizada de APVP (tanto por cien mil);Hombres;..
Total Nacional;02 Aragón;Embarazo, parto y puerperio;Tasa estandarizada de APVP (tanto por cien mil);Mujeres;7,91
Total Nacional;02 Aragón;Embarazo, parto y puerperio;Nº medio de APVP;Hombres;..
Total Nacional;02 Aragón;Embarazo, parto y puerperio;Nº medio de APVP;Mujeres;42,50
Total Nacional;02 Aragón;Afecciones originadas en el periodo perinatal;Nº de APVP;Hombres;122,50
Total Nacional;02 Aragón;Afecciones originadas en el periodo perinatal;Nº de APVP;Mujeres;..
Total Nacional;02 Aragón;Afecciones originadas en el periodo perinatal;Distribución por capítulos de la CIE;Hombres;0,32
Total Nacional;02 Aragón;Afecciones originadas en el periodo perinatal;Distribución por capítulos de la CIE;Mujeres;..
Total Nacional;02 Aragón;Afecciones originadas en el periodo perinatal;Tasa estandarizada de APVP (tanto por cien mil);Hombres;20,33
Total Nacional;02 Aragón;Afecciones originadas en el periodo perinatal;Tasa estandarizada de APVP (tanto por cien mil);Mujeres;..
Total Nacional;02 Aragón;Afecciones originadas en el periodo perinatal;Nº medio de APVP;Hombres;40,83
Total Nacional;02 Aragón;Afecciones originadas en el periodo perinatal;Nº medio de APVP;Mujeres;..
Total Nacional;02 Aragón;Malformaciones congénitas, deformidades y anomalías cromosómicas;Nº de APVP;Hombres;182,50
Total Nacional;02 Aragón;Malformaciones congénitas, deformidades y anomalías cromosómicas;Nº de APVP;Mujeres;352,00
Total Nacional;02 Aragón;Malformaciones congénitas, deformidades y anomalías cromosómicas;Distribución por capítulos de la CIE;Hombres;0,47
Total Nacional;02 Aragón;Malformaciones congénitas, deformidades y anomalías cromosómicas;Distribución por capítulos de la CIE;Mujeres;1,79
Total Nacional;02 Aragón;Malformaciones congénitas, deformidades y anomalías cromosómicas;Tasa estandarizada de APVP (tanto por cien mil);Hombres;27,22
Total Nacional;02 Aragón;Malformaciones congénitas, deformidades y anomalías cromosómicas;Tasa estandarizada de APVP (tanto por cien mil);Mujeres;62,51
Total Nacional;02 Aragón;Malformaciones congénitas, deformidades y anomalías cromosómicas;Nº medio de APVP;Hombres;26,07
Total Nacional;02 Aragón;Malformaciones congénitas, deformidades y anomalías cromosómicas;Nº medio de APVP;Mujeres;32,00
Total Nacional;02 Aragón;Síntomas, signos y hallazgos anormales clínicos y de laboratorio, no clasificados en otra parte;Nº de APVP;Hombres;652,50
Total Nacional;02 Aragón;Síntomas, signos y hallazgos anormales clínicos y de laboratorio, no clasificados en otra parte;Nº de APVP;Mujeres;140,00
Total Nacional;02 Aragón;Síntomas, signos y hallazgos anormales clínicos y de laboratorio, no clasificados en otra parte;Distribución por capítulos de la CIE;Hombres;1,68
Total Nacional;02 Aragón;Síntomas, signos y hallazgos anormales clínicos y de laboratorio, no clasificados en otra parte;Distribución por capítulos de la CIE;Mujeres;0,71
Total Nacional;02 Aragón;Síntomas, signos y hallazgos anormales clínicos y de laboratorio, no clasificados en otra parte;Tasa estandarizada de APVP (tanto por cien mil);Hombres;104,03
Total Nacional;02 Aragón;Síntomas, signos y hallazgos anormales clínicos y de laboratorio, no clasificados en otra parte;Tasa estandarizada de APVP (tanto por cien mil);Mujeres;20,23
Total Nacional;02 Aragón;Síntomas, signos y hallazgos anormales clínicos y de laboratorio, no clasificados en otra parte;Nº medio de APVP;Hombres;22,50
Total Nacional;02 Aragón;Síntomas, signos y hallazgos anormales clínicos y de laboratorio, no clasificados en otra parte;Nº medio de APVP;Mujeres;17,50
Total Nacional;02 Aragón;Causas externas de mortalidad;Nº de APVP;Hombres;5.930,00
Total Nacional;02 Aragón;Causas externas de mortalidad;Nº de APVP;Mujeres;1.752,00
Total Nacional;02 Aragón;Causas externas de mortalidad;Distribución por capítulos de la CIE;Hombres;15,27
Total Nacional;02 Aragón;Causas externas de mortalidad;Distribución por capítulos de la CIE;Mujeres;8,92
Total Nacional;02 Aragón;Causas externas de mortalidad;Tasa estandarizada de APVP (tanto por cien mil);Hombres;925,90
Total Nacional;02 Aragón;Causas externas de mortalidad;Tasa estandarizada de APVP (tanto por cien mil);Mujeres;271,77
Total Nacional;02 Aragón;Causas externas de mortalidad;Nº medio de APVP;Hombres;27,45
Total Nacional;02 Aragón;Causas externas de mortalidad;Nº medio de APVP;Mujeres;24,00
Total Nacional;03 Asturias, Principado de;Enfermedades infecciosas y parasitarias;Nº de APVP;Hombres;797,50
Total Nacional;03 Asturias, Principado de;Enfermedades infecciosas y parasitarias;Nº de APVP;Mujeres;325,00
Total Nacional;03 Asturias, Principado de;Enfermedades infecciosas y parasitarias;Distribución por capítulos de la CIE;Hombres;2,10
Total Nacional;03 Asturias, Principado de;Enfermedades infecciosas y parasitarias;Distribución por capítulos de la CIE;Mujeres;1,69
Total Nacional;03 Asturias, Principado de;Enfermedades infecciosas y parasitarias;Tasa estandarizada de APVP (tanto por cien mil);Hombres;141,42
Total Nacional;03 Asturias, Principado de;Enfermedades infecciosas y parasitarias;Tasa estandarizada de APVP (tanto por cien mil);Mujeres;48,61
Total Nacional;03 Asturias, Principado de;Enfermedades infecciosas y parasitarias;Nº medio de APVP;Hombres;11,56
Total Nacional;03 Asturias, Principado de;Enfermedades infecciosas y parasitarias;Nº medio de APVP;Mujeres;9,03
Total Nacional;03 Asturias, Principado de;Tumores;Nº de APVP;Hombres;14.622,00
Total Nacional;03 Asturias, Principado de;Tumores;Nº de APVP;Mujeres;10.205,00
Total Nacional;03 Asturias, Principado de;Tumores;Distribución por capítulos de la CIE;Hombres;38,50
Total Nacional;03 Asturias, Principado de;Tumores;Distribución por capítulos de la CIE;Mujeres;52,97
Total Nacional;03 Asturias, Principado de;Tumores;Tasa estandarizada de APVP (tanto por cien mil);Hombres;2.575,80
Total Nacional;03 Asturias, Principado de;Tumores;Tasa estandarizada de APVP (tanto por cien mil);Mujeres;1.632,74
Total Nacional;03 Asturias, Principado de;Tumores;Nº medio de APVP;Hombres;11,56
Total Nacional;03 Asturias, Principado de;Tumores;Nº medio de APVP;Mujeres;12,27
Total Nacional;03 Asturias, Principado de;Enfermedades sangre y de órganos hematopoyéticos, y ciertos trastornos que afectan al mecanismo de la inmunidad;Nº de APVP;Hombres;20,00
Total Nacional;03 Asturias, Principado de;Enfermedades sangre y de órganos hematopoyéticos, y ciertos trastornos que afectan al mecanismo de la inmunidad;Nº de APVP;Mujeres;30,00
Total Nacional;03 Asturias, Principado de;Enfermedades sangre y de órganos hematopoyéticos, y ciertos trastornos que afectan al mecanismo de la inmunidad;Distribución por capítulos de la CIE;Hombres;0,05
Total Nacional;03 Asturias, Principado de;Enfermedades sangre y de órganos hematopoyéticos, y ciertos trastornos que afectan al mecanismo de la inmunidad;Distribución por capítulos de la CIE;Mujeres;0,16
Total Nacional;03 Asturias, Principado de;Enfermedades sangre y de órganos hematopoyéticos, y ciertos trastornos que afectan al mecanismo de la inmunidad;Tasa estandarizada de APVP (tanto por cien mil);Hombres;3,53
Total Nacional;03 Asturias, Principado de;Enfermedades sangre y de órganos hematopoyéticos, y ciertos trastornos que afectan al mecanismo de la inmunidad;Tasa estandarizada de APVP (tanto por cien mil);Mujeres;4,22
Total Nacional;03 Asturias, Principado de;Enfermedades sangre y de órganos hematopoyéticos, y ciertos trastornos que afectan al mecanismo de la inmunidad;Nº medio de APVP;Hombres;5,00
Total Nacional;03 Asturias, Principado de;Enfermedades sangre y de órganos hematopoyéticos, y ciertos trastornos que afectan al mecanismo de la inmunidad;Nº medio de APVP;Mujeres;5,00
Total Nacional;03 Asturias, Principado de;Enfermedades endocrinas, nutricionales y metabólicas;Nº de APVP;Hombres;1.070,00
Total Nacional;03 Asturias, Principado de;Enfermedades endocrinas, nutricionales y metabólicas;Nº de APVP;Mujeres;537,50
Total Nacional;03 Asturias, Principado de;Enfermedades endocrinas, nutricionales y metabólicas;Distribución por capítulos de la CIE;Hombres;2,82
Total Nacional;03 Asturias, Principado de;Enfermedades endocrinas, nutricionales y metabólicas;Distribución por capítulos de la CIE;Mujeres;2,79
Total Nacional;03 Asturias, Principado de;Enfermedades endocrinas, nutricionales y metabólicas;Tasa estandarizada de APVP (tanto por cien mil);Hombres;195,44
Total Nacional;03 Asturias, Principado de;Enfermedades endocrinas, nutricionales y metabólicas;Tasa estandarizada de APVP (tanto por cien mil);Mujeres;81,36
Total Nacional;03 Asturias, Principado de;Enfermedades endocrinas, nutricionales y metabólicas;Nº medio de APVP;Hombres;12,44
Total Nacional;03 Asturias, Principado de;Enfermedades endocrinas, nutricionales y metabólicas;Nº medio de APVP;Mujeres;9,11
Total Nacional;03 Asturias, Principado de;Trastornos mentales y del comportamiento;Nº de APVP;Hombres;337,50
Total Nacional;03 Asturias, Principado de;Trastornos mentales y del comportamiento;Nº de APVP;Mujeres;330,00
Total Nacional;03 Asturias, Principado de;Trastornos mentales y del comportamiento;Distribución por capítulos de la CIE;Hombres;0,89
Total Nacional;03 Asturias, Principado de;Trastornos mentales y del comportamiento;Distribución por capítulos de la CIE;Mujeres;1,71
Total Nacional;03 Asturias, Principado de;Trastornos mentales y del comportamiento;Tasa estandarizada de APVP (tanto por cien mil);Hombres;57,98
Total Nacional;03 Asturias, Principado de;Trastornos mentales y del comportamiento;Tasa estandarizada de APVP (tanto por cien mil);Mujeres;49,23
Total Nacional;03 Asturias, Principado de;Trastornos mentales y del comportamiento;Nº medio de APVP;Hombres;6,37
Total Nacional;03 Asturias, Principado de;Trastornos mentales y del comportamiento;Nº medio de APVP;Mujeres;7,17
Total Nacional;03 Asturias, Principado de;Enfermedades del sistema nervioso y de los órganos de los sentidos;Nº de APVP;Hombres;1.490,00
Total Nacional;03 Asturias, Principado de;Enfermedades del sistema nervioso y de los órganos de los sentidos;Nº de APVP;Mujeres;677,50
Total Nacional;03 Asturias, Principado de;Enfermedades del sistema nervioso y de los órganos de los sentidos;Distribución por capítulos de la CIE;Hombres;3,92
Total Nacional;03 Asturias, Principado de;Enfermedades del sistema nervioso y de los órganos de los sentidos;Distribución por capítulos de la CIE;Mujeres;3,52
Total Nacional;03 Asturias, Principado de;Enfermedades del sistema nervioso y de los órganos de los sentidos;Tasa estandarizada de APVP (tanto por cien mil);Hombres;292,02
Total Nacional;03 Asturias, Principado de;Enfermedades del sistema nervioso y de los órganos de los sentidos;Tasa estandarizada de APVP (tanto por cien mil);Mujeres;104,57
Total Nacional;03 Asturias, Principado de;Enfermedades del sistema nervioso y de los órganos de los sentidos;Nº medio de APVP;Hombres;12,42
Total Nacional;03 Asturias, Principado de;Enfermedades del sistema nervioso y de los órganos de los sentidos;Nº medio de APVP;Mujeres;8,36
Total Nacional;03 Asturias, Principado de;Enfermedades del sistema circulatorio;Nº de APVP;Hombres;8.470,00
Total Nacional;03 Asturias, Principado de;Enfermedades del sistema circulatorio;Nº de APVP;Mujeres;2.855,00
Total Nacional;03 Asturias, Principado de;Enfermedades del sistema circulatorio;Distribución por capítulos de la CIE;Hombres;22,30
Total Nacional;03 Asturias, Principado de;Enfermedades del sistema circulatorio;Distribución por capítulos de la CIE;Mujeres;14,82
Total Nacional;03 Asturias, Principado de;Enfermedades del sistema circulatorio;Tasa estandarizada de APVP (tanto por cien mil);Hombres;1.489,76
Total Nacional;03 Asturias, Principado de;Enfermedades del sistema circulatorio;Tasa estandarizada de APVP (tanto por cien mil);Mujeres;439,61
Total Nacional;03 Asturias, Principado de;Enfermedades del sistema circulatorio;Nº medio de APVP;Hombres;12,60
Total Nacional;03 Asturias, Principado de;Enfermedades del sistema circulatorio;Nº medio de APVP;Mujeres;9,45
Total Nacional;03 Asturias, Principado de;Enfermedades del sistema respiratorio;Nº de APVP;Hombres;1.867,50
Total Nacional;03 Asturias, Principado de;Enfermedades del sistema respiratorio;Nº de APVP;Mujeres;957,50
Total Nacional;03 Asturias, Principado de;Enfermedades del sistema respiratorio;Distribución por capítulos de la CIE;Hombres;4,92
Total Nacional;03 Asturias, Principado de;Enfermedades del sistema respiratorio;Distribución por capítulos de la CIE;Mujeres;4,97
Total Nacional;03 Asturias, Principado de;Enfermedades del sistema respiratorio;Tasa estandarizada de APVP (tanto por cien mil);Hombres;328,85
Total Nacional;03 Asturias, Principado de;Enfermedades del sistema respiratorio;Tasa estandarizada de APVP (tanto por cien mil);Mujeres;149,78
Total Nacional;03 Asturias, Principado de;Enfermedades del sistema respiratorio;Nº medio de APVP;Hombres;9,68
Total Nacional;03 Asturias, Principado de;Enfermedades del sistema respiratorio;Nº medio de APVP;Mujeres;10,30
Total Nacional;03 Asturias, Principado de;Enfermedades del sistema digestivo;Nº de APVP;Hombres;2.555,00
Total Nacional;03 Asturias, Principado de;Enfermedades del sistema digestivo;Nº de APVP;Mujeres;877,50
Total Nacional;03 Asturias, Principado de;Enfermedades del sistema digestivo;Distribución por capítulos de la CIE;Hombres;6,73
Total Nacional;03 Asturias, Principado de;Enfermedades del sistema digestivo;Distribución por capítulos de la CIE;Mujeres;4,55
Total Nacional;03 Asturias, Principado de;Enfermedades del sistema digestivo;Tasa estandarizada de APVP (tanto por cien mil);Hombres;448,27
Total Nacional;03 Asturias, Principado de;Enfermedades del sistema digestivo;Tasa estandarizada de APVP (tanto por cien mil);Mujeres;143,76
Total Nacional;03 Asturias, Principado de;Enfermedades del sistema digestivo;Nº medio de APVP;Hombres;12,52
Total Nacional;03 Asturias, Principado de;Enfermedades del sistema digestivo;Nº medio de APVP;Mujeres;12,36
Total Nacional;03 Asturias, Principado de;Enfermedades de la piel y del tejido subcutáneo;Nº de APVP;Hombres;72,50
Total Nacional;03 Asturias, Principado de;Enfermedades de la piel y del tejido subcutáneo;Nº de APVP;Mujeres;12,50
Total Nacional;03 Asturias, Principado de;Enfermedades de la piel y del tejido subcutáneo;Distribución por capítulos de la CIE;Hombres;0,19
Total Nacional;03 Asturias, Principado de;Enfermedades de la piel y del tejido subcutáneo;Distribución por capítulos de la CIE;Mujeres;0,06
Total Nacional;03 Asturias, Principado de;Enfermedades de la piel y del tejido subcutáneo;Tasa estandarizada de APVP (tanto por cien mil);Hombres;12,53
Total Nacional;03 Asturias, Principado de;Enfermedades de la piel y del tejido subcutáneo;Tasa estandarizada de APVP (tanto por cien mil);Mujeres;1,78
Total Nacional;03 Asturias, Principado de;Enfermedades de la piel y del tejido subcutáneo;Nº medio de APVP;Hombres;6,59
Total Nacional;03 Asturias, Principado de;Enfermedades de la piel y del tejido subcutáneo;Nº medio de APVP;Mujeres;4,17
Total Nacional;03 Asturias, Principado de;Enfermedades del sistema osteomuscular y del tejido conjuntivo;Nº de APVP;Hombres;97,50
Total Nacional;03 Asturias, Principado de;Enfermedades del sistema osteomuscular y del tejido conjuntivo;Nº de APVP;Mujeres;127,50
Total Nacional;03 Asturias, Principado de;Enfermedades del sistema osteomuscular y del tejido conjuntivo;Distribución por capítulos de la CIE;Hombres;0,26
Total Nacional;03 Asturias, Principado de;Enfermedades del sistema osteomuscular y del tejido conjuntivo;Distribución por capítulos de la CIE;Mujeres;0,66
Total Nacional;03 Asturias, Principado de;Enfermedades del sistema osteomuscular y del tejido conjuntivo;Tasa estandarizada de APVP (tanto por cien mil);Hombres;17,12
Total Nacional;03 Asturias, Principado de;Enfermedades del sistema osteomuscular y del tejido conjuntivo;Tasa estandarizada de APVP (tanto por cien mil);Mujeres;19,24
Total Nacional;03 Asturias, Principado de;Enfermedades del sistema osteomuscular y del tejido conjuntivo;Nº medio de APVP;Hombres;10,83
Total Nacional;03 Asturias, Principado de;Enfermedades del sistema osteomuscular y del tejido conjuntivo;Nº medio de APVP;Mujeres;7,50
Total Nacional;03 Asturias, Principado de;Enfermedades del sistema genitourinario;Nº de APVP;Hombres;497,50
Total Nacional;03 Asturias, Principado de;Enfermedades del sistema genitourinario;Nº de APVP;Mujeres;215,00
Total Nacional;03 Asturias, Principado de;Enfermedades del sistema genitourinario;Distribución por capítulos de la CIE;Hombres;1,31
Total Nacional;03 Asturias, Principado de;Enfermedades del sistema genitourinario;Distribución por capítulos de la CIE;Mujeres;1,12
Total Nacional;03 Asturias, Principado de;Enfermedades del sistema genitourinario;Tasa estandarizada de APVP (tanto por cien mil);Hombres;91,68
Total Nacional;03 Asturias, Principado de;Enfermedades del sistema genitourinario;Tasa estandarizada de APVP (tanto por cien mil);Mujeres;32,02
Total Nacional;03 Asturias, Principado de;Enfermedades del sistema genitourinario;Nº medio de APVP;Hombres;9,39
Total Nacional;03 Asturias, Principado de;Enfermedades del sistema genitourinario;Nº medio de APVP;Mujeres;7,17
Total Nacional;03 Asturias, Principado de;Embarazo, parto y puerperio;Nº de APVP;Hombres;..
Total Nacional;03 Asturias, Principado de;Embarazo, parto y puerperio;Nº de APVP;Mujeres;..
Total Nacional;03 Asturias, Principado de;Embarazo, parto y puerperio;Distribución por capítulos de la CIE;Hombres;..
Total Nacional;03 Asturias, Principado de;Embarazo, parto y puerperio;Distribución por capítulos de la CIE;Mujeres;..
Total Nacional;03 Asturias, Principado de;Embarazo, parto y puerperio;Tasa estandarizada de APVP (tanto por cien mil);Hombres;..
Total Nacional;03 Asturias, Principado de;Embarazo, parto y puerperio;Tasa estandarizada de APVP (tanto por cien mil);Mujeres;..
Total Nacional;03 Asturias, Principado de;Embarazo, parto y puerperio;Nº medio de APVP;Hombres;..
Total Nacional;03 Asturias, Principado de;Embarazo, parto y puerperio;Nº medio de APVP;Mujeres;..
Total Nacional;03 Asturias, Principado de;Afecciones originadas en el periodo perinatal;Nº de APVP;Hombres;..
Total Nacional;03 Asturias, Principado de;Afecciones originadas en el periodo perinatal;Nº de APVP;Mujeres;139,50
Total Nacional;03 Asturias, Principado de;Afecciones originadas en el periodo perinatal;Distribución por capítulos de la CIE;Hombres;..
Total Nacional;03 Asturias, Principado de;Afecciones originadas en el periodo perinatal;Distribución por capítulos de la CIE;Mujeres;0,72
Total Nacional;03 Asturias, Principado de;Afecciones originadas en el periodo perinatal;Tasa estandarizada de APVP (tanto por cien mil);Hombres;..
Total Nacional;03 Asturias, Principado de;Afecciones originadas en el periodo perinatal;Tasa estandarizada de APVP (tanto por cien mil);Mujeres;49,60
Total Nacional;03 Asturias, Principado de;Afecciones originadas en el periodo perinatal;Nº medio de APVP;Hombres;..
Total Nacional;03 Asturias, Principado de;Afecciones originadas en el periodo perinatal;Nº medio de APVP;Mujeres;69,75
Total Nacional;03 Asturias, Principado de;Malformaciones congénitas, deformidades y anomalías cromosómicas;Nº de APVP;Hombres;102,50
Total Nacional;03 Asturias, Principado de;Malformaciones congénitas, deformidades y anomalías cromosómicas;Nº de APVP;Mujeres;187,50
Total Nacional;03 Asturias, Principado de;Malformaciones congénitas, deformidades y anomalías cromosómicas;Distribución por capítulos de la CIE;Hombres;0,27
Total Nacional;03 Asturias, Principado de;Malformaciones congénitas, deformidades y anomalías cromosómicas;Distribución por capítulos de la CIE;Mujeres;0,97
Total Nacional;03 Asturias, Principado de;Malformaciones congénitas, deformidades y anomalías cromosómicas;Tasa estandarizada de APVP (tanto por cien mil);Hombres;19,02
Total Nacional;03 Asturias, Principado de;Malformaciones congénitas, deformidades y anomalías cromosómicas;Tasa estandarizada de APVP (tanto por cien mil);Mujeres;28,73
Total Nacional;03 Asturias, Principado de;Malformaciones congénitas, deformidades y anomalías cromosómicas;Nº medio de APVP;Hombres;20,50
Total Nacional;03 Asturias, Principado de;Malformaciones congénitas, deformidades y anomalías cromosómicas;Nº medio de APVP;Mujeres;14,42
Total Nacional;03 Asturias, Principado de;Síntomas, signos y hallazgos anormales clínicos y de laboratorio, no clasificados en otra parte;Nº de APVP;Hombres;315,00
Total Nacional;03 Asturias, Principado de;Síntomas, signos y hallazgos anormales clínicos y de laboratorio, no clasificados en otra parte;Nº de APVP;Mujeres;260,00
Total Nacional;03 Asturias, Principado de;Síntomas, signos y hallazgos anormales clínicos y de laboratorio, no clasificados en otra parte;Distribución por capítulos de la CIE;Hombres;0,83
Total Nacional;03 Asturias, Principado de;Síntomas, signos y hallazgos anormales clínicos y de laboratorio, no clasificados en otra parte;Distribución por capítulos de la CIE;Mujeres;1,35
Total Nacional;03 Asturias, Principado de;Síntomas, signos y hallazgos anormales clínicos y de laboratorio, no clasificados en otra parte;Tasa estandarizada de APVP (tanto por cien mil);Hombres;59,23
Total Nacional;03 Asturias, Principado de;Síntomas, signos y hallazgos anormales clínicos y de laboratorio, no clasificados en otra parte;Tasa estandarizada de APVP (tanto por cien mil);Mujeres;43,03
Total Nacional;03 Asturias, Principado de;Síntomas, signos y hallazgos anormales clínicos y de laboratorio, no clasificados en otra parte;Nº medio de APVP;Hombres;15,75
Total Nacional;03 Asturias, Principado de;Síntomas, signos y hallazgos anormales clínicos y de laboratorio, no clasificados en otra parte;Nº medio de APVP;Mujeres;18,57
Total Nacional;03 Asturias, Principado de;Causas externas de mortalidad;Nº de APVP;Hombres;5.662,50
Total Nacional;03 Asturias, Principado de;Causas externas de mortalidad;Nº de APVP;Mujeres;1.530,00
Total Nacional;03 Asturias, Principado de;Causas externas de mortalidad;Distribución por capítulos de la CIE;Hombres;14,91
Total Nacional;03 Asturias, Principado de;Causas externas de mortalidad;Distribución por capítulos de la CIE;Mujeres;7,94
Total Nacional;03 Asturias, Principado de;Causas externas de mortalidad;Tasa estandarizada de APVP (tanto por cien mil);Hombres;1.271,77
Total Nacional;03 Asturias, Principado de;Causas externas de mortalidad;Tasa estandarizada de APVP (tanto por cien mil);Mujeres;306,91
Total Nacional;03 Asturias, Principado de;Causas externas de mortalidad;Nº medio de APVP;Hombres;23,30
Total Nacional;03 Asturias, Principado de;Causas externas de mortalidad;Nº medio de APVP;Mujeres;20,13
Total Nacional;04 Balears, Illes;Enfermedades infecciosas y parasitarias;Nº de APVP;Hombres;577,50
Total Nacional;04 Balears, Illes;Enfermedades infecciosas y parasitarias;Nº de APVP;Mujeres;267,50
Total Nacional;04 Balears, Illes;Enfermedades infecciosas y parasitarias;Distribución por capítulos de la CIE;Hombres;1,69
Total Nacional;04 Balears, Illes;Enfermedades infecciosas y parasitarias;Distribución por capítulos de la CIE;Mujeres;1,52
Total Nacional;04 Balears, Illes;Enfermedades infecciosas y parasitarias;Tasa estandarizada de APVP (tanto por cien mil);Hombres;104,49
Total Nacional;04 Balears, Illes;Enfermedades infecciosas y parasitarias;Tasa estandarizada de APVP (tanto por cien mil);Mujeres;46,84
Total Nacional;04 Balears, Illes;Enfermedades infecciosas y parasitarias;Nº medio de APVP;Hombres;10,90
Total Nacional;04 Balears, Illes;Enfermedades infecciosas y parasitarias;Nº medio de APVP;Mujeres;9,91
Total Nacional;04 Balears, Illes;Tumores;Nº de APVP;Hombres;11.936,50
Total Nacional;04 Balears, Illes;Tumores;Nº de APVP;Mujeres;8.412,50
Total Nacional;04 Balears, Illes;Tumores;Distribución por capítulos de la CIE;Hombres;34,86
Total Nacional;04 Balears, Illes;Tumores;Distribución por capítulos de la CIE;Mujeres;47,87
Total Nacional;04 Balears, Illes;Tumores;Tasa estandarizada de APVP (tanto por cien mil);Hombres;2.120,94
Total Nacional;04 Balears, Illes;Tumores;Tasa estandarizada de APVP (tanto por cien mil);Mujeres;1.407,28
Total Nacional;04 Balears, Illes;Tumores;Nº medio de APVP;Hombres;12,82
Total Nacional;04 Balears, Illes;Tumores;Nº medio de APVP;Mujeres;13,12
Total Nacional;04 Balears, Illes;Enfermedades sangre y de órganos hematopoyéticos, y ciertos trastornos que afectan al mecanismo de la inmunidad;Nº de APVP;Hombres;142,50
Total Nacional;04 Balears, Illes;Enfermedades sangre y de órganos hematopoyéticos, y ciertos trastornos que afectan al mecanismo de la inmunidad;Nº de APVP;Mujeres;55,00
Total Nacional;04 Balears, Illes;Enfermedades sangre y de órganos hematopoyéticos, y ciertos trastornos que afectan al mecanismo de la inmunidad;Distribución por capítulos de la CIE;Hombres;0,42
Total Nacional;04 Balears, Illes;Enfermedades sangre y de órganos hematopoyéticos, y ciertos trastornos que afectan al mecanismo de la inmunidad;Distribución por capítulos de la CIE;Mujeres;0,31
Total Nacional;04 Balears, Illes;Enfermedades sangre y de órganos hematopoyéticos, y ciertos trastornos que afectan al mecanismo de la inmunidad;Tasa estandarizada de APVP (tanto por cien mil);Hombres;23,64
Total Nacional;04 Balears, Illes;Enfermedades sangre y de órganos hematopoyéticos, y ciertos trastornos que afectan al mecanismo de la inmunidad;Tasa estandarizada de APVP (tanto por cien mil);Mujeres;8,97
Total Nacional;04 Balears, Illes;Enfermedades sangre y de órganos hematopoyéticos, y ciertos trastornos que afectan al mecanismo de la inmunidad;Nº medio de APVP;Hombres;12,95
Total Nacional;04 Balears, Illes;Enfermedades sangre y de órganos hematopoyéticos, y ciertos trastornos que afectan al mecanismo de la inmunidad;Nº medio de APVP;Mujeres;9,17
Total Nacional;04 Balears, Illes;Enfermedades endocrinas, nutricionales y metabólicas;Nº de APVP;Hombres;882,50
Total Nacional;04 Balears, Illes;Enfermedades endocrinas, nutricionales y metabólicas;Nº de APVP;Mujeres;497,50
Total Nacional;04 Balears, Illes;Enfermedades endocrinas, nutricionales y metabólicas;Distribución por capítulos de la CIE;Hombres;2,58
Total Nacional;04 Balears, Illes;Enfermedades endocrinas, nutricionales y metabólicas;Distribución por capítulos de la CIE;Mujeres;2,83
Total Nacional;04 Balears, Illes;Enfermedades endocrinas, nutricionales y metabólicas;Tasa estandarizada de APVP (tanto por cien mil);Hombres;158,52
Total Nacional;04 Balears, Illes;Enfermedades endocrinas, nutricionales y metabólicas;Tasa estandarizada de APVP (tanto por cien mil);Mujeres;85,73
Total Nacional;04 Balears, Illes;Enfermedades endocrinas, nutricionales y metabólicas;Nº medio de APVP;Hombres;11,77
Total Nacional;04 Balears, Illes;Enfermedades endocrinas, nutricionales y metabólicas;Nº medio de APVP;Mujeres;9,75
Total Nacional;04 Balears, Illes;Trastornos mentales y del comportamiento;Nº de APVP;Hombres;485,00
Total Nacional;04 Balears, Illes;Trastornos mentales y del comportamiento;Nº de APVP;Mujeres;165,00
Total Nacional;04 Balears, Illes;Trastornos mentales y del comportamiento;Distribución por capítulos de la CIE;Hombres;1,42
Total Nacional;04 Balears, Illes;Trastornos mentales y del comportamiento;Distribución por capítulos de la CIE;Mujeres;0,94
Total Nacional;04 Balears, Illes;Trastornos mentales y del comportamiento;Tasa estandarizada de APVP (tanto por cien mil);Hombres;90,14
Total Nacional;04 Balears, Illes;Trastornos mentales y del comportamiento;Tasa estandarizada de APVP (tanto por cien mil);Mujeres;29,38
Total Nacional;04 Balears, Illes;Trastornos mentales y del comportamiento;Nº medio de APVP;Hombres;8,36
Total Nacional;04 Balears, Illes;Trastornos mentales y del comportamiento;Nº medio de APVP;Mujeres;6,35
Total Nacional;04 Balears, Illes;Enfermedades del sistema nervioso y de los órganos de los sentidos;Nº de APVP;Hombres;1.335,00
Total Nacional;04 Balears, Illes;Enfermedades del sistema nervioso y de los órganos de los sentidos;Nº de APVP;Mujeres;765,00
Total Nacional;04 Balears, Illes;Enfermedades del sistema nervioso y de los órganos de los sentidos;Distribución por capítulos de la CIE;Hombres;3,90
Total Nacional;04 Balears, Illes;Enfermedades del sistema nervioso y de los órganos de los sentidos;Distribución por capítulos de la CIE;Mujeres;4,35
Total Nacional;04 Balears, Illes;Enfermedades del sistema nervioso y de los órganos de los sentidos;Tasa estandarizada de APVP (tanto por cien mil);Hombres;240,59
Total Nacional;04 Balears, Illes;Enfermedades del sistema nervioso y de los órganos de los sentidos;Tasa estandarizada de APVP (tanto por cien mil);Mujeres;140,53
Total Nacional;04 Balears, Illes;Enfermedades del sistema nervioso y de los órganos de los sentidos;Nº medio de APVP;Hombres;10,94
Total Nacional;04 Balears, Illes;Enfermedades del sistema nervioso y de los órganos de los sentidos;Nº medio de APVP;Mujeres;8,69
Total Nacional;04 Balears, Illes;Enfermedades del sistema circulatorio;Nº de APVP;Hombres;6.842,50
Total Nacional;04 Balears, Illes;Enfermedades del sistema circulatorio;Nº de APVP;Mujeres;2.727,50
Total Nacional;04 Balears, Illes;Enfermedades del sistema circulatorio;Distribución por capítulos de la CIE;Hombres;19,98
Total Nacional;04 Balears, Illes;Enfermedades del sistema circulatorio;Distribución por capítulos de la CIE;Mujeres;15,52
Total Nacional;04 Balears, Illes;Enfermedades del sistema circulatorio;Tasa estandarizada de APVP (tanto por cien mil);Hombres;1.196,97
Total Nacional;04 Balears, Illes;Enfermedades del sistema circulatorio;Tasa estandarizada de APVP (tanto por cien mil);Mujeres;458,19
Total Nacional;04 Balears, Illes;Enfermedades del sistema circulatorio;Nº medio de APVP;Hombres;12,74
Total Nacional;04 Balears, Illes;Enfermedades del sistema circulatorio;Nº medio de APVP;Mujeres;11,41
Total Nacional;04 Balears, Illes;Enfermedades del sistema respiratorio;Nº de APVP;Hombres;2.037,50
Total Nacional;04 Balears, Illes;Enfermedades del sistema respiratorio;Nº de APVP;Mujeres;927,50
Total Nacional;04 Balears, Illes;Enfermedades del sistema respiratorio;Distribución por capítulos de la CIE;Hombres;5,95
Total Nacional;04 Balears, Illes;Enfermedades del sistema respiratorio;Distribución por capítulos de la CIE;Mujeres;5,28
Total Nacional;04 Balears, Illes;Enfermedades del sistema respiratorio;Tasa estandarizada de APVP (tanto por cien mil);Hombres;371,19
Total Nacional;04 Balears, Illes;Enfermedades del sistema respiratorio;Tasa estandarizada de APVP (tanto por cien mil);Mujeres;162,10
Total Nacional;04 Balears, Illes;Enfermedades del sistema respiratorio;Nº medio de APVP;Hombres;10,78
Total Nacional;04 Balears, Illes;Enfermedades del sistema respiratorio;Nº medio de APVP;Mujeres;9,76
Total Nacional;04 Balears, Illes;Enfermedades del sistema digestivo;Nº de APVP;Hombres;1.892,50
Total Nacional;04 Balears, Illes;Enfermedades del sistema digestivo;Nº de APVP;Mujeres;745,00
Total Nacional;04 Balears, Illes;Enfermedades del sistema digestivo;Distribución por capítulos de la CIE;Hombres;5,53
Total Nacional;04 Balears, Illes;Enfermedades del sistema digestivo;Distribución por capítulos de la CIE;Mujeres;4,24
Total Nacional;04 Balears, Illes;Enfermedades del sistema digestivo;Tasa estandarizada de APVP (tanto por cien mil);Hombres;327,59
Total Nacional;04 Balears, Illes;Enfermedades del sistema digestivo;Tasa estandarizada de APVP (tanto por cien mil);Mujeres;127,04
Total Nacional;04 Balears, Illes;Enfermedades del sistema digestivo;Nº medio de APVP;Hombres;13,81
Total Nacional;04 Balears, Illes;Enfermedades del sistema digestivo;Nº medio de APVP;Mujeres;10,64
Total Nacional;04 Balears, Illes;Enfermedades de la piel y del tejido subcutáneo;Nº de APVP;Hombres;35,00
Total Nacional;04 Balears, Illes;Enfermedades de la piel y del tejido subcutáneo;Nº de APVP;Mujeres;117,50
Total Nacional;04 Balears, Illes;Enfermedades de la piel y del tejido subcutáneo;Distribución por capítulos de la CIE;Hombres;0,10
Total Nacional;04 Balears, Illes;Enfermedades de la piel y del tejido subcutáneo;Distribución por capítulos de la CIE;Mujeres;0,67
Total Nacional;04 Balears, Illes;Enfermedades de la piel y del tejido subcutáneo;Tasa estandarizada de APVP (tanto por cien mil);Hombres;7,00
Total Nacional;04 Balears, Illes;Enfermedades de la piel y del tejido subcutáneo;Tasa estandarizada de APVP (tanto por cien mil);Mujeres;18,72
Total Nacional;04 Balears, Illes;Enfermedades de la piel y del tejido subcutáneo;Nº medio de APVP;Hombres;8,75
Total Nacional;04 Balears, Illes;Enfermedades de la piel y del tejido subcutáneo;Nº medio de APVP;Mujeres;16,79
Total Nacional;04 Balears, Illes;Enfermedades del sistema osteomuscular y del tejido conjuntivo;Nº de APVP;Hombres;157,50
Total Nacional;04 Balears, Illes;Enfermedades del sistema osteomuscular y del tejido conjuntivo;Nº de APVP;Mujeres;50,00
Total Nacional;04 Balears, Illes;Enfermedades del sistema osteomuscular y del tejido conjuntivo;Distribución por capítulos de la CIE;Hombres;0,46
Total Nacional;04 Balears, Illes;Enfermedades del sistema osteomuscular y del tejido conjuntivo;Distribución por capítulos de la CIE;Mujeres;0,28
Total Nacional;04 Balears, Illes;Enfermedades del sistema osteomuscular y del tejido conjuntivo;Tasa estandarizada de APVP (tanto por cien mil);Hombres;28,78
Total Nacional;04 Balears, Illes;Enfermedades del sistema osteomuscular y del tejido conjuntivo;Tasa estandarizada de APVP (tanto por cien mil);Mujeres;9,23
Total Nacional;04 Balears, Illes;Enfermedades del sistema osteomuscular y del tejido conjuntivo;Nº medio de APVP;Hombres;12,12
Total Nacional;04 Balears, Illes;Enfermedades del sistema osteomuscular y del tejido conjuntivo;Nº medio de APVP;Mujeres;5,00
Total Nacional;04 Balears, Illes;Enfermedades del sistema genitourinario;Nº de APVP;Hombres;420,00
Total Nacional;04 Balears, Illes;Enfermedades del sistema genitourinario;Nº de APVP;Mujeres;170,00
Total Nacional;04 Balears, Illes;Enfermedades del sistema genitourinario;Distribución por capítulos de la CIE;Hombres;1,23
Total Nacional;04 Balears, Illes;Enfermedades del sistema genitourinario;Distribución por capítulos de la CIE;Mujeres;0,97
Total Nacional;04 Balears, Illes;Enfermedades del sistema genitourinario;Tasa estandarizada de APVP (tanto por cien mil);Hombres;80,80
Total Nacional;04 Balears, Illes;Enfermedades del sistema genitourinario;Tasa estandarizada de APVP (tanto por cien mil);Mujeres;30,41
Total Nacional;04 Balears, Illes;Enfermedades del sistema genitourinario;Nº medio de APVP;Hombres;9,13
Total Nacional;04 Balears, Illes;Enfermedades del sistema genitourinario;Nº medio de APVP;Mujeres;7,73
Total Nacional;04 Balears, Illes;Embarazo, parto y puerperio;Nº de APVP;Hombres;..
Total Nacional;04 Balears, Illes;Embarazo, parto y puerperio;Nº de APVP;Mujeres;37,50
Total Nacional;04 Balears, Illes;Embarazo, parto y puerperio;Distribución por capítulos de la CIE;Hombres;..
Total Nacional;04 Balears, Illes;Embarazo, parto y puerperio;Distribución por capítulos de la CIE;Mujeres;0,21
Total Nacional;04 Balears, Illes;Embarazo, parto y puerperio;Tasa estandarizada de APVP (tanto por cien mil);Hombres;..
Total Nacional;04 Balears, Illes;Embarazo, parto y puerperio;Tasa estandarizada de APVP (tanto por cien mil);Mujeres;5,59
Total Nacional;04 Balears, Illes;Embarazo, parto y puerperio;Nº medio de APVP;Hombres;..
Total Nacional;04 Balears, Illes;Embarazo, parto y puerperio;Nº medio de APVP;Mujeres;37,50
Total Nacional;04 Balears, Illes;Afecciones originadas en el periodo perinatal;Nº de APVP;Hombres;..
Total Nacional;04 Balears, Illes;Afecciones originadas en el periodo perinatal;Nº de APVP;Mujeres;..
Total Nacional;04 Balears, Illes;Afecciones originadas en el periodo perinatal;Distribución por capítulos de la CIE;Hombres;..
Total Nacional;04 Balears, Illes;Afecciones originadas en el periodo perinatal;Distribución por capítulos de la CIE;Mujeres;..
Total Nacional;04 Balears, Illes;Afecciones originadas en el periodo perinatal;Tasa estandarizada de APVP (tanto por cien mil);Hombres;..
Total Nacional;04 Balears, Illes;Afecciones originadas en el periodo perinatal;Tasa estandarizada de APVP (tanto por cien mil);Mujeres;..
Total Nacional;04 Balears, Illes;Afecciones originadas en el periodo perinatal;Nº medio de APVP;Hombres;..
Total Nacional;04 Balears, Illes;Afecciones originadas en el periodo perinatal;Nº medio de APVP;Mujeres;..
Total Nacional;04 Balears, Illes;Malformaciones congénitas, deformidades y anomalías cromosómicas;Nº de APVP;Hombres;127,50
Total Nacional;04 Balears, Illes;Malformaciones congénitas, deformidades y anomalías cromosómicas;Nº de APVP;Mujeres;237,50
Total Nacional;04 Balears, Illes;Malformaciones congénitas, deformidades y anomalías cromosómicas;Distribución por capítulos de la CIE;Hombres;0,37
Total Nacional;04 Balears, Illes;Malformaciones congénitas, deformidades y anomalías cromosómicas;Distribución por capítulos de la CIE;Mujeres;1,35
Total Nacional;04 Balears, Illes;Malformaciones congénitas, deformidades y anomalías cromosómicas;Tasa estandarizada de APVP (tanto por cien mil);Hombres;21,13
Total Nacional;04 Balears, Illes;Malformaciones congénitas, deformidades y anomalías cromosómicas;Tasa estandarizada de APVP (tanto por cien mil);Mujeres;41,69
Total Nacional;04 Balears, Illes;Malformaciones congénitas, deformidades y anomalías cromosómicas;Nº medio de APVP;Hombres;25,50
Total Nacional;04 Balears, Illes;Malformaciones congénitas, deformidades y anomalías cromosómicas;Nº medio de APVP;Mujeres;26,39
Total Nacional;04 Balears, Illes;Síntomas, signos y hallazgos anormales clínicos y de laboratorio, no clasificados en otra parte;Nº de APVP;Hombres;1.312,50
Total Nacional;04 Balears, Illes;Síntomas, signos y hallazgos anormales clínicos y de laboratorio, no clasificados en otra parte;Nº de APVP;Mujeres;440,00
Total Nacional;04 Balears, Illes;Síntomas, signos y hallazgos anormales clínicos y de laboratorio, no clasificados en otra parte;Distribución por capítulos de la CIE;Hombres;3,83
Total Nacional;04 Balears, Illes;Síntomas, signos y hallazgos anormales clínicos y de laboratorio, no clasificados en otra parte;Distribución por capítulos de la CIE;Mujeres;2,50
Total Nacional;04 Balears, Illes;Síntomas, signos y hallazgos anormales clínicos y de laboratorio, no clasificados en otra parte;Tasa estandarizada de APVP (tanto por cien mil);Hombres;205,05
Total Nacional;04 Balears, Illes;Síntomas, signos y hallazgos anormales clínicos y de laboratorio, no clasificados en otra parte;Tasa estandarizada de APVP (tanto por cien mil);Mujeres;73,40
Total Nacional;04 Balears, Illes;Síntomas, signos y hallazgos anormales clínicos y de laboratorio, no clasificados en otra parte;Nº medio de APVP;Hombres;24,76
Total Nacional;04 Balears, Illes;Síntomas, signos y hallazgos anormales clínicos y de laboratorio, no clasificados en otra parte;Nº medio de APVP;Mujeres;24,44
Total Nacional;04 Balears, Illes;Causas externas de mortalidad;Nº de APVP;Hombres;6.058,50
Total Nacional;04 Balears, Illes;Causas externas de mortalidad;Nº de APVP;Mujeres;1.957,50
Total Nacional;04 Balears, Illes;Causas externas de mortalidad;Distribución por capítulos de la CIE;Hombres;17,69
Total Nacional;04 Balears, Illes;Causas externas de mortalidad;Distribución por capítulos de la CIE;Mujeres;11,14
Total Nacional;04 Balears, Illes;Causas externas de mortalidad;Tasa estandarizada de APVP (tanto por cien mil);Hombres;987,67
Total Nacional;04 Balears, Illes;Causas externas de mortalidad;Tasa estandarizada de APVP (tanto por cien mil);Mujeres;332,89
Total Nacional;04 Balears, Illes;Causas externas de mortalidad;Nº medio de APVP;Hombres;29,70
Total Nacional;04 Balears, Illes;Causas externas de mortalidad;Nº medio de APVP;Mujeres;22,50
Total Nacional;05 Canarias;Enfermedades infecciosas y parasitarias;Nº de APVP;Hombres;2.057,00
Total Nacional;05 Canarias;Enfermedades infecciosas y parasitarias;Nº de APVP;Mujeres;1.172,50
Total Nacional;05 Canarias;Enfermedades infecciosas y parasitarias;Distribución por capítulos de la CIE;Hombres;2,75
Total Nacional;05 Canarias;Enfermedades infecciosas y parasitarias;Distribución por capítulos de la CIE;Mujeres;2,66
Total Nacional;05 Canarias;Enfermedades infecciosas y parasitarias;Tasa estandarizada de APVP (tanto por cien mil);Hombres;186,29
Total Nacional;05 Canarias;Enfermedades infecciosas y parasitarias;Tasa estandarizada de APVP (tanto por cien mil);Mujeres;104,80
Total Nacional;05 Canarias;Enfermedades infecciosas y parasitarias;Nº medio de APVP;Hombres;13,10
Total Nacional;05 Canarias;Enfermedades infecciosas y parasitarias;Nº medio de APVP;Mujeres;13,79
Total Nacional;05 Canarias;Tumores;Nº de APVP;Hombres;24.752,00
Total Nacional;05 Canarias;Tumores;Nº de APVP;Mujeres;19.547,50
Total Nacional;05 Canarias;Tumores;Distribución por capítulos de la CIE;Hombres;33,04
Total Nacional;05 Canarias;Tumores;Distribución por capítulos de la CIE;Mujeres;44,33
Total Nacional;05 Canarias;Tumores;Tasa estandarizada de APVP (tanto por cien mil);Hombres;2.201,62
Total Nacional;05 Canarias;Tumores;Tasa estandarizada de APVP (tanto por cien mil);Mujeres;1.646,37
Total Nacional;05 Canarias;Tumores;Nº medio de APVP;Hombres;12,86
Total Nacional;05 Canarias;Tumores;Nº medio de APVP;Mujeres;15,24
Total Nacional;05 Canarias;Enfermedades sangre y de órganos hematopoyéticos, y ciertos trastornos que afectan al mecanismo de la inmunidad;Nº de APVP;Hombres;227,50
Total Nacional;05 Canarias;Enfermedades sangre y de órganos hematopoyéticos, y ciertos trastornos que afectan al mecanismo de la inmunidad;Nº de APVP;Mujeres;115,00
Total Nacional;05 Canarias;Enfermedades sangre y de órganos hematopoyéticos, y ciertos trastornos que afectan al mecanismo de la inmunidad;Distribución por capítulos de la CIE;Hombres;0,30
Total Nacional;05 Canarias;Enfermedades sangre y de órganos hematopoyéticos, y ciertos trastornos que afectan al mecanismo de la inmunidad;Distribución por capítulos de la CIE;Mujeres;0,26
Total Nacional;05 Canarias;Enfermedades sangre y de órganos hematopoyéticos, y ciertos trastornos que afectan al mecanismo de la inmunidad;Tasa estandarizada de APVP (tanto por cien mil);Hombres;22,02
Total Nacional;05 Canarias;Enfermedades sangre y de órganos hematopoyéticos, y ciertos trastornos que afectan al mecanismo de la inmunidad;Tasa estandarizada de APVP (tanto por cien mil);Mujeres;9,57
Total Nacional;05 Canarias;Enfermedades sangre y de órganos hematopoyéticos, y ciertos trastornos que afectan al mecanismo de la inmunidad;Nº medio de APVP;Hombres;17,50
Total Nacional;05 Canarias;Enfermedades sangre y de órganos hematopoyéticos, y ciertos trastornos que afectan al mecanismo de la inmunidad;Nº medio de APVP;Mujeres;9,58
Total Nacional;05 Canarias;Enfermedades endocrinas, nutricionales y metabólicas;Nº de APVP;Hombres;1.572,50
Total Nacional;05 Canarias;Enfermedades endocrinas, nutricionales y metabólicas;Nº de APVP;Mujeres;1.032,00
Total Nacional;05 Canarias;Enfermedades endocrinas, nutricionales y metabólicas;Distribución por capítulos de la CIE;Hombres;2,10
Total Nacional;05 Canarias;Enfermedades endocrinas, nutricionales y metabólicas;Distribución por capítulos de la CIE;Mujeres;2,34
Total Nacional;05 Canarias;Enfermedades endocrinas, nutricionales y metabólicas;Tasa estandarizada de APVP (tanto por cien mil);Hombres;140,78
Total Nacional;05 Canarias;Enfermedades endocrinas, nutricionales y metabólicas;Tasa estandarizada de APVP (tanto por cien mil);Mujeres;95,18
Total Nacional;05 Canarias;Enfermedades endocrinas, nutricionales y metabólicas;Nº medio de APVP;Hombres;11,82
Total Nacional;05 Canarias;Enfermedades endocrinas, nutricionales y metabólicas;Nº medio de APVP;Mujeres;10,86
Total Nacional;05 Canarias;Trastornos mentales y del comportamiento;Nº de APVP;Hombres;692,50
Total Nacional;05 Canarias;Trastornos mentales y del comportamiento;Nº de APVP;Mujeres;362,50
Total Nacional;05 Canarias;Trastornos mentales y del comportamiento;Distribución por capítulos de la CIE;Hombres;0,92
Total Nacional;05 Canarias;Trastornos mentales y del comportamiento;Distribución por capítulos de la CIE;Mujeres;0,82
Total Nacional;05 Canarias;Trastornos mentales y del comportamiento;Tasa estandarizada de APVP (tanto por cien mil);Hombres;67,38
Total Nacional;05 Canarias;Trastornos mentales y del comportamiento;Tasa estandarizada de APVP (tanto por cien mil);Mujeres;34,10
Total Nacional;05 Canarias;Trastornos mentales y del comportamiento;Nº medio de APVP;Hombres;7,61
Total Nacional;05 Canarias;Trastornos mentales y del comportamiento;Nº medio de APVP;Mujeres;6,84
Total Nacional;05 Canarias;Enfermedades del sistema nervioso y de los órganos de los sentidos;Nº de APVP;Hombres;2.757,50
Total Nacional;05 Canarias;Enfermedades del sistema nervioso y de los órganos de los sentidos;Nº de APVP;Mujeres;1.945,00
Total Nacional;05 Canarias;Enfermedades del sistema nervioso y de los órganos de los sentidos;Distribución por capítulos de la CIE;Hombres;3,68
Total Nacional;05 Canarias;Enfermedades del sistema nervioso y de los órganos de los sentidos;Distribución por capítulos de la CIE;Mujeres;4,41
Total Nacional;05 Canarias;Enfermedades del sistema nervioso y de los órganos de los sentidos;Tasa estandarizada de APVP (tanto por cien mil);Hombres;259,62
Total Nacional;05 Canarias;Enfermedades del sistema nervioso y de los órganos de los sentidos;Tasa estandarizada de APVP (tanto por cien mil);Mujeres;175,13
Total Nacional;05 Canarias;Enfermedades del sistema nervioso y de los órganos de los sentidos;Nº medio de APVP;Hombres;14,44
Total Nacional;05 Canarias;Enfermedades del sistema nervioso y de los órganos de los sentidos;Nº medio de APVP;Mujeres;12,31
Total Nacional;05 Canarias;Enfermedades del sistema circulatorio;Nº de APVP;Hombres;16.270,00
Total Nacional;05 Canarias;Enfermedades del sistema circulatorio;Nº de APVP;Mujeres;7.962,50
Total Nacional;05 Canarias;Enfermedades del sistema circulatorio;Distribución por capítulos de la CIE;Hombres;21,72
Total Nacional;05 Canarias;Enfermedades del sistema circulatorio;Distribución por capítulos de la CIE;Mujeres;18,06
Total Nacional;05 Canarias;Enfermedades del sistema circulatorio;Tasa estandarizada de APVP (tanto por cien mil);Hombres;1.434,79
Total Nacional;05 Canarias;Enfermedades del sistema circulatorio;Tasa estandarizada de APVP (tanto por cien mil);Mujeres;676,87
Total Nacional;05 Canarias;Enfermedades del sistema circulatorio;Nº medio de APVP;Hombres;13,18
Total Nacional;05 Canarias;Enfermedades del sistema circulatorio;Nº medio de APVP;Mujeres;12,01
Total Nacional;05 Canarias;Enfermedades del sistema respiratorio;Nº de APVP;Hombres;6.130,00
Total Nacional;05 Canarias;Enfermedades del sistema respiratorio;Nº de APVP;Mujeres;3.265,00
Total Nacional;05 Canarias;Enfermedades del sistema respiratorio;Distribución por capítulos de la CIE;Hombres;8,18
Total Nacional;05 Canarias;Enfermedades del sistema respiratorio;Distribución por capítulos de la CIE;Mujeres;7,40
Total Nacional;05 Canarias;Enfermedades del sistema respiratorio;Tasa estandarizada de APVP (tanto por cien mil);Hombres;564,19
Total Nacional;05 Canarias;Enfermedades del sistema respiratorio;Tasa estandarizada de APVP (tanto por cien mil);Mujeres;284,43
Total Nacional;05 Canarias;Enfermedades del sistema respiratorio;Nº medio de APVP;Hombres;11,44
Total Nacional;05 Canarias;Enfermedades del sistema respiratorio;Nº medio de APVP;Mujeres;11,26
Total Nacional;05 Canarias;Enfermedades del sistema digestivo;Nº de APVP;Hombres;4.412,50
Total Nacional;05 Canarias;Enfermedades del sistema digestivo;Nº de APVP;Mujeres;2.344,50
Total Nacional;05 Canarias;Enfermedades del sistema digestivo;Distribución por capítulos de la CIE;Hombres;5,89
Total Nacional;05 Canarias;Enfermedades del sistema digestivo;Distribución por capítulos de la CIE;Mujeres;5,32
Total Nacional;05 Canarias;Enfermedades del sistema digestivo;Tasa estandarizada de APVP (tanto por cien mil);Hombres;387,35
Total Nacional;05 Canarias;Enfermedades del sistema digestivo;Tasa estandarizada de APVP (tanto por cien mil);Mujeres;206,02
Total Nacional;05 Canarias;Enfermedades del sistema digestivo;Nº medio de APVP;Hombres;14,10
Total Nacional;05 Canarias;Enfermedades del sistema digestivo;Nº medio de APVP;Mujeres;13,17
Total Nacional;05 Canarias;Enfermedades de la piel y del tejido subcutáneo;Nº de APVP;Hombres;180,00
Total Nacional;05 Canarias;Enfermedades de la piel y del tejido subcutáneo;Nº de APVP;Mujeres;217,50
Total Nacional;05 Canarias;Enfermedades de la piel y del tejido subcutáneo;Distribución por capítulos de la CIE;Hombres;0,24
Total Nacional;05 Canarias;Enfermedades de la piel y del tejido subcutáneo;Distribución por capítulos de la CIE;Mujeres;0,49
Total Nacional;05 Canarias;Enfermedades de la piel y del tejido subcutáneo;Tasa estandarizada de APVP (tanto por cien mil);Hombres;17,73
Total Nacional;05 Canarias;Enfermedades de la piel y del tejido subcutáneo;Tasa estandarizada de APVP (tanto por cien mil);Mujeres;19,95
Total Nacional;05 Canarias;Enfermedades de la piel y del tejido subcutáneo;Nº medio de APVP;Hombres;7,50
Total Nacional;05 Canarias;Enfermedades de la piel y del tejido subcutáneo;Nº medio de APVP;Mujeres;10,36
Total Nacional;05 Canarias;Enfermedades del sistema osteomuscular y del tejido conjuntivo;Nº de APVP;Hombres;314,50
Total Nacional;05 Canarias;Enfermedades del sistema osteomuscular y del tejido conjuntivo;Nº de APVP;Mujeres;267,50
Total Nacional;05 Canarias;Enfermedades del sistema osteomuscular y del tejido conjuntivo;Distribución por capítulos de la CIE;Hombres;0,42
Total Nacional;05 Canarias;Enfermedades del sistema osteomuscular y del tejido conjuntivo;Distribución por capítulos de la CIE;Mujeres;0,61
Total Nacional;05 Canarias;Enfermedades del sistema osteomuscular y del tejido conjuntivo;Tasa estandarizada de APVP (tanto por cien mil);Hombres;33,45
Total Nacional;05 Canarias;Enfermedades del sistema osteomuscular y del tejido conjuntivo;Tasa estandarizada de APVP (tanto por cien mil);Mujeres;21,91
Total Nacional;05 Canarias;Enfermedades del sistema osteomuscular y del tejido conjuntivo;Nº medio de APVP;Hombres;13,10
Total Nacional;05 Canarias;Enfermedades del sistema osteomuscular y del tejido conjuntivo;Nº medio de APVP;Mujeres;14,08
Total Nacional;05 Canarias;Enfermedades del sistema genitourinario;Nº de APVP;Hombres;855,00
Total Nacional;05 Canarias;Enfermedades del sistema genitourinario;Nº de APVP;Mujeres;665,00
Total Nacional;05 Canarias;Enfermedades del sistema genitourinario;Distribución por capítulos de la CIE;Hombres;1,14
Total Nacional;05 Canarias;Enfermedades del sistema genitourinario;Distribución por capítulos de la CIE;Mujeres;1,51
Total Nacional;05 Canarias;Enfermedades del sistema genitourinario;Tasa estandarizada de APVP (tanto por cien mil);Hombres;82,61
Total Nacional;05 Canarias;Enfermedades del sistema genitourinario;Tasa estandarizada de APVP (tanto por cien mil);Mujeres;60,01
Total Nacional;05 Canarias;Enfermedades del sistema genitourinario;Nº medio de APVP;Hombres;8,38
Total Nacional;05 Canarias;Enfermedades del sistema genitourinario;Nº medio de APVP;Mujeres;8,53
Total Nacional;05 Canarias;Embarazo, parto y puerperio;Nº de APVP;Hombres;..
Total Nacional;05 Canarias;Embarazo, parto y puerperio;Nº de APVP;Mujeres;80,00
Total Nacional;05 Canarias;Embarazo, parto y puerperio;Distribución por capítulos de la CIE;Hombres;..
Total Nacional;05 Canarias;Embarazo, parto y puerperio;Distribución por capítulos de la CIE;Mujeres;0,18
Total Nacional;05 Canarias;Embarazo, parto y puerperio;Tasa estandarizada de APVP (tanto por cien mil);Hombres;..
Total Nacional;05 Canarias;Embarazo, parto y puerperio;Tasa estandarizada de APVP (tanto por cien mil);Mujeres;7,31
Total Nacional;05 Canarias;Embarazo, parto y puerperio;Nº medio de APVP;Hombres;..
Total Nacional;05 Canarias;Embarazo, parto y puerperio;Nº medio de APVP;Mujeres;40,00
Total Nacional;05 Canarias;Afecciones originadas en el periodo perinatal;Nº de APVP;Hombres;..
Total Nacional;05 Canarias;Afecciones originadas en el periodo perinatal;Nº de APVP;Mujeres;37,50
Total Nacional;05 Canarias;Afecciones originadas en el periodo perinatal;Distribución por capítulos de la CIE;Hombres;..
Total Nacional;05 Canarias;Afecciones originadas en el periodo perinatal;Distribución por capítulos de la CIE;Mujeres;0,09
Total Nacional;05 Canarias;Afecciones originadas en el periodo perinatal;Tasa estandarizada de APVP (tanto por cien mil);Hombres;..
Total Nacional;05 Canarias;Afecciones originadas en el periodo perinatal;Tasa estandarizada de APVP (tanto por cien mil);Mujeres;3,18
Total Nacional;05 Canarias;Afecciones originadas en el periodo perinatal;Nº medio de APVP;Hombres;..
Total Nacional;05 Canarias;Afecciones originadas en el periodo perinatal;Nº medio de APVP;Mujeres;37,50
Total Nacional;05 Canarias;Malformaciones congénitas, deformidades y anomalías cromosómicas;Nº de APVP;Hombres;377,00
Total Nacional;05 Canarias;Malformaciones congénitas, deformidades y anomalías cromosómicas;Nº de APVP;Mujeres;657,50
Total Nacional;05 Canarias;Malformaciones congénitas, deformidades y anomalías cromosómicas;Distribución por capítulos de la CIE;Hombres;0,50
Total Nacional;05 Canarias;Malformaciones congénitas, deformidades y anomalías cromosómicas;Distribución por capítulos de la CIE;Mujeres;1,49
Total Nacional;05 Canarias;Malformaciones congénitas, deformidades y anomalías cromosómicas;Tasa estandarizada de APVP (tanto por cien mil);Hombres;37,07
Total Nacional;05 Canarias;Malformaciones congénitas, deformidades y anomalías cromosómicas;Tasa estandarizada de APVP (tanto por cien mil);Mujeres;61,13
Total Nacional;05 Canarias;Malformaciones congénitas, deformidades y anomalías cromosómicas;Nº medio de APVP;Hombres;34,27
Total Nacional;05 Canarias;Malformaciones congénitas, deformidades y anomalías cromosómicas;Nº medio de APVP;Mujeres;34,61
Total Nacional;05 Canarias;Síntomas, signos y hallazgos anormales clínicos y de laboratorio, no clasificados en otra parte;Nº de APVP;Hombres;2.642,00
Total Nacional;05 Canarias;Síntomas, signos y hallazgos anormales clínicos y de laboratorio, no clasificados en otra parte;Nº de APVP;Mujeres;1.184,50
Total Nacional;05 Canarias;Síntomas, signos y hallazgos anormales clínicos y de laboratorio, no clasificados en otra parte;Distribución por capítulos de la CIE;Hombres;3,53
Total Nacional;05 Canarias;Síntomas, signos y hallazgos anormales clínicos y de laboratorio, no clasificados en otra parte;Distribución por capítulos de la CIE;Mujeres;2,69
Total Nacional;05 Canarias;Síntomas, signos y hallazgos anormales clínicos y de laboratorio, no clasificados en otra parte;Tasa estandarizada de APVP (tanto por cien mil);Hombres;238,34
Total Nacional;05 Canarias;Síntomas, signos y hallazgos anormales clínicos y de laboratorio, no clasificados en otra parte;Tasa estandarizada de APVP (tanto por cien mil);Mujeres;105,66
Total Nacional;05 Canarias;Síntomas, signos y hallazgos anormales clínicos y de laboratorio, no clasificados en otra parte;Nº medio de APVP;Hombres;22,20
Total Nacional;05 Canarias;Síntomas, signos y hallazgos anormales clínicos y de laboratorio, no clasificados en otra parte;Nº medio de APVP;Mujeres;17,95
Total Nacional;05 Canarias;Causas externas de mortalidad;Nº de APVP;Hombres;11.684,50
Total Nacional;05 Canarias;Causas externas de mortalidad;Nº de APVP;Mujeres;3.237,00
Total Nacional;05 Canarias;Causas externas de mortalidad;Distribución por capítulos de la CIE;Hombres;15,60
Total Nacional;05 Canarias;Causas externas de mortalidad;Distribución por capítulos de la CIE;Mujeres;7,34
Total Nacional;05 Canarias;Causas externas de mortalidad;Tasa estandarizada de APVP (tanto por cien mil);Hombres;1.023,89
Total Nacional;05 Canarias;Causas externas de mortalidad;Tasa estandarizada de APVP (tanto por cien mil);Mujeres;289,15
Total Nacional;05 Canarias;Causas externas de mortalidad;Nº medio de APVP;Hombres;27,05
Total Nacional;05 Canarias;Causas externas de mortalidad;Nº medio de APVP;Mujeres;22,02
Total Nacional;06 Cantabria;Enfermedades infecciosas y parasitarias;Nº de APVP;Hombres;340,00
Total Nacional;06 Cantabria;Enfermedades infecciosas y parasitarias;Nº de APVP;Mujeres;90,00
Total Nacional;06 Cantabria;Enfermedades infecciosas y parasitarias;Distribución por capítulos de la CIE;Hombres;1,83
Total Nacional;06 Cantabria;Enfermedades infecciosas y parasitarias;Distribución por capítulos de la CIE;Mujeres;0,89
Total Nacional;06 Cantabria;Enfermedades infecciosas y parasitarias;Tasa estandarizada de APVP (tanto por cien mil);Hombres;114,35
Total Nacional;06 Cantabria;Enfermedades infecciosas y parasitarias;Tasa estandarizada de APVP (tanto por cien mil);Mujeres;25,42
Total Nacional;06 Cantabria;Enfermedades infecciosas y parasitarias;Nº medio de APVP;Hombres;10,63
Total Nacional;06 Cantabria;Enfermedades infecciosas y parasitarias;Nº medio de APVP;Mujeres;9,00
Total Nacional;06 Cantabria;Tumores;Nº de APVP;Hombres;7.300,00
Total Nacional;06 Cantabria;Tumores;Nº de APVP;Mujeres;5.715,00
Total Nacional;06 Cantabria;Tumores;Distribución por capítulos de la CIE;Hombres;39,33
Total Nacional;06 Cantabria;Tumores;Distribución por capítulos de la CIE;Mujeres;56,55
Total Nacional;06 Cantabria;Tumores;Tasa estandarizada de APVP (tanto por cien mil);Hombres;2.316,82
Total Nacional;06 Cantabria;Tumores;Tasa estandarizada de APVP (tanto por cien mil);Mujeres;1.699,19
Total Nacional;06 Cantabria;Tumores;Nº medio de APVP;Hombres;11,34
Total Nacional;06 Cantabria;Tumores;Nº medio de APVP;Mujeres;13,61
Total Nacional;06 Cantabria;Enfermedades sangre y de órganos hematopoyéticos, y ciertos trastornos que afectan al mecanismo de la inmunidad;Nº de APVP;Hombres;35,00
Total Nacional;06 Cantabria;Enfermedades sangre y de órganos hematopoyéticos, y ciertos trastornos que afectan al mecanismo de la inmunidad;Nº de APVP;Mujeres;5,00
Total Nacional;06 Cantabria;Enfermedades sangre y de órganos hematopoyéticos, y ciertos trastornos que afectan al mecanismo de la inmunidad;Distribución por capítulos de la CIE;Hombres;0,19
Total Nacional;06 Cantabria;Enfermedades sangre y de órganos hematopoyéticos, y ciertos trastornos que afectan al mecanismo de la inmunidad;Distribución por capítulos de la CIE;Mujeres;0,05
Total Nacional;06 Cantabria;Enfermedades sangre y de órganos hematopoyéticos, y ciertos trastornos que afectan al mecanismo de la inmunidad;Tasa estandarizada de APVP (tanto por cien mil);Hombres;11,07
Total Nacional;06 Cantabria;Enfermedades sangre y de órganos hematopoyéticos, y ciertos trastornos que afectan al mecanismo de la inmunidad;Tasa estandarizada de APVP (tanto por cien mil);Mujeres;1,38
Total Nacional;06 Cantabria;Enfermedades sangre y de órganos hematopoyéticos, y ciertos trastornos que afectan al mecanismo de la inmunidad;Nº medio de APVP;Hombres;17,50
Total Nacional;06 Cantabria;Enfermedades sangre y de órganos hematopoyéticos, y ciertos trastornos que afectan al mecanismo de la inmunidad;Nº medio de APVP;Mujeres;2,50
Total Nacional;06 Cantabria;Enfermedades endocrinas, nutricionales y metabólicas;Nº de APVP;Hombres;465,00
Total Nacional;06 Cantabria;Enfermedades endocrinas, nutricionales y metabólicas;Nº de APVP;Mujeres;280,00
Total Nacional;06 Cantabria;Enfermedades endocrinas, nutricionales y metabólicas;Distribución por capítulos de la CIE;Hombres;2,51
Total Nacional;06 Cantabria;Enfermedades endocrinas, nutricionales y metabólicas;Distribución por capítulos de la CIE;Mujeres;2,77
Total Nacional;06 Cantabria;Enfermedades endocrinas, nutricionales y metabólicas;Tasa estandarizada de APVP (tanto por cien mil);Hombres;143,24
Total Nacional;06 Cantabria;Enfermedades endocrinas, nutricionales y metabólicas;Tasa estandarizada de APVP (tanto por cien mil);Mujeres;87,02
Total Nacional;06 Cantabria;Enfermedades endocrinas, nutricionales y metabólicas;Nº medio de APVP;Hombres;10,57
Total Nacional;06 Cantabria;Enfermedades endocrinas, nutricionales y metabólicas;Nº medio de APVP;Mujeres;9,33
Total Nacional;06 Cantabria;Trastornos mentales y del comportamiento;Nº de APVP;Hombres;275,00
Total Nacional;06 Cantabria;Trastornos mentales y del comportamiento;Nº de APVP;Mujeres;135,00
Total Nacional;06 Cantabria;Trastornos mentales y del comportamiento;Distribución por capítulos de la CIE;Hombres;1,48
Total Nacional;06 Cantabria;Trastornos mentales y del comportamiento;Distribución por capítulos de la CIE;Mujeres;1,34
Total Nacional;06 Cantabria;Trastornos mentales y del comportamiento;Tasa estandarizada de APVP (tanto por cien mil);Hombres;86,37
Total Nacional;06 Cantabria;Trastornos mentales y del comportamiento;Tasa estandarizada de APVP (tanto por cien mil);Mujeres;39,40
Total Nacional;06 Cantabria;Trastornos mentales y del comportamiento;Nº medio de APVP;Hombres;8,59
Total Nacional;06 Cantabria;Trastornos mentales y del comportamiento;Nº medio de APVP;Mujeres;8,44
Total Nacional;06 Cantabria;Enfermedades del sistema nervioso y de los órganos de los sentidos;Nº de APVP;Hombres;422,50
Total Nacional;06 Cantabria;Enfermedades del sistema nervioso y de los órganos de los sentidos;Nº de APVP;Mujeres;430,00
Total Nacional;06 Cantabria;Enfermedades del sistema nervioso y de los órganos de los sentidos;Distribución por capítulos de la CIE;Hombres;2,28
Total Nacional;06 Cantabria;Enfermedades del sistema nervioso y de los órganos de los sentidos;Distribución por capítulos de la CIE;Mujeres;4,25
Total Nacional;06 Cantabria;Enfermedades del sistema nervioso y de los órganos de los sentidos;Tasa estandarizada de APVP (tanto por cien mil);Hombres;140,38
Total Nacional;06 Cantabria;Enfermedades del sistema nervioso y de los órganos de los sentidos;Tasa estandarizada de APVP (tanto por cien mil);Mujeres;128,98
Total Nacional;06 Cantabria;Enfermedades del sistema nervioso y de los órganos de los sentidos;Nº medio de APVP;Hombres;10,83
Total Nacional;06 Cantabria;Enfermedades del sistema nervioso y de los órganos de los sentidos;Nº medio de APVP;Mujeres;8,96
Total Nacional;06 Cantabria;Enfermedades del sistema circulatorio;Nº de APVP;Hombres;3.512,50
Total Nacional;06 Cantabria;Enfermedades del sistema circulatorio;Nº de APVP;Mujeres;1.222,50
Total Nacional;06 Cantabria;Enfermedades del sistema circulatorio;Distribución por capítulos de la CIE;Hombres;18,92
Total Nacional;06 Cantabria;Enfermedades del sistema circulatorio;Distribución por capítulos de la CIE;Mujeres;12,10
Total Nacional;06 Cantabria;Enfermedades del sistema circulatorio;Tasa estandarizada de APVP (tanto por cien mil);Hombres;1.123,60
Total Nacional;06 Cantabria;Enfermedades del sistema circulatorio;Tasa estandarizada de APVP (tanto por cien mil);Mujeres;362,40
Total Nacional;06 Cantabria;Enfermedades del sistema circulatorio;Nº medio de APVP;Hombres;11,52
Total Nacional;06 Cantabria;Enfermedades del sistema circulatorio;Nº medio de APVP;Mujeres;9,78
Total Nacional;06 Cantabria;Enfermedades del sistema respiratorio;Nº de APVP;Hombres;1.085,00
Total Nacional;06 Cantabria;Enfermedades del sistema respiratorio;Nº de APVP;Mujeres;811,50
Total Nacional;06 Cantabria;Enfermedades del sistema respiratorio;Distribución por capítulos de la CIE;Hombres;5,85
Total Nacional;06 Cantabria;Enfermedades del sistema respiratorio;Distribución por capítulos de la CIE;Mujeres;8,03
Total Nacional;06 Cantabria;Enfermedades del sistema respiratorio;Tasa estandarizada de APVP (tanto por cien mil);Hombres;359,74
Total Nacional;06 Cantabria;Enfermedades del sistema respiratorio;Tasa estandarizada de APVP (tanto por cien mil);Mujeres;290,44
Total Nacional;06 Cantabria;Enfermedades del sistema respiratorio;Nº medio de APVP;Hombres;8,89
Total Nacional;06 Cantabria;Enfermedades del sistema respiratorio;Nº medio de APVP;Mujeres;11,12
Total Nacional;06 Cantabria;Enfermedades del sistema digestivo;Nº de APVP;Hombres;1.215,00
Total Nacional;06 Cantabria;Enfermedades del sistema digestivo;Nº de APVP;Mujeres;357,50
Total Nacional;06 Cantabria;Enfermedades del sistema digestivo;Distribución por capítulos de la CIE;Hombres;6,55
Total Nacional;06 Cantabria;Enfermedades del sistema digestivo;Distribución por capítulos de la CIE;Mujeres;3,54
Total Nacional;06 Cantabria;Enfermedades del sistema digestivo;Tasa estandarizada de APVP (tanto por cien mil);Hombres;377,69
Total Nacional;06 Cantabria;Enfermedades del sistema digestivo;Tasa estandarizada de APVP (tanto por cien mil);Mujeres;102,68
Total Nacional;06 Cantabria;Enfermedades del sistema digestivo;Nº medio de APVP;Hombres;13,50
Total Nacional;06 Cantabria;Enfermedades del sistema digestivo;Nº medio de APVP;Mujeres;8,72
Total Nacional;06 Cantabria;Enfermedades de la piel y del tejido subcutáneo;Nº de APVP;Hombres;7,50
Total Nacional;06 Cantabria;Enfermedades de la piel y del tejido subcutáneo;Nº de APVP;Mujeres;5,00
Total Nacional;06 Cantabria;Enfermedades de la piel y del tejido subcutáneo;Distribución por capítulos de la CIE;Hombres;0,04
Total Nacional;06 Cantabria;Enfermedades de la piel y del tejido subcutáneo;Distribución por capítulos de la CIE;Mujeres;0,05
Total Nacional;06 Cantabria;Enfermedades de la piel y del tejido subcutáneo;Tasa estandarizada de APVP (tanto por cien mil);Hombres;2,60
Total Nacional;06 Cantabria;Enfermedades de la piel y del tejido subcutáneo;Tasa estandarizada de APVP (tanto por cien mil);Mujeres;1,38
Total Nacional;06 Cantabria;Enfermedades de la piel y del tejido subcutáneo;Nº medio de APVP;Hombres;2,50
Total Nacional;06 Cantabria;Enfermedades de la piel y del tejido subcutáneo;Nº medio de APVP;Mujeres;2,50
Total Nacional;06 Cantabria;Enfermedades del sistema osteomuscular y del tejido conjuntivo;Nº de APVP;Hombres;102,50
Total Nacional;06 Cantabria;Enfermedades del sistema osteomuscular y del tejido conjuntivo;Nº de APVP;Mujeres;114,50
Total Nacional;06 Cantabria;Enfermedades del sistema osteomuscular y del tejido conjuntivo;Distribución por capítulos de la CIE;Hombres;0,55
Total Nacional;06 Cantabria;Enfermedades del sistema osteomuscular y del tejido conjuntivo;Distribución por capítulos de la CIE;Mujeres;1,13
Total Nacional;06 Cantabria;Enfermedades del sistema osteomuscular y del tejido conjuntivo;Tasa estandarizada de APVP (tanto por cien mil);Hombres;31,52
Total Nacional;06 Cantabria;Enfermedades del sistema osteomuscular y del tejido conjuntivo;Tasa estandarizada de APVP (tanto por cien mil);Mujeres;59,03
Total Nacional;06 Cantabria;Enfermedades del sistema osteomuscular y del tejido conjuntivo;Nº medio de APVP;Hombres;14,64
Total Nacional;06 Cantabria;Enfermedades del sistema osteomuscular y del tejido conjuntivo;Nº medio de APVP;Mujeres;19,08
Total Nacional;06 Cantabria;Enfermedades del sistema genitourinario;Nº de APVP;Hombres;110,00
Total Nacional;06 Cantabria;Enfermedades del sistema genitourinario;Nº de APVP;Mujeres;27,50
Total Nacional;06 Cantabria;Enfermedades del sistema genitourinario;Distribución por capítulos de la CIE;Hombres;0,59
Total Nacional;06 Cantabria;Enfermedades del sistema genitourinario;Distribución por capítulos de la CIE;Mujeres;0,27
Total Nacional;06 Cantabria;Enfermedades del sistema genitourinario;Tasa estandarizada de APVP (tanto por cien mil);Hombres;34,84
Total Nacional;06 Cantabria;Enfermedades del sistema genitourinario;Tasa estandarizada de APVP (tanto por cien mil);Mujeres;7,74
Total Nacional;06 Cantabria;Enfermedades del sistema genitourinario;Nº medio de APVP;Hombres;6,88
Total Nacional;06 Cantabria;Enfermedades del sistema genitourinario;Nº medio de APVP;Mujeres;3,06
Total Nacional;06 Cantabria;Embarazo, parto y puerperio;Nº de APVP;Hombres;..
Total Nacional;06 Cantabria;Embarazo, parto y puerperio;Nº de APVP;Mujeres;..
Total Nacional;06 Cantabria;Embarazo, parto y puerperio;Distribución por capítulos de la CIE;Hombres;..
Total Nacional;06 Cantabria;Embarazo, parto y puerperio;Distribución por capítulos de la CIE;Mujeres;..
Total Nacional;06 Cantabria;Embarazo, parto y puerperio;Tasa estandarizada de APVP (tanto por cien mil);Hombres;..
Total Nacional;06 Cantabria;Embarazo, parto y puerperio;Tasa estandarizada de APVP (tanto por cien mil);Mujeres;..
Total Nacional;06 Cantabria;Embarazo, parto y puerperio;Nº medio de APVP;Hombres;..
Total Nacional;06 Cantabria;Embarazo, parto y puerperio;Nº medio de APVP;Mujeres;..
Total Nacional;06 Cantabria;Afecciones originadas en el periodo perinatal;Nº de APVP;Hombres;..
Total Nacional;06 Cantabria;Afecciones originadas en el periodo perinatal;Nº de APVP;Mujeres;..
Total Nacional;06 Cantabria;Afecciones originadas en el periodo perinatal;Distribución por capítulos de la CIE;Hombres;..
Total Nacional;06 Cantabria;Afecciones originadas en el periodo perinatal;Distribución por capítulos de la CIE;Mujeres;..
Total Nacional;06 Cantabria;Afecciones originadas en el periodo perinatal;Tasa estandarizada de APVP (tanto por cien mil);Hombres;..
Total Nacional;06 Cantabria;Afecciones originadas en el periodo perinatal;Tasa estandarizada de APVP (tanto por cien mil);Mujeres;..
Total Nacional;06 Cantabria;Afecciones originadas en el periodo perinatal;Nº medio de APVP;Hombres;..
Total Nacional;06 Cantabria;Afecciones originadas en el periodo perinatal;Nº medio de APVP;Mujeres;..
Total Nacional;06 Cantabria;Malformaciones congénitas, deformidades y anomalías cromosómicas;Nº de APVP;Hombres;135,00
Total Nacional;06 Cantabria;Malformaciones congénitas, deformidades y anomalías cromosómicas;Nº de APVP;Mujeres;97,50
Total Nacional;06 Cantabria;Malformaciones congénitas, deformidades y anomalías cromosómicas;Distribución por capítulos de la CIE;Hombres;0,73
Total Nacional;06 Cantabria;Malformaciones congénitas, deformidades y anomalías cromosómicas;Distribución por capítulos de la CIE;Mujeres;0,96
Total Nacional;06 Cantabria;Malformaciones congénitas, deformidades y anomalías cromosómicas;Tasa estandarizada de APVP (tanto por cien mil);Hombres;47,58
Total Nacional;06 Cantabria;Malformaciones congénitas, deformidades y anomalías cromosómicas;Tasa estandarizada de APVP (tanto por cien mil);Mujeres;38,06
Total Nacional;06 Cantabria;Malformaciones congénitas, deformidades y anomalías cromosómicas;Nº medio de APVP;Hombres;33,75
Total Nacional;06 Cantabria;Malformaciones congénitas, deformidades y anomalías cromosómicas;Nº medio de APVP;Mujeres;19,50
Total Nacional;06 Cantabria;Síntomas, signos y hallazgos anormales clínicos y de laboratorio, no clasificados en otra parte;Nº de APVP;Hombres;1.040,00
Total Nacional;06 Cantabria;Síntomas, signos y hallazgos anormales clínicos y de laboratorio, no clasificados en otra parte;Nº de APVP;Mujeres;282,50
Total Nacional;06 Cantabria;Síntomas, signos y hallazgos anormales clínicos y de laboratorio, no clasificados en otra parte;Distribución por capítulos de la CIE;Hombres;5,60
Total Nacional;06 Cantabria;Síntomas, signos y hallazgos anormales clínicos y de laboratorio, no clasificados en otra parte;Distribución por capítulos de la CIE;Mujeres;2,80
Total Nacional;06 Cantabria;Síntomas, signos y hallazgos anormales clínicos y de laboratorio, no clasificados en otra parte;Tasa estandarizada de APVP (tanto por cien mil);Hombres;382,45
Total Nacional;06 Cantabria;Síntomas, signos y hallazgos anormales clínicos y de laboratorio, no clasificados en otra parte;Tasa estandarizada de APVP (tanto por cien mil);Mujeres;93,00
Total Nacional;06 Cantabria;Síntomas, signos y hallazgos anormales clínicos y de laboratorio, no clasificados en otra parte;Nº medio de APVP;Hombres;27,37
Total Nacional;06 Cantabria;Síntomas, signos y hallazgos anormales clínicos y de laboratorio, no clasificados en otra parte;Nº medio de APVP;Mujeres;14,87
Total Nacional;06 Cantabria;Causas externas de mortalidad;Nº de APVP;Hombres;2.517,50
Total Nacional;06 Cantabria;Causas externas de mortalidad;Nº de APVP;Mujeres;532,50
Total Nacional;06 Cantabria;Causas externas de mortalidad;Distribución por capítulos de la CIE;Hombres;13,56
Total Nacional;06 Cantabria;Causas externas de mortalidad;Distribución por capítulos de la CIE;Mujeres;5,27
Total Nacional;06 Cantabria;Causas externas de mortalidad;Tasa estandarizada de APVP (tanto por cien mil);Hombres;923,96
Total Nacional;06 Cantabria;Causas externas de mortalidad;Tasa estandarizada de APVP (tanto por cien mil);Mujeres;169,94
Total Nacional;06 Cantabria;Causas externas de mortalidad;Nº medio de APVP;Hombres;24,44
Total Nacional;06 Cantabria;Causas externas de mortalidad;Nº medio de APVP;Mujeres;16,14
Total Nacional;07 Castilla y León;Enfermedades infecciosas y parasitarias;Nº de APVP;Hombres;1.702,50
Total Nacional;07 Castilla y León;Enfermedades infecciosas y parasitarias;Nº de APVP;Mujeres;1.000,00
Total Nacional;07 Castilla y León;Enfermedades infecciosas y parasitarias;Distribución por capítulos de la CIE;Hombres;2,38
Total Nacional;07 Castilla y León;Enfermedades infecciosas y parasitarias;Distribución por capítulos de la CIE;Mujeres;2,62
Total Nacional;07 Castilla y León;Enfermedades infecciosas y parasitarias;Tasa estandarizada de APVP (tanto por cien mil);Hombres;133,88
Total Nacional;07 Castilla y León;Enfermedades infecciosas y parasitarias;Tasa estandarizada de APVP (tanto por cien mil);Mujeres;77,13
Total Nacional;07 Castilla y León;Enfermedades infecciosas y parasitarias;Nº medio de APVP;Hombres;11,13
Total Nacional;07 Castilla y León;Enfermedades infecciosas y parasitarias;Nº medio de APVP;Mujeres;11,36
Total Nacional;07 Castilla y León;Tumores;Nº de APVP;Hombres;28.522,50
Total Nacional;07 Castilla y León;Tumores;Nº de APVP;Mujeres;19.657,00
Total Nacional;07 Castilla y León;Tumores;Distribución por capítulos de la CIE;Hombres;39,83
Total Nacional;07 Castilla y León;Tumores;Distribución por capítulos de la CIE;Mujeres;51,48
Total Nacional;07 Castilla y León;Tumores;Tasa estandarizada de APVP (tanto por cien mil);Hombres;2.136,14
Total Nacional;07 Castilla y León;Tumores;Tasa estandarizada de APVP (tanto por cien mil);Mujeres;1.542,30
Total Nacional;07 Castilla y León;Tumores;Nº medio de APVP;Hombres;11,24
Total Nacional;07 Castilla y León;Tumores;Nº medio de APVP;Mujeres;13,49
Total Nacional;07 Castilla y León;Enfermedades sangre y de órganos hematopoyéticos, y ciertos trastornos que afectan al mecanismo de la inmunidad;Nº de APVP;Hombres;135,00
Total Nacional;07 Castilla y León;Enfermedades sangre y de órganos hematopoyéticos, y ciertos trastornos que afectan al mecanismo de la inmunidad;Nº de APVP;Mujeres;245,00
Total Nacional;07 Castilla y León;Enfermedades sangre y de órganos hematopoyéticos, y ciertos trastornos que afectan al mecanismo de la inmunidad;Distribución por capítulos de la CIE;Hombres;0,19
Total Nacional;07 Castilla y León;Enfermedades sangre y de órganos hematopoyéticos, y ciertos trastornos que afectan al mecanismo de la inmunidad;Distribución por capítulos de la CIE;Mujeres;0,64
Total Nacional;07 Castilla y León;Enfermedades sangre y de órganos hematopoyéticos, y ciertos trastornos que afectan al mecanismo de la inmunidad;Tasa estandarizada de APVP (tanto por cien mil);Hombres;10,39
Total Nacional;07 Castilla y León;Enfermedades sangre y de órganos hematopoyéticos, y ciertos trastornos que afectan al mecanismo de la inmunidad;Tasa estandarizada de APVP (tanto por cien mil);Mujeres;20,12
Total Nacional;07 Castilla y León;Enfermedades sangre y de órganos hematopoyéticos, y ciertos trastornos que afectan al mecanismo de la inmunidad;Nº medio de APVP;Hombres;13,50
Total Nacional;07 Castilla y León;Enfermedades sangre y de órganos hematopoyéticos, y ciertos trastornos que afectan al mecanismo de la inmunidad;Nº medio de APVP;Mujeres;12,25
Total Nacional;07 Castilla y León;Enfermedades endocrinas, nutricionales y metabólicas;Nº de APVP;Hombres;2.172,50
Total Nacional;07 Castilla y León;Enfermedades endocrinas, nutricionales y metabólicas;Nº de APVP;Mujeres;1.181,50
Total Nacional;07 Castilla y León;Enfermedades endocrinas, nutricionales y metabólicas;Distribución por capítulos de la CIE;Hombres;3,03
Total Nacional;07 Castilla y León;Enfermedades endocrinas, nutricionales y metabólicas;Distribución por capítulos de la CIE;Mujeres;3,09
Total Nacional;07 Castilla y León;Enfermedades endocrinas, nutricionales y metabólicas;Tasa estandarizada de APVP (tanto por cien mil);Hombres;160,55
Total Nacional;07 Castilla y León;Enfermedades endocrinas, nutricionales y metabólicas;Tasa estandarizada de APVP (tanto por cien mil);Mujeres;99,89
Total Nacional;07 Castilla y León;Enfermedades endocrinas, nutricionales y metabólicas;Nº medio de APVP;Hombres;10,20
Total Nacional;07 Castilla y León;Enfermedades endocrinas, nutricionales y metabólicas;Nº medio de APVP;Mujeres;11,70
Total Nacional;07 Castilla y León;Trastornos mentales y del comportamiento;Nº de APVP;Hombres;877,50
Total Nacional;07 Castilla y León;Trastornos mentales y del comportamiento;Nº de APVP;Mujeres;367,50
Total Nacional;07 Castilla y León;Trastornos mentales y del comportamiento;Distribución por capítulos de la CIE;Hombres;1,23
Total Nacional;07 Castilla y León;Trastornos mentales y del comportamiento;Distribución por capítulos de la CIE;Mujeres;0,96
Total Nacional;07 Castilla y León;Trastornos mentales y del comportamiento;Tasa estandarizada de APVP (tanto por cien mil);Hombres;67,99
Total Nacional;07 Castilla y León;Trastornos mentales y del comportamiento;Tasa estandarizada de APVP (tanto por cien mil);Mujeres;27,07
Total Nacional;07 Castilla y León;Trastornos mentales y del comportamiento;Nº medio de APVP;Hombres;11,70
Total Nacional;07 Castilla y León;Trastornos mentales y del comportamiento;Nº medio de APVP;Mujeres;6,45
Total Nacional;07 Castilla y León;Enfermedades del sistema nervioso y de los órganos de los sentidos;Nº de APVP;Hombres;2.667,50
Total Nacional;07 Castilla y León;Enfermedades del sistema nervioso y de los órganos de los sentidos;Nº de APVP;Mujeres;2.037,50
Total Nacional;07 Castilla y León;Enfermedades del sistema nervioso y de los órganos de los sentidos;Distribución por capítulos de la CIE;Hombres;3,72
Total Nacional;07 Castilla y León;Enfermedades del sistema nervioso y de los órganos de los sentidos;Distribución por capítulos de la CIE;Mujeres;5,34
Total Nacional;07 Castilla y León;Enfermedades del sistema nervioso y de los órganos de los sentidos;Tasa estandarizada de APVP (tanto por cien mil);Hombres;216,03
Total Nacional;07 Castilla y León;Enfermedades del sistema nervioso y de los órganos de los sentidos;Tasa estandarizada de APVP (tanto por cien mil);Mujeres;158,37
Total Nacional;07 Castilla y León;Enfermedades del sistema nervioso y de los órganos de los sentidos;Nº medio de APVP;Hombres;11,86
Total Nacional;07 Castilla y León;Enfermedades del sistema nervioso y de los órganos de los sentidos;Nº medio de APVP;Mujeres;10,90
Total Nacional;07 Castilla y León;Enfermedades del sistema circulatorio;Nº de APVP;Hombres;14.452,00
Total Nacional;07 Castilla y León;Enfermedades del sistema circulatorio;Nº de APVP;Mujeres;5.389,50
Total Nacional;07 Castilla y León;Enfermedades del sistema circulatorio;Distribución por capítulos de la CIE;Hombres;20,18
Total Nacional;07 Castilla y León;Enfermedades del sistema circulatorio;Distribución por capítulos de la CIE;Mujeres;14,11
Total Nacional;07 Castilla y León;Enfermedades del sistema circulatorio;Tasa estandarizada de APVP (tanto por cien mil);Hombres;1.105,09
Total Nacional;07 Castilla y León;Enfermedades del sistema circulatorio;Tasa estandarizada de APVP (tanto por cien mil);Mujeres;420,87
Total Nacional;07 Castilla y León;Enfermedades del sistema circulatorio;Nº medio de APVP;Hombres;12,15
Total Nacional;07 Castilla y León;Enfermedades del sistema circulatorio;Nº medio de APVP;Mujeres;10,82
Total Nacional;07 Castilla y León;Enfermedades del sistema respiratorio;Nº de APVP;Hombres;3.985,00
Total Nacional;07 Castilla y León;Enfermedades del sistema respiratorio;Nº de APVP;Mujeres;1.702,50
Total Nacional;07 Castilla y León;Enfermedades del sistema respiratorio;Distribución por capítulos de la CIE;Hombres;5,56
Total Nacional;07 Castilla y León;Enfermedades del sistema respiratorio;Distribución por capítulos de la CIE;Mujeres;4,46
Total Nacional;07 Castilla y León;Enfermedades del sistema respiratorio;Tasa estandarizada de APVP (tanto por cien mil);Hombres;297,41
Total Nacional;07 Castilla y León;Enfermedades del sistema respiratorio;Tasa estandarizada de APVP (tanto por cien mil);Mujeres;128,43
Total Nacional;07 Castilla y León;Enfermedades del sistema respiratorio;Nº medio de APVP;Hombres;9,22
Total Nacional;07 Castilla y León;Enfermedades del sistema respiratorio;Nº medio de APVP;Mujeres;9,96
Total Nacional;07 Castilla y León;Enfermedades del sistema digestivo;Nº de APVP;Hombres;4.665,00
Total Nacional;07 Castilla y León;Enfermedades del sistema digestivo;Nº de APVP;Mujeres;1.637,50
Total Nacional;07 Castilla y León;Enfermedades del sistema digestivo;Distribución por capítulos de la CIE;Hombres;6,51
Total Nacional;07 Castilla y León;Enfermedades del sistema digestivo;Distribución por capítulos de la CIE;Mujeres;4,29
Total Nacional;07 Castilla y León;Enfermedades del sistema digestivo;Tasa estandarizada de APVP (tanto por cien mil);Hombres;353,74
Total Nacional;07 Castilla y León;Enfermedades del sistema digestivo;Tasa estandarizada de APVP (tanto por cien mil);Mujeres;126,84
Total Nacional;07 Castilla y León;Enfermedades del sistema digestivo;Nº medio de APVP;Hombres;12,82
Total Nacional;07 Castilla y León;Enfermedades del sistema digestivo;Nº medio de APVP;Mujeres;12,31
Total Nacional;07 Castilla y León;Enfermedades de la piel y del tejido subcutáneo;Nº de APVP;Hombres;135,00
Total Nacional;07 Castilla y León;Enfermedades de la piel y del tejido subcutáneo;Nº de APVP;Mujeres;102,50
Total Nacional;07 Castilla y León;Enfermedades de la piel y del tejido subcutáneo;Distribución por capítulos de la CIE;Hombres;0,19
Total Nacional;07 Castilla y León;Enfermedades de la piel y del tejido subcutáneo;Distribución por capítulos de la CIE;Mujeres;0,27
Total Nacional;07 Castilla y León;Enfermedades de la piel y del tejido subcutáneo;Tasa estandarizada de APVP (tanto por cien mil);Hombres;11,87
Total Nacional;07 Castilla y León;Enfermedades de la piel y del tejido subcutáneo;Tasa estandarizada de APVP (tanto por cien mil);Mujeres;7,41
Total Nacional;07 Castilla y León;Enfermedades de la piel y del tejido subcutáneo;Nº medio de APVP;Hombres;11,25
Total Nacional;07 Castilla y León;Enfermedades de la piel y del tejido subcutáneo;Nº medio de APVP;Mujeres;9,32
Total Nacional;07 Castilla y León;Enfermedades del sistema osteomuscular y del tejido conjuntivo;Nº de APVP;Hombres;417,50
Total Nacional;07 Castilla y León;Enfermedades del sistema osteomuscular y del tejido conjuntivo;Nº de APVP;Mujeres;335,00
Total Nacional;07 Castilla y León;Enfermedades del sistema osteomuscular y del tejido conjuntivo;Distribución por capítulos de la CIE;Hombres;0,58
Total Nacional;07 Castilla y León;Enfermedades del sistema osteomuscular y del tejido conjuntivo;Distribución por capítulos de la CIE;Mujeres;0,88
Total Nacional;07 Castilla y León;Enfermedades del sistema osteomuscular y del tejido conjuntivo;Tasa estandarizada de APVP (tanto por cien mil);Hombres;31,63
Total Nacional;07 Castilla y León;Enfermedades del sistema osteomuscular y del tejido conjuntivo;Tasa estandarizada de APVP (tanto por cien mil);Mujeres;27,30
Total Nacional;07 Castilla y León;Enfermedades del sistema osteomuscular y del tejido conjuntivo;Nº medio de APVP;Hombres;10,71
Total Nacional;07 Castilla y León;Enfermedades del sistema osteomuscular y del tejido conjuntivo;Nº medio de APVP;Mujeres;9,31
Total Nacional;07 Castilla y León;Enfermedades del sistema genitourinario;Nº de APVP;Hombres;680,00
Total Nacional;07 Castilla y León;Enfermedades del sistema genitourinario;Nº de APVP;Mujeres;317,50
Total Nacional;07 Castilla y León;Enfermedades del sistema genitourinario;Distribución por capítulos de la CIE;Hombres;0,95
Total Nacional;07 Castilla y León;Enfermedades del sistema genitourinario;Distribución por capítulos de la CIE;Mujeres;0,83
Total Nacional;07 Castilla y León;Enfermedades del sistema genitourinario;Tasa estandarizada de APVP (tanto por cien mil);Hombres;52,06
Total Nacional;07 Castilla y León;Enfermedades del sistema genitourinario;Tasa estandarizada de APVP (tanto por cien mil);Mujeres;22,87
Total Nacional;07 Castilla y León;Enfermedades del sistema genitourinario;Nº medio de APVP;Hombres;8,10
Total Nacional;07 Castilla y León;Enfermedades del sistema genitourinario;Nº medio de APVP;Mujeres;7,74
Total Nacional;07 Castilla y León;Embarazo, parto y puerperio;Nº de APVP;Hombres;..
Total Nacional;07 Castilla y León;Embarazo, parto y puerperio;Nº de APVP;Mujeres;..
Total Nacional;07 Castilla y León;Embarazo, parto y puerperio;Distribución por capítulos de la CIE;Hombres;..
Total Nacional;07 Castilla y León;Embarazo, parto y puerperio;Distribución por capítulos de la CIE;Mujeres;..
Total Nacional;07 Castilla y León;Embarazo, parto y puerperio;Tasa estandarizada de APVP (tanto por cien mil);Hombres;..
Total Nacional;07 Castilla y León;Embarazo, parto y puerperio;Tasa estandarizada de APVP (tanto por cien mil);Mujeres;..
Total Nacional;07 Castilla y León;Embarazo, parto y puerperio;Nº medio de APVP;Hombres;..
Total Nacional;07 Castilla y León;Embarazo, parto y puerperio;Nº medio de APVP;Mujeres;..
Total Nacional;07 Castilla y León;Afecciones originadas en el periodo perinatal;Nº de APVP;Hombres;75,00
Total Nacional;07 Castilla y León;Afecciones originadas en el periodo perinatal;Nº de APVP;Mujeres;65,00
Total Nacional;07 Castilla y León;Afecciones originadas en el periodo perinatal;Distribución por capítulos de la CIE;Hombres;0,10
Total Nacional;07 Castilla y León;Afecciones originadas en el periodo perinatal;Distribución por capítulos de la CIE;Mujeres;0,17
Total Nacional;07 Castilla y León;Afecciones originadas en el periodo perinatal;Tasa estandarizada de APVP (tanto por cien mil);Hombres;7,25
Total Nacional;07 Castilla y León;Afecciones originadas en el periodo perinatal;Tasa estandarizada de APVP (tanto por cien mil);Mujeres;5,26
Total Nacional;07 Castilla y León;Afecciones originadas en el periodo perinatal;Nº medio de APVP;Hombres;37,50
Total Nacional;07 Castilla y León;Afecciones originadas en el periodo perinatal;Nº medio de APVP;Mujeres;32,50
Total Nacional;07 Castilla y León;Malformaciones congénitas, deformidades y anomalías cromosómicas;Nº de APVP;Hombres;557,50
Total Nacional;07 Castilla y León;Malformaciones congénitas, deformidades y anomalías cromosómicas;Nº de APVP;Mujeres;810,00
Total Nacional;07 Castilla y León;Malformaciones congénitas, deformidades y anomalías cromosómicas;Distribución por capítulos de la CIE;Hombres;0,78
Total Nacional;07 Castilla y León;Malformaciones congénitas, deformidades y anomalías cromosómicas;Distribución por capítulos de la CIE;Mujeres;2,12
Total Nacional;07 Castilla y León;Malformaciones congénitas, deformidades y anomalías cromosómicas;Tasa estandarizada de APVP (tanto por cien mil);Hombres;50,98
Total Nacional;07 Castilla y León;Malformaciones congénitas, deformidades y anomalías cromosómicas;Tasa estandarizada de APVP (tanto por cien mil);Mujeres;72,01
Total Nacional;07 Castilla y León;Malformaciones congénitas, deformidades y anomalías cromosómicas;Nº medio de APVP;Hombres;24,24
Total Nacional;07 Castilla y León;Malformaciones congénitas, deformidades y anomalías cromosómicas;Nº medio de APVP;Mujeres;25,31
Total Nacional;07 Castilla y León;Síntomas, signos y hallazgos anormales clínicos y de laboratorio, no clasificados en otra parte;Nº de APVP;Hombres;1.032,00
Total Nacional;07 Castilla y León;Síntomas, signos y hallazgos anormales clínicos y de laboratorio, no clasificados en otra parte;Nº de APVP;Mujeres;405,00
Total Nacional;07 Castilla y León;Síntomas, signos y hallazgos anormales clínicos y de laboratorio, no clasificados en otra parte;Distribución por capítulos de la CIE;Hombres;1,44
Total Nacional;07 Castilla y León;Síntomas, signos y hallazgos anormales clínicos y de laboratorio, no clasificados en otra parte;Distribución por capítulos de la CIE;Mujeres;1,06
Total Nacional;07 Castilla y León;Síntomas, signos y hallazgos anormales clínicos y de laboratorio, no clasificados en otra parte;Tasa estandarizada de APVP (tanto por cien mil);Hombres;87,34
Total Nacional;07 Castilla y León;Síntomas, signos y hallazgos anormales clínicos y de laboratorio, no clasificados en otra parte;Tasa estandarizada de APVP (tanto por cien mil);Mujeres;30,71
Total Nacional;07 Castilla y León;Síntomas, signos y hallazgos anormales clínicos y de laboratorio, no clasificados en otra parte;Nº medio de APVP;Hombres;16,92
Total Nacional;07 Castilla y León;Síntomas, signos y hallazgos anormales clínicos y de laboratorio, no clasificados en otra parte;Nº medio de APVP;Mujeres;13,50
Total Nacional;07 Castilla y León;Causas externas de mortalidad;Nº de APVP;Hombres;9.541,50
Total Nacional;07 Castilla y León;Causas externas de mortalidad;Nº de APVP;Mujeres;2.932,50
Total Nacional;07 Castilla y León;Causas externas de mortalidad;Distribución por capítulos de la CIE;Hombres;13,32
Total Nacional;07 Castilla y León;Causas externas de mortalidad;Distribución por capítulos de la CIE;Mujeres;7,68
Total Nacional;07 Castilla y León;Causas externas de mortalidad;Tasa estandarizada de APVP (tanto por cien mil);Hombres;883,62
Total Nacional;07 Castilla y León;Causas externas de mortalidad;Tasa estandarizada de APVP (tanto por cien mil);Mujeres;262,83
Total Nacional;07 Castilla y León;Causas externas de mortalidad;Nº medio de APVP;Hombres;22,99
Total Nacional;07 Castilla y León;Causas externas de mortalidad;Nº medio de APVP;Mujeres;20,51
Total Nacional;08 Castilla - La Mancha;Enfermedades infecciosas y parasitarias;Nº de APVP;Hombres;1.332,50
Total Nacional;08 Castilla - La Mancha;Enfermedades infecciosas y parasitarias;Nº de APVP;Mujeres;622,50
Total Nacional;08 Castilla - La Mancha;Enfermedades infecciosas y parasitarias;Distribución por capítulos de la CIE;Hombres;2,21
Total Nacional;08 Castilla - La Mancha;Enfermedades infecciosas y parasitarias;Distribución por capítulos de la CIE;Mujeres;2,04
Total Nacional;08 Castilla - La Mancha;Enfermedades infecciosas y parasitarias;Tasa estandarizada de APVP (tanto por cien mil);Hombres;129,40
Total Nacional;08 Castilla - La Mancha;Enfermedades infecciosas y parasitarias;Tasa estandarizada de APVP (tanto por cien mil);Mujeres;60,42
Total Nacional;08 Castilla - La Mancha;Enfermedades infecciosas y parasitarias;Nº medio de APVP;Hombres;11,39
Total Nacional;08 Castilla - La Mancha;Enfermedades infecciosas y parasitarias;Nº medio de APVP;Mujeres;13,24
Total Nacional;08 Castilla - La Mancha;Tumores;Nº de APVP;Hombres;22.809,50
Total Nacional;08 Castilla - La Mancha;Tumores;Nº de APVP;Mujeres;14.761,50
Total Nacional;08 Castilla - La Mancha;Tumores;Distribución por capítulos de la CIE;Hombres;37,79
Total Nacional;08 Castilla - La Mancha;Tumores;Distribución por capítulos de la CIE;Mujeres;48,35
Total Nacional;08 Castilla - La Mancha;Tumores;Tasa estandarizada de APVP (tanto por cien mil);Hombres;2.191,24
Total Nacional;08 Castilla - La Mancha;Tumores;Tasa estandarizada de APVP (tanto por cien mil);Mujeres;1.410,81
Total Nacional;08 Castilla - La Mancha;Tumores;Nº medio de APVP;Hombres;12,71
Total Nacional;08 Castilla - La Mancha;Tumores;Nº medio de APVP;Mujeres;14,90
Total Nacional;08 Castilla - La Mancha;Enfermedades sangre y de órganos hematopoyéticos, y ciertos trastornos que afectan al mecanismo de la inmunidad;Nº de APVP;Hombres;192,50
Total Nacional;08 Castilla - La Mancha;Enfermedades sangre y de órganos hematopoyéticos, y ciertos trastornos que afectan al mecanismo de la inmunidad;Nº de APVP;Mujeres;100,00
Total Nacional;08 Castilla - La Mancha;Enfermedades sangre y de órganos hematopoyéticos, y ciertos trastornos que afectan al mecanismo de la inmunidad;Distribución por capítulos de la CIE;Hombres;0,32
Total Nacional;08 Castilla - La Mancha;Enfermedades sangre y de órganos hematopoyéticos, y ciertos trastornos que afectan al mecanismo de la inmunidad;Distribución por capítulos de la CIE;Mujeres;0,33
Total Nacional;08 Castilla - La Mancha;Enfermedades sangre y de órganos hematopoyéticos, y ciertos trastornos que afectan al mecanismo de la inmunidad;Tasa estandarizada de APVP (tanto por cien mil);Hombres;17,32
Total Nacional;08 Castilla - La Mancha;Enfermedades sangre y de órganos hematopoyéticos, y ciertos trastornos que afectan al mecanismo de la inmunidad;Tasa estandarizada de APVP (tanto por cien mil);Mujeres;9,87
Total Nacional;08 Castilla - La Mancha;Enfermedades sangre y de órganos hematopoyéticos, y ciertos trastornos que afectan al mecanismo de la inmunidad;Nº medio de APVP;Hombres;14,81
Total Nacional;08 Castilla - La Mancha;Enfermedades sangre y de órganos hematopoyéticos, y ciertos trastornos que afectan al mecanismo de la inmunidad;Nº medio de APVP;Mujeres;8,33
Total Nacional;08 Castilla - La Mancha;Enfermedades endocrinas, nutricionales y metabólicas;Nº de APVP;Hombres;1.512,00
Total Nacional;08 Castilla - La Mancha;Enfermedades endocrinas, nutricionales y metabólicas;Nº de APVP;Mujeres;677,50
Total Nacional;08 Castilla - La Mancha;Enfermedades endocrinas, nutricionales y metabólicas;Distribución por capítulos de la CIE;Hombres;2,51
Total Nacional;08 Castilla - La Mancha;Enfermedades endocrinas, nutricionales y metabólicas;Distribución por capítulos de la CIE;Mujeres;2,22
Total Nacional;08 Castilla - La Mancha;Enfermedades endocrinas, nutricionales y metabólicas;Tasa estandarizada de APVP (tanto por cien mil);Hombres;152,32
Total Nacional;08 Castilla - La Mancha;Enfermedades endocrinas, nutricionales y metabólicas;Tasa estandarizada de APVP (tanto por cien mil);Mujeres;70,13
Total Nacional;08 Castilla - La Mancha;Enfermedades endocrinas, nutricionales y metabólicas;Nº medio de APVP;Hombres;11,72
Total Nacional;08 Castilla - La Mancha;Enfermedades endocrinas, nutricionales y metabólicas;Nº medio de APVP;Mujeres;9,82
Total Nacional;08 Castilla - La Mancha;Trastornos mentales y del comportamiento;Nº de APVP;Hombres;512,50
Total Nacional;08 Castilla - La Mancha;Trastornos mentales y del comportamiento;Nº de APVP;Mujeres;340,00
Total Nacional;08 Castilla - La Mancha;Trastornos mentales y del comportamiento;Distribución por capítulos de la CIE;Hombres;0,85
Total Nacional;08 Castilla - La Mancha;Trastornos mentales y del comportamiento;Distribución por capítulos de la CIE;Mujeres;1,11
Total Nacional;08 Castilla - La Mancha;Trastornos mentales y del comportamiento;Tasa estandarizada de APVP (tanto por cien mil);Hombres;49,48
Total Nacional;08 Castilla - La Mancha;Trastornos mentales y del comportamiento;Tasa estandarizada de APVP (tanto por cien mil);Mujeres;35,68
Total Nacional;08 Castilla - La Mancha;Trastornos mentales y del comportamiento;Nº medio de APVP;Hombres;9,67
Total Nacional;08 Castilla - La Mancha;Trastornos mentales y del comportamiento;Nº medio de APVP;Mujeres;7,39
Total Nacional;08 Castilla - La Mancha;Enfermedades del sistema nervioso y de los órganos de los sentidos;Nº de APVP;Hombres;2.207,00
Total Nacional;08 Castilla - La Mancha;Enfermedades del sistema nervioso y de los órganos de los sentidos;Nº de APVP;Mujeres;1.947,50
Total Nacional;08 Castilla - La Mancha;Enfermedades del sistema nervioso y de los órganos de los sentidos;Distribución por capítulos de la CIE;Hombres;3,66
Total Nacional;08 Castilla - La Mancha;Enfermedades del sistema nervioso y de los órganos de los sentidos;Distribución por capítulos de la CIE;Mujeres;6,38
Total Nacional;08 Castilla - La Mancha;Enfermedades del sistema nervioso y de los órganos de los sentidos;Tasa estandarizada de APVP (tanto por cien mil);Hombres;223,73
Total Nacional;08 Castilla - La Mancha;Enfermedades del sistema nervioso y de los órganos de los sentidos;Tasa estandarizada de APVP (tanto por cien mil);Mujeres;184,84
Total Nacional;08 Castilla - La Mancha;Enfermedades del sistema nervioso y de los órganos de los sentidos;Nº medio de APVP;Hombres;13,22
Total Nacional;08 Castilla - La Mancha;Enfermedades del sistema nervioso y de los órganos de los sentidos;Nº medio de APVP;Mujeres;12,25
Total Nacional;08 Castilla - La Mancha;Enfermedades del sistema circulatorio;Nº de APVP;Hombres;12.587,50
Total Nacional;08 Castilla - La Mancha;Enfermedades del sistema circulatorio;Nº de APVP;Mujeres;4.527,50
Total Nacional;08 Castilla - La Mancha;Enfermedades del sistema circulatorio;Distribución por capítulos de la CIE;Hombres;20,86
Total Nacional;08 Castilla - La Mancha;Enfermedades del sistema circulatorio;Distribución por capítulos de la CIE;Mujeres;14,83
Total Nacional;08 Castilla - La Mancha;Enfermedades del sistema circulatorio;Tasa estandarizada de APVP (tanto por cien mil);Hombres;1.199,71
Total Nacional;08 Castilla - La Mancha;Enfermedades del sistema circulatorio;Tasa estandarizada de APVP (tanto por cien mil);Mujeres;443,96
Total Nacional;08 Castilla - La Mancha;Enfermedades del sistema circulatorio;Nº medio de APVP;Hombres;13,49
Total Nacional;08 Castilla - La Mancha;Enfermedades del sistema circulatorio;Nº medio de APVP;Mujeres;10,86
Total Nacional;08 Castilla - La Mancha;Enfermedades del sistema respiratorio;Nº de APVP;Hombres;3.792,50
Total Nacional;08 Castilla - La Mancha;Enfermedades del sistema respiratorio;Nº de APVP;Mujeres;1.720,00
Total Nacional;08 Castilla - La Mancha;Enfermedades del sistema respiratorio;Distribución por capítulos de la CIE;Hombres;6,28
Total Nacional;08 Castilla - La Mancha;Enfermedades del sistema respiratorio;Distribución por capítulos de la CIE;Mujeres;5,63
Total Nacional;08 Castilla - La Mancha;Enfermedades del sistema respiratorio;Tasa estandarizada de APVP (tanto por cien mil);Hombres;384,38
Total Nacional;08 Castilla - La Mancha;Enfermedades del sistema respiratorio;Tasa estandarizada de APVP (tanto por cien mil);Mujeres;169,10
Total Nacional;08 Castilla - La Mancha;Enfermedades del sistema respiratorio;Nº medio de APVP;Hombres;9,14
Total Nacional;08 Castilla - La Mancha;Enfermedades del sistema respiratorio;Nº medio de APVP;Mujeres;9,66
Total Nacional;08 Castilla - La Mancha;Enfermedades del sistema digestivo;Nº de APVP;Hombres;3.815,00
Total Nacional;08 Castilla - La Mancha;Enfermedades del sistema digestivo;Nº de APVP;Mujeres;1.592,50
Total Nacional;08 Castilla - La Mancha;Enfermedades del sistema digestivo;Distribución por capítulos de la CIE;Hombres;6,32
Total Nacional;08 Castilla - La Mancha;Enfermedades del sistema digestivo;Distribución por capítulos de la CIE;Mujeres;5,22
Total Nacional;08 Castilla - La Mancha;Enfermedades del sistema digestivo;Tasa estandarizada de APVP (tanto por cien mil);Hombres;359,45
Total Nacional;08 Castilla - La Mancha;Enfermedades del sistema digestivo;Tasa estandarizada de APVP (tanto por cien mil);Mujeres;154,48
Total Nacional;08 Castilla - La Mancha;Enfermedades del sistema digestivo;Nº medio de APVP;Hombres;14,03
Total Nacional;08 Castilla - La Mancha;Enfermedades del sistema digestivo;Nº medio de APVP;Mujeres;11,80
Total Nacional;08 Castilla - La Mancha;Enfermedades de la piel y del tejido subcutáneo;Nº de APVP;Hombres;50,00
Total Nacional;08 Castilla - La Mancha;Enfermedades de la piel y del tejido subcutáneo;Nº de APVP;Mujeres;40,00
Total Nacional;08 Castilla - La Mancha;Enfermedades de la piel y del tejido subcutáneo;Distribución por capítulos de la CIE;Hombres;0,08
Total Nacional;08 Castilla - La Mancha;Enfermedades de la piel y del tejido subcutáneo;Distribución por capítulos de la CIE;Mujeres;0,13
Total Nacional;08 Castilla - La Mancha;Enfermedades de la piel y del tejido subcutáneo;Tasa estandarizada de APVP (tanto por cien mil);Hombres;5,17
Total Nacional;08 Castilla - La Mancha;Enfermedades de la piel y del tejido subcutáneo;Tasa estandarizada de APVP (tanto por cien mil);Mujeres;3,86
Total Nacional;08 Castilla - La Mancha;Enfermedades de la piel y del tejido subcutáneo;Nº medio de APVP;Hombres;8,33
Total Nacional;08 Castilla - La Mancha;Enfermedades de la piel y del tejido subcutáneo;Nº medio de APVP;Mujeres;10,00
Total Nacional;08 Castilla - La Mancha;Enfermedades del sistema osteomuscular y del tejido conjuntivo;Nº de APVP;Hombres;187,50
Total Nacional;08 Castilla - La Mancha;Enfermedades del sistema osteomuscular y del tejido conjuntivo;Nº de APVP;Mujeres;115,00
Total Nacional;08 Castilla - La Mancha;Enfermedades del sistema osteomuscular y del tejido conjuntivo;Distribución por capítulos de la CIE;Hombres;0,31
Total Nacional;08 Castilla - La Mancha;Enfermedades del sistema osteomuscular y del tejido conjuntivo;Distribución por capítulos de la CIE;Mujeres;0,38
Total Nacional;08 Castilla - La Mancha;Enfermedades del sistema osteomuscular y del tejido conjuntivo;Tasa estandarizada de APVP (tanto por cien mil);Hombres;17,67
Total Nacional;08 Castilla - La Mancha;Enfermedades del sistema osteomuscular y del tejido conjuntivo;Tasa estandarizada de APVP (tanto por cien mil);Mujeres;11,23
Total Nacional;08 Castilla - La Mancha;Enfermedades del sistema osteomuscular y del tejido conjuntivo;Nº medio de APVP;Hombres;12,50
Total Nacional;08 Castilla - La Mancha;Enfermedades del sistema osteomuscular y del tejido conjuntivo;Nº medio de APVP;Mujeres;8,21
Total Nacional;08 Castilla - La Mancha;Enfermedades del sistema genitourinario;Nº de APVP;Hombres;727,50
Total Nacional;08 Castilla - La Mancha;Enfermedades del sistema genitourinario;Nº de APVP;Mujeres;452,50
Total Nacional;08 Castilla - La Mancha;Enfermedades del sistema genitourinario;Distribución por capítulos de la CIE;Hombres;1,21
Total Nacional;08 Castilla - La Mancha;Enfermedades del sistema genitourinario;Distribución por capítulos de la CIE;Mujeres;1,48
Total Nacional;08 Castilla - La Mancha;Enfermedades del sistema genitourinario;Tasa estandarizada de APVP (tanto por cien mil);Hombres;75,08
Total Nacional;08 Castilla - La Mancha;Enfermedades del sistema genitourinario;Tasa estandarizada de APVP (tanto por cien mil);Mujeres;44,62
Total Nacional;08 Castilla - La Mancha;Enfermedades del sistema genitourinario;Nº medio de APVP;Hombres;7,66
Total Nacional;08 Castilla - La Mancha;Enfermedades del sistema genitourinario;Nº medio de APVP;Mujeres;8,87
Total Nacional;08 Castilla - La Mancha;Embarazo, parto y puerperio;Nº de APVP;Hombres;..
Total Nacional;08 Castilla - La Mancha;Embarazo, parto y puerperio;Nº de APVP;Mujeres;..
Total Nacional;08 Castilla - La Mancha;Embarazo, parto y puerperio;Distribución por capítulos de la CIE;Hombres;..
Total Nacional;08 Castilla - La Mancha;Embarazo, parto y puerperio;Distribución por capítulos de la CIE;Mujeres;..
Total Nacional;08 Castilla - La Mancha;Embarazo, parto y puerperio;Tasa estandarizada de APVP (tanto por cien mil);Hombres;..
Total Nacional;08 Castilla - La Mancha;Embarazo, parto y puerperio;Tasa estandarizada de APVP (tanto por cien mil);Mujeres;..
Total Nacional;08 Castilla - La Mancha;Embarazo, parto y puerperio;Nº medio de APVP;Hombres;..
Total Nacional;08 Castilla - La Mancha;Embarazo, parto y puerperio;Nº medio de APVP;Mujeres;..
Total Nacional;08 Castilla - La Mancha;Afecciones originadas en el periodo perinatal;Nº de APVP;Hombres;62,50
Total Nacional;08 Castilla - La Mancha;Afecciones originadas en el periodo perinatal;Nº de APVP;Mujeres;..
Total Nacional;08 Castilla - La Mancha;Afecciones originadas en el periodo perinatal;Distribución por capítulos de la CIE;Hombres;0,10
Total Nacional;08 Castilla - La Mancha;Afecciones originadas en el periodo perinatal;Distribución por capítulos de la CIE;Mujeres;..
Total Nacional;08 Castilla - La Mancha;Afecciones originadas en el periodo perinatal;Tasa estandarizada de APVP (tanto por cien mil);Hombres;5,94
Total Nacional;08 Castilla - La Mancha;Afecciones originadas en el periodo perinatal;Tasa estandarizada de APVP (tanto por cien mil);Mujeres;..
Total Nacional;08 Castilla - La Mancha;Afecciones originadas en el periodo perinatal;Nº medio de APVP;Hombres;62,50
Total Nacional;08 Castilla - La Mancha;Afecciones originadas en el periodo perinatal;Nº medio de APVP;Mujeres;..
Total Nacional;08 Castilla - La Mancha;Malformaciones congénitas, deformidades y anomalías cromosómicas;Nº de APVP;Hombres;439,00
Total Nacional;08 Castilla - La Mancha;Malformaciones congénitas, deformidades y anomalías cromosómicas;Nº de APVP;Mujeres;227,50
Total Nacional;08 Castilla - La Mancha;Malformaciones congénitas, deformidades y anomalías cromosómicas;Distribución por capítulos de la CIE;Hombres;0,73
Total Nacional;08 Castilla - La Mancha;Malformaciones congénitas, deformidades y anomalías cromosómicas;Distribución por capítulos de la CIE;Mujeres;0,75
Total Nacional;08 Castilla - La Mancha;Malformaciones congénitas, deformidades y anomalías cromosómicas;Tasa estandarizada de APVP (tanto por cien mil);Hombres;47,08
Total Nacional;08 Castilla - La Mancha;Malformaciones congénitas, deformidades y anomalías cromosómicas;Tasa estandarizada de APVP (tanto por cien mil);Mujeres;22,66
Total Nacional;08 Castilla - La Mancha;Malformaciones congénitas, deformidades y anomalías cromosómicas;Nº medio de APVP;Hombres;36,58
Total Nacional;08 Castilla - La Mancha;Malformaciones congénitas, deformidades y anomalías cromosómicas;Nº medio de APVP;Mujeres;20,68
Total Nacional;08 Castilla - La Mancha;Síntomas, signos y hallazgos anormales clínicos y de laboratorio, no clasificados en otra parte;Nº de APVP;Hombres;1.130,00
Total Nacional;08 Castilla - La Mancha;Síntomas, signos y hallazgos anormales clínicos y de laboratorio, no clasificados en otra parte;Nº de APVP;Mujeres;554,50
Total Nacional;08 Castilla - La Mancha;Síntomas, signos y hallazgos anormales clínicos y de laboratorio, no clasificados en otra parte;Distribución por capítulos de la CIE;Hombres;1,87
Total Nacional;08 Castilla - La Mancha;Síntomas, signos y hallazgos anormales clínicos y de laboratorio, no clasificados en otra parte;Distribución por capítulos de la CIE;Mujeres;1,82
Total Nacional;08 Castilla - La Mancha;Síntomas, signos y hallazgos anormales clínicos y de laboratorio, no clasificados en otra parte;Tasa estandarizada de APVP (tanto por cien mil);Hombres;109,57
Total Nacional;08 Castilla - La Mancha;Síntomas, signos y hallazgos anormales clínicos y de laboratorio, no clasificados en otra parte;Tasa estandarizada de APVP (tanto por cien mil);Mujeres;55,92
Total Nacional;08 Castilla - La Mancha;Síntomas, signos y hallazgos anormales clínicos y de laboratorio, no clasificados en otra parte;Nº medio de APVP;Hombres;14,13
Total Nacional;08 Castilla - La Mancha;Síntomas, signos y hallazgos anormales clínicos y de laboratorio, no clasificados en otra parte;Nº medio de APVP;Mujeres;15,40
Total Nacional;08 Castilla - La Mancha;Causas externas de mortalidad;Nº de APVP;Hombres;8.999,50
Total Nacional;08 Castilla - La Mancha;Causas externas de mortalidad;Nº de APVP;Mujeres;2.852,00
Total Nacional;08 Castilla - La Mancha;Causas externas de mortalidad;Distribución por capítulos de la CIE;Hombres;14,91
Total Nacional;08 Castilla - La Mancha;Causas externas de mortalidad;Distribución por capítulos de la CIE;Mujeres;9,34
Total Nacional;08 Castilla - La Mancha;Causas externas de mortalidad;Tasa estandarizada de APVP (tanto por cien mil);Hombres;877,69
Total Nacional;08 Castilla - La Mancha;Causas externas de mortalidad;Tasa estandarizada de APVP (tanto por cien mil);Mujeres;295,68
Total Nacional;08 Castilla - La Mancha;Causas externas de mortalidad;Nº medio de APVP;Hombres;26,01
Total Nacional;08 Castilla - La Mancha;Causas externas de mortalidad;Nº medio de APVP;Mujeres;23,57
Total Nacional;09 Cataluña;Enfermedades infecciosas y parasitarias;Nº de APVP;Hombres;4.285,00
Total Nacional;09 Cataluña;Enfermedades infecciosas y parasitarias;Nº de APVP;Mujeres;2.242,00
Total Nacional;09 Cataluña;Enfermedades infecciosas y parasitarias;Distribución por capítulos de la CIE;Hombres;2,00
Total Nacional;09 Cataluña;Enfermedades infecciosas y parasitarias;Distribución por capítulos de la CIE;Mujeres;1,93
Total Nacional;09 Cataluña;Enfermedades infecciosas y parasitarias;Tasa estandarizada de APVP (tanto por cien mil);Hombres;115,87
Total Nacional;09 Cataluña;Enfermedades infecciosas y parasitarias;Tasa estandarizada de APVP (tanto por cien mil);Mujeres;57,17
Total Nacional;09 Cataluña;Enfermedades infecciosas y parasitarias;Nº medio de APVP;Hombres;12,10
Total Nacional;09 Cataluña;Enfermedades infecciosas y parasitarias;Nº medio de APVP;Mujeres;10,94
Total Nacional;09 Cataluña;Tumores;Nº de APVP;Hombres;81.076,50
Total Nacional;09 Cataluña;Tumores;Nº de APVP;Mujeres;59.549,50
Total Nacional;09 Cataluña;Tumores;Distribución por capítulos de la CIE;Hombres;37,80
Total Nacional;09 Cataluña;Tumores;Distribución por capítulos de la CIE;Mujeres;51,34
Total Nacional;09 Cataluña;Tumores;Tasa estandarizada de APVP (tanto por cien mil);Hombres;2.185,33
Total Nacional;09 Cataluña;Tumores;Tasa estandarizada de APVP (tanto por cien mil);Mujeres;1.490,69
Total Nacional;09 Cataluña;Tumores;Nº medio de APVP;Hombres;12,36
Total Nacional;09 Cataluña;Tumores;Nº medio de APVP;Mujeres;13,84
Total Nacional;09 Cataluña;Enfermedades sangre y de órganos hematopoyéticos, y ciertos trastornos que afectan al mecanismo de la inmunidad;Nº de APVP;Hombres;857,50
Total Nacional;09 Cataluña;Enfermedades sangre y de órganos hematopoyéticos, y ciertos trastornos que afectan al mecanismo de la inmunidad;Nº de APVP;Mujeres;375,00
Total Nacional;09 Cataluña;Enfermedades sangre y de órganos hematopoyéticos, y ciertos trastornos que afectan al mecanismo de la inmunidad;Distribución por capítulos de la CIE;Hombres;0,40
Total Nacional;09 Cataluña;Enfermedades sangre y de órganos hematopoyéticos, y ciertos trastornos que afectan al mecanismo de la inmunidad;Distribución por capítulos de la CIE;Mujeres;0,32
Total Nacional;09 Cataluña;Enfermedades sangre y de órganos hematopoyéticos, y ciertos trastornos que afectan al mecanismo de la inmunidad;Tasa estandarizada de APVP (tanto por cien mil);Hombres;22,49
Total Nacional;09 Cataluña;Enfermedades sangre y de órganos hematopoyéticos, y ciertos trastornos que afectan al mecanismo de la inmunidad;Tasa estandarizada de APVP (tanto por cien mil);Mujeres;9,72
Total Nacional;09 Cataluña;Enfermedades sangre y de órganos hematopoyéticos, y ciertos trastornos que afectan al mecanismo de la inmunidad;Nº medio de APVP;Hombres;18,24
Total Nacional;09 Cataluña;Enfermedades sangre y de órganos hematopoyéticos, y ciertos trastornos que afectan al mecanismo de la inmunidad;Nº medio de APVP;Mujeres;13,39
Total Nacional;09 Cataluña;Enfermedades endocrinas, nutricionales y metabólicas;Nº de APVP;Hombres;4.609,00
Total Nacional;09 Cataluña;Enfermedades endocrinas, nutricionales y metabólicas;Nº de APVP;Mujeres;2.517,00
Total Nacional;09 Cataluña;Enfermedades endocrinas, nutricionales y metabólicas;Distribución por capítulos de la CIE;Hombres;2,15
Total Nacional;09 Cataluña;Enfermedades endocrinas, nutricionales y metabólicas;Distribución por capítulos de la CIE;Mujeres;2,17
Total Nacional;09 Cataluña;Enfermedades endocrinas, nutricionales y metabólicas;Tasa estandarizada de APVP (tanto por cien mil);Hombres;128,52
Total Nacional;09 Cataluña;Enfermedades endocrinas, nutricionales y metabólicas;Tasa estandarizada de APVP (tanto por cien mil);Mujeres;66,19
Total Nacional;09 Cataluña;Enfermedades endocrinas, nutricionales y metabólicas;Nº medio de APVP;Hombres;10,43
Total Nacional;09 Cataluña;Enfermedades endocrinas, nutricionales y metabólicas;Nº medio de APVP;Mujeres;9,87
Total Nacional;09 Cataluña;Trastornos mentales y del comportamiento;Nº de APVP;Hombres;2.027,50
Total Nacional;09 Cataluña;Trastornos mentales y del comportamiento;Nº de APVP;Mujeres;1.225,00
Total Nacional;09 Cataluña;Trastornos mentales y del comportamiento;Distribución por capítulos de la CIE;Hombres;0,95
Total Nacional;09 Cataluña;Trastornos mentales y del comportamiento;Distribución por capítulos de la CIE;Mujeres;1,06
Total Nacional;09 Cataluña;Trastornos mentales y del comportamiento;Tasa estandarizada de APVP (tanto por cien mil);Hombres;57,70
Total Nacional;09 Cataluña;Trastornos mentales y del comportamiento;Tasa estandarizada de APVP (tanto por cien mil);Mujeres;30,71
Total Nacional;09 Cataluña;Trastornos mentales y del comportamiento;Nº medio de APVP;Hombres;6,78
Total Nacional;09 Cataluña;Trastornos mentales y del comportamiento;Nº medio de APVP;Mujeres;6,52
Total Nacional;09 Cataluña;Enfermedades del sistema nervioso y de los órganos de los sentidos;Nº de APVP;Hombres;8.301,00
Total Nacional;09 Cataluña;Enfermedades del sistema nervioso y de los órganos de los sentidos;Nº de APVP;Mujeres;5.744,50
Total Nacional;09 Cataluña;Enfermedades del sistema nervioso y de los órganos de los sentidos;Distribución por capítulos de la CIE;Hombres;3,87
Total Nacional;09 Cataluña;Enfermedades del sistema nervioso y de los órganos de los sentidos;Distribución por capítulos de la CIE;Mujeres;4,95
Total Nacional;09 Cataluña;Enfermedades del sistema nervioso y de los órganos de los sentidos;Tasa estandarizada de APVP (tanto por cien mil);Hombres;225,76
Total Nacional;09 Cataluña;Enfermedades del sistema nervioso y de los órganos de los sentidos;Tasa estandarizada de APVP (tanto por cien mil);Mujeres;145,17
Total Nacional;09 Cataluña;Enfermedades del sistema nervioso y de los órganos de los sentidos;Nº medio de APVP;Hombres;12,91
Total Nacional;09 Cataluña;Enfermedades del sistema nervioso y de los órganos de los sentidos;Nº medio de APVP;Mujeres;9,57
Total Nacional;09 Cataluña;Enfermedades del sistema circulatorio;Nº de APVP;Hombres;43.813,50
Total Nacional;09 Cataluña;Enfermedades del sistema circulatorio;Nº de APVP;Mujeres;16.302,00
Total Nacional;09 Cataluña;Enfermedades del sistema circulatorio;Distribución por capítulos de la CIE;Hombres;20,43
Total Nacional;09 Cataluña;Enfermedades del sistema circulatorio;Distribución por capítulos de la CIE;Mujeres;14,05
Total Nacional;09 Cataluña;Enfermedades del sistema circulatorio;Tasa estandarizada de APVP (tanto por cien mil);Hombres;1.160,06
Total Nacional;09 Cataluña;Enfermedades del sistema circulatorio;Tasa estandarizada de APVP (tanto por cien mil);Mujeres;411,05
Total Nacional;09 Cataluña;Enfermedades del sistema circulatorio;Nº medio de APVP;Hombres;13,28
Total Nacional;09 Cataluña;Enfermedades del sistema circulatorio;Nº medio de APVP;Mujeres;10,68
Total Nacional;09 Cataluña;Enfermedades del sistema respiratorio;Nº de APVP;Hombres;15.317,50
Total Nacional;09 Cataluña;Enfermedades del sistema respiratorio;Nº de APVP;Mujeres;8.252,00
Total Nacional;09 Cataluña;Enfermedades del sistema respiratorio;Distribución por capítulos de la CIE;Hombres;7,14
Total Nacional;09 Cataluña;Enfermedades del sistema respiratorio;Distribución por capítulos de la CIE;Mujeres;7,11
Total Nacional;09 Cataluña;Enfermedades del sistema respiratorio;Tasa estandarizada de APVP (tanto por cien mil);Hombres;416,57
Total Nacional;09 Cataluña;Enfermedades del sistema respiratorio;Tasa estandarizada de APVP (tanto por cien mil);Mujeres;209,13
Total Nacional;09 Cataluña;Enfermedades del sistema respiratorio;Nº medio de APVP;Hombres;11,30
Total Nacional;09 Cataluña;Enfermedades del sistema respiratorio;Nº medio de APVP;Mujeres;11,98
Total Nacional;09 Cataluña;Enfermedades del sistema digestivo;Nº de APVP;Hombres;13.692,50
Total Nacional;09 Cataluña;Enfermedades del sistema digestivo;Nº de APVP;Mujeres;4.744,50
Total Nacional;09 Cataluña;Enfermedades del sistema digestivo;Distribución por capítulos de la CIE;Hombres;6,38
Total Nacional;09 Cataluña;Enfermedades del sistema digestivo;Distribución por capítulos de la CIE;Mujeres;4,09
Total Nacional;09 Cataluña;Enfermedades del sistema digestivo;Tasa estandarizada de APVP (tanto por cien mil);Hombres;358,18
Total Nacional;09 Cataluña;Enfermedades del sistema digestivo;Tasa estandarizada de APVP (tanto por cien mil);Mujeres;119,94
Total Nacional;09 Cataluña;Enfermedades del sistema digestivo;Nº medio de APVP;Hombres;14,19
Total Nacional;09 Cataluña;Enfermedades del sistema digestivo;Nº medio de APVP;Mujeres;11,24
Total Nacional;09 Cataluña;Enfermedades de la piel y del tejido subcutáneo;Nº de APVP;Hombres;295,00
Total Nacional;09 Cataluña;Enfermedades de la piel y del tejido subcutáneo;Nº de APVP;Mujeres;95,00
Total Nacional;09 Cataluña;Enfermedades de la piel y del tejido subcutáneo;Distribución por capítulos de la CIE;Hombres;0,14
Total Nacional;09 Cataluña;Enfermedades de la piel y del tejido subcutáneo;Distribución por capítulos de la CIE;Mujeres;0,08
Total Nacional;09 Cataluña;Enfermedades de la piel y del tejido subcutáneo;Tasa estandarizada de APVP (tanto por cien mil);Hombres;7,71
Total Nacional;09 Cataluña;Enfermedades de la piel y del tejido subcutáneo;Tasa estandarizada de APVP (tanto por cien mil);Mujeres;2,42
Total Nacional;09 Cataluña;Enfermedades de la piel y del tejido subcutáneo;Nº medio de APVP;Hombres;13,41
Total Nacional;09 Cataluña;Enfermedades de la piel y del tejido subcutáneo;Nº medio de APVP;Mujeres;5,28
Total Nacional;09 Cataluña;Enfermedades del sistema osteomuscular y del tejido conjuntivo;Nº de APVP;Hombres;687,50
Total Nacional;09 Cataluña;Enfermedades del sistema osteomuscular y del tejido conjuntivo;Nº de APVP;Mujeres;842,50
Total Nacional;09 Cataluña;Enfermedades del sistema osteomuscular y del tejido conjuntivo;Distribución por capítulos de la CIE;Hombres;0,32
Total Nacional;09 Cataluña;Enfermedades del sistema osteomuscular y del tejido conjuntivo;Distribución por capítulos de la CIE;Mujeres;0,73
Total Nacional;09 Cataluña;Enfermedades del sistema osteomuscular y del tejido conjuntivo;Tasa estandarizada de APVP (tanto por cien mil);Hombres;19,16
Total Nacional;09 Cataluña;Enfermedades del sistema osteomuscular y del tejido conjuntivo;Tasa estandarizada de APVP (tanto por cien mil);Mujeres;21,15
Total Nacional;09 Cataluña;Enfermedades del sistema osteomuscular y del tejido conjuntivo;Nº medio de APVP;Hombres;9,17
Total Nacional;09 Cataluña;Enfermedades del sistema osteomuscular y del tejido conjuntivo;Nº medio de APVP;Mujeres;9,47
Total Nacional;09 Cataluña;Enfermedades del sistema genitourinario;Nº de APVP;Hombres;2.935,00
Total Nacional;09 Cataluña;Enfermedades del sistema genitourinario;Nº de APVP;Mujeres;1.555,00
Total Nacional;09 Cataluña;Enfermedades del sistema genitourinario;Distribución por capítulos de la CIE;Hombres;1,37
Total Nacional;09 Cataluña;Enfermedades del sistema genitourinario;Distribución por capítulos de la CIE;Mujeres;1,34
Total Nacional;09 Cataluña;Enfermedades del sistema genitourinario;Tasa estandarizada de APVP (tanto por cien mil);Hombres;82,66
Total Nacional;09 Cataluña;Enfermedades del sistema genitourinario;Tasa estandarizada de APVP (tanto por cien mil);Mujeres;39,39
Total Nacional;09 Cataluña;Enfermedades del sistema genitourinario;Nº medio de APVP;Hombres;8,39
Total Nacional;09 Cataluña;Enfermedades del sistema genitourinario;Nº medio de APVP;Mujeres;8,36
Total Nacional;09 Cataluña;Embarazo, parto y puerperio;Nº de APVP;Hombres;..
Total Nacional;09 Cataluña;Embarazo, parto y puerperio;Nº de APVP;Mujeres;180,00
Total Nacional;09 Cataluña;Embarazo, parto y puerperio;Distribución por capítulos de la CIE;Hombres;..
Total Nacional;09 Cataluña;Embarazo, parto y puerperio;Distribución por capítulos de la CIE;Mujeres;0,16
Total Nacional;09 Cataluña;Embarazo, parto y puerperio;Tasa estandarizada de APVP (tanto por cien mil);Hombres;..
Total Nacional;09 Cataluña;Embarazo, parto y puerperio;Tasa estandarizada de APVP (tanto por cien mil);Mujeres;5,10
Total Nacional;09 Cataluña;Embarazo, parto y puerperio;Nº medio de APVP;Hombres;..
Total Nacional;09 Cataluña;Embarazo, parto y puerperio;Nº medio de APVP;Mujeres;45,00
Total Nacional;09 Cataluña;Afecciones originadas en el periodo perinatal;Nº de APVP;Hombres;32,50
Total Nacional;09 Cataluña;Afecciones originadas en el periodo perinatal;Nº de APVP;Mujeres;..
Total Nacional;09 Cataluña;Afecciones originadas en el periodo perinatal;Distribución por capítulos de la CIE;Hombres;0,02
Total Nacional;09 Cataluña;Afecciones originadas en el periodo perinatal;Distribución por capítulos de la CIE;Mujeres;..
Total Nacional;09 Cataluña;Afecciones originadas en el periodo perinatal;Tasa estandarizada de APVP (tanto por cien mil);Hombres;0,70
Total Nacional;09 Cataluña;Afecciones originadas en el periodo perinatal;Tasa estandarizada de APVP (tanto por cien mil);Mujeres;..
Total Nacional;09 Cataluña;Afecciones originadas en el periodo perinatal;Nº medio de APVP;Hombres;32,50
Total Nacional;09 Cataluña;Afecciones originadas en el periodo perinatal;Nº medio de APVP;Mujeres;..
Total Nacional;09 Cataluña;Malformaciones congénitas, deformidades y anomalías cromosómicas;Nº de APVP;Hombres;1.859,50
Total Nacional;09 Cataluña;Malformaciones congénitas, deformidades y anomalías cromosómicas;Nº de APVP;Mujeres;1.070,00
Total Nacional;09 Cataluña;Malformaciones congénitas, deformidades y anomalías cromosómicas;Distribución por capítulos de la CIE;Hombres;0,87
Total Nacional;09 Cataluña;Malformaciones congénitas, deformidades y anomalías cromosómicas;Distribución por capítulos de la CIE;Mujeres;0,92
Total Nacional;09 Cataluña;Malformaciones congénitas, deformidades y anomalías cromosómicas;Tasa estandarizada de APVP (tanto por cien mil);Hombres;51,79
Total Nacional;09 Cataluña;Malformaciones congénitas, deformidades y anomalías cromosómicas;Tasa estandarizada de APVP (tanto por cien mil);Mujeres;27,76
Total Nacional;09 Cataluña;Malformaciones congénitas, deformidades y anomalías cromosómicas;Nº medio de APVP;Hombres;31,52
Total Nacional;09 Cataluña;Malformaciones congénitas, deformidades y anomalías cromosómicas;Nº medio de APVP;Mujeres;25,48
Total Nacional;09 Cataluña;Síntomas, signos y hallazgos anormales clínicos y de laboratorio, no clasificados en otra parte;Nº de APVP;Hombres;5.263,50
Total Nacional;09 Cataluña;Síntomas, signos y hallazgos anormales clínicos y de laboratorio, no clasificados en otra parte;Nº de APVP;Mujeres;2.030,00
Total Nacional;09 Cataluña;Síntomas, signos y hallazgos anormales clínicos y de laboratorio, no clasificados en otra parte;Distribución por capítulos de la CIE;Hombres;2,45
Total Nacional;09 Cataluña;Síntomas, signos y hallazgos anormales clínicos y de laboratorio, no clasificados en otra parte;Distribución por capítulos de la CIE;Mujeres;1,75
Total Nacional;09 Cataluña;Síntomas, signos y hallazgos anormales clínicos y de laboratorio, no clasificados en otra parte;Tasa estandarizada de APVP (tanto por cien mil);Hombres;138,41
Total Nacional;09 Cataluña;Síntomas, signos y hallazgos anormales clínicos y de laboratorio, no clasificados en otra parte;Tasa estandarizada de APVP (tanto por cien mil);Mujeres;51,23
Total Nacional;09 Cataluña;Síntomas, signos y hallazgos anormales clínicos y de laboratorio, no clasificados en otra parte;Nº medio de APVP;Hombres;17,43
Total Nacional;09 Cataluña;Síntomas, signos y hallazgos anormales clínicos y de laboratorio, no clasificados en otra parte;Nº medio de APVP;Mujeres;14,30
Total Nacional;09 Cataluña;Causas externas de mortalidad;Nº de APVP;Hombres;29.408,50
Total Nacional;09 Cataluña;Causas externas de mortalidad;Nº de APVP;Mujeres;9.270,00
Total Nacional;09 Cataluña;Causas externas de mortalidad;Distribución por capítulos de la CIE;Hombres;13,71
Total Nacional;09 Cataluña;Causas externas de mortalidad;Distribución por capítulos de la CIE;Mujeres;7,99
Total Nacional;09 Cataluña;Causas externas de mortalidad;Tasa estandarizada de APVP (tanto por cien mil);Hombres;751,34
Total Nacional;09 Cataluña;Causas externas de mortalidad;Tasa estandarizada de APVP (tanto por cien mil);Mujeres;240,16
Total Nacional;09 Cataluña;Causas externas de mortalidad;Nº medio de APVP;Hombres;26,40
Total Nacional;09 Cataluña;Causas externas de mortalidad;Nº medio de APVP;Mujeres;23,29
Total Nacional;10 Comunitat Valenciana;Enfermedades infecciosas y parasitarias;Nº de APVP;Hombres;3.738,50
Total Nacional;10 Comunitat Valenciana;Enfermedades infecciosas y parasitarias;Nº de APVP;Mujeres;1.860,00
Total Nacional;10 Comunitat Valenciana;Enfermedades infecciosas y parasitarias;Distribución por capítulos de la CIE;Hombres;2,26
Total Nacional;10 Comunitat Valenciana;Enfermedades infecciosas y parasitarias;Distribución por capítulos de la CIE;Mujeres;2,12
Total Nacional;10 Comunitat Valenciana;Enfermedades infecciosas y parasitarias;Tasa estandarizada de APVP (tanto por cien mil);Hombres;147,32
Total Nacional;10 Comunitat Valenciana;Enfermedades infecciosas y parasitarias;Tasa estandarizada de APVP (tanto por cien mil);Mujeres;66,36
Total Nacional;10 Comunitat Valenciana;Enfermedades infecciosas y parasitarias;Nº medio de APVP;Hombres;13,85
Total Nacional;10 Comunitat Valenciana;Enfermedades infecciosas y parasitarias;Nº medio de APVP;Mujeres;11,20
Total Nacional;10 Comunitat Valenciana;Tumores;Nº de APVP;Hombres;58.227,50
Total Nacional;10 Comunitat Valenciana;Tumores;Nº de APVP;Mujeres;42.682,00
Total Nacional;10 Comunitat Valenciana;Tumores;Distribución por capítulos de la CIE;Hombres;35,19
Total Nacional;10 Comunitat Valenciana;Tumores;Distribución por capítulos de la CIE;Mujeres;48,60
Total Nacional;10 Comunitat Valenciana;Tumores;Tasa estandarizada de APVP (tanto por cien mil);Hombres;2.233,82
Total Nacional;10 Comunitat Valenciana;Tumores;Tasa estandarizada de APVP (tanto por cien mil);Mujeres;1.546,26
Total Nacional;10 Comunitat Valenciana;Tumores;Nº medio de APVP;Hombres;12,33
Total Nacional;10 Comunitat Valenciana;Tumores;Nº medio de APVP;Mujeres;14,09
Total Nacional;10 Comunitat Valenciana;Enfermedades sangre y de órganos hematopoyéticos, y ciertos trastornos que afectan al mecanismo de la inmunidad;Nº de APVP;Hombres;372,50
Total Nacional;10 Comunitat Valenciana;Enfermedades sangre y de órganos hematopoyéticos, y ciertos trastornos que afectan al mecanismo de la inmunidad;Nº de APVP;Mujeres;442,50
Total Nacional;10 Comunitat Valenciana;Enfermedades sangre y de órganos hematopoyéticos, y ciertos trastornos que afectan al mecanismo de la inmunidad;Distribución por capítulos de la CIE;Hombres;0,23
Total Nacional;10 Comunitat Valenciana;Enfermedades sangre y de órganos hematopoyéticos, y ciertos trastornos que afectan al mecanismo de la inmunidad;Distribución por capítulos de la CIE;Mujeres;0,50
Total Nacional;10 Comunitat Valenciana;Enfermedades sangre y de órganos hematopoyéticos, y ciertos trastornos que afectan al mecanismo de la inmunidad;Tasa estandarizada de APVP (tanto por cien mil);Hombres;14,73
Total Nacional;10 Comunitat Valenciana;Enfermedades sangre y de órganos hematopoyéticos, y ciertos trastornos que afectan al mecanismo de la inmunidad;Tasa estandarizada de APVP (tanto por cien mil);Mujeres;17,94
Total Nacional;10 Comunitat Valenciana;Enfermedades sangre y de órganos hematopoyéticos, y ciertos trastornos que afectan al mecanismo de la inmunidad;Nº medio de APVP;Hombres;12,02
Total Nacional;10 Comunitat Valenciana;Enfermedades sangre y de órganos hematopoyéticos, y ciertos trastornos que afectan al mecanismo de la inmunidad;Nº medio de APVP;Mujeres;16,39
Total Nacional;10 Comunitat Valenciana;Enfermedades endocrinas, nutricionales y metabólicas;Nº de APVP;Hombres;3.132,00
Total Nacional;10 Comunitat Valenciana;Enfermedades endocrinas, nutricionales y metabólicas;Nº de APVP;Mujeres;2.325,00
Total Nacional;10 Comunitat Valenciana;Enfermedades endocrinas, nutricionales y metabólicas;Distribución por capítulos de la CIE;Hombres;1,89
Total Nacional;10 Comunitat Valenciana;Enfermedades endocrinas, nutricionales y metabólicas;Distribución por capítulos de la CIE;Mujeres;2,65
Total Nacional;10 Comunitat Valenciana;Enfermedades endocrinas, nutricionales y metabólicas;Tasa estandarizada de APVP (tanto por cien mil);Hombres;122,82
Total Nacional;10 Comunitat Valenciana;Enfermedades endocrinas, nutricionales y metabólicas;Tasa estandarizada de APVP (tanto por cien mil);Mujeres;84,98
Total Nacional;10 Comunitat Valenciana;Enfermedades endocrinas, nutricionales y metabólicas;Nº medio de APVP;Hombres;10,27
Total Nacional;10 Comunitat Valenciana;Enfermedades endocrinas, nutricionales y metabólicas;Nº medio de APVP;Mujeres;10,20
Total Nacional;10 Comunitat Valenciana;Trastornos mentales y del comportamiento;Nº de APVP;Hombres;1.415,00
Total Nacional;10 Comunitat Valenciana;Trastornos mentales y del comportamiento;Nº de APVP;Mujeres;855,00
Total Nacional;10 Comunitat Valenciana;Trastornos mentales y del comportamiento;Distribución por capítulos de la CIE;Hombres;0,86
Total Nacional;10 Comunitat Valenciana;Trastornos mentales y del comportamiento;Distribución por capítulos de la CIE;Mujeres;0,97
Total Nacional;10 Comunitat Valenciana;Trastornos mentales y del comportamiento;Tasa estandarizada de APVP (tanto por cien mil);Hombres;55,69
Total Nacional;10 Comunitat Valenciana;Trastornos mentales y del comportamiento;Tasa estandarizada de APVP (tanto por cien mil);Mujeres;32,23
Total Nacional;10 Comunitat Valenciana;Trastornos mentales y del comportamiento;Nº medio de APVP;Hombres;8,52
Total Nacional;10 Comunitat Valenciana;Trastornos mentales y del comportamiento;Nº medio de APVP;Mujeres;7,13
Total Nacional;10 Comunitat Valenciana;Enfermedades del sistema nervioso y de los órganos de los sentidos;Nº de APVP;Hombres;6.694,00
Total Nacional;10 Comunitat Valenciana;Enfermedades del sistema nervioso y de los órganos de los sentidos;Nº de APVP;Mujeres;4.504,00
Total Nacional;10 Comunitat Valenciana;Enfermedades del sistema nervioso y de los órganos de los sentidos;Distribución por capítulos de la CIE;Hombres;4,04
Total Nacional;10 Comunitat Valenciana;Enfermedades del sistema nervioso y de los órganos de los sentidos;Distribución por capítulos de la CIE;Mujeres;5,13
Total Nacional;10 Comunitat Valenciana;Enfermedades del sistema nervioso y de los órganos de los sentidos;Tasa estandarizada de APVP (tanto por cien mil);Hombres;265,18
Total Nacional;10 Comunitat Valenciana;Enfermedades del sistema nervioso y de los órganos de los sentidos;Tasa estandarizada de APVP (tanto por cien mil);Mujeres;168,94
Total Nacional;10 Comunitat Valenciana;Enfermedades del sistema nervioso y de los órganos de los sentidos;Nº medio de APVP;Hombres;12,13
Total Nacional;10 Comunitat Valenciana;Enfermedades del sistema nervioso y de los órganos de los sentidos;Nº medio de APVP;Mujeres;10,01
Total Nacional;10 Comunitat Valenciana;Enfermedades del sistema circulatorio;Nº de APVP;Hombres;38.277,00
Total Nacional;10 Comunitat Valenciana;Enfermedades del sistema circulatorio;Nº de APVP;Mujeres;13.394,00
Total Nacional;10 Comunitat Valenciana;Enfermedades del sistema circulatorio;Distribución por capítulos de la CIE;Hombres;23,13
Total Nacional;10 Comunitat Valenciana;Enfermedades del sistema circulatorio;Distribución por capítulos de la CIE;Mujeres;15,25
Total Nacional;10 Comunitat Valenciana;Enfermedades del sistema circulatorio;Tasa estandarizada de APVP (tanto por cien mil);Hombres;1.448,78
Total Nacional;10 Comunitat Valenciana;Enfermedades del sistema circulatorio;Tasa estandarizada de APVP (tanto por cien mil);Mujeres;486,56
Total Nacional;10 Comunitat Valenciana;Enfermedades del sistema circulatorio;Nº medio de APVP;Hombres;13,44
Total Nacional;10 Comunitat Valenciana;Enfermedades del sistema circulatorio;Nº medio de APVP;Mujeres;10,53
Total Nacional;10 Comunitat Valenciana;Enfermedades del sistema respiratorio;Nº de APVP;Hombres;10.165,00
Total Nacional;10 Comunitat Valenciana;Enfermedades del sistema respiratorio;Nº de APVP;Mujeres;4.487,50
Total Nacional;10 Comunitat Valenciana;Enfermedades del sistema respiratorio;Distribución por capítulos de la CIE;Hombres;6,14
Total Nacional;10 Comunitat Valenciana;Enfermedades del sistema respiratorio;Distribución por capítulos de la CIE;Mujeres;5,11
Total Nacional;10 Comunitat Valenciana;Enfermedades del sistema respiratorio;Tasa estandarizada de APVP (tanto por cien mil);Hombres;397,22
Total Nacional;10 Comunitat Valenciana;Enfermedades del sistema respiratorio;Tasa estandarizada de APVP (tanto por cien mil);Mujeres;161,64
Total Nacional;10 Comunitat Valenciana;Enfermedades del sistema respiratorio;Nº medio de APVP;Hombres;10,35
Total Nacional;10 Comunitat Valenciana;Enfermedades del sistema respiratorio;Nº medio de APVP;Mujeres;9,73
Total Nacional;10 Comunitat Valenciana;Enfermedades del sistema digestivo;Nº de APVP;Hombres;10.200,00
Total Nacional;10 Comunitat Valenciana;Enfermedades del sistema digestivo;Nº de APVP;Mujeres;3.897,50
Total Nacional;10 Comunitat Valenciana;Enfermedades del sistema digestivo;Distribución por capítulos de la CIE;Hombres;6,16
Total Nacional;10 Comunitat Valenciana;Enfermedades del sistema digestivo;Distribución por capítulos de la CIE;Mujeres;4,44
Total Nacional;10 Comunitat Valenciana;Enfermedades del sistema digestivo;Tasa estandarizada de APVP (tanto por cien mil);Hombres;384,60
Total Nacional;10 Comunitat Valenciana;Enfermedades del sistema digestivo;Tasa estandarizada de APVP (tanto por cien mil);Mujeres;140,21
Total Nacional;10 Comunitat Valenciana;Enfermedades del sistema digestivo;Nº medio de APVP;Hombres;14,05
Total Nacional;10 Comunitat Valenciana;Enfermedades del sistema digestivo;Nº medio de APVP;Mujeres;11,23
Total Nacional;10 Comunitat Valenciana;Enfermedades de la piel y del tejido subcutáneo;Nº de APVP;Hombres;395,00
Total Nacional;10 Comunitat Valenciana;Enfermedades de la piel y del tejido subcutáneo;Nº de APVP;Mujeres;140,00
Total Nacional;10 Comunitat Valenciana;Enfermedades de la piel y del tejido subcutáneo;Distribución por capítulos de la CIE;Hombres;0,24
Total Nacional;10 Comunitat Valenciana;Enfermedades de la piel y del tejido subcutáneo;Distribución por capítulos de la CIE;Mujeres;0,16
Total Nacional;10 Comunitat Valenciana;Enfermedades de la piel y del tejido subcutáneo;Tasa estandarizada de APVP (tanto por cien mil);Hombres;15,11
Total Nacional;10 Comunitat Valenciana;Enfermedades de la piel y del tejido subcutáneo;Tasa estandarizada de APVP (tanto por cien mil);Mujeres;4,95
Total Nacional;10 Comunitat Valenciana;Enfermedades de la piel y del tejido subcutáneo;Nº medio de APVP;Hombres;10,97
Total Nacional;10 Comunitat Valenciana;Enfermedades de la piel y del tejido subcutáneo;Nº medio de APVP;Mujeres;5,38
Total Nacional;10 Comunitat Valenciana;Enfermedades del sistema osteomuscular y del tejido conjuntivo;Nº de APVP;Hombres;467,50
Total Nacional;10 Comunitat Valenciana;Enfermedades del sistema osteomuscular y del tejido conjuntivo;Nº de APVP;Mujeres;440,00
Total Nacional;10 Comunitat Valenciana;Enfermedades del sistema osteomuscular y del tejido conjuntivo;Distribución por capítulos de la CIE;Hombres;0,28
Total Nacional;10 Comunitat Valenciana;Enfermedades del sistema osteomuscular y del tejido conjuntivo;Distribución por capítulos de la CIE;Mujeres;0,50
Total Nacional;10 Comunitat Valenciana;Enfermedades del sistema osteomuscular y del tejido conjuntivo;Tasa estandarizada de APVP (tanto por cien mil);Hombres;18,45
Total Nacional;10 Comunitat Valenciana;Enfermedades del sistema osteomuscular y del tejido conjuntivo;Tasa estandarizada de APVP (tanto por cien mil);Mujeres;15,52
Total Nacional;10 Comunitat Valenciana;Enfermedades del sistema osteomuscular y del tejido conjuntivo;Nº medio de APVP;Hombres;8,20
Total Nacional;10 Comunitat Valenciana;Enfermedades del sistema osteomuscular y del tejido conjuntivo;Nº medio de APVP;Mujeres;8,15
Total Nacional;10 Comunitat Valenciana;Enfermedades del sistema genitourinario;Nº de APVP;Hombres;1.712,50
Total Nacional;10 Comunitat Valenciana;Enfermedades del sistema genitourinario;Nº de APVP;Mujeres;1.285,00
Total Nacional;10 Comunitat Valenciana;Enfermedades del sistema genitourinario;Distribución por capítulos de la CIE;Hombres;1,03
Total Nacional;10 Comunitat Valenciana;Enfermedades del sistema genitourinario;Distribución por capítulos de la CIE;Mujeres;1,46
Total Nacional;10 Comunitat Valenciana;Enfermedades del sistema genitourinario;Tasa estandarizada de APVP (tanto por cien mil);Hombres;68,81
Total Nacional;10 Comunitat Valenciana;Enfermedades del sistema genitourinario;Tasa estandarizada de APVP (tanto por cien mil);Mujeres;46,45
Total Nacional;10 Comunitat Valenciana;Enfermedades del sistema genitourinario;Nº medio de APVP;Hombres;7,54
Total Nacional;10 Comunitat Valenciana;Enfermedades del sistema genitourinario;Nº medio de APVP;Mujeres;7,65
Total Nacional;10 Comunitat Valenciana;Embarazo, parto y puerperio;Nº de APVP;Hombres;..
Total Nacional;10 Comunitat Valenciana;Embarazo, parto y puerperio;Nº de APVP;Mujeres;37,50
Total Nacional;10 Comunitat Valenciana;Embarazo, parto y puerperio;Distribución por capítulos de la CIE;Hombres;..
Total Nacional;10 Comunitat Valenciana;Embarazo, parto y puerperio;Distribución por capítulos de la CIE;Mujeres;0,04
Total Nacional;10 Comunitat Valenciana;Embarazo, parto y puerperio;Tasa estandarizada de APVP (tanto por cien mil);Hombres;..
Total Nacional;10 Comunitat Valenciana;Embarazo, parto y puerperio;Tasa estandarizada de APVP (tanto por cien mil);Mujeres;1,41
Total Nacional;10 Comunitat Valenciana;Embarazo, parto y puerperio;Nº medio de APVP;Hombres;..
Total Nacional;10 Comunitat Valenciana;Embarazo, parto y puerperio;Nº medio de APVP;Mujeres;37,50
Total Nacional;10 Comunitat Valenciana;Afecciones originadas en el periodo perinatal;Nº de APVP;Hombres;67,50
Total Nacional;10 Comunitat Valenciana;Afecciones originadas en el periodo perinatal;Nº de APVP;Mujeres;..
Total Nacional;10 Comunitat Valenciana;Afecciones originadas en el periodo perinatal;Distribución por capítulos de la CIE;Hombres;0,04
Total Nacional;10 Comunitat Valenciana;Afecciones originadas en el periodo perinatal;Distribución por capítulos de la CIE;Mujeres;..
Total Nacional;10 Comunitat Valenciana;Afecciones originadas en el periodo perinatal;Tasa estandarizada de APVP (tanto por cien mil);Hombres;2,74
Total Nacional;10 Comunitat Valenciana;Afecciones originadas en el periodo perinatal;Tasa estandarizada de APVP (tanto por cien mil);Mujeres;..
Total Nacional;10 Comunitat Valenciana;Afecciones originadas en el periodo perinatal;Nº medio de APVP;Hombres;67,50
Total Nacional;10 Comunitat Valenciana;Afecciones originadas en el periodo perinatal;Nº medio de APVP;Mujeres;..
Total Nacional;10 Comunitat Valenciana;Malformaciones congénitas, deformidades y anomalías cromosómicas;Nº de APVP;Hombres;769,50
Total Nacional;10 Comunitat Valenciana;Malformaciones congénitas, deformidades y anomalías cromosómicas;Nº de APVP;Mujeres;784,00
Total Nacional;10 Comunitat Valenciana;Malformaciones congénitas, deformidades y anomalías cromosómicas;Distribución por capítulos de la CIE;Hombres;0,46
Total Nacional;10 Comunitat Valenciana;Malformaciones congénitas, deformidades y anomalías cromosómicas;Distribución por capítulos de la CIE;Mujeres;0,89
Total Nacional;10 Comunitat Valenciana;Malformaciones congénitas, deformidades y anomalías cromosómicas;Tasa estandarizada de APVP (tanto por cien mil);Hombres;30,00
Total Nacional;10 Comunitat Valenciana;Malformaciones congénitas, deformidades y anomalías cromosómicas;Tasa estandarizada de APVP (tanto por cien mil);Mujeres;32,41
Total Nacional;10 Comunitat Valenciana;Malformaciones congénitas, deformidades y anomalías cromosómicas;Nº medio de APVP;Hombres;24,05
Total Nacional;10 Comunitat Valenciana;Malformaciones congénitas, deformidades y anomalías cromosómicas;Nº medio de APVP;Mujeres;26,13
Total Nacional;10 Comunitat Valenciana;Síntomas, signos y hallazgos anormales clínicos y de laboratorio, no clasificados en otra parte;Nº de APVP;Hombres;3.920,00
Total Nacional;10 Comunitat Valenciana;Síntomas, signos y hallazgos anormales clínicos y de laboratorio, no clasificados en otra parte;Nº de APVP;Mujeres;1.832,50
Total Nacional;10 Comunitat Valenciana;Síntomas, signos y hallazgos anormales clínicos y de laboratorio, no clasificados en otra parte;Distribución por capítulos de la CIE;Hombres;2,37
Total Nacional;10 Comunitat Valenciana;Síntomas, signos y hallazgos anormales clínicos y de laboratorio, no clasificados en otra parte;Distribución por capítulos de la CIE;Mujeres;2,09
Total Nacional;10 Comunitat Valenciana;Síntomas, signos y hallazgos anormales clínicos y de laboratorio, no clasificados en otra parte;Tasa estandarizada de APVP (tanto por cien mil);Hombres;149,24
Total Nacional;10 Comunitat Valenciana;Síntomas, signos y hallazgos anormales clínicos y de laboratorio, no clasificados en otra parte;Tasa estandarizada de APVP (tanto por cien mil);Mujeres;68,91
Total Nacional;10 Comunitat Valenciana;Síntomas, signos y hallazgos anormales clínicos y de laboratorio, no clasificados en otra parte;Nº medio de APVP;Hombres;15,93
Total Nacional;10 Comunitat Valenciana;Síntomas, signos y hallazgos anormales clínicos y de laboratorio, no clasificados en otra parte;Nº medio de APVP;Mujeres;14,43
Total Nacional;10 Comunitat Valenciana;Causas externas de mortalidad;Nº de APVP;Hombres;25.935,50
Total Nacional;10 Comunitat Valenciana;Causas externas de mortalidad;Nº de APVP;Mujeres;8.849,00
Total Nacional;10 Comunitat Valenciana;Causas externas de mortalidad;Distribución por capítulos de la CIE;Hombres;15,67
Total Nacional;10 Comunitat Valenciana;Causas externas de mortalidad;Distribución por capítulos de la CIE;Mujeres;10,08
Total Nacional;10 Comunitat Valenciana;Causas externas de mortalidad;Tasa estandarizada de APVP (tanto por cien mil);Hombres;1.009,17
Total Nacional;10 Comunitat Valenciana;Causas externas de mortalidad;Tasa estandarizada de APVP (tanto por cien mil);Mujeres;346,66
Total Nacional;10 Comunitat Valenciana;Causas externas de mortalidad;Nº medio de APVP;Hombres;26,12
Total Nacional;10 Comunitat Valenciana;Causas externas de mortalidad;Nº medio de APVP;Mujeres;24,05
Total Nacional;11 Extremadura;Enfermedades infecciosas y parasitarias;Nº de APVP;Hombres;822,50
Total Nacional;11 Extremadura;Enfermedades infecciosas y parasitarias;Nº de APVP;Mujeres;457,50
Total Nacional;11 Extremadura;Enfermedades infecciosas y parasitarias;Distribución por capítulos de la CIE;Hombres;2,29
Total Nacional;11 Extremadura;Enfermedades infecciosas y parasitarias;Distribución por capítulos de la CIE;Mujeres;2,63
Total Nacional;11 Extremadura;Enfermedades infecciosas y parasitarias;Tasa estandarizada de APVP (tanto por cien mil);Hombres;150,71
Total Nacional;11 Extremadura;Enfermedades infecciosas y parasitarias;Tasa estandarizada de APVP (tanto por cien mil);Mujeres;80,99
Total Nacional;11 Extremadura;Enfermedades infecciosas y parasitarias;Nº medio de APVP;Hombres;12,28
Total Nacional;11 Extremadura;Enfermedades infecciosas y parasitarias;Nº medio de APVP;Mujeres;10,17
Total Nacional;11 Extremadura;Tumores;Nº de APVP;Hombres;13.220,00
Total Nacional;11 Extremadura;Tumores;Nº de APVP;Mujeres;8.659,50
Total Nacional;11 Extremadura;Tumores;Distribución por capítulos de la CIE;Hombres;36,75
Total Nacional;11 Extremadura;Tumores;Distribución por capítulos de la CIE;Mujeres;49,70
Total Nacional;11 Extremadura;Tumores;Tasa estandarizada de APVP (tanto por cien mil);Hombres;2.362,66
Total Nacional;11 Extremadura;Tumores;Tasa estandarizada de APVP (tanto por cien mil);Mujeres;1.535,62
Total Nacional;11 Extremadura;Tumores;Nº medio de APVP;Hombres;11,89
Total Nacional;11 Extremadura;Tumores;Nº medio de APVP;Mujeres;14,24
Total Nacional;11 Extremadura;Enfermedades sangre y de órganos hematopoyéticos, y ciertos trastornos que afectan al mecanismo de la inmunidad;Nº de APVP;Hombres;42,50
Total Nacional;11 Extremadura;Enfermedades sangre y de órganos hematopoyéticos, y ciertos trastornos que afectan al mecanismo de la inmunidad;Nº de APVP;Mujeres;45,00
Total Nacional;11 Extremadura;Enfermedades sangre y de órganos hematopoyéticos, y ciertos trastornos que afectan al mecanismo de la inmunidad;Distribución por capítulos de la CIE;Hombres;0,12
Total Nacional;11 Extremadura;Enfermedades sangre y de órganos hematopoyéticos, y ciertos trastornos que afectan al mecanismo de la inmunidad;Distribución por capítulos de la CIE;Mujeres;0,26
Total Nacional;11 Extremadura;Enfermedades sangre y de órganos hematopoyéticos, y ciertos trastornos que afectan al mecanismo de la inmunidad;Tasa estandarizada de APVP (tanto por cien mil);Hombres;7,72
Total Nacional;11 Extremadura;Enfermedades sangre y de órganos hematopoyéticos, y ciertos trastornos que afectan al mecanismo de la inmunidad;Tasa estandarizada de APVP (tanto por cien mil);Mujeres;8,46
Total Nacional;11 Extremadura;Enfermedades sangre y de órganos hematopoyéticos, y ciertos trastornos que afectan al mecanismo de la inmunidad;Nº medio de APVP;Hombres;14,17
Total Nacional;11 Extremadura;Enfermedades sangre y de órganos hematopoyéticos, y ciertos trastornos que afectan al mecanismo de la inmunidad;Nº medio de APVP;Mujeres;11,25
Total Nacional;11 Extremadura;Enfermedades endocrinas, nutricionales y metabólicas;Nº de APVP;Hombres;805,00
Total Nacional;11 Extremadura;Enfermedades endocrinas, nutricionales y metabólicas;Nº de APVP;Mujeres;367,50
Total Nacional;11 Extremadura;Enfermedades endocrinas, nutricionales y metabólicas;Distribución por capítulos de la CIE;Hombres;2,24
Total Nacional;11 Extremadura;Enfermedades endocrinas, nutricionales y metabólicas;Distribución por capítulos de la CIE;Mujeres;2,11
Total Nacional;11 Extremadura;Enfermedades endocrinas, nutricionales y metabólicas;Tasa estandarizada de APVP (tanto por cien mil);Hombres;150,47
Total Nacional;11 Extremadura;Enfermedades endocrinas, nutricionales y metabólicas;Tasa estandarizada de APVP (tanto por cien mil);Mujeres;65,93
Total Nacional;11 Extremadura;Enfermedades endocrinas, nutricionales y metabólicas;Nº medio de APVP;Hombres;15,48
Total Nacional;11 Extremadura;Enfermedades endocrinas, nutricionales y metabólicas;Nº medio de APVP;Mujeres;11,14
Total Nacional;11 Extremadura;Trastornos mentales y del comportamiento;Nº de APVP;Hombres;475,00
Total Nacional;11 Extremadura;Trastornos mentales y del comportamiento;Nº de APVP;Mujeres;277,50
Total Nacional;11 Extremadura;Trastornos mentales y del comportamiento;Distribución por capítulos de la CIE;Hombres;1,32
Total Nacional;11 Extremadura;Trastornos mentales y del comportamiento;Distribución por capítulos de la CIE;Mujeres;1,59
Total Nacional;11 Extremadura;Trastornos mentales y del comportamiento;Tasa estandarizada de APVP (tanto por cien mil);Hombres;83,69
Total Nacional;11 Extremadura;Trastornos mentales y del comportamiento;Tasa estandarizada de APVP (tanto por cien mil);Mujeres;53,71
Total Nacional;11 Extremadura;Trastornos mentales y del comportamiento;Nº medio de APVP;Hombres;11,31
Total Nacional;11 Extremadura;Trastornos mentales y del comportamiento;Nº medio de APVP;Mujeres;9,57
Total Nacional;11 Extremadura;Enfermedades del sistema nervioso y de los órganos de los sentidos;Nº de APVP;Hombres;1.530,00
Total Nacional;11 Extremadura;Enfermedades del sistema nervioso y de los órganos de los sentidos;Nº de APVP;Mujeres;1.182,50
Total Nacional;11 Extremadura;Enfermedades del sistema nervioso y de los órganos de los sentidos;Distribución por capítulos de la CIE;Hombres;4,25
Total Nacional;11 Extremadura;Enfermedades del sistema nervioso y de los órganos de los sentidos;Distribución por capítulos de la CIE;Mujeres;6,79
Total Nacional;11 Extremadura;Enfermedades del sistema nervioso y de los órganos de los sentidos;Tasa estandarizada de APVP (tanto por cien mil);Hombres;283,85
Total Nacional;11 Extremadura;Enfermedades del sistema nervioso y de los órganos de los sentidos;Tasa estandarizada de APVP (tanto por cien mil);Mujeres;227,12
Total Nacional;11 Extremadura;Enfermedades del sistema nervioso y de los órganos de los sentidos;Nº medio de APVP;Hombres;13,91
Total Nacional;11 Extremadura;Enfermedades del sistema nervioso y de los órganos de los sentidos;Nº medio de APVP;Mujeres;12,19
Total Nacional;11 Extremadura;Enfermedades del sistema circulatorio;Nº de APVP;Hombres;7.647,50
Total Nacional;11 Extremadura;Enfermedades del sistema circulatorio;Nº de APVP;Mujeres;2.795,00
Total Nacional;11 Extremadura;Enfermedades del sistema circulatorio;Distribución por capítulos de la CIE;Hombres;21,26
Total Nacional;11 Extremadura;Enfermedades del sistema circulatorio;Distribución por capítulos de la CIE;Mujeres;16,04
Total Nacional;11 Extremadura;Enfermedades del sistema circulatorio;Tasa estandarizada de APVP (tanto por cien mil);Hombres;1.384,53
Total Nacional;11 Extremadura;Enfermedades del sistema circulatorio;Tasa estandarizada de APVP (tanto por cien mil);Mujeres;508,75
Total Nacional;11 Extremadura;Enfermedades del sistema circulatorio;Nº medio de APVP;Hombres;12,56
Total Nacional;11 Extremadura;Enfermedades del sistema circulatorio;Nº medio de APVP;Mujeres;10,28
Total Nacional;11 Extremadura;Enfermedades del sistema respiratorio;Nº de APVP;Hombres;2.600,00
Total Nacional;11 Extremadura;Enfermedades del sistema respiratorio;Nº de APVP;Mujeres;790,00
Total Nacional;11 Extremadura;Enfermedades del sistema respiratorio;Distribución por capítulos de la CIE;Hombres;7,23
Total Nacional;11 Extremadura;Enfermedades del sistema respiratorio;Distribución por capítulos de la CIE;Mujeres;4,53
Total Nacional;11 Extremadura;Enfermedades del sistema respiratorio;Tasa estandarizada de APVP (tanto por cien mil);Hombres;471,20
Total Nacional;11 Extremadura;Enfermedades del sistema respiratorio;Tasa estandarizada de APVP (tanto por cien mil);Mujeres;142,97
Total Nacional;11 Extremadura;Enfermedades del sistema respiratorio;Nº medio de APVP;Hombres;9,77
Total Nacional;11 Extremadura;Enfermedades del sistema respiratorio;Nº medio de APVP;Mujeres;9,63
Total Nacional;11 Extremadura;Enfermedades del sistema digestivo;Nº de APVP;Hombres;2.300,00
Total Nacional;11 Extremadura;Enfermedades del sistema digestivo;Nº de APVP;Mujeres;942,50
Total Nacional;11 Extremadura;Enfermedades del sistema digestivo;Distribución por capítulos de la CIE;Hombres;6,39
Total Nacional;11 Extremadura;Enfermedades del sistema digestivo;Distribución por capítulos de la CIE;Mujeres;5,41
Total Nacional;11 Extremadura;Enfermedades del sistema digestivo;Tasa estandarizada de APVP (tanto por cien mil);Hombres;415,59
Total Nacional;11 Extremadura;Enfermedades del sistema digestivo;Tasa estandarizada de APVP (tanto por cien mil);Mujeres;182,05
Total Nacional;11 Extremadura;Enfermedades del sistema digestivo;Nº medio de APVP;Hombres;13,53
Total Nacional;11 Extremadura;Enfermedades del sistema digestivo;Nº medio de APVP;Mujeres;11,36
Total Nacional;11 Extremadura;Enfermedades de la piel y del tejido subcutáneo;Nº de APVP;Hombres;55,00
Total Nacional;11 Extremadura;Enfermedades de la piel y del tejido subcutáneo;Nº de APVP;Mujeres;55,00
Total Nacional;11 Extremadura;Enfermedades de la piel y del tejido subcutáneo;Distribución por capítulos de la CIE;Hombres;0,15
Total Nacional;11 Extremadura;Enfermedades de la piel y del tejido subcutáneo;Distribución por capítulos de la CIE;Mujeres;0,32
Total Nacional;11 Extremadura;Enfermedades de la piel y del tejido subcutáneo;Tasa estandarizada de APVP (tanto por cien mil);Hombres;10,07
Total Nacional;11 Extremadura;Enfermedades de la piel y del tejido subcutáneo;Tasa estandarizada de APVP (tanto por cien mil);Mujeres;9,71
Total Nacional;11 Extremadura;Enfermedades de la piel y del tejido subcutáneo;Nº medio de APVP;Hombres;6,88
Total Nacional;11 Extremadura;Enfermedades de la piel y del tejido subcutáneo;Nº medio de APVP;Mujeres;9,17
Total Nacional;11 Extremadura;Enfermedades del sistema osteomuscular y del tejido conjuntivo;Nº de APVP;Hombres;132,50
Total Nacional;11 Extremadura;Enfermedades del sistema osteomuscular y del tejido conjuntivo;Nº de APVP;Mujeres;85,00
Total Nacional;11 Extremadura;Enfermedades del sistema osteomuscular y del tejido conjuntivo;Distribución por capítulos de la CIE;Hombres;0,37
Total Nacional;11 Extremadura;Enfermedades del sistema osteomuscular y del tejido conjuntivo;Distribución por capítulos de la CIE;Mujeres;0,49
Total Nacional;11 Extremadura;Enfermedades del sistema osteomuscular y del tejido conjuntivo;Tasa estandarizada de APVP (tanto por cien mil);Hombres;24,00
Total Nacional;11 Extremadura;Enfermedades del sistema osteomuscular y del tejido conjuntivo;Tasa estandarizada de APVP (tanto por cien mil);Mujeres;15,78
Total Nacional;11 Extremadura;Enfermedades del sistema osteomuscular y del tejido conjuntivo;Nº medio de APVP;Hombres;7,79
Total Nacional;11 Extremadura;Enfermedades del sistema osteomuscular y del tejido conjuntivo;Nº medio de APVP;Mujeres;5,31
Total Nacional;11 Extremadura;Enfermedades del sistema genitourinario;Nº de APVP;Hombres;450,00
Total Nacional;11 Extremadura;Enfermedades del sistema genitourinario;Nº de APVP;Mujeres;265,00
Total Nacional;11 Extremadura;Enfermedades del sistema genitourinario;Distribución por capítulos de la CIE;Hombres;1,25
Total Nacional;11 Extremadura;Enfermedades del sistema genitourinario;Distribución por capítulos de la CIE;Mujeres;1,52
Total Nacional;11 Extremadura;Enfermedades del sistema genitourinario;Tasa estandarizada de APVP (tanto por cien mil);Hombres;82,18
Total Nacional;11 Extremadura;Enfermedades del sistema genitourinario;Tasa estandarizada de APVP (tanto por cien mil);Mujeres;46,83
Total Nacional;11 Extremadura;Enfermedades del sistema genitourinario;Nº medio de APVP;Hombres;9,00
Total Nacional;11 Extremadura;Enfermedades del sistema genitourinario;Nº medio de APVP;Mujeres;5,76
Total Nacional;11 Extremadura;Embarazo, parto y puerperio;Nº de APVP;Hombres;..
Total Nacional;11 Extremadura;Embarazo, parto y puerperio;Nº de APVP;Mujeres;..
Total Nacional;11 Extremadura;Embarazo, parto y puerperio;Distribución por capítulos de la CIE;Hombres;..
Total Nacional;11 Extremadura;Embarazo, parto y puerperio;Distribución por capítulos de la CIE;Mujeres;..
Total Nacional;11 Extremadura;Embarazo, parto y puerperio;Tasa estandarizada de APVP (tanto por cien mil);Hombres;..
Total Nacional;11 Extremadura;Embarazo, parto y puerperio;Tasa estandarizada de APVP (tanto por cien mil);Mujeres;..
Total Nacional;11 Extremadura;Embarazo, parto y puerperio;Nº medio de APVP;Hombres;..
Total Nacional;11 Extremadura;Embarazo, parto y puerperio;Nº medio de APVP;Mujeres;..
Total Nacional;11 Extremadura;Afecciones originadas en el periodo perinatal;Nº de APVP;Hombres;67,50
Total Nacional;11 Extremadura;Afecciones originadas en el periodo perinatal;Nº de APVP;Mujeres;..
Total Nacional;11 Extremadura;Afecciones originadas en el periodo perinatal;Distribución por capítulos de la CIE;Hombres;0,19
Total Nacional;11 Extremadura;Afecciones originadas en el periodo perinatal;Distribución por capítulos de la CIE;Mujeres;..
Total Nacional;11 Extremadura;Afecciones originadas en el periodo perinatal;Tasa estandarizada de APVP (tanto por cien mil);Hombres;15,33
Total Nacional;11 Extremadura;Afecciones originadas en el periodo perinatal;Tasa estandarizada de APVP (tanto por cien mil);Mujeres;..
Total Nacional;11 Extremadura;Afecciones originadas en el periodo perinatal;Nº medio de APVP;Hombres;67,50
Total Nacional;11 Extremadura;Afecciones originadas en el periodo perinatal;Nº medio de APVP;Mujeres;..
Total Nacional;11 Extremadura;Malformaciones congénitas, deformidades y anomalías cromosómicas;Nº de APVP;Hombres;264,50
Total Nacional;11 Extremadura;Malformaciones congénitas, deformidades y anomalías cromosómicas;Nº de APVP;Mujeres;162,50
Total Nacional;11 Extremadura;Malformaciones congénitas, deformidades y anomalías cromosómicas;Distribución por capítulos de la CIE;Hombres;0,74
Total Nacional;11 Extremadura;Malformaciones congénitas, deformidades y anomalías cromosómicas;Distribución por capítulos de la CIE;Mujeres;0,93
Total Nacional;11 Extremadura;Malformaciones congénitas, deformidades y anomalías cromosómicas;Tasa estandarizada de APVP (tanto por cien mil);Hombres;59,11
Total Nacional;11 Extremadura;Malformaciones congénitas, deformidades y anomalías cromosómicas;Tasa estandarizada de APVP (tanto por cien mil);Mujeres;35,84
Total Nacional;11 Extremadura;Malformaciones congénitas, deformidades y anomalías cromosómicas;Nº medio de APVP;Hombres;44,08
Total Nacional;11 Extremadura;Malformaciones congénitas, deformidades y anomalías cromosómicas;Nº medio de APVP;Mujeres;32,50
Total Nacional;11 Extremadura;Síntomas, signos y hallazgos anormales clínicos y de laboratorio, no clasificados en otra parte;Nº de APVP;Hombres;712,00
Total Nacional;11 Extremadura;Síntomas, signos y hallazgos anormales clínicos y de laboratorio, no clasificados en otra parte;Nº de APVP;Mujeres;302,50
Total Nacional;11 Extremadura;Síntomas, signos y hallazgos anormales clínicos y de laboratorio, no clasificados en otra parte;Distribución por capítulos de la CIE;Hombres;1,98
Total Nacional;11 Extremadura;Síntomas, signos y hallazgos anormales clínicos y de laboratorio, no clasificados en otra parte;Distribución por capítulos de la CIE;Mujeres;1,74
Total Nacional;11 Extremadura;Síntomas, signos y hallazgos anormales clínicos y de laboratorio, no clasificados en otra parte;Tasa estandarizada de APVP (tanto por cien mil);Hombres;142,00
Total Nacional;11 Extremadura;Síntomas, signos y hallazgos anormales clínicos y de laboratorio, no clasificados en otra parte;Tasa estandarizada de APVP (tanto por cien mil);Mujeres;53,18
Total Nacional;11 Extremadura;Síntomas, signos y hallazgos anormales clínicos y de laboratorio, no clasificados en otra parte;Nº medio de APVP;Hombres;11,67
Total Nacional;11 Extremadura;Síntomas, signos y hallazgos anormales clínicos y de laboratorio, no clasificados en otra parte;Nº medio de APVP;Mujeres;10,43
Total Nacional;11 Extremadura;Causas externas de mortalidad;Nº de APVP;Hombres;4.847,50
Total Nacional;11 Extremadura;Causas externas de mortalidad;Nº de APVP;Mujeres;1.037,50
Total Nacional;11 Extremadura;Causas externas de mortalidad;Distribución por capítulos de la CIE;Hombres;13,48
Total Nacional;11 Extremadura;Causas externas de mortalidad;Distribución por capítulos de la CIE;Mujeres;5,95
Total Nacional;11 Extremadura;Causas externas de mortalidad;Tasa estandarizada de APVP (tanto por cien mil);Hombres;955,33
Total Nacional;11 Extremadura;Causas externas de mortalidad;Tasa estandarizada de APVP (tanto por cien mil);Mujeres;195,02
Total Nacional;11 Extremadura;Causas externas de mortalidad;Nº medio de APVP;Hombres;23,88
Total Nacional;11 Extremadura;Causas externas de mortalidad;Nº medio de APVP;Mujeres;15,96
Total Nacional;12 Galicia;Enfermedades infecciosas y parasitarias;Nº de APVP;Hombres;1.640,00
Total Nacional;12 Galicia;Enfermedades infecciosas y parasitarias;Nº de APVP;Mujeres;725,00
Total Nacional;12 Galicia;Enfermedades infecciosas y parasitarias;Distribución por capítulos de la CIE;Hombres;1,82
Total Nacional;12 Galicia;Enfermedades infecciosas y parasitarias;Distribución por capítulos de la CIE;Mujeres;1,62
Total Nacional;12 Galicia;Enfermedades infecciosas y parasitarias;Tasa estandarizada de APVP (tanto por cien mil);Hombres;115,34
Total Nacional;12 Galicia;Enfermedades infecciosas y parasitarias;Tasa estandarizada de APVP (tanto por cien mil);Mujeres;47,09
Total Nacional;12 Galicia;Enfermedades infecciosas y parasitarias;Nº medio de APVP;Hombres;10,79
Total Nacional;12 Galicia;Enfermedades infecciosas y parasitarias;Nº medio de APVP;Mujeres;10,36
Total Nacional;12 Galicia;Tumores;Nº de APVP;Hombres;34.897,50
Total Nacional;12 Galicia;Tumores;Nº de APVP;Mujeres;22.299,50
Total Nacional;12 Galicia;Tumores;Distribución por capítulos de la CIE;Hombres;38,78
Total Nacional;12 Galicia;Tumores;Distribución por capítulos de la CIE;Mujeres;49,90
Total Nacional;12 Galicia;Tumores;Tasa estandarizada de APVP (tanto por cien mil);Hombres;2.455,34
Total Nacional;12 Galicia;Tumores;Tasa estandarizada de APVP (tanto por cien mil);Mujeres;1.479,12
Total Nacional;12 Galicia;Tumores;Nº medio de APVP;Hombres;11,64
Total Nacional;12 Galicia;Tumores;Nº medio de APVP;Mujeres;13,29
Total Nacional;12 Galicia;Enfermedades sangre y de órganos hematopoyéticos, y ciertos trastornos que afectan al mecanismo de la inmunidad;Nº de APVP;Hombres;202,50
Total Nacional;12 Galicia;Enfermedades sangre y de órganos hematopoyéticos, y ciertos trastornos que afectan al mecanismo de la inmunidad;Nº de APVP;Mujeres;115,00
Total Nacional;12 Galicia;Enfermedades sangre y de órganos hematopoyéticos, y ciertos trastornos que afectan al mecanismo de la inmunidad;Distribución por capítulos de la CIE;Hombres;0,23
Total Nacional;12 Galicia;Enfermedades sangre y de órganos hematopoyéticos, y ciertos trastornos que afectan al mecanismo de la inmunidad;Distribución por capítulos de la CIE;Mujeres;0,26
Total Nacional;12 Galicia;Enfermedades sangre y de órganos hematopoyéticos, y ciertos trastornos que afectan al mecanismo de la inmunidad;Tasa estandarizada de APVP (tanto por cien mil);Hombres;14,02
Total Nacional;12 Galicia;Enfermedades sangre y de órganos hematopoyéticos, y ciertos trastornos que afectan al mecanismo de la inmunidad;Tasa estandarizada de APVP (tanto por cien mil);Mujeres;7,07
Total Nacional;12 Galicia;Enfermedades sangre y de órganos hematopoyéticos, y ciertos trastornos que afectan al mecanismo de la inmunidad;Nº medio de APVP;Hombres;10,66
Total Nacional;12 Galicia;Enfermedades sangre y de órganos hematopoyéticos, y ciertos trastornos que afectan al mecanismo de la inmunidad;Nº medio de APVP;Mujeres;8,21
Total Nacional;12 Galicia;Enfermedades endocrinas, nutricionales y metabólicas;Nº de APVP;Hombres;1.920,00
Total Nacional;12 Galicia;Enfermedades endocrinas, nutricionales y metabólicas;Nº de APVP;Mujeres;999,50
Total Nacional;12 Galicia;Enfermedades endocrinas, nutricionales y metabólicas;Distribución por capítulos de la CIE;Hombres;2,13
Total Nacional;12 Galicia;Enfermedades endocrinas, nutricionales y metabólicas;Distribución por capítulos de la CIE;Mujeres;2,24
Total Nacional;12 Galicia;Enfermedades endocrinas, nutricionales y metabólicas;Tasa estandarizada de APVP (tanto por cien mil);Hombres;133,80
Total Nacional;12 Galicia;Enfermedades endocrinas, nutricionales y metabólicas;Tasa estandarizada de APVP (tanto por cien mil);Mujeres;75,12
Total Nacional;12 Galicia;Enfermedades endocrinas, nutricionales y metabólicas;Nº medio de APVP;Hombres;10,21
Total Nacional;12 Galicia;Enfermedades endocrinas, nutricionales y metabólicas;Nº medio de APVP;Mujeres;10,41
Total Nacional;12 Galicia;Trastornos mentales y del comportamiento;Nº de APVP;Hombres;1.020,00
Total Nacional;12 Galicia;Trastornos mentales y del comportamiento;Nº de APVP;Mujeres;605,00
Total Nacional;12 Galicia;Trastornos mentales y del comportamiento;Distribución por capítulos de la CIE;Hombres;1,13
Total Nacional;12 Galicia;Trastornos mentales y del comportamiento;Distribución por capítulos de la CIE;Mujeres;1,35
Total Nacional;12 Galicia;Trastornos mentales y del comportamiento;Tasa estandarizada de APVP (tanto por cien mil);Hombres;71,54
Total Nacional;12 Galicia;Trastornos mentales y del comportamiento;Tasa estandarizada de APVP (tanto por cien mil);Mujeres;35,99
Total Nacional;12 Galicia;Trastornos mentales y del comportamiento;Nº medio de APVP;Hombres;7,18
Total Nacional;12 Galicia;Trastornos mentales y del comportamiento;Nº medio de APVP;Mujeres;4,96
Total Nacional;12 Galicia;Enfermedades del sistema nervioso y de los órganos de los sentidos;Nº de APVP;Hombres;3.450,00
Total Nacional;12 Galicia;Enfermedades del sistema nervioso y de los órganos de los sentidos;Nº de APVP;Mujeres;2.689,00
Total Nacional;12 Galicia;Enfermedades del sistema nervioso y de los órganos de los sentidos;Distribución por capítulos de la CIE;Hombres;3,83
Total Nacional;12 Galicia;Enfermedades del sistema nervioso y de los órganos de los sentidos;Distribución por capítulos de la CIE;Mujeres;6,02
Total Nacional;12 Galicia;Enfermedades del sistema nervioso y de los órganos de los sentidos;Tasa estandarizada de APVP (tanto por cien mil);Hombres;249,89
Total Nacional;12 Galicia;Enfermedades del sistema nervioso y de los órganos de los sentidos;Tasa estandarizada de APVP (tanto por cien mil);Mujeres;191,92
Total Nacional;12 Galicia;Enfermedades del sistema nervioso y de los órganos de los sentidos;Nº medio de APVP;Hombres;10,85
Total Nacional;12 Galicia;Enfermedades del sistema nervioso y de los órganos de los sentidos;Nº medio de APVP;Mujeres;9,89
Total Nacional;12 Galicia;Enfermedades del sistema circulatorio;Nº de APVP;Hombres;18.645,00
Total Nacional;12 Galicia;Enfermedades del sistema circulatorio;Nº de APVP;Mujeres;6.475,00
Total Nacional;12 Galicia;Enfermedades del sistema circulatorio;Distribución por capítulos de la CIE;Hombres;20,72
Total Nacional;12 Galicia;Enfermedades del sistema circulatorio;Distribución por capítulos de la CIE;Mujeres;14,49
Total Nacional;12 Galicia;Enfermedades del sistema circulatorio;Tasa estandarizada de APVP (tanto por cien mil);Hombres;1.309,45
Total Nacional;12 Galicia;Enfermedades del sistema circulatorio;Tasa estandarizada de APVP (tanto por cien mil);Mujeres;416,05
Total Nacional;12 Galicia;Enfermedades del sistema circulatorio;Nº medio de APVP;Hombres;12,04
Total Nacional;12 Galicia;Enfermedades del sistema circulatorio;Nº medio de APVP;Mujeres;9,58
Total Nacional;12 Galicia;Enfermedades del sistema respiratorio;Nº de APVP;Hombres;5.512,00
Total Nacional;12 Galicia;Enfermedades del sistema respiratorio;Nº de APVP;Mujeres;2.480,00
Total Nacional;12 Galicia;Enfermedades del sistema respiratorio;Distribución por capítulos de la CIE;Hombres;6,13
Total Nacional;12 Galicia;Enfermedades del sistema respiratorio;Distribución por capítulos de la CIE;Mujeres;5,55
Total Nacional;12 Galicia;Enfermedades del sistema respiratorio;Tasa estandarizada de APVP (tanto por cien mil);Hombres;388,66
Total Nacional;12 Galicia;Enfermedades del sistema respiratorio;Tasa estandarizada de APVP (tanto por cien mil);Mujeres;156,92
Total Nacional;12 Galicia;Enfermedades del sistema respiratorio;Nº medio de APVP;Hombres;8,88
Total Nacional;12 Galicia;Enfermedades del sistema respiratorio;Nº medio de APVP;Mujeres;8,99
Total Nacional;12 Galicia;Enfermedades del sistema digestivo;Nº de APVP;Hombres;5.507,50
Total Nacional;12 Galicia;Enfermedades del sistema digestivo;Nº de APVP;Mujeres;1.980,00
Total Nacional;12 Galicia;Enfermedades del sistema digestivo;Distribución por capítulos de la CIE;Hombres;6,12
Total Nacional;12 Galicia;Enfermedades del sistema digestivo;Distribución por capítulos de la CIE;Mujeres;4,43
Total Nacional;12 Galicia;Enfermedades del sistema digestivo;Tasa estandarizada de APVP (tanto por cien mil);Hombres;387,48
Total Nacional;12 Galicia;Enfermedades del sistema digestivo;Tasa estandarizada de APVP (tanto por cien mil);Mujeres;125,97
Total Nacional;12 Galicia;Enfermedades del sistema digestivo;Nº medio de APVP;Hombres;12,60
Total Nacional;12 Galicia;Enfermedades del sistema digestivo;Nº medio de APVP;Mujeres;10,88
Total Nacional;12 Galicia;Enfermedades de la piel y del tejido subcutáneo;Nº de APVP;Hombres;112,50
Total Nacional;12 Galicia;Enfermedades de la piel y del tejido subcutáneo;Nº de APVP;Mujeres;120,00
Total Nacional;12 Galicia;Enfermedades de la piel y del tejido subcutáneo;Distribución por capítulos de la CIE;Hombres;0,13
Total Nacional;12 Galicia;Enfermedades de la piel y del tejido subcutáneo;Distribución por capítulos de la CIE;Mujeres;0,27
Total Nacional;12 Galicia;Enfermedades de la piel y del tejido subcutáneo;Tasa estandarizada de APVP (tanto por cien mil);Hombres;7,83
Total Nacional;12 Galicia;Enfermedades de la piel y del tejido subcutáneo;Tasa estandarizada de APVP (tanto por cien mil);Mujeres;7,69
Total Nacional;12 Galicia;Enfermedades de la piel y del tejido subcutáneo;Nº medio de APVP;Hombres;8,65
Total Nacional;12 Galicia;Enfermedades de la piel y del tejido subcutáneo;Nº medio de APVP;Mujeres;6,00
Total Nacional;12 Galicia;Enfermedades del sistema osteomuscular y del tejido conjuntivo;Nº de APVP;Hombres;335,00
Total Nacional;12 Galicia;Enfermedades del sistema osteomuscular y del tejido conjuntivo;Nº de APVP;Mujeres;285,00
Total Nacional;12 Galicia;Enfermedades del sistema osteomuscular y del tejido conjuntivo;Distribución por capítulos de la CIE;Hombres;0,37
Total Nacional;12 Galicia;Enfermedades del sistema osteomuscular y del tejido conjuntivo;Distribución por capítulos de la CIE;Mujeres;0,64
Total Nacional;12 Galicia;Enfermedades del sistema osteomuscular y del tejido conjuntivo;Tasa estandarizada de APVP (tanto por cien mil);Hombres;23,23
Total Nacional;12 Galicia;Enfermedades del sistema osteomuscular y del tejido conjuntivo;Tasa estandarizada de APVP (tanto por cien mil);Mujeres;19,31
Total Nacional;12 Galicia;Enfermedades del sistema osteomuscular y del tejido conjuntivo;Nº medio de APVP;Hombres;12,88
Total Nacional;12 Galicia;Enfermedades del sistema osteomuscular y del tejido conjuntivo;Nº medio de APVP;Mujeres;12,95
Total Nacional;12 Galicia;Enfermedades del sistema genitourinario;Nº de APVP;Hombres;967,50
Total Nacional;12 Galicia;Enfermedades del sistema genitourinario;Nº de APVP;Mujeres;477,50
Total Nacional;12 Galicia;Enfermedades del sistema genitourinario;Distribución por capítulos de la CIE;Hombres;1,08
Total Nacional;12 Galicia;Enfermedades del sistema genitourinario;Distribución por capítulos de la CIE;Mujeres;1,07
Total Nacional;12 Galicia;Enfermedades del sistema genitourinario;Tasa estandarizada de APVP (tanto por cien mil);Hombres;67,45
Total Nacional;12 Galicia;Enfermedades del sistema genitourinario;Tasa estandarizada de APVP (tanto por cien mil);Mujeres;28,87
Total Nacional;12 Galicia;Enfermedades del sistema genitourinario;Nº medio de APVP;Hombres;8,13
Total Nacional;12 Galicia;Enfermedades del sistema genitourinario;Nº medio de APVP;Mujeres;6,20
Total Nacional;12 Galicia;Embarazo, parto y puerperio;Nº de APVP;Hombres;..
Total Nacional;12 Galicia;Embarazo, parto y puerperio;Nº de APVP;Mujeres;..
Total Nacional;12 Galicia;Embarazo, parto y puerperio;Distribución por capítulos de la CIE;Hombres;..
Total Nacional;12 Galicia;Embarazo, parto y puerperio;Distribución por capítulos de la CIE;Mujeres;..
Total Nacional;12 Galicia;Embarazo, parto y puerperio;Tasa estandarizada de APVP (tanto por cien mil);Hombres;..
Total Nacional;12 Galicia;Embarazo, parto y puerperio;Tasa estandarizada de APVP (tanto por cien mil);Mujeres;..
Total Nacional;12 Galicia;Embarazo, parto y puerperio;Nº medio de APVP;Hombres;..
Total Nacional;12 Galicia;Embarazo, parto y puerperio;Nº medio de APVP;Mujeres;..
Total Nacional;12 Galicia;Afecciones originadas en el periodo perinatal;Nº de APVP;Hombres;..
Total Nacional;12 Galicia;Afecciones originadas en el periodo perinatal;Nº de APVP;Mujeres;27,50
Total Nacional;12 Galicia;Afecciones originadas en el periodo perinatal;Distribución por capítulos de la CIE;Hombres;..
Total Nacional;12 Galicia;Afecciones originadas en el periodo perinatal;Distribución por capítulos de la CIE;Mujeres;0,06
Total Nacional;12 Galicia;Afecciones originadas en el periodo perinatal;Tasa estandarizada de APVP (tanto por cien mil);Hombres;..
Total Nacional;12 Galicia;Afecciones originadas en el periodo perinatal;Tasa estandarizada de APVP (tanto por cien mil);Mujeres;1,84
Total Nacional;12 Galicia;Afecciones originadas en el periodo perinatal;Nº medio de APVP;Hombres;..
Total Nacional;12 Galicia;Afecciones originadas en el periodo perinatal;Nº medio de APVP;Mujeres;27,50
Total Nacional;12 Galicia;Malformaciones congénitas, deformidades y anomalías cromosómicas;Nº de APVP;Hombres;397,50
Total Nacional;12 Galicia;Malformaciones congénitas, deformidades y anomalías cromosómicas;Nº de APVP;Mujeres;430,00
Total Nacional;12 Galicia;Malformaciones congénitas, deformidades y anomalías cromosómicas;Distribución por capítulos de la CIE;Hombres;0,44
Total Nacional;12 Galicia;Malformaciones congénitas, deformidades y anomalías cromosómicas;Distribución por capítulos de la CIE;Mujeres;0,96
Total Nacional;12 Galicia;Malformaciones congénitas, deformidades y anomalías cromosómicas;Tasa estandarizada de APVP (tanto por cien mil);Hombres;28,17
Total Nacional;12 Galicia;Malformaciones congénitas, deformidades y anomalías cromosómicas;Tasa estandarizada de APVP (tanto por cien mil);Mujeres;38,84
Total Nacional;12 Galicia;Malformaciones congénitas, deformidades y anomalías cromosómicas;Nº medio de APVP;Hombres;18,93
Total Nacional;12 Galicia;Malformaciones congénitas, deformidades y anomalías cromosómicas;Nº medio de APVP;Mujeres;30,71
Total Nacional;12 Galicia;Síntomas, signos y hallazgos anormales clínicos y de laboratorio, no clasificados en otra parte;Nº de APVP;Hombres;1.515,00
Total Nacional;12 Galicia;Síntomas, signos y hallazgos anormales clínicos y de laboratorio, no clasificados en otra parte;Nº de APVP;Mujeres;567,50
Total Nacional;12 Galicia;Síntomas, signos y hallazgos anormales clínicos y de laboratorio, no clasificados en otra parte;Distribución por capítulos de la CIE;Hombres;1,68
Total Nacional;12 Galicia;Síntomas, signos y hallazgos anormales clínicos y de laboratorio, no clasificados en otra parte;Distribución por capítulos de la CIE;Mujeres;1,27
Total Nacional;12 Galicia;Síntomas, signos y hallazgos anormales clínicos y de laboratorio, no clasificados en otra parte;Tasa estandarizada de APVP (tanto por cien mil);Hombres;115,85
Total Nacional;12 Galicia;Síntomas, signos y hallazgos anormales clínicos y de laboratorio, no clasificados en otra parte;Tasa estandarizada de APVP (tanto por cien mil);Mujeres;39,25
Total Nacional;12 Galicia;Síntomas, signos y hallazgos anormales clínicos y de laboratorio, no clasificados en otra parte;Nº medio de APVP;Hombres;22,28
Total Nacional;12 Galicia;Síntomas, signos y hallazgos anormales clínicos y de laboratorio, no clasificados en otra parte;Nº medio de APVP;Mujeres;18,31
Total Nacional;12 Galicia;Causas externas de mortalidad;Nº de APVP;Hombres;13.867,00
Total Nacional;12 Galicia;Causas externas de mortalidad;Nº de APVP;Mujeres;4.410,00
Total Nacional;12 Galicia;Causas externas de mortalidad;Distribución por capítulos de la CIE;Hombres;15,41
Total Nacional;12 Galicia;Causas externas de mortalidad;Distribución por capítulos de la CIE;Mujeres;9,87
Total Nacional;12 Galicia;Causas externas de mortalidad;Tasa estandarizada de APVP (tanto por cien mil);Hombres;1.111,40
Total Nacional;12 Galicia;Causas externas de mortalidad;Tasa estandarizada de APVP (tanto por cien mil);Mujeres;327,48
Total Nacional;12 Galicia;Causas externas de mortalidad;Nº medio de APVP;Hombres;24,81
Total Nacional;12 Galicia;Causas externas de mortalidad;Nº medio de APVP;Mujeres;21,20
Total Nacional;13 Madrid, Comunidad de;Enfermedades infecciosas y parasitarias;Nº de APVP;Hombres;3.910,00
Total Nacional;13 Madrid, Comunidad de;Enfermedades infecciosas y parasitarias;Nº de APVP;Mujeres;2.286,50
Total Nacional;13 Madrid, Comunidad de;Enfermedades infecciosas y parasitarias;Distribución por capítulos de la CIE;Hombres;2,57
Total Nacional;13 Madrid, Comunidad de;Enfermedades infecciosas y parasitarias;Distribución por capítulos de la CIE;Mujeres;2,49
Total Nacional;13 Madrid, Comunidad de;Enfermedades infecciosas y parasitarias;Tasa estandarizada de APVP (tanto por cien mil);Hombres;124,67
Total Nacional;13 Madrid, Comunidad de;Enfermedades infecciosas y parasitarias;Tasa estandarizada de APVP (tanto por cien mil);Mujeres;65,78
Total Nacional;13 Madrid, Comunidad de;Enfermedades infecciosas y parasitarias;Nº medio de APVP;Hombres;13,48
Total Nacional;13 Madrid, Comunidad de;Enfermedades infecciosas y parasitarias;Nº medio de APVP;Mujeres;12,63
Total Nacional;13 Madrid, Comunidad de;Tumores;Nº de APVP;Hombres;57.286,00
Total Nacional;13 Madrid, Comunidad de;Tumores;Nº de APVP;Mujeres;47.253,50
Total Nacional;13 Madrid, Comunidad de;Tumores;Distribución por capítulos de la CIE;Hombres;37,64
Total Nacional;13 Madrid, Comunidad de;Tumores;Distribución por capítulos de la CIE;Mujeres;51,55
Total Nacional;13 Madrid, Comunidad de;Tumores;Tasa estandarizada de APVP (tanto por cien mil);Hombres;1.862,61
Total Nacional;13 Madrid, Comunidad de;Tumores;Tasa estandarizada de APVP (tanto por cien mil);Mujeres;1.318,17
Total Nacional;13 Madrid, Comunidad de;Tumores;Nº medio de APVP;Hombres;12,33
Total Nacional;13 Madrid, Comunidad de;Tumores;Nº medio de APVP;Mujeres;14,16
Total Nacional;13 Madrid, Comunidad de;Enfermedades sangre y de órganos hematopoyéticos, y ciertos trastornos que afectan al mecanismo de la inmunidad;Nº de APVP;Hombres;630,00
Total Nacional;13 Madrid, Comunidad de;Enfermedades sangre y de órganos hematopoyéticos, y ciertos trastornos que afectan al mecanismo de la inmunidad;Nº de APVP;Mujeres;487,50
Total Nacional;13 Madrid, Comunidad de;Enfermedades sangre y de órganos hematopoyéticos, y ciertos trastornos que afectan al mecanismo de la inmunidad;Distribución por capítulos de la CIE;Hombres;0,41
Total Nacional;13 Madrid, Comunidad de;Enfermedades sangre y de órganos hematopoyéticos, y ciertos trastornos que afectan al mecanismo de la inmunidad;Distribución por capítulos de la CIE;Mujeres;0,53
Total Nacional;13 Madrid, Comunidad de;Enfermedades sangre y de órganos hematopoyéticos, y ciertos trastornos que afectan al mecanismo de la inmunidad;Tasa estandarizada de APVP (tanto por cien mil);Hombres;19,82
Total Nacional;13 Madrid, Comunidad de;Enfermedades sangre y de órganos hematopoyéticos, y ciertos trastornos que afectan al mecanismo de la inmunidad;Tasa estandarizada de APVP (tanto por cien mil);Mujeres;13,81
Total Nacional;13 Madrid, Comunidad de;Enfermedades sangre y de órganos hematopoyéticos, y ciertos trastornos que afectan al mecanismo de la inmunidad;Nº medio de APVP;Hombres;15,75
Total Nacional;13 Madrid, Comunidad de;Enfermedades sangre y de órganos hematopoyéticos, y ciertos trastornos que afectan al mecanismo de la inmunidad;Nº medio de APVP;Mujeres;13,18
Total Nacional;13 Madrid, Comunidad de;Enfermedades endocrinas, nutricionales y metabólicas;Nº de APVP;Hombres;2.027,00
Total Nacional;13 Madrid, Comunidad de;Enfermedades endocrinas, nutricionales y metabólicas;Nº de APVP;Mujeres;1.305,00
Total Nacional;13 Madrid, Comunidad de;Enfermedades endocrinas, nutricionales y metabólicas;Distribución por capítulos de la CIE;Hombres;1,33
Total Nacional;13 Madrid, Comunidad de;Enfermedades endocrinas, nutricionales y metabólicas;Distribución por capítulos de la CIE;Mujeres;1,42
Total Nacional;13 Madrid, Comunidad de;Enfermedades endocrinas, nutricionales y metabólicas;Tasa estandarizada de APVP (tanto por cien mil);Hombres;67,27
Total Nacional;13 Madrid, Comunidad de;Enfermedades endocrinas, nutricionales y metabólicas;Tasa estandarizada de APVP (tanto por cien mil);Mujeres;36,50
Total Nacional;13 Madrid, Comunidad de;Enfermedades endocrinas, nutricionales y metabólicas;Nº medio de APVP;Hombres;12,14
Total Nacional;13 Madrid, Comunidad de;Enfermedades endocrinas, nutricionales y metabólicas;Nº medio de APVP;Mujeres;10,36
Total Nacional;13 Madrid, Comunidad de;Trastornos mentales y del comportamiento;Nº de APVP;Hombres;1.192,50
Total Nacional;13 Madrid, Comunidad de;Trastornos mentales y del comportamiento;Nº de APVP;Mujeres;792,50
Total Nacional;13 Madrid, Comunidad de;Trastornos mentales y del comportamiento;Distribución por capítulos de la CIE;Hombres;0,78
Total Nacional;13 Madrid, Comunidad de;Trastornos mentales y del comportamiento;Distribución por capítulos de la CIE;Mujeres;0,86
Total Nacional;13 Madrid, Comunidad de;Trastornos mentales y del comportamiento;Tasa estandarizada de APVP (tanto por cien mil);Hombres;40,36
Total Nacional;13 Madrid, Comunidad de;Trastornos mentales y del comportamiento;Tasa estandarizada de APVP (tanto por cien mil);Mujeres;23,26
Total Nacional;13 Madrid, Comunidad de;Trastornos mentales y del comportamiento;Nº medio de APVP;Hombres;8,70
Total Nacional;13 Madrid, Comunidad de;Trastornos mentales y del comportamiento;Nº medio de APVP;Mujeres;5,70
Total Nacional;13 Madrid, Comunidad de;Enfermedades del sistema nervioso y de los órganos de los sentidos;Nº de APVP;Hombres;6.391,00
Total Nacional;13 Madrid, Comunidad de;Enfermedades del sistema nervioso y de los órganos de los sentidos;Nº de APVP;Mujeres;4.657,00
Total Nacional;13 Madrid, Comunidad de;Enfermedades del sistema nervioso y de los órganos de los sentidos;Distribución por capítulos de la CIE;Hombres;4,20
Total Nacional;13 Madrid, Comunidad de;Enfermedades del sistema nervioso y de los órganos de los sentidos;Distribución por capítulos de la CIE;Mujeres;5,08
Total Nacional;13 Madrid, Comunidad de;Enfermedades del sistema nervioso y de los órganos de los sentidos;Tasa estandarizada de APVP (tanto por cien mil);Hombres;205,89
Total Nacional;13 Madrid, Comunidad de;Enfermedades del sistema nervioso y de los órganos de los sentidos;Tasa estandarizada de APVP (tanto por cien mil);Mujeres;133,61
Total Nacional;13 Madrid, Comunidad de;Enfermedades del sistema nervioso y de los órganos de los sentidos;Nº medio de APVP;Hombres;13,57
Total Nacional;13 Madrid, Comunidad de;Enfermedades del sistema nervioso y de los órganos de los sentidos;Nº medio de APVP;Mujeres;11,97
Total Nacional;13 Madrid, Comunidad de;Enfermedades del sistema circulatorio;Nº de APVP;Hombres;34.426,00
Total Nacional;13 Madrid, Comunidad de;Enfermedades del sistema circulatorio;Nº de APVP;Mujeres;13.477,50
Total Nacional;13 Madrid, Comunidad de;Enfermedades del sistema circulatorio;Distribución por capítulos de la CIE;Hombres;22,62
Total Nacional;13 Madrid, Comunidad de;Enfermedades del sistema circulatorio;Distribución por capítulos de la CIE;Mujeres;14,70
Total Nacional;13 Madrid, Comunidad de;Enfermedades del sistema circulatorio;Tasa estandarizada de APVP (tanto por cien mil);Hombres;1.081,80
Total Nacional;13 Madrid, Comunidad de;Enfermedades del sistema circulatorio;Tasa estandarizada de APVP (tanto por cien mil);Mujeres;378,80
Total Nacional;13 Madrid, Comunidad de;Enfermedades del sistema circulatorio;Nº medio de APVP;Hombres;14,02
Total Nacional;13 Madrid, Comunidad de;Enfermedades del sistema circulatorio;Nº medio de APVP;Mujeres;11,22
Total Nacional;13 Madrid, Comunidad de;Enfermedades del sistema respiratorio;Nº de APVP;Hombres;11.065,00
Total Nacional;13 Madrid, Comunidad de;Enfermedades del sistema respiratorio;Nº de APVP;Mujeres;6.372,50
Total Nacional;13 Madrid, Comunidad de;Enfermedades del sistema respiratorio;Distribución por capítulos de la CIE;Hombres;7,27
Total Nacional;13 Madrid, Comunidad de;Enfermedades del sistema respiratorio;Distribución por capítulos de la CIE;Mujeres;6,95
Total Nacional;13 Madrid, Comunidad de;Enfermedades del sistema respiratorio;Tasa estandarizada de APVP (tanto por cien mil);Hombres;368,43
Total Nacional;13 Madrid, Comunidad de;Enfermedades del sistema respiratorio;Tasa estandarizada de APVP (tanto por cien mil);Mujeres;179,52
Total Nacional;13 Madrid, Comunidad de;Enfermedades del sistema respiratorio;Nº medio de APVP;Hombres;9,83
Total Nacional;13 Madrid, Comunidad de;Enfermedades del sistema respiratorio;Nº medio de APVP;Mujeres;10,07
Total Nacional;13 Madrid, Comunidad de;Enfermedades del sistema digestivo;Nº de APVP;Hombres;9.374,00
Total Nacional;13 Madrid, Comunidad de;Enfermedades del sistema digestivo;Nº de APVP;Mujeres;3.702,50
Total Nacional;13 Madrid, Comunidad de;Enfermedades del sistema digestivo;Distribución por capítulos de la CIE;Hombres;6,16
Total Nacional;13 Madrid, Comunidad de;Enfermedades del sistema digestivo;Distribución por capítulos de la CIE;Mujeres;4,04
Total Nacional;13 Madrid, Comunidad de;Enfermedades del sistema digestivo;Tasa estandarizada de APVP (tanto por cien mil);Hombres;295,86
Total Nacional;13 Madrid, Comunidad de;Enfermedades del sistema digestivo;Tasa estandarizada de APVP (tanto por cien mil);Mujeres;104,29
Total Nacional;13 Madrid, Comunidad de;Enfermedades del sistema digestivo;Nº medio de APVP;Hombres;14,16
Total Nacional;13 Madrid, Comunidad de;Enfermedades del sistema digestivo;Nº medio de APVP;Mujeres;10,79
Total Nacional;13 Madrid, Comunidad de;Enfermedades de la piel y del tejido subcutáneo;Nº de APVP;Hombres;257,50
Total Nacional;13 Madrid, Comunidad de;Enfermedades de la piel y del tejido subcutáneo;Nº de APVP;Mujeres;157,50
Total Nacional;13 Madrid, Comunidad de;Enfermedades de la piel y del tejido subcutáneo;Distribución por capítulos de la CIE;Hombres;0,17
Total Nacional;13 Madrid, Comunidad de;Enfermedades de la piel y del tejido subcutáneo;Distribución por capítulos de la CIE;Mujeres;0,17
Total Nacional;13 Madrid, Comunidad de;Enfermedades de la piel y del tejido subcutáneo;Tasa estandarizada de APVP (tanto por cien mil);Hombres;8,45
Total Nacional;13 Madrid, Comunidad de;Enfermedades de la piel y del tejido subcutáneo;Tasa estandarizada de APVP (tanto por cien mil);Mujeres;4,54
Total Nacional;13 Madrid, Comunidad de;Enfermedades de la piel y del tejido subcutáneo;Nº medio de APVP;Hombres;11,20
Total Nacional;13 Madrid, Comunidad de;Enfermedades de la piel y del tejido subcutáneo;Nº medio de APVP;Mujeres;8,29
Total Nacional;13 Madrid, Comunidad de;Enfermedades del sistema osteomuscular y del tejido conjuntivo;Nº de APVP;Hombres;687,50
Total Nacional;13 Madrid, Comunidad de;Enfermedades del sistema osteomuscular y del tejido conjuntivo;Nº de APVP;Mujeres;447,50
Total Nacional;13 Madrid, Comunidad de;Enfermedades del sistema osteomuscular y del tejido conjuntivo;Distribución por capítulos de la CIE;Hombres;0,45
Total Nacional;13 Madrid, Comunidad de;Enfermedades del sistema osteomuscular y del tejido conjuntivo;Distribución por capítulos de la CIE;Mujeres;0,49
Total Nacional;13 Madrid, Comunidad de;Enfermedades del sistema osteomuscular y del tejido conjuntivo;Tasa estandarizada de APVP (tanto por cien mil);Hombres;22,62
Total Nacional;13 Madrid, Comunidad de;Enfermedades del sistema osteomuscular y del tejido conjuntivo;Tasa estandarizada de APVP (tanto por cien mil);Mujeres;12,75
Total Nacional;13 Madrid, Comunidad de;Enfermedades del sistema osteomuscular y del tejido conjuntivo;Nº medio de APVP;Hombres;10,58
Total Nacional;13 Madrid, Comunidad de;Enfermedades del sistema osteomuscular y del tejido conjuntivo;Nº medio de APVP;Mujeres;9,13
Total Nacional;13 Madrid, Comunidad de;Enfermedades del sistema genitourinario;Nº de APVP;Hombres;1.375,00
Total Nacional;13 Madrid, Comunidad de;Enfermedades del sistema genitourinario;Nº de APVP;Mujeres;930,00
Total Nacional;13 Madrid, Comunidad de;Enfermedades del sistema genitourinario;Distribución por capítulos de la CIE;Hombres;0,90
Total Nacional;13 Madrid, Comunidad de;Enfermedades del sistema genitourinario;Distribución por capítulos de la CIE;Mujeres;1,01
Total Nacional;13 Madrid, Comunidad de;Enfermedades del sistema genitourinario;Tasa estandarizada de APVP (tanto por cien mil);Hombres;47,53
Total Nacional;13 Madrid, Comunidad de;Enfermedades del sistema genitourinario;Tasa estandarizada de APVP (tanto por cien mil);Mujeres;26,82
Total Nacional;13 Madrid, Comunidad de;Enfermedades del sistema genitourinario;Nº medio de APVP;Hombres;7,90
Total Nacional;13 Madrid, Comunidad de;Enfermedades del sistema genitourinario;Nº medio de APVP;Mujeres;8,30
Total Nacional;13 Madrid, Comunidad de;Embarazo, parto y puerperio;Nº de APVP;Hombres;..
Total Nacional;13 Madrid, Comunidad de;Embarazo, parto y puerperio;Nº de APVP;Mujeres;..
Total Nacional;13 Madrid, Comunidad de;Embarazo, parto y puerperio;Distribución por capítulos de la CIE;Hombres;..
Total Nacional;13 Madrid, Comunidad de;Embarazo, parto y puerperio;Distribución por capítulos de la CIE;Mujeres;..
Total Nacional;13 Madrid, Comunidad de;Embarazo, parto y puerperio;Tasa estandarizada de APVP (tanto por cien mil);Hombres;..
Total Nacional;13 Madrid, Comunidad de;Embarazo, parto y puerperio;Tasa estandarizada de APVP (tanto por cien mil);Mujeres;..
Total Nacional;13 Madrid, Comunidad de;Embarazo, parto y puerperio;Nº medio de APVP;Hombres;..
Total Nacional;13 Madrid, Comunidad de;Embarazo, parto y puerperio;Nº medio de APVP;Mujeres;..
Total Nacional;13 Madrid, Comunidad de;Afecciones originadas en el periodo perinatal;Nº de APVP;Hombres;27,50
Total Nacional;13 Madrid, Comunidad de;Afecciones originadas en el periodo perinatal;Nº de APVP;Mujeres;45,00
Total Nacional;13 Madrid, Comunidad de;Afecciones originadas en el periodo perinatal;Distribución por capítulos de la CIE;Hombres;0,02
Total Nacional;13 Madrid, Comunidad de;Afecciones originadas en el periodo perinatal;Distribución por capítulos de la CIE;Mujeres;0,05
Total Nacional;13 Madrid, Comunidad de;Afecciones originadas en el periodo perinatal;Tasa estandarizada de APVP (tanto por cien mil);Hombres;0,74
Total Nacional;13 Madrid, Comunidad de;Afecciones originadas en el periodo perinatal;Tasa estandarizada de APVP (tanto por cien mil);Mujeres;1,18
Total Nacional;13 Madrid, Comunidad de;Afecciones originadas en el periodo perinatal;Nº medio de APVP;Hombres;27,50
Total Nacional;13 Madrid, Comunidad de;Afecciones originadas en el periodo perinatal;Nº medio de APVP;Mujeres;22,50
Total Nacional;13 Madrid, Comunidad de;Malformaciones congénitas, deformidades y anomalías cromosómicas;Nº de APVP;Hombres;1.054,50
Total Nacional;13 Madrid, Comunidad de;Malformaciones congénitas, deformidades y anomalías cromosómicas;Nº de APVP;Mujeres;682,50
Total Nacional;13 Madrid, Comunidad de;Malformaciones congénitas, deformidades y anomalías cromosómicas;Distribución por capítulos de la CIE;Hombres;0,69
Total Nacional;13 Madrid, Comunidad de;Malformaciones congénitas, deformidades y anomalías cromosómicas;Distribución por capítulos de la CIE;Mujeres;0,74
Total Nacional;13 Madrid, Comunidad de;Malformaciones congénitas, deformidades y anomalías cromosómicas;Tasa estandarizada de APVP (tanto por cien mil);Hombres;32,80
Total Nacional;13 Madrid, Comunidad de;Malformaciones congénitas, deformidades y anomalías cromosómicas;Tasa estandarizada de APVP (tanto por cien mil);Mujeres;18,83
Total Nacional;13 Madrid, Comunidad de;Malformaciones congénitas, deformidades y anomalías cromosómicas;Nº medio de APVP;Hombres;27,75
Total Nacional;13 Madrid, Comunidad de;Malformaciones congénitas, deformidades y anomalías cromosómicas;Nº medio de APVP;Mujeres;23,53
Total Nacional;13 Madrid, Comunidad de;Síntomas, signos y hallazgos anormales clínicos y de laboratorio, no clasificados en otra parte;Nº de APVP;Hombres;4.187,00
Total Nacional;13 Madrid, Comunidad de;Síntomas, signos y hallazgos anormales clínicos y de laboratorio, no clasificados en otra parte;Nº de APVP;Mujeres;1.855,00
Total Nacional;13 Madrid, Comunidad de;Síntomas, signos y hallazgos anormales clínicos y de laboratorio, no clasificados en otra parte;Distribución por capítulos de la CIE;Hombres;2,75
Total Nacional;13 Madrid, Comunidad de;Síntomas, signos y hallazgos anormales clínicos y de laboratorio, no clasificados en otra parte;Distribución por capítulos de la CIE;Mujeres;2,02
Total Nacional;13 Madrid, Comunidad de;Síntomas, signos y hallazgos anormales clínicos y de laboratorio, no clasificados en otra parte;Tasa estandarizada de APVP (tanto por cien mil);Hombres;132,69
Total Nacional;13 Madrid, Comunidad de;Síntomas, signos y hallazgos anormales clínicos y de laboratorio, no clasificados en otra parte;Tasa estandarizada de APVP (tanto por cien mil);Mujeres;53,09
Total Nacional;13 Madrid, Comunidad de;Síntomas, signos y hallazgos anormales clínicos y de laboratorio, no clasificados en otra parte;Nº medio de APVP;Hombres;15,68
Total Nacional;13 Madrid, Comunidad de;Síntomas, signos y hallazgos anormales clínicos y de laboratorio, no clasificados en otra parte;Nº medio de APVP;Mujeres;12,05
Total Nacional;13 Madrid, Comunidad de;Causas externas de mortalidad;Nº de APVP;Hombres;18.297,00
Total Nacional;13 Madrid, Comunidad de;Causas externas de mortalidad;Nº de APVP;Mujeres;7.218,50
Total Nacional;13 Madrid, Comunidad de;Causas externas de mortalidad;Distribución por capítulos de la CIE;Hombres;12,02
Total Nacional;13 Madrid, Comunidad de;Causas externas de mortalidad;Distribución por capítulos de la CIE;Mujeres;7,87
Total Nacional;13 Madrid, Comunidad de;Causas externas de mortalidad;Tasa estandarizada de APVP (tanto por cien mil);Hombres;550,07
Total Nacional;13 Madrid, Comunidad de;Causas externas de mortalidad;Tasa estandarizada de APVP (tanto por cien mil);Mujeres;209,05
Total Nacional;13 Madrid, Comunidad de;Causas externas de mortalidad;Nº medio de APVP;Hombres;27,51
Total Nacional;13 Madrid, Comunidad de;Causas externas de mortalidad;Nº medio de APVP;Mujeres;25,06
Total Nacional;14 Murcia, Región de;Enfermedades infecciosas y parasitarias;Nº de APVP;Hombres;1.022,50
Total Nacional;14 Murcia, Región de;Enfermedades infecciosas y parasitarias;Nº de APVP;Mujeres;490,00
Total Nacional;14 Murcia, Región de;Enfermedades infecciosas y parasitarias;Distribución por capítulos de la CIE;Hombres;2,26
Total Nacional;14 Murcia, Región de;Enfermedades infecciosas y parasitarias;Distribución por capítulos de la CIE;Mujeres;2,20
Total Nacional;14 Murcia, Región de;Enfermedades infecciosas y parasitarias;Tasa estandarizada de APVP (tanto por cien mil);Hombres;143,25
Total Nacional;14 Murcia, Región de;Enfermedades infecciosas y parasitarias;Tasa estandarizada de APVP (tanto por cien mil);Mujeres;66,59
Total Nacional;14 Murcia, Región de;Enfermedades infecciosas y parasitarias;Nº medio de APVP;Hombres;12,94
Total Nacional;14 Murcia, Región de;Enfermedades infecciosas y parasitarias;Nº medio de APVP;Mujeres;9,42
Total Nacional;14 Murcia, Región de;Tumores;Nº de APVP;Hombres;15.827,00
Total Nacional;14 Murcia, Región de;Tumores;Nº de APVP;Mujeres;11.129,00
Total Nacional;14 Murcia, Región de;Tumores;Distribución por capítulos de la CIE;Hombres;35,02
Total Nacional;14 Murcia, Región de;Tumores;Distribución por capítulos de la CIE;Mujeres;50,04
Total Nacional;14 Murcia, Región de;Tumores;Tasa estandarizada de APVP (tanto por cien mil);Hombres;2.222,17
Total Nacional;14 Murcia, Región de;Tumores;Tasa estandarizada de APVP (tanto por cien mil);Mujeres;1.487,77
Total Nacional;14 Murcia, Región de;Tumores;Nº medio de APVP;Hombres;12,96
Total Nacional;14 Murcia, Región de;Tumores;Nº medio de APVP;Mujeres;15,20
Total Nacional;14 Murcia, Región de;Enfermedades sangre y de órganos hematopoyéticos, y ciertos trastornos que afectan al mecanismo de la inmunidad;Nº de APVP;Hombres;225,00
Total Nacional;14 Murcia, Región de;Enfermedades sangre y de órganos hematopoyéticos, y ciertos trastornos que afectan al mecanismo de la inmunidad;Nº de APVP;Mujeres;12,50
Total Nacional;14 Murcia, Región de;Enfermedades sangre y de órganos hematopoyéticos, y ciertos trastornos que afectan al mecanismo de la inmunidad;Distribución por capítulos de la CIE;Hombres;0,50
Total Nacional;14 Murcia, Región de;Enfermedades sangre y de órganos hematopoyéticos, y ciertos trastornos que afectan al mecanismo de la inmunidad;Distribución por capítulos de la CIE;Mujeres;0,06
Total Nacional;14 Murcia, Región de;Enfermedades sangre y de órganos hematopoyéticos, y ciertos trastornos que afectan al mecanismo de la inmunidad;Tasa estandarizada de APVP (tanto por cien mil);Hombres;28,93
Total Nacional;14 Murcia, Región de;Enfermedades sangre y de órganos hematopoyéticos, y ciertos trastornos que afectan al mecanismo de la inmunidad;Tasa estandarizada de APVP (tanto por cien mil);Mujeres;1,94
Total Nacional;14 Murcia, Región de;Enfermedades sangre y de órganos hematopoyéticos, y ciertos trastornos que afectan al mecanismo de la inmunidad;Nº medio de APVP;Hombres;22,50
Total Nacional;14 Murcia, Región de;Enfermedades sangre y de órganos hematopoyéticos, y ciertos trastornos que afectan al mecanismo de la inmunidad;Nº medio de APVP;Mujeres;4,17
Total Nacional;14 Murcia, Región de;Enfermedades endocrinas, nutricionales y metabólicas;Nº de APVP;Hombres;1.519,50
Total Nacional;14 Murcia, Región de;Enfermedades endocrinas, nutricionales y metabólicas;Nº de APVP;Mujeres;472,50
Total Nacional;14 Murcia, Región de;Enfermedades endocrinas, nutricionales y metabólicas;Distribución por capítulos de la CIE;Hombres;3,36
Total Nacional;14 Murcia, Región de;Enfermedades endocrinas, nutricionales y metabólicas;Distribución por capítulos de la CIE;Mujeres;2,12
Total Nacional;14 Murcia, Región de;Enfermedades endocrinas, nutricionales y metabólicas;Tasa estandarizada de APVP (tanto por cien mil);Hombres;215,34
Total Nacional;14 Murcia, Región de;Enfermedades endocrinas, nutricionales y metabólicas;Tasa estandarizada de APVP (tanto por cien mil);Mujeres;64,95
Total Nacional;14 Murcia, Región de;Enfermedades endocrinas, nutricionales y metabólicas;Nº medio de APVP;Hombres;13,81
Total Nacional;14 Murcia, Región de;Enfermedades endocrinas, nutricionales y metabólicas;Nº medio de APVP;Mujeres;9,26
Total Nacional;14 Murcia, Región de;Trastornos mentales y del comportamiento;Nº de APVP;Hombres;350,00
Total Nacional;14 Murcia, Región de;Trastornos mentales y del comportamiento;Nº de APVP;Mujeres;222,50
Total Nacional;14 Murcia, Región de;Trastornos mentales y del comportamiento;Distribución por capítulos de la CIE;Hombres;0,77
Total Nacional;14 Murcia, Región de;Trastornos mentales y del comportamiento;Distribución por capítulos de la CIE;Mujeres;1,00
Total Nacional;14 Murcia, Región de;Trastornos mentales y del comportamiento;Tasa estandarizada de APVP (tanto por cien mil);Hombres;50,47
Total Nacional;14 Murcia, Región de;Trastornos mentales y del comportamiento;Tasa estandarizada de APVP (tanto por cien mil);Mujeres;31,61
Total Nacional;14 Murcia, Región de;Trastornos mentales y del comportamiento;Nº medio de APVP;Hombres;10,29
Total Nacional;14 Murcia, Región de;Trastornos mentales y del comportamiento;Nº medio de APVP;Mujeres;6,74
Total Nacional;14 Murcia, Región de;Enfermedades del sistema nervioso y de los órganos de los sentidos;Nº de APVP;Hombres;2.192,00
Total Nacional;14 Murcia, Región de;Enfermedades del sistema nervioso y de los órganos de los sentidos;Nº de APVP;Mujeres;1.085,00
Total Nacional;14 Murcia, Región de;Enfermedades del sistema nervioso y de los órganos de los sentidos;Distribución por capítulos de la CIE;Hombres;4,85
Total Nacional;14 Murcia, Región de;Enfermedades del sistema nervioso y de los órganos de los sentidos;Distribución por capítulos de la CIE;Mujeres;4,88
Total Nacional;14 Murcia, Región de;Enfermedades del sistema nervioso y de los órganos de los sentidos;Tasa estandarizada de APVP (tanto por cien mil);Hombres;299,02
Total Nacional;14 Murcia, Región de;Enfermedades del sistema nervioso y de los órganos de los sentidos;Tasa estandarizada de APVP (tanto por cien mil);Mujeres;154,23
Total Nacional;14 Murcia, Región de;Enfermedades del sistema nervioso y de los órganos de los sentidos;Nº medio de APVP;Hombres;14,71
Total Nacional;14 Murcia, Región de;Enfermedades del sistema nervioso y de los órganos de los sentidos;Nº medio de APVP;Mujeres;8,61
Total Nacional;14 Murcia, Región de;Enfermedades del sistema circulatorio;Nº de APVP;Hombres;10.572,00
Total Nacional;14 Murcia, Región de;Enfermedades del sistema circulatorio;Nº de APVP;Mujeres;3.667,50
Total Nacional;14 Murcia, Región de;Enfermedades del sistema circulatorio;Distribución por capítulos de la CIE;Hombres;23,39
Total Nacional;14 Murcia, Región de;Enfermedades del sistema circulatorio;Distribución por capítulos de la CIE;Mujeres;16,49
Total Nacional;14 Murcia, Región de;Enfermedades del sistema circulatorio;Tasa estandarizada de APVP (tanto por cien mil);Hombres;1.466,94
Total Nacional;14 Murcia, Región de;Enfermedades del sistema circulatorio;Tasa estandarizada de APVP (tanto por cien mil);Mujeres;497,67
Total Nacional;14 Murcia, Región de;Enfermedades del sistema circulatorio;Nº medio de APVP;Hombres;13,50
Total Nacional;14 Murcia, Región de;Enfermedades del sistema circulatorio;Nº medio de APVP;Mujeres;11,08
Total Nacional;14 Murcia, Región de;Enfermedades del sistema respiratorio;Nº de APVP;Hombres;2.535,00
Total Nacional;14 Murcia, Región de;Enfermedades del sistema respiratorio;Nº de APVP;Mujeres;1.200,00
Total Nacional;14 Murcia, Región de;Enfermedades del sistema respiratorio;Distribución por capítulos de la CIE;Hombres;5,61
Total Nacional;14 Murcia, Región de;Enfermedades del sistema respiratorio;Distribución por capítulos de la CIE;Mujeres;5,40
Total Nacional;14 Murcia, Región de;Enfermedades del sistema respiratorio;Tasa estandarizada de APVP (tanto por cien mil);Hombres;365,61
Total Nacional;14 Murcia, Región de;Enfermedades del sistema respiratorio;Tasa estandarizada de APVP (tanto por cien mil);Mujeres;165,14
Total Nacional;14 Murcia, Región de;Enfermedades del sistema respiratorio;Nº medio de APVP;Hombres;10,48
Total Nacional;14 Murcia, Región de;Enfermedades del sistema respiratorio;Nº medio de APVP;Mujeres;10,53
Total Nacional;14 Murcia, Región de;Enfermedades del sistema digestivo;Nº de APVP;Hombres;2.390,00
Total Nacional;14 Murcia, Región de;Enfermedades del sistema digestivo;Nº de APVP;Mujeres;1.285,00
Total Nacional;14 Murcia, Región de;Enfermedades del sistema digestivo;Distribución por capítulos de la CIE;Hombres;5,29
Total Nacional;14 Murcia, Región de;Enfermedades del sistema digestivo;Distribución por capítulos de la CIE;Mujeres;5,78
Total Nacional;14 Murcia, Región de;Enfermedades del sistema digestivo;Tasa estandarizada de APVP (tanto por cien mil);Hombres;325,74
Total Nacional;14 Murcia, Región de;Enfermedades del sistema digestivo;Tasa estandarizada de APVP (tanto por cien mil);Mujeres;169,78
Total Nacional;14 Murcia, Región de;Enfermedades del sistema digestivo;Nº medio de APVP;Hombres;14,06
Total Nacional;14 Murcia, Región de;Enfermedades del sistema digestivo;Nº medio de APVP;Mujeres;15,67
Total Nacional;14 Murcia, Región de;Enfermedades de la piel y del tejido subcutáneo;Nº de APVP;Hombres;87,50
Total Nacional;14 Murcia, Región de;Enfermedades de la piel y del tejido subcutáneo;Nº de APVP;Mujeres;10,00
Total Nacional;14 Murcia, Región de;Enfermedades de la piel y del tejido subcutáneo;Distribución por capítulos de la CIE;Hombres;0,19
Total Nacional;14 Murcia, Región de;Enfermedades de la piel y del tejido subcutáneo;Distribución por capítulos de la CIE;Mujeres;0,04
Total Nacional;14 Murcia, Región de;Enfermedades de la piel y del tejido subcutáneo;Tasa estandarizada de APVP (tanto por cien mil);Hombres;11,86
Total Nacional;14 Murcia, Región de;Enfermedades de la piel y del tejido subcutáneo;Tasa estandarizada de APVP (tanto por cien mil);Mujeres;1,46
Total Nacional;14 Murcia, Región de;Enfermedades de la piel y del tejido subcutáneo;Nº medio de APVP;Hombres;12,50
Total Nacional;14 Murcia, Región de;Enfermedades de la piel y del tejido subcutáneo;Nº medio de APVP;Mujeres;2,50
Total Nacional;14 Murcia, Región de;Enfermedades del sistema osteomuscular y del tejido conjuntivo;Nº de APVP;Hombres;130,00
Total Nacional;14 Murcia, Región de;Enfermedades del sistema osteomuscular y del tejido conjuntivo;Nº de APVP;Mujeres;135,00
Total Nacional;14 Murcia, Región de;Enfermedades del sistema osteomuscular y del tejido conjuntivo;Distribución por capítulos de la CIE;Hombres;0,29
Total Nacional;14 Murcia, Región de;Enfermedades del sistema osteomuscular y del tejido conjuntivo;Distribución por capítulos de la CIE;Mujeres;0,61
Total Nacional;14 Murcia, Región de;Enfermedades del sistema osteomuscular y del tejido conjuntivo;Tasa estandarizada de APVP (tanto por cien mil);Hombres;19,92
Total Nacional;14 Murcia, Región de;Enfermedades del sistema osteomuscular y del tejido conjuntivo;Tasa estandarizada de APVP (tanto por cien mil);Mujeres;17,19
Total Nacional;14 Murcia, Región de;Enfermedades del sistema osteomuscular y del tejido conjuntivo;Nº medio de APVP;Hombres;10,83
Total Nacional;14 Murcia, Región de;Enfermedades del sistema osteomuscular y del tejido conjuntivo;Nº medio de APVP;Mujeres;9,64
Total Nacional;14 Murcia, Región de;Enfermedades del sistema genitourinario;Nº de APVP;Hombres;642,50
Total Nacional;14 Murcia, Región de;Enfermedades del sistema genitourinario;Nº de APVP;Mujeres;330,00
Total Nacional;14 Murcia, Región de;Enfermedades del sistema genitourinario;Distribución por capítulos de la CIE;Hombres;1,42
Total Nacional;14 Murcia, Región de;Enfermedades del sistema genitourinario;Distribución por capítulos de la CIE;Mujeres;1,48
Total Nacional;14 Murcia, Región de;Enfermedades del sistema genitourinario;Tasa estandarizada de APVP (tanto por cien mil);Hombres;94,51
Total Nacional;14 Murcia, Región de;Enfermedades del sistema genitourinario;Tasa estandarizada de APVP (tanto por cien mil);Mujeres;46,15
Total Nacional;14 Murcia, Región de;Enfermedades del sistema genitourinario;Nº medio de APVP;Hombres;9,88
Total Nacional;14 Murcia, Región de;Enfermedades del sistema genitourinario;Nº medio de APVP;Mujeres;7,50
Total Nacional;14 Murcia, Región de;Embarazo, parto y puerperio;Nº de APVP;Hombres;..
Total Nacional;14 Murcia, Región de;Embarazo, parto y puerperio;Nº de APVP;Mujeres;..
Total Nacional;14 Murcia, Región de;Embarazo, parto y puerperio;Distribución por capítulos de la CIE;Hombres;..
Total Nacional;14 Murcia, Región de;Embarazo, parto y puerperio;Distribución por capítulos de la CIE;Mujeres;..
Total Nacional;14 Murcia, Región de;Embarazo, parto y puerperio;Tasa estandarizada de APVP (tanto por cien mil);Hombres;..
Total Nacional;14 Murcia, Región de;Embarazo, parto y puerperio;Tasa estandarizada de APVP (tanto por cien mil);Mujeres;..
Total Nacional;14 Murcia, Región de;Embarazo, parto y puerperio;Nº medio de APVP;Hombres;..
Total Nacional;14 Murcia, Región de;Embarazo, parto y puerperio;Nº medio de APVP;Mujeres;..
Total Nacional;14 Murcia, Región de;Afecciones originadas en el periodo perinatal;Nº de APVP;Hombres;22,50
Total Nacional;14 Murcia, Región de;Afecciones originadas en el periodo perinatal;Nº de APVP;Mujeres;..
Total Nacional;14 Murcia, Región de;Afecciones originadas en el periodo perinatal;Distribución por capítulos de la CIE;Hombres;0,05
Total Nacional;14 Murcia, Región de;Afecciones originadas en el periodo perinatal;Distribución por capítulos de la CIE;Mujeres;..
Total Nacional;14 Murcia, Región de;Afecciones originadas en el periodo perinatal;Tasa estandarizada de APVP (tanto por cien mil);Hombres;2,73
Total Nacional;14 Murcia, Región de;Afecciones originadas en el periodo perinatal;Tasa estandarizada de APVP (tanto por cien mil);Mujeres;..
Total Nacional;14 Murcia, Región de;Afecciones originadas en el periodo perinatal;Nº medio de APVP;Hombres;22,50
Total Nacional;14 Murcia, Región de;Afecciones originadas en el periodo perinatal;Nº medio de APVP;Mujeres;..
Total Nacional;14 Murcia, Región de;Malformaciones congénitas, deformidades y anomalías cromosómicas;Nº de APVP;Hombres;305,00
Total Nacional;14 Murcia, Región de;Malformaciones congénitas, deformidades y anomalías cromosómicas;Nº de APVP;Mujeres;117,50
Total Nacional;14 Murcia, Región de;Malformaciones congénitas, deformidades y anomalías cromosómicas;Distribución por capítulos de la CIE;Hombres;0,67
Total Nacional;14 Murcia, Región de;Malformaciones congénitas, deformidades y anomalías cromosómicas;Distribución por capítulos de la CIE;Mujeres;0,53
Total Nacional;14 Murcia, Región de;Malformaciones congénitas, deformidades y anomalías cromosómicas;Tasa estandarizada de APVP (tanto por cien mil);Hombres;38,04
Total Nacional;14 Murcia, Región de;Malformaciones congénitas, deformidades y anomalías cromosómicas;Tasa estandarizada de APVP (tanto por cien mil);Mujeres;16,19
Total Nacional;14 Murcia, Región de;Malformaciones congénitas, deformidades y anomalías cromosómicas;Nº medio de APVP;Hombres;30,50
Total Nacional;14 Murcia, Región de;Malformaciones congénitas, deformidades y anomalías cromosómicas;Nº medio de APVP;Mujeres;23,50
Total Nacional;14 Murcia, Región de;Síntomas, signos y hallazgos anormales clínicos y de laboratorio, no clasificados en otra parte;Nº de APVP;Hombres;430,00
Total Nacional;14 Murcia, Región de;Síntomas, signos y hallazgos anormales clínicos y de laboratorio, no clasificados en otra parte;Nº de APVP;Mujeres;305,00
Total Nacional;14 Murcia, Región de;Síntomas, signos y hallazgos anormales clínicos y de laboratorio, no clasificados en otra parte;Distribución por capítulos de la CIE;Hombres;0,95
Total Nacional;14 Murcia, Región de;Síntomas, signos y hallazgos anormales clínicos y de laboratorio, no clasificados en otra parte;Distribución por capítulos de la CIE;Mujeres;1,37
Total Nacional;14 Murcia, Región de;Síntomas, signos y hallazgos anormales clínicos y de laboratorio, no clasificados en otra parte;Tasa estandarizada de APVP (tanto por cien mil);Hombres;54,57
Total Nacional;14 Murcia, Región de;Síntomas, signos y hallazgos anormales clínicos y de laboratorio, no clasificados en otra parte;Tasa estandarizada de APVP (tanto por cien mil);Mujeres;38,64
Total Nacional;14 Murcia, Región de;Síntomas, signos y hallazgos anormales clínicos y de laboratorio, no clasificados en otra parte;Nº medio de APVP;Hombres;35,83
Total Nacional;14 Murcia, Región de;Síntomas, signos y hallazgos anormales clínicos y de laboratorio, no clasificados en otra parte;Nº medio de APVP;Mujeres;25,42
Total Nacional;14 Murcia, Región de;Causas externas de mortalidad;Nº de APVP;Hombres;6.942,50
Total Nacional;14 Murcia, Región de;Causas externas de mortalidad;Nº de APVP;Mujeres;1.777,50
Total Nacional;14 Murcia, Región de;Causas externas de mortalidad;Distribución por capítulos de la CIE;Hombres;15,36
Total Nacional;14 Murcia, Región de;Causas externas de mortalidad;Distribución por capítulos de la CIE;Mujeres;7,99
Total Nacional;14 Murcia, Región de;Causas externas de mortalidad;Tasa estandarizada de APVP (tanto por cien mil);Hombres;888,05
Total Nacional;14 Murcia, Región de;Causas externas de mortalidad;Tasa estandarizada de APVP (tanto por cien mil);Mujeres;241,67
Total Nacional;14 Murcia, Región de;Causas externas de mortalidad;Nº medio de APVP;Hombres;28,34
Total Nacional;14 Murcia, Región de;Causas externas de mortalidad;Nº medio de APVP;Mujeres;21,42
Total Nacional;15 Navarra, Comunidad Foral de;Enfermedades infecciosas y parasitarias;Nº de APVP;Hombres;392,50
Total Nacional;15 Navarra, Comunidad Foral de;Enfermedades infecciosas y parasitarias;Nº de APVP;Mujeres;117,50
Total Nacional;15 Navarra, Comunidad Foral de;Enfermedades infecciosas y parasitarias;Distribución por capítulos de la CIE;Hombres;2,16
Total Nacional;15 Navarra, Comunidad Foral de;Enfermedades infecciosas y parasitarias;Distribución por capítulos de la CIE;Mujeres;1,35
Total Nacional;15 Navarra, Comunidad Foral de;Enfermedades infecciosas y parasitarias;Tasa estandarizada de APVP (tanto por cien mil);Hombres;124,08
Total Nacional;15 Navarra, Comunidad Foral de;Enfermedades infecciosas y parasitarias;Tasa estandarizada de APVP (tanto por cien mil);Mujeres;34,90
Total Nacional;15 Navarra, Comunidad Foral de;Enfermedades infecciosas y parasitarias;Nº medio de APVP;Hombres;15,70
Total Nacional;15 Navarra, Comunidad Foral de;Enfermedades infecciosas y parasitarias;Nº medio de APVP;Mujeres;7,83
Total Nacional;15 Navarra, Comunidad Foral de;Tumores;Nº de APVP;Hombres;6.927,50
Total Nacional;15 Navarra, Comunidad Foral de;Tumores;Nº de APVP;Mujeres;4.959,50
Total Nacional;15 Navarra, Comunidad Foral de;Tumores;Distribución por capítulos de la CIE;Hombres;38,19
Total Nacional;15 Navarra, Comunidad Foral de;Tumores;Distribución por capítulos de la CIE;Mujeres;56,85
Total Nacional;15 Navarra, Comunidad Foral de;Tumores;Tasa estandarizada de APVP (tanto por cien mil);Hombres;2.105,89
Total Nacional;15 Navarra, Comunidad Foral de;Tumores;Tasa estandarizada de APVP (tanto por cien mil);Mujeres;1.470,89
Total Nacional;15 Navarra, Comunidad Foral de;Tumores;Nº medio de APVP;Hombres;11,60
Total Nacional;15 Navarra, Comunidad Foral de;Tumores;Nº medio de APVP;Mujeres;13,48
Total Nacional;15 Navarra, Comunidad Foral de;Enfermedades sangre y de órganos hematopoyéticos, y ciertos trastornos que afectan al mecanismo de la inmunidad;Nº de APVP;Hombres;115,00
Total Nacional;15 Navarra, Comunidad Foral de;Enfermedades sangre y de órganos hematopoyéticos, y ciertos trastornos que afectan al mecanismo de la inmunidad;Nº de APVP;Mujeres;84,50
Total Nacional;15 Navarra, Comunidad Foral de;Enfermedades sangre y de órganos hematopoyéticos, y ciertos trastornos que afectan al mecanismo de la inmunidad;Distribución por capítulos de la CIE;Hombres;0,63
Total Nacional;15 Navarra, Comunidad Foral de;Enfermedades sangre y de órganos hematopoyéticos, y ciertos trastornos que afectan al mecanismo de la inmunidad;Distribución por capítulos de la CIE;Mujeres;0,97
Total Nacional;15 Navarra, Comunidad Foral de;Enfermedades sangre y de órganos hematopoyéticos, y ciertos trastornos que afectan al mecanismo de la inmunidad;Tasa estandarizada de APVP (tanto por cien mil);Hombres;33,85
Total Nacional;15 Navarra, Comunidad Foral de;Enfermedades sangre y de órganos hematopoyéticos, y ciertos trastornos que afectan al mecanismo de la inmunidad;Tasa estandarizada de APVP (tanto por cien mil);Mujeres;34,40
Total Nacional;15 Navarra, Comunidad Foral de;Enfermedades sangre y de órganos hematopoyéticos, y ciertos trastornos que afectan al mecanismo de la inmunidad;Nº medio de APVP;Hombres;19,17
Total Nacional;15 Navarra, Comunidad Foral de;Enfermedades sangre y de órganos hematopoyéticos, y ciertos trastornos que afectan al mecanismo de la inmunidad;Nº medio de APVP;Mujeres;21,13
Total Nacional;15 Navarra, Comunidad Foral de;Enfermedades endocrinas, nutricionales y metabólicas;Nº de APVP;Hombres;492,50
Total Nacional;15 Navarra, Comunidad Foral de;Enfermedades endocrinas, nutricionales y metabólicas;Nº de APVP;Mujeres;220,00
Total Nacional;15 Navarra, Comunidad Foral de;Enfermedades endocrinas, nutricionales y metabólicas;Distribución por capítulos de la CIE;Hombres;2,72
Total Nacional;15 Navarra, Comunidad Foral de;Enfermedades endocrinas, nutricionales y metabólicas;Distribución por capítulos de la CIE;Mujeres;2,52
Total Nacional;15 Navarra, Comunidad Foral de;Enfermedades endocrinas, nutricionales y metabólicas;Tasa estandarizada de APVP (tanto por cien mil);Hombres;148,09
Total Nacional;15 Navarra, Comunidad Foral de;Enfermedades endocrinas, nutricionales y metabólicas;Tasa estandarizada de APVP (tanto por cien mil);Mujeres;64,47
Total Nacional;15 Navarra, Comunidad Foral de;Enfermedades endocrinas, nutricionales y metabólicas;Nº medio de APVP;Hombres;10,94
Total Nacional;15 Navarra, Comunidad Foral de;Enfermedades endocrinas, nutricionales y metabólicas;Nº medio de APVP;Mujeres;11,00
Total Nacional;15 Navarra, Comunidad Foral de;Trastornos mentales y del comportamiento;Nº de APVP;Hombres;115,00
Total Nacional;15 Navarra, Comunidad Foral de;Trastornos mentales y del comportamiento;Nº de APVP;Mujeres;105,00
Total Nacional;15 Navarra, Comunidad Foral de;Trastornos mentales y del comportamiento;Distribución por capítulos de la CIE;Hombres;0,63
Total Nacional;15 Navarra, Comunidad Foral de;Trastornos mentales y del comportamiento;Distribución por capítulos de la CIE;Mujeres;1,20
Total Nacional;15 Navarra, Comunidad Foral de;Trastornos mentales y del comportamiento;Tasa estandarizada de APVP (tanto por cien mil);Hombres;37,29
Total Nacional;15 Navarra, Comunidad Foral de;Trastornos mentales y del comportamiento;Tasa estandarizada de APVP (tanto por cien mil);Mujeres;30,47
Total Nacional;15 Navarra, Comunidad Foral de;Trastornos mentales y del comportamiento;Nº medio de APVP;Hombres;5,23
Total Nacional;15 Navarra, Comunidad Foral de;Trastornos mentales y del comportamiento;Nº medio de APVP;Mujeres;4,77
Total Nacional;15 Navarra, Comunidad Foral de;Enfermedades del sistema nervioso y de los órganos de los sentidos;Nº de APVP;Hombres;755,00
Total Nacional;15 Navarra, Comunidad Foral de;Enfermedades del sistema nervioso y de los órganos de los sentidos;Nº de APVP;Mujeres;510,00
Total Nacional;15 Navarra, Comunidad Foral de;Enfermedades del sistema nervioso y de los órganos de los sentidos;Distribución por capítulos de la CIE;Hombres;4,16
Total Nacional;15 Navarra, Comunidad Foral de;Enfermedades del sistema nervioso y de los órganos de los sentidos;Distribución por capítulos de la CIE;Mujeres;5,85
Total Nacional;15 Navarra, Comunidad Foral de;Enfermedades del sistema nervioso y de los órganos de los sentidos;Tasa estandarizada de APVP (tanto por cien mil);Hombres;229,72
Total Nacional;15 Navarra, Comunidad Foral de;Enfermedades del sistema nervioso y de los órganos de los sentidos;Tasa estandarizada de APVP (tanto por cien mil);Mujeres;151,27
Total Nacional;15 Navarra, Comunidad Foral de;Enfermedades del sistema nervioso y de los órganos de los sentidos;Nº medio de APVP;Hombres;12,18
Total Nacional;15 Navarra, Comunidad Foral de;Enfermedades del sistema nervioso y de los órganos de los sentidos;Nº medio de APVP;Mujeres;10,63
Total Nacional;15 Navarra, Comunidad Foral de;Enfermedades del sistema circulatorio;Nº de APVP;Hombres;3.475,00
Total Nacional;15 Navarra, Comunidad Foral de;Enfermedades del sistema circulatorio;Nº de APVP;Mujeres;910,00
Total Nacional;15 Navarra, Comunidad Foral de;Enfermedades del sistema circulatorio;Distribución por capítulos de la CIE;Hombres;19,16
Total Nacional;15 Navarra, Comunidad Foral de;Enfermedades del sistema circulatorio;Distribución por capítulos de la CIE;Mujeres;10,43
Total Nacional;15 Navarra, Comunidad Foral de;Enfermedades del sistema circulatorio;Tasa estandarizada de APVP (tanto por cien mil);Hombres;1.041,60
Total Nacional;15 Navarra, Comunidad Foral de;Enfermedades del sistema circulatorio;Tasa estandarizada de APVP (tanto por cien mil);Mujeres;270,39
Total Nacional;15 Navarra, Comunidad Foral de;Enfermedades del sistema circulatorio;Nº medio de APVP;Hombres;13,26
Total Nacional;15 Navarra, Comunidad Foral de;Enfermedades del sistema circulatorio;Nº medio de APVP;Mujeres;10,83
Total Nacional;15 Navarra, Comunidad Foral de;Enfermedades del sistema respiratorio;Nº de APVP;Hombres;1.040,00
Total Nacional;15 Navarra, Comunidad Foral de;Enfermedades del sistema respiratorio;Nº de APVP;Mujeres;510,00
Total Nacional;15 Navarra, Comunidad Foral de;Enfermedades del sistema respiratorio;Distribución por capítulos de la CIE;Hombres;5,73
Total Nacional;15 Navarra, Comunidad Foral de;Enfermedades del sistema respiratorio;Distribución por capítulos de la CIE;Mujeres;5,85
Total Nacional;15 Navarra, Comunidad Foral de;Enfermedades del sistema respiratorio;Tasa estandarizada de APVP (tanto por cien mil);Hombres;324,95
Total Nacional;15 Navarra, Comunidad Foral de;Enfermedades del sistema respiratorio;Tasa estandarizada de APVP (tanto por cien mil);Mujeres;148,88
Total Nacional;15 Navarra, Comunidad Foral de;Enfermedades del sistema respiratorio;Nº medio de APVP;Hombres;9,81
Total Nacional;15 Navarra, Comunidad Foral de;Enfermedades del sistema respiratorio;Nº medio de APVP;Mujeres;9,44
Total Nacional;15 Navarra, Comunidad Foral de;Enfermedades del sistema digestivo;Nº de APVP;Hombres;1.177,50
Total Nacional;15 Navarra, Comunidad Foral de;Enfermedades del sistema digestivo;Nº de APVP;Mujeres;267,50
Total Nacional;15 Navarra, Comunidad Foral de;Enfermedades del sistema digestivo;Distribución por capítulos de la CIE;Hombres;6,49
Total Nacional;15 Navarra, Comunidad Foral de;Enfermedades del sistema digestivo;Distribución por capítulos de la CIE;Mujeres;3,07
Total Nacional;15 Navarra, Comunidad Foral de;Enfermedades del sistema digestivo;Tasa estandarizada de APVP (tanto por cien mil);Hombres;344,50
Total Nacional;15 Navarra, Comunidad Foral de;Enfermedades del sistema digestivo;Tasa estandarizada de APVP (tanto por cien mil);Mujeres;78,68
Total Nacional;15 Navarra, Comunidad Foral de;Enfermedades del sistema digestivo;Nº medio de APVP;Hombres;13,85
Total Nacional;15 Navarra, Comunidad Foral de;Enfermedades del sistema digestivo;Nº medio de APVP;Mujeres;8,63
Total Nacional;15 Navarra, Comunidad Foral de;Enfermedades de la piel y del tejido subcutáneo;Nº de APVP;Hombres;30,00
Total Nacional;15 Navarra, Comunidad Foral de;Enfermedades de la piel y del tejido subcutáneo;Nº de APVP;Mujeres;30,00
Total Nacional;15 Navarra, Comunidad Foral de;Enfermedades de la piel y del tejido subcutáneo;Distribución por capítulos de la CIE;Hombres;0,17
Total Nacional;15 Navarra, Comunidad Foral de;Enfermedades de la piel y del tejido subcutáneo;Distribución por capítulos de la CIE;Mujeres;0,34
Total Nacional;15 Navarra, Comunidad Foral de;Enfermedades de la piel y del tejido subcutáneo;Tasa estandarizada de APVP (tanto por cien mil);Hombres;8,92
Total Nacional;15 Navarra, Comunidad Foral de;Enfermedades de la piel y del tejido subcutáneo;Tasa estandarizada de APVP (tanto por cien mil);Mujeres;8,32
Total Nacional;15 Navarra, Comunidad Foral de;Enfermedades de la piel y del tejido subcutáneo;Nº medio de APVP;Hombres;15,00
Total Nacional;15 Navarra, Comunidad Foral de;Enfermedades de la piel y del tejido subcutáneo;Nº medio de APVP;Mujeres;7,50
Total Nacional;15 Navarra, Comunidad Foral de;Enfermedades del sistema osteomuscular y del tejido conjuntivo;Nº de APVP;Hombres;52,50
Total Nacional;15 Navarra, Comunidad Foral de;Enfermedades del sistema osteomuscular y del tejido conjuntivo;Nº de APVP;Mujeres;27,50
Total Nacional;15 Navarra, Comunidad Foral de;Enfermedades del sistema osteomuscular y del tejido conjuntivo;Distribución por capítulos de la CIE;Hombres;0,29
Total Nacional;15 Navarra, Comunidad Foral de;Enfermedades del sistema osteomuscular y del tejido conjuntivo;Distribución por capítulos de la CIE;Mujeres;0,32
Total Nacional;15 Navarra, Comunidad Foral de;Enfermedades del sistema osteomuscular y del tejido conjuntivo;Tasa estandarizada de APVP (tanto por cien mil);Hombres;15,39
Total Nacional;15 Navarra, Comunidad Foral de;Enfermedades del sistema osteomuscular y del tejido conjuntivo;Tasa estandarizada de APVP (tanto por cien mil);Mujeres;8,52
Total Nacional;15 Navarra, Comunidad Foral de;Enfermedades del sistema osteomuscular y del tejido conjuntivo;Nº medio de APVP;Hombres;10,50
Total Nacional;15 Navarra, Comunidad Foral de;Enfermedades del sistema osteomuscular y del tejido conjuntivo;Nº medio de APVP;Mujeres;9,17
Total Nacional;15 Navarra, Comunidad Foral de;Enfermedades del sistema genitourinario;Nº de APVP;Hombres;205,00
Total Nacional;15 Navarra, Comunidad Foral de;Enfermedades del sistema genitourinario;Nº de APVP;Mujeres;90,00
Total Nacional;15 Navarra, Comunidad Foral de;Enfermedades del sistema genitourinario;Distribución por capítulos de la CIE;Hombres;1,13
Total Nacional;15 Navarra, Comunidad Foral de;Enfermedades del sistema genitourinario;Distribución por capítulos de la CIE;Mujeres;1,03
Total Nacional;15 Navarra, Comunidad Foral de;Enfermedades del sistema genitourinario;Tasa estandarizada de APVP (tanto por cien mil);Hombres;63,51
Total Nacional;15 Navarra, Comunidad Foral de;Enfermedades del sistema genitourinario;Tasa estandarizada de APVP (tanto por cien mil);Mujeres;26,67
Total Nacional;15 Navarra, Comunidad Foral de;Enfermedades del sistema genitourinario;Nº medio de APVP;Hombres;7,88
Total Nacional;15 Navarra, Comunidad Foral de;Enfermedades del sistema genitourinario;Nº medio de APVP;Mujeres;7,50
Total Nacional;15 Navarra, Comunidad Foral de;Embarazo, parto y puerperio;Nº de APVP;Hombres;..
Total Nacional;15 Navarra, Comunidad Foral de;Embarazo, parto y puerperio;Nº de APVP;Mujeres;..
Total Nacional;15 Navarra, Comunidad Foral de;Embarazo, parto y puerperio;Distribución por capítulos de la CIE;Hombres;..
Total Nacional;15 Navarra, Comunidad Foral de;Embarazo, parto y puerperio;Distribución por capítulos de la CIE;Mujeres;..
Total Nacional;15 Navarra, Comunidad Foral de;Embarazo, parto y puerperio;Tasa estandarizada de APVP (tanto por cien mil);Hombres;..
Total Nacional;15 Navarra, Comunidad Foral de;Embarazo, parto y puerperio;Tasa estandarizada de APVP (tanto por cien mil);Mujeres;..
Total Nacional;15 Navarra, Comunidad Foral de;Embarazo, parto y puerperio;Nº medio de APVP;Hombres;..
Total Nacional;15 Navarra, Comunidad Foral de;Embarazo, parto y puerperio;Nº medio de APVP;Mujeres;..
Total Nacional;15 Navarra, Comunidad Foral de;Afecciones originadas en el periodo perinatal;Nº de APVP;Hombres;..
Total Nacional;15 Navarra, Comunidad Foral de;Afecciones originadas en el periodo perinatal;Nº de APVP;Mujeres;..
Total Nacional;15 Navarra, Comunidad Foral de;Afecciones originadas en el periodo perinatal;Distribución por capítulos de la CIE;Hombres;..
Total Nacional;15 Navarra, Comunidad Foral de;Afecciones originadas en el periodo perinatal;Distribución por capítulos de la CIE;Mujeres;..
Total Nacional;15 Navarra, Comunidad Foral de;Afecciones originadas en el periodo perinatal;Tasa estandarizada de APVP (tanto por cien mil);Hombres;..
Total Nacional;15 Navarra, Comunidad Foral de;Afecciones originadas en el periodo perinatal;Tasa estandarizada de APVP (tanto por cien mil);Mujeres;..
Total Nacional;15 Navarra, Comunidad Foral de;Afecciones originadas en el periodo perinatal;Nº medio de APVP;Hombres;..
Total Nacional;15 Navarra, Comunidad Foral de;Afecciones originadas en el periodo perinatal;Nº medio de APVP;Mujeres;..
Total Nacional;15 Navarra, Comunidad Foral de;Malformaciones congénitas, deformidades y anomalías cromosómicas;Nº de APVP;Hombres;177,50
Total Nacional;15 Navarra, Comunidad Foral de;Malformaciones congénitas, deformidades y anomalías cromosómicas;Nº de APVP;Mujeres;57,50
Total Nacional;15 Navarra, Comunidad Foral de;Malformaciones congénitas, deformidades y anomalías cromosómicas;Distribución por capítulos de la CIE;Hombres;0,98
Total Nacional;15 Navarra, Comunidad Foral de;Malformaciones congénitas, deformidades y anomalías cromosómicas;Distribución por capítulos de la CIE;Mujeres;0,66
Total Nacional;15 Navarra, Comunidad Foral de;Malformaciones congénitas, deformidades y anomalías cromosómicas;Tasa estandarizada de APVP (tanto por cien mil);Hombres;53,40
Total Nacional;15 Navarra, Comunidad Foral de;Malformaciones congénitas, deformidades y anomalías cromosómicas;Tasa estandarizada de APVP (tanto por cien mil);Mujeres;16,20
Total Nacional;15 Navarra, Comunidad Foral de;Malformaciones congénitas, deformidades y anomalías cromosómicas;Nº medio de APVP;Hombres;25,36
Total Nacional;15 Navarra, Comunidad Foral de;Malformaciones congénitas, deformidades y anomalías cromosómicas;Nº medio de APVP;Mujeres;19,17
Total Nacional;15 Navarra, Comunidad Foral de;Síntomas, signos y hallazgos anormales clínicos y de laboratorio, no clasificados en otra parte;Nº de APVP;Hombres;152,50
Total Nacional;15 Navarra, Comunidad Foral de;Síntomas, signos y hallazgos anormales clínicos y de laboratorio, no clasificados en otra parte;Nº de APVP;Mujeres;60,00
Total Nacional;15 Navarra, Comunidad Foral de;Síntomas, signos y hallazgos anormales clínicos y de laboratorio, no clasificados en otra parte;Distribución por capítulos de la CIE;Hombres;0,84
Total Nacional;15 Navarra, Comunidad Foral de;Síntomas, signos y hallazgos anormales clínicos y de laboratorio, no clasificados en otra parte;Distribución por capítulos de la CIE;Mujeres;0,69
Total Nacional;15 Navarra, Comunidad Foral de;Síntomas, signos y hallazgos anormales clínicos y de laboratorio, no clasificados en otra parte;Tasa estandarizada de APVP (tanto por cien mil);Hombres;44,40
Total Nacional;15 Navarra, Comunidad Foral de;Síntomas, signos y hallazgos anormales clínicos y de laboratorio, no clasificados en otra parte;Tasa estandarizada de APVP (tanto por cien mil);Mujeres;17,11
Total Nacional;15 Navarra, Comunidad Foral de;Síntomas, signos y hallazgos anormales clínicos y de laboratorio, no clasificados en otra parte;Nº medio de APVP;Hombres;21,79
Total Nacional;15 Navarra, Comunidad Foral de;Síntomas, signos y hallazgos anormales clínicos y de laboratorio, no clasificados en otra parte;Nº medio de APVP;Mujeres;15,00
Total Nacional;15 Navarra, Comunidad Foral de;Causas externas de mortalidad;Nº de APVP;Hombres;3.030,00
Total Nacional;15 Navarra, Comunidad Foral de;Causas externas de mortalidad;Nº de APVP;Mujeres;775,00
Total Nacional;15 Navarra, Comunidad Foral de;Causas externas de mortalidad;Distribución por capítulos de la CIE;Hombres;16,71
Total Nacional;15 Navarra, Comunidad Foral de;Causas externas de mortalidad;Distribución por capítulos de la CIE;Mujeres;8,88
Total Nacional;15 Navarra, Comunidad Foral de;Causas externas de mortalidad;Tasa estandarizada de APVP (tanto por cien mil);Hombres;931,28
Total Nacional;15 Navarra, Comunidad Foral de;Causas externas de mortalidad;Tasa estandarizada de APVP (tanto por cien mil);Mujeres;236,38
Total Nacional;15 Navarra, Comunidad Foral de;Causas externas de mortalidad;Nº medio de APVP;Hombres;24,84
Total Nacional;15 Navarra, Comunidad Foral de;Causas externas de mortalidad;Nº medio de APVP;Mujeres;21,53
Total Nacional;16 País Vasco;Enfermedades infecciosas y parasitarias;Nº de APVP;Hombres;1.315,00
Total Nacional;16 País Vasco;Enfermedades infecciosas y parasitarias;Nº de APVP;Mujeres;435,00
Total Nacional;16 País Vasco;Enfermedades infecciosas y parasitarias;Distribución por capítulos de la CIE;Hombres;2,11
Total Nacional;16 País Vasco;Enfermedades infecciosas y parasitarias;Distribución por capítulos de la CIE;Mujeres;1,32
Total Nacional;16 País Vasco;Enfermedades infecciosas y parasitarias;Tasa estandarizada de APVP (tanto por cien mil);Hombres;119,05
Total Nacional;16 País Vasco;Enfermedades infecciosas y parasitarias;Tasa estandarizada de APVP (tanto por cien mil);Mujeres;35,46
Total Nacional;16 País Vasco;Enfermedades infecciosas y parasitarias;Nº medio de APVP;Hombres;12,64
Total Nacional;16 País Vasco;Enfermedades infecciosas y parasitarias;Nº medio de APVP;Mujeres;8,06
Total Nacional;16 País Vasco;Tumores;Nº de APVP;Hombres;25.395,00
Total Nacional;16 País Vasco;Tumores;Nº de APVP;Mujeres;18.314,50
Total Nacional;16 País Vasco;Tumores;Distribución por capítulos de la CIE;Hombres;40,72
Total Nacional;16 País Vasco;Tumores;Distribución por capítulos de la CIE;Mujeres;55,61
Total Nacional;16 País Vasco;Tumores;Tasa estandarizada de APVP (tanto por cien mil);Hombres;2.205,89
Total Nacional;16 País Vasco;Tumores;Tasa estandarizada de APVP (tanto por cien mil);Mujeres;1.512,09
Total Nacional;16 País Vasco;Tumores;Nº medio de APVP;Hombres;11,40
Total Nacional;16 País Vasco;Tumores;Nº medio de APVP;Mujeres;13,33
Total Nacional;16 País Vasco;Enfermedades sangre y de órganos hematopoyéticos, y ciertos trastornos que afectan al mecanismo de la inmunidad;Nº de APVP;Hombres;212,50
Total Nacional;16 País Vasco;Enfermedades sangre y de órganos hematopoyéticos, y ciertos trastornos que afectan al mecanismo de la inmunidad;Nº de APVP;Mujeres;199,50
Total Nacional;16 País Vasco;Enfermedades sangre y de órganos hematopoyéticos, y ciertos trastornos que afectan al mecanismo de la inmunidad;Distribución por capítulos de la CIE;Hombres;0,34
Total Nacional;16 País Vasco;Enfermedades sangre y de órganos hematopoyéticos, y ciertos trastornos que afectan al mecanismo de la inmunidad;Distribución por capítulos de la CIE;Mujeres;0,61
Total Nacional;16 País Vasco;Enfermedades sangre y de órganos hematopoyéticos, y ciertos trastornos que afectan al mecanismo de la inmunidad;Tasa estandarizada de APVP (tanto por cien mil);Hombres;18,22
Total Nacional;16 País Vasco;Enfermedades sangre y de órganos hematopoyéticos, y ciertos trastornos que afectan al mecanismo de la inmunidad;Tasa estandarizada de APVP (tanto por cien mil);Mujeres;20,98
Total Nacional;16 País Vasco;Enfermedades sangre y de órganos hematopoyéticos, y ciertos trastornos que afectan al mecanismo de la inmunidad;Nº medio de APVP;Hombres;11,18
Total Nacional;16 País Vasco;Enfermedades sangre y de órganos hematopoyéticos, y ciertos trastornos que afectan al mecanismo de la inmunidad;Nº medio de APVP;Mujeres;12,47
Total Nacional;16 País Vasco;Enfermedades endocrinas, nutricionales y metabólicas;Nº de APVP;Hombres;1.437,50
Total Nacional;16 País Vasco;Enfermedades endocrinas, nutricionales y metabólicas;Nº de APVP;Mujeres;667,50
Total Nacional;16 País Vasco;Enfermedades endocrinas, nutricionales y metabólicas;Distribución por capítulos de la CIE;Hombres;2,31
Total Nacional;16 País Vasco;Enfermedades endocrinas, nutricionales y metabólicas;Distribución por capítulos de la CIE;Mujeres;2,03
Total Nacional;16 País Vasco;Enfermedades endocrinas, nutricionales y metabólicas;Tasa estandarizada de APVP (tanto por cien mil);Hombres;124,50
Total Nacional;16 País Vasco;Enfermedades endocrinas, nutricionales y metabólicas;Tasa estandarizada de APVP (tanto por cien mil);Mujeres;54,75
Total Nacional;16 País Vasco;Enfermedades endocrinas, nutricionales y metabólicas;Nº medio de APVP;Hombres;10,34
Total Nacional;16 País Vasco;Enfermedades endocrinas, nutricionales y metabólicas;Nº medio de APVP;Mujeres;9,67
Total Nacional;16 País Vasco;Trastornos mentales y del comportamiento;Nº de APVP;Hombres;772,50
Total Nacional;16 País Vasco;Trastornos mentales y del comportamiento;Nº de APVP;Mujeres;452,50
Total Nacional;16 País Vasco;Trastornos mentales y del comportamiento;Distribución por capítulos de la CIE;Hombres;1,24
Total Nacional;16 País Vasco;Trastornos mentales y del comportamiento;Distribución por capítulos de la CIE;Mujeres;1,37
Total Nacional;16 País Vasco;Trastornos mentales y del comportamiento;Tasa estandarizada de APVP (tanto por cien mil);Hombres;67,55
Total Nacional;16 País Vasco;Trastornos mentales y del comportamiento;Tasa estandarizada de APVP (tanto por cien mil);Mujeres;34,73
Total Nacional;16 País Vasco;Trastornos mentales y del comportamiento;Nº medio de APVP;Hombres;7,22
Total Nacional;16 País Vasco;Trastornos mentales y del comportamiento;Nº medio de APVP;Mujeres;5,45
Total Nacional;16 País Vasco;Enfermedades del sistema nervioso y de los órganos de los sentidos;Nº de APVP;Hombres;2.927,50
Total Nacional;16 País Vasco;Enfermedades del sistema nervioso y de los órganos de los sentidos;Nº de APVP;Mujeres;2.147,50
Total Nacional;16 País Vasco;Enfermedades del sistema nervioso y de los órganos de los sentidos;Distribución por capítulos de la CIE;Hombres;4,69
Total Nacional;16 País Vasco;Enfermedades del sistema nervioso y de los órganos de los sentidos;Distribución por capítulos de la CIE;Mujeres;6,52
Total Nacional;16 País Vasco;Enfermedades del sistema nervioso y de los órganos de los sentidos;Tasa estandarizada de APVP (tanto por cien mil);Hombres;262,52
Total Nacional;16 País Vasco;Enfermedades del sistema nervioso y de los órganos de los sentidos;Tasa estandarizada de APVP (tanto por cien mil);Mujeres;184,06
Total Nacional;16 País Vasco;Enfermedades del sistema nervioso y de los órganos de los sentidos;Nº medio de APVP;Hombres;12,56
Total Nacional;16 País Vasco;Enfermedades del sistema nervioso y de los órganos de los sentidos;Nº medio de APVP;Mujeres;10,58
Total Nacional;16 País Vasco;Enfermedades del sistema circulatorio;Nº de APVP;Hombres;14.015,00
Total Nacional;16 País Vasco;Enfermedades del sistema circulatorio;Nº de APVP;Mujeres;4.057,00
Total Nacional;16 País Vasco;Enfermedades del sistema circulatorio;Distribución por capítulos de la CIE;Hombres;22,47
Total Nacional;16 País Vasco;Enfermedades del sistema circulatorio;Distribución por capítulos de la CIE;Mujeres;12,32
Total Nacional;16 País Vasco;Enfermedades del sistema circulatorio;Tasa estandarizada de APVP (tanto por cien mil);Hombres;1.222,14
Total Nacional;16 País Vasco;Enfermedades del sistema circulatorio;Tasa estandarizada de APVP (tanto por cien mil);Mujeres;338,45
Total Nacional;16 País Vasco;Enfermedades del sistema circulatorio;Nº medio de APVP;Hombres;12,23
Total Nacional;16 País Vasco;Enfermedades del sistema circulatorio;Nº medio de APVP;Mujeres;9,68
Total Nacional;16 País Vasco;Enfermedades del sistema respiratorio;Nº de APVP;Hombres;2.632,50
Total Nacional;16 País Vasco;Enfermedades del sistema respiratorio;Nº de APVP;Mujeres;1.505,00
Total Nacional;16 País Vasco;Enfermedades del sistema respiratorio;Distribución por capítulos de la CIE;Hombres;4,22
Total Nacional;16 País Vasco;Enfermedades del sistema respiratorio;Distribución por capítulos de la CIE;Mujeres;4,57
Total Nacional;16 País Vasco;Enfermedades del sistema respiratorio;Tasa estandarizada de APVP (tanto por cien mil);Hombres;232,87
Total Nacional;16 País Vasco;Enfermedades del sistema respiratorio;Tasa estandarizada de APVP (tanto por cien mil);Mujeres;119,47
Total Nacional;16 País Vasco;Enfermedades del sistema respiratorio;Nº medio de APVP;Hombres;9,17
Total Nacional;16 País Vasco;Enfermedades del sistema respiratorio;Nº medio de APVP;Mujeres;9,90
Total Nacional;16 País Vasco;Enfermedades del sistema digestivo;Nº de APVP;Hombres;3.012,50
Total Nacional;16 País Vasco;Enfermedades del sistema digestivo;Nº de APVP;Mujeres;1.367,50
Total Nacional;16 País Vasco;Enfermedades del sistema digestivo;Distribución por capítulos de la CIE;Hombres;4,83
Total Nacional;16 País Vasco;Enfermedades del sistema digestivo;Distribución por capítulos de la CIE;Mujeres;4,15
Total Nacional;16 País Vasco;Enfermedades del sistema digestivo;Tasa estandarizada de APVP (tanto por cien mil);Hombres;265,42
Total Nacional;16 País Vasco;Enfermedades del sistema digestivo;Tasa estandarizada de APVP (tanto por cien mil);Mujeres;110,22
Total Nacional;16 País Vasco;Enfermedades del sistema digestivo;Nº medio de APVP;Hombres;12,60
Total Nacional;16 País Vasco;Enfermedades del sistema digestivo;Nº medio de APVP;Mujeres;10,77
Total Nacional;16 País Vasco;Enfermedades de la piel y del tejido subcutáneo;Nº de APVP;Hombres;80,00
Total Nacional;16 País Vasco;Enfermedades de la piel y del tejido subcutáneo;Nº de APVP;Mujeres;62,50
Total Nacional;16 País Vasco;Enfermedades de la piel y del tejido subcutáneo;Distribución por capítulos de la CIE;Hombres;0,13
Total Nacional;16 País Vasco;Enfermedades de la piel y del tejido subcutáneo;Distribución por capítulos de la CIE;Mujeres;0,19
Total Nacional;16 País Vasco;Enfermedades de la piel y del tejido subcutáneo;Tasa estandarizada de APVP (tanto por cien mil);Hombres;7,45
Total Nacional;16 País Vasco;Enfermedades de la piel y del tejido subcutáneo;Tasa estandarizada de APVP (tanto por cien mil);Mujeres;4,77
Total Nacional;16 País Vasco;Enfermedades de la piel y del tejido subcutáneo;Nº medio de APVP;Hombres;10,00
Total Nacional;16 País Vasco;Enfermedades de la piel y del tejido subcutáneo;Nº medio de APVP;Mujeres;6,94
Total Nacional;16 País Vasco;Enfermedades del sistema osteomuscular y del tejido conjuntivo;Nº de APVP;Hombres;242,50
Total Nacional;16 País Vasco;Enfermedades del sistema osteomuscular y del tejido conjuntivo;Nº de APVP;Mujeres;195,00
Total Nacional;16 País Vasco;Enfermedades del sistema osteomuscular y del tejido conjuntivo;Distribución por capítulos de la CIE;Hombres;0,39
Total Nacional;16 País Vasco;Enfermedades del sistema osteomuscular y del tejido conjuntivo;Distribución por capítulos de la CIE;Mujeres;0,59
Total Nacional;16 País Vasco;Enfermedades del sistema osteomuscular y del tejido conjuntivo;Tasa estandarizada de APVP (tanto por cien mil);Hombres;22,73
Total Nacional;16 País Vasco;Enfermedades del sistema osteomuscular y del tejido conjuntivo;Tasa estandarizada de APVP (tanto por cien mil);Mujeres;15,13
Total Nacional;16 País Vasco;Enfermedades del sistema osteomuscular y del tejido conjuntivo;Nº medio de APVP;Hombres;10,54
Total Nacional;16 País Vasco;Enfermedades del sistema osteomuscular y del tejido conjuntivo;Nº medio de APVP;Mujeres;6,96
Total Nacional;16 País Vasco;Enfermedades del sistema genitourinario;Nº de APVP;Hombres;675,00
Total Nacional;16 País Vasco;Enfermedades del sistema genitourinario;Nº de APVP;Mujeres;300,00
Total Nacional;16 País Vasco;Enfermedades del sistema genitourinario;Distribución por capítulos de la CIE;Hombres;1,08
Total Nacional;16 País Vasco;Enfermedades del sistema genitourinario;Distribución por capítulos de la CIE;Mujeres;0,91
Total Nacional;16 País Vasco;Enfermedades del sistema genitourinario;Tasa estandarizada de APVP (tanto por cien mil);Hombres;60,23
Total Nacional;16 País Vasco;Enfermedades del sistema genitourinario;Tasa estandarizada de APVP (tanto por cien mil);Mujeres;25,72
Total Nacional;16 País Vasco;Enfermedades del sistema genitourinario;Nº medio de APVP;Hombres;8,44
Total Nacional;16 País Vasco;Enfermedades del sistema genitourinario;Nº medio de APVP;Mujeres;7,89
Total Nacional;16 País Vasco;Embarazo, parto y puerperio;Nº de APVP;Hombres;..
Total Nacional;16 País Vasco;Embarazo, parto y puerperio;Nº de APVP;Mujeres;..
Total Nacional;16 País Vasco;Embarazo, parto y puerperio;Distribución por capítulos de la CIE;Hombres;..
Total Nacional;16 País Vasco;Embarazo, parto y puerperio;Distribución por capítulos de la CIE;Mujeres;..
Total Nacional;16 País Vasco;Embarazo, parto y puerperio;Tasa estandarizada de APVP (tanto por cien mil);Hombres;..
Total Nacional;16 País Vasco;Embarazo, parto y puerperio;Tasa estandarizada de APVP (tanto por cien mil);Mujeres;..
Total Nacional;16 País Vasco;Embarazo, parto y puerperio;Nº medio de APVP;Hombres;..
Total Nacional;16 País Vasco;Embarazo, parto y puerperio;Nº medio de APVP;Mujeres;..
Total Nacional;16 País Vasco;Afecciones originadas en el periodo perinatal;Nº de APVP;Hombres;..
Total Nacional;16 País Vasco;Afecciones originadas en el periodo perinatal;Nº de APVP;Mujeres;..
Total Nacional;16 País Vasco;Afecciones originadas en el periodo perinatal;Distribución por capítulos de la CIE;Hombres;..
Total Nacional;16 País Vasco;Afecciones originadas en el periodo perinatal;Distribución por capítulos de la CIE;Mujeres;..
Total Nacional;16 País Vasco;Afecciones originadas en el periodo perinatal;Tasa estandarizada de APVP (tanto por cien mil);Hombres;..
Total Nacional;16 País Vasco;Afecciones originadas en el periodo perinatal;Tasa estandarizada de APVP (tanto por cien mil);Mujeres;..
Total Nacional;16 País Vasco;Afecciones originadas en el periodo perinatal;Nº medio de APVP;Hombres;..
Total Nacional;16 País Vasco;Afecciones originadas en el periodo perinatal;Nº medio de APVP;Mujeres;..
Total Nacional;16 País Vasco;Malformaciones congénitas, deformidades y anomalías cromosómicas;Nº de APVP;Hombres;435,00
Total Nacional;16 País Vasco;Malformaciones congénitas, deformidades y anomalías cromosómicas;Nº de APVP;Mujeres;440,00
Total Nacional;16 País Vasco;Malformaciones congénitas, deformidades y anomalías cromosómicas;Distribución por capítulos de la CIE;Hombres;0,70
Total Nacional;16 País Vasco;Malformaciones congénitas, deformidades y anomalías cromosómicas;Distribución por capítulos de la CIE;Mujeres;1,34
Total Nacional;16 País Vasco;Malformaciones congénitas, deformidades y anomalías cromosómicas;Tasa estandarizada de APVP (tanto por cien mil);Hombres;36,84
Total Nacional;16 País Vasco;Malformaciones congénitas, deformidades y anomalías cromosómicas;Tasa estandarizada de APVP (tanto por cien mil);Mujeres;40,30
Total Nacional;16 País Vasco;Malformaciones congénitas, deformidades y anomalías cromosómicas;Nº medio de APVP;Hombres;21,75
Total Nacional;16 País Vasco;Malformaciones congénitas, deformidades y anomalías cromosómicas;Nº medio de APVP;Mujeres;24,44
Total Nacional;16 País Vasco;Síntomas, signos y hallazgos anormales clínicos y de laboratorio, no clasificados en otra parte;Nº de APVP;Hombres;760,00
Total Nacional;16 País Vasco;Síntomas, signos y hallazgos anormales clínicos y de laboratorio, no clasificados en otra parte;Nº de APVP;Mujeres;162,50
Total Nacional;16 País Vasco;Síntomas, signos y hallazgos anormales clínicos y de laboratorio, no clasificados en otra parte;Distribución por capítulos de la CIE;Hombres;1,22
Total Nacional;16 País Vasco;Síntomas, signos y hallazgos anormales clínicos y de laboratorio, no clasificados en otra parte;Distribución por capítulos de la CIE;Mujeres;0,49
Total Nacional;16 País Vasco;Síntomas, signos y hallazgos anormales clínicos y de laboratorio, no clasificados en otra parte;Tasa estandarizada de APVP (tanto por cien mil);Hombres;67,09
Total Nacional;16 País Vasco;Síntomas, signos y hallazgos anormales clínicos y de laboratorio, no clasificados en otra parte;Tasa estandarizada de APVP (tanto por cien mil);Mujeres;13,61
Total Nacional;16 País Vasco;Síntomas, signos y hallazgos anormales clínicos y de laboratorio, no clasificados en otra parte;Nº medio de APVP;Hombres;15,83
Total Nacional;16 País Vasco;Síntomas, signos y hallazgos anormales clínicos y de laboratorio, no clasificados en otra parte;Nº medio de APVP;Mujeres;9,56
Total Nacional;16 País Vasco;Causas externas de mortalidad;Nº de APVP;Hombres;8.447,00
Total Nacional;16 País Vasco;Causas externas de mortalidad;Nº de APVP;Mujeres;2.625,00
Total Nacional;16 País Vasco;Causas externas de mortalidad;Distribución por capítulos de la CIE;Hombres;13,55
Total Nacional;16 País Vasco;Causas externas de mortalidad;Distribución por capítulos de la CIE;Mujeres;7,97
Total Nacional;16 País Vasco;Causas externas de mortalidad;Tasa estandarizada de APVP (tanto por cien mil);Hombres;797,19
Total Nacional;16 País Vasco;Causas externas de mortalidad;Tasa estandarizada de APVP (tanto por cien mil);Mujeres;247,75
Total Nacional;16 País Vasco;Causas externas de mortalidad;Nº medio de APVP;Hombres;24,48
Total Nacional;16 País Vasco;Causas externas de mortalidad;Nº medio de APVP;Mujeres;22,63
Total Nacional;17 Rioja, La;Enfermedades infecciosas y parasitarias;Nº de APVP;Hombres;185,00
Total Nacional;17 Rioja, La;Enfermedades infecciosas y parasitarias;Nº de APVP;Mujeres;152,50
Total Nacional;17 Rioja, La;Enfermedades infecciosas y parasitarias;Distribución por capítulos de la CIE;Hombres;1,92
Total Nacional;17 Rioja, La;Enfermedades infecciosas y parasitarias;Distribución por capítulos de la CIE;Mujeres;3,06
Total Nacional;17 Rioja, La;Enfermedades infecciosas y parasitarias;Tasa estandarizada de APVP (tanto por cien mil);Hombres;106,12
Total Nacional;17 Rioja, La;Enfermedades infecciosas y parasitarias;Tasa estandarizada de APVP (tanto por cien mil);Mujeres;96,08
Total Nacional;17 Rioja, La;Enfermedades infecciosas y parasitarias;Nº medio de APVP;Hombres;15,42
Total Nacional;17 Rioja, La;Enfermedades infecciosas y parasitarias;Nº medio de APVP;Mujeres;13,86
Total Nacional;17 Rioja, La;Tumores;Nº de APVP;Hombres;3.422,50
Total Nacional;17 Rioja, La;Tumores;Nº de APVP;Mujeres;2.410,00
Total Nacional;17 Rioja, La;Tumores;Distribución por capítulos de la CIE;Hombres;35,60
Total Nacional;17 Rioja, La;Tumores;Distribución por capítulos de la CIE;Mujeres;48,42
Total Nacional;17 Rioja, La;Tumores;Tasa estandarizada de APVP (tanto por cien mil);Hombres;2.117,97
Total Nacional;17 Rioja, La;Tumores;Tasa estandarizada de APVP (tanto por cien mil);Mujeres;1.421,42
Total Nacional;17 Rioja, La;Tumores;Nº medio de APVP;Hombres;11,60
Total Nacional;17 Rioja, La;Tumores;Nº medio de APVP;Mujeres;13,39
Total Nacional;17 Rioja, La;Enfermedades sangre y de órganos hematopoyéticos, y ciertos trastornos que afectan al mecanismo de la inmunidad;Nº de APVP;Hombres;7,50
Total Nacional;17 Rioja, La;Enfermedades sangre y de órganos hematopoyéticos, y ciertos trastornos que afectan al mecanismo de la inmunidad;Nº de APVP;Mujeres;42,50
Total Nacional;17 Rioja, La;Enfermedades sangre y de órganos hematopoyéticos, y ciertos trastornos que afectan al mecanismo de la inmunidad;Distribución por capítulos de la CIE;Hombres;0,08
Total Nacional;17 Rioja, La;Enfermedades sangre y de órganos hematopoyéticos, y ciertos trastornos que afectan al mecanismo de la inmunidad;Distribución por capítulos de la CIE;Mujeres;0,85
Total Nacional;17 Rioja, La;Enfermedades sangre y de órganos hematopoyéticos, y ciertos trastornos que afectan al mecanismo de la inmunidad;Tasa estandarizada de APVP (tanto por cien mil);Hombres;5,14
Total Nacional;17 Rioja, La;Enfermedades sangre y de órganos hematopoyéticos, y ciertos trastornos que afectan al mecanismo de la inmunidad;Tasa estandarizada de APVP (tanto por cien mil);Mujeres;32,90
Total Nacional;17 Rioja, La;Enfermedades sangre y de órganos hematopoyéticos, y ciertos trastornos que afectan al mecanismo de la inmunidad;Nº medio de APVP;Hombres;7,50
Total Nacional;17 Rioja, La;Enfermedades sangre y de órganos hematopoyéticos, y ciertos trastornos que afectan al mecanismo de la inmunidad;Nº medio de APVP;Mujeres;42,50
Total Nacional;17 Rioja, La;Enfermedades endocrinas, nutricionales y metabólicas;Nº de APVP;Hombres;350,00
Total Nacional;17 Rioja, La;Enfermedades endocrinas, nutricionales y metabólicas;Nº de APVP;Mujeres;125,00
Total Nacional;17 Rioja, La;Enfermedades endocrinas, nutricionales y metabólicas;Distribución por capítulos de la CIE;Hombres;3,64
Total Nacional;17 Rioja, La;Enfermedades endocrinas, nutricionales y metabólicas;Distribución por capítulos de la CIE;Mujeres;2,51
Total Nacional;17 Rioja, La;Enfermedades endocrinas, nutricionales y metabólicas;Tasa estandarizada de APVP (tanto por cien mil);Hombres;225,73
Total Nacional;17 Rioja, La;Enfermedades endocrinas, nutricionales y metabólicas;Tasa estandarizada de APVP (tanto por cien mil);Mujeres;73,44
Total Nacional;17 Rioja, La;Enfermedades endocrinas, nutricionales y metabólicas;Nº medio de APVP;Hombres;12,50
Total Nacional;17 Rioja, La;Enfermedades endocrinas, nutricionales y metabólicas;Nº medio de APVP;Mujeres;10,42
Total Nacional;17 Rioja, La;Trastornos mentales y del comportamiento;Nº de APVP;Hombres;147,50
Total Nacional;17 Rioja, La;Trastornos mentales y del comportamiento;Nº de APVP;Mujeres;75,00
Total Nacional;17 Rioja, La;Trastornos mentales y del comportamiento;Distribución por capítulos de la CIE;Hombres;1,53
Total Nacional;17 Rioja, La;Trastornos mentales y del comportamiento;Distribución por capítulos de la CIE;Mujeres;1,51
Total Nacional;17 Rioja, La;Trastornos mentales y del comportamiento;Tasa estandarizada de APVP (tanto por cien mil);Hombres;90,10
Total Nacional;17 Rioja, La;Trastornos mentales y del comportamiento;Tasa estandarizada de APVP (tanto por cien mil);Mujeres;51,92
Total Nacional;17 Rioja, La;Trastornos mentales y del comportamiento;Nº medio de APVP;Hombres;9,83
Total Nacional;17 Rioja, La;Trastornos mentales y del comportamiento;Nº medio de APVP;Mujeres;9,38
Total Nacional;17 Rioja, La;Enfermedades del sistema nervioso y de los órganos de los sentidos;Nº de APVP;Hombres;754,50
Total Nacional;17 Rioja, La;Enfermedades del sistema nervioso y de los órganos de los sentidos;Nº de APVP;Mujeres;390,00
Total Nacional;17 Rioja, La;Enfermedades del sistema nervioso y de los órganos de los sentidos;Distribución por capítulos de la CIE;Hombres;7,85
Total Nacional;17 Rioja, La;Enfermedades del sistema nervioso y de los órganos de los sentidos;Distribución por capítulos de la CIE;Mujeres;7,84
Total Nacional;17 Rioja, La;Enfermedades del sistema nervioso y de los órganos de los sentidos;Tasa estandarizada de APVP (tanto por cien mil);Hombres;514,76
Total Nacional;17 Rioja, La;Enfermedades del sistema nervioso y de los órganos de los sentidos;Tasa estandarizada de APVP (tanto por cien mil);Mujeres;227,43
Total Nacional;17 Rioja, La;Enfermedades del sistema nervioso y de los órganos de los sentidos;Nº medio de APVP;Hombres;16,40
Total Nacional;17 Rioja, La;Enfermedades del sistema nervioso y de los órganos de los sentidos;Nº medio de APVP;Mujeres;9,75
Total Nacional;17 Rioja, La;Enfermedades del sistema circulatorio;Nº de APVP;Hombres;2.245,00
Total Nacional;17 Rioja, La;Enfermedades del sistema circulatorio;Nº de APVP;Mujeres;575,00
Total Nacional;17 Rioja, La;Enfermedades del sistema circulatorio;Distribución por capítulos de la CIE;Hombres;23,35
Total Nacional;17 Rioja, La;Enfermedades del sistema circulatorio;Distribución por capítulos de la CIE;Mujeres;11,55
Total Nacional;17 Rioja, La;Enfermedades del sistema circulatorio;Tasa estandarizada de APVP (tanto por cien mil);Hombres;1.364,85
Total Nacional;17 Rioja, La;Enfermedades del sistema circulatorio;Tasa estandarizada de APVP (tanto por cien mil);Mujeres;337,64
Total Nacional;17 Rioja, La;Enfermedades del sistema circulatorio;Nº medio de APVP;Hombres;13,86
Total Nacional;17 Rioja, La;Enfermedades del sistema circulatorio;Nº medio de APVP;Mujeres;10,27
Total Nacional;17 Rioja, La;Enfermedades del sistema respiratorio;Nº de APVP;Hombres;552,50
Total Nacional;17 Rioja, La;Enfermedades del sistema respiratorio;Nº de APVP;Mujeres;257,50
Total Nacional;17 Rioja, La;Enfermedades del sistema respiratorio;Distribución por capítulos de la CIE;Hombres;5,75
Total Nacional;17 Rioja, La;Enfermedades del sistema respiratorio;Distribución por capítulos de la CIE;Mujeres;5,17
Total Nacional;17 Rioja, La;Enfermedades del sistema respiratorio;Tasa estandarizada de APVP (tanto por cien mil);Hombres;345,90
Total Nacional;17 Rioja, La;Enfermedades del sistema respiratorio;Tasa estandarizada de APVP (tanto por cien mil);Mujeres;174,36
Total Nacional;17 Rioja, La;Enfermedades del sistema respiratorio;Nº medio de APVP;Hombres;8,77
Total Nacional;17 Rioja, La;Enfermedades del sistema respiratorio;Nº medio de APVP;Mujeres;10,30
Total Nacional;17 Rioja, La;Enfermedades del sistema digestivo;Nº de APVP;Hombres;565,00
Total Nacional;17 Rioja, La;Enfermedades del sistema digestivo;Nº de APVP;Mujeres;240,00
Total Nacional;17 Rioja, La;Enfermedades del sistema digestivo;Distribución por capítulos de la CIE;Hombres;5,88
Total Nacional;17 Rioja, La;Enfermedades del sistema digestivo;Distribución por capítulos de la CIE;Mujeres;4,82
Total Nacional;17 Rioja, La;Enfermedades del sistema digestivo;Tasa estandarizada de APVP (tanto por cien mil);Hombres;331,10
Total Nacional;17 Rioja, La;Enfermedades del sistema digestivo;Tasa estandarizada de APVP (tanto por cien mil);Mujeres;138,81
Total Nacional;17 Rioja, La;Enfermedades del sistema digestivo;Nº medio de APVP;Hombres;14,13
Total Nacional;17 Rioja, La;Enfermedades del sistema digestivo;Nº medio de APVP;Mujeres;15,00
Total Nacional;17 Rioja, La;Enfermedades de la piel y del tejido subcutáneo;Nº de APVP;Hombres;10,00
Total Nacional;17 Rioja, La;Enfermedades de la piel y del tejido subcutáneo;Nº de APVP;Mujeres;10,00
Total Nacional;17 Rioja, La;Enfermedades de la piel y del tejido subcutáneo;Distribución por capítulos de la CIE;Hombres;0,10
Total Nacional;17 Rioja, La;Enfermedades de la piel y del tejido subcutáneo;Distribución por capítulos de la CIE;Mujeres;0,20
Total Nacional;17 Rioja, La;Enfermedades de la piel y del tejido subcutáneo;Tasa estandarizada de APVP (tanto por cien mil);Hombres;6,78
Total Nacional;17 Rioja, La;Enfermedades de la piel y del tejido subcutáneo;Tasa estandarizada de APVP (tanto por cien mil);Mujeres;6,23
Total Nacional;17 Rioja, La;Enfermedades de la piel y del tejido subcutáneo;Nº medio de APVP;Hombres;5,00
Total Nacional;17 Rioja, La;Enfermedades de la piel y del tejido subcutáneo;Nº medio de APVP;Mujeres;5,00
Total Nacional;17 Rioja, La;Enfermedades del sistema osteomuscular y del tejido conjuntivo;Nº de APVP;Hombres;67,50
Total Nacional;17 Rioja, La;Enfermedades del sistema osteomuscular y del tejido conjuntivo;Nº de APVP;Mujeres;65,00
Total Nacional;17 Rioja, La;Enfermedades del sistema osteomuscular y del tejido conjuntivo;Distribución por capítulos de la CIE;Hombres;0,70
Total Nacional;17 Rioja, La;Enfermedades del sistema osteomuscular y del tejido conjuntivo;Distribución por capítulos de la CIE;Mujeres;1,31
Total Nacional;17 Rioja, La;Enfermedades del sistema osteomuscular y del tejido conjuntivo;Tasa estandarizada de APVP (tanto por cien mil);Hombres;39,13
Total Nacional;17 Rioja, La;Enfermedades del sistema osteomuscular y del tejido conjuntivo;Tasa estandarizada de APVP (tanto por cien mil);Mujeres;38,04
Total Nacional;17 Rioja, La;Enfermedades del sistema osteomuscular y del tejido conjuntivo;Nº medio de APVP;Hombres;13,50
Total Nacional;17 Rioja, La;Enfermedades del sistema osteomuscular y del tejido conjuntivo;Nº medio de APVP;Mujeres;16,25
Total Nacional;17 Rioja, La;Enfermedades del sistema genitourinario;Nº de APVP;Hombres;102,50
Total Nacional;17 Rioja, La;Enfermedades del sistema genitourinario;Nº de APVP;Mujeres;50,00
Total Nacional;17 Rioja, La;Enfermedades del sistema genitourinario;Distribución por capítulos de la CIE;Hombres;1,07
Total Nacional;17 Rioja, La;Enfermedades del sistema genitourinario;Distribución por capítulos de la CIE;Mujeres;1,00
Total Nacional;17 Rioja, La;Enfermedades del sistema genitourinario;Tasa estandarizada de APVP (tanto por cien mil);Hombres;72,85
Total Nacional;17 Rioja, La;Enfermedades del sistema genitourinario;Tasa estandarizada de APVP (tanto por cien mil);Mujeres;28,94
Total Nacional;17 Rioja, La;Enfermedades del sistema genitourinario;Nº medio de APVP;Hombres;9,32
Total Nacional;17 Rioja, La;Enfermedades del sistema genitourinario;Nº medio de APVP;Mujeres;8,33
Total Nacional;17 Rioja, La;Embarazo, parto y puerperio;Nº de APVP;Hombres;..
Total Nacional;17 Rioja, La;Embarazo, parto y puerperio;Nº de APVP;Mujeres;..
Total Nacional;17 Rioja, La;Embarazo, parto y puerperio;Distribución por capítulos de la CIE;Hombres;..
Total Nacional;17 Rioja, La;Embarazo, parto y puerperio;Distribución por capítulos de la CIE;Mujeres;..
Total Nacional;17 Rioja, La;Embarazo, parto y puerperio;Tasa estandarizada de APVP (tanto por cien mil);Hombres;..
Total Nacional;17 Rioja, La;Embarazo, parto y puerperio;Tasa estandarizada de APVP (tanto por cien mil);Mujeres;..
Total Nacional;17 Rioja, La;Embarazo, parto y puerperio;Nº medio de APVP;Hombres;..
Total Nacional;17 Rioja, La;Embarazo, parto y puerperio;Nº medio de APVP;Mujeres;..
Total Nacional;17 Rioja, La;Afecciones originadas en el periodo perinatal;Nº de APVP;Hombres;..
Total Nacional;17 Rioja, La;Afecciones originadas en el periodo perinatal;Nº de APVP;Mujeres;..
Total Nacional;17 Rioja, La;Afecciones originadas en el periodo perinatal;Distribución por capítulos de la CIE;Hombres;..
Total Nacional;17 Rioja, La;Afecciones originadas en el periodo perinatal;Distribución por capítulos de la CIE;Mujeres;..
Total Nacional;17 Rioja, La;Afecciones originadas en el periodo perinatal;Tasa estandarizada de APVP (tanto por cien mil);Hombres;..
Total Nacional;17 Rioja, La;Afecciones originadas en el periodo perinatal;Tasa estandarizada de APVP (tanto por cien mil);Mujeres;..
Total Nacional;17 Rioja, La;Afecciones originadas en el periodo perinatal;Nº medio de APVP;Hombres;..
Total Nacional;17 Rioja, La;Afecciones originadas en el periodo perinatal;Nº medio de APVP;Mujeres;..
Total Nacional;17 Rioja, La;Malformaciones congénitas, deformidades y anomalías cromosómicas;Nº de APVP;Hombres;79,50
Total Nacional;17 Rioja, La;Malformaciones congénitas, deformidades y anomalías cromosómicas;Nº de APVP;Mujeres;42,50
Total Nacional;17 Rioja, La;Malformaciones congénitas, deformidades y anomalías cromosómicas;Distribución por capítulos de la CIE;Hombres;0,83
Total Nacional;17 Rioja, La;Malformaciones congénitas, deformidades y anomalías cromosómicas;Distribución por capítulos de la CIE;Mujeres;0,85
Total Nacional;17 Rioja, La;Malformaciones congénitas, deformidades y anomalías cromosómicas;Tasa estandarizada de APVP (tanto por cien mil);Hombres;70,00
Total Nacional;17 Rioja, La;Malformaciones congénitas, deformidades y anomalías cromosómicas;Tasa estandarizada de APVP (tanto por cien mil);Mujeres;32,90
Total Nacional;17 Rioja, La;Malformaciones congénitas, deformidades y anomalías cromosómicas;Nº medio de APVP;Hombres;39,75
Total Nacional;17 Rioja, La;Malformaciones congénitas, deformidades y anomalías cromosómicas;Nº medio de APVP;Mujeres;42,50
Total Nacional;17 Rioja, La;Síntomas, signos y hallazgos anormales clínicos y de laboratorio, no clasificados en otra parte;Nº de APVP;Hombres;22,50
Total Nacional;17 Rioja, La;Síntomas, signos y hallazgos anormales clínicos y de laboratorio, no clasificados en otra parte;Nº de APVP;Mujeres;..
Total Nacional;17 Rioja, La;Síntomas, signos y hallazgos anormales clínicos y de laboratorio, no clasificados en otra parte;Distribución por capítulos de la CIE;Hombres;0,23
Total Nacional;17 Rioja, La;Síntomas, signos y hallazgos anormales clínicos y de laboratorio, no clasificados en otra parte;Distribución por capítulos de la CIE;Mujeres;..
Total Nacional;17 Rioja, La;Síntomas, signos y hallazgos anormales clínicos y de laboratorio, no clasificados en otra parte;Tasa estandarizada de APVP (tanto por cien mil);Hombres;12,99
Total Nacional;17 Rioja, La;Síntomas, signos y hallazgos anormales clínicos y de laboratorio, no clasificados en otra parte;Tasa estandarizada de APVP (tanto por cien mil);Mujeres;..
Total Nacional;17 Rioja, La;Síntomas, signos y hallazgos anormales clínicos y de laboratorio, no clasificados en otra parte;Nº medio de APVP;Hombres;22,50
Total Nacional;17 Rioja, La;Síntomas, signos y hallazgos anormales clínicos y de laboratorio, no clasificados en otra parte;Nº medio de APVP;Mujeres;..
Total Nacional;17 Rioja, La;Causas externas de mortalidad;Nº de APVP;Hombres;1.102,50
Total Nacional;17 Rioja, La;Causas externas de mortalidad;Nº de APVP;Mujeres;542,00
Total Nacional;17 Rioja, La;Causas externas de mortalidad;Distribución por capítulos de la CIE;Hombres;11,47
Total Nacional;17 Rioja, La;Causas externas de mortalidad;Distribución por capítulos de la CIE;Mujeres;10,89
Total Nacional;17 Rioja, La;Causas externas de mortalidad;Tasa estandarizada de APVP (tanto por cien mil);Hombres;727,72
Total Nacional;17 Rioja, La;Causas externas de mortalidad;Tasa estandarizada de APVP (tanto por cien mil);Mujeres;366,59
Total Nacional;17 Rioja, La;Causas externas de mortalidad;Nº medio de APVP;Hombres;21,62
Total Nacional;17 Rioja, La;Causas externas de mortalidad;Nº medio de APVP;Mujeres;18,69
Total Nacional;18 Ceuta;Enfermedades infecciosas y parasitarias;Nº de APVP;Hombres;70,00
Total Nacional;18 Ceuta;Enfermedades infecciosas y parasitarias;Nº de APVP;Mujeres;47,50
Total Nacional;18 Ceuta;Enfermedades infecciosas y parasitarias;Distribución por capítulos de la CIE;Hombres;3,07
Total Nacional;18 Ceuta;Enfermedades infecciosas y parasitarias;Distribución por capítulos de la CIE;Mujeres;3,93
Total Nacional;18 Ceuta;Enfermedades infecciosas y parasitarias;Tasa estandarizada de APVP (tanto por cien mil);Hombres;196,41
Total Nacional;18 Ceuta;Enfermedades infecciosas y parasitarias;Tasa estandarizada de APVP (tanto por cien mil);Mujeres;121,16
Total Nacional;18 Ceuta;Enfermedades infecciosas y parasitarias;Nº medio de APVP;Hombres;11,67
Total Nacional;18 Ceuta;Enfermedades infecciosas y parasitarias;Nº medio de APVP;Mujeres;15,83
Total Nacional;18 Ceuta;Tumores;Nº de APVP;Hombres;697,50
Total Nacional;18 Ceuta;Tumores;Nº de APVP;Mujeres;545,00
Total Nacional;18 Ceuta;Tumores;Distribución por capítulos de la CIE;Hombres;30,57
Total Nacional;18 Ceuta;Tumores;Distribución por capítulos de la CIE;Mujeres;45,04
Total Nacional;18 Ceuta;Tumores;Tasa estandarizada de APVP (tanto por cien mil);Hombres;1.894,43
Total Nacional;18 Ceuta;Tumores;Tasa estandarizada de APVP (tanto por cien mil);Mujeres;1.529,97
Total Nacional;18 Ceuta;Tumores;Nº medio de APVP;Hombres;13,68
Total Nacional;18 Ceuta;Tumores;Nº medio de APVP;Mujeres;14,34
Total Nacional;18 Ceuta;Enfermedades sangre y de órganos hematopoyéticos, y ciertos trastornos que afectan al mecanismo de la inmunidad;Nº de APVP;Hombres;..
Total Nacional;18 Ceuta;Enfermedades sangre y de órganos hematopoyéticos, y ciertos trastornos que afectan al mecanismo de la inmunidad;Nº de APVP;Mujeres;22,50
Total Nacional;18 Ceuta;Enfermedades sangre y de órganos hematopoyéticos, y ciertos trastornos que afectan al mecanismo de la inmunidad;Distribución por capítulos de la CIE;Hombres;..
Total Nacional;18 Ceuta;Enfermedades sangre y de órganos hematopoyéticos, y ciertos trastornos que afectan al mecanismo de la inmunidad;Distribución por capítulos de la CIE;Mujeres;1,86
Total Nacional;18 Ceuta;Enfermedades sangre y de órganos hematopoyéticos, y ciertos trastornos que afectan al mecanismo de la inmunidad;Tasa estandarizada de APVP (tanto por cien mil);Hombres;..
Total Nacional;18 Ceuta;Enfermedades sangre y de órganos hematopoyéticos, y ciertos trastornos que afectan al mecanismo de la inmunidad;Tasa estandarizada de APVP (tanto por cien mil);Mujeres;57,90
Total Nacional;18 Ceuta;Enfermedades sangre y de órganos hematopoyéticos, y ciertos trastornos que afectan al mecanismo de la inmunidad;Nº medio de APVP;Hombres;..
Total Nacional;18 Ceuta;Enfermedades sangre y de órganos hematopoyéticos, y ciertos trastornos que afectan al mecanismo de la inmunidad;Nº medio de APVP;Mujeres;22,50
Total Nacional;18 Ceuta;Enfermedades endocrinas, nutricionales y metabólicas;Nº de APVP;Hombres;82,50
Total Nacional;18 Ceuta;Enfermedades endocrinas, nutricionales y metabólicas;Nº de APVP;Mujeres;37,50
Total Nacional;18 Ceuta;Enfermedades endocrinas, nutricionales y metabólicas;Distribución por capítulos de la CIE;Hombres;3,62
Total Nacional;18 Ceuta;Enfermedades endocrinas, nutricionales y metabólicas;Distribución por capítulos de la CIE;Mujeres;3,10
Total Nacional;18 Ceuta;Enfermedades endocrinas, nutricionales y metabólicas;Tasa estandarizada de APVP (tanto por cien mil);Hombres;263,05
Total Nacional;18 Ceuta;Enfermedades endocrinas, nutricionales y metabólicas;Tasa estandarizada de APVP (tanto por cien mil);Mujeres;117,39
Total Nacional;18 Ceuta;Enfermedades endocrinas, nutricionales y metabólicas;Nº medio de APVP;Hombres;9,17
Total Nacional;18 Ceuta;Enfermedades endocrinas, nutricionales y metabólicas;Nº medio de APVP;Mujeres;7,50
Total Nacional;18 Ceuta;Trastornos mentales y del comportamiento;Nº de APVP;Hombres;2,50
Total Nacional;18 Ceuta;Trastornos mentales y del comportamiento;Nº de APVP;Mujeres;..
Total Nacional;18 Ceuta;Trastornos mentales y del comportamiento;Distribución por capítulos de la CIE;Hombres;0,11
Total Nacional;18 Ceuta;Trastornos mentales y del comportamiento;Distribución por capítulos de la CIE;Mujeres;..
Total Nacional;18 Ceuta;Trastornos mentales y del comportamiento;Tasa estandarizada de APVP (tanto por cien mil);Hombres;11,96
Total Nacional;18 Ceuta;Trastornos mentales y del comportamiento;Tasa estandarizada de APVP (tanto por cien mil);Mujeres;..
Total Nacional;18 Ceuta;Trastornos mentales y del comportamiento;Nº medio de APVP;Hombres;2,50
Total Nacional;18 Ceuta;Trastornos mentales y del comportamiento;Nº medio de APVP;Mujeres;..
Total Nacional;18 Ceuta;Enfermedades del sistema nervioso y de los órganos de los sentidos;Nº de APVP;Hombres;57,50
Total Nacional;18 Ceuta;Enfermedades del sistema nervioso y de los órganos de los sentidos;Nº de APVP;Mujeres;70,00
Total Nacional;18 Ceuta;Enfermedades del sistema nervioso y de los órganos de los sentidos;Distribución por capítulos de la CIE;Hombres;2,52
Total Nacional;18 Ceuta;Enfermedades del sistema nervioso y de los órganos de los sentidos;Distribución por capítulos de la CIE;Mujeres;5,79
Total Nacional;18 Ceuta;Enfermedades del sistema nervioso y de los órganos de los sentidos;Tasa estandarizada de APVP (tanto por cien mil);Hombres;160,77
Total Nacional;18 Ceuta;Enfermedades del sistema nervioso y de los órganos de los sentidos;Tasa estandarizada de APVP (tanto por cien mil);Mujeres;196,10
Total Nacional;18 Ceuta;Enfermedades del sistema nervioso y de los órganos de los sentidos;Nº medio de APVP;Hombres;11,50
Total Nacional;18 Ceuta;Enfermedades del sistema nervioso y de los órganos de los sentidos;Nº medio de APVP;Mujeres;11,67
Total Nacional;18 Ceuta;Enfermedades del sistema circulatorio;Nº de APVP;Hombres;620,00
Total Nacional;18 Ceuta;Enfermedades del sistema circulatorio;Nº de APVP;Mujeres;185,00
Total Nacional;18 Ceuta;Enfermedades del sistema circulatorio;Distribución por capítulos de la CIE;Hombres;27,17
Total Nacional;18 Ceuta;Enfermedades del sistema circulatorio;Distribución por capítulos de la CIE;Mujeres;15,29
Total Nacional;18 Ceuta;Enfermedades del sistema circulatorio;Tasa estandarizada de APVP (tanto por cien mil);Hombres;1.704,47
Total Nacional;18 Ceuta;Enfermedades del sistema circulatorio;Tasa estandarizada de APVP (tanto por cien mil);Mujeres;551,68
Total Nacional;18 Ceuta;Enfermedades del sistema circulatorio;Nº medio de APVP;Hombres;14,76
Total Nacional;18 Ceuta;Enfermedades del sistema circulatorio;Nº medio de APVP;Mujeres;10,28
Total Nacional;18 Ceuta;Enfermedades del sistema respiratorio;Nº de APVP;Hombres;210,00
Total Nacional;18 Ceuta;Enfermedades del sistema respiratorio;Nº de APVP;Mujeres;90,00
Total Nacional;18 Ceuta;Enfermedades del sistema respiratorio;Distribución por capítulos de la CIE;Hombres;9,20
Total Nacional;18 Ceuta;Enfermedades del sistema respiratorio;Distribución por capítulos de la CIE;Mujeres;7,44
Total Nacional;18 Ceuta;Enfermedades del sistema respiratorio;Tasa estandarizada de APVP (tanto por cien mil);Hombres;627,42
Total Nacional;18 Ceuta;Enfermedades del sistema respiratorio;Tasa estandarizada de APVP (tanto por cien mil);Mujeres;287,00
Total Nacional;18 Ceuta;Enfermedades del sistema respiratorio;Nº medio de APVP;Hombres;10,50
Total Nacional;18 Ceuta;Enfermedades del sistema respiratorio;Nº medio de APVP;Mujeres;9,00
Total Nacional;18 Ceuta;Enfermedades del sistema digestivo;Nº de APVP;Hombres;105,00
Total Nacional;18 Ceuta;Enfermedades del sistema digestivo;Nº de APVP;Mujeres;102,50
Total Nacional;18 Ceuta;Enfermedades del sistema digestivo;Distribución por capítulos de la CIE;Hombres;4,60
Total Nacional;18 Ceuta;Enfermedades del sistema digestivo;Distribución por capítulos de la CIE;Mujeres;8,47
Total Nacional;18 Ceuta;Enfermedades del sistema digestivo;Tasa estandarizada de APVP (tanto por cien mil);Hombres;302,68
Total Nacional;18 Ceuta;Enfermedades del sistema digestivo;Tasa estandarizada de APVP (tanto por cien mil);Mujeres;297,44
Total Nacional;18 Ceuta;Enfermedades del sistema digestivo;Nº medio de APVP;Hombres;13,13
Total Nacional;18 Ceuta;Enfermedades del sistema digestivo;Nº medio de APVP;Mujeres;11,39
Total Nacional;18 Ceuta;Enfermedades de la piel y del tejido subcutáneo;Nº de APVP;Hombres;17,50
Total Nacional;18 Ceuta;Enfermedades de la piel y del tejido subcutáneo;Nº de APVP;Mujeres;2,50
Total Nacional;18 Ceuta;Enfermedades de la piel y del tejido subcutáneo;Distribución por capítulos de la CIE;Hombres;0,77
Total Nacional;18 Ceuta;Enfermedades de la piel y del tejido subcutáneo;Distribución por capítulos de la CIE;Mujeres;0,21
Total Nacional;18 Ceuta;Enfermedades de la piel y del tejido subcutáneo;Tasa estandarizada de APVP (tanto por cien mil);Hombres;41,89
Total Nacional;18 Ceuta;Enfermedades de la piel y del tejido subcutáneo;Tasa estandarizada de APVP (tanto por cien mil);Mujeres;10,12
Total Nacional;18 Ceuta;Enfermedades de la piel y del tejido subcutáneo;Nº medio de APVP;Hombres;17,50
Total Nacional;18 Ceuta;Enfermedades de la piel y del tejido subcutáneo;Nº medio de APVP;Mujeres;2,50
Total Nacional;18 Ceuta;Enfermedades del sistema osteomuscular y del tejido conjuntivo;Nº de APVP;Hombres;..
Total Nacional;18 Ceuta;Enfermedades del sistema osteomuscular y del tejido conjuntivo;Nº de APVP;Mujeres;..
Total Nacional;18 Ceuta;Enfermedades del sistema osteomuscular y del tejido conjuntivo;Distribución por capítulos de la CIE;Hombres;..
Total Nacional;18 Ceuta;Enfermedades del sistema osteomuscular y del tejido conjuntivo;Distribución por capítulos de la CIE;Mujeres;..
Total Nacional;18 Ceuta;Enfermedades del sistema osteomuscular y del tejido conjuntivo;Tasa estandarizada de APVP (tanto por cien mil);Hombres;..
Total Nacional;18 Ceuta;Enfermedades del sistema osteomuscular y del tejido conjuntivo;Tasa estandarizada de APVP (tanto por cien mil);Mujeres;..
Total Nacional;18 Ceuta;Enfermedades del sistema osteomuscular y del tejido conjuntivo;Nº medio de APVP;Hombres;..
Total Nacional;18 Ceuta;Enfermedades del sistema osteomuscular y del tejido conjuntivo;Nº medio de APVP;Mujeres;..
Total Nacional;18 Ceuta;Enfermedades del sistema genitourinario;Nº de APVP;Hombres;52,50
Total Nacional;18 Ceuta;Enfermedades del sistema genitourinario;Nº de APVP;Mujeres;102,50
Total Nacional;18 Ceuta;Enfermedades del sistema genitourinario;Distribución por capítulos de la CIE;Hombres;2,30
Total Nacional;18 Ceuta;Enfermedades del sistema genitourinario;Distribución por capítulos de la CIE;Mujeres;8,47
Total Nacional;18 Ceuta;Enfermedades del sistema genitourinario;Tasa estandarizada de APVP (tanto por cien mil);Hombres;148,22
Total Nacional;18 Ceuta;Enfermedades del sistema genitourinario;Tasa estandarizada de APVP (tanto por cien mil);Mujeres;284,42
Total Nacional;18 Ceuta;Enfermedades del sistema genitourinario;Nº medio de APVP;Hombres;10,50
Total Nacional;18 Ceuta;Enfermedades del sistema genitourinario;Nº medio de APVP;Mujeres;14,64
Total Nacional;18 Ceuta;Embarazo, parto y puerperio;Nº de APVP;Hombres;..
Total Nacional;18 Ceuta;Embarazo, parto y puerperio;Nº de APVP;Mujeres;..
Total Nacional;18 Ceuta;Embarazo, parto y puerperio;Distribución por capítulos de la CIE;Hombres;..
Total Nacional;18 Ceuta;Embarazo, parto y puerperio;Distribución por capítulos de la CIE;Mujeres;..
Total Nacional;18 Ceuta;Embarazo, parto y puerperio;Tasa estandarizada de APVP (tanto por cien mil);Hombres;..
Total Nacional;18 Ceuta;Embarazo, parto y puerperio;Tasa estandarizada de APVP (tanto por cien mil);Mujeres;..
Total Nacional;18 Ceuta;Embarazo, parto y puerperio;Nº medio de APVP;Hombres;..
Total Nacional;18 Ceuta;Embarazo, parto y puerperio;Nº medio de APVP;Mujeres;..
Total Nacional;18 Ceuta;Afecciones originadas en el periodo perinatal;Nº de APVP;Hombres;..
Total Nacional;18 Ceuta;Afecciones originadas en el periodo perinatal;Nº de APVP;Mujeres;..
Total Nacional;18 Ceuta;Afecciones originadas en el periodo perinatal;Distribución por capítulos de la CIE;Hombres;..
Total Nacional;18 Ceuta;Afecciones originadas en el periodo perinatal;Distribución por capítulos de la CIE;Mujeres;..
Total Nacional;18 Ceuta;Afecciones originadas en el periodo perinatal;Tasa estandarizada de APVP (tanto por cien mil);Hombres;..
Total Nacional;18 Ceuta;Afecciones originadas en el periodo perinatal;Tasa estandarizada de APVP (tanto por cien mil);Mujeres;..
Total Nacional;18 Ceuta;Afecciones originadas en el periodo perinatal;Nº medio de APVP;Hombres;..
Total Nacional;18 Ceuta;Afecciones originadas en el periodo perinatal;Nº medio de APVP;Mujeres;..
Total Nacional;18 Ceuta;Malformaciones congénitas, deformidades y anomalías cromosómicas;Nº de APVP;Hombres;..
Total Nacional;18 Ceuta;Malformaciones congénitas, deformidades y anomalías cromosómicas;Nº de APVP;Mujeres;..
Total Nacional;18 Ceuta;Malformaciones congénitas, deformidades y anomalías cromosómicas;Distribución por capítulos de la CIE;Hombres;..
Total Nacional;18 Ceuta;Malformaciones congénitas, deformidades y anomalías cromosómicas;Distribución por capítulos de la CIE;Mujeres;..
Total Nacional;18 Ceuta;Malformaciones congénitas, deformidades y anomalías cromosómicas;Tasa estandarizada de APVP (tanto por cien mil);Hombres;..
Total Nacional;18 Ceuta;Malformaciones congénitas, deformidades y anomalías cromosómicas;Tasa estandarizada de APVP (tanto por cien mil);Mujeres;..
Total Nacional;18 Ceuta;Malformaciones congénitas, deformidades y anomalías cromosómicas;Nº medio de APVP;Hombres;..
Total Nacional;18 Ceuta;Malformaciones congénitas, deformidades y anomalías cromosómicas;Nº medio de APVP;Mujeres;..
Total Nacional;18 Ceuta;Síntomas, signos y hallazgos anormales clínicos y de laboratorio, no clasificados en otra parte;Nº de APVP;Hombres;50,00
Total Nacional;18 Ceuta;Síntomas, signos y hallazgos anormales clínicos y de laboratorio, no clasificados en otra parte;Nº de APVP;Mujeres;5,00
Total Nacional;18 Ceuta;Síntomas, signos y hallazgos anormales clínicos y de laboratorio, no clasificados en otra parte;Distribución por capítulos de la CIE;Hombres;2,19
Total Nacional;18 Ceuta;Síntomas, signos y hallazgos anormales clínicos y de laboratorio, no clasificados en otra parte;Distribución por capítulos de la CIE;Mujeres;0,41
Total Nacional;18 Ceuta;Síntomas, signos y hallazgos anormales clínicos y de laboratorio, no clasificados en otra parte;Tasa estandarizada de APVP (tanto por cien mil);Hombres;133,53
Total Nacional;18 Ceuta;Síntomas, signos y hallazgos anormales clínicos y de laboratorio, no clasificados en otra parte;Tasa estandarizada de APVP (tanto por cien mil);Mujeres;20,24
Total Nacional;18 Ceuta;Síntomas, signos y hallazgos anormales clínicos y de laboratorio, no clasificados en otra parte;Nº medio de APVP;Hombres;12,50
Total Nacional;18 Ceuta;Síntomas, signos y hallazgos anormales clínicos y de laboratorio, no clasificados en otra parte;Nº medio de APVP;Mujeres;2,50
Total Nacional;18 Ceuta;Causas externas de mortalidad;Nº de APVP;Hombres;317,00
Total Nacional;18 Ceuta;Causas externas de mortalidad;Nº de APVP;Mujeres;..
Total Nacional;18 Ceuta;Causas externas de mortalidad;Distribución por capítulos de la CIE;Hombres;13,89
Total Nacional;18 Ceuta;Causas externas de mortalidad;Distribución por capítulos de la CIE;Mujeres;..
Total Nacional;18 Ceuta;Causas externas de mortalidad;Tasa estandarizada de APVP (tanto por cien mil);Hombres;788,69
Total Nacional;18 Ceuta;Causas externas de mortalidad;Tasa estandarizada de APVP (tanto por cien mil);Mujeres;..
Total Nacional;18 Ceuta;Causas externas de mortalidad;Nº medio de APVP;Hombres;35,22
Total Nacional;18 Ceuta;Causas externas de mortalidad;Nº medio de APVP;Mujeres;..
Total Nacional;19 Melilla;Enfermedades infecciosas y parasitarias;Nº de APVP;Hombres;37,50
Total Nacional;19 Melilla;Enfermedades infecciosas y parasitarias;Nº de APVP;Mujeres;5,00
Total Nacional;19 Melilla;Enfermedades infecciosas y parasitarias;Distribución por capítulos de la CIE;Hombres;1,65
Total Nacional;19 Melilla;Enfermedades infecciosas y parasitarias;Distribución por capítulos de la CIE;Mujeres;0,40
Total Nacional;19 Melilla;Enfermedades infecciosas y parasitarias;Tasa estandarizada de APVP (tanto por cien mil);Hombres;108,18
Total Nacional;19 Melilla;Enfermedades infecciosas y parasitarias;Tasa estandarizada de APVP (tanto por cien mil);Mujeres;23,19
Total Nacional;19 Melilla;Enfermedades infecciosas y parasitarias;Nº medio de APVP;Hombres;12,50
Total Nacional;19 Melilla;Enfermedades infecciosas y parasitarias;Nº medio de APVP;Mujeres;2,50
Total Nacional;19 Melilla;Tumores;Nº de APVP;Hombres;930,00
Total Nacional;19 Melilla;Tumores;Nº de APVP;Mujeres;580,00
Total Nacional;19 Melilla;Tumores;Distribución por capítulos de la CIE;Hombres;40,97
Total Nacional;19 Melilla;Tumores;Distribución por capítulos de la CIE;Mujeres;46,03
Total Nacional;19 Melilla;Tumores;Tasa estandarizada de APVP (tanto por cien mil);Hombres;2.529,58
Total Nacional;19 Melilla;Tumores;Tasa estandarizada de APVP (tanto por cien mil);Mujeres;1.634,06
Total Nacional;19 Melilla;Tumores;Nº medio de APVP;Hombres;13,68
Total Nacional;19 Melilla;Tumores;Nº medio de APVP;Mujeres;13,81
Total Nacional;19 Melilla;Enfermedades sangre y de órganos hematopoyéticos, y ciertos trastornos que afectan al mecanismo de la inmunidad;Nº de APVP;Hombres;..
Total Nacional;19 Melilla;Enfermedades sangre y de órganos hematopoyéticos, y ciertos trastornos que afectan al mecanismo de la inmunidad;Nº de APVP;Mujeres;..
Total Nacional;19 Melilla;Enfermedades sangre y de órganos hematopoyéticos, y ciertos trastornos que afectan al mecanismo de la inmunidad;Distribución por capítulos de la CIE;Hombres;..
Total Nacional;19 Melilla;Enfermedades sangre y de órganos hematopoyéticos, y ciertos trastornos que afectan al mecanismo de la inmunidad;Distribución por capítulos de la CIE;Mujeres;..
Total Nacional;19 Melilla;Enfermedades sangre y de órganos hematopoyéticos, y ciertos trastornos que afectan al mecanismo de la inmunidad;Tasa estandarizada de APVP (tanto por cien mil);Hombres;..
Total Nacional;19 Melilla;Enfermedades sangre y de órganos hematopoyéticos, y ciertos trastornos que afectan al mecanismo de la inmunidad;Tasa estandarizada de APVP (tanto por cien mil);Mujeres;..
Total Nacional;19 Melilla;Enfermedades sangre y de órganos hematopoyéticos, y ciertos trastornos que afectan al mecanismo de la inmunidad;Nº medio de APVP;Hombres;..
Total Nacional;19 Melilla;Enfermedades sangre y de órganos hematopoyéticos, y ciertos trastornos que afectan al mecanismo de la inmunidad;Nº medio de APVP;Mujeres;..
Total Nacional;19 Melilla;Enfermedades endocrinas, nutricionales y metabólicas;Nº de APVP;Hombres;132,50
Total Nacional;19 Melilla;Enfermedades endocrinas, nutricionales y metabólicas;Nº de APVP;Mujeres;55,00
Total Nacional;19 Melilla;Enfermedades endocrinas, nutricionales y metabólicas;Distribución por capítulos de la CIE;Hombres;5,84
Total Nacional;19 Melilla;Enfermedades endocrinas, nutricionales y metabólicas;Distribución por capítulos de la CIE;Mujeres;4,37
Total Nacional;19 Melilla;Enfermedades endocrinas, nutricionales y metabólicas;Tasa estandarizada de APVP (tanto por cien mil);Hombres;345,46
Total Nacional;19 Melilla;Enfermedades endocrinas, nutricionales y metabólicas;Tasa estandarizada de APVP (tanto por cien mil);Mujeres;167,98
Total Nacional;19 Melilla;Enfermedades endocrinas, nutricionales y metabólicas;Nº medio de APVP;Hombres;14,72
Total Nacional;19 Melilla;Enfermedades endocrinas, nutricionales y metabólicas;Nº medio de APVP;Mujeres;9,17
Total Nacional;19 Melilla;Trastornos mentales y del comportamiento;Nº de APVP;Hombres;30,00
Total Nacional;19 Melilla;Trastornos mentales y del comportamiento;Nº de APVP;Mujeres;12,50
Total Nacional;19 Melilla;Trastornos mentales y del comportamiento;Distribución por capítulos de la CIE;Hombres;1,32
Total Nacional;19 Melilla;Trastornos mentales y del comportamiento;Distribución por capítulos de la CIE;Mujeres;0,99
Total Nacional;19 Melilla;Trastornos mentales y del comportamiento;Tasa estandarizada de APVP (tanto por cien mil);Hombres;76,80
Total Nacional;19 Melilla;Trastornos mentales y del comportamiento;Tasa estandarizada de APVP (tanto por cien mil);Mujeres;36,20
Total Nacional;19 Melilla;Trastornos mentales y del comportamiento;Nº medio de APVP;Hombres;15,00
Total Nacional;19 Melilla;Trastornos mentales y del comportamiento;Nº medio de APVP;Mujeres;12,50
Total Nacional;19 Melilla;Enfermedades del sistema nervioso y de los órganos de los sentidos;Nº de APVP;Hombres;102,50
Total Nacional;19 Melilla;Enfermedades del sistema nervioso y de los órganos de los sentidos;Nº de APVP;Mujeres;57,50
Total Nacional;19 Melilla;Enfermedades del sistema nervioso y de los órganos de los sentidos;Distribución por capítulos de la CIE;Hombres;4,52
Total Nacional;19 Melilla;Enfermedades del sistema nervioso y de los órganos de los sentidos;Distribución por capítulos de la CIE;Mujeres;4,56
Total Nacional;19 Melilla;Enfermedades del sistema nervioso y de los órganos de los sentidos;Tasa estandarizada de APVP (tanto por cien mil);Hombres;201,03
Total Nacional;19 Melilla;Enfermedades del sistema nervioso y de los órganos de los sentidos;Tasa estandarizada de APVP (tanto por cien mil);Mujeres;172,44
Total Nacional;19 Melilla;Enfermedades del sistema nervioso y de los órganos de los sentidos;Nº medio de APVP;Hombres;34,17
Total Nacional;19 Melilla;Enfermedades del sistema nervioso y de los órganos de los sentidos;Nº medio de APVP;Mujeres;11,50
Total Nacional;19 Melilla;Enfermedades del sistema circulatorio;Nº de APVP;Hombres;477,50
Total Nacional;19 Melilla;Enfermedades del sistema circulatorio;Nº de APVP;Mujeres;247,50
Total Nacional;19 Melilla;Enfermedades del sistema circulatorio;Distribución por capítulos de la CIE;Hombres;21,04
Total Nacional;19 Melilla;Enfermedades del sistema circulatorio;Distribución por capítulos de la CIE;Mujeres;19,64
Total Nacional;19 Melilla;Enfermedades del sistema circulatorio;Tasa estandarizada de APVP (tanto por cien mil);Hombres;1.344,47
Total Nacional;19 Melilla;Enfermedades del sistema circulatorio;Tasa estandarizada de APVP (tanto por cien mil);Mujeres;737,27
Total Nacional;19 Melilla;Enfermedades del sistema circulatorio;Nº medio de APVP;Hombres;13,64
Total Nacional;19 Melilla;Enfermedades del sistema circulatorio;Nº medio de APVP;Mujeres;13,03
Total Nacional;19 Melilla;Enfermedades del sistema respiratorio;Nº de APVP;Hombres;122,50
Total Nacional;19 Melilla;Enfermedades del sistema respiratorio;Nº de APVP;Mujeres;25,00
Total Nacional;19 Melilla;Enfermedades del sistema respiratorio;Distribución por capítulos de la CIE;Hombres;5,40
Total Nacional;19 Melilla;Enfermedades del sistema respiratorio;Distribución por capítulos de la CIE;Mujeres;1,98
Total Nacional;19 Melilla;Enfermedades del sistema respiratorio;Tasa estandarizada de APVP (tanto por cien mil);Hombres;398,15
Total Nacional;19 Melilla;Enfermedades del sistema respiratorio;Tasa estandarizada de APVP (tanto por cien mil);Mujeres;89,70
Total Nacional;19 Melilla;Enfermedades del sistema respiratorio;Nº medio de APVP;Hombres;9,42
Total Nacional;19 Melilla;Enfermedades del sistema respiratorio;Nº medio de APVP;Mujeres;6,25
Total Nacional;19 Melilla;Enfermedades del sistema digestivo;Nº de APVP;Hombres;120,00
Total Nacional;19 Melilla;Enfermedades del sistema digestivo;Nº de APVP;Mujeres;75,00
Total Nacional;19 Melilla;Enfermedades del sistema digestivo;Distribución por capítulos de la CIE;Hombres;5,29
Total Nacional;19 Melilla;Enfermedades del sistema digestivo;Distribución por capítulos de la CIE;Mujeres;5,95
Total Nacional;19 Melilla;Enfermedades del sistema digestivo;Tasa estandarizada de APVP (tanto por cien mil);Hombres;347,84
Total Nacional;19 Melilla;Enfermedades del sistema digestivo;Tasa estandarizada de APVP (tanto por cien mil);Mujeres;216,25
Total Nacional;19 Melilla;Enfermedades del sistema digestivo;Nº medio de APVP;Hombres;12,00
Total Nacional;19 Melilla;Enfermedades del sistema digestivo;Nº medio de APVP;Mujeres;12,50
Total Nacional;19 Melilla;Enfermedades de la piel y del tejido subcutáneo;Nº de APVP;Hombres;..
Total Nacional;19 Melilla;Enfermedades de la piel y del tejido subcutáneo;Nº de APVP;Mujeres;2,50
Total Nacional;19 Melilla;Enfermedades de la piel y del tejido subcutáneo;Distribución por capítulos de la CIE;Hombres;..
Total Nacional;19 Melilla;Enfermedades de la piel y del tejido subcutáneo;Distribución por capítulos de la CIE;Mujeres;0,20
Total Nacional;19 Melilla;Enfermedades de la piel y del tejido subcutáneo;Tasa estandarizada de APVP (tanto por cien mil);Hombres;..
Total Nacional;19 Melilla;Enfermedades de la piel y del tejido subcutáneo;Tasa estandarizada de APVP (tanto por cien mil);Mujeres;11,59
Total Nacional;19 Melilla;Enfermedades de la piel y del tejido subcutáneo;Nº medio de APVP;Hombres;..
Total Nacional;19 Melilla;Enfermedades de la piel y del tejido subcutáneo;Nº medio de APVP;Mujeres;2,50
Total Nacional;19 Melilla;Enfermedades del sistema osteomuscular y del tejido conjuntivo;Nº de APVP;Hombres;..
Total Nacional;19 Melilla;Enfermedades del sistema osteomuscular y del tejido conjuntivo;Nº de APVP;Mujeres;45,00
Total Nacional;19 Melilla;Enfermedades del sistema osteomuscular y del tejido conjuntivo;Distribución por capítulos de la CIE;Hombres;..
Total Nacional;19 Melilla;Enfermedades del sistema osteomuscular y del tejido conjuntivo;Distribución por capítulos de la CIE;Mujeres;3,57
Total Nacional;19 Melilla;Enfermedades del sistema osteomuscular y del tejido conjuntivo;Tasa estandarizada de APVP (tanto por cien mil);Hombres;..
Total Nacional;19 Melilla;Enfermedades del sistema osteomuscular y del tejido conjuntivo;Tasa estandarizada de APVP (tanto por cien mil);Mujeres;118,94
Total Nacional;19 Melilla;Enfermedades del sistema osteomuscular y del tejido conjuntivo;Nº medio de APVP;Hombres;..
Total Nacional;19 Melilla;Enfermedades del sistema osteomuscular y del tejido conjuntivo;Nº medio de APVP;Mujeres;22,50
Total Nacional;19 Melilla;Enfermedades del sistema genitourinario;Nº de APVP;Hombres;42,50
Total Nacional;19 Melilla;Enfermedades del sistema genitourinario;Nº de APVP;Mujeres;12,50
Total Nacional;19 Melilla;Enfermedades del sistema genitourinario;Distribución por capítulos de la CIE;Hombres;1,87
Total Nacional;19 Melilla;Enfermedades del sistema genitourinario;Distribución por capítulos de la CIE;Mujeres;0,99
Total Nacional;19 Melilla;Enfermedades del sistema genitourinario;Tasa estandarizada de APVP (tanto por cien mil);Hombres;145,44
Total Nacional;19 Melilla;Enfermedades del sistema genitourinario;Tasa estandarizada de APVP (tanto por cien mil);Mujeres;53,50
Total Nacional;19 Melilla;Enfermedades del sistema genitourinario;Nº medio de APVP;Hombres;8,50
Total Nacional;19 Melilla;Enfermedades del sistema genitourinario;Nº medio de APVP;Mujeres;4,17
Total Nacional;19 Melilla;Embarazo, parto y puerperio;Nº de APVP;Hombres;..
Total Nacional;19 Melilla;Embarazo, parto y puerperio;Nº de APVP;Mujeres;..
Total Nacional;19 Melilla;Embarazo, parto y puerperio;Distribución por capítulos de la CIE;Hombres;..
Total Nacional;19 Melilla;Embarazo, parto y puerperio;Distribución por capítulos de la CIE;Mujeres;..
Total Nacional;19 Melilla;Embarazo, parto y puerperio;Tasa estandarizada de APVP (tanto por cien mil);Hombres;..
Total Nacional;19 Melilla;Embarazo, parto y puerperio;Tasa estandarizada de APVP (tanto por cien mil);Mujeres;..
Total Nacional;19 Melilla;Embarazo, parto y puerperio;Nº medio de APVP;Hombres;..
Total Nacional;19 Melilla;Embarazo, parto y puerperio;Nº medio de APVP;Mujeres;..
Total Nacional;19 Melilla;Afecciones originadas en el periodo perinatal;Nº de APVP;Hombres;..
Total Nacional;19 Melilla;Afecciones originadas en el periodo perinatal;Nº de APVP;Mujeres;..
Total Nacional;19 Melilla;Afecciones originadas en el periodo perinatal;Distribución por capítulos de la CIE;Hombres;..
Total Nacional;19 Melilla;Afecciones originadas en el periodo perinatal;Distribución por capítulos de la CIE;Mujeres;..
Total Nacional;19 Melilla;Afecciones originadas en el periodo perinatal;Tasa estandarizada de APVP (tanto por cien mil);Hombres;..
Total Nacional;19 Melilla;Afecciones originadas en el periodo perinatal;Tasa estandarizada de APVP (tanto por cien mil);Mujeres;..
Total Nacional;19 Melilla;Afecciones originadas en el periodo perinatal;Nº medio de APVP;Hombres;..
Total Nacional;19 Melilla;Afecciones originadas en el periodo perinatal;Nº medio de APVP;Mujeres;..
Total Nacional;19 Melilla;Malformaciones congénitas, deformidades y anomalías cromosómicas;Nº de APVP;Hombres;..
Total Nacional;19 Melilla;Malformaciones congénitas, deformidades y anomalías cromosómicas;Nº de APVP;Mujeres;27,50
Total Nacional;19 Melilla;Malformaciones congénitas, deformidades y anomalías cromosómicas;Distribución por capítulos de la CIE;Hombres;..
Total Nacional;19 Melilla;Malformaciones congénitas, deformidades y anomalías cromosómicas;Distribución por capítulos de la CIE;Mujeres;2,18
Total Nacional;19 Melilla;Malformaciones congénitas, deformidades y anomalías cromosómicas;Tasa estandarizada de APVP (tanto por cien mil);Hombres;..
Total Nacional;19 Melilla;Malformaciones congénitas, deformidades y anomalías cromosómicas;Tasa estandarizada de APVP (tanto por cien mil);Mujeres;73,18
Total Nacional;19 Melilla;Malformaciones congénitas, deformidades y anomalías cromosómicas;Nº medio de APVP;Hombres;..
Total Nacional;19 Melilla;Malformaciones congénitas, deformidades y anomalías cromosómicas;Nº medio de APVP;Mujeres;27,50
Total Nacional;19 Melilla;Síntomas, signos y hallazgos anormales clínicos y de laboratorio, no clasificados en otra parte;Nº de APVP;Hombres;65,00
Total Nacional;19 Melilla;Síntomas, signos y hallazgos anormales clínicos y de laboratorio, no clasificados en otra parte;Nº de APVP;Mujeres;22,50
Total Nacional;19 Melilla;Síntomas, signos y hallazgos anormales clínicos y de laboratorio, no clasificados en otra parte;Distribución por capítulos de la CIE;Hombres;2,86
Total Nacional;19 Melilla;Síntomas, signos y hallazgos anormales clínicos y de laboratorio, no clasificados en otra parte;Distribución por capítulos de la CIE;Mujeres;1,79
Total Nacional;19 Melilla;Síntomas, signos y hallazgos anormales clínicos y de laboratorio, no clasificados en otra parte;Tasa estandarizada de APVP (tanto por cien mil);Hombres;155,80
Total Nacional;19 Melilla;Síntomas, signos y hallazgos anormales clínicos y de laboratorio, no clasificados en otra parte;Tasa estandarizada de APVP (tanto por cien mil);Mujeres;56,19
Total Nacional;19 Melilla;Síntomas, signos y hallazgos anormales clínicos y de laboratorio, no clasificados en otra parte;Nº medio de APVP;Hombres;32,50
Total Nacional;19 Melilla;Síntomas, signos y hallazgos anormales clínicos y de laboratorio, no clasificados en otra parte;Nº medio de APVP;Mujeres;22,50
Total Nacional;19 Melilla;Causas externas de mortalidad;Nº de APVP;Hombres;210,00
Total Nacional;19 Melilla;Causas externas de mortalidad;Nº de APVP;Mujeres;92,50
Total Nacional;19 Melilla;Causas externas de mortalidad;Distribución por capítulos de la CIE;Hombres;9,25
Total Nacional;19 Melilla;Causas externas de mortalidad;Distribución por capítulos de la CIE;Mujeres;7,34
Total Nacional;19 Melilla;Causas externas de mortalidad;Tasa estandarizada de APVP (tanto por cien mil);Hombres;547,29
Total Nacional;19 Melilla;Causas externas de mortalidad;Tasa estandarizada de APVP (tanto por cien mil);Mujeres;199,85
Total Nacional;19 Melilla;Causas externas de mortalidad;Nº medio de APVP;Hombres;21,00
Total Nacional;19 Melilla;Causas externas de mortalidad;Nº medio de APVP;Mujeres;30,83
